listing_id,city,listed_date,sold_date,bedrooms,area,price
1,Abuja,2024-09-20,2024-03-01,1,56,322000
2,PH,2024-08-31,2024-10-17,2,90,334000
3,PH,2024-08-07,2024-11-09,2,90,428000
4,Ibadan,2024-01-21,2024-04-07,3,112,571000
5,Lagos,2024-05-19,2024-06-22,3,153,519000
6,Lagos,2024-09-26,2024-10-28,2,86,299000
7,PH,2024-06-25,2024-08-21,4,193,557000
8,Ibadan,2024-11-21,2024-01-13,4,2121,851000
9,PH,2024-05-12,2024-09-07,1,74,245000
10,Lagos,2024-10-13,2024-02-07,1,31,208000
11,Abuja,2024-05-28,2024-11-16,5,190,899000
12,PH,2024-01-22,2024-02-02,5,218,469000
13,PH,2024-07-02,2024-09-28,2,74,249000
14,PH,2024-09-03,2024-08-30,4,177,927000
15,Lagos,2024-07-24,2024-07-22,2,84,175000
16,Lagos,2024-06-18,2024-07-30,2,107,471000
17,PH,2024-11-10,2024-02-16,5,199,900000
18,Lagos,2024-08-16,2024-01-04,5,194,958000
19,PH,2024-01-23,2024-02-22,1,39,190000
20,PH,2024-09-10,2024-03-03,3,128,361000
21,Lagos,2024-02-12,2024-06-07,5,217,6520000
22,Abuja,2024-08-30,2024-12-28,1,32,302000
23,Abuja,2024-07-06,2024-10-25,5,226,1159000
24,Abuja,2024-07-15,2024-10-09,2,74,186000
25,Abuja,2024-03-03,2024-04-06,3,151,394000
26,Ibadan,2024-12-25,2024-03-13,5,215,1022000
27,PH,2024-10-09,2024-10-31,4,160,725000
28,Abuja,2024-03-28,2024-09-12,2,83,250000
29,Abuja,2024-03-26,2024-03-20,3,114,422000
30,Lagos,2024-07-24,2024-11-25,4,175,9280000
31,Ibadan,2024-10-12,2024-03-14,5,218,686000
32,Abuja,2024-05-25,2024-08-26,3,152,7720000
33,Abuja,2024-05-04,2024-10-06,5,233,907000
34,Ibadan,2024-08-31,2024-10-30,4,169,988000
35,PH,2024-06-26,2024-11-04,1,30,128000
36,PH,2024-07-23,2024-09-10,2,97,390000
37,PH,2024-05-23,2024-09-11,3,1410,553000
38,Abuja,2024-08-25,2024-01-05,5,206,715000
39,PH,2024-01-13,2024-02-03,1,39,99000
40,Lagos,2024-11-13,2024-12-01,2,915,311000
41,Lagos,2024-09-28,2024-02-18,4,193,848000
42,Lagos,2024-03-19,2024-07-30,2,96,308000
43,Ibadan,2024-01-12,2024-03-08,2,100,315000
44,Abuja,2024-12-25,2024-12-14,3,1399,461000
45,Ibadan,2024-06-04,2024-05-17,2,107,315000
46,PH,2024-10-12,2024-01-08,2,88,241000
47,Abuja,2024-01-24,2024-03-11,2,88,176000
48,PH,2024-01-04,2024-01-25,3,136,306000
49,Abuja,2024-07-20,2024-09-21,3,1313,520000
50,Abuja,2024-04-11,2024-09-29,3,125,277000
51,Ibadan,2024-04-21,2024-08-17,5,228,1131000
52,Ibadan,2024-07-27,2024-10-05,5,228,916000
53,Ibadan,2024-08-06,2024-09-08,1,79,481000
54,Lagos,2024-11-04,2024-11-30,1,77,376000
55,Lagos,2024-07-18,2024-12-27,5,234,690000
56,Abuja,2024-09-23,2024-10-24,1,44,234000
57,PH,2024-10-29,2024-01-16,1,65,197000
58,Abuja,2024-03-14,2024-04-01,4,163,413000
59,PH,2024-08-15,2024-12-26,4,159,721000
60,Lagos,2024-01-29,2024-04-13,2,118,504000
61,Ibadan,2024-12-05,2024-02-20,3,112,411000
62,Ibadan,2024-05-01,2024-08-31,5,223,669000
63,Ibadan,2024-04-24,2024-06-03,1,47,95000
64,Lagos,2024-09-02,2024-11-05,4,188,593000
65,Abuja,2024-08-01,2024-07-13,1,50,86000
66,Lagos,2024-03-22,2024-05-26,3,160,628000
67,Abuja,2024-08-30,2024-01-10,4,172,750000
68,Lagos,2024-09-28,2024-01-06,3,156,425000
69,Ibadan,2024-03-19,2024-05-08,5,212,568000
70,Lagos,2024-06-17,2024-10-01,4,183,694000
71,PH,2024-06-23,2024-10-12,2,87,245000
72,Abuja,2024-09-20,2024-11-30,4,193,854000
73,Ibadan,2024-08-23,2024-11-05,5,197,820000
74,Ibadan,2024-07-27,2024-01-05,4,152,659000
75,Ibadan,2024-10-25,2024-04-04,1,63,271000
76,PH,2024-03-02,2024-05-05,1,452,84000
77,PH,2024-12-13,2024-05-04,1,37,76000
78,Ibadan,2024-11-27,2024-04-12,1,39,195000
79,Lagos,2024-01-18,2024-03-12,2,114,636000
80,Abuja,2024-04-12,2024-06-27,4,173,466000
81,Abuja,2024-04-28,2024-04-11,2,82,246000
82,PH,2024-03-28,2024-04-18,3,111,395000
83,Abuja,2024-05-19,2024-05-14,3,122,435000
84,Ibadan,2024-11-15,2024-01-14,2,106,318000
85,Abuja,2024-09-26,2024-12-16,4,155,601000
86,Ibadan,2024-06-06,2024-09-09,3,112,342000
87,PH,2024-07-22,2024-10-01,3,142,526000
88,PH,2024-10-11,2024-03-26,2,74,184000
89,Lagos,2024-12-29,2024-02-21,2,115,606000
90,Lagos,2024-10-24,2024-04-20,3,157,444000
91,Abuja,2024-08-26,2024-02-07,2,113,383000
92,Ibadan,2024-06-06,2024-07-01,2,81,467000
93,Abuja,2024-02-07,2024-07-14,5,211,816000
94,Abuja,2024-12-18,2024-02-12,5,204,729000
95,Abuja,2024-01-25,2024-07-18,1,76,396000
96,Abuja,2024-03-05,2024-08-14,2,85,285000
97,Lagos,2024-03-05,2024-07-24,4,179,925000
98,PH,2024-02-29,2024-06-06,3,160,618000
99,Lagos,2024-01-30,2024-03-10,1,73,211000
100,Abuja,2024-10-31,2024-03-15,4,175,764000
101,Abuja,2024-12-05,2024-01-03,2,93,290000
102,PH,2024-10-10,2024-10-04,4,162,495000
103,Abuja,2024-05-25,2024-08-08,2,92,259000
104,Ibadan,2024-04-07,2024-08-01,3,134,299000
105,Ibadan,2024-01-07,2024-02-27,5,234,797000
106,Lagos,2024-09-04,2024-01-21,1,49,186000
107,Lagos,2024-06-06,2024-10-24,3,121,376000
108,Lagos,2024-06-19,2024-06-02,2,83,369000
109,Ibadan,2024-08-27,2024-10-02,1,51,380000
110,Ibadan,2024-10-13,2024-10-23,3,153,423000
111,PH,2024-03-24,2024-08-30,3,1270,571000
112,Abuja,2024-11-19,2024-02-17,5,199,828000
113,Ibadan,2024-03-18,2024-06-09,5,212,912000
114,Lagos,2024-10-31,2024-01-13,3,123,549000
115,Ibadan,2024-10-23,2024-04-16,2,85,279000
116,Lagos,2024-11-11,2024-01-25,5,210,903000
117,Abuja,2024-01-10,2024-02-11,2,82,172000
118,Lagos,2024-01-23,2024-02-21,2,117,572000
119,Ibadan,2024-05-09,2024-07-27,2,101,358000
120,Ibadan,2024-05-13,2024-05-30,1,70,411000
121,Ibadan,2024-10-09,2024-04-06,5,232,1070000
122,Ibadan,2024-05-08,2024-10-12,1,77,182000
123,Abuja,2024-11-28,2024-01-15,4,174,664000
124,Lagos,2024-03-10,2024-06-07,3,139,601000
125,PH,2024-06-17,2024-10-09,5,199,957000
126,Abuja,2024-03-08,2024-06-14,4,160,403000
127,PH,2024-08-16,2024-10-31,1,44,203000
128,PH,2024-11-29,2024-03-08,4,169,883000
129,PH,2024-03-22,2024-07-22,4,164,697000
130,PH,2024-03-30,2024-07-01,2,95,345000
131,Abuja,2024-02-01,2024-02-21,5,205,626000
132,Ibadan,2024-12-19,2024-01-29,5,195,658000
133,Lagos,2024-05-26,2024-06-15,5,190,883000
134,PH,2024-12-25,2024-05-29,5,206,877000
135,Abuja,2024-05-09,2024-09-20,5,226,848000
136,PH,2024-03-18,2024-07-19,3,153,385000
137,PH,2024-08-23,2024-09-30,3,111,584000
138,Lagos,2024-03-10,2024-06-20,4,196,907000
139,Abuja,2024-05-12,2024-07-31,2,93,245000
140,Lagos,2024-10-03,2024-02-05,5,236,1076000
141,Lagos,2024-09-22,2024-03-16,5,231,830000
142,Abuja,2024-02-03,2024-05-14,4,153,499000
143,Ibadan,2024-06-04,2024-11-07,3,123,487000
144,Abuja,2024-07-28,2024-11-03,4,182,517000
145,PH,2024-08-09,2024-10-02,5,217,674000
146,Abuja,2024-05-21,2024-06-08,4,160,550000
147,PH,2024-08-12,2024-12-21,5,216,1143000
148,Ibadan,2024-10-11,2024-12-21,5,214,713000
149,Lagos,2024-04-11,2024-09-12,1,30,87000
150,Ibadan,2024-05-20,2024-10-02,5,202,496000
151,PH,2024-01-26,2024-06-07,2,78,268000
152,PH,2024-09-25,2024-12-09,5,230,1090000
153,PH,2024-02-07,2024-06-16,2,103,565000
154,PH,2024-10-15,2024-03-17,4,176,611000
155,PH,2024-01-24,2024-07-07,4,190,625000
156,Abuja,2024-08-23,2024-02-12,5,236,799000
157,Ibadan,2024-08-13,2024-09-26,1,50,265000
158,Ibadan,2024-01-18,2024-04-05,2,108,299000
159,Lagos,2024-02-09,2024-06-30,5,211,597000
160,Lagos,2024-08-02,2024-01-02,2,117,475000
161,Ibadan,2024-05-18,2024-07-12,2,1066,636000
162,PH,2024-05-26,2024-08-24,3,111,578000
163,Lagos,2024-06-30,2024-09-28,2,96,534000
164,Lagos,2024-02-15,2024-04-29,5,232,1102000
165,Ibadan,2024-10-14,2024-01-31,4,150,558000
166,Ibadan,2024-04-08,2024-05-29,2,101,459000
167,Ibadan,2024-09-08,2024-03-07,3,155,854000
168,PH,2024-05-26,2024-10-03,4,162,577000
169,PH,2024-05-21,2024-10-05,4,190,950000
170,PH,2024-01-04,2024-03-03,4,151,568000
171,Lagos,2024-07-28,2024-10-11,3,145,649000
172,Abuja,2024-05-26,2024-11-02,4,174,642000
173,Abuja,2024-04-06,2024-07-13,4,165,425000
174,Ibadan,2024-04-15,2024-08-28,4,194,611000
175,Lagos,2024-10-30,2024-04-08,2,83,314000
176,Lagos,2024-08-10,2024-09-07,3,134,664000
177,Ibadan,2024-07-15,2024-01-04,3,1249,407000
178,Abuja,2024-02-26,2024-05-16,3,153,364000
179,PH,2024-01-06,2024-02-10,4,1701,402000
180,PH,2024-01-16,2024-07-02,5,224,777000
181,Abuja,2024-04-04,2024-03-29,5,197,504000
182,PH,2024-04-15,2024-07-05,4,199,614000
183,Abuja,2024-03-10,2024-08-02,1,41,13000
184,Abuja,2024-02-06,2024-06-23,1,431,159000
185,Lagos,2024-12-02,2024-04-14,4,158,767000
186,Abuja,2024-11-30,2024-01-27,5,199,826000
187,PH,2024-02-16,2024-03-28,4,170,882000
188,Lagos,2024-10-09,2024-03-03,5,207,716000
189,PH,2024-01-23,2024-05-21,1,51,172000
190,Abuja,2024-01-08,2024-03-14,2,112,414000
191,Ibadan,2024-06-26,2024-07-18,3,142,377000
192,Ibadan,2024-08-12,2024-11-17,4,169,611000
193,Abuja,2024-04-18,2024-08-19,1,74,365000
194,PH,2024-03-05,2024-04-04,5,233,1242000
195,Ibadan,2024-03-11,2024-08-07,3,132,654000
196,Ibadan,2024-08-15,2024-08-30,5,202,1041000
197,Ibadan,2024-05-05,2024-08-03,2,104,397000
198,Lagos,2024-10-29,2024-10-12,3,1464,466000
199,Abuja,2024-01-23,2024-03-09,1,64,269000
200,Lagos,2024-03-30,2024-08-24,2,775,213000
201,Ibadan,2024-07-13,2024-07-07,3,113,626000
202,PH,2024-04-30,2024-05-13,4,165,709000
203,Abuja,2024-09-10,2024-10-31,1,73,207000
204,PH,2024-10-17,2024-12-16,4,189,882000
205,Ibadan,2024-06-26,2024-11-25,3,148,509000
206,Lagos,2024-04-27,2024-09-28,2,103,371000
207,Ibadan,2024-05-28,2024-08-01,2,106,366000
208,Ibadan,2024-06-16,2024-09-18,5,199,890000
209,PH,2024-01-27,2024-05-27,3,119,355000
210,Lagos,2024-11-21,2024-01-15,2,87,408000
211,PH,2024-06-08,2024-11-24,4,195,549000
212,Lagos,2024-09-22,2024-11-24,1,78,407000
213,Abuja,2024-05-07,2024-06-05,2,104,357000
214,Lagos,2024-06-01,2024-10-18,4,188,646000
215,Lagos,2024-01-02,2024-03-19,2,90,298000
216,Lagos,2024-08-09,2024-09-26,3,142,727000
217,Ibadan,2024-07-27,2024-10-23,5,234,1017000
218,Lagos,2024-09-07,2024-11-01,2,108,511000
219,Ibadan,2024-01-02,2024-04-19,2,116,218000
220,Abuja,2024-09-15,2024-01-06,1,31,204000
221,Abuja,2024-03-27,2024-06-18,3,132,521000
222,Abuja,2024-04-18,2024-05-14,3,125,255000
223,Ibadan,2024-11-15,2024-04-17,4,179,610000
224,Abuja,2024-02-21,2024-06-22,3,155,620000
225,PH,2024-12-18,2024-02-07,3,153,744000
226,Abuja,2024-10-07,2024-03-13,5,194,928000
227,Lagos,2024-10-07,2024-04-02,4,178,827000
228,Abuja,2024-02-22,2024-05-13,1,62,395000
229,Lagos,2024-08-24,2024-11-25,1,80,246000
230,Abuja,2024-03-27,2024-06-22,2,89,293000
231,Lagos,2024-02-29,2024-04-04,5,234,603000
232,Ibadan,2024-06-30,2024-10-22,2,118,343000
233,Ibadan,2024-04-26,2024-05-24,5,231,997000
234,Ibadan,2024-07-10,2024-12-28,5,217,747000
235,PH,2024-04-04,2024-08-28,4,196,527000
236,Ibadan,2024-08-16,2024-12-12,3,139,832000
237,Lagos,2024-07-30,2024-10-02,3,118,416000
238,Lagos,2024-11-03,2024-02-13,1,69,196000
239,Abuja,2024-02-18,2024-06-14,3,124,375000
240,Abuja,2024-01-21,2024-04-22,3,156,560000
241,Ibadan,2024-06-14,2024-09-22,2,84,298000
242,Lagos,2024-02-24,2024-05-27,4,195,583000
243,PH,2024-05-14,2024-08-17,2,89,394000
244,PH,2024-12-19,2024-04-24,2,108,323000
245,PH,2024-01-18,2024-03-19,1,65,344000
246,Abuja,2024-01-17,2024-02-11,1,74,162000
247,PH,2024-12-13,2024-03-02,1,40,113000
248,PH,2024-02-29,2024-04-20,1,80,251000
249,PH,2024-12-11,2024-02-07,1,65,264000
250,Abuja,2024-03-02,2024-06-14,5,221,834000
251,PH,2024-05-25,2024-08-08,5,233,765000
252,Ibadan,2024-11-25,2024-03-12,3,122,644000
253,PH,2024-05-02,2024-06-01,5,200,1013000
254,PH,2024-05-02,2024-10-25,4,184,942000
255,Lagos,2024-08-27,2024-11-23,2,91,418000
256,Lagos,2024-05-07,2024-07-31,1,59,170000
257,Abuja,2024-11-26,2024-02-23,5,2239,931000
258,Abuja,2024-06-07,2024-08-02,1,73,335000
259,Abuja,2024-04-07,2024-07-25,4,1905,763000
260,PH,2024-08-21,2024-01-31,1,41,120000
261,Ibadan,2024-06-26,2024-11-20,5,202,598000
262,Lagos,2024-04-21,2024-05-19,2,116,678000
263,Abuja,2024-06-11,2024-09-25,1,35,80000
264,PH,2024-02-06,2024-03-22,5,200,787000
265,Abuja,2024-12-06,2024-03-13,4,1884,641000
266,Ibadan,2024-02-19,2024-07-24,2,85,326000
267,Abuja,2024-01-17,2024-02-02,1,31,59000
268,Ibadan,2024-07-28,2024-12-24,4,153,576000
269,Lagos,2024-01-15,2024-05-23,4,158,420000
270,PH,2024-02-07,2024-05-11,5,233,801000
271,Ibadan,2024-02-16,2024-04-26,4,193,682000
272,Lagos,2024-08-07,2024-09-29,1,56,176000
273,Lagos,2024-05-24,2024-07-06,4,160,581000
274,Abuja,2024-01-04,2024-04-24,4,169,517000
275,Abuja,2024-06-02,2024-09-13,4,170,638000
276,PH,2024-01-20,2024-02-14,4,161,466000
277,PH,2024-10-23,2024-01-24,5,205,622000
278,Ibadan,2024-12-09,2024-01-24,2,94,379000
279,Lagos,2024-05-30,2024-07-25,4,179,577000
280,Lagos,2024-09-28,2024-03-05,1,47,87000
281,Abuja,2024-12-04,2024-03-29,4,174,739000
282,Ibadan,2024-05-20,2024-05-12,1,80,272000
283,Lagos,2024-12-22,2024-04-24,5,193,825000
284,PH,2024-02-07,2024-05-27,2,73,135000
285,Ibadan,2024-06-16,2024-08-26,5,190,530000
286,Abuja,2024-02-13,2024-04-15,2,99,404000
287,Ibadan,2024-08-13,2024-11-26,4,193,925000
288,Lagos,2024-06-25,2024-09-18,4,172,769000
289,Ibadan,2024-06-29,2024-08-05,2,83,236000
290,Ibadan,2024-03-21,2024-05-01,1,79,337000
291,Abuja,2024-09-23,2024-02-18,4,191,1113000
292,Lagos,2024-07-15,2024-11-17,1,37,203000
293,PH,2024-03-24,2024-06-17,5,210,523000
294,Lagos,2024-11-25,2024-03-26,4,180,705000
295,Ibadan,2024-02-23,2024-06-06,5,2217,740000
296,Abuja,2024-03-27,2024-07-23,3,128,553000
297,Abuja,2024-10-06,2024-03-04,1,47,82000
298,Ibadan,2024-03-15,2024-07-22,4,179,859000
299,PH,2024-10-03,2024-12-22,3,1378,531000
300,PH,2024-05-23,2024-10-12,4,192,604000
301,Abuja,2024-06-15,2024-06-09,1,70,385000
302,PH,2024-06-12,2024-09-16,3,158,632000
303,PH,2024-08-09,2024-08-29,2,85,439000
304,Lagos,2024-03-31,2024-06-14,5,225,1107000
305,PH,2024-06-13,2024-08-24,2,96,426000
306,Ibadan,2024-11-29,2024-02-01,4,150,652000
307,Ibadan,2024-03-10,2024-03-22,4,173,465000
308,PH,2024-08-30,2024-02-13,2,120,663000
309,PH,2024-07-14,2024-08-14,4,180,1027000
310,Lagos,2024-12-06,2024-06-02,4,175,642000
311,Ibadan,2024-05-05,2024-08-01,5,206,971000
312,Ibadan,2024-03-28,2024-07-03,2,80,201000
313,Lagos,2024-06-06,2024-08-11,4,1679,944000
314,Abuja,2024-12-02,2024-05-30,3,117,449000
315,Abuja,2024-04-10,2024-09-14,1,34,117000
316,Abuja,2024-05-19,2024-06-08,3,157,714000
317,Ibadan,2024-09-08,2024-12-12,4,157,917000
318,Abuja,2024-05-20,2024-08-19,4,173,700000
319,Ibadan,2024-11-24,2024-05-04,4,195,628000
320,Ibadan,2024-02-18,2024-04-28,4,159,450000
321,Abuja,2024-01-01,2024-01-16,1,69,200000
322,Ibadan,2024-03-03,2024-07-19,4,200,971000
323,PH,2024-08-28,2024-01-21,3,115,422000
324,Abuja,2024-08-05,2024-11-16,1,60,236000
325,PH,2024-03-08,2024-07-11,5,211,1051000
326,Ibadan,2024-03-31,2024-08-03,3,135,590000
327,Lagos,2024-01-08,2024-06-24,2,95,391000
328,Ibadan,2024-04-08,2024-07-27,1,59,361000
329,Ibadan,2024-06-21,2024-12-12,3,158,437000
330,Abuja,2024-09-11,2024-10-13,5,196,638000
331,Ibadan,2024-03-25,2024-04-22,3,127,573000
332,Ibadan,2024-01-14,2024-05-15,5,218,899000
333,Abuja,2024-01-01,2024-04-27,4,195,634000
334,Ibadan,2024-09-30,2024-12-28,2,99,338000
335,Abuja,2024-08-03,2024-08-30,5,225,912000
336,PH,2024-03-05,2024-06-25,2,74,164000
337,PH,2024-08-12,2024-09-04,2,100,377000
338,Ibadan,2024-07-20,2024-12-29,3,129,738000
339,Lagos,2024-09-19,2024-10-08,1,58,208000
340,PH,2024-05-15,2024-07-27,3,117,535000
341,Lagos,2024-08-04,2024-12-27,2,1033,549000
342,Lagos,2024-06-03,2024-11-23,4,197,831000
343,Lagos,2024-04-28,2024-10-09,3,111,303000
344,PH,2024-07-04,2024-10-01,5,199,1081000
345,PH,2024-09-13,2024-02-05,3,122,481000
346,PH,2024-02-13,2024-08-06,5,232,626000
347,PH,2024-03-17,2024-02-27,3,112,403000
348,Lagos,2024-01-09,2024-06-06,3,156,554000
349,PH,2024-02-18,2024-07-06,5,226,619000
350,Abuja,2024-03-13,2024-04-29,1,42,146000
351,Lagos,2024-02-04,2024-04-26,1,603,317000
352,Lagos,2024-09-14,2024-11-14,1,66,270000
353,Ibadan,2024-08-14,2024-02-05,5,190,1016000
354,Lagos,2024-05-29,2024-11-10,5,235,892000
355,Ibadan,2024-10-12,2024-01-02,1,54,231000
356,PH,2024-03-02,2024-07-21,3,136,460000
357,Abuja,2024-01-07,2024-02-28,5,229,1130000
358,Lagos,2024-02-25,2024-03-20,4,155,633000
359,PH,2024-03-09,2024-07-22,2,89,203000
360,Abuja,2024-10-09,2024-11-24,5,238,1026000
361,PH,2024-06-12,2024-08-29,1,66,367000
362,Abuja,2024-06-09,2024-08-29,1,50,244000
363,PH,2024-07-29,2024-11-16,2,120,489000
364,Abuja,2024-06-09,2024-10-06,4,173,670000
365,Lagos,2024-10-08,2024-04-06,1,32,161000
366,Lagos,2024-09-02,2024-11-22,4,188,861000
367,Abuja,2024-06-10,2024-08-19,4,193,520000
368,Ibadan,2024-10-07,2024-02-22,2,105,420000
369,Abuja,2024-01-04,2024-02-01,4,200,751000
370,PH,2024-10-14,2024-11-16,3,116,500000
371,Abuja,2024-11-22,2024-01-10,4,186,800000
372,Ibadan,2024-07-16,2024-11-07,3,1206,536000
373,Ibadan,2024-01-23,2024-07-20,3,1270,272000
374,Abuja,2024-07-05,2024-12-08,4,196,942000
375,PH,2024-12-02,2024-05-19,2,119,446000
376,Lagos,2024-05-28,2024-08-11,4,200,1045000
377,Ibadan,2024-08-24,2024-01-11,3,114,481000
378,PH,2024-07-16,2024-12-05,2,85,311000
379,Abuja,2024-01-19,2024-04-07,2,73,252000
380,PH,2024-11-04,2024-04-30,1,59,202000
381,PH,2024-07-17,2024-08-12,4,176,752000
382,Lagos,2024-03-28,2024-08-02,5,230,937000
383,Ibadan,2024-04-22,2024-07-25,1,79,320000
384,Lagos,2024-08-06,2024-12-23,4,2067,1006000
385,Lagos,2024-09-24,2024-03-10,3,160,581000
386,Abuja,2024-08-08,2024-12-13,4,179,849000
387,Ibadan,2024-06-17,2024-10-11,5,220,871000
388,PH,2024-02-29,2024-04-13,3,121,299000
389,Abuja,2024-02-21,2024-03-17,5,198,678000
390,Lagos,2024-06-19,2024-11-19,2,70,316000
391,PH,2024-05-29,2024-08-29,4,164,842000
392,Lagos,2024-06-07,2024-10-03,2,818,255000
393,Abuja,2024-05-06,2024-05-26,1,47,121000
394,Ibadan,2024-06-07,2024-11-13,3,113,519000
395,PH,2024-06-11,2024-06-01,1,840,268000
396,Lagos,2024-05-23,2024-07-27,1,40,232000
397,PH,2024-09-14,2024-10-04,5,194,983000
398,PH,2024-05-21,2024-06-18,4,189,1015000
399,PH,2024-12-01,2024-04-18,3,128,588000
400,Ibadan,2024-07-24,2024-12-01,5,193,991000
401,Ibadan,2024-06-15,2024-08-24,3,141,592000
402,Ibadan,2024-08-19,2024-12-04,2,84,386000
403,Ibadan,2024-01-18,2024-04-15,4,153,381000
404,Ibadan,2024-12-24,2024-06-09,3,137,691000
405,PH,2024-08-29,2024-01-29,1,59,253000
406,Lagos,2024-09-18,2024-11-12,2,84,433000
407,PH,2024-12-26,2024-01-18,4,162,658000
408,Abuja,2024-12-10,2024-04-16,4,167,742000
409,Lagos,2024-07-22,2024-08-11,4,199,896000
410,Lagos,2024-08-17,2024-02-12,3,132,404000
411,Abuja,2024-04-23,2024-06-18,2,120,377000
412,Lagos,2024-09-17,2024-01-06,3,133,628000
413,Abuja,2024-01-22,2024-06-21,1,63,185000
414,Abuja,2024-02-14,2024-04-21,1,30,60000
415,Lagos,2024-03-01,2024-05-24,3,114,273000
416,PH,2024-05-29,2024-06-09,4,194,642000
417,Lagos,2024-11-05,2024-11-29,3,110,366000
418,Abuja,2024-08-19,2024-12-29,5,219,947000
419,Lagos,2024-03-11,2024-06-27,3,143,422000
420,Ibadan,2024-08-17,2024-09-08,5,197,861000
421,Ibadan,2024-01-21,2024-06-29,4,180,682000
422,PH,2024-06-03,2024-07-19,1,65,318000
423,Lagos,2024-02-29,2024-04-24,3,154,726000
424,Abuja,2024-08-15,2024-12-02,2,83,229000
425,Abuja,2024-02-17,2024-04-17,3,154,707000
426,PH,2024-09-08,2024-12-24,3,141,598000
427,Abuja,2024-11-17,2024-03-06,5,222,711000
428,Abuja,2024-02-25,2024-08-14,5,199,1031000
429,Abuja,2024-04-01,2024-06-17,3,153,668000
430,Ibadan,2024-06-25,2024-07-23,4,198,881000
431,Lagos,2024-07-14,2024-08-01,5,2185,981000
432,Lagos,2024-05-26,2024-06-28,3,139,537000
433,PH,2024-06-06,2024-07-10,5,231,1224000
434,Lagos,2024-05-03,2024-09-05,4,169,654000
435,Lagos,2024-11-22,2024-03-09,1,38,186000
436,PH,2024-05-07,2024-08-28,2,97,368000
437,Ibadan,2024-12-12,2024-02-23,4,2153,938000
438,PH,2024-05-29,2024-09-13,5,204,1129000
439,Lagos,2024-08-25,2024-11-04,4,177,533000
440,Ibadan,2024-06-06,2024-07-27,5,201,686000
441,PH,2024-03-18,2024-07-18,3,120,603000
442,Abuja,2024-02-19,2024-05-22,3,1485,335000
443,Lagos,2024-01-30,2024-01-21,1,60,190000
444,Lagos,2024-10-14,2024-12-03,3,148,506000
445,Ibadan,2024-12-22,2024-02-29,4,154,486000
446,Ibadan,2024-04-14,2024-09-07,1,60,163000
447,Abuja,2024-04-28,2024-09-08,4,2013,1073000
448,Abuja,2024-10-19,2024-10-18,4,166,590000
449,Ibadan,2024-07-26,2024-08-22,4,155,851000
450,Lagos,2024-11-30,2024-05-07,2,113,352000
451,Lagos,2024-08-24,2024-01-30,5,207,1108000
452,PH,2024-10-14,2024-03-29,3,124,423000
453,Lagos,2024-02-17,2024-04-30,4,156,557000
454,Lagos,2024-10-25,2024-12-20,3,134,651000
455,PH,2024-05-21,2024-06-19,4,158,623000
456,PH,2024-03-26,2024-06-25,4,164,668000
457,PH,2024-11-06,2024-03-27,4,190,861000
458,Abuja,2024-04-01,2024-08-24,3,129,552000
459,Ibadan,2024-11-06,2024-04-15,5,221,982000
460,PH,2024-08-24,2024-01-21,3,155,780000
461,PH,2024-10-11,2024-03-13,3,131,456000
462,Abuja,2024-08-26,2024-11-07,1,48,281000
463,Ibadan,2024-07-11,2024-09-04,5,233,975000
464,Lagos,2024-08-03,2024-12-25,2,93,540000
465,PH,2024-10-06,2024-01-27,5,217,971000
466,PH,2024-08-06,2024-10-23,1,37,185000
467,Lagos,2024-06-22,2024-07-14,2,112,362000
468,Ibadan,2024-05-13,2024-08-05,3,130,740000
469,Abuja,2024-07-10,2024-01-04,1,36,78000
470,Lagos,2024-06-30,2024-08-09,4,178,533000
471,Abuja,2024-11-04,2024-12-24,5,220,978000
472,Lagos,2024-01-12,2024-04-04,4,162,799000
473,PH,2024-08-07,2024-10-04,1,68,398000
474,PH,2024-08-31,2024-11-07,1,66,355000
475,Ibadan,2024-06-02,2024-07-28,1,46,96000
476,Lagos,2024-12-01,2024-03-04,5,238,901000
477,Abuja,2024-06-04,2024-09-23,2,111,675000
478,Abuja,2024-02-07,2024-04-09,4,159,340000
479,Ibadan,2024-11-02,2024-03-11,5,221,943000
480,PH,2024-11-23,2024-04-24,3,111,418000
481,Abuja,2024-01-24,2024-03-13,3,1539,679000
482,PH,2024-12-04,2024-04-15,2,861,256000
483,Ibadan,2024-02-23,2024-05-27,4,182,857000
484,Ibadan,2024-05-21,2024-09-13,2,107,334000
485,Lagos,2024-09-20,2024-11-01,1,72,262000
486,Lagos,2024-06-24,2024-11-26,3,152,656000
487,Abuja,2024-01-17,2024-04-24,1,48,220000
488,Lagos,2024-08-19,2024-10-31,5,202,1094000
489,Abuja,2024-07-12,2024-10-25,2,80,445000
490,Lagos,2024-07-18,2024-08-11,4,159,475000
491,Ibadan,2024-02-26,2024-08-17,1,62,162000
492,Abuja,2024-09-20,2024-12-13,4,195,674000
493,Abuja,2024-07-21,2024-01-14,2,83,319000
494,PH,2024-08-13,2024-10-18,2,101,501000
495,Ibadan,2024-10-13,2024-03-03,5,2347,955000
496,PH,2024-10-23,2024-01-08,4,165,612000
497,PH,2024-01-18,2024-02-08,1,37,105000
498,Abuja,2024-12-07,2024-03-05,2,112,461000
499,Ibadan,2024-03-21,2024-04-16,5,212,814000
500,Ibadan,2024-09-17,2024-12-21,5,222,765000
501,Ibadan,2024-06-24,2024-06-15,5,199,1136000
502,Abuja,2024-01-15,2024-05-28,1,74,295000
503,Lagos,2024-12-30,2024-03-20,1,46,286000
504,Ibadan,2024-06-14,2024-08-21,4,187,550000
505,Abuja,2024-10-01,2024-03-27,5,198,611000
506,Lagos,2024-10-26,2024-12-23,4,186,777000
507,Ibadan,2024-06-15,2024-12-08,3,160,770000
508,PH,2024-11-26,2024-12-25,1,63,262000
509,Ibadan,2024-04-25,2024-09-13,4,177,729000
510,Ibadan,2024-06-05,2024-05-23,1,47,159000
511,Ibadan,2024-07-22,2024-11-13,2,105,538000
512,Abuja,2024-08-20,2024-01-13,5,196,573000
513,PH,2024-07-29,2024-09-02,1,76,264000
514,Lagos,2024-04-04,2024-05-24,2,74,403000
515,Abuja,2024-02-08,2024-06-03,1,592,172000
516,Lagos,2024-05-20,2024-11-14,3,1367,317000
517,PH,2024-04-06,2024-04-21,1,59,304000
518,Ibadan,2024-09-06,2024-10-16,4,176,799000
519,Ibadan,2024-02-06,2024-03-23,3,122,556000
520,Abuja,2024-04-29,2024-08-06,5,197,598000
521,Abuja,2024-06-09,2024-09-08,5,228,851000
522,Ibadan,2024-03-11,2024-04-07,1,33,35000
523,Lagos,2024-12-26,2024-01-29,2,99,242000
524,Ibadan,2024-08-31,2024-09-20,1,77,468000
525,Lagos,2024-10-17,2024-03-13,4,191,617000
526,PH,2024-03-22,2024-04-09,2,107,298000
527,Lagos,2024-12-10,2024-03-18,5,214,673000
528,Ibadan,2024-12-20,2024-03-28,2,1044,392000
529,Lagos,2024-05-10,2024-09-14,5,235,1206000
530,Ibadan,2024-12-14,2024-05-08,5,237,1147000
531,Ibadan,2024-04-27,2024-09-25,4,156,786000
532,Abuja,2024-09-29,2024-03-27,1,30,80000
533,Lagos,2024-02-24,2024-03-26,5,219,770000
534,Abuja,2024-07-13,2024-11-27,4,150,380000
535,Ibadan,2024-10-10,2024-03-07,5,214,712000
536,Lagos,2024-05-16,2024-09-25,5,203,592000
537,Abuja,2024-10-16,2024-12-22,4,181,487000
538,Lagos,2024-08-12,2024-08-01,1,70,365000
539,Lagos,2024-02-08,2024-07-01,5,191,706000
540,PH,2024-01-01,2024-05-21,4,194,476000
541,Lagos,2024-01-01,2024-05-04,3,1292,512000
542,Lagos,2024-08-09,2024-12-09,3,146,756000
543,Ibadan,2024-12-06,2024-03-13,2,115,412000
544,Lagos,2024-05-22,2024-10-30,5,220,632000
545,Ibadan,2024-03-25,2024-05-07,3,136,646000
546,Lagos,2024-03-05,2024-08-24,5,2228,1059000
547,Ibadan,2024-06-07,2024-09-17,4,170,873000
548,Abuja,2024-01-30,2024-07-04,4,176,596000
549,Ibadan,2024-06-10,2024-07-10,5,236,65100
550,Lagos,2024-08-26,2024-10-21,3,148,831000
551,Ibadan,2024-08-09,2024-12-20,4,188,808000
552,Abuja,2024-01-13,2024-02-19,4,186,620000
553,Lagos,2024-08-24,2024-01-07,2,94,433000
554,PH,2024-04-21,2024-06-04,1,54,192000
555,PH,2024-10-31,2024-11-11,3,114,382000
556,Ibadan,2024-10-19,2024-03-14,3,140,467000
557,PH,2024-12-14,2024-03-13,5,222,858000
558,Abuja,2024-06-30,2024-08-01,4,156,808000
559,Lagos,2024-05-15,2024-09-08,2,74,289000
560,Ibadan,2024-01-20,2024-03-30,3,142,646000
561,Abuja,2024-03-16,2024-07-18,5,210,1117000
562,Abuja,2024-07-18,2024-08-12,4,188,1036000
563,Ibadan,2024-11-02,2024-04-18,5,240,890000
564,Ibadan,2024-02-01,2024-03-31,3,118,482000
565,Lagos,2024-12-05,2024-03-13,1,79,227000
566,Lagos,2024-08-29,2024-11-04,4,170,590000
567,Lagos,2024-01-09,2024-04-09,4,187,727000
568,Abuja,2024-07-29,2024-11-04,5,190,730000
569,Abuja,2024-03-05,2024-03-29,1,45,235000
570,Lagos,2024-09-05,2024-01-29,3,125,648000
571,Lagos,2024-02-22,2024-05-30,4,153,448000
572,Abuja,2024-05-14,2024-10-15,5,231,910000
573,Ibadan,2024-04-30,2024-10-02,3,123,699000
574,Lagos,2024-08-22,2024-11-24,3,112,283000
575,Lagos,2024-08-12,2024-10-20,4,191,777000
576,PH,2024-03-22,2024-06-06,1,37,131000
577,Ibadan,2024-05-12,2024-06-04,3,154,691000
578,Lagos,2024-09-24,2024-10-07,4,189,691000
579,PH,2024-11-03,2024-04-02,3,158,601000
580,Lagos,2024-08-05,2024-08-22,2,108,491000
581,Lagos,2024-02-04,2024-04-05,1,53,267000
582,Ibadan,2024-11-08,2024-04-24,2,86,418000
583,Ibadan,2024-03-09,2024-02-25,5,206,964000
584,Abuja,2024-06-08,2024-11-03,4,182,868000
585,PH,2024-12-19,2024-02-17,5,216,963000
586,Lagos,2024-07-03,2024-08-27,3,148,515000
587,Lagos,2024-11-19,2024-12-14,4,186,691000
588,Abuja,2024-10-18,2024-04-12,3,110,552000
589,PH,2024-10-20,2024-01-08,3,119,50900
590,PH,2024-03-26,2024-06-30,5,204,798000
591,Lagos,2024-03-30,2024-04-28,4,183,953000
592,Lagos,2024-05-10,2024-09-17,3,135,671000
593,Abuja,2024-07-06,2024-11-05,3,153,726000
594,Ibadan,2024-12-23,2024-05-27,4,192,848000
595,PH,2024-01-11,2024-04-02,5,196,1011000
596,PH,2024-10-01,2024-02-07,2,103,506000
597,Abuja,2024-11-04,2024-03-04,5,204,723000
598,Abuja,2024-04-08,2024-09-12,4,169,566000
599,Abuja,2024-07-19,2024-11-24,5,207,673000
600,Ibadan,2024-12-07,2024-01-05,1,60,271000
601,Abuja,2024-07-27,2024-10-30,3,151,454000
602,Lagos,2024-10-17,2024-12-30,2,119,375000
603,Abuja,2024-02-08,2024-06-27,4,198,517000
604,Lagos,2024-06-21,2024-10-23,1,49,252000
605,Abuja,2024-03-28,2024-09-23,3,120,313000
606,Ibadan,2024-02-01,2024-06-14,5,193,729000
607,Abuja,2024-09-30,2024-12-05,2,97,344000
608,Abuja,2024-01-22,2024-05-05,1,70,192000
609,Ibadan,2024-07-25,2024-09-10,1,32,156000
610,PH,2024-08-06,2024-12-09,2,80,398000
611,Ibadan,2024-03-03,2024-08-08,5,208,1091000
612,Abuja,2024-05-22,2024-07-27,2,72,198000
613,Lagos,2024-08-16,2024-11-24,5,210,1196000
614,PH,2024-02-19,2024-04-27,1,700,385000
615,Ibadan,2024-02-06,2024-05-26,4,198,526000
616,Abuja,2024-11-04,2024-04-19,1,54,188000
617,Lagos,2024-09-15,2024-12-14,1,54,102000
618,Ibadan,2024-12-23,2024-01-28,3,126,439000
619,Ibadan,2024-11-25,2024-02-03,2,115,487000
620,Lagos,2024-01-30,2024-04-29,3,121,397000
621,Lagos,2024-06-10,2024-10-18,3,129,445000
622,Lagos,2024-04-05,2024-08-23,2,753,384000
623,Abuja,2024-01-17,2024-05-11,1,51,169000
624,Abuja,2024-09-09,2024-11-25,3,157,499000
625,Ibadan,2024-12-29,2024-06-23,3,146,670000
626,PH,2024-05-24,2024-06-05,2,1044,336000
627,Abuja,2024-11-29,2024-02-14,5,200,780000
628,Abuja,2024-08-11,2024-09-25,1,51,189000
629,Lagos,2024-02-29,2024-03-13,3,125,578000
630,PH,2024-09-06,2024-02-12,2,79,245000
631,Abuja,2024-03-31,2024-05-03,4,198,569000
632,PH,2024-06-26,2024-10-03,1,48,212000
633,PH,2024-10-13,2024-01-23,4,197,708000
634,Ibadan,2024-03-18,2024-05-22,1,52,240000
635,Lagos,2024-07-05,2024-11-19,4,156,444000
636,Ibadan,2024-04-28,2024-10-21,3,160,792000
637,Abuja,2024-05-12,2024-06-04,4,198,619000
638,Lagos,2024-06-30,2024-09-12,4,186,969000
639,Abuja,2024-04-15,2024-07-11,4,184,920000
640,Abuja,2024-05-23,2024-06-28,4,190,690000
641,Lagos,2024-09-22,2024-10-09,2,70,310000
642,Abuja,2024-08-26,2024-02-15,4,150,396000
643,PH,2024-09-11,2024-01-31,3,141,555000
644,Ibadan,2024-10-31,2024-02-13,2,80,169000
645,PH,2024-11-30,2024-03-15,4,187,721000
646,Abuja,2024-03-19,2024-08-18,3,139,607000
647,PH,2024-06-26,2024-09-19,4,192,566000
648,PH,2024-05-01,2024-08-02,2,81,290000
649,Ibadan,2024-01-25,2024-04-22,4,171,580000
650,Abuja,2024-11-08,2024-03-01,2,101,300000
651,Ibadan,2024-06-11,2024-08-23,5,227,1191000
652,PH,2024-09-26,2024-09-16,2,80,374000
653,Lagos,2024-07-18,2024-12-26,4,178,471000
654,PH,2024-08-23,2024-08-22,5,212,876000
655,Lagos,2024-03-12,2024-05-17,4,178,691000
656,Ibadan,2024-12-12,2024-05-16,5,214,713000
657,Ibadan,2024-11-17,2024-04-17,2,75,272000
658,Lagos,2024-09-06,2024-10-22,1,32,153000
659,Ibadan,2024-04-24,2024-09-19,4,193,1044000
660,Ibadan,2024-08-06,2024-12-16,4,189,978000
661,PH,2024-12-29,2024-06-13,4,185,95700
662,Ibadan,2024-02-19,2024-02-02,3,116,299000
663,Ibadan,2024-12-07,2024-05-25,2,99,270000
664,Ibadan,2024-12-04,2024-04-01,5,225,768000
665,Ibadan,2024-04-05,2024-09-13,5,216,809000
666,Lagos,2024-02-01,2024-04-30,1,65,197000
667,Lagos,2024-09-16,2024-11-05,3,131,721000
668,PH,2024-12-23,2024-05-16,1,77,434000
669,Lagos,2024-02-14,2024-07-21,1,63,295000
670,Lagos,2024-02-29,2024-04-15,2,106,363000
671,Abuja,2024-07-09,2024-09-15,2,101,493000
672,Ibadan,2024-02-06,2024-04-24,1,66,227000
673,Ibadan,2024-10-06,2024-12-06,5,198,616000
674,Lagos,2024-09-14,2024-12-30,5,233,858000
675,Ibadan,2024-01-08,2024-05-11,1,49,167000
676,PH,2024-09-14,2024-02-15,3,118,681000
677,Ibadan,2024-06-25,2024-10-15,3,119,388000
678,Ibadan,2024-07-16,2024-10-04,1,72,243000
679,PH,2024-03-25,2024-05-31,3,119,470000
680,PH,2024-07-22,2024-10-26,2,83,173000
681,Ibadan,2024-04-08,2024-09-03,2,94,418000
682,Abuja,2024-07-03,2024-08-07,1,37,131000
683,Lagos,2024-03-24,2024-04-15,4,179,755000
684,PH,2024-08-09,2024-12-28,2,102,399000
685,Abuja,2024-03-26,2024-07-11,4,164,691000
686,Abuja,2024-05-09,2024-08-29,1,62,298000
687,Ibadan,2024-06-24,2024-07-31,2,1184,543000
688,Ibadan,2024-06-08,2024-11-19,1,34,127000
689,Abuja,2024-03-12,2024-03-27,4,189,951000
690,Abuja,2024-08-18,2024-02-13,1,45,146000
691,Lagos,2024-04-13,2024-06-23,5,214,669000
692,PH,2024-05-10,2024-05-28,1,51,105000
693,PH,2024-05-14,2024-10-10,2,119,662000
694,Abuja,2024-05-05,2024-10-05,2,116,305000
695,Lagos,2024-02-05,2024-07-13,3,129,502000
696,Ibadan,2024-07-27,2024-08-26,5,193,776000
697,PH,2024-06-22,2024-12-08,4,162,610000
698,Abuja,2024-04-22,2024-10-10,3,145,480000
699,PH,2024-06-30,2024-08-22,2,1281,758000
700,Lagos,2024-04-28,2024-09-13,2,108,318000
701,Abuja,2024-11-22,2024-04-04,5,197,661000
702,Lagos,2024-04-27,2024-06-23,2,74,444000
703,Abuja,2024-07-13,2024-09-24,3,121,435000
704,Abuja,2024-10-03,2024-11-25,5,201,753000
705,PH,2024-01-19,2024-06-13,5,240,578000
706,Lagos,2024-07-25,2024-01-15,5,206,603000
707,Lagos,2024-08-05,2024-10-08,5,203,1135000
708,Abuja,2024-08-02,2024-07-29,5,210,1069000
709,Abuja,2024-09-08,2024-02-17,4,189,1102000
710,PH,2024-05-31,2024-11-10,2,115,448000
711,Abuja,2024-01-08,2024-02-26,1,65,300000
712,Ibadan,2024-01-05,2024-01-17,4,152,399000
713,Abuja,2024-08-29,2024-09-14,5,207,651000
714,Abuja,2024-02-14,2024-05-17,5,213,490000
715,Ibadan,2024-07-19,2024-09-26,1,69,280000
716,Lagos,2024-08-19,2024-10-07,3,151,616000
717,Lagos,2024-09-20,2024-01-22,1,52,261000
718,Abuja,2024-01-31,2024-03-12,1,34,2970000
719,PH,2024-12-26,2024-04-29,2,120,541000
720,Lagos,2024-05-13,2024-10-16,2,101,258000
721,Abuja,2024-05-07,2024-10-01,1,64,243000
722,Abuja,2024-03-25,2024-08-07,4,159,500000
723,Ibadan,2024-06-14,2024-09-05,1,37,139000
724,Lagos,2024-08-06,2024-09-17,4,159,492000
725,Abuja,2024-10-09,2024-12-29,5,211,1042000
726,Ibadan,2024-01-28,2024-05-23,4,193,576000
727,Ibadan,2024-07-30,2024-01-19,1,52,217000
728,Ibadan,2024-07-25,2024-11-29,5,211,756000
729,Ibadan,2024-08-02,2024-09-24,1,63,265000
730,Abuja,2024-09-27,2024-01-06,1,36,183000
731,Abuja,2024-11-15,2024-04-05,2,114,510000
732,Ibadan,2024-08-09,2024-10-02,3,148,501000
733,Ibadan,2024-03-07,2024-06-15,4,200,558000
734,Lagos,2024-04-16,2024-09-10,5,224,1175000
735,Abuja,2024-05-16,2024-10-29,5,190,998000
736,Lagos,2024-09-15,2024-09-30,1,60,246000
737,Lagos,2024-08-14,2024-12-21,5,2454,659000
738,Abuja,2024-12-12,2024-01-29,4,186,873000
739,Abuja,2024-12-05,2024-02-17,4,158,461000
740,Abuja,2024-01-06,2024-06-01,5,217,4240000
741,Ibadan,2024-05-04,2024-06-17,1,80,462000
742,Abuja,2024-04-07,2024-06-27,2,99,399000
743,Ibadan,2024-04-06,2024-08-28,4,194,738000
744,Abuja,2024-05-06,2024-09-20,3,128,451000
745,Ibadan,2024-07-11,2024-10-05,1,32,145000
746,Lagos,2024-06-10,2024-11-12,2,118,484000
747,Ibadan,2024-12-09,2024-03-05,4,152,491000
748,Abuja,2024-06-24,2024-08-18,1,69,304000
749,Ibadan,2024-03-05,2024-03-27,2,92,306000
750,PH,2024-06-24,2024-12-11,5,197,503000
751,Abuja,2024-02-17,2024-06-17,1,36,199000
752,Lagos,2024-01-20,2024-04-30,4,1851,561000
753,Ibadan,2024-09-06,2024-01-12,2,1173,299000
754,PH,2024-01-10,2024-06-03,3,129,421000
755,PH,2024-01-20,2024-07-07,1,64,214000
756,Abuja,2024-05-26,2024-11-18,1,76,420000
757,PH,2024-01-11,2024-05-12,4,196,98100
758,PH,2024-11-23,2024-04-22,1,66,187000
759,PH,2024-06-19,2024-11-07,4,159,892000
760,Ibadan,2024-10-15,2024-01-12,4,192,887000
761,Ibadan,2024-02-28,2024-04-30,3,125,623000
762,Ibadan,2024-07-12,2024-07-04,1,40,193000
763,Ibadan,2024-05-31,2024-07-27,5,221,1196000
764,Ibadan,2024-01-26,2024-03-06,3,112,427000
765,Lagos,2024-09-21,2024-10-10,4,174,564000
766,Ibadan,2024-08-20,2024-10-08,2,90,442000
767,Abuja,2024-10-19,2024-04-10,4,173,563000
768,Ibadan,2024-03-05,2024-06-19,3,132,574000
769,Abuja,2024-03-28,2024-06-25,5,219,872000
770,Ibadan,2024-01-02,2024-02-16,3,155,324000
771,PH,2024-10-08,2024-02-23,5,237,800000
772,Ibadan,2024-01-21,2024-05-07,1,50,182000
773,PH,2024-08-15,2024-11-10,5,214,852000
774,PH,2024-11-02,2024-04-02,3,139,555000
775,PH,2024-05-13,2024-06-17,3,160,673000
776,Abuja,2024-01-07,2024-05-31,1,76,352000
777,Ibadan,2024-09-10,2024-10-23,4,170,509000
778,Ibadan,2024-07-19,2024-07-17,3,141,776000
779,Abuja,2024-11-08,2024-11-23,2,73,193000
780,Ibadan,2024-05-09,2024-07-06,3,132,647000
781,Abuja,2024-08-18,2024-01-28,2,82,321000
782,PH,2024-09-16,2024-02-08,5,206,1065000
783,Abuja,2024-07-06,2024-12-18,3,116,348000
784,Abuja,2024-10-11,2024-01-05,3,148,593000
785,Abuja,2024-03-28,2024-06-04,5,216,813000
786,Abuja,2024-11-25,2024-04-28,4,191,688000
787,Ibadan,2024-01-03,2024-05-28,4,152,795000
788,Abuja,2024-04-06,2024-09-22,4,172,735000
789,Ibadan,2024-10-31,2024-01-13,3,148,652000
790,Abuja,2024-09-30,2024-10-24,3,112,280000
791,Lagos,2024-03-27,2024-04-18,2,89,214000
792,PH,2024-07-19,2024-10-11,5,229,687000
793,Lagos,2024-03-06,2024-06-29,5,194,747000
794,PH,2024-05-07,2024-08-21,5,208,963000
795,Ibadan,2024-02-13,2024-05-16,4,196,1028000
796,Ibadan,2024-07-27,2024-10-29,4,172,740000
797,Ibadan,2024-01-23,2024-03-29,2,97,371000
798,Lagos,2024-05-16,2024-11-03,2,99,339000
799,Ibadan,2024-05-23,2024-09-19,4,196,1045000
800,Lagos,2024-09-27,2024-03-23,1,721,223000
801,Lagos,2024-05-01,2024-09-23,3,118,505000
802,Lagos,2024-07-31,2024-01-11,1,45,7000
803,Abuja,2024-08-08,2024-10-19,1,44,15000
804,PH,2024-06-02,2024-09-03,1,70,163000
805,Ibadan,2024-09-03,2024-01-24,4,163,861000
806,PH,2024-01-31,2024-05-17,5,240,1138000
807,Lagos,2024-08-11,2024-09-27,2,109,424000
808,Lagos,2024-03-25,2024-08-23,5,227,791000
809,Lagos,2024-08-06,2024-01-28,2,98,532000
810,Ibadan,2024-05-18,2024-05-29,3,121,633000
811,PH,2024-05-24,2024-11-01,1,36,214000
812,Lagos,2024-07-16,2024-10-01,1,75,369000
813,PH,2024-06-24,2024-09-10,4,168,529000
814,Lagos,2024-02-06,2024-05-29,1,73,316000
815,Ibadan,2024-10-17,2024-02-13,2,85,300000
816,Lagos,2024-04-03,2024-08-06,5,237,638000
817,Abuja,2024-04-16,2024-10-02,1,71,364000
818,Ibadan,2024-07-11,2024-10-18,3,120,622000
819,Lagos,2024-07-03,2024-11-14,1,62,314000
820,Abuja,2024-01-17,2024-05-15,5,196,706000
821,Abuja,2024-09-01,2024-12-26,2,71,180000
822,PH,2024-02-14,2024-03-21,3,122,264000
823,PH,2024-02-22,2024-08-02,2,72,132000
824,Lagos,2024-11-23,2024-01-04,4,174,591000
825,Abuja,2024-11-17,2024-01-03,1,44,166000
826,Abuja,2024-10-08,2024-01-16,3,152,401000
827,Abuja,2024-03-19,2024-08-04,1,42,131000
828,PH,2024-02-12,2024-06-03,2,117,546000
829,Abuja,2024-08-14,2024-11-25,4,161,973000
830,Lagos,2024-07-28,2024-12-17,3,151,702000
831,Ibadan,2024-08-25,2024-10-13,4,194,1068000
832,Ibadan,2024-02-07,2024-07-30,1,58,127000
833,PH,2024-01-08,2024-01-20,5,193,709000
834,Lagos,2024-11-05,2024-02-17,4,162,538000
835,Ibadan,2024-11-04,2024-11-19,5,225,879000
836,Abuja,2024-05-01,2024-08-23,4,187,592000
837,PH,2024-08-20,2024-02-15,3,146,608000
838,Abuja,2024-05-20,2024-08-19,4,183,567000
839,Lagos,2024-05-14,2024-06-04,4,194,538000
840,Ibadan,2024-05-29,2024-09-12,5,207,1100000
841,Ibadan,2024-04-07,2024-05-29,1,31,186000
842,PH,2024-06-21,2024-10-07,5,2077,467000
843,PH,2024-04-10,2024-09-13,3,160,528000
844,Ibadan,2024-08-03,2024-01-25,4,199,698000
845,Ibadan,2024-09-01,2024-11-27,5,239,1397000
846,Abuja,2024-06-05,2024-10-16,3,130,303000
847,PH,2024-11-09,2024-11-23,4,171,748000
848,Abuja,2024-09-26,2024-01-01,1,32,101000
849,Lagos,2024-05-10,2024-08-19,1,753,337000
850,Ibadan,2024-11-01,2024-11-19,4,173,821000
851,PH,2024-12-01,2024-04-09,1,50,194000
852,PH,2024-08-28,2024-02-07,1,36,285000
853,PH,2024-02-08,2024-03-17,1,42,98000
854,Lagos,2024-11-02,2024-01-24,4,161,578000
855,Ibadan,2024-01-04,2024-06-24,3,120,587000
856,Abuja,2024-01-31,2024-03-24,3,157,603000
857,Abuja,2024-03-13,2024-04-24,1,68,390000
858,Abuja,2024-05-14,2024-10-18,5,193,916000
859,Lagos,2024-06-24,2024-08-14,3,1410,740000
860,Lagos,2024-09-02,2024-12-22,3,143,593000
861,PH,2024-12-24,2024-12-08,3,146,708000
862,Abuja,2024-08-18,2024-02-15,5,227,1257000
863,Lagos,2024-05-16,2024-06-10,1,33,104000
864,Abuja,2024-08-16,2024-09-27,1,37,229000
865,Lagos,2024-08-28,2024-12-20,1,67,134000
866,PH,2024-12-21,2024-02-29,1,31,-1000
867,Abuja,2024-01-08,2024-02-22,5,2454,822000
868,Abuja,2024-08-03,2024-09-10,1,36,103000
869,Lagos,2024-01-02,2024-05-29,4,187,837000
870,Ibadan,2024-05-24,2024-09-06,2,118,358000
871,Abuja,2024-01-15,2024-01-29,2,75,184000
872,Abuja,2024-03-12,2024-08-11,1,61,304000
873,Ibadan,2024-02-17,2024-06-03,4,198,745000
874,PH,2024-11-26,2024-05-04,1,77,283000
875,PH,2024-06-30,2024-11-11,4,199,511000
876,Ibadan,2024-05-04,2024-07-27,5,236,1312000
877,Abuja,2024-06-17,2024-12-06,3,157,716000
878,PH,2024-09-12,2024-12-11,3,136,461000
879,PH,2024-04-18,2024-07-13,1,45,216000
880,Lagos,2024-10-26,2024-01-31,5,226,788000
881,Abuja,2024-05-14,2024-10-16,2,81,198000
882,Ibadan,2024-02-10,2024-03-15,3,155,392000
883,Ibadan,2024-08-19,2024-02-16,3,148,798000
884,Lagos,2024-07-16,2024-10-25,4,178,801000
885,Lagos,2024-05-04,2024-09-05,4,179,798000
886,Abuja,2024-01-21,2024-01-31,3,125,371000
887,PH,2024-09-06,2024-12-16,3,155,858000
888,Lagos,2024-01-02,2024-05-03,5,200,551000
889,Lagos,2024-06-24,2024-07-04,2,99,405000
890,Ibadan,2024-07-07,2024-08-09,5,212,587000
891,Ibadan,2024-07-26,2024-09-19,3,151,530000
892,PH,2024-12-13,2024-02-22,5,198,632000
893,Abuja,2024-11-30,2024-02-05,5,237,728000
894,PH,2024-09-15,2024-11-20,1,76,316000
895,Lagos,2024-10-13,2024-11-13,1,56,216000
896,PH,2024-05-20,2024-06-19,2,72,167000
897,Lagos,2024-04-09,2024-08-16,1,80,197000
898,Lagos,2024-07-22,2024-12-03,4,187,963000
899,PH,2024-09-12,2024-12-07,5,205,915000
900,Ibadan,2024-06-16,2024-07-24,1,33,138000
901,PH,2024-05-19,2024-08-08,5,198,757000
902,Abuja,2024-11-26,2024-03-05,3,144,712000
903,Abuja,2024-03-22,2024-07-27,3,125,572000
904,Ibadan,2024-06-21,2024-07-19,3,131,651000
905,Ibadan,2024-03-22,2024-03-14,2,95,288000
906,Lagos,2024-10-28,2024-04-14,4,162,701000
907,Ibadan,2024-03-14,2024-08-13,5,209,630000
908,Lagos,2024-10-05,2024-11-13,4,166,694000
909,PH,2024-08-08,2024-07-29,3,1572,659000
910,Abuja,2024-05-11,2024-08-10,4,159,570000
911,Lagos,2024-08-23,2024-02-07,2,110,450000
912,Lagos,2024-06-28,2024-07-10,4,181,492000
913,PH,2024-09-23,2024-10-31,3,160,629000
914,Abuja,2024-08-25,2024-11-21,4,171,937000
915,Ibadan,2024-10-11,2024-03-14,5,212,720000
916,PH,2024-05-01,2024-04-23,1,55,327000
917,PH,2024-06-10,2024-11-22,3,1367,669000
918,Lagos,2024-01-14,2024-03-14,3,114,316000
919,Abuja,2024-10-18,2024-12-03,3,149,498000
920,PH,2024-07-09,2024-07-01,4,182,99400
921,Ibadan,2024-02-19,2024-06-30,1,70,211000
922,PH,2024-02-01,2024-06-06,5,198,962000
923,PH,2024-01-22,2024-04-29,3,145,559000
924,PH,2024-01-05,2024-03-25,2,105,281000
925,Abuja,2024-09-08,2024-12-10,5,236,1273000
926,Ibadan,2024-10-12,2024-03-25,1,48,92000
927,Abuja,2024-01-11,2024-06-28,1,34,22000
928,Lagos,2024-10-14,2024-12-21,1,47,252000
929,Abuja,2024-07-08,2024-10-10,1,70,270000
930,Abuja,2024-07-23,2024-01-09,1,69,187000
931,Lagos,2024-10-19,2024-01-16,5,218,769000
932,Abuja,2024-12-10,2024-05-18,5,211,943000
933,PH,2024-06-23,2024-12-09,3,148,783000
934,PH,2024-10-03,2024-11-16,4,173,553000
935,PH,2024-06-06,2024-11-01,2,105,403000
936,PH,2024-04-11,2024-06-24,5,205,679000
937,Lagos,2024-09-18,2024-12-25,1,69,210000
938,Lagos,2024-09-25,2024-02-10,2,96,339000
939,Lagos,2024-03-06,2024-07-07,3,142,680000
940,PH,2024-09-02,2024-01-26,3,147,707000
941,Abuja,2024-01-08,2024-03-25,5,207,546000
942,Lagos,2024-10-05,2024-11-12,4,2024,872000
943,Lagos,2024-11-30,2024-03-27,3,149,664000
944,Lagos,2024-07-06,2024-10-24,3,136,670000
945,PH,2024-12-26,2024-01-20,5,238,868000
946,Ibadan,2024-09-04,2024-12-14,2,88,342000
947,Ibadan,2024-01-04,2024-02-05,3,133,321000
948,Ibadan,2024-04-20,2024-08-27,3,118,559000
949,PH,2024-03-02,2024-05-25,4,199,558000
950,Lagos,2024-09-27,2024-12-07,5,222,1229000
951,PH,2024-12-11,2024-03-02,2,105,361000
952,Abuja,2024-04-21,2024-07-16,3,143,726000
953,Lagos,2024-03-07,2024-06-18,1,39,25000
954,PH,2024-07-31,2024-11-06,1,63,232000
955,PH,2024-07-08,2024-09-29,1,70,298000
956,Lagos,2024-12-14,2024-03-16,4,154,718000
957,Ibadan,2024-08-15,2024-12-23,4,178,570000
958,PH,2024-04-13,2024-05-23,3,157,507000
959,Abuja,2024-06-07,2024-10-28,3,111,379000
960,PH,2024-03-22,2024-08-04,3,127,458000
961,Lagos,2024-09-13,2024-11-20,3,159,902000
962,Abuja,2024-04-15,2024-09-01,2,78,320000
963,PH,2024-03-07,2024-07-13,5,212,806000
964,Lagos,2024-01-08,2024-03-15,2,110,245000
965,Lagos,2024-02-25,2024-08-13,1,66,224000
966,Ibadan,2024-05-01,2024-10-02,2,113,564000
967,Abuja,2024-12-23,2024-06-06,2,90,409000
968,PH,2024-05-03,2024-08-17,1,31,169000
969,PH,2024-04-24,2024-10-19,1,52,239000
970,Abuja,2024-01-08,2024-02-10,1,31,171000
971,Ibadan,2024-11-18,2024-03-20,1,50,155000
972,PH,2024-05-23,2024-10-15,5,214,705000
973,Abuja,2024-05-03,2024-05-01,4,165,581000
974,PH,2024-02-07,2024-04-02,5,231,810000
975,PH,2024-07-17,2024-08-26,4,159,526000
976,Ibadan,2024-01-25,2024-02-20,1,50,149000
977,Lagos,2024-03-20,2024-08-29,3,143,542000
978,Abuja,2024-01-13,2024-03-26,4,181,665000
979,Abuja,2024-09-06,2024-12-08,5,190,806000
980,Ibadan,2024-12-06,2024-02-24,2,109,417000
981,PH,2024-07-24,2024-11-30,1,38,246000
982,Ibadan,2024-01-06,2024-03-03,2,109,492000
983,PH,2024-03-20,2024-08-06,4,193,567000
984,Ibadan,2024-09-01,2024-11-24,5,211,1126000
985,Lagos,2024-10-16,2024-10-30,2,99,341000
986,Ibadan,2024-01-12,2024-06-15,2,102,231000
987,Ibadan,2024-03-26,2024-05-05,5,213,803000
988,Ibadan,2024-09-23,2024-02-10,5,211,746000
989,Lagos,2024-03-30,2024-09-20,5,231,1235000
990,Lagos,2024-06-30,2024-12-13,1,58,339000
991,Lagos,2024-01-15,2024-04-24,4,182,733000
992,PH,2024-02-27,2024-05-26,3,127,395000
993,PH,2024-01-05,2024-03-04,1,71,293000
994,Abuja,2024-02-19,2024-05-02,1,72,272000
995,PH,2024-09-12,2024-11-25,2,872,357000
996,PH,2024-09-16,2024-11-24,3,1292,783000
997,Lagos,2024-12-18,2024-04-18,4,179,933000
998,Abuja,2024-01-06,2024-03-30,2,103,354000
999,Ibadan,2024-08-19,2024-10-12,5,194,989000
1000,Abuja,2024-06-10,2024-07-03,5,2228,612000
1001,Lagos,2024-05-26,2024-10-14,4,152,456000
1002,Abuja,2024-02-22,2024-07-18,4,200,893000
1003,PH,2024-06-10,2024-11-15,1,31,37000
1004,Ibadan,2024-12-17,2024-03-10,4,168,810000
1005,Abuja,2024-01-18,2024-05-11,3,114,410000
1006,PH,2024-07-23,2024-12-26,5,2368,842000
1007,Abuja,2024-06-16,2024-08-06,3,144,817000
1008,Lagos,2024-08-07,2024-10-28,1,38,261000
1009,Ibadan,2024-06-13,2024-09-29,1,48,208000
1010,Lagos,2024-05-21,2024-10-18,1,76,207000
1011,PH,2024-11-18,2024-05-09,3,134,634000
1012,Lagos,2024-09-08,2024-12-20,1,66,243000
1013,Ibadan,2024-01-11,2024-05-20,5,207,594000
1014,Ibadan,2024-11-30,2024-05-25,3,110,293000
1015,Abuja,2024-04-22,2024-06-18,1,61,279000
1016,Abuja,2024-05-20,2024-11-02,5,197,974000
1017,PH,2024-05-18,2024-10-17,4,158,686000
1018,PH,2024-12-13,2024-05-13,1,56,249000
1019,Abuja,2024-01-26,2024-04-18,1,78,361000
1020,PH,2024-07-10,2024-10-11,2,100,237000
1021,Ibadan,2024-05-26,2024-10-21,4,182,978000
1022,Lagos,2024-11-14,2024-01-19,1,60,255000
1023,Abuja,2024-01-27,2024-01-17,5,230,638000
1024,Lagos,2024-08-24,2024-01-13,1,41,18000
1025,Lagos,2024-10-30,2024-12-07,1,667,334000
1026,Lagos,2024-01-16,2024-06-26,5,216,562000
1027,Abuja,2024-09-30,2024-02-28,4,194,892000
1028,Abuja,2024-11-23,2024-03-03,5,204,694000
1029,Abuja,2024-03-30,2024-06-04,3,141,784000
1030,Abuja,2024-08-29,2024-08-25,3,125,460000
1031,Abuja,2024-05-01,2024-07-01,3,124,275000
1032,Lagos,2024-11-29,2024-02-15,4,156,595000
1033,Abuja,2024-03-02,2024-03-18,5,213,766000
1034,Abuja,2024-09-05,2024-10-12,2,99,429000
1035,Abuja,2024-10-15,2024-03-30,2,96,365000
1036,PH,2024-11-28,2024-02-17,1,63,326000
1037,Ibadan,2024-06-04,2024-08-11,4,164,788000
1038,Abuja,2024-02-27,2024-08-05,5,194,859000
1039,Abuja,2024-06-20,2024-10-03,3,139,422000
1040,PH,2024-08-12,2024-08-28,4,194,826000
1041,Ibadan,2024-04-11,2024-09-30,4,177,7550000
1042,PH,2024-08-14,2024-01-17,1,62,145000
1043,Ibadan,2024-06-22,2024-07-30,3,135,517000
1044,PH,2024-06-09,2024-11-19,1,40,208000
1045,PH,2024-02-13,2024-06-22,5,196,656000
1046,PH,2024-04-06,2024-08-09,4,1679,751000
1047,Ibadan,2024-10-31,2024-04-01,4,192,623000
1048,Ibadan,2024-06-12,2024-09-25,4,178,701000
1049,Abuja,2024-08-17,2024-10-20,2,82,370000
1050,Lagos,2024-08-05,2024-01-25,4,1722,742000
1051,Abuja,2024-05-01,2024-07-29,5,217,653000
1052,PH,2024-05-02,2024-06-20,4,164,492000
1053,Abuja,2024-08-23,2024-01-08,1,37,19300
1054,Ibadan,2024-08-16,2024-10-30,4,167,666000
1055,Lagos,2024-08-07,2024-10-26,5,230,737000
1056,Lagos,2024-07-25,2024-11-18,1,59,148000
1057,Abuja,2024-03-02,2024-02-22,4,188,919000
1058,Abuja,2024-03-09,2024-09-03,4,197,952000
1059,PH,2024-08-04,2024-11-11,4,151,780000
1060,Abuja,2024-06-23,2024-12-20,2,75,299000
1061,Abuja,2024-06-19,2024-11-04,2,87,431000
1062,Ibadan,2024-11-29,2024-02-28,3,110,411000
1063,Ibadan,2024-01-13,2024-02-29,3,132,593000
1064,Ibadan,2024-10-26,2024-01-10,1,62,300000
1065,Ibadan,2024-12-22,2024-02-18,2,77,421000
1066,Ibadan,2024-02-12,2024-03-11,4,176,482000
1067,Ibadan,2024-10-01,2024-01-16,3,124,510000
1068,PH,2024-01-07,2024-03-03,1,44,228000
1069,Lagos,2024-10-07,2024-03-01,5,195,599000
1070,PH,2024-04-15,2024-10-09,3,135,417000
1071,Ibadan,2024-07-23,2024-12-26,5,205,525000
1072,PH,2024-09-25,2024-11-27,2,83,239000
1073,Abuja,2024-04-16,2024-06-11,4,179,648000
1074,Ibadan,2024-10-26,2024-12-03,3,126,638000
1075,PH,2024-07-20,2024-12-26,1,70,343000
1076,Lagos,2024-07-08,2024-09-22,5,226,968000
1077,Abuja,2024-03-10,2024-08-22,3,142,520000
1078,PH,2024-06-29,2024-08-14,5,240,715000
1079,Abuja,2024-02-27,2024-05-05,1,73,2440000
1080,PH,2024-02-16,2024-05-11,1,73,224000
1081,Ibadan,2024-07-11,2024-07-23,1,49,169000
1082,PH,2024-06-18,2024-11-05,2,95,261000
1083,Abuja,2024-12-04,2024-01-16,3,139,488000
1084,Abuja,2024-08-07,2024-09-13,5,208,1037000
1085,PH,2024-06-04,2024-10-28,1,77,310000
1086,Ibadan,2024-06-07,2024-09-28,5,201,1067000
1087,Ibadan,2024-02-12,2024-03-23,5,237,1179000
1088,PH,2024-10-22,2024-12-08,3,111,299000
1089,Abuja,2024-06-20,2024-10-29,3,117,378000
1090,Lagos,2024-02-23,2024-06-04,4,177,891000
1091,PH,2024-02-26,2024-07-27,2,90,406000
1092,PH,2024-09-26,2024-02-26,5,2368,766000
1093,PH,2024-02-11,2024-03-13,5,209,499000
1094,Abuja,2024-07-22,2024-10-14,4,171,915000
1095,Ibadan,2024-08-01,2024-10-25,5,206,639000
1096,Lagos,2024-04-18,2024-05-30,1,49,209000
1097,Lagos,2024-08-24,2024-09-28,4,163,605000
1098,Ibadan,2024-11-21,2024-05-12,5,192,907000
1099,PH,2024-01-07,2024-03-20,1,52,39000
1100,Ibadan,2024-01-02,2024-01-29,5,217,847000
1101,Abuja,2024-06-13,2024-08-18,3,114,413000
1102,Abuja,2024-04-22,2024-06-08,3,122,422000
1103,PH,2024-11-09,2024-03-29,4,172,830000
1104,Ibadan,2024-11-30,2024-04-08,5,224,1008000
1105,Ibadan,2024-02-24,2024-05-02,3,122,680000
1106,PH,2024-08-23,2024-12-03,4,197,722000
1107,Ibadan,2024-01-10,2024-02-27,5,205,969000
1108,Abuja,2024-08-15,2024-09-15,4,158,904000
1109,Lagos,2024-02-06,2024-06-05,3,142,368000
1110,Lagos,2024-05-03,2024-05-26,1,59,343000
1111,Ibadan,2024-05-12,2024-08-19,5,228,589000
1112,Abuja,2024-03-04,2024-04-19,4,181,921000
1113,PH,2024-04-22,2024-06-06,5,202,513000
1114,PH,2024-08-28,2024-12-04,2,99,445000
1115,Abuja,2024-11-08,2024-12-28,5,228,1033000
1116,Abuja,2024-04-09,2024-05-22,4,169,582000
1117,PH,2024-03-06,2024-04-14,5,207,781000
1118,Lagos,2024-08-16,2024-01-08,2,109,366000
1119,Abuja,2024-05-12,2024-08-13,3,155,634000
1120,Lagos,2024-10-03,2024-12-12,3,154,511000
1121,Ibadan,2024-03-09,2024-06-21,4,158,689000
1122,Lagos,2024-07-02,2024-11-11,4,192,662000
1123,Abuja,2024-04-11,2024-08-03,4,192,774000
1124,Ibadan,2024-01-12,2024-05-28,1,34,42000
1125,PH,2024-02-03,2024-07-17,2,78,209000
1126,Ibadan,2024-03-14,2024-07-30,2,105,361000
1127,PH,2024-10-06,2024-03-06,1,67,261000
1128,Abuja,2024-01-12,2024-06-19,3,112,435000
1129,Abuja,2024-02-14,2024-03-06,1,60,188000
1130,PH,2024-07-14,2024-11-05,4,200,843000
1131,PH,2024-12-09,2024-05-31,3,147,646000
1132,PH,2024-03-05,2024-05-15,1,37,147000
1133,Ibadan,2024-09-14,2024-02-01,2,111,443000
1134,Lagos,2024-11-23,2024-12-05,3,138,529000
1135,Lagos,2024-02-04,2024-02-28,2,86,217000
1136,Lagos,2024-01-24,2024-05-27,4,186,546000
1137,Abuja,2024-11-29,2024-02-06,5,232,1097000
1138,Abuja,2024-06-14,2024-08-19,1,70,399000
1139,PH,2024-08-12,2024-10-06,2,113,587000
1140,Ibadan,2024-09-02,2024-01-19,3,127,510000
1141,Ibadan,2024-02-28,2024-06-01,1,65,299000
1142,Ibadan,2024-02-12,2024-04-09,5,196,683000
1143,PH,2024-06-27,2024-08-11,1,76,327000
1144,Ibadan,2024-04-30,2024-09-19,2,90,379000
1145,Lagos,2024-08-22,2024-01-26,1,75,249000
1146,Ibadan,2024-03-27,2024-07-22,5,212,555000
1147,Lagos,2024-12-10,2024-05-28,2,111,511000
1148,Lagos,2024-11-28,2024-04-20,1,51,260000
1149,Lagos,2024-04-28,2024-09-19,3,155,504000
1150,Lagos,2024-01-23,2024-06-29,1,57,182000
1151,PH,2024-03-18,2024-06-24,2,120,558000
1152,Abuja,2024-07-10,2024-09-22,1,58,251000
1153,Abuja,2024-02-10,2024-08-04,3,134,517000
1154,Ibadan,2024-03-07,2024-08-18,2,98,394000
1155,PH,2024-03-10,2024-03-03,3,142,500000
1156,Ibadan,2024-03-16,2024-04-17,1,37,129000
1157,PH,2024-07-17,2024-08-19,2,103,340000
1158,Ibadan,2024-01-20,2024-07-18,3,146,664000
1159,Lagos,2024-01-22,2024-07-20,2,80,397000
1160,Lagos,2024-02-28,2024-07-01,4,167,784000
1161,Ibadan,2024-08-15,2024-12-21,5,211,1121000
1162,PH,2024-07-21,2024-08-13,2,76,106000
1163,Ibadan,2024-04-13,2024-05-06,4,183,1010000
1164,Lagos,2024-05-24,2024-09-13,5,202,1035000
1165,Abuja,2024-07-07,2024-07-31,1,45,75000
1166,Abuja,2024-06-24,2024-07-14,5,226,888000
1167,Abuja,2024-01-15,2024-06-29,3,152,415000
1168,PH,2024-04-15,2024-07-28,1,37,200000
1169,Abuja,2024-08-06,2024-01-30,3,153,785000
1170,Abuja,2024-07-23,2024-08-06,1,60,78000
1171,PH,2024-03-03,2024-07-06,5,202,1045000
1172,Lagos,2024-12-25,2024-05-14,4,172,669000
1173,PH,2024-04-07,2024-04-17,1,43,164000
1174,Ibadan,2024-05-06,2024-08-28,3,125,628000
1175,Lagos,2024-03-24,2024-09-12,4,193,914000
1176,PH,2024-01-22,2024-02-06,1,38,-25000
1177,Lagos,2024-09-18,2024-01-29,5,237,1323000
1178,Abuja,2024-08-21,2024-02-17,1,49,119000
1179,Lagos,2024-07-14,2024-11-25,3,147,673000
1180,Abuja,2024-11-14,2024-03-13,5,232,794000
1181,Ibadan,2024-06-10,2024-09-14,3,122,255000
1182,Lagos,2024-05-10,2024-10-04,1,36,158000
1183,Lagos,2024-02-11,2024-04-12,3,146,344000
1184,PH,2024-07-03,2024-09-03,5,2573,709000
1185,Ibadan,2024-01-14,2024-04-29,3,119,363000
1186,PH,2024-09-09,2024-10-01,5,205,764000
1187,Ibadan,2024-04-22,2024-06-09,5,196,753000
1188,PH,2024-11-07,2024-12-03,5,236,864000
1189,PH,2024-05-20,2024-10-12,3,113,477000
1190,Abuja,2024-03-26,2024-05-01,2,107,210000
1191,PH,2024-09-14,2024-11-04,5,212,1128000
1192,Ibadan,2024-04-19,2024-07-04,1,53,261000
1193,Lagos,2024-04-18,2024-09-04,5,202,974000
1194,Abuja,2024-05-14,2024-09-16,1,34,176000
1195,Abuja,2024-10-01,2024-11-18,2,71,259000
1196,Abuja,2024-02-08,2024-07-04,2,98,225000
1197,Lagos,2024-05-24,2024-09-17,1,67,172000
1198,Lagos,2024-03-12,2024-06-11,5,2314,759000
1199,Abuja,2024-11-19,2024-12-20,1,67,156000
1200,Lagos,2024-01-07,2024-02-08,3,160,357000
1201,Ibadan,2024-06-23,2024-07-19,4,197,507000
1202,Lagos,2024-11-10,2024-11-07,2,101,345000
1203,Abuja,2024-05-28,2024-09-15,4,161,892000
1204,Ibadan,2024-10-03,2024-02-13,1,37,143000
1205,Abuja,2024-12-19,2024-02-16,2,105,382000
1206,Lagos,2024-07-23,2024-09-25,4,178,892000
1207,Ibadan,2024-01-13,2024-06-22,5,191,670000
1208,PH,2024-07-21,2024-09-18,2,106,312000
1209,Abuja,2024-09-06,2024-11-23,1,33,164000
1210,Abuja,2024-01-11,2024-02-14,3,129,511000
1211,Lagos,2024-01-29,2024-04-29,1,68,337000
1212,Ibadan,2024-05-05,2024-07-11,1,36,140000
1213,Abuja,2024-06-27,2024-09-12,1,66,254000
1214,Ibadan,2024-01-05,2024-05-18,4,151,421000
1215,PH,2024-05-26,2024-09-04,1,61,307000
1216,PH,2024-04-18,2024-08-15,2,78,254000
1217,Ibadan,2024-12-29,2024-03-25,1,48,183000
1218,Lagos,2024-10-31,2024-01-26,1,30,154000
1219,Ibadan,2024-03-13,2024-06-20,4,153,461000
1220,Abuja,2024-12-05,2024-04-18,3,140,630000
1221,Abuja,2024-03-02,2024-04-04,3,156,864000
1222,Abuja,2024-05-18,2024-05-29,2,90,345000
1223,Ibadan,2024-04-22,2024-07-14,4,186,510000
1224,PH,2024-06-30,2024-07-17,5,202,603000
1225,PH,2024-03-07,2024-07-03,4,170,749000
1226,PH,2024-02-22,2024-06-21,2,107,387000
1227,Abuja,2024-10-19,2024-04-04,5,200,718000
1228,Lagos,2024-03-31,2024-05-04,1,73,322000
1229,Abuja,2024-03-26,2024-09-04,5,233,663000
1230,Ibadan,2024-07-22,2024-09-20,5,239,995000
1231,Lagos,2024-04-26,2024-08-06,1,43,366000
1232,Lagos,2024-08-01,2024-01-09,3,112,441000
1233,Ibadan,2024-02-04,2024-07-06,4,168,566000
1234,Abuja,2024-08-05,2024-12-23,2,89,402000
1235,Lagos,2024-05-22,2024-10-30,1,56,225000
1236,PH,2024-01-26,2024-05-15,3,123,379000
1237,PH,2024-03-29,2024-07-13,2,116,559000
1238,Ibadan,2024-10-29,2024-04-22,5,217,969000
1239,Lagos,2024-03-30,2024-08-28,1,57,312000
1240,Ibadan,2024-10-13,2024-12-11,4,187,634000
1241,PH,2024-05-23,2024-08-25,2,86,592000
1242,PH,2024-01-02,2024-01-23,2,84,478000
1243,Ibadan,2024-09-04,2024-01-04,2,105,293000
1244,Abuja,2024-08-30,2024-02-02,5,207,1010000
1245,Ibadan,2024-05-13,2024-08-30,2,83,282000
1246,PH,2024-08-19,2024-12-25,2,98,363000
1247,PH,2024-01-31,2024-03-28,2,77,426000
1248,Lagos,2024-05-01,2024-06-12,1,59,131000
1249,Lagos,2024-05-10,2024-08-15,1,37,163000
1250,Ibadan,2024-04-26,2024-05-23,1,51,128000
1251,Lagos,2024-05-03,2024-07-29,1,68,255000
1252,Abuja,2024-05-18,2024-08-16,5,219,794000
1253,Abuja,2024-08-01,2024-01-08,4,2153,1065000
1254,Abuja,2024-04-24,2024-07-09,4,200,799000
1255,Ibadan,2024-10-23,2024-04-05,1,30,147000
1256,PH,2024-12-28,2024-02-21,4,196,928000
1257,Lagos,2024-05-01,2024-07-09,2,95,304000
1258,Ibadan,2024-05-20,2024-09-20,3,127,327000
1259,Ibadan,2024-04-05,2024-07-19,4,150,743000
1260,PH,2024-04-13,2024-08-30,4,181,901000
1261,Ibadan,2024-10-03,2024-03-15,1,77,246000
1262,Lagos,2024-02-08,2024-03-30,4,173,819000
1263,Ibadan,2024-05-15,2024-09-25,5,209,650000
1264,PH,2024-07-29,2024-01-16,1,35,92000
1265,Ibadan,2024-07-06,2024-12-27,2,119,280000
1266,Lagos,2024-06-18,2024-11-17,2,77,182000
1267,Lagos,2024-04-27,2024-06-18,1,38,66000
1268,PH,2024-07-08,2024-11-29,2,76,197000
1269,PH,2024-04-18,2024-08-12,1,69,133000
1270,Ibadan,2024-08-29,2024-01-09,4,153,473000
1271,Ibadan,2024-08-27,2024-01-15,3,153,543000
1272,PH,2024-08-22,2024-11-14,5,224,1184000
1273,PH,2024-12-06,2024-05-05,3,153,707000
1274,Ibadan,2024-06-17,2024-06-15,3,137,789000
1275,Lagos,2024-03-21,2024-07-09,2,71,299000
1276,PH,2024-02-02,2024-01-14,2,120,464000
1277,PH,2024-01-19,2024-05-14,3,154,633000
1278,Lagos,2024-06-25,2024-12-09,4,190,1029000
1279,PH,2024-01-15,2024-06-21,5,229,771000
1280,Ibadan,2024-03-11,2024-06-20,1,517,135000
1281,PH,2024-07-22,2024-01-19,5,213,976000
1282,PH,2024-05-30,2024-08-30,3,111,262000
1283,Lagos,2024-06-14,2024-12-08,4,190,681000
1284,PH,2024-03-28,2024-07-29,4,181,467000
1285,PH,2024-08-14,2024-01-27,3,144,731000
1286,PH,2024-07-13,2024-11-21,4,189,711000
1287,PH,2024-04-16,2024-09-01,1,52,329000
1288,Ibadan,2024-12-05,2024-03-14,5,225,1060000
1289,PH,2024-02-14,2024-03-19,4,173,918000
1290,Ibadan,2024-06-20,2024-11-20,1,39,116000
1291,PH,2024-03-25,2024-05-15,2,71,143000
1292,Ibadan,2024-04-24,2024-10-03,2,114,4120000
1293,PH,2024-11-17,2024-12-04,4,191,950000
1294,Lagos,2024-04-24,2024-05-17,5,2465,659000
1295,Abuja,2024-07-01,2024-10-26,2,117,356000
1296,Abuja,2024-06-18,2024-06-17,1,62,404000
1297,Abuja,2024-04-08,2024-08-08,5,203,535000
1298,Abuja,2024-02-07,2024-05-25,2,84,406000
1299,PH,2024-08-20,2024-08-31,4,152,766000
1300,Ibadan,2024-03-08,2024-07-02,4,179,833000
1301,Lagos,2024-08-29,2024-01-10,1,45,206000
1302,Abuja,2024-03-07,2024-08-25,2,112,493000
1303,Lagos,2024-06-20,2024-09-26,4,180,1040000
1304,Abuja,2024-03-23,2024-06-04,2,113,387000
1305,Ibadan,2024-04-17,2024-04-16,2,85,407000
1306,PH,2024-09-18,2024-11-09,4,177,1006000
1307,Ibadan,2024-08-05,2024-12-25,2,89,356000
1308,PH,2024-07-02,2024-11-25,3,118,681000
1309,Abuja,2024-11-09,2024-01-06,2,91,310000
1310,Lagos,2024-07-25,2024-01-06,3,142,672000
1311,PH,2024-01-13,2024-04-20,1,43,38000
1312,Lagos,2024-09-02,2024-01-22,4,165,802000
1313,Ibadan,2024-08-01,2024-09-06,4,179,505000
1314,PH,2024-11-27,2024-04-10,3,135,385000
1315,Abuja,2024-06-09,2024-07-26,2,103,415000
1316,Ibadan,2024-11-24,2024-01-20,2,116,572000
1317,PH,2024-03-17,2024-04-05,3,146,728000
1318,Ibadan,2024-06-04,2024-09-01,3,134,696000
1319,Ibadan,2024-09-21,2024-01-20,4,195,676000
1320,PH,2024-03-30,2024-07-26,5,234,1035000
1321,PH,2024-04-28,2024-06-12,3,150,390000
1322,Abuja,2024-01-02,2024-03-18,3,134,383000
1323,Abuja,2024-04-02,2024-04-30,2,95,513000
1324,Ibadan,2024-03-14,2024-09-01,5,196,728000
1325,Lagos,2024-04-30,2024-05-25,2,79,354000
1326,Lagos,2024-03-11,2024-07-29,2,76,39100
1327,PH,2024-05-01,2024-08-23,3,121,563000
1328,PH,2024-05-15,2024-09-27,1,38,153000
1329,Ibadan,2024-05-10,2024-05-24,4,181,875000
1330,Abuja,2024-09-26,2024-10-30,5,201,612000
1331,PH,2024-07-04,2024-10-15,1,657,225000
1332,Ibadan,2024-08-11,2024-10-17,3,148,494000
1333,PH,2024-03-07,2024-04-27,5,214,1097000
1334,Abuja,2024-03-16,2024-06-19,4,177,671000
1335,Ibadan,2024-12-10,2024-03-09,1,44,289000
1336,PH,2024-05-01,2024-06-08,5,220,567000
1337,PH,2024-01-13,2024-03-05,2,861,462000
1338,Abuja,2024-04-18,2024-09-29,2,73,267000
1339,Ibadan,2024-04-23,2024-09-14,3,145,431000
1340,Lagos,2024-12-11,2024-12-28,4,175,909000
1341,PH,2024-06-20,2024-12-03,1,48,155000
1342,PH,2024-04-16,2024-07-21,1,55,241000
1343,Ibadan,2024-09-21,2024-02-06,4,193,597000
1344,Ibadan,2024-03-31,2024-07-28,3,145,558000
1345,Ibadan,2024-03-26,2024-05-20,1,44,228000
1346,PH,2024-12-19,2024-01-27,2,112,266000
1347,Abuja,2024-03-26,2024-04-18,4,189,931000
1348,Lagos,2024-07-31,2024-09-06,1,52,232000
1349,Ibadan,2024-09-21,2024-09-07,3,135,600000
1350,Lagos,2024-04-28,2024-08-29,4,195,611000
1351,PH,2024-11-21,2024-01-19,5,217,1018000
1352,PH,2024-02-19,2024-05-05,2,118,430000
1353,Lagos,2024-08-30,2024-11-21,1,53,337000
1354,Lagos,2024-11-04,2024-02-16,4,176,879000
1355,PH,2024-12-26,2024-06-24,2,100,364000
1356,Abuja,2024-10-14,2024-01-05,1,37,159000
1357,PH,2024-10-31,2024-02-09,3,120,427000
1358,Ibadan,2024-06-16,2024-11-20,3,142,806000
1359,Lagos,2024-02-27,2024-06-27,5,197,752000
1360,PH,2024-07-17,2024-07-13,3,1464,739000
1361,Abuja,2024-07-31,2024-12-08,3,112,568000
1362,Abuja,2024-05-15,2024-10-05,3,129,706000
1363,Lagos,2024-11-23,2024-01-31,5,239,1140000
1364,Lagos,2024-10-22,2024-12-10,5,213,941000
1365,PH,2024-02-13,2024-06-27,2,85,340000
1366,Ibadan,2024-02-13,2024-05-21,1,49,191000
1367,Abuja,2024-06-12,2024-10-08,1,48,94000
1368,Ibadan,2024-03-23,2024-07-20,1,74,288000
1369,Lagos,2024-01-20,2024-02-15,4,187,788000
1370,Lagos,2024-03-08,2024-03-20,1,63,166000
1371,Ibadan,2024-10-03,2024-10-24,5,194,908000
1372,PH,2024-05-17,2024-08-30,5,210,598000
1373,Ibadan,2024-02-24,2024-05-30,1,581,203000
1374,Lagos,2024-12-19,2024-02-28,5,203,936000
1375,Abuja,2024-06-25,2024-07-19,5,233,712000
1376,Lagos,2024-02-05,2024-07-13,2,92,502000
1377,Lagos,2024-10-06,2024-12-30,1,31,88000
1378,Ibadan,2024-04-08,2024-08-30,2,93,464000
1379,Ibadan,2024-08-18,2024-08-06,4,185,577000
1380,Ibadan,2024-09-15,2024-11-07,1,53,185000
1381,Lagos,2024-11-15,2024-12-04,2,105,297000
1382,PH,2024-07-14,2024-12-05,4,171,804000
1383,PH,2024-04-20,2024-04-30,1,36,192000
1384,Lagos,2024-11-15,2024-11-29,2,120,425000
1385,PH,2024-11-03,2024-11-24,1,58,212000
1386,Abuja,2024-07-25,2024-12-19,4,159,919000
1387,Abuja,2024-09-15,2024-03-01,3,138,777000
1388,Ibadan,2024-03-27,2024-05-09,3,133,582000
1389,PH,2024-12-21,2024-05-31,2,98,325000
1390,Ibadan,2024-12-17,2024-04-21,1,60,183000
1391,Lagos,2024-08-01,2024-10-26,4,176,793000
1392,PH,2024-04-12,2024-07-16,2,87,420000
1393,Ibadan,2024-12-24,2024-01-21,5,236,1048000
1394,Ibadan,2024-03-25,2024-06-21,3,137,415000
1395,Abuja,2024-03-08,2024-06-07,3,135,420000
1396,Abuja,2024-08-29,2024-02-11,2,109,678000
1397,Lagos,2024-03-26,2024-08-15,3,132,694000
1398,Abuja,2024-09-01,2024-10-04,3,144,826000
1399,Ibadan,2024-05-31,2024-09-15,2,79,452000
1400,PH,2024-06-23,2024-07-08,3,146,510000
1401,PH,2024-07-05,2024-12-06,5,227,944000
1402,Abuja,2024-09-03,2024-09-23,4,179,818000
1403,Ibadan,2024-08-13,2024-10-31,3,140,479000
1404,Ibadan,2024-01-05,2024-04-22,5,2121,960000
1405,PH,2024-07-01,2024-10-17,3,125,716000
1406,Abuja,2024-12-12,2024-02-29,3,158,649000
1407,Lagos,2024-07-13,2024-08-26,1,47,247000
1408,Ibadan,2024-04-13,2024-09-02,5,205,1007000
1409,Ibadan,2024-05-10,2024-11-06,4,193,525000
1410,Ibadan,2024-10-23,2024-02-07,5,232,1092000
1411,Lagos,2024-02-19,2024-03-27,5,227,1140000
1412,PH,2024-01-15,2024-06-14,1,71,293000
1413,Abuja,2024-05-27,2024-08-02,4,170,881000
1414,Abuja,2024-12-08,2024-04-08,3,148,738000
1415,PH,2024-05-07,2024-10-15,3,110,285000
1416,Abuja,2024-01-07,2024-03-15,4,195,758000
1417,Lagos,2024-03-23,2024-03-07,3,152,569000
1418,Lagos,2024-06-01,2024-07-03,5,223,1204000
1419,Abuja,2024-05-17,2024-11-04,3,136,698000
1420,Ibadan,2024-01-26,2024-05-09,3,122,633000
1421,PH,2024-11-03,2024-02-29,1,79,346000
1422,Ibadan,2024-02-01,2024-01-23,1,80,208000
1423,Ibadan,2024-02-21,2024-06-08,3,122,582000
1424,Abuja,2024-07-02,2024-07-25,2,119,325000
1425,Ibadan,2024-05-22,2024-06-16,5,204,616000
1426,Abuja,2024-08-14,2024-10-15,4,162,569000
1427,Ibadan,2024-09-30,2024-01-07,3,138,443000
1428,Ibadan,2024-03-23,2024-08-29,1,58,265000
1429,PH,2024-02-28,2024-07-15,4,1884,681000
1430,Lagos,2024-02-12,2024-06-17,5,191,979000
1431,PH,2024-04-07,2024-04-24,2,103,331000
1432,Ibadan,2024-06-14,2024-10-01,1,56,193000
1433,Abuja,2024-05-17,2024-10-26,3,145,768000
1434,Lagos,2024-02-05,2024-04-28,5,239,1166000
1435,Abuja,2024-02-14,2024-06-29,5,220,1030000
1436,Ibadan,2024-06-14,2024-11-26,1,70,260000
1437,Abuja,2024-04-07,2024-07-03,1,69,239000
1438,Lagos,2024-02-18,2024-03-29,1,53,275000
1439,Ibadan,2024-12-05,2024-04-03,4,1873,860000
1440,Ibadan,2024-05-20,2024-07-28,5,2562,642000
1441,Lagos,2024-10-17,2024-03-08,5,190,907000
1442,PH,2024-08-13,2024-01-03,3,130,501000
1443,Abuja,2024-05-23,2024-06-23,5,200,690000
1444,Lagos,2024-06-03,2024-07-04,3,152,526000
1445,PH,2024-11-13,2024-02-21,3,152,738000
1446,Ibadan,2024-06-05,2024-05-19,5,2303,1120000
1447,Abuja,2024-06-11,2024-07-15,1,65,305000
1448,PH,2024-04-22,2024-06-24,2,106,278000
1449,Ibadan,2024-10-05,2024-02-15,3,112,414000
1450,PH,2024-06-23,2024-08-22,4,176,832000
1451,PH,2024-05-09,2024-07-20,4,2013,1016000
1452,Abuja,2024-03-03,2024-02-28,1,31,262000
1453,Ibadan,2024-07-14,2024-08-18,5,197,1096000
1454,Lagos,2024-11-07,2024-12-27,2,78,426000
1455,Lagos,2024-06-18,2024-08-03,2,106,565000
1456,PH,2024-09-06,2024-12-20,1,52,303000
1457,Abuja,2024-06-23,2024-11-30,3,119,457000
1458,Ibadan,2024-07-07,2024-08-14,2,95,350000
1459,Ibadan,2024-05-31,2024-10-14,5,235,917000
1460,Abuja,2024-08-27,2024-10-31,5,197,1101000
1461,Ibadan,2024-05-21,2024-10-18,3,144,371000
1462,PH,2024-03-31,2024-07-31,4,200,567000
1463,Abuja,2024-06-06,2024-11-01,3,128,309000
1464,PH,2024-07-04,2024-12-05,5,216,918000
1465,Abuja,2024-03-23,2024-03-10,5,2562,700000
1466,Lagos,2024-06-08,2024-09-09,5,202,906000
1467,Lagos,2024-08-24,2024-10-17,3,116,371000
1468,PH,2024-08-02,2024-09-15,2,88,376000
1469,PH,2024-05-12,2024-07-02,3,149,707000
1470,Abuja,2024-12-13,2024-05-19,4,1948,766000
1471,PH,2024-03-18,2024-05-31,1,72,346000
1472,Abuja,2024-11-28,2024-02-25,1,33,195000
1473,Abuja,2024-03-09,2024-03-22,4,199,718000
1474,Lagos,2024-01-24,2024-04-23,4,163,770000
1475,Ibadan,2024-07-08,2024-12-14,1,60,342000
1476,Ibadan,2024-12-10,2024-03-31,5,197,831000
1477,Ibadan,2024-01-25,2024-04-19,1,45,39000
1478,Abuja,2024-07-03,2024-09-24,1,48,161000
1479,Lagos,2024-10-15,2024-01-28,1,56,237000
1480,PH,2024-06-30,2024-09-03,5,236,885000
1481,PH,2024-06-17,2024-12-03,2,98,441000
1482,Abuja,2024-09-26,2024-11-12,2,72,436000
1483,PH,2024-07-21,2024-12-26,2,117,544000
1484,Abuja,2024-12-13,2024-03-29,4,175,590000
1485,Lagos,2024-05-26,2024-11-05,5,240,1077000
1486,Ibadan,2024-03-13,2024-05-20,2,70,2620000
1487,PH,2024-08-26,2024-10-07,5,203,786000
1488,PH,2024-04-06,2024-06-01,2,119,362000
1489,PH,2024-03-02,2024-03-18,4,176,743000
1490,Ibadan,2024-02-21,2024-05-24,4,2002,598000
1491,Ibadan,2024-07-27,2024-11-16,3,120,430000
1492,Ibadan,2024-10-17,2024-01-09,5,232,82300
1493,Ibadan,2024-12-14,2024-04-15,3,119,470000
1494,Abuja,2024-11-19,2024-04-15,5,206,981000
1495,Ibadan,2024-09-09,2024-01-05,3,141,549000
1496,Lagos,2024-03-04,2024-07-04,3,1668,586000
1497,Ibadan,2024-06-12,2024-11-30,2,73,508000
1498,PH,2024-05-25,2024-06-28,1,56,132000
1499,Lagos,2024-12-19,2024-01-16,3,160,482000
1500,Ibadan,2024-08-16,2024-11-25,5,2508,695000
1501,Abuja,2024-08-05,2024-11-12,3,157,934000
1502,Ibadan,2024-11-20,2024-11-30,3,133,432000
1503,Abuja,2024-01-09,2024-03-25,3,154,637000
1504,Abuja,2024-06-16,2024-06-28,4,165,711000
1505,PH,2024-06-08,2024-07-04,2,83,322000
1506,Abuja,2024-02-01,2024-04-04,3,151,598000
1507,Abuja,2024-03-21,2024-05-16,1,75,359000
1508,Ibadan,2024-12-20,2024-03-15,2,72,331000
1509,Abuja,2024-05-10,2024-07-13,1,624,105000
1510,PH,2024-06-30,2024-12-05,4,175,577000
1511,PH,2024-04-21,2024-08-08,4,180,734000
1512,Abuja,2024-02-22,2024-06-19,4,185,963000
1513,Lagos,2024-03-01,2024-03-12,4,160,458000
1514,Lagos,2024-03-21,2024-07-05,2,1173,239000
1515,Ibadan,2024-03-29,2024-06-18,5,214,596000
1516,Ibadan,2024-09-22,2024-10-17,4,1970,594000
1517,Lagos,2024-09-02,2024-11-06,3,134,710000
1518,Ibadan,2024-01-17,2024-04-30,5,197,510000
1519,Abuja,2024-01-11,2024-03-13,3,152,578000
1520,Ibadan,2024-07-21,2024-08-27,2,118,407000
1521,Abuja,2024-01-22,2024-07-15,3,132,393000
1522,Ibadan,2024-01-05,2024-03-30,3,121,506000
1523,Abuja,2024-01-20,2024-04-09,1,67,298000
1524,Ibadan,2024-02-25,2024-04-19,2,84,171000
1525,PH,2024-05-12,2024-07-20,2,117,299000
1526,Ibadan,2024-07-04,2024-10-02,3,149,802000
1527,Abuja,2024-02-23,2024-06-30,1,79,315000
1528,Abuja,2024-10-11,2024-10-25,2,117,443000
1529,Ibadan,2024-08-23,2024-01-15,2,90,493000
1530,PH,2024-02-01,2024-06-14,3,137,603000
1531,Abuja,2024-08-31,2024-10-01,2,118,595000
1532,Ibadan,2024-04-20,2024-07-26,1,63,167000
1533,Abuja,2024-04-15,2024-08-23,2,120,716000
1534,Lagos,2024-10-15,2024-12-15,5,203,744000
1535,Ibadan,2024-11-01,2024-10-15,4,189,818000
1536,PH,2024-02-05,2024-05-27,4,159,628000
1537,Lagos,2024-03-06,2024-04-11,2,872,386000
1538,Lagos,2024-05-06,2024-08-22,4,156,719000
1539,Abuja,2024-04-04,2024-05-31,4,176,765000
1540,Ibadan,2024-06-06,2024-09-20,3,128,332000
1541,Ibadan,2024-08-18,2024-10-11,3,148,437000
1542,Abuja,2024-09-17,2024-09-28,1,64,349000
1543,Lagos,2024-09-19,2024-11-17,1,50,261000
1544,Abuja,2024-08-30,2024-09-28,1,49,88000
1545,Abuja,2024-04-15,2024-09-18,2,89,387000
1546,PH,2024-03-05,2024-07-25,1,57,180000
1547,Lagos,2024-11-13,2024-12-10,1,60,161000
1548,PH,2024-10-09,2024-03-05,4,169,503000
1549,Ibadan,2024-10-06,2024-12-27,2,78,312000
1550,Abuja,2024-01-23,2024-04-23,3,146,632000
1551,Lagos,2024-08-12,2024-11-08,3,115,367000
1552,Abuja,2024-09-24,2024-12-08,4,175,534000
1553,Abuja,2024-09-22,2024-11-29,1,60,127000
1554,Abuja,2024-02-11,2024-06-04,5,205,513000
1555,Abuja,2024-09-19,2024-11-12,2,117,523000
1556,Lagos,2024-01-06,2024-02-22,2,74,365000
1557,Abuja,2024-12-18,2024-02-29,5,229,1001000
1558,Abuja,2024-03-05,2024-03-19,4,184,484000
1559,Ibadan,2024-01-24,2024-07-16,4,165,838000
1560,PH,2024-08-16,2024-12-29,2,111,517000
1561,Ibadan,2024-08-20,2024-09-04,4,180,1053000
1562,Abuja,2024-10-09,2024-12-16,5,223,708000
1563,Abuja,2024-11-25,2024-12-12,1,72,266000
1564,Ibadan,2024-05-10,2024-10-14,2,119,409000
1565,Abuja,2024-07-13,2024-08-11,4,196,998000
1566,Ibadan,2024-11-02,2024-01-18,3,149,610000
1567,Lagos,2024-02-14,2024-05-08,4,186,922000
1568,PH,2024-07-13,2024-10-07,3,140,555000
1569,PH,2024-11-07,2024-11-26,2,111,455000
1570,Abuja,2024-07-02,2024-11-02,2,86,494000
1571,Ibadan,2024-01-16,2024-07-06,1,75,248000
1572,Lagos,2024-04-28,2024-09-10,4,181,915000
1573,PH,2024-03-11,2024-05-29,5,224,1132000
1574,PH,2024-08-04,2024-12-18,2,107,469000
1575,Lagos,2024-05-18,2024-09-30,5,2207,770000
1576,Ibadan,2024-03-27,2024-08-12,4,157,531000
1577,PH,2024-08-10,2024-10-03,3,133,439000
1578,Ibadan,2024-11-22,2024-04-06,5,218,781000
1579,Abuja,2024-01-22,2024-05-27,5,239,1078000
1580,Abuja,2024-02-04,2024-06-29,3,138,351000
1581,Ibadan,2024-01-29,2024-06-04,4,195,911000
1582,Ibadan,2024-03-09,2024-07-20,3,151,403000
1583,Lagos,2024-06-18,2024-11-29,4,165,492000
1584,PH,2024-11-12,2024-04-14,1,69,176000
1585,Lagos,2024-04-25,2024-06-04,3,138,367000
1586,PH,2024-06-28,2024-08-06,1,34,48000
1587,Abuja,2024-03-06,2024-04-08,1,38,56000
1588,Ibadan,2024-08-24,2024-02-15,2,89,422000
1589,Ibadan,2024-12-27,2024-01-21,3,120,645000
1590,Lagos,2024-11-05,2024-01-26,1,69,407000
1591,Ibadan,2024-01-20,2024-03-04,3,120,291000
1592,PH,2024-03-06,2024-08-05,2,112,516000
1593,Ibadan,2024-07-16,2024-08-03,3,152,847000
1594,Ibadan,2024-01-31,2024-02-17,5,200,738000
1595,PH,2024-02-26,2024-05-18,2,115,455000
1596,PH,2024-08-13,2024-09-09,2,104,427000
1597,Lagos,2024-05-29,2024-08-24,3,160,442000
1598,PH,2024-07-22,2024-10-02,5,2530,808000
1599,PH,2024-11-08,2024-12-01,2,111,357000
1600,PH,2024-04-11,2024-09-12,1,63,328000
1601,PH,2024-04-19,2024-09-17,5,232,633000
1602,Abuja,2024-06-12,2024-11-15,5,225,696000
1603,Abuja,2024-01-14,2024-06-16,1,69,384000
1604,Lagos,2024-12-15,2024-12-29,5,191,635000
1605,PH,2024-09-17,2024-11-22,1,51,287000
1606,Abuja,2024-01-01,2024-04-16,4,200,985000
1607,PH,2024-11-23,2024-01-08,1,35,195000
1608,Lagos,2024-05-16,2024-10-27,1,61,282000
1609,PH,2024-09-24,2024-10-29,4,192,805000
1610,Lagos,2024-07-27,2024-11-14,2,113,591000
1611,Abuja,2024-03-06,2024-08-19,5,228,906000
1612,Lagos,2024-06-30,2024-10-04,3,114,307000
1613,PH,2024-12-22,2024-06-15,3,130,616000
1614,Abuja,2024-08-12,2024-11-09,1,47,154000
1615,PH,2024-12-21,2024-03-15,4,172,539000
1616,Ibadan,2024-10-08,2024-10-21,5,194,913000
1617,Lagos,2024-09-04,2024-11-17,3,154,769000
1618,Abuja,2024-03-15,2024-07-15,5,216,846000
1619,Abuja,2024-06-16,2024-08-25,3,159,599000
1620,Abuja,2024-11-27,2024-01-22,4,173,881000
1621,Abuja,2024-12-02,2024-02-06,5,2379,707000
1622,PH,2024-01-20,2024-07-11,4,190,782000
1623,Abuja,2024-12-05,2024-05-07,3,127,611000
1624,Ibadan,2024-05-22,2024-06-23,4,172,790000
1625,Ibadan,2024-05-24,2024-09-06,3,150,407000
1626,Abuja,2024-10-14,2024-04-03,4,150,651000
1627,Abuja,2024-04-24,2024-05-16,3,1679,431000
1628,Lagos,2024-09-25,2024-03-23,2,111,451000
1629,Lagos,2024-12-07,2024-12-26,3,137,456000
1630,PH,2024-09-12,2024-11-29,2,105,562000
1631,PH,2024-11-29,2024-04-05,1,62,392000
1632,Lagos,2024-07-05,2024-08-10,2,76,325000
1633,Abuja,2024-10-12,2024-01-08,5,198,770000
1634,Abuja,2024-04-09,2024-03-20,1,68,329000
1635,Abuja,2024-07-16,2024-11-25,2,111,352000
1636,Ibadan,2024-11-03,2024-01-12,5,233,747000
1637,PH,2024-05-27,2024-09-14,2,81,231000
1638,PH,2024-08-25,2024-01-16,5,204,897000
1639,Ibadan,2024-03-24,2024-09-09,3,124,485000
1640,PH,2024-07-30,2024-10-02,3,146,878000
1641,Abuja,2024-06-07,2024-08-14,2,76,326000
1642,Lagos,2024-07-30,2024-11-24,3,110,578000
1643,PH,2024-02-17,2024-05-15,1,79,173000
1644,Lagos,2024-03-08,2024-03-25,1,55,266000
1645,Abuja,2024-02-04,2024-03-26,1,36,260000
1646,Ibadan,2024-03-31,2024-08-02,4,170,874000
1647,PH,2024-03-12,2024-05-25,1,52,220000
1648,Abuja,2024-10-26,2024-02-02,1,64,216000
1649,Abuja,2024-07-20,2024-11-22,3,114,630000
1650,PH,2024-11-02,2024-03-17,3,119,579000
1651,Ibadan,2024-06-01,2024-09-16,3,134,343000
1652,PH,2024-09-25,2024-02-26,3,114,596000
1653,Abuja,2024-07-29,2024-12-01,2,109,463000
1654,Lagos,2024-02-07,2024-03-04,1,65,365000
1655,PH,2024-09-14,2024-11-30,2,94,429000
1656,Lagos,2024-09-24,2024-03-01,2,94,521000
1657,PH,2024-06-27,2024-10-16,2,90,343000
1658,Lagos,2024-10-19,2024-11-19,1,53,267000
1659,Lagos,2024-08-30,2024-11-10,5,240,761000
1660,Abuja,2024-02-06,2024-07-23,4,198,784000
1661,Lagos,2024-02-18,2024-07-12,5,236,880000
1662,Lagos,2024-09-01,2024-09-15,4,175,766000
1663,Lagos,2024-09-22,2024-02-26,5,191,1031000
1664,Abuja,2024-01-19,2024-04-22,4,166,824000
1665,Abuja,2024-07-21,2024-09-25,3,1485,714000
1666,PH,2024-02-11,2024-05-10,4,191,516000
1667,Lagos,2024-09-07,2024-01-30,3,142,547000
1668,Lagos,2024-03-25,2024-09-01,2,102,386000
1669,Lagos,2024-03-26,2024-07-23,4,161,709000
1670,Ibadan,2024-08-23,2024-10-26,5,2508,1250000
1671,Abuja,2024-07-22,2024-09-18,5,201,669000
1672,Abuja,2024-08-11,2024-01-25,4,179,649000
1673,PH,2024-01-04,2024-02-24,4,199,780000
1674,Abuja,2024-02-24,2024-04-27,1,74,205000
1675,Lagos,2024-11-09,2024-01-30,5,191,667000
1676,Ibadan,2024-06-23,2024-10-23,1,76,331000
1677,PH,2024-07-16,2024-10-03,1,47,160000
1678,Abuja,2024-06-27,2024-11-08,3,134,669000
1679,Abuja,2024-01-09,2024-06-10,5,220,991000
1680,Ibadan,2024-02-16,2024-02-03,5,197,594000
1681,Ibadan,2024-04-24,2024-07-20,5,197,996000
1682,Ibadan,2024-04-12,2024-10-06,5,207,531000
1683,Lagos,2024-05-14,2024-06-20,1,37,38000
1684,Abuja,2024-09-12,2024-03-02,4,180,821000
1685,Ibadan,2024-02-16,2024-04-12,5,210,868000
1686,Abuja,2024-06-13,2024-10-19,5,202,1078000
1687,Ibadan,2024-11-15,2024-12-19,2,101,374000
1688,Ibadan,2024-07-03,2024-09-21,1,77,277000
1689,Ibadan,2024-02-18,2024-03-07,5,232,1085000
1690,Lagos,2024-06-28,2024-10-28,1,68,146000
1691,Lagos,2024-06-12,2024-11-08,4,167,979000
1692,Lagos,2024-05-27,2024-06-30,2,86,446000
1693,Lagos,2024-05-05,2024-06-21,2,98,258000
1694,PH,2024-12-11,2024-02-15,1,78,183000
1695,Ibadan,2024-06-10,2024-08-05,3,156,497000
1696,Abuja,2024-01-23,2024-06-18,1,74,236000
1697,Abuja,2024-04-12,2024-06-04,1,829,403000
1698,Lagos,2024-02-09,2024-05-21,2,101,543000
1699,Abuja,2024-04-19,2024-08-11,2,88,226000
1700,PH,2024-04-17,2024-09-30,5,204,773000
1701,Ibadan,2024-06-06,2024-09-29,2,861,211000
1702,Lagos,2024-05-23,2024-08-28,1,31,59000
1703,Lagos,2024-03-23,2024-09-01,2,764,271000
1704,PH,2024-10-04,2024-03-05,1,57,312000
1705,Ibadan,2024-07-24,2024-07-10,1,30,97000
1706,Abuja,2024-12-24,2024-01-13,3,1227,474000
1707,Lagos,2024-03-08,2024-05-21,1,35,108000
1708,PH,2024-10-31,2024-10-18,3,133,658000
1709,Lagos,2024-03-13,2024-03-03,4,191,518000
1710,Abuja,2024-12-24,2024-04-03,5,212,834000
1711,Abuja,2024-09-30,2024-02-07,3,124,485000
1712,Abuja,2024-11-02,2024-12-17,2,74,281000
1713,Abuja,2024-04-26,2024-09-08,1,45,210000
1714,PH,2024-01-02,2024-04-15,2,87,344000
1715,Abuja,2024-10-14,2024-02-29,3,153,513000
1716,Abuja,2024-09-19,2024-11-07,5,231,944000
1717,Ibadan,2024-07-18,2024-08-08,3,113,422000
1718,Ibadan,2024-06-24,2024-10-14,4,179,542000
1719,Ibadan,2024-08-31,2024-12-04,2,111,588000
1720,Lagos,2024-12-11,2024-04-26,4,181,664000
1721,PH,2024-02-06,2024-02-26,1,67,408000
1722,PH,2024-04-20,2024-07-19,2,109,516000
1723,Lagos,2024-03-12,2024-08-09,5,211,1006000
1724,Abuja,2024-08-29,2024-12-01,5,234,1026000
1725,PH,2024-09-02,2024-01-27,2,73,375000
1726,Abuja,2024-05-13,2024-08-25,1,39,137000
1727,Ibadan,2024-02-12,2024-07-29,4,164,719000
1728,Lagos,2024-08-12,2024-12-14,1,44,133000
1729,Lagos,2024-05-19,2024-06-10,4,170,638000
1730,Lagos,2024-04-04,2024-07-03,3,114,520000
1731,PH,2024-05-01,2024-05-29,2,113,573000
1732,PH,2024-05-12,2024-08-21,2,88,235000
1733,Lagos,2024-12-19,2024-01-11,2,74,346000
1734,Abuja,2024-09-18,2024-02-16,1,45,258000
1735,Lagos,2024-02-12,2024-04-26,1,67,173000
1736,Ibadan,2024-06-08,2024-07-16,4,190,700000
1737,Lagos,2024-04-09,2024-04-30,4,198,559000
1738,PH,2024-08-07,2024-01-05,5,218,1005000
1739,Ibadan,2024-10-11,2024-11-21,1,44,241000
1740,Lagos,2024-08-09,2024-09-03,3,159,647000
1741,Ibadan,2024-11-24,2024-12-24,1,64,280000
1742,Lagos,2024-01-22,2024-02-01,3,158,362000
1743,Ibadan,2024-03-07,2024-04-04,3,155,379000
1744,PH,2024-10-13,2024-10-27,2,87,335000
1745,Ibadan,2024-06-25,2024-11-07,4,162,586000
1746,Abuja,2024-03-30,2024-09-12,4,170,781000
1747,Ibadan,2024-05-13,2024-08-19,3,138,631000
1748,Lagos,2024-07-01,2024-10-10,3,154,639000
1749,PH,2024-04-27,2024-04-13,3,1281,398000
1750,Abuja,2024-03-22,2024-06-30,1,59,353000
1751,PH,2024-10-18,2024-03-14,2,107,350000
1752,Ibadan,2024-12-14,2024-04-02,3,118,505000
1753,Ibadan,2024-05-18,2024-08-09,2,79,292000
1754,PH,2024-11-06,2024-02-19,5,215,670000
1755,Ibadan,2024-04-18,2024-09-10,2,96,331000
1756,Lagos,2024-06-06,2024-07-03,4,154,929000
1757,PH,2024-03-28,2024-09-14,3,119,429000
1758,Abuja,2024-04-25,2024-06-30,3,140,445000
1759,Abuja,2024-09-11,2024-12-28,4,180,1078000
1760,Ibadan,2024-10-29,2024-04-07,3,1313,35000
1761,Ibadan,2024-11-11,2024-03-12,4,197,55800
1762,Ibadan,2024-12-04,2024-05-23,3,114,364000
1763,PH,2024-01-01,2024-04-01,3,123,462000
1764,PH,2024-12-08,2024-03-07,2,114,405000
1765,PH,2024-10-16,2024-02-10,4,193,888000
1766,PH,2024-12-14,2024-02-27,5,216,1098000
1767,Ibadan,2024-08-11,2024-11-16,3,156,726000
1768,PH,2024-02-11,2024-06-29,2,76,146000
1769,Ibadan,2024-10-15,2024-11-07,5,228,756000
1770,Lagos,2024-09-27,2024-03-02,5,209,1154000
1771,Lagos,2024-01-13,2024-03-16,3,114,346000
1772,PH,2024-11-12,2024-03-26,3,132,527000
1773,PH,2024-09-06,2024-11-17,5,203,1158000
1774,Abuja,2024-11-06,2024-12-24,2,83,262000
1775,PH,2024-10-18,2024-04-01,5,203,713000
1776,Ibadan,2024-09-23,2024-11-23,2,100,584000
1777,Ibadan,2024-12-17,2024-05-22,2,73,417000
1778,PH,2024-01-11,2024-05-05,4,1830,87500
1779,Abuja,2024-01-02,2024-01-24,5,216,743000
1780,Lagos,2024-03-22,2024-09-14,1,55,191000
1781,PH,2024-06-24,2024-09-01,3,111,391000
1782,Lagos,2024-07-13,2024-12-21,4,1615,746000
1783,Ibadan,2024-08-21,2024-09-11,4,1851,488000
1784,Lagos,2024-08-06,2024-11-08,1,34,124000
1785,Abuja,2024-10-17,2024-12-09,3,110,484000
1786,Ibadan,2024-08-05,2024-07-26,5,191,586000
1787,Lagos,2024-07-28,2024-01-12,3,145,439000
1788,Ibadan,2024-03-09,2024-08-05,2,71,376000
1789,Lagos,2024-01-11,2024-02-22,3,130,375000
1790,Abuja,2024-07-21,2024-11-09,1,39,16000
1791,Abuja,2024-03-16,2024-06-05,2,104,318000
1792,PH,2024-11-28,2024-04-06,1,54,153000
1793,PH,2024-02-08,2024-03-01,5,194,937000
1794,Lagos,2024-08-12,2024-11-06,2,75,236000
1795,Abuja,2024-03-16,2024-04-10,5,207,570000
1796,Lagos,2024-06-08,2024-07-03,4,173,417000
1797,PH,2024-12-19,2024-03-26,1,39,159000
1798,Lagos,2024-06-23,2024-10-13,1,43,86000
1799,Abuja,2024-05-03,2024-10-14,1,45,120000
1800,Ibadan,2024-10-12,2024-11-30,2,108,510000
1801,PH,2024-08-02,2024-11-27,5,201,993000
1802,Ibadan,2024-08-15,2024-02-10,3,158,811000
1803,Ibadan,2024-11-28,2024-05-08,2,89,253000
1804,Lagos,2024-06-13,2024-11-01,4,2110,615000
1805,Lagos,2024-01-29,2024-05-17,5,202,929000
1806,Ibadan,2024-03-23,2024-06-17,1,36,45000
1807,Lagos,2024-11-27,2024-12-13,1,46,209000
1808,Ibadan,2024-01-16,2024-05-23,4,197,930000
1809,Abuja,2024-01-12,2024-04-11,2,98,517000
1810,Abuja,2024-01-08,2024-05-05,2,70,177000
1811,Lagos,2024-02-23,2024-04-25,2,92,457000
1812,Abuja,2024-03-14,2024-05-14,1,78,263000
1813,Ibadan,2024-09-09,2024-11-09,5,211,556000
1814,Abuja,2024-06-03,2024-11-21,4,191,773000
1815,Ibadan,2024-02-23,2024-05-26,4,165,587000
1816,Abuja,2024-03-16,2024-04-10,2,116,556000
1817,PH,2024-01-26,2024-01-24,4,154,781000
1818,Abuja,2024-04-23,2024-09-01,3,135,598000
1819,Ibadan,2024-07-06,2024-10-02,3,140,416000
1820,PH,2024-01-11,2024-04-29,2,77,328000
1821,Lagos,2024-06-16,2024-10-20,3,158,829000
1822,Lagos,2024-08-19,2024-12-07,1,35,113000
1823,Ibadan,2024-01-17,2024-02-13,1,41,263000
1824,Lagos,2024-01-09,2024-03-07,4,178,529000
1825,Ibadan,2024-08-02,2024-10-09,1,66,298000
1826,Lagos,2024-11-17,2024-02-05,5,225,926000
1827,Abuja,2024-07-03,2024-11-22,5,190,634000
1828,Ibadan,2024-12-04,2024-02-20,5,213,858000
1829,PH,2024-07-07,2024-10-31,2,109,606000
1830,PH,2024-03-28,2024-07-14,1,79,374000
1831,Lagos,2024-05-16,2024-09-09,2,92,138000
1832,Lagos,2024-08-24,2024-01-20,3,156,722000
1833,PH,2024-03-28,2024-05-19,1,67,165000
1834,Abuja,2024-05-15,2024-10-04,5,218,977000
1835,Ibadan,2024-02-27,2024-05-28,3,151,687000
1836,Lagos,2024-01-28,2024-06-17,3,150,564000
1837,Ibadan,2024-09-04,2024-10-15,1,54,186000
1838,Ibadan,2024-03-26,2024-04-23,1,74,292000
1839,Lagos,2024-03-22,2024-04-04,2,71,417000
1840,PH,2024-09-04,2024-09-22,4,194,849000
1841,Lagos,2024-04-03,2024-09-11,1,31,217000
1842,PH,2024-08-28,2024-10-30,3,1259,304000
1843,PH,2024-11-05,2024-05-01,3,147,442000
1844,Lagos,2024-08-08,2024-09-10,3,137,633000
1845,Ibadan,2024-04-05,2024-06-24,3,136,330000
1846,Lagos,2024-03-05,2024-08-21,2,85,222000
1847,PH,2024-01-19,2024-03-25,3,111,500000
1848,Abuja,2024-12-23,2024-03-17,4,199,649000
1849,Ibadan,2024-11-11,2024-03-16,1,35,79000
1850,Ibadan,2024-11-03,2024-02-09,3,156,568000
1851,PH,2024-06-14,2024-09-10,2,100,605000
1852,Ibadan,2024-09-30,2024-12-24,1,74,313000
1853,PH,2024-01-01,2024-04-23,5,238,681000
1854,Ibadan,2024-04-29,2024-09-22,3,116,463000
1855,Abuja,2024-01-27,2024-04-08,1,58,301000
1856,Ibadan,2024-01-05,2024-06-21,1,59,323000
1857,Ibadan,2024-05-31,2024-08-02,1,33,151000
1858,Abuja,2024-06-27,2024-12-08,4,181,561000
1859,Ibadan,2024-05-30,2024-11-02,5,207,828000
1860,Lagos,2024-05-01,2024-06-03,4,2067,895000
1861,Ibadan,2024-04-09,2024-06-14,3,128,500000
1862,Abuja,2024-09-04,2024-12-08,1,56,240000
1863,Lagos,2024-04-14,2024-08-22,2,110,502000
1864,Abuja,2024-07-31,2024-01-26,4,195,568000
1865,PH,2024-03-12,2024-07-28,1,56,314000
1866,Abuja,2024-02-13,2024-02-25,4,1798,685000
1867,PH,2024-08-28,2024-08-13,5,195,1068000
1868,Ibadan,2024-07-29,2024-01-24,2,91,208000
1869,Ibadan,2024-03-15,2024-05-26,5,210,853000
1870,Abuja,2024-03-24,2024-09-14,5,191,996000
1871,Ibadan,2024-11-17,2024-04-24,1,76,347000
1872,PH,2024-08-21,2024-09-10,5,2583,1106000
1873,Abuja,2024-07-29,2024-07-14,3,118,373000
1874,Ibadan,2024-11-17,2024-03-29,3,128,429000
1875,Lagos,2024-05-13,2024-08-15,2,81,367000
1876,Lagos,2024-07-15,2024-08-18,3,113,527000
1877,PH,2024-03-16,2024-07-07,3,113,497000
1878,Abuja,2024-02-07,2024-07-06,3,160,659000
1879,Abuja,2024-12-09,2024-02-27,4,199,923000
1880,Lagos,2024-05-16,2024-10-26,5,233,666000
1881,PH,2024-11-12,2024-02-06,1,70,194000
1882,Abuja,2024-07-18,2024-08-16,3,140,362000
1883,Ibadan,2024-08-15,2024-10-11,4,184,801000
1884,Abuja,2024-04-27,2024-08-26,4,2088,875000
1885,PH,2024-01-25,2024-02-15,1,34,274000
1886,Ibadan,2024-06-03,2024-11-24,2,72,107000
1887,Ibadan,2024-10-01,2024-11-14,1,37,120000
1888,Abuja,2024-02-26,2024-07-06,2,90,325000
1889,Lagos,2024-01-08,2024-01-22,5,200,710000
1890,Abuja,2024-08-24,2024-01-13,5,225,899000
1891,Lagos,2024-12-11,2024-04-03,2,113,502000
1892,Abuja,2024-06-01,2024-07-24,2,120,456000
1893,PH,2024-06-02,2024-09-14,5,201,776000
1894,Abuja,2024-07-12,2024-11-12,5,231,693000
1895,Abuja,2024-01-18,2024-07-07,5,214,600000
1896,Ibadan,2024-05-27,2024-06-12,5,2433,1158000
1897,Ibadan,2024-03-06,2024-04-27,4,186,461000
1898,Lagos,2024-12-18,2024-02-01,1,850,268000
1899,Ibadan,2024-07-26,2024-10-08,2,80,217000
1900,PH,2024-08-13,2024-09-04,2,108,482000
1901,PH,2024-05-07,2024-09-24,3,1679,767000
1902,PH,2024-11-26,2024-12-10,1,57,271000
1903,Abuja,2024-06-02,2024-09-02,3,123,340000
1904,Ibadan,2024-06-14,2024-08-17,2,111,353000
1905,Lagos,2024-05-14,2024-08-16,5,208,597000
1906,Ibadan,2024-04-23,2024-08-10,2,76,259000
1907,Abuja,2024-08-03,2024-01-14,5,207,572000
1908,PH,2024-08-27,2024-11-08,5,214,1200000
1909,Abuja,2024-09-12,2024-11-06,3,122,579000
1910,Ibadan,2024-02-05,2024-06-27,1,78,227000
1911,Abuja,2024-11-07,2024-11-25,3,110,348000
1912,Lagos,2024-10-19,2024-11-21,5,227,1131000
1913,PH,2024-02-08,2024-02-23,3,154,719000
1914,Abuja,2024-07-30,2024-12-09,5,208,732000
1915,Lagos,2024-12-24,2024-05-25,2,76,319000
1916,Abuja,2024-09-12,2024-12-25,3,128,541000
1917,Lagos,2024-07-19,2024-10-28,4,154,646000
1918,PH,2024-03-10,2024-05-12,1,39,229000
1919,Ibadan,2024-12-08,2024-02-05,5,210,1026000
1920,Lagos,2024-02-24,2024-04-11,4,171,761000
1921,Lagos,2024-08-31,2024-09-14,4,186,882000
1922,Ibadan,2024-09-10,2024-09-28,3,124,623000
1923,Abuja,2024-08-03,2024-09-29,5,222,1041000
1924,Ibadan,2024-08-05,2024-09-11,4,181,530000
1925,Lagos,2024-12-20,2024-06-07,3,159,669000
1926,Ibadan,2024-02-10,2024-06-06,1,74,393000
1927,Abuja,2024-05-25,2024-07-08,5,207,851000
1928,Lagos,2024-08-13,2024-11-05,1,69,147000
1929,Abuja,2024-01-21,2024-01-06,5,212,1012000
1930,Ibadan,2024-11-04,2024-11-30,1,49,239000
1931,Lagos,2024-11-11,2024-12-26,1,51,265000
1932,Lagos,2024-06-02,2024-11-05,2,75,346000
1933,Ibadan,2024-12-07,2024-02-07,1,45,192000
1934,Ibadan,2024-02-03,2024-05-28,1,46,140000
1935,PH,2024-08-03,2024-10-28,5,200,573000
1936,PH,2024-02-22,2024-05-10,4,178,885000
1937,Abuja,2024-06-01,2024-11-15,3,139,541000
1938,Ibadan,2024-11-11,2024-04-25,1,44,167000
1939,Abuja,2024-06-25,2024-10-25,5,192,960000
1940,Abuja,2024-07-01,2024-11-06,4,2002,761000
1941,Abuja,2024-09-24,2024-01-17,3,129,689000
1942,Ibadan,2024-07-03,2024-08-07,2,86,482000
1943,PH,2024-05-01,2024-10-07,3,132,328000
1944,Ibadan,2024-02-17,2024-04-26,5,228,98700
1945,Abuja,2024-10-26,2024-03-19,2,80,426000
1946,Lagos,2024-10-01,2024-11-03,4,196,884000
1947,Lagos,2024-04-19,2024-08-21,1,64,137000
1948,Ibadan,2024-04-10,2024-05-29,2,84,271000
1949,Lagos,2024-04-08,2024-06-26,5,235,1174000
1950,Lagos,2024-02-16,2024-06-20,2,92,433000
1951,PH,2024-12-02,2024-02-13,5,210,666000
1952,Lagos,2024-01-11,2024-06-30,3,138,632000
1953,Ibadan,2024-09-24,2024-12-09,4,153,469000
1954,Lagos,2024-08-31,2024-01-16,1,61,348000
1955,PH,2024-02-05,2024-03-14,5,230,852000
1956,Lagos,2024-02-11,2024-07-25,5,209,552000
1957,PH,2024-05-13,2024-06-24,2,74,327000
1958,Ibadan,2024-08-25,2024-01-30,4,199,765000
1959,Ibadan,2024-08-25,2024-10-17,4,171,978000
1960,Lagos,2024-12-09,2024-04-15,1,58,281000
1961,Abuja,2024-11-15,2024-02-21,4,174,554000
1962,Ibadan,2024-07-23,2024-11-25,1,60,348000
1963,PH,2024-04-01,2024-05-01,5,193,699000
1964,PH,2024-11-03,2024-02-17,3,160,646000
1965,PH,2024-01-26,2024-04-20,5,239,998000
1966,Ibadan,2024-03-07,2024-02-25,1,35,121000
1967,Lagos,2024-02-05,2024-03-08,4,164,721000
1968,Ibadan,2024-01-10,2024-04-11,3,1206,575000
1969,Ibadan,2024-10-30,2024-12-27,3,126,503000
1970,Abuja,2024-03-17,2024-05-23,4,198,1029000
1971,PH,2024-05-15,2024-09-28,1,57,250000
1972,Abuja,2024-07-04,2024-07-19,1,36,113000
1973,Ibadan,2024-10-28,2024-04-17,4,158,679000
1974,PH,2024-03-22,2024-07-08,4,176,860000
1975,Lagos,2024-09-07,2024-01-17,3,149,937000
1976,Lagos,2024-09-03,2024-12-01,2,116,459000
1977,Abuja,2024-05-28,2024-09-16,4,152,854000
1978,Ibadan,2024-09-20,2024-10-06,2,118,504000
1979,Lagos,2024-01-03,2024-04-28,5,210,847000
1980,Abuja,2024-01-26,2024-02-09,3,146,382000
1981,Abuja,2024-06-20,2024-08-16,2,117,479000
1982,Abuja,2024-11-27,2024-03-07,2,101,294000
1983,Ibadan,2024-09-21,2024-02-23,1,31,175000
1984,PH,2024-07-26,2024-09-08,2,81,233000
1985,PH,2024-11-11,2024-11-25,1,57,315000
1986,PH,2024-03-25,2024-08-24,2,84,364000
1987,Abuja,2024-03-18,2024-09-02,4,177,525000
1988,Lagos,2024-06-07,2024-07-16,4,180,840000
1989,PH,2024-11-22,2024-01-19,3,136,650000
1990,PH,2024-05-21,2024-06-21,5,205,794000
1991,Ibadan,2024-07-10,2024-07-30,3,126,680000
1992,Lagos,2024-10-20,2024-12-08,5,226,1021000
1993,Ibadan,2024-05-09,2024-07-16,5,219,646000
1994,PH,2024-01-31,2024-04-24,4,191,391000
1995,Abuja,2024-10-01,2024-01-09,2,1044,391000
1996,Abuja,2024-03-16,2024-05-04,3,123,510000
1997,PH,2024-04-08,2024-09-04,1,69,185000
1998,Ibadan,2024-01-18,2024-02-07,1,78,304000
1999,PH,2024-06-08,2024-07-03,2,78,353000
2000,Abuja,2024-11-03,2024-11-19,5,194,887000
2001,Ibadan,2024-03-06,2024-03-18,4,182,911000
2002,Ibadan,2024-07-27,2024-08-08,1,79,516000
2003,Lagos,2024-12-08,2024-03-13,3,125,630000
2004,Ibadan,2024-07-31,2024-01-16,1,39,84000
2005,Lagos,2024-12-01,2024-02-27,4,168,735000
2006,PH,2024-10-02,2024-01-01,2,94,284000
2007,Lagos,2024-02-12,2024-07-19,2,86,162000
2008,Ibadan,2024-06-29,2024-07-20,1,33,40000
2009,Abuja,2024-02-02,2024-03-20,3,110,526000
2010,Abuja,2024-01-02,2024-02-12,4,1959,649000
2011,Abuja,2024-02-17,2024-03-22,5,190,967000
2012,PH,2024-11-08,2024-04-24,2,112,382000
2013,Lagos,2024-08-12,2024-11-09,2,105,424000
2014,PH,2024-02-03,2024-07-24,5,206,939000
2015,Lagos,2024-06-24,2024-10-02,5,2497,1010000
2016,Abuja,2024-06-01,2024-10-11,4,171,677000
2017,Lagos,2024-09-24,2024-02-22,2,108,383000
2018,Lagos,2024-02-20,2024-03-03,4,164,884000
2019,Lagos,2024-06-21,2024-06-08,1,70,379000
2020,Abuja,2024-04-24,2024-05-28,4,176,815000
2021,PH,2024-04-12,2024-07-26,5,222,1027000
2022,PH,2024-07-03,2024-12-10,3,114,578000
2023,Ibadan,2024-02-15,2024-03-08,1,72,273000
2024,PH,2024-11-29,2024-03-18,5,212,708000
2025,Ibadan,2024-02-07,2024-06-27,4,175,606000
2026,PH,2024-02-11,2024-06-08,5,205,583000
2027,Abuja,2024-07-27,2024-07-23,2,84,357000
2028,Lagos,2024-01-25,2024-06-15,2,100,352000
2029,Ibadan,2024-04-19,2024-06-10,3,117,641000
2030,Lagos,2024-09-25,2024-10-08,2,110,438000
2031,Lagos,2024-03-06,2024-08-31,5,197,632000
2032,Lagos,2024-03-30,2024-06-14,2,95,214000
2033,Lagos,2024-12-10,2024-04-24,2,110,415000
2034,Ibadan,2024-01-18,2024-05-02,1,60,76000
2035,PH,2024-02-16,2024-04-04,3,140,383000
2036,Lagos,2024-05-02,2024-07-10,4,2153,1028000
2037,PH,2024-05-19,2024-08-14,1,40,184000
2038,Lagos,2024-07-02,2024-12-20,4,186,910000
2039,PH,2024-10-10,2024-01-28,2,92,448000
2040,Abuja,2024-06-30,2024-12-17,5,216,633000
2041,Lagos,2024-08-22,2024-12-14,2,90,278000
2042,Lagos,2024-05-08,2024-06-10,4,157,489000
2043,PH,2024-11-26,2024-05-03,3,148,644000
2044,Abuja,2024-09-04,2024-10-28,1,74,323000
2045,Abuja,2024-04-28,2024-07-06,4,198,881000
2046,Ibadan,2024-04-19,2024-07-01,4,151,767000
2047,Ibadan,2024-08-28,2024-01-21,3,138,746000
2048,Abuja,2024-01-20,2024-02-29,1,67,321000
2049,Abuja,2024-04-01,2024-03-19,4,178,499000
2050,PH,2024-04-16,2024-06-25,2,96,297000
2051,Lagos,2024-06-11,2024-09-24,3,155,805000
2052,Ibadan,2024-08-19,2024-10-10,3,159,425000
2053,Abuja,2024-01-23,2024-04-30,3,1302,507000
2054,Ibadan,2024-08-24,2024-10-25,4,184,1017000
2055,PH,2024-04-18,2024-09-02,3,111,459000
2056,Lagos,2024-08-30,2024-01-07,5,191,796000
2057,PH,2024-02-10,2024-02-23,4,160,391000
2058,Lagos,2024-11-01,2024-01-27,3,1195,441000
2059,Abuja,2024-07-07,2024-07-18,2,85,372000
2060,Ibadan,2024-02-18,2024-05-09,4,155,483000
2061,PH,2024-05-06,2024-10-04,2,102,459000
2062,PH,2024-09-03,2024-02-15,2,115,678000
2063,Lagos,2024-03-08,2024-04-07,5,190,940000
2064,Abuja,2024-03-19,2024-07-30,3,141,760000
2065,Abuja,2024-10-29,2024-03-13,5,214,1034000
2066,Ibadan,2024-09-05,2024-02-27,4,175,786000
2067,Abuja,2024-03-23,2024-09-09,5,228,898000
2068,PH,2024-08-02,2024-09-10,2,114,375000
2069,Lagos,2024-05-15,2024-06-28,2,93,435000
2070,Abuja,2024-08-13,2024-10-04,3,110,2870000
2071,Abuja,2024-07-28,2024-12-19,2,1163,462000
2072,Abuja,2024-02-06,2024-03-07,1,50,394000
2073,Abuja,2024-07-12,2024-09-26,5,192,831000
2074,Abuja,2024-07-27,2024-08-19,2,84,386000
2075,Ibadan,2024-09-04,2024-12-15,4,177,801000
2076,Abuja,2024-05-05,2024-05-22,5,192,555000
2077,Lagos,2024-06-22,2024-11-29,1,32,147000
2078,PH,2024-06-24,2024-11-24,1,775,316000
2079,Lagos,2024-09-24,2024-02-09,1,42,227000
2080,PH,2024-11-23,2024-04-27,2,111,500000
2081,PH,2024-10-21,2024-12-09,2,108,545000
2082,Ibadan,2024-08-01,2024-11-09,3,139,700000
2083,PH,2024-08-10,2024-12-08,3,144,608000
2084,Lagos,2024-06-23,2024-08-14,3,130,674000
2085,PH,2024-02-14,2024-04-02,5,224,490000
2086,Abuja,2024-07-25,2024-10-13,4,187,1070000
2087,Ibadan,2024-09-26,2024-11-08,5,229,1044000
2088,Ibadan,2024-01-25,2024-07-09,1,59,252000
2089,Abuja,2024-09-01,2024-09-27,3,136,766000
2090,Abuja,2024-02-22,2024-08-06,2,850,191000
2091,Abuja,2024-11-07,2024-02-11,3,152,770000
2092,PH,2024-06-01,2024-11-12,4,170,494000
2093,Abuja,2024-06-03,2024-11-20,4,172,938000
2094,PH,2024-07-18,2024-08-12,5,224,1166000
2095,PH,2024-01-06,2024-02-28,1,67,149000
2096,PH,2024-01-31,2024-02-27,1,49,274000
2097,Lagos,2024-07-20,2024-08-26,5,204,682000
2098,PH,2024-05-10,2024-05-22,1,80,352000
2099,Ibadan,2024-08-15,2024-09-26,1,80,452000
2100,PH,2024-06-15,2024-10-14,3,141,543000
2101,Abuja,2024-06-08,2024-11-21,4,181,630000
2102,Abuja,2024-09-12,2024-11-04,5,199,1002000
2103,Lagos,2024-03-15,2024-06-18,2,73,277000
2104,Ibadan,2024-12-22,2024-03-10,2,818,456000
2105,Lagos,2024-03-20,2024-07-01,4,153,734000
2106,Lagos,2024-04-19,2024-06-18,5,225,921000
2107,Ibadan,2024-02-17,2024-04-13,2,97,456000
2108,Ibadan,2024-12-15,2024-02-20,4,193,836000
2109,Abuja,2024-07-18,2024-07-29,5,212,943000
2110,PH,2024-12-21,2024-06-16,5,220,1011000
2111,Abuja,2024-03-09,2024-08-28,1,42,67000
2112,Abuja,2024-07-24,2024-01-21,3,110,307000
2113,Lagos,2024-01-29,2024-04-03,5,235,535000
2114,Lagos,2024-06-03,2024-11-20,2,107,420000
2115,Lagos,2024-01-16,2024-06-02,3,133,522000
2116,Ibadan,2024-01-29,2024-07-24,5,198,604000
2117,Ibadan,2024-01-04,2024-01-16,5,199,730000
2118,Lagos,2024-09-22,2024-10-09,2,119,434000
2119,Ibadan,2024-01-23,2024-02-18,2,80,440000
2120,Ibadan,2024-06-10,2024-08-08,1,581,275000
2121,Abuja,2024-05-08,2024-08-16,3,151,805000
2122,Ibadan,2024-05-14,2024-10-13,1,46,294000
2123,PH,2024-01-09,2024-01-31,4,163,763000
2124,Abuja,2024-10-01,2024-03-04,4,195,631000
2125,Abuja,2024-03-09,2024-07-15,3,118,406000
2126,Abuja,2024-09-28,2024-03-18,1,38,3000
2127,Abuja,2024-09-04,2024-02-08,4,173,507000
2128,Ibadan,2024-07-08,2024-12-14,3,123,491000
2129,Ibadan,2024-02-28,2024-04-01,3,152,311000
2130,Abuja,2024-09-05,2024-12-19,5,212,1130000
2131,Abuja,2024-06-18,2024-07-23,2,115,595000
2132,Lagos,2024-03-20,2024-06-03,5,222,619000
2133,PH,2024-07-13,2024-11-28,4,184,709000
2134,PH,2024-06-19,2024-11-21,4,189,1012000
2135,Abuja,2024-08-03,2024-11-26,2,120,397000
2136,Lagos,2024-12-29,2024-04-13,5,208,779000
2137,Lagos,2024-06-10,2024-07-05,2,73,178000
2138,Lagos,2024-08-05,2024-10-23,2,110,244000
2139,Abuja,2024-09-26,2024-12-03,4,194,799000
2140,PH,2024-06-30,2024-08-19,2,84,306000
2141,PH,2024-05-17,2024-10-19,4,152,689000
2142,Abuja,2024-04-10,2024-08-12,1,39,73000
2143,Abuja,2024-02-11,2024-03-30,4,167,441000
2144,PH,2024-08-06,2024-10-12,2,120,603000
2145,Abuja,2024-04-03,2024-05-30,1,58,209000
2146,Lagos,2024-06-27,2024-09-08,2,1259,404000
2147,Ibadan,2024-09-09,2024-12-07,4,1733,830000
2148,PH,2024-03-04,2024-04-28,1,78,255000
2149,Ibadan,2024-11-21,2024-03-15,2,101,407000
2150,Abuja,2024-09-13,2024-03-10,4,175,423000
2151,PH,2024-07-06,2024-12-27,3,135,465000
2152,PH,2024-08-13,2024-11-01,3,145,281000
2153,PH,2024-01-11,2024-04-21,2,92,232000
2154,PH,2024-06-03,2024-07-07,3,114,334000
2155,Lagos,2024-02-26,2024-07-19,2,95,443000
2156,PH,2024-05-09,2024-08-18,4,152,606000
2157,PH,2024-08-08,2024-11-28,4,186,551000
2158,Ibadan,2024-06-10,2024-05-28,4,191,1007000
2159,Abuja,2024-08-03,2024-11-13,1,624,296000
2160,PH,2024-07-29,2024-09-07,2,88,258000
2161,Ibadan,2024-10-24,2024-03-01,4,172,785000
2162,Abuja,2024-05-06,2024-08-12,2,78,176000
2163,PH,2024-01-26,2024-04-13,4,173,503000
2164,Lagos,2024-10-21,2024-04-16,2,116,329000
2165,Ibadan,2024-11-29,2024-03-20,4,150,508000
2166,Lagos,2024-01-04,2024-02-05,2,85,205000
2167,Ibadan,2024-09-26,2024-02-08,1,71,176000
2168,Ibadan,2024-11-30,2024-03-10,4,176,665000
2169,PH,2024-02-08,2024-08-01,4,184,693000
2170,Ibadan,2024-02-22,2024-03-28,3,157,518000
2171,Abuja,2024-12-24,2024-03-07,3,150,577000
2172,Ibadan,2024-01-16,2024-06-21,3,115,227000
2173,Lagos,2024-10-15,2024-11-24,1,32,-5000
2174,Abuja,2024-02-15,2024-08-13,5,201,760000
2175,Lagos,2024-11-13,2024-12-14,1,71,231000
2176,Abuja,2024-08-24,2024-02-17,2,105,532000
2177,Abuja,2024-04-07,2024-09-12,3,114,481000
2178,Ibadan,2024-04-02,2024-09-18,5,2153,960000
2179,PH,2024-02-14,2024-05-02,5,232,905000
2180,Ibadan,2024-12-30,2024-04-10,5,237,824000
2181,Ibadan,2024-06-14,2024-10-09,1,63,263000
2182,Lagos,2024-12-22,2024-05-02,4,161,696000
2183,Ibadan,2024-07-12,2024-12-23,1,74,390000
2184,Ibadan,2024-01-31,2024-05-16,5,214,573000
2185,PH,2024-05-06,2024-09-13,1,70,318000
2186,Abuja,2024-04-28,2024-06-25,2,89,472000
2187,PH,2024-09-16,2024-11-22,3,131,372000
2188,PH,2024-07-31,2024-07-12,3,136,404000
2189,Lagos,2024-11-25,2024-12-13,2,118,475000
2190,PH,2024-05-10,2024-09-30,5,231,914000
2191,Ibadan,2024-04-06,2024-08-24,5,231,544000
2192,Lagos,2024-01-16,2024-06-21,5,2562,578000
2193,PH,2024-07-15,2024-11-11,1,46,188000
2194,Abuja,2024-01-24,2024-06-30,5,230,1110000
2195,PH,2024-07-18,2024-09-04,1,79,389000
2196,PH,2024-03-03,2024-05-14,2,85,312000
2197,Lagos,2024-06-19,2024-11-25,4,195,784000
2198,PH,2024-12-28,2024-05-25,5,233,1051000
2199,Abuja,2024-10-09,2024-03-15,4,176,791000
2200,Ibadan,2024-11-01,2024-01-04,3,150,649000
2201,Abuja,2024-03-08,2024-05-08,4,168,616000
2202,Ibadan,2024-02-02,2024-03-13,5,234,648000
2203,Ibadan,2024-03-15,2024-08-12,2,109,418000
2204,Lagos,2024-04-20,2024-06-17,1,76,366000
2205,PH,2024-11-25,2024-12-27,5,231,1074000
2206,Abuja,2024-07-09,2024-09-05,4,169,946000
2207,PH,2024-01-19,2024-03-26,3,122,422000
2208,Lagos,2024-05-28,2024-09-11,2,78,357000
2209,Abuja,2024-06-22,2024-07-22,1,49,216000
2210,Lagos,2024-08-17,2024-09-15,4,164,904000
2211,PH,2024-05-03,2024-09-05,5,205,731000
2212,PH,2024-03-03,2024-03-27,4,187,642000
2213,PH,2024-04-13,2024-07-22,4,193,429000
2214,Lagos,2024-12-30,2024-02-25,5,213,1084000
2215,Ibadan,2024-01-26,2024-02-20,3,156,408000
2216,Ibadan,2024-06-22,2024-08-30,3,1281,313000
2217,Ibadan,2024-05-04,2024-05-27,3,136,537000
2218,Lagos,2024-05-20,2024-11-02,3,1485,512000
2219,Lagos,2024-02-01,2024-06-15,3,124,587000
2220,Abuja,2024-06-04,2024-08-19,5,196,1023000
2221,Abuja,2024-03-29,2024-08-31,3,145,451000
2222,Ibadan,2024-08-07,2024-12-11,4,179,896000
2223,PH,2024-06-30,2024-10-23,3,1496,421000
2224,Ibadan,2024-07-09,2024-11-14,1,74,364000
2225,Abuja,2024-04-04,2024-05-28,5,218,831000
2226,Lagos,2024-02-29,2024-06-27,3,141,725000
2227,PH,2024-04-13,2024-07-21,4,181,967000
2228,Lagos,2024-07-07,2024-08-12,5,202,821000
2229,Ibadan,2024-01-01,2024-06-22,1,66,186000
2230,PH,2024-05-31,2024-07-20,4,179,830000
2231,PH,2024-12-19,2024-06-14,5,215,710000
2232,Ibadan,2024-10-22,2024-04-18,3,116,588000
2233,Lagos,2024-04-19,2024-04-08,5,218,867000
2234,Ibadan,2024-07-13,2024-10-29,4,174,450000
2235,Abuja,2024-06-02,2024-09-07,2,83,194000
2236,Lagos,2024-11-10,2024-12-19,2,111,462000
2237,Abuja,2024-02-23,2024-04-26,5,224,107500
2238,Ibadan,2024-08-14,2024-10-04,4,189,637000
2239,Ibadan,2024-08-09,2024-02-06,2,81,437000
2240,Ibadan,2024-07-10,2024-08-29,5,210,897000
2241,Abuja,2024-04-17,2024-06-02,1,73,419000
2242,Abuja,2024-08-15,2024-11-22,4,198,1028000
2243,PH,2024-04-09,2024-08-02,2,80,402000
2244,Abuja,2024-10-16,2024-10-08,1,67,250000
2245,Lagos,2024-08-04,2024-01-22,3,141,617000
2246,Lagos,2024-04-14,2024-08-14,5,201,749000
2247,Lagos,2024-08-14,2024-11-22,1,35,120000
2248,Abuja,2024-12-21,2024-03-02,3,120,527000
2249,Abuja,2024-08-16,2024-12-28,5,237,914000
2250,PH,2024-09-10,2024-12-26,3,111,550000
2251,Abuja,2024-09-10,2024-01-28,5,212,963000
2252,Abuja,2024-08-05,2024-11-13,2,102,461000
2253,Abuja,2024-01-09,2024-01-29,4,185,870000
2254,Abuja,2024-12-05,2024-02-26,3,130,691000
2255,PH,2024-11-22,2024-04-13,4,157,521000
2256,Lagos,2024-07-20,2024-11-07,3,119,402000
2257,Ibadan,2024-10-01,2024-11-07,2,108,528000
2258,Abuja,2024-03-18,2024-08-07,5,235,597000
2259,Lagos,2024-11-29,2024-01-14,1,44,251000
2260,Lagos,2024-04-01,2024-07-06,3,117,359000
2261,Lagos,2024-05-11,2024-06-26,2,73,364000
2262,Lagos,2024-05-30,2024-08-24,5,212,630000
2263,Lagos,2024-05-23,2024-08-24,3,153,536000
2264,Lagos,2024-06-20,2024-11-27,4,172,953000
2265,Ibadan,2024-06-04,2024-06-27,4,160,622000
2266,Ibadan,2024-04-11,2024-05-28,5,230,1091000
2267,Ibadan,2024-02-05,2024-05-22,4,155,799000
2268,Ibadan,2024-11-09,2024-03-02,2,71,304000
2269,Abuja,2024-01-10,2024-07-02,2,111,385000
2270,Lagos,2024-08-20,2024-11-29,2,120,693000
2271,PH,2024-05-23,2024-09-10,4,155,516000
2272,PH,2024-10-30,2024-02-17,2,88,320000
2273,PH,2024-08-30,2024-09-27,2,116,489000
2274,Abuja,2024-01-30,2024-01-16,4,162,839000
2275,Ibadan,2024-07-25,2024-11-22,1,57,250000
2276,Lagos,2024-01-18,2024-04-22,4,1765,544000
2277,Lagos,2024-05-19,2024-11-10,3,143,482000
2278,Ibadan,2024-06-25,2024-09-19,5,231,1248000
2279,Ibadan,2024-04-28,2024-08-23,4,167,426000
2280,Abuja,2024-08-03,2024-01-23,5,238,1289000
2281,PH,2024-06-18,2024-09-02,5,207,870000
2282,Lagos,2024-09-20,2024-09-02,4,160,489000
2283,Abuja,2024-05-04,2024-08-24,1,721,127000
2284,PH,2024-04-14,2024-07-01,4,167,570000
2285,Lagos,2024-09-21,2024-10-21,1,37,135000
2286,Abuja,2024-08-09,2024-11-28,5,202,461000
2287,Lagos,2024-05-15,2024-10-31,4,154,504000
2288,Abuja,2024-09-23,2024-12-18,2,104,532000
2289,PH,2024-12-06,2024-03-22,4,171,820000
2290,Lagos,2024-07-23,2024-01-04,4,170,554000
2291,PH,2024-02-16,2024-03-22,1,74,293000
2292,Lagos,2024-04-19,2024-07-13,1,42,216000
2293,Abuja,2024-12-02,2024-02-21,3,124,520000
2294,Abuja,2024-11-23,2024-12-15,2,114,402000
2295,Lagos,2024-01-15,2024-02-27,2,104,376000
2296,Ibadan,2024-09-08,2024-02-21,5,220,885000
2297,Abuja,2024-06-06,2024-09-23,2,120,550000
2298,Ibadan,2024-10-21,2024-12-21,4,189,712000
2299,Ibadan,2024-03-19,2024-03-09,5,202,672000
2300,Abuja,2024-06-11,2024-08-24,1,65,277000
2301,Abuja,2024-03-06,2024-05-16,1,53,76000
2302,Lagos,2024-02-14,2024-03-03,1,54,207000
2303,Abuja,2024-07-19,2024-01-08,4,2056,531000
2304,Lagos,2024-11-12,2024-03-01,2,83,393000
2305,PH,2024-05-09,2024-06-22,2,95,244000
2306,PH,2024-07-07,2024-10-17,4,159,510000
2307,PH,2024-08-12,2024-12-16,5,224,639000
2308,Lagos,2024-04-12,2024-06-18,1,73,333000
2309,PH,2024-05-05,2024-07-05,4,188,730000
2310,Ibadan,2024-09-06,2024-01-27,2,77,409000
2311,Ibadan,2024-08-24,2024-01-14,2,85,420000
2312,PH,2024-12-11,2024-06-03,2,98,288000
2313,Ibadan,2024-05-18,2024-08-12,1,52,168000
2314,Ibadan,2024-07-10,2024-10-17,1,45,118000
2315,Lagos,2024-07-31,2024-10-10,3,159,725000
2316,Abuja,2024-02-10,2024-01-25,4,192,430000
2317,Abuja,2024-12-10,2024-05-23,4,182,819000
2318,Ibadan,2024-03-27,2024-08-20,3,118,365000
2319,Lagos,2024-07-05,2024-12-01,1,42,276000
2320,Abuja,2024-01-09,2024-04-06,2,926,264000
2321,Abuja,2024-05-16,2024-06-21,1,80,382000
2322,PH,2024-12-18,2024-01-26,4,191,871000
2323,Abuja,2024-06-22,2024-08-01,1,366,123000
2324,PH,2024-10-10,2024-12-17,4,191,607000
2325,Abuja,2024-05-05,2024-08-30,5,202,962000
2326,Lagos,2024-02-18,2024-06-20,1,57,145000
2327,PH,2024-04-21,2024-07-27,3,135,651000
2328,Lagos,2024-01-15,2024-02-04,1,42,201000
2329,Ibadan,2024-07-19,2024-12-29,5,219,639000
2330,Lagos,2024-06-26,2024-12-04,1,44,253000
2331,Abuja,2024-04-11,2024-09-14,3,131,3550000
2332,Abuja,2024-03-07,2024-07-13,4,190,398000
2333,Ibadan,2024-01-24,2024-06-26,1,43,266000
2334,Lagos,2024-12-12,2024-04-20,5,218,820000
2335,Ibadan,2024-04-10,2024-08-24,5,192,616000
2336,PH,2024-08-13,2024-12-18,4,162,625000
2337,PH,2024-04-06,2024-07-07,1,57,162000
2338,PH,2024-06-02,2024-09-23,1,78,246000
2339,Abuja,2024-05-04,2024-06-14,2,120,512000
2340,PH,2024-10-28,2024-02-28,5,239,882000
2341,Lagos,2024-09-08,2024-03-07,3,146,567000
2342,Lagos,2024-12-09,2024-04-07,1,41,205000
2343,PH,2024-10-27,2024-03-04,3,153,619000
2344,Ibadan,2024-01-04,2024-02-06,2,120,346000
2345,PH,2024-01-19,2024-07-11,5,208,494000
2346,Abuja,2024-01-26,2024-05-06,3,138,624000
2347,Abuja,2024-01-06,2024-04-29,5,191,504000
2348,Lagos,2024-11-17,2024-04-15,5,193,597000
2349,Abuja,2024-06-28,2024-09-29,5,211,588000
2350,Ibadan,2024-08-30,2024-10-10,1,45,211000
2351,Abuja,2024-04-28,2024-06-26,3,117,552000
2352,Ibadan,2024-01-26,2024-05-01,5,218,822000
2353,Ibadan,2024-04-02,2024-05-07,3,156,821000
2354,Ibadan,2024-10-24,2024-02-07,1,65,294000
2355,Abuja,2024-12-22,2024-01-07,1,70,360000
2356,Lagos,2024-06-24,2024-07-17,1,30,113000
2357,PH,2024-01-26,2024-07-16,1,59,105000
2358,Ibadan,2024-03-25,2024-07-24,5,216,590000
2359,Lagos,2024-11-10,2024-11-21,3,115,641000
2360,Abuja,2024-09-11,2024-11-26,5,234,1158000
2361,Abuja,2024-07-06,2024-08-23,4,184,843000
2362,PH,2024-11-04,2024-01-25,5,230,1001000
2363,Ibadan,2024-12-08,2024-01-23,3,137,471000
2364,PH,2024-05-24,2024-07-08,5,199,767000
2365,Ibadan,2024-06-15,2024-10-06,3,136,536000
2366,PH,2024-01-09,2024-05-16,5,216,539000
2367,Lagos,2024-02-12,2024-04-27,2,96,247000
2368,Abuja,2024-06-06,2024-07-19,5,201,536000
2369,PH,2024-05-27,2024-11-13,3,124,243000
2370,Abuja,2024-02-11,2024-03-20,3,121,565000
2371,Lagos,2024-08-27,2024-02-20,3,1249,631000
2372,Abuja,2024-07-11,2024-12-02,3,125,725000
2373,Abuja,2024-11-26,2024-01-16,3,144,495000
2374,Abuja,2024-03-08,2024-05-05,1,72,317000
2375,Abuja,2024-07-28,2024-08-15,4,191,563000
2376,Lagos,2024-03-01,2024-04-09,4,166,725000
2377,Lagos,2024-03-13,2024-07-07,4,178,635000
2378,PH,2024-07-31,2024-09-13,3,120,583000
2379,Lagos,2024-03-28,2024-05-18,4,153,413000
2380,Lagos,2024-09-06,2024-10-22,1,57,244000
2381,Abuja,2024-08-04,2024-09-22,5,225,1151000
2382,Lagos,2024-02-17,2024-06-30,5,235,900000
2383,PH,2024-01-22,2024-05-31,3,115,297000
2384,Ibadan,2024-03-18,2024-06-02,3,121,423000
2385,Lagos,2024-05-18,2024-06-29,1,51,68000
2386,Ibadan,2024-03-23,2024-05-12,4,192,1067000
2387,Abuja,2024-08-02,2024-08-14,1,56,91000
2388,Lagos,2024-07-14,2024-11-26,1,527,157000
2389,Lagos,2024-03-04,2024-06-12,5,206,1010000
2390,Abuja,2024-10-09,2024-02-07,3,110,489000
2391,Abuja,2024-06-15,2024-07-18,3,114,295000
2392,PH,2024-01-04,2024-05-22,4,170,446000
2393,Ibadan,2024-05-14,2024-06-15,5,237,1173000
2394,Lagos,2024-10-13,2024-12-16,5,196,851000
2395,Lagos,2024-12-14,2024-02-23,1,44,194000
2396,Ibadan,2024-05-26,2024-08-13,4,189,994000
2397,Lagos,2024-06-25,2024-10-25,2,91,280000
2398,Lagos,2024-04-18,2024-04-30,5,208,857000
2399,Lagos,2024-12-26,2024-12-08,1,31,79000
2400,PH,2024-09-24,2024-09-09,4,161,905000
2401,Ibadan,2024-05-22,2024-10-09,5,213,608000
2402,Abuja,2024-08-12,2024-10-07,3,159,668000
2403,Lagos,2024-11-19,2024-05-04,3,123,642000
2404,Abuja,2024-03-18,2024-03-03,4,156,405000
2405,Abuja,2024-06-01,2024-06-17,2,118,536000
2406,PH,2024-07-03,2024-07-28,1,52,223000
2407,Lagos,2024-03-18,2024-05-03,5,190,795000
2408,Abuja,2024-05-26,2024-08-27,4,161,715000
2409,Ibadan,2024-01-05,2024-06-09,2,101,252000
2410,Lagos,2024-10-04,2024-11-21,2,116,588000
2411,PH,2024-02-06,2024-02-22,3,131,460000
2412,Lagos,2024-06-27,2024-11-25,1,58,264000
2413,PH,2024-10-08,2024-12-14,4,163,483000
2414,PH,2024-07-10,2024-08-14,3,116,566000
2415,Ibadan,2024-04-03,2024-04-14,2,958,288000
2416,Ibadan,2024-07-13,2024-09-08,3,111,548000
2417,Abuja,2024-03-25,2024-04-25,3,154,589000
2418,Ibadan,2024-08-28,2024-11-29,3,112,307000
2419,Ibadan,2024-10-02,2024-03-03,3,137,408000
2420,Ibadan,2024-09-05,2024-10-31,4,178,997000
2421,Abuja,2024-03-29,2024-07-26,2,119,327000
2422,Ibadan,2024-07-13,2024-10-02,4,200,804000
2423,Abuja,2024-08-02,2024-12-26,3,157,833000
2424,Abuja,2024-02-10,2024-03-17,2,103,506000
2425,Lagos,2024-12-01,2024-04-14,3,115,534000
2426,Abuja,2024-01-10,2024-03-21,4,198,967000
2427,PH,2024-08-19,2024-11-21,2,81,408000
2428,PH,2024-03-08,2024-08-09,2,107,323000
2429,PH,2024-05-20,2024-08-03,5,204,637000
2430,PH,2024-09-08,2024-01-10,3,116,701000
2431,Abuja,2024-11-04,2024-02-07,1,45,161000
2432,Ibadan,2024-09-09,2024-12-20,4,179,541000
2433,Abuja,2024-03-01,2024-05-23,3,125,3480000
2434,Lagos,2024-10-28,2024-02-11,2,110,426000
2435,PH,2024-01-25,2024-04-21,4,176,486000
2436,Abuja,2024-02-13,2024-03-17,5,200,689000
2437,Ibadan,2024-06-22,2024-11-14,2,1249,316000
2438,PH,2024-06-29,2024-07-17,2,119,449000
2439,Abuja,2024-10-31,2024-12-02,3,157,632000
2440,PH,2024-09-13,2024-12-28,3,141,435000
2441,Abuja,2024-05-21,2024-06-24,2,91,274000
2442,Abuja,2024-10-25,2024-12-16,3,138,580000
2443,Ibadan,2024-02-20,2024-06-10,2,77,248000
2444,Abuja,2024-08-19,2024-08-31,5,216,688000
2445,Lagos,2024-01-05,2024-01-16,2,111,532000
2446,Ibadan,2024-08-29,2024-02-16,5,238,1126000
2447,PH,2024-06-07,2024-07-23,2,90,400000
2448,Ibadan,2024-05-22,2024-11-06,1,56,209000
2449,Lagos,2024-07-13,2024-11-03,1,45,299000
2450,PH,2024-11-20,2024-01-01,3,1539,604000
2451,Abuja,2024-05-02,2024-06-30,1,71,469000
2452,Abuja,2024-08-24,2024-11-24,1,41,226000
2453,Lagos,2024-07-31,2024-08-13,2,89,461000
2454,PH,2024-10-13,2024-12-07,2,74,216000
2455,Lagos,2024-06-25,2024-12-11,3,119,610000
2456,Abuja,2024-06-10,2024-09-23,3,158,883000
2457,Lagos,2024-08-24,2024-09-24,2,96,594000
2458,Lagos,2024-05-27,2024-09-25,2,74,288000
2459,Ibadan,2024-12-09,2024-12-23,5,218,883000
2460,Abuja,2024-10-15,2024-02-16,5,204,937000
2461,Abuja,2024-03-20,2024-07-03,2,111,549000
2462,Abuja,2024-07-03,2024-12-09,2,106,433000
2463,Lagos,2024-10-28,2024-12-05,4,150,383000
2464,Abuja,2024-02-01,2024-07-08,5,236,901000
2465,Lagos,2024-08-27,2024-12-20,4,186,757000
2466,Abuja,2024-06-05,2024-09-12,1,76,259000
2467,Lagos,2024-03-23,2024-07-13,2,84,162000
2468,Abuja,2024-12-29,2024-05-18,4,162,781000
2469,Ibadan,2024-05-07,2024-06-21,2,1130,374000
2470,Ibadan,2024-12-10,2024-12-01,2,110,556000
2471,Abuja,2024-05-25,2024-10-29,3,137,382000
2472,Abuja,2024-12-22,2024-02-26,1,49,217000
2473,PH,2024-03-18,2024-08-19,5,200,997000
2474,Abuja,2024-09-10,2024-12-01,3,151,506000
2475,Lagos,2024-05-26,2024-06-14,5,232,656000
2476,Abuja,2024-02-29,2024-03-23,2,89,283000
2477,Ibadan,2024-01-01,2024-01-18,5,240,886000
2478,Abuja,2024-05-01,2024-04-27,4,197,588000
2479,PH,2024-04-20,2024-10-06,5,207,746000
2480,Abuja,2024-02-09,2024-07-25,5,209,1001000
2481,Ibadan,2024-07-21,2024-09-12,5,221,776000
2482,Lagos,2024-02-22,2024-07-08,1,65,163000
2483,Ibadan,2024-04-24,2024-05-20,3,110,582000
2484,Abuja,2024-04-05,2024-04-27,1,68,292000
2485,Abuja,2024-08-08,2024-12-23,4,159,831000
2486,Ibadan,2024-04-24,2024-05-06,3,113,361000
2487,Lagos,2024-12-29,2024-01-30,5,214,1118000
2488,Abuja,2024-02-07,2024-02-20,5,239,1237000
2489,Ibadan,2024-11-26,2024-03-08,5,193,586000
2490,Abuja,2024-03-29,2024-04-11,5,201,1023000
2491,Ibadan,2024-12-06,2024-04-13,4,176,834000
2492,Ibadan,2024-11-05,2024-04-14,5,206,949000
2493,Ibadan,2024-01-03,2024-01-24,2,83,197000
2494,PH,2024-01-01,2024-02-07,5,196,342000
2495,Ibadan,2024-07-12,2024-11-01,5,199,890000
2496,Abuja,2024-03-29,2024-05-08,4,168,379000
2497,Ibadan,2024-02-26,2024-06-23,2,80,361000
2498,Ibadan,2024-03-06,2024-05-26,4,174,608000
2499,Lagos,2024-04-06,2024-05-28,1,33,77000
2500,Abuja,2024-04-23,2024-06-12,5,196,1084000
2501,PH,2024-01-27,2024-06-28,3,159,458000
2502,Abuja,2024-06-16,2024-11-17,3,117,376000
2503,PH,2024-06-18,2024-07-09,4,175,470000
2504,Abuja,2024-06-04,2024-10-04,2,82,232000
2505,Ibadan,2024-03-09,2024-03-27,4,170,716000
2506,Lagos,2024-04-25,2024-10-13,2,76,284000
2507,PH,2024-07-21,2024-01-10,1,65,260000
2508,Lagos,2024-10-06,2024-02-21,1,41,274000
2509,PH,2024-09-06,2024-02-01,5,211,784000
2510,PH,2024-08-01,2024-09-07,2,117,335000
2511,Lagos,2024-02-03,2024-06-12,1,80,197000
2512,Lagos,2024-05-12,2024-10-28,3,137,610000
2513,Ibadan,2024-03-31,2024-05-26,1,32,114000
2514,Lagos,2024-09-09,2024-11-08,5,220,898000
2515,Ibadan,2024-10-06,2024-01-03,5,239,841000
2516,Ibadan,2024-05-14,2024-07-01,2,116,328000
2517,Lagos,2024-04-30,2024-08-31,5,229,557000
2518,Lagos,2024-06-09,2024-11-24,3,112,537000
2519,Abuja,2024-06-04,2024-07-07,5,227,1230000
2520,Abuja,2024-07-17,2024-11-16,2,92,456000
2521,PH,2024-06-02,2024-10-12,1,58,250000
2522,PH,2024-07-08,2024-12-15,1,35,74000
2523,PH,2024-11-07,2024-04-15,1,861,315000
2524,Ibadan,2024-01-26,2024-06-03,1,70,89000
2525,Abuja,2024-10-30,2024-11-21,1,38,120000
2526,Ibadan,2024-04-04,2024-08-01,1,71,293000
2527,Abuja,2024-12-26,2024-03-22,4,167,846000
2528,Lagos,2024-07-04,2024-06-15,3,116,456000
2529,PH,2024-02-11,2024-07-10,2,105,494000
2530,Lagos,2024-03-15,2024-08-12,3,137,688000
2531,Abuja,2024-01-19,2024-04-30,2,88,407000
2532,Lagos,2024-01-19,2024-02-07,4,184,612000
2533,PH,2024-10-02,2024-12-19,5,213,1017000
2534,Ibadan,2024-05-26,2024-08-05,2,92,390000
2535,PH,2024-06-21,2024-09-10,5,199,584000
2536,PH,2024-06-15,2024-07-05,1,73,123000
2537,Lagos,2024-02-08,2024-07-27,4,161,788000
2538,Lagos,2024-06-03,2024-08-26,5,201,1039000
2539,PH,2024-04-04,2024-08-08,2,88,174000
2540,Lagos,2024-12-10,2024-01-06,4,177,934000
2541,Ibadan,2024-07-12,2024-12-25,5,202,1092000
2542,PH,2024-04-04,2024-06-22,3,117,394000
2543,Ibadan,2024-10-17,2024-02-14,1,55,182000
2544,Abuja,2024-10-26,2024-04-24,4,194,731000
2545,PH,2024-09-22,2024-03-02,2,81,485000
2546,Abuja,2024-09-26,2024-11-22,2,86,339000
2547,PH,2024-01-12,2024-01-26,2,109,372000
2548,Abuja,2024-10-29,2024-11-23,2,100,288000
2549,Ibadan,2024-03-10,2024-04-20,3,149,678000
2550,Lagos,2024-04-08,2024-06-19,5,2185,550000
2551,Abuja,2024-09-01,2024-01-07,1,57,182000
2552,Ibadan,2024-08-15,2024-01-21,2,100,438000
2553,Abuja,2024-11-21,2024-03-13,4,191,823000
2554,PH,2024-09-30,2024-10-10,1,44,80000
2555,Lagos,2024-05-22,2024-07-20,3,144,436000
2556,PH,2024-09-23,2024-09-03,2,108,552000
2557,PH,2024-03-21,2024-05-18,1,30,91000
2558,Ibadan,2024-08-01,2024-10-05,5,234,704000
2559,PH,2024-09-02,2024-12-11,1,40,147000
2560,Lagos,2024-01-17,2024-04-30,5,236,822000
2561,PH,2024-02-10,2024-05-15,2,104,341000
2562,Ibadan,2024-02-10,2024-04-20,3,143,455000
2563,Ibadan,2024-03-21,2024-07-11,5,234,625000
2564,Ibadan,2024-04-13,2024-06-20,2,78,273000
2565,Abuja,2024-05-28,2024-07-25,1,79,499000
2566,PH,2024-03-01,2024-05-25,3,115,342000
2567,PH,2024-03-16,2024-06-20,2,98,477000
2568,Lagos,2024-05-16,2024-05-28,2,71,337000
2569,PH,2024-01-17,2024-01-31,1,41,176000
2570,Abuja,2024-02-24,2024-07-16,3,152,617000
2571,Lagos,2024-06-23,2024-09-26,5,199,1023000
2572,Ibadan,2024-10-21,2024-02-03,2,77,324000
2573,Ibadan,2024-08-24,2024-11-01,3,111,422000
2574,Abuja,2024-06-15,2024-11-15,5,237,681000
2575,Abuja,2024-01-11,2024-04-18,3,1496,471000
2576,Abuja,2024-11-01,2024-12-12,2,120,492000
2577,Abuja,2024-06-24,2024-12-18,1,67,283000
2578,Ibadan,2024-05-02,2024-07-12,3,143,316000
2579,Lagos,2024-05-28,2024-06-21,4,167,465000
2580,Abuja,2024-03-04,2024-05-15,4,175,997000
2581,PH,2024-07-25,2024-12-04,3,123,394000
2582,Lagos,2024-07-18,2024-09-06,1,34,139000
2583,Lagos,2024-02-11,2024-04-05,3,130,705000
2584,Abuja,2024-11-14,2024-03-20,1,71,179000
2585,PH,2024-04-18,2024-06-30,5,231,998000
2586,PH,2024-01-04,2024-04-06,5,231,1165000
2587,PH,2024-04-06,2024-07-24,3,152,452000
2588,Lagos,2024-03-02,2024-07-27,5,236,1091000
2589,Abuja,2024-08-17,2024-12-22,1,50,266000
2590,PH,2024-06-02,2024-07-12,2,102,597000
2591,Abuja,2024-08-29,2024-02-25,3,128,751000
2592,Abuja,2024-06-13,2024-09-06,5,207,696000
2593,PH,2024-12-03,2024-02-03,1,68,369000
2594,PH,2024-08-30,2024-11-11,5,204,816000
2595,Abuja,2024-07-10,2024-12-01,5,204,1098000
2596,Lagos,2024-04-27,2024-06-16,3,156,445000
2597,PH,2024-05-19,2024-09-16,1,753,331000
2598,Lagos,2024-12-09,2024-12-27,4,153,782000
2599,Lagos,2024-04-21,2024-08-03,1,76,307000
2600,Abuja,2024-01-16,2024-05-31,2,88,566000
2601,PH,2024-05-19,2024-11-04,3,135,456000
2602,PH,2024-09-01,2024-09-20,4,177,508000
2603,Abuja,2024-11-14,2024-12-08,5,2293,999000
2604,Ibadan,2024-08-31,2024-11-06,5,190,571000
2605,Abuja,2024-06-06,2024-06-25,5,2282,569000
2606,Abuja,2024-08-10,2024-08-28,4,163,542000
2607,Lagos,2024-05-19,2024-07-29,5,221,642000
2608,Lagos,2024-08-24,2024-10-03,1,56,226000
2609,PH,2024-07-02,2024-10-10,5,220,994000
2610,Abuja,2024-10-10,2024-12-29,2,89,436000
2611,Lagos,2024-12-03,2024-02-26,4,164,483000
2612,Ibadan,2024-10-08,2024-10-04,3,110,397000
2613,Abuja,2024-03-25,2024-07-09,5,225,896000
2614,PH,2024-08-01,2024-01-26,3,114,434000
2615,Ibadan,2024-02-18,2024-03-10,2,115,476000
2616,Ibadan,2024-11-19,2024-04-22,2,87,413000
2617,PH,2024-02-16,2024-04-15,2,113,506000
2618,PH,2024-05-14,2024-07-08,1,42,190000
2619,Ibadan,2024-01-05,2024-03-26,5,233,948000
2620,Abuja,2024-08-08,2024-01-27,4,156,885000
2621,Abuja,2024-03-28,2024-08-16,4,167,709000
2622,PH,2024-02-11,2024-05-02,2,947,358000
2623,PH,2024-10-14,2024-02-04,4,197,742000
2624,Ibadan,2024-06-06,2024-08-24,2,96,428000
2625,Ibadan,2024-09-16,2024-12-18,2,76,419000
2626,PH,2024-01-22,2024-06-04,1,41,257000
2627,PH,2024-01-03,2024-02-26,2,115,233000
2628,Ibadan,2024-04-18,2024-09-06,4,194,785000
2629,Lagos,2024-01-29,2024-05-07,2,120,556000
2630,PH,2024-11-12,2024-02-22,5,200,708000
2631,Ibadan,2024-05-15,2024-09-27,5,2164,728000
2632,PH,2024-09-24,2024-11-11,4,180,625000
2633,Abuja,2024-01-18,2024-06-12,2,969,288000
2634,PH,2024-09-07,2024-11-26,3,122,468000
2635,PH,2024-01-29,2024-03-28,5,196,515000
2636,Abuja,2024-11-29,2024-04-21,3,117,508000
2637,Abuja,2024-05-20,2024-07-05,4,173,506000
2638,Ibadan,2024-04-07,2024-06-19,4,191,708000
2639,Lagos,2024-11-19,2024-01-17,5,208,933000
2640,Lagos,2024-04-15,2024-07-14,5,238,1269000
2641,Lagos,2024-09-05,2024-02-10,2,114,355000
2642,Lagos,2024-06-30,2024-07-11,4,190,1074000
2643,Lagos,2024-12-18,2024-02-26,2,84,343000
2644,Lagos,2024-08-09,2024-11-18,1,48,186000
2645,PH,2024-03-28,2024-05-14,5,234,856000
2646,Ibadan,2024-07-10,2024-11-24,2,93,201000
2647,Ibadan,2024-09-11,2024-12-30,2,106,309000
2648,Lagos,2024-04-12,2024-08-02,4,179,673000
2649,PH,2024-05-15,2024-07-19,1,36,23000
2650,PH,2024-10-10,2024-04-03,2,92,399000
2651,Ibadan,2024-07-05,2024-11-22,5,237,1196000
2652,Abuja,2024-06-06,2024-11-11,2,98,463000
2653,Abuja,2024-09-17,2024-03-10,5,225,980000
2654,PH,2024-11-09,2024-12-30,2,97,469000
2655,PH,2024-12-25,2024-03-29,3,138,612000
2656,PH,2024-01-04,2024-03-08,3,112,566000
2657,PH,2024-05-07,2024-05-05,1,67,187000
2658,Lagos,2024-05-16,2024-06-01,5,2260,720000
2659,Abuja,2024-02-12,2024-02-29,3,152,645000
2660,PH,2024-05-24,2024-06-04,2,76,355000
2661,Ibadan,2024-05-12,2024-08-26,4,177,942000
2662,PH,2024-08-02,2024-01-07,3,160,551000
2663,PH,2024-01-05,2024-03-18,5,196,658000
2664,Lagos,2024-08-29,2024-10-09,3,114,557000
2665,PH,2024-05-21,2024-09-24,4,182,363000
2666,Lagos,2024-08-17,2024-12-26,4,181,748000
2667,Lagos,2024-10-08,2024-02-01,1,44,179000
2668,PH,2024-07-03,2024-11-10,5,214,1073000
2669,Ibadan,2024-12-27,2024-01-14,1,60,188000
2670,Ibadan,2024-02-13,2024-06-22,4,173,812000
2671,Lagos,2024-04-07,2024-08-19,4,155,528000
2672,PH,2024-12-10,2024-03-28,4,189,865000
2673,Lagos,2024-05-26,2024-10-13,5,216,1127000
2674,Abuja,2024-09-22,2024-02-29,5,215,118700
2675,PH,2024-12-09,2024-01-13,3,160,539000
2676,Ibadan,2024-05-08,2024-07-03,2,115,336000
2677,Ibadan,2024-04-21,2024-07-23,2,79,389000
2678,Lagos,2024-10-17,2024-04-14,4,188,814000
2679,Lagos,2024-07-13,2024-08-19,1,66,206000
2680,Ibadan,2024-08-03,2024-11-11,1,62,272000
2681,Lagos,2024-08-30,2024-02-21,5,209,861000
2682,Ibadan,2024-09-20,2024-12-12,5,205,711000
2683,Ibadan,2024-07-16,2024-08-06,3,114,514000
2684,Ibadan,2024-02-11,2024-05-07,1,53,106000
2685,Ibadan,2024-05-30,2024-07-17,1,54,188000
2686,Lagos,2024-06-26,2024-10-12,3,114,313000
2687,Lagos,2024-12-09,2024-01-07,3,121,56300
2688,PH,2024-06-07,2024-05-21,2,100,311000
2689,Ibadan,2024-04-20,2024-07-03,3,152,788000
2690,Abuja,2024-07-08,2024-10-12,1,54,277000
2691,PH,2024-02-25,2024-05-22,1,57,225000
2692,Abuja,2024-04-30,2024-07-15,2,104,516000
2693,Abuja,2024-09-16,2024-12-24,4,171,909000
2694,Lagos,2024-05-17,2024-07-15,3,145,328000
2695,Ibadan,2024-10-20,2024-12-11,5,223,974000
2696,Lagos,2024-12-10,2024-03-26,5,2583,822000
2697,Ibadan,2024-05-05,2024-05-28,4,173,640000
2698,Ibadan,2024-05-27,2024-07-25,5,234,675000
2699,PH,2024-10-27,2024-03-16,1,38,185000
2700,Ibadan,2024-07-31,2024-12-29,1,37,123000
2701,PH,2024-10-14,2024-01-14,1,30,76000
2702,Lagos,2024-09-09,2024-03-03,1,65,207000
2703,Lagos,2024-04-10,2024-07-06,2,112,468000
2704,Ibadan,2024-06-02,2024-09-25,2,105,308000
2705,PH,2024-06-28,2024-08-16,3,134,750000
2706,Ibadan,2024-01-23,2024-02-09,3,150,334000
2707,Lagos,2024-04-01,2024-06-24,1,37,279000
2708,PH,2024-02-09,2024-06-20,3,110,463000
2709,PH,2024-02-05,2024-03-06,2,93,349000
2710,Lagos,2024-08-06,2024-12-09,4,178,579000
2711,Lagos,2024-06-13,2024-10-18,2,85,217000
2712,Abuja,2024-08-23,2024-11-19,3,125,676000
2713,Lagos,2024-09-25,2024-12-06,4,185,626000
2714,Lagos,2024-01-13,2024-05-10,3,120,474000
2715,Abuja,2024-06-22,2024-08-12,4,156,507000
2716,Ibadan,2024-06-11,2024-11-16,3,135,705000
2717,PH,2024-02-17,2024-07-22,1,33,47000
2718,Lagos,2024-07-15,2024-10-23,5,223,1170000
2719,Lagos,2024-12-06,2024-02-18,1,80,326000
2720,PH,2024-08-26,2024-02-07,2,81,561000
2721,PH,2024-03-07,2024-05-04,4,173,537000
2722,Abuja,2024-04-29,2024-10-17,5,212,90600
2723,PH,2024-01-20,2024-03-12,5,204,964000
2724,PH,2024-08-20,2024-09-02,4,163,693000
2725,Ibadan,2024-01-13,2024-02-10,4,195,784000
2726,PH,2024-10-30,2024-04-03,4,2013,890000
2727,Ibadan,2024-11-15,2024-01-14,5,232,1193000
2728,Lagos,2024-10-04,2024-02-22,4,159,489000
2729,PH,2024-02-21,2024-04-30,4,182,568000
2730,Abuja,2024-05-11,2024-10-30,1,57,225000
2731,Abuja,2024-09-24,2024-11-11,5,211,731000
2732,Lagos,2024-01-09,2024-05-13,3,112,497000
2733,Ibadan,2024-09-17,2024-12-19,1,77,393000
2734,Ibadan,2024-09-01,2024-09-14,4,198,719000
2735,Lagos,2024-08-05,2024-02-02,1,78,338000
2736,PH,2024-03-03,2024-08-07,4,165,751000
2737,Abuja,2024-09-19,2024-02-10,1,54,332000
2738,PH,2024-10-22,2024-12-11,1,68,237000
2739,PH,2024-06-01,2024-07-31,3,121,587000
2740,PH,2024-10-04,2024-03-22,3,141,637000
2741,PH,2024-03-23,2024-09-11,5,236,1098000
2742,Ibadan,2024-03-01,2024-05-31,1,635,306000
2743,PH,2024-02-21,2024-08-17,4,199,1004000
2744,Lagos,2024-12-11,2024-02-26,2,74,453000
2745,Lagos,2024-12-03,2024-03-30,3,157,761000
2746,PH,2024-06-22,2024-11-08,5,194,626000
2747,Abuja,2024-03-17,2024-07-01,2,79,317000
2748,PH,2024-06-26,2024-07-25,3,1442,337000
2749,Abuja,2024-02-22,2024-07-12,1,57,164000
2750,PH,2024-01-29,2024-05-31,4,155,570000
2751,Ibadan,2024-02-01,2024-05-20,5,199,992000
2752,Lagos,2024-09-27,2024-02-16,1,43,274000
2753,PH,2024-02-13,2024-03-16,4,160,425000
2754,Lagos,2024-03-12,2024-08-05,5,233,887000
2755,Lagos,2024-07-14,2024-08-07,2,113,435000
2756,Ibadan,2024-12-26,2024-02-18,5,239,1090000
2757,Lagos,2024-07-02,2024-11-04,5,2077,681000
2758,Lagos,2024-12-12,2024-01-29,2,79,396000
2759,Lagos,2024-02-10,2024-03-01,1,786,305000
2760,Lagos,2024-11-17,2024-12-20,4,164,728000
2761,Abuja,2024-05-22,2024-06-02,1,32,187000
2762,PH,2024-02-10,2024-07-17,2,103,163000
2763,Ibadan,2024-09-11,2024-02-16,4,188,947000
2764,Abuja,2024-07-02,2024-07-27,3,121,402000
2765,Abuja,2024-04-29,2024-04-11,1,63,127000
2766,Ibadan,2024-01-02,2024-04-04,5,195,485000
2767,PH,2024-10-18,2024-01-13,2,87,423000
2768,Abuja,2024-11-25,2024-02-20,2,105,351000
2769,Ibadan,2024-02-16,2024-06-11,4,1873,777000
2770,Ibadan,2024-10-16,2024-11-07,2,71,315000
2771,Ibadan,2024-05-04,2024-05-25,3,111,514000
2772,PH,2024-02-24,2024-06-30,1,48,112000
2773,Lagos,2024-07-01,2024-12-10,1,74,411000
2774,PH,2024-02-23,2024-03-25,2,96,360000
2775,Abuja,2024-07-06,2024-12-19,4,190,808000
2776,Abuja,2024-06-03,2024-07-09,3,146,804000
2777,Lagos,2024-08-09,2024-01-21,5,213,1267000
2778,Ibadan,2024-03-05,2024-03-15,1,56,185000
2779,Lagos,2024-08-30,2024-01-28,3,159,841000
2780,Ibadan,2024-10-17,2024-03-23,1,42,182000
2781,Abuja,2024-08-28,2024-10-04,4,177,1003000
2782,Ibadan,2024-09-22,2024-01-05,5,221,948000
2783,Ibadan,2024-06-09,2024-08-21,4,185,967000
2784,Lagos,2024-02-12,2024-03-18,3,149,476000
2785,PH,2024-11-23,2024-01-20,5,216,916000
2786,PH,2024-07-21,2024-12-10,1,603,196000
2787,PH,2024-03-22,2024-07-17,3,134,408000
2788,Lagos,2024-10-02,2024-12-11,4,199,812000
2789,PH,2024-07-09,2024-11-11,2,88,356000
2790,Ibadan,2024-07-06,2024-10-13,4,172,507000
2791,Abuja,2024-01-29,2024-06-24,2,101,461000
2792,Ibadan,2024-01-22,2024-04-30,4,185,945000
2793,PH,2024-06-01,2024-07-27,3,160,511000
2794,PH,2024-01-13,2024-02-27,1,614,218000
2795,Lagos,2024-01-02,2024-06-21,1,56,78000
2796,Lagos,2024-10-13,2024-11-05,1,59,190000
2797,Ibadan,2024-10-27,2024-12-04,3,1593,663000
2798,PH,2024-01-24,2024-04-17,3,133,435000
2799,Ibadan,2024-07-22,2024-11-15,2,86,227000
2800,Lagos,2024-10-20,2024-01-28,3,125,605000
2801,PH,2024-10-30,2024-01-04,1,74,189000
2802,Ibadan,2024-04-10,2024-08-28,2,99,197000
2803,PH,2024-05-18,2024-09-09,5,200,643000
2804,Abuja,2024-07-26,2024-08-22,1,36,112000
2805,Ibadan,2024-01-15,2024-03-09,4,192,894000
2806,Ibadan,2024-04-03,2024-06-07,4,181,485000
2807,Ibadan,2024-08-11,2024-12-02,3,152,540000
2808,Lagos,2024-04-24,2024-08-01,1,45,173000
2809,Abuja,2024-07-21,2024-12-05,2,115,454000
2810,Abuja,2024-03-27,2024-07-09,2,70,129000
2811,Abuja,2024-11-06,2024-04-11,3,153,415000
2812,Abuja,2024-12-24,2024-04-18,3,1475,525000
2813,PH,2024-11-25,2024-02-25,5,211,1000000
2814,Lagos,2024-01-07,2024-06-11,5,206,799000
2815,PH,2024-02-09,2024-07-26,4,164,736000
2816,Abuja,2024-06-23,2024-07-11,1,538,203000
2817,Abuja,2024-04-02,2024-08-20,4,173,916000
2818,Lagos,2024-09-10,2024-11-13,1,66,229000
2819,PH,2024-04-11,2024-06-12,3,110,302000
2820,Ibadan,2024-10-26,2024-04-20,4,188,770000
2821,Abuja,2024-05-17,2024-07-03,1,32,255000
2822,Lagos,2024-05-04,2024-07-13,4,170,681000
2823,Abuja,2024-01-16,2024-02-21,2,75,326000
2824,Lagos,2024-08-20,2024-01-08,2,81,371000
2825,Lagos,2024-02-02,2024-05-01,5,2433,815000
2826,Lagos,2024-12-23,2024-03-18,1,31,123000
2827,Ibadan,2024-05-22,2024-11-12,4,170,61100
2828,Lagos,2024-10-15,2024-04-05,4,169,720000
2829,Ibadan,2024-02-25,2024-05-12,5,212,1020000
2830,Lagos,2024-02-11,2024-07-19,1,47,224000
2831,Ibadan,2024-09-07,2024-01-27,5,229,798000
2832,Lagos,2024-04-12,2024-06-04,3,133,514000
2833,Ibadan,2024-04-26,2024-05-28,3,148,747000
2834,Lagos,2024-08-10,2024-08-21,4,173,872000
2835,Ibadan,2024-08-27,2024-11-10,5,200,627000
2836,PH,2024-10-04,2024-12-07,1,52,150000
2837,Abuja,2024-12-28,2024-05-08,5,200,736000
2838,Abuja,2024-11-30,2024-02-14,2,82,433000
2839,Lagos,2024-07-13,2024-10-15,2,107,425000
2840,Lagos,2024-04-16,2024-10-11,3,1238,386000
2841,Lagos,2024-03-05,2024-03-22,2,1033,416000
2842,Abuja,2024-05-29,2024-11-01,1,35,74000
2843,Ibadan,2024-07-13,2024-08-06,5,234,1194000
2844,Lagos,2024-09-02,2024-02-06,4,197,841000
2845,PH,2024-01-31,2024-03-06,5,221,583000
2846,PH,2024-01-13,2024-07-09,1,53,120000
2847,Lagos,2024-03-31,2024-08-07,3,115,605000
2848,Lagos,2024-02-06,2024-03-19,5,224,1080000
2849,Lagos,2024-03-20,2024-04-14,2,83,201000
2850,Lagos,2024-03-11,2024-09-05,3,130,565000
2851,Ibadan,2024-07-19,2024-10-01,3,145,559000
2852,PH,2024-07-12,2024-12-19,2,79,329000
2853,Ibadan,2024-01-28,2024-07-06,5,233,1083000
2854,Abuja,2024-11-15,2024-03-15,2,88,388000
2855,PH,2024-06-11,2024-10-03,4,164,616000
2856,Abuja,2024-10-31,2024-01-11,2,1281,558000
2857,Lagos,2024-01-05,2024-04-04,4,199,750000
2858,Lagos,2024-10-24,2024-12-21,3,155,626000
2859,Lagos,2024-10-06,2024-12-02,2,103,438000
2860,Lagos,2024-06-13,2024-09-25,4,198,499000
2861,Abuja,2024-02-08,2024-06-05,1,41,54000
2862,Abuja,2024-05-16,2024-09-17,5,200,583000
2863,Ibadan,2024-04-16,2024-07-31,1,46,81000
2864,Abuja,2024-06-30,2024-11-25,5,197,602000
2865,Lagos,2024-08-03,2024-01-25,4,190,568000
2866,PH,2024-02-25,2024-08-17,3,111,515000
2867,Ibadan,2024-08-09,2024-01-22,1,46,167000
2868,Abuja,2024-09-08,2024-02-11,3,126,643000
2869,PH,2024-12-20,2024-05-05,2,79,363000
2870,Abuja,2024-06-12,2024-10-14,2,77,330000
2871,Ibadan,2024-07-15,2024-01-04,3,154,647000
2872,Lagos,2024-03-21,2024-07-25,1,67,3630000
2873,Lagos,2024-07-14,2024-11-13,5,2390,1125000
2874,Abuja,2024-07-13,2024-11-23,1,58,237000
2875,Lagos,2024-03-29,2024-05-20,1,68,253000
2876,Abuja,2024-07-27,2024-10-25,5,236,1008000
2877,Ibadan,2024-03-19,2024-04-19,2,119,307000
2878,Ibadan,2024-08-29,2024-11-02,1,44,239000
2879,Lagos,2024-09-07,2024-02-20,2,115,439000
2880,Abuja,2024-08-09,2024-12-18,4,162,843000
2881,Abuja,2024-10-18,2024-01-30,5,201,692000
2882,PH,2024-07-25,2024-08-07,3,128,619000
2883,PH,2024-06-27,2024-09-17,3,130,379000
2884,Ibadan,2024-12-29,2024-02-17,2,120,287000
2885,Lagos,2024-05-11,2024-06-03,3,152,396000
2886,PH,2024-01-25,2024-03-03,2,104,474000
2887,Lagos,2024-01-19,2024-04-16,3,113,221000
2888,Lagos,2024-02-15,2024-04-06,3,133,543000
2889,Lagos,2024-07-29,2024-12-10,2,1109,462000
2890,Abuja,2024-10-15,2024-03-22,2,117,393000
2891,Lagos,2024-03-06,2024-07-03,3,159,521000
2892,PH,2024-11-13,2024-01-15,1,38,148000
2893,Lagos,2024-08-07,2024-11-12,2,109,666000
2894,Ibadan,2024-12-25,2024-02-07,2,92,508000
2895,PH,2024-06-09,2024-10-17,1,56,292000
2896,Abuja,2024-11-24,2024-03-07,4,186,776000
2897,Abuja,2024-05-16,2024-09-21,4,180,963000
2898,Ibadan,2024-05-20,2024-07-31,2,74,277000
2899,PH,2024-09-22,2024-01-31,1,44,216000
2900,Ibadan,2024-04-03,2024-08-28,5,231,1209000
2901,PH,2024-06-10,2024-11-24,1,62,208000
2902,Abuja,2024-03-27,2024-09-08,5,207,688000
2903,PH,2024-07-29,2024-09-11,3,110,382000
2904,PH,2024-09-09,2024-02-14,2,76,205000
2905,Abuja,2024-04-13,2024-07-08,1,624,330000
2906,Lagos,2024-12-07,2024-05-16,4,157,582000
2907,Ibadan,2024-10-05,2024-12-29,1,55,133000
2908,Ibadan,2024-06-23,2024-10-13,4,167,893000
2909,PH,2024-09-03,2024-11-06,5,194,1011000
2910,PH,2024-07-20,2024-08-06,4,191,574000
2911,Abuja,2024-05-14,2024-05-06,3,127,719000
2912,PH,2024-07-12,2024-09-27,5,233,751000
2913,Lagos,2024-06-08,2024-06-21,5,197,847000
2914,Ibadan,2024-02-20,2024-07-08,1,50,180000
2915,Ibadan,2024-11-24,2024-02-02,1,53,344000
2916,Lagos,2024-11-15,2024-03-06,2,103,326000
2917,PH,2024-08-21,2024-08-08,2,89,347000
2918,Abuja,2024-06-06,2024-07-10,3,133,469000
2919,Abuja,2024-04-29,2024-07-02,4,150,371000
2920,Ibadan,2024-05-11,2024-06-03,2,102,477000
2921,Ibadan,2024-05-10,2024-08-09,1,32,132000
2922,Abuja,2024-12-02,2024-02-23,5,203,718000
2923,Abuja,2024-07-13,2024-11-09,3,129,299000
2924,PH,2024-08-11,2024-11-22,3,143,670000
2925,Ibadan,2024-12-19,2024-05-22,4,195,1040000
2926,Lagos,2024-11-27,2024-04-02,4,190,871000
2927,Ibadan,2024-03-23,2024-06-28,5,218,577000
2928,Abuja,2024-04-24,2024-06-09,5,230,956000
2929,Lagos,2024-06-13,2024-12-06,2,109,433000
2930,Lagos,2024-07-24,2024-01-20,4,177,1048000
2931,Ibadan,2024-12-30,2024-01-28,3,112,358000
2932,Abuja,2024-12-04,2024-04-22,3,154,550000
2933,PH,2024-04-16,2024-04-28,5,238,865000
2934,PH,2024-10-29,2024-02-12,2,120,518000
2935,Ibadan,2024-05-15,2024-10-01,5,211,630000
2936,PH,2024-11-28,2024-01-31,4,153,594000
2937,Ibadan,2024-07-04,2024-08-08,2,91,289000
2938,Lagos,2024-08-09,2024-10-22,3,1335,308000
2939,Ibadan,2024-03-17,2024-07-14,5,2465,843000
2940,Lagos,2024-03-01,2024-04-09,1,42,117000
2941,Lagos,2024-04-25,2024-06-15,1,55,213000
2942,Abuja,2024-03-20,2024-09-06,3,134,392000
2943,PH,2024-12-14,2024-03-18,2,80,331000
2944,Abuja,2024-09-25,2024-12-23,5,216,1137000
2945,Lagos,2024-02-12,2024-05-25,2,77,298000
2946,Lagos,2024-11-11,2024-04-29,5,194,691000
2947,Lagos,2024-07-28,2024-09-21,2,79,167000
2948,Ibadan,2024-07-15,2024-12-13,4,183,999000
2949,Lagos,2024-06-02,2024-08-18,2,93,400000
2950,Abuja,2024-01-30,2024-07-09,2,91,304000
2951,Ibadan,2024-03-27,2024-08-24,1,31,93000
2952,Lagos,2024-01-09,2024-02-09,5,211,806000
2953,Ibadan,2024-10-24,2024-10-18,1,68,320000
2954,PH,2024-06-28,2024-07-17,1,30,185000
2955,Lagos,2024-09-27,2024-01-27,2,86,444000
2956,Lagos,2024-04-27,2024-05-21,1,35,88000
2957,Lagos,2024-04-27,2024-07-31,4,151,569000
2958,Abuja,2024-12-05,2024-11-22,1,54,156000
2959,Lagos,2024-02-08,2024-05-16,4,159,608000
2960,Ibadan,2024-05-25,2024-11-17,2,102,433000
2961,Abuja,2024-03-09,2024-05-07,4,161,442000
2962,Lagos,2024-04-09,2024-07-31,2,106,565000
2963,Ibadan,2024-02-27,2024-08-24,5,193,496000
2964,PH,2024-03-17,2024-06-18,5,215,759000
2965,Lagos,2024-08-14,2024-09-17,1,31,148000
2966,Ibadan,2024-08-14,2024-01-03,4,157,606000
2967,Ibadan,2024-06-28,2024-09-25,2,110,294000
2968,PH,2024-02-27,2024-04-27,5,227,650000
2969,Lagos,2024-02-22,2024-02-18,5,225,621000
2970,Abuja,2024-11-23,2024-03-05,4,156,575000
2971,Ibadan,2024-08-29,2024-11-14,4,178,985000
2972,Abuja,2024-02-03,2024-03-09,3,113,480000
2973,Ibadan,2024-11-18,2024-01-15,5,218,71600
2974,Abuja,2024-01-26,2024-06-10,1,61,215000
2975,Lagos,2024-12-10,2024-12-22,1,53,238000
2976,Ibadan,2024-12-21,2024-02-18,2,103,316000
2977,Abuja,2024-01-28,2024-03-05,1,66,160000
2978,Lagos,2024-06-06,2024-07-14,5,237,1229000
2979,Lagos,2024-11-17,2024-01-21,1,61,341000
2980,PH,2024-02-27,2024-03-16,4,200,910000
2981,PH,2024-04-01,2024-08-07,1,80,216000
2982,PH,2024-06-07,2024-08-28,5,234,1191000
2983,PH,2024-08-04,2024-07-20,1,78,291000
2984,Abuja,2024-08-25,2024-10-19,4,181,615000
2985,PH,2024-12-28,2024-12-19,2,83,303000
2986,Ibadan,2024-07-08,2024-08-02,3,136,633000
2987,Abuja,2024-03-09,2024-09-02,3,160,395000
2988,Lagos,2024-09-18,2024-12-26,2,87,223000
2989,Lagos,2024-03-01,2024-05-10,5,227,860000
2990,Ibadan,2024-06-01,2024-10-27,2,101,437000
2991,Lagos,2024-02-28,2024-05-03,4,154,732000
2992,Abuja,2024-10-13,2024-12-14,4,154,651000
2993,Ibadan,2024-02-10,2024-06-30,3,124,406000
2994,Lagos,2024-02-22,2024-04-23,1,56,320000
2995,Abuja,2024-08-13,2024-09-13,3,119,661000
2996,PH,2024-12-06,2024-02-17,1,786,348000
2997,Lagos,2024-07-27,2024-12-08,5,192,793000
2998,Abuja,2024-01-24,2024-03-16,3,111,598000
2999,PH,2024-11-25,2024-04-17,4,199,982000
3000,Abuja,2024-10-19,2024-01-02,5,229,1106000
3001,PH,2024-12-05,2024-05-06,4,172,800000
3002,Lagos,2024-05-08,2024-10-14,1,33,162000
3003,Lagos,2024-02-17,2024-07-28,1,48,158000
3004,Abuja,2024-09-25,2024-11-02,4,177,736000
3005,Abuja,2024-11-22,2024-05-21,4,156,629000
3006,PH,2024-01-25,2024-02-28,3,141,285000
3007,PH,2024-01-16,2024-04-15,1,52,233000
3008,PH,2024-08-17,2024-01-24,1,52,23200
3009,Ibadan,2024-09-29,2024-02-13,5,2303,1029000
3010,Abuja,2024-07-17,2024-09-18,4,169,1001000
3011,Abuja,2024-05-23,2024-10-19,2,70,190000
3012,PH,2024-06-21,2024-08-30,1,71,180000
3013,Lagos,2024-05-07,2024-10-16,3,116,650000
3014,PH,2024-08-16,2024-10-18,1,49,189000
3015,Lagos,2024-10-21,2024-11-22,3,155,461000
3016,Abuja,2024-02-29,2024-06-15,5,217,900000
3017,Ibadan,2024-09-28,2024-03-05,1,66,402000
3018,Ibadan,2024-12-02,2024-04-29,5,228,847000
3019,Lagos,2024-10-16,2024-10-27,1,43,277000
3020,Lagos,2024-06-11,2024-08-22,5,210,1175000
3021,PH,2024-01-21,2024-06-04,1,75,230000
3022,PH,2024-01-27,2024-06-19,4,164,5350000
3023,Ibadan,2024-05-03,2024-09-15,4,168,572000
3024,Abuja,2024-02-23,2024-06-10,4,1765,815000
3025,PH,2024-11-30,2024-04-30,2,111,447000
3026,Lagos,2024-04-02,2024-04-16,1,75,385000
3027,Lagos,2024-07-31,2024-12-06,4,161,731000
3028,Lagos,2024-04-17,2024-08-15,1,48,228000
3029,Ibadan,2024-12-15,2024-05-21,2,72,314000
3030,Abuja,2024-01-11,2024-03-17,4,198,897000
3031,PH,2024-12-06,2024-03-20,4,192,859000
3032,Lagos,2024-07-31,2024-11-29,5,216,1142000
3033,PH,2024-07-02,2024-08-11,1,42,246000
3034,Abuja,2024-10-25,2024-11-29,2,78,341000
3035,Ibadan,2024-06-09,2024-11-18,4,173,616000
3036,Lagos,2024-12-21,2024-04-21,1,73,274000
3037,PH,2024-08-14,2024-09-24,1,71,304000
3038,PH,2024-03-29,2024-03-24,3,141,752000
3039,PH,2024-08-25,2024-10-28,4,161,709000
3040,Lagos,2024-04-06,2024-09-03,4,171,815000
3041,Ibadan,2024-03-22,2024-04-09,2,107,371000
3042,Lagos,2024-04-15,2024-09-25,3,1475,574000
3043,Ibadan,2024-08-21,2024-01-21,2,71,242000
3044,Abuja,2024-06-09,2024-09-01,3,136,360000
3045,PH,2024-01-16,2024-04-17,3,150,425000
3046,Abuja,2024-12-25,2024-01-28,5,193,692000
3047,Ibadan,2024-04-26,2024-10-07,3,135,414000
3048,Ibadan,2024-05-15,2024-07-30,2,88,392000
3049,Lagos,2024-08-07,2024-08-21,5,215,1209000
3050,Abuja,2024-07-24,2024-09-30,1,50,388000
3051,Lagos,2024-08-28,2024-11-21,1,41,197000
3052,Lagos,2024-02-15,2024-06-24,2,93,384000
3053,PH,2024-12-04,2024-05-22,2,84,380000
3054,Abuja,2024-11-23,2024-02-16,5,216,810000
3055,Lagos,2024-07-22,2024-12-11,2,114,521000
3056,PH,2024-05-28,2024-07-08,2,117,399000
3057,Lagos,2024-10-15,2024-03-20,3,110,504000
3058,Ibadan,2024-06-03,2024-09-22,4,194,974000
3059,Ibadan,2024-01-12,2024-05-05,3,157,575000
3060,Lagos,2024-06-10,2024-08-21,4,160,596000
3061,Abuja,2024-08-18,2024-01-08,4,1948,776000
3062,PH,2024-04-27,2024-06-08,3,114,540000
3063,Lagos,2024-04-17,2024-10-05,3,125,584000
3064,Ibadan,2024-02-17,2024-05-12,3,149,642000
3065,PH,2024-06-09,2024-11-28,1,78,162000
3066,Lagos,2024-02-18,2024-06-30,1,60,141000
3067,PH,2024-12-11,2024-12-25,5,192,779000
3068,Lagos,2024-06-07,2024-07-20,1,68,288000
3069,PH,2024-11-18,2024-04-20,2,81,411000
3070,Abuja,2024-08-17,2024-01-03,2,91,447000
3071,PH,2024-08-03,2024-09-27,2,74,264000
3072,Lagos,2024-10-02,2024-03-25,1,65,295000
3073,Lagos,2024-12-19,2024-01-07,1,77,368000
3074,Ibadan,2024-07-05,2024-12-09,3,150,751000
3075,Ibadan,2024-03-21,2024-05-04,5,232,681000
3076,Lagos,2024-11-05,2024-02-16,3,120,283000
3077,Lagos,2024-12-03,2024-01-30,3,130,330000
3078,Ibadan,2024-09-28,2024-01-12,5,234,1096000
3079,Lagos,2024-08-18,2024-11-06,4,198,692000
3080,PH,2024-12-05,2024-01-09,3,142,716000
3081,Ibadan,2024-07-28,2024-09-14,1,55,123000
3082,Abuja,2024-06-23,2024-08-12,5,211,989000
3083,Abuja,2024-04-18,2024-07-18,4,198,766000
3084,Abuja,2024-11-11,2024-01-16,4,190,812000
3085,PH,2024-04-02,2024-07-18,2,87,163000
3086,Lagos,2024-03-06,2024-04-03,3,132,509000
3087,Lagos,2024-07-05,2024-12-13,4,200,572000
3088,Abuja,2024-04-06,2024-09-24,2,103,454000
3089,PH,2024-06-09,2024-11-15,4,200,536000
3090,Lagos,2024-01-08,2024-02-11,5,2583,539000
3091,Ibadan,2024-01-10,2024-01-21,5,213,574000
3092,Ibadan,2024-11-20,2024-12-10,5,238,888000
3093,PH,2024-11-18,2024-02-28,4,156,772000
3094,PH,2024-04-05,2024-03-23,4,197,1092000
3095,Abuja,2024-01-15,2024-05-26,4,189,529000
3096,PH,2024-06-28,2024-09-25,5,2368,1212000
3097,Lagos,2024-12-21,2024-01-05,4,191,854000
3098,Ibadan,2024-08-13,2024-10-29,4,196,994000
3099,Ibadan,2024-03-15,2024-08-01,4,187,840000
3100,Ibadan,2024-04-01,2024-04-19,2,120,679000
3101,Lagos,2024-11-02,2024-11-26,4,158,559000
3102,Ibadan,2024-05-30,2024-09-15,5,228,1123000
3103,Abuja,2024-08-19,2024-12-19,1,68,465000
3104,PH,2024-06-10,2024-09-28,5,219,585000
3105,Lagos,2024-03-28,2024-08-14,5,240,1256000
3106,PH,2024-05-09,2024-07-11,3,148,413000
3107,PH,2024-11-11,2024-04-21,4,195,871000
3108,Ibadan,2024-09-28,2024-11-24,2,117,367000
3109,Ibadan,2024-12-21,2024-01-12,1,53,229000
3110,Ibadan,2024-05-22,2024-09-07,1,33,227000
3111,Lagos,2024-12-11,2024-03-29,1,80,360000
3112,PH,2024-02-07,2024-06-11,1,57,220000
3113,PH,2024-07-01,2024-09-03,3,112,446000
3114,Ibadan,2024-07-15,2024-12-08,3,146,504000
3115,Lagos,2024-10-15,2024-02-27,4,1916,651000
3116,Abuja,2024-10-14,2024-09-27,4,183,805000
3117,PH,2024-09-11,2024-10-09,2,71,198000
3118,Lagos,2024-01-20,2024-06-23,3,158,494000
3119,Ibadan,2024-01-21,2024-04-25,4,179,726000
3120,PH,2024-10-21,2024-11-04,2,82,371000
3121,Ibadan,2024-09-18,2024-12-27,5,228,708000
3122,Lagos,2024-04-11,2024-07-31,4,157,498000
3123,Ibadan,2024-04-07,2024-07-30,2,93,479000
3124,Ibadan,2024-02-01,2024-05-01,2,113,554000
3125,Abuja,2024-07-14,2024-08-22,4,154,757000
3126,PH,2024-06-25,2024-08-25,5,199,1098000
3127,PH,2024-01-28,2024-04-13,2,107,498000
3128,Lagos,2024-09-07,2024-12-26,4,166,783000
3129,PH,2024-01-21,2024-03-09,2,115,414000
3130,Abuja,2024-04-27,2024-05-29,2,70,270000
3131,Lagos,2024-05-05,2024-09-28,4,180,744000
3132,Ibadan,2024-02-11,2024-07-07,3,123,428000
3133,Abuja,2024-06-24,2024-07-09,2,89,318000
3134,Lagos,2024-09-12,2024-01-07,3,152,521000
3135,PH,2024-05-16,2024-09-16,1,61,207000
3136,Abuja,2024-08-23,2024-09-25,1,32,117000
3137,Abuja,2024-02-02,2024-05-11,1,48,266000
3138,Ibadan,2024-08-03,2024-07-14,2,97,300000
3139,Ibadan,2024-05-18,2024-09-21,1,30,78000
3140,PH,2024-10-23,2024-01-19,1,79,331000
3141,Lagos,2024-10-23,2024-03-04,2,81,323000
3142,PH,2024-11-11,2024-11-24,5,214,717000
3143,Ibadan,2024-04-12,2024-07-11,5,215,610000
3144,PH,2024-07-14,2024-08-31,2,91,385000
3145,PH,2024-05-20,2024-10-13,3,126,602000
3146,PH,2024-04-25,2024-07-23,3,155,594000
3147,Abuja,2024-09-24,2024-10-26,1,66,304000
3148,Abuja,2024-02-02,2024-04-21,4,181,652000
3149,Abuja,2024-04-26,2024-08-30,3,126,595000
3150,PH,2024-04-10,2024-07-17,2,116,232000
3151,Lagos,2024-02-27,2024-07-04,5,190,605000
3152,Ibadan,2024-06-24,2024-10-11,5,191,943000
3153,Ibadan,2024-06-13,2024-11-07,1,50,169000
3154,Lagos,2024-08-08,2024-07-21,5,217,732000
3155,Lagos,2024-03-15,2024-03-31,1,80,430000
3156,Abuja,2024-06-02,2024-10-07,5,202,544000
3157,Ibadan,2024-08-30,2024-09-15,2,104,400000
3158,Abuja,2024-01-25,2024-04-08,4,197,934000
3159,PH,2024-09-22,2024-12-16,5,234,1044000
3160,Ibadan,2024-02-09,2024-05-19,1,61,149000
3161,PH,2024-12-22,2024-03-11,5,2164,716000
3162,Ibadan,2024-07-31,2024-10-13,2,82,514000
3163,Abuja,2024-06-17,2024-11-09,5,194,684000
3164,PH,2024-12-18,2024-06-14,3,142,647000
3165,Ibadan,2024-05-25,2024-08-08,2,116,515000
3166,Abuja,2024-04-28,2024-06-03,1,59,212000
3167,Ibadan,2024-10-23,2024-04-08,4,177,627000
3168,Abuja,2024-03-27,2024-04-18,2,70,236000
3169,Lagos,2024-01-17,2024-07-07,5,226,981000
3170,Abuja,2024-08-16,2024-01-16,3,121,385000
3171,Ibadan,2024-10-06,2024-01-05,2,94,339000
3172,Lagos,2024-03-20,2024-08-01,1,34,211000
3173,Lagos,2024-04-20,2024-07-07,1,70,304000
3174,Lagos,2024-09-25,2024-12-12,1,51,149000
3175,Lagos,2024-04-04,2024-09-06,4,155,464000
3176,PH,2024-12-11,2024-04-28,3,131,497000
3177,PH,2024-06-11,2024-07-31,3,114,357000
3178,Abuja,2024-03-06,2024-07-13,2,72,451000
3179,Ibadan,2024-04-28,2024-06-04,2,85,258000
3180,Lagos,2024-04-11,2024-04-07,3,110,471000
3181,Ibadan,2024-05-13,2024-09-20,1,70,284000
3182,Ibadan,2024-11-26,2024-02-25,2,99,256000
3183,PH,2024-04-28,2024-07-23,2,108,298000
3184,PH,2024-02-16,2024-08-10,4,168,377000
3185,Ibadan,2024-05-05,2024-10-19,2,92,402000
3186,Abuja,2024-09-02,2024-12-10,2,97,435000
3187,Abuja,2024-01-24,2024-03-11,2,117,341000
3188,Lagos,2024-11-15,2024-04-21,3,138,72700
3189,Abuja,2024-07-01,2024-08-05,1,80,241000
3190,PH,2024-08-11,2024-11-27,5,224,979000
3191,Abuja,2024-05-07,2024-07-14,4,155,583000
3192,Ibadan,2024-03-25,2024-06-27,1,66,248000
3193,PH,2024-01-27,2024-03-29,3,143,630000
3194,Abuja,2024-01-18,2024-04-08,3,148,463000
3195,Lagos,2024-07-20,2024-08-15,4,192,950000
3196,Ibadan,2024-10-22,2024-02-25,2,76,345000
3197,Ibadan,2024-02-26,2024-05-30,1,72,283000
3198,PH,2024-06-06,2024-06-20,1,30,180000
3199,PH,2024-10-05,2024-04-01,3,141,614000
3200,Abuja,2024-03-25,2024-07-03,1,37,166000
3201,Ibadan,2024-05-19,2024-05-30,1,39,125000
3202,Abuja,2024-06-21,2024-10-28,4,156,558000
3203,Ibadan,2024-01-02,2024-12-27,3,155,514000
3204,Ibadan,2024-09-06,2024-11-10,2,89,456000
3205,Abuja,2024-01-19,2024-03-27,3,153,387000
3206,PH,2024-07-16,2024-12-12,3,114,506000
3207,Ibadan,2024-03-12,2024-07-30,5,238,873000
3208,PH,2024-04-25,2024-10-06,2,786,330000
3209,Abuja,2024-09-03,2024-10-01,5,233,1162000
3210,Lagos,2024-01-29,2024-06-23,4,159,417000
3211,PH,2024-02-13,2024-05-15,4,163,825000
3212,PH,2024-05-14,2024-10-17,4,191,768000
3213,Abuja,2024-03-08,2024-03-29,5,206,583000
3214,Abuja,2024-08-11,2024-09-23,5,240,779000
3215,Ibadan,2024-10-18,2024-04-13,2,107,392000
3216,PH,2024-07-22,2024-09-25,2,100,424000
3217,Abuja,2024-10-14,2024-11-27,4,193,85100
3218,PH,2024-05-10,2024-09-15,1,31,131000
3219,PH,2024-07-31,2024-12-25,2,79,352000
3220,PH,2024-10-20,2024-01-28,3,141,532000
3221,PH,2024-05-14,2024-06-23,4,190,952000
3222,Ibadan,2024-04-06,2024-04-17,4,167,836000
3223,Abuja,2024-04-23,2024-09-26,1,67,433000
3224,Lagos,2024-09-25,2024-02-04,3,160,559000
3225,Abuja,2024-05-10,2024-11-03,2,79,294000
3226,Ibadan,2024-09-24,2024-12-10,2,78,433000
3227,Abuja,2024-09-09,2024-02-02,2,107,267000
3228,PH,2024-08-30,2024-10-30,1,77,308000
3229,Abuja,2024-10-13,2024-02-02,3,143,458000
3230,Lagos,2024-04-10,2024-06-02,3,128,602000
3231,Abuja,2024-06-05,2024-09-03,3,135,791000
3232,Abuja,2024-01-23,2024-05-04,1,51,113000
3233,Ibadan,2024-05-27,2024-11-04,2,96,451000
3234,Lagos,2024-01-29,2024-05-29,1,67,136000
3235,Abuja,2024-04-24,2024-05-08,3,121,398000
3236,Abuja,2024-09-17,2024-02-12,3,127,561000
3237,Lagos,2024-02-08,2024-08-04,1,39,89000
3238,PH,2024-08-11,2024-10-05,2,110,354000
3239,PH,2024-10-11,2024-03-04,4,1916,576000
3240,Ibadan,2024-09-18,2024-12-27,2,72,278000
3241,Ibadan,2024-01-01,2024-02-09,1,78,223000
3242,PH,2024-10-28,2024-12-25,3,134,737000
3243,Abuja,2024-02-14,2024-04-04,5,205,690000
3244,Ibadan,2024-01-09,2024-02-17,4,157,448000
3245,Ibadan,2024-08-19,2024-01-23,5,222,1134000
3246,Abuja,2024-07-02,2024-09-16,3,149,843000
3247,Ibadan,2024-05-02,2024-10-20,1,38,241000
3248,Ibadan,2024-02-23,2024-03-23,5,198,564000
3249,Ibadan,2024-05-04,2024-08-08,5,202,634000
3250,PH,2024-05-28,2024-09-29,5,210,843000
3251,Ibadan,2024-01-20,2024-04-24,4,171,366000
3252,Abuja,2024-01-01,2024-04-26,1,41,183000
3253,PH,2024-02-07,2024-05-22,3,144,427000
3254,Ibadan,2024-11-27,2024-03-13,2,97,402000
3255,Lagos,2024-02-14,2024-05-09,4,178,464000
3256,Abuja,2024-05-05,2024-09-27,5,229,1253000
3257,PH,2024-04-01,2024-06-16,4,173,577000
3258,PH,2024-03-01,2024-07-22,4,176,488000
3259,PH,2024-04-19,2024-06-04,4,150,442000
3260,Lagos,2024-08-18,2024-11-14,4,158,784000
3261,Lagos,2024-01-27,2024-03-18,5,208,802000
3262,Abuja,2024-09-17,2024-11-13,5,215,714000
3263,Abuja,2024-08-16,2024-09-09,2,111,602000
3264,Lagos,2024-05-30,2024-07-05,4,174,728000
3265,Abuja,2024-03-16,2024-04-22,4,156,682000
3266,Lagos,2024-11-23,2024-12-30,5,194,752000
3267,Ibadan,2024-07-26,2024-08-22,1,46,226000
3268,Abuja,2024-09-22,2024-09-11,1,33,166000
3269,Lagos,2024-07-09,2024-12-17,1,34,152000
3270,Abuja,2024-09-21,2024-03-03,1,71,333000
3271,Abuja,2024-01-14,2024-05-30,5,2573,656000
3272,Ibadan,2024-05-25,2024-09-09,3,135,667000
3273,PH,2024-09-03,2024-02-21,1,50,320000
3274,Lagos,2024-07-17,2024-08-08,3,127,780000
3275,Abuja,2024-08-05,2024-10-20,3,159,583000
3276,Lagos,2024-05-10,2024-08-24,5,192,1065000
3277,Ibadan,2024-02-06,2024-07-02,5,205,875000
3278,PH,2024-09-27,2024-03-25,2,74,235000
3279,Ibadan,2024-11-25,2024-04-29,4,176,852000
3280,Lagos,2024-11-17,2024-01-28,5,231,1053000
3281,Lagos,2024-03-31,2024-09-26,4,175,1002000
3282,Ibadan,2024-02-23,2024-06-09,1,50,243000
3283,Lagos,2024-08-01,2024-12-25,4,198,1093000
3284,Abuja,2024-02-17,2024-07-05,1,657,359000
3285,Ibadan,2024-12-09,2024-05-18,4,169,592000
3286,PH,2024-03-17,2024-05-12,3,130,410000
3287,Ibadan,2024-07-12,2024-09-20,5,227,1197000
3288,Abuja,2024-02-17,2024-03-26,1,38,102000
3289,Abuja,2024-05-25,2024-11-01,3,159,690000
3290,PH,2024-01-06,2024-03-03,4,150,339000
3291,Ibadan,2024-09-15,2024-11-11,5,210,1197000
3292,Ibadan,2024-11-15,2024-04-16,4,190,596000
3293,Abuja,2024-08-11,2024-12-11,2,113,285000
3294,Lagos,2024-08-19,2024-12-21,1,70,451000
3295,Abuja,2024-04-04,2024-05-12,2,100,486000
3296,Lagos,2024-08-12,2024-02-07,1,55,317000
3297,Ibadan,2024-11-20,2024-01-17,4,156,681000
3298,PH,2024-03-28,2024-07-25,5,236,899000
3299,PH,2024-01-25,2024-05-22,4,193,754000
3300,Abuja,2024-09-26,2024-10-15,3,1668,602000
3301,Lagos,2024-12-16,2024-12-04,2,78,347000
3302,Ibadan,2024-10-09,2024-03-27,1,58,258000
3303,Abuja,2024-05-03,2024-10-28,4,168,761000
3304,Ibadan,2024-04-19,2024-08-20,1,67,382000
3305,PH,2024-09-25,2024-02-24,2,92,402000
3306,PH,2024-09-16,2024-10-15,4,184,777000
3307,Lagos,2024-07-27,2024-08-21,2,117,645000
3308,Ibadan,2024-12-03,2024-12-23,3,132,544000
3309,Lagos,2024-11-14,2024-02-28,3,116,330000
3310,Ibadan,2024-06-13,2024-06-26,1,67,160000
3311,Abuja,2024-02-08,2024-03-06,1,37,166000
3312,Lagos,2024-01-31,2024-05-21,3,132,554000
3313,Abuja,2024-05-26,2024-11-19,2,100,263000
3314,Lagos,2024-12-05,2024-12-29,3,152,635000
3315,Abuja,2024-06-13,2024-08-17,4,188,759000
3316,PH,2024-03-06,2024-06-03,5,202,610000
3317,Abuja,2024-05-01,2024-05-17,2,84,187000
3318,PH,2024-12-10,2024-04-09,1,52,314000
3319,PH,2024-12-29,2024-06-19,4,181,763000
3320,Lagos,2024-03-10,2024-03-24,3,129,721000
3321,Abuja,2024-03-07,2024-05-08,2,110,572000
3322,Lagos,2024-05-19,2024-08-07,4,184,1023000
3323,Abuja,2024-01-11,2024-04-22,1,74,143000
3324,PH,2024-03-29,2024-05-10,1,59,237000
3325,Lagos,2024-04-03,2024-06-22,2,73,260000
3326,Lagos,2024-10-06,2024-03-13,4,173,598000
3327,Ibadan,2024-12-19,2024-03-08,4,1679,496000
3328,Lagos,2024-01-23,2024-07-02,4,199,569000
3329,Ibadan,2024-11-16,2024-02-17,1,63,235000
3330,Ibadan,2024-09-20,2024-02-06,1,64,302000
3331,Lagos,2024-09-06,2024-10-02,3,142,517000
3332,Abuja,2024-07-08,2024-10-10,5,203,528000
3333,Ibadan,2024-12-04,2024-03-23,3,153,722000
3334,PH,2024-01-25,2024-04-20,5,209,789000
3335,Ibadan,2024-06-14,2024-11-07,1,56,263000
3336,Abuja,2024-05-26,2024-07-24,2,117,460000
3337,Abuja,2024-08-13,2024-09-16,2,114,349000
3338,Lagos,2024-01-04,2024-04-01,5,190,468000
3339,Lagos,2024-01-15,2024-06-10,1,76,347000
3340,Abuja,2024-09-04,2024-02-08,3,130,597000
3341,Ibadan,2024-09-19,2024-12-07,1,33,189000
3342,PH,2024-03-12,2024-08-12,5,218,637000
3343,PH,2024-05-21,2024-11-03,1,38,258000
3344,Abuja,2024-12-29,2024-04-13,2,82,375000
3345,PH,2024-02-21,2024-07-27,5,196,807000
3346,Ibadan,2024-06-19,2024-10-10,3,1561,676000
3347,Abuja,2024-03-13,2024-08-26,1,33,186000
3348,Ibadan,2024-03-17,2024-09-05,4,168,473000
3349,Ibadan,2024-08-18,2024-07-29,1,75,273000
3350,Lagos,2024-07-28,2024-11-07,1,36,112000
3351,PH,2024-09-12,2024-11-14,5,233,1199000
3352,Lagos,2024-08-13,2024-12-12,1,72,307000
3353,Abuja,2024-07-10,2024-10-14,1,54,179000
3354,Lagos,2024-08-09,2024-09-02,3,158,877000
3355,Ibadan,2024-05-26,2024-07-28,5,234,609000
3356,Lagos,2024-10-15,2024-11-30,4,167,786000
3357,Ibadan,2024-07-31,2024-11-19,4,1798,553000
3358,PH,2024-03-02,2024-08-08,5,198,701000
3359,PH,2024-12-02,2024-04-21,2,109,506000
3360,Ibadan,2024-01-17,2024-02-17,1,41,155000
3361,Ibadan,2024-09-03,2024-11-13,3,1346,573000
3362,PH,2024-08-21,2024-08-03,3,158,910000
3363,Lagos,2024-08-22,2024-10-03,2,110,500000
3364,PH,2024-06-05,2024-11-02,2,113,342000
3365,Lagos,2024-01-30,2024-05-30,5,206,506000
3366,Lagos,2024-12-16,2024-01-02,5,196,658000
3367,Lagos,2024-09-04,2024-08-27,4,173,569000
3368,PH,2024-01-08,2024-01-27,2,105,350000
3369,Lagos,2024-03-11,2024-04-12,5,236,1256000
3370,Abuja,2024-03-16,2024-04-13,2,97,427000
3371,PH,2024-03-10,2024-05-03,1,46,70000
3372,Ibadan,2024-07-08,2024-11-14,5,222,1083000
3373,Abuja,2024-08-15,2024-11-05,5,203,1004000
3374,Abuja,2024-07-20,2024-11-04,4,187,643000
3375,Lagos,2024-11-26,2024-03-27,1,45,151000
3376,Abuja,2024-12-16,2024-05-22,3,121,340000
3377,Abuja,2024-07-06,2024-11-05,1,829,348000
3378,Lagos,2024-10-25,2024-12-23,1,41,70000
3379,PH,2024-04-07,2024-10-01,4,1841,531000
3380,Ibadan,2024-03-01,2024-07-31,1,57,215000
3381,Abuja,2024-01-25,2024-06-14,5,209,971000
3382,Abuja,2024-04-12,2024-04-29,5,215,828000
3383,PH,2024-05-13,2024-05-05,2,81,383000
3384,Lagos,2024-06-18,2024-09-06,3,144,760000
3385,Abuja,2024-05-16,2024-10-18,4,158,744000
3386,Lagos,2024-07-22,2024-08-10,3,113,401000
3387,Abuja,2024-07-01,2024-10-30,1,59,176000
3388,PH,2024-07-21,2024-11-30,2,114,601000
3389,Ibadan,2024-03-12,2024-08-25,2,80,437000
3390,PH,2024-08-03,2024-11-04,4,189,938000
3391,Abuja,2024-04-14,2024-07-02,3,117,624000
3392,PH,2024-01-02,2024-03-01,2,70,387000
3393,PH,2024-06-16,2024-11-27,1,45,148000
3394,Ibadan,2024-03-02,2024-06-06,5,234,890000
3395,Ibadan,2024-12-03,2024-01-11,3,133,487000
3396,Ibadan,2024-05-11,2024-10-20,2,103,510000
3397,Lagos,2024-08-15,2024-10-10,5,232,1325000
3398,Ibadan,2024-09-07,2024-02-03,3,133,633000
3399,Lagos,2024-03-29,2024-05-26,3,125,657000
3400,Abuja,2024-07-15,2024-12-03,3,122,410000
3401,Abuja,2024-03-26,2024-05-02,1,30,77000
3402,Ibadan,2024-10-26,2024-12-24,2,103,344000
3403,PH,2024-03-05,2024-03-23,3,152,672000
3404,Abuja,2024-07-20,2024-08-10,1,46,252000
3405,PH,2024-05-31,2024-11-01,4,152,845000
3406,Lagos,2024-09-16,2024-12-12,5,227,1049000
3407,Abuja,2024-07-02,2024-07-28,3,153,658000
3408,Abuja,2024-02-04,2024-03-29,2,105,419000
3409,Lagos,2024-03-03,2024-04-13,1,47,201000
3410,Abuja,2024-07-19,2024-12-23,1,47,316000
3411,PH,2024-08-15,2024-01-20,2,120,648000
3412,PH,2024-09-21,2024-01-15,2,104,295000
3413,Abuja,2024-02-14,2024-03-03,3,148,612000
3414,PH,2024-04-24,2024-08-12,1,66,182000
3415,Ibadan,2024-02-02,2024-02-12,3,150,286000
3416,PH,2024-12-08,2024-04-01,4,159,820000
3417,Lagos,2024-10-15,2024-03-02,3,142,463000
3418,Lagos,2024-07-08,2024-11-02,5,231,733000
3419,Ibadan,2024-07-24,2024-12-27,2,71,342000
3420,PH,2024-09-04,2024-11-17,3,113,416000
3421,Abuja,2024-08-05,2024-11-09,3,119,319000
3422,Abuja,2024-04-04,2024-06-13,1,59,222000
3423,Ibadan,2024-03-05,2024-08-09,1,70,342000
3424,Abuja,2024-01-25,2024-02-26,4,155,817000
3425,PH,2024-05-21,2024-10-20,4,174,9160000
3426,Lagos,2024-08-01,2024-09-12,1,764,35700
3427,PH,2024-04-03,2024-05-11,1,35,253000
3428,Lagos,2024-08-03,2024-10-08,3,1593,817000
3429,Ibadan,2024-09-16,2024-01-24,2,98,361000
3430,Lagos,2024-04-23,2024-07-03,4,153,848000
3431,PH,2024-09-13,2024-12-17,2,79,308000
3432,PH,2024-08-18,2024-02-08,1,36,120000
3433,Lagos,2024-03-27,2024-07-05,1,69,290000
3434,Ibadan,2024-09-07,2024-01-07,5,225,1017000
3435,Lagos,2024-11-10,2024-12-03,4,160,739000
3436,PH,2024-05-25,2024-09-18,2,775,295000
3437,Lagos,2024-04-18,2024-05-19,4,199,637000
3438,Abuja,2024-06-16,2024-08-04,4,2034,632000
3439,Lagos,2024-08-24,2024-12-06,4,195,1094000
3440,Abuja,2024-03-22,2024-06-07,1,67,171000
3441,Abuja,2024-06-08,2024-07-07,2,112,576000
3442,Lagos,2024-01-30,2024-06-08,3,114,432000
3443,Ibadan,2024-02-11,2024-04-05,3,129,595000
3444,PH,2024-06-20,2024-09-06,4,164,425000
3445,Lagos,2024-06-04,2024-10-22,4,189,623000
3446,Abuja,2024-04-11,2024-05-20,3,120,554000
3447,PH,2024-01-26,2024-02-29,3,149,519000
3448,Ibadan,2024-09-26,2024-02-08,4,169,625000
3449,Lagos,2024-11-10,2024-04-27,5,220,762000
3450,Abuja,2024-06-06,2024-07-19,4,155,457000
3451,Ibadan,2024-04-01,2024-08-08,4,197,1037000
3452,Abuja,2024-09-24,2024-12-06,4,198,983000
3453,PH,2024-04-30,2024-10-25,4,1658,752000
3454,PH,2024-12-20,2024-04-30,1,74,359000
3455,Ibadan,2024-03-15,2024-08-28,4,153,633000
3456,Ibadan,2024-06-02,2024-07-14,1,74,260000
3457,Lagos,2024-04-20,2024-09-07,5,231,1206000
3458,Ibadan,2024-07-14,2024-01-04,1,47,239000
3459,Lagos,2024-11-26,2024-01-12,2,95,497000
3460,Abuja,2024-02-13,2024-07-10,4,184,651000
3461,Ibadan,2024-10-05,2024-01-09,4,191,609000
3462,Ibadan,2024-01-29,2024-04-25,1,73,335000
3463,PH,2024-03-08,2024-05-18,3,128,585000
3464,Lagos,2024-09-12,2024-01-03,5,199,1090000
3465,Ibadan,2024-01-31,2024-06-17,2,78,277000
3466,Ibadan,2024-04-15,2024-09-23,5,237,656000
3467,Ibadan,2024-02-05,2024-04-29,5,198,697000
3468,Ibadan,2024-12-16,2024-04-03,3,122,416000
3469,Abuja,2024-06-19,2024-08-27,4,191,592000
3470,Ibadan,2024-03-13,2024-04-07,3,156,537000
3471,Lagos,2024-10-19,2024-03-09,1,63,198000
3472,Lagos,2024-06-23,2024-09-01,5,210,1039000
3473,Abuja,2024-01-09,2024-03-16,4,158,507000
3474,Abuja,2024-05-16,2024-11-05,2,106,297000
3475,Abuja,2024-03-24,2024-08-26,3,129,400000
3476,PH,2024-10-22,2024-11-17,3,139,601000
3477,Abuja,2024-06-15,2024-11-25,1,72,432000
3478,Abuja,2024-01-05,2024-03-21,2,93,246000
3479,Abuja,2024-06-10,2024-08-08,2,89,363000
3480,Lagos,2024-07-31,2024-10-22,4,189,1047000
3481,PH,2024-09-12,2024-11-13,4,163,698000
3482,PH,2024-10-31,2024-12-18,5,198,599000
3483,Lagos,2024-02-01,2024-06-18,5,239,598000
3484,PH,2024-03-04,2024-05-20,2,107,369000
3485,Lagos,2024-04-10,2024-09-11,4,174,822000
3486,Lagos,2024-04-05,2024-05-18,2,95,389000
3487,PH,2024-12-03,2024-05-13,2,85,371000
3488,PH,2024-01-21,2024-04-04,4,184,339000
3489,PH,2024-03-20,2024-08-07,1,68,189000
3490,Ibadan,2024-04-06,2024-09-05,3,128,371000
3491,Ibadan,2024-11-03,2024-12-28,4,158,741000
3492,Ibadan,2024-06-27,2024-07-16,3,157,489000
3493,PH,2024-06-12,2024-06-05,2,103,386000
3494,Ibadan,2024-03-06,2024-06-16,4,185,728000
3495,Ibadan,2024-12-10,2024-04-21,3,123,406000
3496,Ibadan,2024-11-19,2024-02-01,4,151,589000
3497,Ibadan,2024-05-28,2024-09-14,5,194,609000
3498,PH,2024-09-06,2024-02-09,1,31,94000
3499,PH,2024-12-21,2024-03-11,3,121,325000
3500,Abuja,2024-09-01,2024-11-11,3,1658,411000
3501,Abuja,2024-12-02,2024-04-20,4,151,555000
3502,Lagos,2024-04-04,2024-09-15,3,135,436000
3503,Abuja,2024-10-13,2024-12-24,5,218,707000
3504,Lagos,2024-09-04,2024-12-24,2,106,5240000
3505,Ibadan,2024-04-20,2024-08-13,5,229,630000
3506,Ibadan,2024-09-19,2024-12-01,5,204,977000
3507,PH,2024-07-23,2024-10-18,5,192,773000
3508,Ibadan,2024-05-31,2024-09-27,2,96,449000
3509,Abuja,2024-04-08,2024-07-23,2,103,302000
3510,Lagos,2024-01-21,2024-07-02,2,100,185000
3511,PH,2024-05-20,2024-10-14,3,156,521000
3512,Lagos,2024-07-22,2024-01-16,2,829,156000
3513,Lagos,2024-09-24,2024-03-03,3,115,333000
3514,Lagos,2024-11-29,2024-12-14,2,100,302000
3515,Ibadan,2024-11-21,2024-03-05,4,151,615000
3516,Ibadan,2024-05-28,2024-06-28,2,88,410000
3517,Lagos,2024-03-02,2024-04-17,3,124,490000
3518,Lagos,2024-09-07,2024-10-23,3,137,531000
3519,Lagos,2024-02-10,2024-06-25,1,77,202000
3520,Lagos,2024-01-25,2024-04-11,3,1281,497000
3521,Ibadan,2024-04-17,2024-08-13,1,75,402000
3522,Lagos,2024-03-26,2024-06-30,2,80,346000
3523,Abuja,2024-12-15,2024-03-27,3,152,726000
3524,Ibadan,2024-02-09,2024-08-03,2,107,406000
3525,Ibadan,2024-02-10,2024-02-24,2,95,335000
3526,PH,2024-08-22,2024-09-10,5,195,1012000
3527,Ibadan,2024-10-01,2024-02-06,4,192,865000
3528,Lagos,2024-10-31,2024-01-05,2,91,234000
3529,Ibadan,2024-05-15,2024-08-30,1,57,331000
3530,PH,2024-01-12,2024-04-19,3,141,350000
3531,Ibadan,2024-06-21,2024-12-03,2,76,367000
3532,Lagos,2024-01-29,2024-05-29,4,157,387000
3533,Ibadan,2024-08-26,2024-10-02,5,225,1324000
3534,Abuja,2024-06-29,2024-10-02,1,40,130000
3535,Lagos,2024-01-07,2024-03-20,2,818,376000
3536,Lagos,2024-03-08,2024-05-13,5,215,709000
3537,Ibadan,2024-10-29,2024-03-31,5,238,1151000
3538,Ibadan,2024-09-12,2024-09-22,5,220,703000
3539,PH,2024-12-30,2024-01-28,1,65,173000
3540,PH,2024-04-19,2024-06-25,4,195,973000
3541,Abuja,2024-11-06,2024-12-27,4,192,613000
3542,Ibadan,2024-02-02,2024-07-04,3,160,643000
3543,Lagos,2024-06-16,2024-09-12,3,124,528000
3544,PH,2024-08-17,2024-12-23,3,151,460000
3545,Lagos,2024-04-03,2024-04-18,2,1055,458000
3546,PH,2024-09-04,2024-09-30,3,120,632000
3547,Ibadan,2024-06-11,2024-09-18,1,42,133000
3548,Lagos,2024-03-09,2024-08-19,2,120,368000
3549,Ibadan,2024-06-15,2024-08-21,3,125,670000
3550,Lagos,2024-07-26,2024-11-08,4,194,1052000
3551,Lagos,2024-09-21,2024-01-08,2,112,597000
3552,Abuja,2024-11-03,2024-01-18,4,179,578000
3553,Abuja,2024-06-24,2024-08-06,3,125,463000
3554,Lagos,2024-12-16,2024-01-19,5,226,800000
3555,Lagos,2024-05-05,2024-08-10,3,137,446000
3556,Lagos,2024-07-19,2024-01-03,1,44,271000
3557,Abuja,2024-03-27,2024-09-19,4,154,543000
3558,Abuja,2024-08-21,2024-10-28,5,219,1056000
3559,Lagos,2024-05-02,2024-06-30,4,162,828000
3560,Lagos,2024-02-28,2024-03-23,5,225,1075000
3561,Ibadan,2024-04-18,2024-09-17,4,182,849000
3562,PH,2024-07-21,2024-11-23,5,226,950000
3563,Ibadan,2024-01-24,2024-04-06,2,88,215000
3564,Abuja,2024-08-19,2024-12-22,1,46,371000
3565,Ibadan,2024-08-29,2024-09-30,2,102,579000
3566,Ibadan,2024-04-09,2024-05-05,2,70,468000
3567,Abuja,2024-08-27,2024-09-29,4,154,712000
3568,PH,2024-11-07,2024-12-16,3,155,429000
3569,Abuja,2024-07-04,2024-12-14,1,58,262000
3570,Abuja,2024-04-14,2024-07-10,5,193,964000
3571,Ibadan,2024-05-02,2024-07-12,1,56,273000
3572,Abuja,2024-11-04,2024-12-10,2,93,482000
3573,Lagos,2024-12-14,2024-02-04,5,238,1088000
3574,Ibadan,2024-04-03,2024-09-15,2,92,317000
3575,Lagos,2024-05-28,2024-05-20,5,199,873000
3576,Ibadan,2024-01-15,2024-06-07,4,158,667000
3577,Abuja,2024-03-12,2024-05-09,3,127,672000
3578,Lagos,2024-02-17,2024-07-25,5,229,812000
3579,PH,2024-11-20,2024-03-24,5,200,972000
3580,Lagos,2024-02-14,2024-04-17,5,215,532000
3581,Ibadan,2024-07-03,2024-08-07,3,111,367000
3582,Lagos,2024-03-30,2024-03-23,3,139,290000
3583,PH,2024-01-29,2024-03-17,4,160,706000
3584,Abuja,2024-02-06,2024-08-04,5,240,722000
3585,PH,2024-05-10,2024-09-08,1,43,277000
3586,PH,2024-05-24,2024-10-24,2,81,277000
3587,PH,2024-01-25,2024-03-25,5,218,883000
3588,Abuja,2024-01-23,2024-02-26,1,36,72000
3589,Lagos,2024-07-16,2024-11-13,3,145,531000
3590,Lagos,2024-04-17,2024-08-11,3,134,362000
3591,Lagos,2024-03-20,2024-04-14,5,2347,831000
3592,Lagos,2024-07-30,2024-12-30,3,153,660000
3593,PH,2024-02-29,2024-08-01,4,160,314000
3594,Ibadan,2024-07-07,2024-12-16,1,46,219000
3595,Abuja,2024-09-21,2024-02-07,1,35,98000
3596,Abuja,2024-09-27,2024-02-20,5,212,947000
3597,Ibadan,2024-06-01,2024-11-04,4,164,478000
3598,Ibadan,2024-04-28,2024-09-15,4,155,614000
3599,PH,2024-12-06,2024-05-08,3,136,459000
3600,Abuja,2024-01-23,2024-03-18,1,68,367000
3601,Ibadan,2024-11-04,2024-12-17,2,1130,602000
3602,Lagos,2024-03-19,2024-08-26,5,202,605000
3603,PH,2024-09-25,2024-11-25,4,158,844000
3604,PH,2024-05-13,2024-05-24,3,116,270000
3605,Ibadan,2024-09-26,2024-11-13,3,117,773000
3606,PH,2024-01-14,2024-03-23,3,153,799000
3607,Lagos,2024-03-30,2024-06-17,4,162,492000
3608,Ibadan,2024-02-26,2024-04-11,4,198,555000
3609,Lagos,2024-01-13,2024-02-09,4,200,709000
3610,Ibadan,2024-03-09,2024-07-08,4,176,902000
3611,Lagos,2024-11-10,2024-03-15,3,132,657000
3612,Ibadan,2024-07-13,2024-09-30,1,51,115000
3613,PH,2024-09-03,2024-01-11,1,75,363000
3614,PH,2024-06-17,2024-10-11,3,158,493000
3615,Ibadan,2024-12-30,2024-05-30,4,178,863000
3616,Ibadan,2024-05-01,2024-07-25,2,78,222000
3617,Lagos,2024-01-16,2024-04-28,5,215,10580000
3618,Ibadan,2024-12-25,2024-03-08,4,182,611000
3619,Abuja,2024-11-26,2024-03-06,2,72,318000
3620,Ibadan,2024-02-13,2024-07-24,5,192,829000
3621,PH,2024-02-29,2024-07-19,2,87,469000
3622,PH,2024-06-15,2024-07-20,3,118,288000
3623,PH,2024-07-14,2024-07-30,5,224,708000
3624,Lagos,2024-07-16,2024-12-15,3,114,470000
3625,Ibadan,2024-04-01,2024-06-12,4,150,402000
3626,Lagos,2024-05-11,2024-09-29,5,235,901000
3627,Lagos,2024-08-31,2024-11-22,5,190,666000
3628,Lagos,2024-10-07,2024-01-22,4,167,574000
3629,Ibadan,2024-08-24,2024-10-13,5,199,913000
3630,Ibadan,2024-06-03,2024-11-04,5,206,1142000
3631,Ibadan,2024-11-28,2024-02-13,2,829,349000
3632,Lagos,2024-09-19,2024-10-07,2,78,525000
3633,Ibadan,2024-05-22,2024-11-01,3,136,691000
3634,Lagos,2024-06-02,2024-10-19,4,185,987000
3635,PH,2024-10-20,2024-02-02,3,139,445000
3636,Lagos,2024-04-21,2024-08-16,2,77,100000
3637,Ibadan,2024-03-20,2024-08-29,2,118,558000
3638,Lagos,2024-01-07,2024-06-08,3,156,314000
3639,Abuja,2024-08-12,2024-12-16,4,198,816000
3640,Ibadan,2024-09-11,2024-10-20,3,160,844000
3641,Abuja,2024-08-26,2024-02-22,3,146,670000
3642,Abuja,2024-10-27,2024-02-12,1,52,240000
3643,PH,2024-06-12,2024-11-12,5,201,1080000
3644,Abuja,2024-03-28,2024-05-29,2,93,412000
3645,PH,2024-10-30,2024-01-11,1,37,83000
3646,PH,2024-04-07,2024-08-22,4,167,417000
3647,PH,2024-07-26,2024-11-15,2,91,319000
3648,Abuja,2024-09-12,2024-12-28,2,86,389000
3649,Lagos,2024-08-02,2024-12-22,4,187,737000
3650,Ibadan,2024-11-14,2024-03-21,1,35,156000
3651,Abuja,2024-06-15,2024-08-02,4,187,504000
3652,Lagos,2024-05-21,2024-09-12,5,206,587000
3653,PH,2024-01-12,2024-06-04,5,192,593000
3654,Ibadan,2024-02-16,2024-05-09,5,223,572000
3655,Ibadan,2024-08-27,2024-01-30,5,204,1001000
3656,Ibadan,2024-03-20,2024-06-01,3,111,492000
3657,Ibadan,2024-11-05,2024-04-19,2,99,394000
3658,Ibadan,2024-10-10,2024-03-19,4,163,718000
3659,PH,2024-11-15,2024-03-21,4,160,662000
3660,PH,2024-10-22,2024-12-20,4,194,929000
3661,Ibadan,2024-09-06,2024-02-03,5,230,844000
3662,Abuja,2024-03-11,2024-03-27,5,212,628000
3663,PH,2024-01-01,2024-02-07,3,136,477000
3664,Lagos,2024-10-15,2024-01-13,1,30,103000
3665,PH,2024-12-01,2024-03-13,2,70,150000
3666,PH,2024-02-24,2024-04-02,3,110,508000
3667,Lagos,2024-09-25,2024-11-05,1,355,18000
3668,Ibadan,2024-02-13,2024-07-21,4,165,770000
3669,Lagos,2024-01-08,2024-05-05,5,206,800000
3670,Lagos,2024-12-16,2024-06-11,1,74,455000
3671,Abuja,2024-08-26,2024-10-20,2,95,467000
3672,Ibadan,2024-09-15,2024-12-23,2,83,503000
3673,PH,2024-08-15,2024-10-25,3,142,704000
3674,Ibadan,2024-07-05,2024-12-05,3,112,331000
3675,Lagos,2024-04-12,2024-08-25,3,115,443000
3676,Lagos,2024-12-10,2024-04-13,3,1690,670000
3677,Lagos,2024-08-05,2024-01-19,3,133,678000
3678,Lagos,2024-05-04,2024-10-19,5,223,1155000
3679,Lagos,2024-03-01,2024-08-14,2,116,499000
3680,Ibadan,2024-07-25,2024-01-18,5,234,765000
3681,Ibadan,2024-02-21,2024-06-05,1,77,223000
3682,PH,2024-10-06,2024-01-02,2,106,435000
3683,Ibadan,2024-09-18,2024-11-24,4,171,508000
3684,Ibadan,2024-06-10,2024-10-21,3,115,470000
3685,Abuja,2024-04-28,2024-10-02,3,149,466000
3686,PH,2024-11-21,2024-04-19,4,158,712000
3687,PH,2024-04-11,2024-09-19,5,227,880000
3688,Ibadan,2024-09-17,2024-03-16,3,110,343000
3689,PH,2024-06-16,2024-11-18,5,198,1014000
3690,Ibadan,2024-09-29,2024-02-28,1,71,189000
3691,PH,2024-06-16,2024-06-29,3,130,559000
3692,PH,2024-04-20,2024-09-24,5,204,5780000
3693,Ibadan,2024-07-21,2024-12-24,4,196,578000
3694,Ibadan,2024-05-10,2024-06-30,2,106,548000
3695,Ibadan,2024-08-15,2024-08-25,2,95,464000
3696,Ibadan,2024-07-15,2024-11-15,5,217,904000
3697,PH,2024-03-29,2024-06-09,3,132,584000
3698,Ibadan,2024-02-26,2024-03-07,5,225,597000
3699,Lagos,2024-04-14,2024-09-21,5,232,1124000
3700,PH,2024-11-18,2024-05-07,5,226,1069000
3701,Ibadan,2024-06-12,2024-06-27,3,126,359000
3702,PH,2024-06-03,2024-10-10,3,158,623000
3703,Ibadan,2024-07-18,2024-10-12,2,114,523000
3704,Abuja,2024-01-23,2024-05-06,5,216,789000
3705,Lagos,2024-04-24,2024-09-12,4,161,515000
3706,Ibadan,2024-05-03,2024-08-22,4,186,660000
3707,Abuja,2024-04-08,2024-09-11,4,196,981000
3708,Abuja,2024-06-30,2024-12-03,5,191,774000
3709,Abuja,2024-05-10,2024-07-10,3,144,495000
3710,PH,2024-06-18,2024-10-30,5,225,931000
3711,Ibadan,2024-09-10,2024-11-01,5,225,1087000
3712,Abuja,2024-08-25,2024-01-01,2,1216,609000
3713,Abuja,2024-03-30,2024-07-13,4,158,508000
3714,PH,2024-01-14,2024-03-25,2,81,371000
3715,PH,2024-03-18,2024-05-05,3,136,336000
3716,Ibadan,2024-07-18,2024-12-19,3,129,510000
3717,PH,2024-04-09,2024-05-16,1,46,186000
3718,PH,2024-06-24,2024-09-11,5,217,1228000
3719,PH,2024-05-07,2024-07-02,5,213,1054000
3720,Lagos,2024-07-06,2024-10-03,4,197,786000
3721,Abuja,2024-06-01,2024-10-31,5,200,550000
3722,Abuja,2024-12-04,2024-05-10,2,112,391000
3723,Ibadan,2024-11-03,2024-12-18,1,57,281000
3724,Abuja,2024-09-21,2024-12-27,4,199,909000
3725,Abuja,2024-04-30,2024-09-30,4,167,951000
3726,Abuja,2024-06-18,2024-08-12,1,60,211000
3727,Abuja,2024-05-06,2024-08-26,3,156,640000
3728,Ibadan,2024-06-15,2024-07-28,3,121,379000
3729,Lagos,2024-08-14,2024-11-03,5,194,839000
3730,PH,2024-06-04,2024-07-03,5,2411,915000
3731,Abuja,2024-12-19,2024-02-06,2,72,241000
3732,Ibadan,2024-01-31,2024-01-25,5,205,707000
3733,Lagos,2024-08-22,2024-12-04,4,171,555000
3734,Abuja,2024-10-26,2024-10-15,4,174,598000
3735,Lagos,2024-07-04,2024-06-25,3,116,425000
3736,Ibadan,2024-12-04,2024-01-07,5,223,754000
3737,Lagos,2024-09-06,2024-11-06,4,200,1105000
3738,Abuja,2024-12-17,2024-02-29,4,180,710000
3739,Abuja,2024-05-07,2024-08-02,4,169,603000
3740,Abuja,2024-08-02,2024-11-17,4,155,516000
3741,Ibadan,2024-12-22,2024-05-11,2,119,582000
3742,Abuja,2024-04-26,2024-07-19,3,147,348000
3743,Lagos,2024-03-05,2024-03-17,2,104,312000
3744,PH,2024-02-27,2024-04-03,1,52,119000
3745,Abuja,2024-02-20,2024-03-22,1,46,104000
3746,Ibadan,2024-03-10,2024-04-03,1,69,210000
3747,Lagos,2024-08-04,2024-10-16,2,71,289000
3748,PH,2024-03-28,2024-04-11,4,1668,558000
3749,Lagos,2024-09-25,2024-11-04,4,182,1081000
3750,Ibadan,2024-12-02,2024-12-16,1,53,281000
3751,PH,2024-08-07,2024-11-05,2,102,479000
3752,Ibadan,2024-12-29,2024-05-18,1,49,208000
3753,PH,2024-03-20,2024-07-07,5,201,503000
3754,PH,2024-12-04,2024-03-08,1,48,205000
3755,PH,2024-06-14,2024-10-25,2,114,616000
3756,Lagos,2024-03-13,2024-06-27,1,46,234000
3757,Lagos,2024-08-30,2024-09-14,5,190,698000
3758,Ibadan,2024-07-20,2024-10-16,2,108,323000
3759,Lagos,2024-03-27,2024-05-03,3,120,317000
3760,Ibadan,2024-04-25,2024-07-20,2,106,284000
3761,Abuja,2024-03-07,2024-06-04,5,214,992000
3762,Lagos,2024-08-11,2024-01-02,1,667,64000
3763,Abuja,2024-12-13,2024-04-17,2,77,444000
3764,Abuja,2024-08-11,2024-11-02,1,78,289000
3765,Ibadan,2024-12-16,2024-02-05,4,183,662000
3766,PH,2024-03-31,2024-06-22,1,59,295000
3767,Ibadan,2024-02-09,2024-03-14,2,78,393000
3768,Lagos,2024-09-11,2024-01-23,3,112,372000
3769,Abuja,2024-01-27,2024-04-02,2,119,461000
3770,Ibadan,2024-10-04,2024-02-02,3,146,6500000
3771,Lagos,2024-10-30,2024-12-16,4,197,803000
3772,Lagos,2024-06-22,2024-10-27,3,132,647000
3773,Ibadan,2024-05-16,2024-08-20,2,96,327000
3774,PH,2024-05-28,2024-07-03,4,152,398000
3775,Ibadan,2024-01-06,2024-06-20,5,217,955000
3776,Abuja,2024-04-25,2024-06-20,2,94,241000
3777,Lagos,2024-05-22,2024-06-18,4,179,639000
3778,Ibadan,2024-11-05,2024-04-16,3,157,589000
3779,Lagos,2024-02-14,2024-06-27,5,213,789000
3780,Ibadan,2024-09-16,2024-02-13,5,197,659000
3781,PH,2024-10-01,2024-02-05,3,150,504000
3782,PH,2024-12-11,2024-03-04,4,179,696000
3783,Ibadan,2024-06-09,2024-10-02,2,82,324000
3784,Ibadan,2024-06-17,2024-10-19,4,159,402000
3785,PH,2024-03-28,2024-08-29,3,126,365000
3786,Abuja,2024-05-20,2024-07-14,5,226,959000
3787,PH,2024-05-18,2024-08-12,4,178,896000
3788,Lagos,2024-03-15,2024-05-20,1,53,182000
3789,Ibadan,2024-02-22,2024-07-21,2,97,484000
3790,Ibadan,2024-09-15,2024-11-07,1,68,130000
3791,PH,2024-01-02,2024-03-23,5,204,706000
3792,Lagos,2024-03-15,2024-08-23,5,238,916000
3793,Abuja,2024-07-17,2024-12-27,4,161,981000
3794,PH,2024-04-27,2024-05-16,2,116,433000
3795,Ibadan,2024-10-04,2024-01-10,4,191,693000
3796,Abuja,2024-04-30,2024-07-19,4,154,679000
3797,Lagos,2024-01-16,2024-06-20,3,144,361000
3798,Lagos,2024-10-09,2024-01-21,1,46,185000
3799,Lagos,2024-01-13,2024-06-27,5,200,744000
3800,Lagos,2024-05-16,2024-08-11,4,194,736000
3801,Abuja,2024-10-11,2024-01-01,2,118,583000
3802,Lagos,2024-01-07,2024-03-05,2,87,165000
3803,PH,2024-05-21,2024-08-23,1,47,249000
3804,Lagos,2024-01-02,2024-03-25,3,111,428000
3805,Abuja,2024-12-29,2024-05-02,5,194,926000
3806,Abuja,2024-02-23,2024-08-07,4,186,929000
3807,Lagos,2024-07-31,2024-09-08,5,197,1056000
3808,PH,2024-08-01,2024-08-26,3,123,713000
3809,Abuja,2024-10-02,2024-01-08,4,160,648000
3810,Ibadan,2024-12-23,2024-04-22,1,63,254000
3811,Abuja,2024-08-14,2024-11-04,3,148,475000
3812,Abuja,2024-03-03,2024-08-22,4,173,785000
3813,Lagos,2024-03-18,2024-04-12,5,227,762000
3814,PH,2024-03-30,2024-07-31,5,198,800000
3815,PH,2024-12-12,2024-04-18,1,66,270000
3816,Lagos,2024-01-06,2024-05-18,3,149,465000
3817,Ibadan,2024-02-24,2024-04-15,1,62,228000
3818,Ibadan,2024-11-27,2024-03-13,4,158,584000
3819,Lagos,2024-07-19,2024-12-12,2,79,263000
3820,Lagos,2024-02-02,2024-06-19,4,196,773000
3821,PH,2024-03-19,2024-09-01,2,98,257000
3822,Ibadan,2024-08-24,2024-01-21,3,144,812000
3823,Lagos,2024-08-22,2024-11-14,3,113,443000
3824,Lagos,2024-02-09,2024-05-10,1,43,194000
3825,Abuja,2024-03-23,2024-07-16,1,80,350000
3826,PH,2024-08-29,2024-10-05,2,71,238000
3827,Abuja,2024-03-30,2024-07-12,2,893,252000
3828,PH,2024-07-14,2024-12-11,3,116,633000
3829,Abuja,2024-02-24,2024-07-31,3,136,542000
3830,PH,2024-05-16,2024-06-09,5,191,556000
3831,PH,2024-02-28,2024-02-23,5,214,1017000
3832,PH,2024-11-15,2024-04-19,5,198,860000
3833,Ibadan,2024-09-04,2024-12-14,5,197,849000
3834,Abuja,2024-08-30,2024-12-30,1,31,82000
3835,Ibadan,2024-03-15,2024-04-13,1,60,266000
3836,PH,2024-12-04,2024-12-01,1,44,131000
3837,Ibadan,2024-02-14,2024-06-08,2,85,326000
3838,PH,2024-09-19,2024-02-08,1,34,176000
3839,Ibadan,2024-09-30,2024-01-08,5,231,939000
3840,Lagos,2024-02-08,2024-03-22,2,99,325000
3841,Abuja,2024-05-03,2024-08-29,1,48,131000
3842,Lagos,2024-11-04,2024-12-14,5,202,702000
3843,PH,2024-09-01,2024-10-21,3,122,547000
3844,Ibadan,2024-01-05,2024-05-26,3,122,313000
3845,Abuja,2024-04-11,2024-05-18,3,136,346000
3846,Abuja,2024-01-25,2024-02-27,4,192,870000
3847,Ibadan,2024-08-16,2024-01-21,1,60,333000
3848,Lagos,2024-08-29,2024-10-28,5,229,900000
3849,PH,2024-07-25,2024-10-03,3,114,223000
3850,Abuja,2024-04-07,2024-08-12,2,111,381000
3851,Abuja,2024-02-07,2024-07-18,4,177,634000
3852,Abuja,2024-07-23,2024-11-04,4,169,730000
3853,Abuja,2024-09-10,2024-12-17,2,85,286000
3854,Ibadan,2024-03-07,2024-04-05,2,79,176000
3855,Abuja,2024-02-18,2024-05-07,4,173,769000
3856,Lagos,2024-08-26,2024-12-10,5,234,1024000
3857,Lagos,2024-11-30,2024-12-11,2,114,377000
3858,Ibadan,2024-01-18,2024-06-28,5,234,576000
3859,Abuja,2024-03-21,2024-04-05,2,77,201000
3860,Lagos,2024-03-19,2024-06-19,5,199,609000
3861,Abuja,2024-05-14,2024-06-27,5,230,987000
3862,Ibadan,2024-10-07,2024-01-26,3,1335,435000
3863,Ibadan,2024-09-03,2024-02-09,2,91,564000
3864,Abuja,2024-12-21,2024-04-02,2,75,378000
3865,PH,2024-03-25,2024-06-11,4,197,662000
3866,PH,2024-01-13,2024-06-14,5,191,556000
3867,PH,2024-04-30,2024-07-21,2,114,310000
3868,Abuja,2024-10-18,2024-10-28,4,150,497000
3869,PH,2024-08-11,2024-01-07,5,229,693000
3870,PH,2024-09-12,2024-11-06,3,142,465000
3871,Abuja,2024-05-07,2024-08-19,4,179,870000
3872,Abuja,2024-10-13,2024-11-05,1,55,175000
3873,Ibadan,2024-06-03,2024-08-24,1,35,199000
3874,PH,2024-09-16,2024-12-05,2,883,452000
3875,Abuja,2024-06-09,2024-08-27,2,104,518000
3876,Lagos,2024-09-03,2024-02-12,4,155,608000
3877,Lagos,2024-07-23,2024-08-03,2,104,250000
3878,Lagos,2024-09-17,2024-01-24,3,120,623000
3879,Abuja,2024-09-12,2024-11-19,5,2153,107000
3880,Abuja,2024-01-02,2024-03-25,1,70,213000
3881,Lagos,2024-01-25,2024-04-14,5,191,488000
3882,PH,2024-11-15,2024-03-01,5,228,886000
3883,Lagos,2024-06-16,2024-07-17,4,168,914000
3884,PH,2024-08-22,2024-12-13,4,189,464000
3885,PH,2024-07-10,2024-10-03,3,127,635000
3886,Ibadan,2024-08-29,2024-11-19,2,83,215000
3887,Abuja,2024-11-25,2024-03-27,4,171,793000
3888,Ibadan,2024-07-04,2024-08-10,3,122,685000
3889,Lagos,2024-09-11,2024-11-12,3,131,416000
3890,PH,2024-03-29,2024-08-19,4,165,402000
3891,Abuja,2024-02-01,2024-06-11,1,40,217000
3892,Lagos,2024-04-20,2024-05-25,4,172,660000
3893,Abuja,2024-10-04,2024-11-01,1,37,150000
3894,PH,2024-04-14,2024-08-24,4,187,452000
3895,PH,2024-10-04,2024-12-12,4,170,774000
3896,Abuja,2024-07-23,2024-12-01,4,192,745000
3897,Lagos,2024-08-14,2024-09-22,3,119,378000
3898,PH,2024-03-25,2024-09-16,5,198,574000
3899,Ibadan,2024-09-06,2024-03-04,1,56,286000
3900,Abuja,2024-01-02,2024-02-23,2,77,258000
3901,Ibadan,2024-03-22,2024-05-20,4,156,442000
3902,Ibadan,2024-11-08,2024-12-13,2,118,334000
3903,Lagos,2024-03-13,2024-06-29,5,234,1152000
3904,Lagos,2024-05-14,2024-09-05,2,85,379000
3905,PH,2024-05-19,2024-10-23,3,124,388000
3906,Ibadan,2024-05-13,2024-10-26,1,80,374000
3907,Abuja,2024-10-22,2024-03-12,4,177,605000
3908,Ibadan,2024-09-19,2024-11-20,5,202,1113000
3909,Abuja,2024-08-11,2024-09-09,2,104,630000
3910,Abuja,2024-12-18,2024-01-24,4,192,813000
3911,Abuja,2024-01-01,2024-02-04,5,202,721000
3912,Ibadan,2024-07-23,2024-11-23,5,191,567000
3913,Lagos,2024-09-22,2024-11-16,3,110,349000
3914,Ibadan,2024-12-12,2024-01-22,5,213,899000
3915,PH,2024-08-02,2024-10-14,1,47,189000
3916,PH,2024-02-05,2024-02-18,4,182,816000
3917,Ibadan,2024-08-12,2024-12-23,3,136,759000
3918,Abuja,2024-01-02,2024-06-15,5,209,608000
3919,Abuja,2024-04-12,2024-06-27,5,227,586000
3920,Lagos,2024-05-27,2024-11-11,4,200,782000
3921,Ibadan,2024-08-17,2024-10-11,2,70,291000
3922,PH,2024-04-21,2024-05-12,1,49,240000
3923,Abuja,2024-10-01,2024-09-28,5,205,890000
3924,Lagos,2024-11-22,2024-04-23,5,230,849000
3925,PH,2024-09-08,2024-12-20,4,190,651000
3926,Abuja,2024-12-29,2024-04-23,4,176,701000
3927,PH,2024-05-28,2024-09-08,3,156,483000
3928,PH,2024-01-06,2024-03-24,4,190,876000
3929,PH,2024-02-17,2024-02-12,5,210,1089000
3930,Ibadan,2024-10-01,2024-10-15,5,192,597000
3931,Abuja,2024-05-15,2024-11-01,3,143,700000
3932,Ibadan,2024-03-02,2024-06-07,2,114,560000
3933,Lagos,2024-03-04,2024-07-18,5,223,1057000
3934,Ibadan,2024-04-09,2024-08-15,5,209,947000
3935,PH,2024-09-06,2024-12-06,4,188,802000
3936,PH,2024-01-24,2024-03-26,3,117,577000
3937,Ibadan,2024-10-29,2024-10-12,5,214,677000
3938,Ibadan,2024-08-13,2024-08-31,5,233,1136000
3939,Abuja,2024-05-06,2024-08-27,5,2508,925000
3940,Lagos,2024-02-29,2024-05-18,2,104,459000
3941,Lagos,2024-04-12,2024-09-23,4,150,3220000
3942,Ibadan,2024-04-02,2024-03-30,4,176,428000
3943,Abuja,2024-09-29,2024-12-30,2,87,374000
3944,Ibadan,2024-05-21,2024-07-06,5,202,531000
3945,Ibadan,2024-08-15,2024-12-02,3,110,628000
3946,Ibadan,2024-04-21,2024-05-10,4,179,640000
3947,PH,2024-04-29,2024-10-09,4,176,651000
3948,PH,2024-04-24,2024-10-04,1,75,225000
3949,Ibadan,2024-04-26,2024-09-24,2,73,313000
3950,Ibadan,2024-08-26,2024-12-02,1,58,282000
3951,Abuja,2024-08-11,2024-11-13,5,200,1141000
3952,Ibadan,2024-10-09,2024-03-03,1,43,121000
3953,Ibadan,2024-09-22,2024-11-21,2,73,409000
3954,PH,2024-05-17,2024-09-13,4,181,552000
3955,Abuja,2024-12-06,2024-04-23,3,160,732000
3956,Lagos,2024-09-27,2024-11-24,1,55,136000
3957,Abuja,2024-10-22,2024-03-01,1,30,142000
3958,Abuja,2024-02-21,2024-07-18,2,117,416000
3959,Ibadan,2024-08-08,2024-12-27,5,221,1224000
3960,Lagos,2024-07-10,2024-08-04,2,89,320000
3961,Abuja,2024-02-19,2024-03-23,1,41,252000
3962,Lagos,2024-03-27,2024-09-18,1,75,150000
3963,Lagos,2024-09-23,2024-02-01,5,201,978000
3964,Lagos,2024-10-24,2024-03-12,2,94,322000
3965,Lagos,2024-09-14,2024-12-11,1,53,303000
3966,Lagos,2024-10-28,2024-11-20,5,205,587000
3967,Abuja,2024-09-08,2024-10-26,2,94,442000
3968,Abuja,2024-06-14,2024-06-27,4,1787,668000
3969,PH,2024-03-05,2024-07-16,4,156,700000
3970,Ibadan,2024-06-17,2024-09-30,3,136,732000
3971,PH,2024-06-03,2024-11-16,2,112,634000
3972,Ibadan,2024-02-27,2024-02-18,4,190,711000
3973,PH,2024-10-31,2024-03-11,3,149,714000
3974,PH,2024-11-28,2024-01-26,4,195,902000
3975,Ibadan,2024-01-18,2024-02-01,4,173,983000
3976,Abuja,2024-07-05,2024-12-06,3,1227,395000
3977,Lagos,2024-04-13,2024-08-21,5,197,549000
3978,Abuja,2024-05-06,2024-06-21,5,2433,55700
3979,PH,2024-05-26,2024-10-01,1,62,208000
3980,Abuja,2024-07-17,2024-10-23,4,158,582000
3981,Lagos,2024-08-15,2024-09-08,5,230,754000
3982,Lagos,2024-09-12,2024-02-28,1,38,227000
3983,Ibadan,2024-09-16,2024-12-01,3,120,590000
3984,Ibadan,2024-02-22,2024-08-09,1,47,285000
3985,Ibadan,2024-02-03,2024-01-22,2,97,240000
3986,Lagos,2024-06-30,2024-09-23,4,199,1134000
3987,Lagos,2024-06-08,2024-06-20,2,117,412000
3988,PH,2024-11-17,2024-04-07,1,78,281000
3989,Ibadan,2024-05-16,2024-07-11,4,186,600000
3990,PH,2024-07-06,2024-10-11,4,2077,971000
3991,PH,2024-04-22,2024-10-14,4,162,707000
3992,Ibadan,2024-09-26,2024-01-02,1,55,256000
3993,Abuja,2024-03-18,2024-08-09,2,118,637000
3994,PH,2024-02-24,2024-04-11,1,72,276000
3995,Ibadan,2024-07-18,2024-01-09,5,193,590000
3996,Ibadan,2024-05-12,2024-06-25,5,237,1184000
3997,Abuja,2024-05-23,2024-10-20,2,96,409000
3998,PH,2024-06-17,2024-08-07,4,195,730000
3999,Abuja,2024-05-25,2024-11-11,2,883,155000
4000,Abuja,2024-09-08,2024-09-21,3,131,432000
4001,Lagos,2024-11-05,2024-04-01,4,182,816000
4002,Lagos,2024-08-15,2024-10-18,2,88,497000
4003,Abuja,2024-07-31,2024-08-27,1,58,229000
4004,Ibadan,2024-02-20,2024-07-19,3,155,777000
4005,Ibadan,2024-10-12,2024-01-18,4,169,664000
4006,PH,2024-06-29,2024-09-26,5,227,1182000
4007,Abuja,2024-11-09,2024-12-05,4,181,7480000
4008,PH,2024-11-24,2024-03-17,5,202,665000
4009,Lagos,2024-09-03,2024-10-21,3,145,470000
4010,Lagos,2024-05-20,2024-06-07,4,185,512000
4011,Lagos,2024-07-01,2024-12-05,4,1916,590000
4012,PH,2024-10-23,2024-12-25,5,212,770000
4013,PH,2024-01-30,2024-06-17,5,234,702000
4014,Abuja,2024-04-05,2024-04-27,1,73,317000
4015,PH,2024-03-16,2024-05-29,1,57,192000
4016,Lagos,2024-12-30,2024-05-14,2,114,516000
4017,PH,2024-03-06,2024-04-17,3,141,784000
4018,PH,2024-12-24,2024-05-22,4,183,648000
4019,Ibadan,2024-08-09,2024-11-12,2,97,469000
4020,Ibadan,2024-02-16,2024-06-29,5,222,569000
4021,Lagos,2024-07-21,2024-11-11,3,1496,656000
4022,Ibadan,2024-02-29,2024-07-24,2,82,428000
4023,Lagos,2024-09-08,2024-10-25,4,161,861000
4024,PH,2024-10-10,2024-02-02,1,37,133000
4025,Ibadan,2024-10-16,2024-10-11,5,236,995000
4026,Lagos,2024-12-08,2024-05-09,1,61,388000
4027,Abuja,2024-07-19,2024-12-25,3,144,774000
4028,Ibadan,2024-07-04,2024-10-06,1,39,293000
4029,Abuja,2024-02-20,2024-06-23,5,224,586000
4030,PH,2024-04-03,2024-09-11,1,50,226000
4031,Ibadan,2024-04-14,2024-08-26,5,222,1159000
4032,PH,2024-02-05,2024-05-18,1,31,77000
4033,Lagos,2024-05-11,2024-10-28,5,235,1133000
4034,PH,2024-03-23,2024-09-09,5,239,875000
4035,Ibadan,2024-02-14,2024-02-28,2,81,294000
4036,Lagos,2024-10-25,2024-01-29,2,92,294000
4037,Ibadan,2024-04-05,2024-08-31,5,236,639000
4038,Ibadan,2024-12-18,2024-04-30,2,990,267000
4039,Ibadan,2024-04-09,2024-08-03,4,162,765000
4040,Lagos,2024-01-27,2024-01-25,4,183,779000
4041,Lagos,2024-11-30,2024-05-28,1,71,312000
4042,Abuja,2024-08-11,2024-09-16,4,193,540000
4043,Abuja,2024-11-09,2024-05-07,2,80,360000
4044,Abuja,2024-11-29,2024-01-16,1,51,189000
4045,Lagos,2024-06-08,2024-12-04,2,117,423000
4046,Lagos,2024-12-22,2024-01-06,3,124,415000
4047,Abuja,2024-11-12,2024-05-07,4,187,734000
4048,PH,2024-03-31,2024-03-29,2,86,446000
4049,PH,2024-05-29,2024-10-27,2,102,429000
4050,Abuja,2024-04-09,2024-10-02,4,195,789000
4051,Abuja,2024-02-12,2024-03-12,4,186,630000
4052,Ibadan,2024-04-17,2024-07-15,2,92,539000
4053,Ibadan,2024-04-25,2024-06-04,5,230,775000
4054,Ibadan,2024-03-08,2024-03-27,5,198,1034000
4055,Abuja,2024-01-07,2024-06-06,1,635,160000
4056,Ibadan,2024-02-07,2024-03-13,2,98,417000
4057,Lagos,2024-02-19,2024-08-06,1,49,150000
4058,Lagos,2024-02-06,2024-07-03,2,88,456000
4059,Abuja,2024-05-30,2024-10-15,3,125,574000
4060,Ibadan,2024-03-22,2024-04-25,5,204,652000
4061,PH,2024-01-13,2024-06-20,1,37,218000
4062,Ibadan,2024-04-11,2024-05-30,1,61,274000
4063,Ibadan,2024-09-27,2024-01-28,3,1184,415000
4064,Abuja,2024-09-08,2024-01-06,2,97,422000
4065,Lagos,2024-03-20,2024-05-21,5,240,941000
4066,Ibadan,2024-09-30,2024-01-06,1,46,88000
4067,Abuja,2024-08-19,2024-11-14,1,48,246000
4068,Lagos,2024-05-19,2024-06-24,3,130,480000
4069,Lagos,2024-04-11,2024-06-11,1,73,173000
4070,Lagos,2024-03-02,2024-04-26,3,112,633000
4071,Ibadan,2024-07-12,2024-09-25,2,98,441000
4072,PH,2024-07-26,2024-11-30,5,196,1188000
4073,Ibadan,2024-07-02,2024-11-29,1,67,186000
4074,Ibadan,2024-02-21,2024-06-30,3,133,700000
4075,Lagos,2024-12-21,2024-02-04,1,46,162000
4076,PH,2024-01-02,2024-06-21,1,33,131000
4077,Abuja,2024-09-18,2024-03-11,2,95,427000
4078,Ibadan,2024-04-13,2024-09-08,4,163,507000
4079,Ibadan,2024-09-16,2024-11-29,4,188,724000
4080,PH,2024-10-04,2024-01-07,3,137,560000
4081,Lagos,2024-02-12,2024-03-10,5,239,593000
4082,Abuja,2024-10-21,2024-02-01,5,200,831000
4083,PH,2024-04-04,2024-05-28,5,204,492000
4084,Lagos,2024-04-11,2024-10-05,2,115,414000
4085,Lagos,2024-10-23,2024-11-21,5,226,1046000
4086,Abuja,2024-11-12,2024-11-24,5,235,883000
4087,Lagos,2024-12-28,2024-02-25,5,223,913000
4088,Ibadan,2024-09-24,2024-11-22,4,165,824000
4089,Ibadan,2024-09-16,2024-12-27,5,195,650000
4090,Ibadan,2024-05-08,2024-09-12,2,113,606000
4091,Ibadan,2024-12-20,2024-01-25,4,192,1004000
4092,PH,2024-05-05,2024-09-18,1,71,247000
4093,Lagos,2024-04-15,2024-09-06,2,80,254000
4094,PH,2024-07-06,2024-10-18,1,49,282000
4095,Abuja,2024-10-05,2024-10-16,5,238,786000
4096,Lagos,2024-03-13,2024-05-12,5,2164,526000
4097,Abuja,2024-06-16,2024-08-16,1,63,401000
4098,PH,2024-06-27,2024-08-30,3,137,740000
4099,PH,2024-07-04,2024-11-04,1,40,179000
4100,Ibadan,2024-10-27,2024-03-09,5,193,800000
4101,PH,2024-11-22,2024-04-13,3,148,692000
4102,PH,2024-08-30,2024-12-21,3,111,594000
4103,Abuja,2024-01-15,2024-05-29,2,114,431000
4104,Lagos,2024-01-18,2024-06-09,4,176,848000
4105,Abuja,2024-04-30,2024-07-03,5,200,1040000
4106,Ibadan,2024-07-02,2024-08-02,4,159,940000
4107,Lagos,2024-05-29,2024-11-02,4,158,878000
4108,Lagos,2024-07-17,2024-10-09,2,85,491000
4109,Lagos,2024-09-01,2024-12-30,4,161,800000
4110,Ibadan,2024-05-08,2024-10-15,3,156,532000
4111,PH,2024-01-05,2024-06-14,2,883,269000
4112,PH,2024-06-03,2024-06-14,1,65,321000
4113,PH,2024-04-20,2024-04-07,2,893,414000
4114,Abuja,2024-11-21,2024-04-09,3,119,430000
4115,Abuja,2024-02-27,2024-06-30,1,78,159000
4116,Abuja,2024-02-08,2024-03-23,3,151,495000
4117,PH,2024-12-15,2024-06-13,3,123,625000
4118,Abuja,2024-08-13,2024-09-15,1,47,196000
4119,Ibadan,2024-06-30,2024-07-28,3,154,435000
4120,Abuja,2024-09-19,2024-11-24,3,153,391000
4121,Lagos,2024-09-27,2024-12-08,5,200,975000
4122,Ibadan,2024-10-03,2024-11-06,2,80,436000
4123,Lagos,2024-04-24,2024-10-03,5,231,120100
4124,Abuja,2024-04-25,2024-07-09,4,194,7400000
4125,Lagos,2024-09-13,2024-02-18,3,142,736000
4126,PH,2024-04-22,2024-05-15,4,162,435000
4127,Ibadan,2024-09-15,2024-01-02,5,236,705000
4128,Abuja,2024-11-25,2024-01-26,5,238,866000
4129,Abuja,2024-11-08,2024-03-24,4,183,572000
4130,Abuja,2024-10-07,2024-03-19,2,114,369000
4131,Abuja,2024-11-09,2024-12-21,3,158,694000
4132,Ibadan,2024-02-04,2024-05-15,5,2077,518000
4133,Lagos,2024-06-25,2024-06-08,5,220,935000
4134,Lagos,2024-12-07,2024-03-21,4,186,794000
4135,Abuja,2024-03-10,2024-05-08,5,210,660000
4136,PH,2024-02-03,2024-04-19,4,187,675000
4137,Ibadan,2024-08-14,2024-01-16,1,33,214000
4138,Ibadan,2024-05-12,2024-08-30,4,173,661000
4139,Ibadan,2024-09-06,2024-03-01,3,146,829000
4140,Lagos,2024-02-21,2024-07-16,4,155,355000
4141,PH,2024-08-16,2024-09-01,3,160,674000
4142,PH,2024-11-22,2024-05-15,5,230,864000
4143,Ibadan,2024-04-10,2024-06-12,3,114,403000
4144,PH,2024-11-06,2024-03-13,2,106,496000
4145,Abuja,2024-05-16,2024-07-26,2,90,416000
4146,Abuja,2024-08-21,2024-09-23,1,77,158000
4147,Abuja,2024-08-24,2024-02-18,2,76,475000
4148,PH,2024-02-11,2024-05-19,1,37,86000
4149,Abuja,2024-05-11,2024-09-17,1,62,249000
4150,Ibadan,2024-07-07,2024-08-05,4,159,552000
4151,Lagos,2024-01-24,2024-06-28,5,222,780000
4152,Abuja,2024-10-05,2024-03-15,5,2293,764000
4153,Lagos,2024-05-28,2024-07-18,5,201,944000
4154,Abuja,2024-01-24,2024-05-22,4,199,471000
4155,Abuja,2024-02-13,2024-04-06,4,182,746000
4156,Ibadan,2024-06-07,2024-10-19,4,167,542000
4157,PH,2024-06-30,2024-11-05,5,235,570000
4158,Ibadan,2024-01-09,2024-03-23,3,142,452000
4159,PH,2024-08-14,2024-09-03,1,41,191000
4160,Abuja,2024-11-14,2024-02-16,5,236,1025000
4161,PH,2024-01-27,2024-04-21,4,168,804000
4162,PH,2024-09-05,2024-10-01,5,220,930000
4163,Ibadan,2024-05-20,2024-11-08,5,217,609000
4164,Ibadan,2024-07-16,2024-09-17,3,146,500000
4165,Lagos,2024-03-03,2024-07-17,2,92,207000
4166,Ibadan,2024-03-03,2024-08-09,5,190,829000
4167,Abuja,2024-05-01,2024-08-15,5,229,812000
4168,PH,2024-11-24,2024-01-15,5,223,1003000
4169,Abuja,2024-03-08,2024-08-21,1,74,268000
4170,Ibadan,2024-07-29,2024-09-22,5,238,1041000
4171,PH,2024-07-26,2024-12-04,2,119,537000
4172,Ibadan,2024-01-13,2024-04-01,5,234,1097000
4173,PH,2024-09-27,2024-01-09,4,165,773000
4174,PH,2024-06-29,2024-10-03,5,2164,607000
4175,Lagos,2024-09-10,2024-12-20,4,154,731000
4176,Abuja,2024-03-15,2024-04-24,4,190,763000
4177,PH,2024-04-03,2024-08-02,3,121,625000
4178,PH,2024-11-08,2024-10-19,2,87,298000
4179,Abuja,2024-12-16,2024-02-11,5,231,1089000
4180,Abuja,2024-02-20,2024-05-15,5,2153,780000
4181,Lagos,2024-05-16,2024-06-19,5,2368,1166000
4182,PH,2024-07-27,2024-09-25,2,91,481000
4183,Abuja,2024-10-13,2024-01-04,5,218,875000
4184,Abuja,2024-08-13,2024-02-07,1,71,315000
4185,Lagos,2024-10-06,2024-01-21,1,43,197000
4186,Lagos,2024-10-02,2024-11-01,5,202,913000
4187,Ibadan,2024-10-10,2024-01-16,1,80,300000
4188,Lagos,2024-01-17,2024-07-14,4,165,423000
4189,Ibadan,2024-03-18,2024-07-02,4,189,815000
4190,Lagos,2024-08-14,2024-10-01,2,86,419000
4191,Abuja,2024-04-16,2024-07-20,2,74,171000
4192,Abuja,2024-01-27,2024-07-05,4,157,434000
4193,Ibadan,2024-06-22,2024-07-05,5,197,987000
4194,Ibadan,2024-07-14,2024-12-05,1,49,45000
4195,PH,2024-12-12,2024-03-22,1,57,251000
4196,PH,2024-05-29,2024-07-13,3,118,353000
4197,Ibadan,2024-02-15,2024-03-28,1,66,214000
4198,Abuja,2024-10-22,2024-03-26,2,101,452000
4199,Abuja,2024-09-06,2024-11-12,1,71,283000
4200,Abuja,2024-11-08,2024-12-09,4,185,685000
4201,PH,2024-03-30,2024-05-06,3,121,515000
4202,Ibadan,2024-06-23,2024-11-13,2,112,326000
4203,Ibadan,2024-09-16,2024-01-28,3,1453,525000
4204,Abuja,2024-01-18,2024-06-15,2,112,302000
4205,Lagos,2024-04-06,2024-06-03,5,194,870000
4206,Lagos,2024-04-13,2024-08-19,3,143,480000
4207,Ibadan,2024-02-02,2024-07-22,5,209,824000
4208,Ibadan,2024-06-19,2024-12-02,2,97,418000
4209,Lagos,2024-12-06,2024-03-28,1,57,219000
4210,Lagos,2024-06-18,2024-11-22,1,67,213000
4211,PH,2024-09-12,2024-10-24,2,105,478000
4212,PH,2024-03-30,2024-09-23,2,115,375000
4213,Abuja,2024-05-04,2024-07-04,2,112,435000
4214,PH,2024-10-07,2024-11-23,3,154,755000
4215,Ibadan,2024-07-17,2024-07-29,5,2174,578000
4216,Ibadan,2024-02-17,2024-07-29,3,1302,354000
4217,PH,2024-09-13,2024-10-18,4,171,709000
4218,PH,2024-06-21,2024-11-03,1,42,191000
4219,Lagos,2024-03-23,2024-08-07,5,223,879000
4220,Lagos,2024-04-13,2024-06-18,5,210,583000
4221,PH,2024-08-05,2024-01-19,5,196,1024000
4222,Ibadan,2024-02-15,2024-07-23,3,141,685000
4223,Lagos,2024-10-02,2024-03-25,5,218,801000
4224,Ibadan,2024-04-13,2024-05-22,2,114,475000
4225,Ibadan,2024-01-04,2024-06-03,3,131,389000
4226,Lagos,2024-02-04,2024-02-21,5,215,801000
4227,Ibadan,2024-01-09,2024-06-19,1,67,206000
4228,Ibadan,2024-02-28,2024-08-18,3,160,359000
4229,Ibadan,2024-10-25,2024-04-23,2,93,450000
4230,Lagos,2024-01-19,2024-02-01,5,207,928000
4231,Abuja,2024-02-05,2024-07-15,2,87,286000
4232,PH,2024-11-12,2024-01-13,3,114,605000
4233,PH,2024-11-02,2024-04-08,3,130,548000
4234,Lagos,2024-10-07,2024-09-30,4,193,810000
4235,Lagos,2024-04-17,2024-06-12,1,59,426000
4236,Abuja,2024-01-10,2024-07-05,4,176,578000
4237,PH,2024-09-17,2024-01-09,3,139,584000
4238,Ibadan,2024-01-03,2024-04-18,3,128,325000
4239,Ibadan,2024-09-02,2024-02-04,2,104,473000
4240,PH,2024-10-19,2024-04-14,5,240,781000
4241,Ibadan,2024-11-12,2024-03-01,3,120,576000
4242,Lagos,2024-12-24,2024-06-12,1,75,270000
4243,Lagos,2024-05-12,2024-06-17,3,1658,680000
4244,Abuja,2024-08-05,2024-01-23,2,1055,464000
4245,Lagos,2024-03-10,2024-04-13,2,112,285000
4246,Abuja,2024-04-14,2024-07-10,3,157,416000
4247,Abuja,2024-10-06,2024-03-25,5,191,938000
4248,Abuja,2024-09-01,2024-11-08,1,40,233000
4249,PH,2024-06-25,2024-09-02,1,78,406000
4250,Lagos,2024-03-17,2024-04-28,4,192,811000
4251,PH,2024-05-05,2024-07-01,3,132,540000
4252,Ibadan,2024-01-18,2024-06-12,5,240,549000
4253,Ibadan,2024-03-25,2024-06-19,1,39,144000
4254,PH,2024-07-20,2024-11-24,4,1744,701000
4255,Lagos,2024-07-26,2024-09-15,3,118,33800
4256,Abuja,2024-12-08,2024-03-03,3,1496,706000
4257,Lagos,2024-06-11,2024-07-07,4,184,648000
4258,Lagos,2024-10-09,2024-11-25,4,195,838000
4259,PH,2024-09-04,2024-12-15,3,113,520000
4260,PH,2024-09-02,2024-02-18,3,144,718000
4261,PH,2024-08-07,2024-08-29,3,110,263000
4262,Lagos,2024-08-16,2024-12-19,3,1701,758000
4263,PH,2024-07-01,2024-06-20,4,159,632000
4264,Abuja,2024-08-17,2024-01-01,1,32,112000
4265,PH,2024-08-31,2024-11-08,4,2045,610000
4266,Abuja,2024-11-16,2024-04-27,2,102,338000
4267,Ibadan,2024-09-20,2024-11-02,1,61,293000
4268,Ibadan,2024-04-01,2024-04-16,1,65,360000
4269,Ibadan,2024-09-26,2024-11-14,1,62,250000
4270,Ibadan,2024-11-08,2024-12-23,1,48,242000
4271,Ibadan,2024-10-30,2024-01-03,4,182,877000
4272,Ibadan,2024-06-16,2024-12-01,3,141,577000
4273,Lagos,2024-02-24,2024-02-16,2,73,229000
4274,Abuja,2024-07-21,2024-10-27,1,72,295000
4275,Ibadan,2024-05-14,2024-09-28,5,215,1153000
4276,Abuja,2024-05-26,2024-11-13,1,53,216000
4277,Ibadan,2024-10-14,2024-10-27,5,232,626000
4278,Ibadan,2024-01-24,2024-04-27,2,112,447000
4279,Ibadan,2024-07-23,2024-09-21,2,101,532000
4280,Lagos,2024-06-04,2024-10-30,4,185,558000
4281,PH,2024-11-24,2024-04-04,2,81,282000
4282,Lagos,2024-10-13,2024-01-26,2,110,278000
4283,Abuja,2024-02-24,2024-03-18,3,121,321000
4284,Ibadan,2024-12-01,2024-04-25,5,235,960000
4285,Abuja,2024-02-06,2024-03-19,4,166,308000
4286,Ibadan,2024-06-15,2024-10-24,3,118,582000
4287,Lagos,2024-07-17,2024-10-02,2,112,359000
4288,Ibadan,2024-10-05,2024-01-29,1,45,145000
4289,Lagos,2024-05-26,2024-09-09,2,113,474000
4290,Ibadan,2024-08-26,2024-10-19,1,31,79000
4291,Lagos,2024-11-18,2024-01-16,3,148,492000
4292,Abuja,2024-11-22,2024-02-24,4,1830,612000
4293,Lagos,2024-03-12,2024-06-01,5,215,562000
4294,Ibadan,2024-10-01,2024-11-11,3,127,356000
4295,Ibadan,2024-07-20,2024-01-12,3,125,419000
4296,Lagos,2024-05-03,2024-08-11,5,194,575000
4297,Lagos,2024-09-23,2024-11-13,2,71,291000
4298,PH,2024-03-30,2024-07-21,5,240,661000
4299,PH,2024-03-07,2024-05-09,3,160,861000
4300,Lagos,2024-09-22,2024-11-10,1,807,311000
4301,Ibadan,2024-08-31,2024-02-04,2,93,351000
4302,Ibadan,2024-03-22,2024-05-09,3,117,342000
4303,Ibadan,2024-03-10,2024-04-27,1,63,415000
4304,Ibadan,2024-04-27,2024-10-01,2,76,390000
4305,Abuja,2024-10-17,2024-03-26,5,206,752000
4306,Lagos,2024-06-01,2024-10-17,5,208,689000
4307,Abuja,2024-04-10,2024-05-09,3,150,841000
4308,Ibadan,2024-01-05,2024-06-22,2,75,235000
4309,Lagos,2024-11-02,2024-12-01,4,189,879000
4310,Lagos,2024-06-10,2024-08-19,3,145,816000
4311,Lagos,2024-09-07,2024-11-10,2,98,462000
4312,Lagos,2024-07-31,2024-11-23,5,204,795000
4313,Ibadan,2024-09-16,2024-10-04,5,232,1331000
4314,PH,2024-02-01,2024-02-23,2,74,424000
4315,PH,2024-06-29,2024-10-11,3,114,333000
4316,PH,2024-03-29,2024-05-11,2,94,477000
4317,Lagos,2024-01-10,2024-03-02,5,218,1014000
4318,PH,2024-10-18,2024-12-17,5,2228,647000
4319,Ibadan,2024-02-06,2024-04-15,1,64,129000
4320,Lagos,2024-08-19,2024-11-23,1,35,209000
4321,PH,2024-05-09,2024-10-01,2,80,365000
4322,Ibadan,2024-09-18,2024-10-22,4,171,546000
4323,Abuja,2024-01-03,2024-04-02,2,113,384000
4324,Lagos,2024-02-02,2024-04-10,1,43,215000
4325,Abuja,2024-04-05,2024-08-22,2,92,110000
4326,Abuja,2024-06-08,2024-11-30,2,103,626000
4327,Lagos,2024-08-04,2024-10-18,1,65,173000
4328,PH,2024-11-30,2024-05-19,5,240,1201000
4329,Lagos,2024-04-19,2024-08-08,3,137,691000
4330,Ibadan,2024-01-17,2024-06-02,1,73,149000
4331,Abuja,2024-11-08,2024-03-10,1,79,377000
4332,PH,2024-05-22,2024-08-04,3,132,520000
4333,Abuja,2024-10-20,2024-02-12,3,138,616000
4334,Ibadan,2024-10-30,2024-02-05,2,97,398000
4335,Lagos,2024-03-17,2024-03-01,2,92,238000
4336,Abuja,2024-02-05,2024-04-06,1,59,149000
4337,Abuja,2024-01-28,2024-02-19,3,123,429000
4338,Lagos,2024-04-28,2024-09-07,1,69,331000
4339,Ibadan,2024-04-23,2024-05-07,3,126,712000
4340,PH,2024-01-24,2024-04-20,4,1647,360000
4341,Lagos,2024-08-18,2024-11-16,3,150,446000
4342,Abuja,2024-09-13,2024-11-09,1,61,188000
4343,Ibadan,2024-04-07,2024-05-25,2,115,412000
4344,PH,2024-09-10,2024-01-10,1,45,195000
4345,Ibadan,2024-07-31,2024-08-16,2,90,467000
4346,PH,2024-10-03,2024-02-08,2,88,436000
4347,Lagos,2024-12-30,2024-03-05,2,106,463000
4348,Abuja,2024-12-05,2024-01-26,4,160,780000
4349,Lagos,2024-04-21,2024-05-07,4,153,663000
4350,Abuja,2024-01-01,2024-06-28,5,215,1004000
4351,Lagos,2024-01-31,2024-05-15,2,71,291000
4352,Lagos,2024-07-27,2024-11-24,1,72,256000
4353,PH,2024-09-23,2024-01-18,3,139,832000
4354,PH,2024-05-27,2024-07-02,3,125,477000
4355,Abuja,2024-08-17,2024-10-31,3,115,676000
4356,PH,2024-06-26,2024-07-12,5,231,963000
4357,Ibadan,2024-11-05,2024-02-04,3,1216,556000
4358,Abuja,2024-11-07,2024-03-23,2,936,431000
4359,Ibadan,2024-04-12,2024-05-18,2,107,333000
4360,PH,2024-02-02,2024-02-19,1,69,140000
4361,Abuja,2024-08-06,2024-11-14,2,89,498000
4362,PH,2024-02-18,2024-06-08,4,195,512000
4363,PH,2024-05-12,2024-10-07,5,224,691000
4364,PH,2024-01-02,2024-03-23,5,228,845000
4365,Lagos,2024-08-21,2024-08-16,3,157,718000
4366,Abuja,2024-07-13,2024-10-26,2,74,411000
4367,Lagos,2024-07-24,2024-11-18,1,70,225000
4368,Lagos,2024-01-13,2024-03-30,4,160,677000
4369,Lagos,2024-12-11,2024-04-15,1,69,281000
4370,Ibadan,2024-05-06,2024-10-30,5,236,668000
4371,PH,2024-08-29,2024-01-06,5,229,947000
4372,Abuja,2024-04-10,2024-05-13,5,231,594000
4373,Ibadan,2024-01-16,2024-03-31,5,204,787000
4374,Lagos,2024-05-28,2024-07-24,2,93,343000
4375,Ibadan,2024-01-18,2024-07-03,2,102,482000
4376,Ibadan,2024-02-18,2024-05-18,1,52,287000
4377,Abuja,2024-07-01,2024-08-23,4,161,694000
4378,Abuja,2024-05-27,2024-08-01,3,123,575000
4379,Ibadan,2024-06-03,2024-06-30,2,120,337000
4380,Ibadan,2024-07-30,2024-11-29,4,188,1008000
4381,Ibadan,2024-11-05,2024-03-28,1,732,199000
4382,Ibadan,2024-04-16,2024-10-10,3,112,664000
4383,PH,2024-01-17,2024-06-26,5,227,499000
4384,Ibadan,2024-11-24,2024-04-29,3,160,552000
4385,PH,2024-05-16,2024-09-28,1,38,237000
4386,PH,2024-05-31,2024-11-23,1,52,157000
4387,PH,2024-08-20,2024-12-20,4,189,536000
4388,Abuja,2024-07-28,2024-08-25,2,103,515000
4389,Lagos,2024-01-09,2024-02-04,1,646,128000
4390,Abuja,2024-08-16,2024-01-22,2,109,406000
4391,Ibadan,2024-04-11,2024-07-14,2,101,247000
4392,Ibadan,2024-12-15,2024-02-06,2,83,343000
4393,Ibadan,2024-04-10,2024-04-23,3,144,587000
4394,PH,2024-03-26,2024-04-06,2,100,271000
4395,PH,2024-01-10,2024-02-07,1,39,20000
4396,Ibadan,2024-08-20,2024-01-24,1,797,220000
4397,PH,2024-07-22,2024-12-10,2,81,468000
4398,PH,2024-02-01,2024-04-26,5,215,565000
4399,Ibadan,2024-04-26,2024-09-16,5,210,587000
4400,Ibadan,2024-01-28,2024-03-09,5,240,860000
4401,PH,2024-08-13,2024-12-07,5,239,981000
4402,Ibadan,2024-09-25,2024-03-02,2,109,581000
4403,Abuja,2024-02-14,2024-04-13,5,237,581000
4404,Ibadan,2024-04-12,2024-05-09,4,154,439000
4405,Lagos,2024-02-29,2024-08-02,5,200,662000
4406,PH,2024-02-08,2024-05-22,4,150,487000
4407,Lagos,2024-07-20,2024-12-25,1,73,355000
4408,PH,2024-08-23,2024-09-06,4,168,908000
4409,Ibadan,2024-07-03,2024-10-26,2,92,471000
4410,PH,2024-07-28,2024-09-28,2,115,344000
4411,Ibadan,2024-10-14,2024-11-11,2,88,237000
4412,Ibadan,2024-08-27,2024-02-02,4,170,999000
4413,Lagos,2024-12-19,2024-06-08,1,40,19000
4414,Lagos,2024-08-25,2024-11-06,1,75,350000
4415,Lagos,2024-12-09,2024-05-29,5,210,834000
4416,Ibadan,2024-06-20,2024-12-12,5,235,579000
4417,PH,2024-01-02,2024-05-01,2,101,373000
4418,Abuja,2024-11-15,2024-02-03,3,1625,603000
4419,Ibadan,2024-03-18,2024-06-30,5,212,646000
4420,PH,2024-01-27,2024-02-08,3,125,501000
4421,Ibadan,2024-07-30,2024-09-20,1,35,144000
4422,Ibadan,2024-06-09,2024-08-25,1,64,198000
4423,Abuja,2024-01-06,2024-03-06,1,35,126000
4424,Lagos,2024-06-12,2024-06-25,4,177,837000
4425,Lagos,2024-02-09,2024-07-29,5,196,853000
4426,Ibadan,2024-01-26,2024-05-15,1,42,93000
4427,Ibadan,2024-05-26,2024-09-28,5,232,706000
4428,PH,2024-03-14,2024-04-30,4,183,521000
4429,PH,2024-04-17,2024-07-26,3,152,548000
4430,Lagos,2024-09-09,2024-12-04,4,190,596000
4431,Abuja,2024-02-23,2024-04-18,5,223,727000
4432,Lagos,2024-06-01,2024-06-17,2,100,374000
4433,PH,2024-04-13,2024-06-18,1,69,222000
4434,Ibadan,2024-04-24,2024-08-12,2,109,522000
4435,Ibadan,2024-09-08,2024-01-04,5,230,996000
4436,Ibadan,2024-05-07,2024-11-03,5,228,1106000
4437,PH,2024-05-05,2024-06-07,2,97,227000
4438,Abuja,2024-11-25,2024-04-02,3,137,663000
4439,PH,2024-04-02,2024-05-31,5,2250,818000
4440,Abuja,2024-04-20,2024-08-25,5,2476,617000
4441,Lagos,2024-06-08,2024-07-18,3,135,389000
4442,Lagos,2024-07-18,2024-10-16,5,238,1194000
4443,PH,2024-09-24,2024-01-20,3,120,714000
4444,Abuja,2024-12-24,2024-04-29,1,42,136000
4445,PH,2024-03-02,2024-03-12,1,53,226000
4446,Ibadan,2024-07-29,2024-11-18,5,195,1111000
4447,Lagos,2024-11-08,2024-04-15,2,84,229000
4448,PH,2024-03-13,2024-06-12,3,122,331000
4449,Ibadan,2024-08-29,2024-11-26,3,128,423000
4450,Ibadan,2024-06-20,2024-10-18,2,75,393000
4451,Lagos,2024-07-11,2024-01-04,5,222,657000
4452,Ibadan,2024-03-08,2024-06-01,4,160,7900000
4453,Lagos,2024-09-17,2024-12-21,5,226,1003000
4454,Ibadan,2024-09-23,2024-10-30,3,113,549000
4455,Abuja,2024-08-20,2024-09-08,5,220,897000
4456,Abuja,2024-01-12,2024-04-17,3,116,532000
4457,PH,2024-12-25,2024-01-16,4,170,854000
4458,Abuja,2024-04-05,2024-07-18,3,154,813000
4459,Abuja,2024-02-04,2024-03-25,2,872,200000
4460,PH,2024-10-03,2024-03-10,1,70,300000
4461,Ibadan,2024-03-30,2024-05-07,4,152,341000
4462,Lagos,2024-01-10,2024-07-08,5,210,526000
4463,Ibadan,2024-05-18,2024-07-31,4,183,605000
4464,Lagos,2024-09-24,2024-03-20,2,81,381000
4465,PH,2024-03-27,2024-08-30,3,125,323000
4466,PH,2024-03-10,2024-06-05,3,141,390000
4467,Ibadan,2024-09-27,2024-11-11,5,199,708000
4468,Lagos,2024-01-03,2024-03-06,3,134,294000
4469,PH,2024-02-25,2024-05-03,1,70,189000
4470,Lagos,2024-04-21,2024-04-18,4,156,519000
4471,Lagos,2024-12-18,2024-04-21,5,204,962000
4472,Lagos,2024-09-22,2024-09-14,3,130,748000
4473,Ibadan,2024-05-20,2024-10-06,2,117,587000
4474,Abuja,2024-08-12,2024-01-27,5,204,816000
4475,Lagos,2024-10-07,2024-11-15,5,207,913000
4476,Abuja,2024-05-14,2024-06-07,3,1593,552000
4477,PH,2024-03-14,2024-05-26,3,142,325000
4478,Lagos,2024-02-24,2024-07-10,2,88,460000
4479,Abuja,2024-06-01,2024-09-08,5,225,904000
4480,Ibadan,2024-10-17,2024-12-24,3,112,555000
4481,Ibadan,2024-05-29,2024-10-23,1,41,173000
4482,Ibadan,2024-03-18,2024-08-18,2,114,520000
4483,PH,2024-09-05,2024-03-04,1,43,286000
4484,Abuja,2024-06-15,2024-07-19,1,39,153000
4485,Lagos,2024-12-12,2024-01-17,4,1765,790000
4486,Abuja,2024-05-11,2024-08-24,3,157,526000
4487,Lagos,2024-08-19,2024-10-27,4,173,515000
4488,PH,2024-10-17,2024-12-16,2,91,410000
4489,Ibadan,2024-07-02,2024-10-05,1,41,269000
4490,Ibadan,2024-08-03,2024-08-26,5,203,1071000
4491,Lagos,2024-03-09,2024-04-20,3,123,501000
4492,PH,2024-09-14,2024-02-02,1,69,372000
4493,Abuja,2024-06-23,2024-10-20,4,185,724000
4494,Ibadan,2024-08-11,2024-09-01,3,137,499000
4495,Lagos,2024-05-03,2024-09-04,4,182,549000
4496,Lagos,2024-12-23,2024-02-29,1,52,167000
4497,Ibadan,2024-09-06,2024-01-23,1,31,132000
4498,Ibadan,2024-09-23,2024-12-06,2,114,602000
4499,Lagos,2024-11-02,2024-12-08,5,234,1029000
4500,Abuja,2024-06-28,2024-09-04,5,205,975000
4501,Ibadan,2024-07-25,2024-08-17,4,184,562000
4502,Lagos,2024-05-06,2024-09-14,4,160,500000
4503,Lagos,2024-12-06,2024-05-25,3,119,553000
4504,Lagos,2024-06-15,2024-08-16,1,42,231000
4505,PH,2024-05-16,2024-09-10,2,1098,493000
4506,Lagos,2024-02-12,2024-04-22,1,71,301000
4507,Lagos,2024-07-09,2024-12-23,3,1195,536000
4508,PH,2024-10-23,2024-02-24,5,2454,796000
4509,PH,2024-03-04,2024-08-07,5,237,664000
4510,Ibadan,2024-06-17,2024-11-12,5,222,661000
4511,Ibadan,2024-11-20,2024-01-16,2,98,430000
4512,Lagos,2024-06-21,2024-09-12,3,118,591000
4513,Abuja,2024-09-15,2024-11-21,2,70,290000
4514,Ibadan,2024-03-20,2024-06-28,5,235,595000
4515,PH,2024-05-30,2024-07-06,1,366,106000
4516,PH,2024-04-10,2024-09-21,3,125,378000
4517,Lagos,2024-06-14,2024-09-14,1,39,183000
4518,Abuja,2024-08-14,2024-11-30,2,84,353000
4519,Lagos,2024-09-22,2024-12-10,4,179,1098000
4520,Abuja,2024-05-25,2024-07-31,1,67,138000
4521,Ibadan,2024-06-25,2024-08-09,4,1658,639000
4522,PH,2024-01-03,2024-03-06,5,222,870000
4523,Lagos,2024-12-29,2024-02-10,3,158,751000
4524,Lagos,2024-08-12,2024-12-07,1,47,109000
4525,Lagos,2024-09-26,2024-01-21,4,153,471000
4526,Abuja,2024-12-27,2024-01-25,4,162,682000
4527,Lagos,2024-01-14,2024-05-27,2,100,405000
4528,Lagos,2024-06-15,2024-06-30,3,145,784000
4529,Ibadan,2024-09-06,2024-01-19,3,146,770000
4530,Abuja,2024-03-16,2024-09-12,2,84,242000
4531,Ibadan,2024-01-30,2024-07-23,3,153,628000
4532,Ibadan,2024-06-11,2024-11-04,1,53,248000
4533,Ibadan,2024-04-17,2024-05-11,2,79,445000
4534,Ibadan,2024-12-20,2024-03-07,4,167,633000
4535,PH,2024-09-14,2024-11-08,1,49,82000
4536,Ibadan,2024-01-05,2024-12-27,5,223,916000
4537,Abuja,2024-06-06,2024-07-30,4,190,772000
4538,Ibadan,2024-02-11,2024-06-08,4,176,795000
4539,Ibadan,2024-03-25,2024-08-08,3,144,406000
4540,Lagos,2024-02-03,2024-02-28,3,131,530000
4541,PH,2024-03-21,2024-07-02,1,79,494000
4542,Lagos,2024-11-25,2024-04-16,1,33,147000
4543,Lagos,2024-11-11,2024-11-23,1,42,125000
4544,Abuja,2024-03-07,2024-06-14,4,187,895000
4545,Lagos,2024-12-20,2024-04-11,5,223,725000
4546,Lagos,2024-12-14,2024-06-04,4,161,802000
4547,Ibadan,2024-02-22,2024-08-02,2,100,492000
4548,PH,2024-09-12,2024-01-05,2,114,377000
4549,Abuja,2024-06-01,2024-08-24,2,93,506000
4550,Ibadan,2024-11-10,2024-05-02,5,2336,1069000
4551,Ibadan,2024-10-10,2024-12-15,4,177,650000
4552,PH,2024-04-23,2024-05-27,2,110,539000
4553,PH,2024-05-08,2024-09-12,1,74,195000
4554,Abuja,2024-03-04,2024-06-20,3,114,508000
4555,Abuja,2024-07-24,2024-12-30,5,203,1087000
4556,Abuja,2024-02-12,2024-04-23,2,118,401000
4557,Ibadan,2024-06-10,2024-09-22,2,81,273000
4558,PH,2024-04-19,2024-07-21,3,124,338000
4559,Ibadan,2024-01-22,2024-05-10,5,194,517000
4560,PH,2024-09-28,2024-03-08,2,111,421000
4561,Lagos,2024-06-09,2024-10-15,4,158,863000
4562,Ibadan,2024-05-19,2024-07-09,1,51,297000
4563,Lagos,2024-03-02,2024-08-25,1,79,199000
4564,PH,2024-01-10,2024-05-12,4,185,944000
4565,Abuja,2024-04-17,2024-06-02,2,93,203000
4566,PH,2024-06-25,2024-07-30,3,133,392000
4567,Lagos,2024-04-28,2024-10-21,3,1389,497000
4568,Ibadan,2024-05-19,2024-10-25,2,89,224000
4569,Ibadan,2024-04-05,2024-07-23,4,182,917000
4570,Abuja,2024-11-24,2024-11-20,4,188,879000
4571,Lagos,2024-04-07,2024-06-23,5,229,1214000
4572,Lagos,2024-07-06,2024-11-29,5,221,1154000
4573,Abuja,2024-07-16,2024-12-14,4,173,734000
4574,Ibadan,2024-10-24,2024-11-04,2,94,227000
4575,PH,2024-02-21,2024-06-07,4,2067,462000
4576,Abuja,2024-10-23,2024-04-16,4,167,541000
4577,Ibadan,2024-06-14,2024-10-09,5,193,546000
4578,PH,2024-07-02,2024-11-20,3,154,686000
4579,Ibadan,2024-01-12,2024-03-15,5,2357,832000
4580,Abuja,2024-08-21,2024-10-10,4,162,726000
4581,Ibadan,2024-07-26,2024-12-17,5,238,996000
4582,Lagos,2024-05-13,2024-08-22,2,108,604000
4583,Lagos,2024-11-07,2024-12-12,3,156,751000
4584,PH,2024-02-16,2024-04-13,5,213,736000
4585,Lagos,2024-03-22,2024-04-17,3,154,493000
4586,Lagos,2024-07-12,2024-08-28,3,126,457000
4587,Ibadan,2024-06-24,2024-07-31,1,55,373000
4588,Lagos,2024-09-22,2024-12-30,1,55,272000
4589,Lagos,2024-02-11,2024-05-16,3,156,403000
4590,PH,2024-12-27,2024-04-12,1,37,129000
4591,Abuja,2024-02-11,2024-03-30,3,150,289000
4592,PH,2024-07-23,2024-09-27,2,82,335000
4593,PH,2024-03-04,2024-05-09,1,45,211000
4594,Lagos,2024-12-14,2024-02-22,4,155,558000
4595,Ibadan,2024-01-21,2024-02-26,2,111,333000
4596,Lagos,2024-07-03,2024-08-16,4,191,790000
4597,Lagos,2024-08-22,2024-11-15,1,51,165000
4598,PH,2024-06-01,2024-05-28,2,79,280000
4599,Lagos,2024-06-27,2024-11-19,2,78,394000
4600,PH,2024-07-25,2024-01-08,3,152,863000
4601,PH,2024-03-12,2024-07-03,4,180,699000
4602,PH,2024-10-22,2024-04-19,1,75,311000
4603,Lagos,2024-02-16,2024-07-31,2,116,512000
4604,PH,2024-04-22,2024-05-11,5,193,1002000
4605,Lagos,2024-04-22,2024-07-14,3,139,680000
4606,Abuja,2024-08-15,2024-01-01,5,224,942000
4607,Ibadan,2024-07-17,2024-07-04,2,86,430000
4608,Abuja,2024-01-06,2024-07-03,5,214,551000
4609,Lagos,2024-07-30,2024-09-04,1,71,252000
4610,Ibadan,2024-02-06,2024-06-29,5,216,1021000
4611,Lagos,2024-10-28,2024-12-19,4,186,766000
4612,PH,2024-04-13,2024-07-20,3,149,287000
4613,Lagos,2024-06-20,2024-07-17,5,210,764000
4614,Ibadan,2024-08-14,2024-09-04,2,73,218000
4615,Lagos,2024-06-13,2024-07-07,3,145,877000
4616,PH,2024-01-05,2024-05-09,1,65,140000
4617,Abuja,2024-09-09,2024-09-22,3,137,590000
4618,Lagos,2024-12-03,2024-01-03,2,117,321000
4619,Abuja,2024-11-10,2024-12-10,3,149,660000
4620,Ibadan,2024-05-07,2024-11-03,5,231,541000
4621,Lagos,2024-01-09,2024-01-29,4,172,607000
4622,PH,2024-04-03,2024-09-24,4,163,398000
4623,Abuja,2024-05-15,2024-05-26,5,202,1026000
4624,PH,2024-03-31,2024-05-03,5,215,525000
4625,Abuja,2024-02-11,2024-07-06,2,87,238000
4626,PH,2024-01-04,2024-04-15,4,188,6730000
4627,PH,2024-05-22,2024-05-09,3,159,409000
4628,Ibadan,2024-12-29,2024-01-21,3,119,418000
4629,Abuja,2024-02-29,2024-05-15,3,137,608000
4630,PH,2024-07-02,2024-06-18,4,157,597000
4631,Ibadan,2024-06-29,2024-07-20,1,66,257000
4632,Ibadan,2024-11-24,2024-03-16,5,229,990000
4633,Abuja,2024-06-22,2024-06-11,4,162,780000
4634,Ibadan,2024-01-23,2024-05-24,4,158,479000
4635,Lagos,2024-07-17,2024-12-16,4,170,1009000
4636,Ibadan,2024-08-06,2024-11-03,4,187,811000
4637,Abuja,2024-11-05,2024-01-06,1,54,340000
4638,PH,2024-07-20,2024-01-01,1,73,274000
4639,Ibadan,2024-01-27,2024-02-07,4,1647,359000
4640,Lagos,2024-06-07,2024-06-20,5,206,499000
4641,Abuja,2024-02-01,2024-07-12,2,84,315000
4642,PH,2024-11-15,2024-04-19,2,117,652000
4643,Lagos,2024-07-06,2024-06-16,5,220,671000
4644,Ibadan,2024-05-30,2024-09-25,5,214,842000
4645,Lagos,2024-05-19,2024-06-21,1,67,281000
4646,PH,2024-12-22,2024-06-16,5,206,731000
4647,Ibadan,2024-05-28,2024-06-17,2,116,597000
4648,Lagos,2024-05-29,2024-08-17,4,158,447000
4649,PH,2024-09-15,2024-10-06,2,117,498000
4650,PH,2024-01-10,2024-06-02,4,156,549000
4651,Lagos,2024-07-30,2024-09-06,5,237,787000
4652,Abuja,2024-07-02,2024-08-30,5,227,934000
4653,PH,2024-08-02,2024-08-18,1,37,122000
4654,Lagos,2024-09-17,2024-01-08,5,230,922000
4655,PH,2024-09-14,2024-02-24,3,143,812000
4656,Abuja,2024-03-28,2024-09-03,1,55,148000
4657,Ibadan,2024-02-11,2024-02-29,1,40,202000
4658,Ibadan,2024-10-20,2024-01-26,5,217,689000
4659,Lagos,2024-11-05,2024-01-25,3,117,534000
4660,Lagos,2024-02-16,2024-07-02,2,84,314000
4661,PH,2024-06-30,2024-11-05,5,206,640000
4662,PH,2024-12-15,2024-01-04,3,160,646000
4663,Abuja,2024-03-15,2024-02-24,1,48,199000
4664,Lagos,2024-01-19,2024-02-13,1,50,206000
4665,Lagos,2024-03-16,2024-07-03,4,163,468000
4666,Ibadan,2024-05-31,2024-09-14,5,203,551000
4667,Ibadan,2024-10-03,2024-02-21,5,197,631000
4668,Ibadan,2024-05-01,2024-08-01,2,72,167000
4669,Lagos,2024-02-07,2024-08-05,3,147,671000
4670,Abuja,2024-02-02,2024-05-09,5,233,709000
4671,PH,2024-04-29,2024-07-08,3,114,413000
4672,Lagos,2024-03-22,2024-04-28,2,108,281000
4673,PH,2024-01-01,2024-01-26,4,195,944000
4674,PH,2024-07-09,2024-09-25,5,235,632000
4675,Abuja,2024-04-14,2024-09-17,1,62,190000
4676,Lagos,2024-04-17,2024-09-23,1,40,241000
4677,Abuja,2024-09-17,2024-11-30,3,143,499000
4678,Abuja,2024-11-01,2024-02-29,5,191,682000
4679,Lagos,2024-03-30,2024-08-18,1,69,247000
4680,Abuja,2024-12-05,2024-03-08,5,223,1063000
4681,Ibadan,2024-07-15,2024-09-28,4,150,792000
4682,PH,2024-07-10,2024-12-08,2,93,334000
4683,Ibadan,2024-03-24,2024-05-07,1,75,241000
4684,Ibadan,2024-09-02,2024-10-04,2,1292,640000
4685,Ibadan,2024-05-15,2024-10-16,2,108,451000
4686,Ibadan,2024-12-28,2024-06-16,3,155,728000
4687,PH,2024-12-26,2024-01-17,4,188,893000
4688,Lagos,2024-07-13,2024-10-01,2,96,439000
4689,Ibadan,2024-06-24,2024-12-03,2,101,561000
4690,Ibadan,2024-03-07,2024-06-10,2,95,472000
4691,Lagos,2024-08-10,2024-10-02,4,173,584000
4692,Lagos,2024-07-25,2024-11-13,2,70,412000
4693,Lagos,2024-05-22,2024-07-11,4,153,437000
4694,PH,2024-08-14,2024-01-10,2,114,339000
4695,PH,2024-04-17,2024-09-16,3,127,523000
4696,Abuja,2024-06-19,2024-11-10,1,59,220000
4697,Lagos,2024-08-24,2024-10-31,5,205,707000
4698,PH,2024-12-26,2024-01-20,5,236,1056000
4699,Lagos,2024-12-26,2024-02-14,1,80,326000
4700,Lagos,2024-11-20,2024-12-21,1,62,122000
4701,Ibadan,2024-06-18,2024-10-15,3,119,378000
4702,Lagos,2024-03-25,2024-07-30,5,229,1158000
4703,Abuja,2024-11-30,2024-02-20,2,71,222000
4704,Lagos,2024-04-07,2024-09-30,4,193,495000
4705,PH,2024-03-29,2024-08-06,2,79,372000
4706,Lagos,2024-02-14,2024-04-09,3,153,803000
4707,PH,2024-06-13,2024-07-11,5,200,587000
4708,Lagos,2024-08-26,2024-09-21,2,74,206000
4709,Ibadan,2024-06-12,2024-09-02,2,85,344000
4710,Lagos,2024-07-30,2024-07-26,4,186,686000
4711,Abuja,2024-07-21,2024-10-12,2,120,649000
4712,Ibadan,2024-05-08,2024-08-22,2,109,643000
4713,Ibadan,2024-08-11,2024-12-30,1,56,173000
4714,Lagos,2024-01-15,2024-03-23,5,232,1128000
4715,Ibadan,2024-09-27,2024-01-10,5,231,1035000
4716,Ibadan,2024-02-04,2024-04-15,3,1550,486000
4717,PH,2024-08-01,2024-11-04,1,58,144000
4718,PH,2024-08-08,2024-12-30,1,51,235000
4719,PH,2024-09-13,2024-01-12,4,172,540000
4720,Ibadan,2024-04-15,2024-06-29,3,132,713000
4721,Ibadan,2024-02-13,2024-06-14,1,32,55000
4722,PH,2024-08-15,2024-09-21,5,231,673000
4723,Abuja,2024-11-21,2024-02-14,1,50,229000
4724,Abuja,2024-03-12,2024-05-31,3,132,589000
4725,Abuja,2024-06-16,2024-07-02,1,30,168000
4726,PH,2024-03-21,2024-04-08,4,176,815000
4727,PH,2024-02-08,2024-07-21,5,216,475000
4728,Ibadan,2024-03-31,2024-05-16,1,71,386000
4729,Ibadan,2024-02-05,2024-04-23,2,114,242000
4730,PH,2024-03-25,2024-05-17,1,46,140000
4731,PH,2024-04-02,2024-08-09,3,116,472000
4732,Abuja,2024-05-12,2024-11-03,1,61,251000
4733,Ibadan,2024-09-25,2024-03-10,1,64,255000
4734,Abuja,2024-09-14,2024-10-28,4,180,504000
4735,Ibadan,2024-11-20,2024-03-13,5,203,947000
4736,Lagos,2024-08-29,2024-01-08,3,111,373000
4737,Ibadan,2024-05-23,2024-09-09,5,202,534000
4738,Lagos,2024-06-04,2024-08-19,4,168,5200000
4739,Ibadan,2024-08-30,2024-09-23,5,202,1090000
4740,Ibadan,2024-02-07,2024-02-28,3,137,605000
4741,Lagos,2024-11-19,2024-02-03,2,87,352000
4742,Abuja,2024-04-18,2024-05-17,3,139,572000
4743,Lagos,2024-05-09,2024-05-25,4,190,579000
4744,Lagos,2024-07-22,2024-10-17,5,240,852000
4745,Lagos,2024-08-25,2024-09-19,5,240,677000
4746,Ibadan,2024-05-31,2024-05-26,1,76,285000
4747,Lagos,2024-04-14,2024-08-07,4,189,759000
4748,Abuja,2024-07-16,2024-10-19,2,117,481000
4749,Ibadan,2024-12-11,2024-04-26,4,160,728000
4750,Ibadan,2024-01-01,2024-05-30,5,233,632000
4751,PH,2024-12-28,2024-06-05,5,219,1005000
4752,Ibadan,2024-05-07,2024-06-15,3,137,413000
4753,Ibadan,2024-10-09,2024-03-09,3,116,506000
4754,Ibadan,2024-06-13,2024-11-28,5,196,1012000
4755,PH,2024-11-30,2024-03-30,1,73,346000
4756,Abuja,2024-08-16,2024-02-06,5,202,1080000
4757,Lagos,2024-06-30,2024-07-23,5,190,568000
4758,Abuja,2024-07-07,2024-06-27,2,74,539000
4759,PH,2024-05-11,2024-08-19,5,216,1118000
4760,Lagos,2024-11-07,2024-01-14,2,89,168000
4761,PH,2024-02-29,2024-04-01,1,77,497000
4762,Lagos,2024-09-23,2024-01-24,2,81,402000
4763,Lagos,2024-10-04,2024-11-29,5,235,1016000
4764,PH,2024-09-10,2024-10-19,1,43,180000
4765,Abuja,2024-06-12,2024-12-01,3,115,550000
4766,Lagos,2024-11-25,2024-03-11,3,138,596000
4767,PH,2024-08-24,2024-09-08,1,63,218000
4768,PH,2024-08-23,2024-11-09,5,239,1250000
4769,Abuja,2024-07-23,2024-12-01,1,30,92000
4770,Lagos,2024-02-17,2024-03-21,4,169,519000
4771,Lagos,2024-08-22,2024-11-21,3,160,766000
4772,PH,2024-02-28,2024-06-22,1,67,319000
4773,Ibadan,2024-09-17,2024-01-27,2,90,422000
4774,Abuja,2024-02-21,2024-04-04,3,152,627000
4775,Lagos,2024-05-22,2024-10-19,4,1884,389000
4776,Ibadan,2024-10-03,2024-12-19,5,192,856000
4777,PH,2024-09-02,2024-02-14,2,92,503000
4778,Abuja,2024-08-28,2024-09-29,5,230,628000
4779,Lagos,2024-02-09,2024-02-26,5,200,499000
4780,Lagos,2024-08-10,2024-11-12,4,188,938000
4781,Lagos,2024-01-28,2024-02-21,3,146,730000
4782,Abuja,2024-09-07,2024-10-05,3,158,809000
4783,Ibadan,2024-03-09,2024-03-28,4,172,807000
4784,Ibadan,2024-11-11,2024-11-26,4,189,781000
4785,Lagos,2024-01-14,2024-02-06,1,34,190000
4786,PH,2024-02-25,2024-04-16,5,219,661000
4787,Abuja,2024-01-15,2024-06-26,3,152,616000
4788,Abuja,2024-03-14,2024-07-16,5,203,575000
4789,PH,2024-06-11,2024-11-27,1,62,154000
4790,PH,2024-02-22,2024-07-15,2,99,555000
4791,Ibadan,2024-05-14,2024-10-28,2,79,379000
4792,Abuja,2024-09-04,2024-01-29,3,128,467000
4793,Abuja,2024-04-18,2024-05-15,4,184,941000
4794,Lagos,2024-11-01,2024-01-07,5,210,857000
4795,Lagos,2024-07-23,2024-01-17,3,134,523000
4796,PH,2024-04-27,2024-09-10,3,1335,394000
4797,PH,2024-01-20,2024-01-15,3,118,544000
4798,PH,2024-08-29,2024-11-18,5,212,1111000
4799,Abuja,2024-09-04,2024-03-01,4,163,750000
4800,Ibadan,2024-07-23,2024-11-02,1,33,304000
4801,Lagos,2024-12-28,2024-04-16,4,170,655000
4802,Abuja,2024-06-01,2024-06-23,3,137,539000
4803,Lagos,2024-08-30,2024-12-02,1,31,94000
4804,PH,2024-04-10,2024-05-17,5,239,588000
4805,Abuja,2024-03-30,2024-05-14,4,155,370000
4806,PH,2024-10-29,2024-03-31,5,2433,1061000
4807,Ibadan,2024-12-15,2024-04-29,3,138,517000
4808,Ibadan,2024-04-01,2024-07-28,3,146,585000
4809,Ibadan,2024-02-12,2024-06-05,4,167,802000
4810,Lagos,2024-07-16,2024-10-13,5,226,761000
4811,Abuja,2024-10-27,2024-12-15,5,191,752000
4812,PH,2024-06-07,2024-11-14,2,111,590000
4813,PH,2024-12-15,2024-03-19,1,840,279000
4814,Lagos,2024-05-31,2024-09-26,4,184,661000
4815,Lagos,2024-12-26,2024-05-08,1,79,261000
4816,PH,2024-05-23,2024-08-26,4,165,498000
4817,PH,2024-01-21,2024-07-14,4,184,878000
4818,Abuja,2024-01-29,2024-04-26,4,166,403000
4819,PH,2024-08-20,2024-12-04,3,1389,448000
4820,PH,2024-01-17,2024-03-01,4,194,459000
4821,Ibadan,2024-03-10,2024-03-23,3,128,378000
4822,Abuja,2024-08-24,2024-02-02,2,818,413000
4823,Lagos,2024-06-09,2024-07-24,3,160,837000
4824,Lagos,2024-06-23,2024-06-09,1,42,149000
4825,Ibadan,2024-06-23,2024-12-07,1,50,306000
4826,Ibadan,2024-05-08,2024-09-03,3,154,432000
4827,Ibadan,2024-08-20,2024-08-11,1,77,415000
4828,PH,2024-08-10,2024-11-22,4,1981,947000
4829,Lagos,2024-11-29,2024-04-27,5,215,955000
4830,PH,2024-02-20,2024-05-10,3,132,586000
4831,Lagos,2024-01-31,2024-04-04,4,153,574000
4832,Abuja,2024-03-16,2024-08-03,2,117,256000
4833,Ibadan,2024-04-16,2024-10-09,2,75,316000
4834,PH,2024-10-11,2024-02-10,5,236,1116000
4835,Lagos,2024-03-07,2024-06-06,1,41,155000
4836,Abuja,2024-07-27,2024-07-07,2,74,350000
4837,Ibadan,2024-03-23,2024-04-30,2,76,265000
4838,Lagos,2024-01-19,2024-02-04,2,111,347000
4839,PH,2024-07-28,2024-09-22,5,223,1126000
4840,Ibadan,2024-12-15,2024-06-11,3,1281,568000
4841,PH,2024-01-21,2024-04-16,5,225,107400
4842,PH,2024-02-12,2024-04-19,1,79,398000
4843,Ibadan,2024-09-20,2024-01-15,1,30,70000
4844,Ibadan,2024-10-26,2024-03-25,2,119,328000
4845,Ibadan,2024-09-18,2024-03-09,5,2045,893000
4846,Abuja,2024-09-19,2024-10-08,2,100,404000
4847,Abuja,2024-04-27,2024-09-23,3,133,789000
4848,PH,2024-01-04,2024-06-14,4,151,704000
4849,Abuja,2024-08-01,2024-09-26,2,95,396000
4850,Lagos,2024-04-13,2024-09-16,1,70,277000
4851,PH,2024-04-17,2024-10-09,4,2024,1005000
4852,Ibadan,2024-09-14,2024-01-05,5,191,617000
4853,Lagos,2024-02-27,2024-06-04,4,175,875000
4854,PH,2024-06-19,2024-06-09,2,71,340000
4855,Lagos,2024-06-11,2024-06-25,3,115,392000
4856,Ibadan,2024-04-09,2024-03-23,5,194,847000
4857,Ibadan,2024-02-13,2024-04-01,5,220,586000
4858,Lagos,2024-09-13,2024-01-11,3,143,878000
4859,Abuja,2024-09-15,2024-08-28,5,225,750000
4860,Lagos,2024-12-21,2024-05-16,4,200,589000
4861,Ibadan,2024-04-25,2024-09-12,4,185,544000
4862,Lagos,2024-07-03,2024-10-13,4,187,489000
4863,PH,2024-08-19,2024-09-06,1,62,425000
4864,PH,2024-11-28,2024-05-10,3,131,408000
4865,Ibadan,2024-06-21,2024-07-22,5,211,854000
4866,PH,2024-04-25,2024-09-23,3,111,320000
4867,Ibadan,2024-08-24,2024-11-23,2,100,610000
4868,Ibadan,2024-12-15,2024-06-04,3,113,569000
4869,Lagos,2024-06-25,2024-10-10,5,236,1261000
4870,PH,2024-12-29,2024-05-25,5,213,1011000
4871,Abuja,2024-09-29,2024-11-09,4,2077,693000
4872,Ibadan,2024-07-06,2024-11-23,1,366,91000
4873,Ibadan,2024-02-08,2024-04-01,1,72,335000
4874,Abuja,2024-07-14,2024-09-27,2,79,312000
4875,Lagos,2024-08-08,2024-10-17,4,162,590000
4876,Ibadan,2024-04-15,2024-07-01,2,98,276000
4877,Abuja,2024-01-10,2024-05-16,3,130,572000
4878,Lagos,2024-11-23,2024-01-18,5,224,780000
4879,Abuja,2024-11-13,2024-03-13,3,115,573000
4880,PH,2024-02-19,2024-04-13,3,1410,635000
4881,PH,2024-03-12,2024-09-01,2,83,225000
4882,Lagos,2024-05-08,2024-06-11,3,150,804000
4883,PH,2024-01-07,2024-03-19,1,37,54000
4884,PH,2024-02-29,2024-05-11,3,129,297000
4885,Ibadan,2024-02-27,2024-08-08,3,134,514000
4886,Lagos,2024-02-02,2024-07-11,4,181,461000
4887,Abuja,2024-08-10,2024-12-12,2,94,420000
4888,PH,2024-04-01,2024-07-01,5,234,877000
4889,Ibadan,2024-05-16,2024-07-12,2,93,229000
4890,PH,2024-12-23,2024-05-01,3,130,665000
4891,Ibadan,2024-09-18,2024-02-02,2,96,382000
4892,Abuja,2024-03-11,2024-05-15,4,200,787000
4893,PH,2024-04-18,2024-04-15,5,228,1131000
4894,Abuja,2024-01-12,2024-06-10,3,122,399000
4895,Abuja,2024-09-18,2024-10-27,5,230,1344000
4896,PH,2024-02-05,2024-05-26,3,115,589000
4897,PH,2024-10-01,2024-11-29,3,1302,379000
4898,Ibadan,2024-02-18,2024-07-10,3,124,515000
4899,Abuja,2024-08-18,2024-10-26,3,110,346000
4900,Ibadan,2024-09-27,2024-03-15,3,111,502000
4901,Lagos,2024-03-24,2024-06-08,3,111,554000
4902,Lagos,2024-08-29,2024-10-04,5,236,793000
4903,PH,2024-05-19,2024-09-19,1,63,308000
4904,Abuja,2024-01-12,2024-02-27,4,180,923000
4905,Lagos,2024-01-19,2024-02-07,4,154,451000
4906,Abuja,2024-02-06,2024-07-10,1,377,105000
4907,PH,2024-04-07,2024-09-11,5,191,541000
4908,Ibadan,2024-02-06,2024-05-07,3,140,482000
4909,PH,2024-06-15,2024-11-23,4,154,542000
4910,Lagos,2024-01-02,2024-02-05,1,71,336000
4911,PH,2024-03-17,2024-08-09,5,228,562000
4912,PH,2024-10-17,2024-03-20,5,237,755000
4913,Abuja,2024-08-23,2024-01-22,1,710,399000
4914,Lagos,2024-07-08,2024-08-07,3,116,492000
4915,PH,2024-05-04,2024-10-04,4,151,347000
4916,Abuja,2024-03-04,2024-08-27,1,62,280000
4917,Ibadan,2024-06-28,2024-10-15,1,65,354000
4918,Lagos,2024-05-16,2024-06-15,5,210,1054000
4919,Lagos,2024-06-22,2024-09-03,2,110,508000
4920,Ibadan,2024-07-17,2024-10-19,5,201,954000
4921,PH,2024-05-03,2024-04-26,1,50,63000
4922,PH,2024-06-03,2024-07-23,3,157,458000
4923,PH,2024-07-03,2024-12-28,5,199,524000
4924,Ibadan,2024-02-26,2024-05-21,4,163,583000
4925,Abuja,2024-01-21,2024-02-05,5,206,1065000
4926,Lagos,2024-01-06,2024-02-13,1,60,245000
4927,Ibadan,2024-07-10,2024-11-23,2,108,533000
4928,PH,2024-09-17,2024-12-13,1,32,115000
4929,PH,2024-11-14,2024-12-09,5,2486,878000
4930,Abuja,2024-04-10,2024-05-03,3,111,436000
4931,Ibadan,2024-06-03,2024-07-12,2,936,324000
4932,Lagos,2024-09-05,2024-09-19,1,62,255000
4933,Ibadan,2024-05-25,2024-11-07,4,197,979000
4934,Lagos,2024-05-18,2024-05-29,3,129,306000
4935,Lagos,2024-10-15,2024-03-22,3,137,576000
4936,Abuja,2024-06-01,2024-06-21,5,198,590000
4937,Abuja,2024-05-08,2024-06-04,3,128,556000
4938,PH,2024-06-04,2024-07-11,3,141,569000
4939,PH,2024-06-11,2024-07-08,3,118,262000
4940,Lagos,2024-12-16,2024-06-08,3,148,442000
4941,Ibadan,2024-09-30,2024-02-22,5,225,1045000
4942,PH,2024-09-08,2024-12-21,5,233,911000
4943,Lagos,2024-05-08,2024-08-18,3,145,507000
4944,PH,2024-03-23,2024-05-24,5,234,893000
4945,Abuja,2024-08-22,2024-10-27,5,238,924000
4946,Abuja,2024-01-10,2024-05-27,3,154,784000
4947,Ibadan,2024-05-17,2024-10-27,5,230,605000
4948,Lagos,2024-03-14,2024-06-25,5,239,636000
4949,Lagos,2024-07-17,2024-01-14,2,118,628000
4950,Lagos,2024-08-08,2024-11-13,5,216,1109000
4951,Lagos,2024-03-07,2024-07-11,1,60,107000
4952,Ibadan,2024-11-25,2024-04-02,4,183,7440000
4953,Abuja,2024-11-04,2024-03-14,5,202,967000
4954,Lagos,2024-05-24,2024-08-04,1,50,132000
4955,Lagos,2024-03-23,2024-07-07,2,70,393000
4956,Ibadan,2024-09-11,2024-11-05,2,79,388000
4957,Lagos,2024-06-05,2024-11-21,3,126,494000
4958,PH,2024-09-20,2024-01-02,1,45,176000
4959,Lagos,2024-01-04,2024-04-26,4,160,581000
4960,Ibadan,2024-08-30,2024-09-24,4,189,888000
4961,Lagos,2024-11-16,2024-03-12,5,234,1220000
4962,PH,2024-05-05,2024-07-08,5,221,942000
4963,Lagos,2024-08-27,2024-09-14,5,216,727000
4964,PH,2024-12-22,2024-01-25,5,2530,949000
4965,PH,2024-09-04,2024-12-29,3,121,614000
4966,Abuja,2024-05-06,2024-09-18,2,110,495000
4967,Abuja,2024-04-04,2024-05-11,5,229,1116000
4968,Ibadan,2024-12-02,2024-01-12,5,232,734000
4969,Ibadan,2024-07-09,2024-12-10,1,62,336000
4970,Ibadan,2024-05-14,2024-10-07,1,36,162000
4971,Lagos,2024-12-20,2024-02-13,3,111,565000
4972,Ibadan,2024-10-04,2024-12-24,4,181,838000
4973,Ibadan,2024-09-17,2024-11-08,4,197,891000
4974,Ibadan,2024-06-15,2024-08-29,4,176,882000
4975,PH,2024-02-08,2024-06-07,1,44,203000
4976,Lagos,2024-02-20,2024-05-07,5,226,616000
4977,Lagos,2024-04-23,2024-09-04,3,117,302000
4978,Abuja,2024-10-01,2024-11-11,3,121,482000
4979,Ibadan,2024-07-18,2024-10-31,1,32,228000
4980,Lagos,2024-12-08,2024-05-29,2,108,457000
4981,Lagos,2024-01-03,2024-01-28,3,122,377000
4982,Ibadan,2024-04-27,2024-08-27,1,50,80000
4983,Lagos,2024-08-27,2024-09-23,5,198,806000
4984,PH,2024-03-23,2024-04-23,5,199,911000
4985,PH,2024-04-12,2024-10-02,5,232,1225000
4986,Lagos,2024-05-11,2024-10-28,3,157,455000
4987,Ibadan,2024-11-18,2024-12-26,3,131,523000
4988,PH,2024-11-06,2024-12-11,4,198,669000
4989,Abuja,2024-01-15,2024-05-30,1,71,351000
4990,Lagos,2024-07-10,2024-12-05,2,70,381000
4991,Lagos,2024-03-07,2024-05-24,4,163,413000
4992,Abuja,2024-07-29,2024-10-03,1,38,80000
4993,Lagos,2024-03-31,2024-07-12,5,193,952000
4994,Ibadan,2024-11-17,2024-03-11,1,74,235000
4995,Ibadan,2024-08-12,2024-09-09,4,171,918000
4996,Ibadan,2024-04-10,2024-04-23,1,75,250000
4997,Lagos,2024-07-28,2024-08-29,4,159,834000
4998,Abuja,2024-09-26,2024-11-05,5,2325,780000
4999,Lagos,2024-07-23,2024-09-11,4,188,843000
5000,Lagos,2024-07-03,2024-10-13,5,226,733000
5001,Abuja,2024-04-12,2024-09-12,4,154,750000
5002,Ibadan,2024-04-28,2024-09-22,2,87,308000
5003,PH,2024-04-10,2024-06-02,4,186,961000
5004,Ibadan,2024-09-09,2024-10-11,1,54,247000
5005,PH,2024-02-13,2024-05-22,5,229,1083000
5006,PH,2024-09-05,2024-10-12,1,71,429000
5007,Lagos,2024-02-03,2024-03-07,4,161,452000
5008,Lagos,2024-01-09,2024-06-16,1,30,58000
5009,Abuja,2024-09-17,2024-12-22,4,150,534000
5010,PH,2024-04-14,2024-06-01,4,1744,375000
5011,Lagos,2024-07-08,2024-09-04,1,45,148000
5012,PH,2024-10-18,2024-02-14,4,2013,632000
5013,PH,2024-12-11,2024-03-15,3,158,733000
5014,Lagos,2024-06-05,2024-07-27,4,168,806000
5015,Ibadan,2024-06-04,2024-08-31,1,66,423000
5016,Ibadan,2024-02-07,2024-02-20,3,130,707000
5017,Lagos,2024-05-18,2024-08-28,5,234,770000
5018,PH,2024-05-29,2024-09-26,1,36,157000
5019,Ibadan,2024-05-23,2024-10-04,3,144,499000
5020,Lagos,2024-03-17,2024-05-12,3,149,469000
5021,Abuja,2024-05-04,2024-10-25,1,75,441000
5022,Abuja,2024-08-13,2024-02-10,1,484,86000
5023,PH,2024-08-17,2024-10-31,3,138,387000
5024,Ibadan,2024-06-02,2024-07-24,1,47,220000
5025,Ibadan,2024-05-20,2024-07-17,4,180,452000
5026,Lagos,2024-12-11,2024-05-27,5,200,668000
5027,Abuja,2024-08-03,2024-01-18,5,220,731000
5028,Lagos,2024-10-07,2024-12-14,5,237,880000
5029,Lagos,2024-08-07,2024-09-14,3,147,849000
5030,Abuja,2024-09-09,2024-09-28,5,209,946000
5031,Abuja,2024-05-20,2024-11-04,5,2336,907000
5032,PH,2024-05-07,2024-07-26,2,93,336000
5033,Lagos,2024-08-04,2024-10-17,5,239,967000
5034,Abuja,2024-03-12,2024-09-04,3,125,455000
5035,Abuja,2024-12-02,2024-12-19,4,167,526000
5036,Abuja,2024-06-29,2024-06-23,4,184,907000
5037,Lagos,2024-11-08,2024-02-09,3,114,449000
5038,Ibadan,2024-05-19,2024-08-31,1,51,171000
5039,Ibadan,2024-07-06,2024-07-28,5,198,970000
5040,Abuja,2024-07-24,2024-08-18,3,140,733000
5041,Lagos,2024-03-17,2024-05-07,4,178,859000
5042,PH,2024-04-01,2024-05-24,5,239,1232000
5043,Abuja,2024-04-11,2024-05-20,3,140,404000
5044,Lagos,2024-07-08,2024-08-02,3,150,837000
5045,Ibadan,2024-01-25,2024-04-05,5,200,875000
5046,Ibadan,2024-02-18,2024-06-29,2,107,260000
5047,Lagos,2024-01-27,2024-06-12,5,195,501000
5048,Lagos,2024-04-01,2024-07-08,3,153,720000
5049,PH,2024-06-06,2024-09-06,2,109,441000
5050,Lagos,2024-06-27,2024-12-03,1,30,111000
5051,Abuja,2024-07-10,2024-08-19,5,199,1042000
5052,Ibadan,2024-07-25,2024-10-27,1,54,268000
5053,Lagos,2024-06-14,2024-11-04,1,53,206000
5054,Abuja,2024-10-20,2024-12-23,5,195,942000
5055,Lagos,2024-01-22,2024-07-14,5,202,898000
5056,Abuja,2024-10-17,2024-04-01,1,51,131000
5057,Abuja,2024-09-13,2024-10-13,3,1690,424000
5058,Ibadan,2024-11-05,2024-02-15,4,173,665000
5059,Abuja,2024-06-11,2024-06-04,4,159,410000
5060,PH,2024-10-03,2024-03-18,3,146,634000
5061,Ibadan,2024-09-15,2024-09-29,1,74,278000
5062,Lagos,2024-03-06,2024-02-27,5,2562,530000
5063,PH,2024-06-27,2024-12-13,3,160,473000
5064,Lagos,2024-02-28,2024-08-21,5,207,522000
5065,PH,2024-09-26,2024-11-27,1,39,194000
5066,Ibadan,2024-08-12,2024-09-17,5,219,1152000
5067,Abuja,2024-02-05,2024-03-16,4,161,595000
5068,PH,2024-03-15,2024-06-02,2,97,449000
5069,PH,2024-08-11,2024-11-20,3,140,464000
5070,Ibadan,2024-07-12,2024-12-06,2,96,430000
5071,Ibadan,2024-04-08,2024-09-07,5,204,649000
5072,Abuja,2024-03-22,2024-04-24,5,233,772000
5073,Ibadan,2024-09-08,2024-10-24,4,153,590000
5074,Ibadan,2024-03-30,2024-06-13,2,71,114000
5075,Abuja,2024-03-17,2024-08-07,5,229,1174000
5076,Ibadan,2024-11-09,2024-01-01,3,112,484000
5077,Ibadan,2024-07-24,2024-01-07,2,80,500000
5078,Ibadan,2024-12-08,2024-05-03,3,112,443000
5079,PH,2024-09-04,2024-01-10,2,77,389000
5080,PH,2024-11-05,2024-12-07,3,125,479000
5081,PH,2024-08-01,2024-10-03,5,227,710000
5082,PH,2024-06-27,2024-07-27,5,217,1007000
5083,Lagos,2024-08-29,2024-01-02,5,201,874000
5084,Lagos,2024-06-01,2024-07-14,3,138,678000
5085,PH,2024-07-21,2024-01-01,2,1259,343000
5086,Ibadan,2024-11-10,2024-01-04,1,33,273000
5087,Lagos,2024-11-06,2024-11-18,5,220,739000
5088,Abuja,2024-10-09,2024-01-22,4,151,500000
5089,Abuja,2024-03-18,2024-07-16,1,31,158000
5090,Lagos,2024-05-03,2024-09-06,5,195,566000
5091,PH,2024-04-28,2024-09-23,1,344,68000
5092,Lagos,2024-04-06,2024-08-09,3,140,557000
5093,Abuja,2024-06-04,2024-10-14,2,105,402000
5094,Ibadan,2024-06-22,2024-07-15,1,59,267000
5095,PH,2024-01-08,2024-05-15,1,78,369000
5096,Ibadan,2024-02-22,2024-02-16,2,82,229000
5097,Ibadan,2024-05-16,2024-07-23,3,1625,302000
5098,PH,2024-02-13,2024-06-13,1,33,16000
5099,Lagos,2024-06-03,2024-09-06,5,194,764000
5100,Ibadan,2024-08-31,2024-01-06,4,192,643000
5101,Ibadan,2024-05-07,2024-06-12,1,49,172000
5102,Abuja,2024-02-27,2024-04-06,5,2067,907000
5103,Ibadan,2024-01-24,2024-03-28,4,1862,416000
5104,Abuja,2024-02-06,2024-02-20,3,135,562000
5105,Ibadan,2024-08-31,2024-08-26,1,78,346000
5106,PH,2024-01-12,2024-03-01,4,197,769000
5107,PH,2024-05-04,2024-05-18,2,78,213000
5108,Lagos,2024-02-26,2024-03-19,5,197,880000
5109,PH,2024-06-14,2024-07-16,4,176,562000
5110,PH,2024-08-12,2024-09-11,5,210,640000
5111,Abuja,2024-09-17,2024-01-21,1,55,258000
5112,Ibadan,2024-06-07,2024-09-20,1,775,358000
5113,Lagos,2024-04-24,2024-10-02,1,63,219000
5114,Ibadan,2024-04-04,2024-04-30,3,136,764000
5115,PH,2024-09-10,2024-09-22,4,200,1143000
5116,Ibadan,2024-12-28,2024-04-17,3,112,353000
5117,Lagos,2024-06-27,2024-12-24,3,126,636000
5118,PH,2024-01-03,2024-03-03,3,160,539000
5119,Abuja,2024-04-29,2024-09-16,3,1399,289000
5120,Lagos,2024-10-21,2024-02-20,1,44,116000
5121,Lagos,2024-06-13,2024-06-23,4,193,608000
5122,Abuja,2024-03-06,2024-07-01,1,39,93000
5123,Lagos,2024-10-21,2024-02-09,5,233,803000
5124,Lagos,2024-01-26,2024-05-22,4,164,800000
5125,Lagos,2024-11-06,2024-11-03,5,223,770000
5126,Lagos,2024-08-30,2024-02-26,1,71,354000
5127,PH,2024-10-05,2024-03-18,4,155,499000
5128,PH,2024-07-17,2024-09-03,5,2131,1015000
5129,Abuja,2024-08-24,2024-11-09,1,65,263000
5130,Abuja,2024-11-17,2024-04-21,3,118,388000
5131,Lagos,2024-07-25,2024-10-23,3,142,832000
5132,Ibadan,2024-11-23,2024-02-25,1,76,384000
5133,Lagos,2024-04-07,2024-06-03,4,185,698000
5134,Ibadan,2024-01-16,2024-04-30,3,132,332000
5135,PH,2024-06-12,2024-12-04,5,196,639000
5136,PH,2024-09-22,2024-10-02,4,193,1075000
5137,Ibadan,2024-08-22,2024-01-19,4,171,1044000
5138,Abuja,2024-06-25,2024-08-31,5,191,110800
5139,Lagos,2024-11-27,2024-02-18,3,133,552000
5140,Abuja,2024-01-01,2024-06-28,5,220,492000
5141,PH,2024-04-05,2024-05-29,5,222,1028000
5142,Abuja,2024-02-12,2024-05-06,1,30,1000
5143,Lagos,2024-04-29,2024-10-06,5,237,1217000
5144,Lagos,2024-03-27,2024-08-12,4,182,524000
5145,Abuja,2024-08-16,2024-12-25,1,57,221000
5146,Ibadan,2024-09-27,2024-01-26,5,193,753000
5147,PH,2024-07-30,2024-11-20,5,210,1115000
5148,Ibadan,2024-11-07,2024-01-12,3,126,601000
5149,Ibadan,2024-05-08,2024-05-23,2,111,379000
5150,Ibadan,2024-08-22,2024-11-21,1,61,296000
5151,Ibadan,2024-09-06,2024-11-08,2,75,262000
5152,Lagos,2024-03-07,2024-05-05,3,146,483000
5153,Lagos,2024-03-09,2024-08-22,4,190,487000
5154,PH,2024-01-18,2024-04-24,2,85,326000
5155,Abuja,2024-09-11,2024-02-10,3,110,311000
5156,Ibadan,2024-12-01,2024-03-29,2,116,493000
5157,Ibadan,2024-04-01,2024-09-26,5,2164,933000
5158,PH,2024-04-20,2024-05-11,1,30,88000
5159,PH,2024-03-10,2024-07-28,3,1346,356000
5160,PH,2024-08-08,2024-10-31,3,132,673000
5161,Abuja,2024-04-21,2024-07-28,4,192,829000
5162,Lagos,2024-10-26,2024-04-06,4,163,738000
5163,PH,2024-06-08,2024-07-23,2,112,582000
5164,Ibadan,2024-07-29,2024-11-07,3,148,491000
5165,Abuja,2024-02-20,2024-03-15,4,186,422000
5166,Ibadan,2024-04-09,2024-09-11,2,1173,515000
5167,Abuja,2024-02-20,2024-05-10,4,178,666000
5168,PH,2024-05-22,2024-07-13,3,138,525000
5169,Abuja,2024-10-21,2024-12-19,3,148,645000
5170,PH,2024-01-22,2024-05-17,3,145,421000
5171,PH,2024-10-30,2024-02-01,5,237,824000
5172,Abuja,2024-10-26,2024-11-10,2,90,209000
5173,Abuja,2024-05-06,2024-07-26,5,196,567000
5174,Lagos,2024-03-25,2024-06-06,4,162,493000
5175,Abuja,2024-08-17,2024-09-10,4,169,637000
5176,PH,2024-07-11,2024-08-20,1,80,461000
5177,Ibadan,2024-03-11,2024-04-16,2,102,223000
5178,Abuja,2024-03-25,2024-06-18,3,160,604000
5179,Ibadan,2024-06-04,2024-06-26,2,109,348000
5180,PH,2024-01-13,2024-04-19,2,103,284000
5181,PH,2024-11-28,2024-01-19,1,42,199000
5182,Ibadan,2024-07-31,2024-08-19,3,131,596000
5183,Ibadan,2024-04-28,2024-06-18,2,1163,287000
5184,Lagos,2024-08-22,2024-09-12,4,193,988000
5185,Abuja,2024-02-25,2024-04-05,5,213,587000
5186,PH,2024-01-30,2024-07-24,5,203,686000
5187,Ibadan,2024-11-07,2024-05-05,4,165,497000
5188,Ibadan,2024-12-13,2024-05-03,5,214,848000
5189,PH,2024-04-24,2024-10-08,2,111,276000
5190,Ibadan,2024-01-02,2024-02-18,3,111,525000
5191,Lagos,2024-12-03,2024-05-31,5,194,976000
5192,Abuja,2024-12-25,2024-01-29,2,94,268000
5193,Abuja,2024-07-19,2024-11-01,2,81,316000
5194,PH,2024-01-27,2024-06-11,4,167,776000
5195,Lagos,2024-04-14,2024-09-27,5,237,1193000
5196,Lagos,2024-09-11,2024-03-07,2,74,223000
5197,Abuja,2024-03-09,2024-09-04,5,216,774000
5198,PH,2024-02-26,2024-03-21,1,54,153000
5199,Ibadan,2024-09-20,2024-09-05,2,108,328000
5200,Lagos,2024-02-01,2024-02-20,3,112,311000
5201,Ibadan,2024-09-25,2024-02-20,5,231,1015000
5202,Ibadan,2024-05-15,2024-08-21,4,158,424000
5203,PH,2024-06-06,2024-11-05,3,110,400000
5204,Abuja,2024-12-06,2024-02-14,5,216,1068000
5205,Ibadan,2024-04-12,2024-07-13,1,66,238000
5206,Ibadan,2024-01-19,2024-05-18,5,196,968000
5207,Ibadan,2024-05-27,2024-10-31,3,125,615000
5208,Abuja,2024-01-12,2024-04-11,2,90,355000
5209,PH,2024-06-11,2024-09-09,1,43,194000
5210,Abuja,2024-04-11,2024-08-14,4,182,700000
5211,Abuja,2024-11-10,2024-03-22,2,92,398000
5212,PH,2024-06-25,2024-10-10,2,980,501000
5213,Lagos,2024-03-07,2024-04-21,5,204,656000
5214,Lagos,2024-07-20,2024-10-04,1,44,203000
5215,Lagos,2024-02-28,2024-08-08,4,158,568000
5216,PH,2024-11-07,2024-02-21,2,83,373000
5217,Lagos,2024-08-13,2024-02-08,1,72,331000
5218,Abuja,2024-07-08,2024-12-01,1,58,280000
5219,Lagos,2024-03-14,2024-07-26,1,71,121000
5220,Ibadan,2024-07-18,2024-08-01,2,86,464000
5221,Abuja,2024-04-06,2024-09-19,4,200,1034000
5222,Lagos,2024-11-24,2024-12-15,4,171,618000
5223,Abuja,2024-01-17,2024-03-22,1,34,175000
5224,Lagos,2024-09-21,2024-11-03,3,126,538000
5225,Lagos,2024-08-09,2024-01-10,2,92,416000
5226,Lagos,2024-07-24,2024-10-22,4,150,561000
5227,Ibadan,2024-08-01,2024-11-04,5,221,931000
5228,Abuja,2024-05-29,2024-11-04,5,240,1000000
5229,Ibadan,2024-04-08,2024-06-04,1,42,116000
5230,Ibadan,2024-06-22,2024-08-22,5,208,1048000
5231,PH,2024-02-27,2024-07-08,2,109,279000
5232,Ibadan,2024-02-24,2024-05-02,5,234,1188000
5233,Lagos,2024-11-22,2024-02-02,3,132,715000
5234,PH,2024-01-27,2024-06-30,4,156,634000
5235,Abuja,2024-03-10,2024-03-21,4,161,392000
5236,PH,2024-03-01,2024-05-10,1,72,343000
5237,Abuja,2024-07-22,2024-12-11,2,111,293000
5238,Lagos,2024-08-13,2024-10-12,3,117,546000
5239,Ibadan,2024-02-05,2024-07-25,3,148,599000
5240,Abuja,2024-12-18,2024-01-02,3,1679,674000
5241,Lagos,2024-11-11,2024-03-19,3,137,470000
5242,Lagos,2024-08-27,2024-01-01,2,82,231000
5243,Lagos,2024-03-06,2024-06-17,3,154,392000
5244,Ibadan,2024-10-02,2024-02-26,3,155,511000
5245,Lagos,2024-02-18,2024-06-30,4,194,738000
5246,Lagos,2024-08-03,2024-01-01,2,114,621000
5247,Lagos,2024-09-24,2024-11-11,2,95,430000
5248,Abuja,2024-01-26,2024-04-06,5,192,723000
5249,Ibadan,2024-10-05,2024-03-04,5,233,907000
5250,Lagos,2024-05-17,2024-07-13,5,231,1220000
5251,PH,2024-12-28,2024-05-12,4,186,792000
5252,Lagos,2024-06-02,2024-09-22,3,152,713000
5253,Lagos,2024-08-21,2024-10-14,5,240,1163000
5254,Abuja,2024-02-17,2024-04-08,4,192,623000
5255,PH,2024-03-18,2024-04-13,3,128,265000
5256,PH,2024-06-11,2024-09-19,1,56,168000
5257,Lagos,2024-01-03,2024-04-15,2,115,209000
5258,Abuja,2024-07-04,2024-10-13,3,132,765000
5259,Ibadan,2024-04-30,2024-08-08,3,150,700000
5260,Abuja,2024-07-02,2024-08-21,2,120,61000
5261,Abuja,2024-01-04,2024-06-20,1,36,161000
5262,PH,2024-05-03,2024-07-01,3,136,560000
5263,Ibadan,2024-02-23,2024-03-05,3,126,551000
5264,PH,2024-03-13,2024-03-07,4,2034,969000
5265,Ibadan,2024-12-14,2024-01-13,5,195,721000
5266,Lagos,2024-03-10,2024-07-09,3,142,576000
5267,Abuja,2024-06-20,2024-08-25,1,37,109000
5268,Ibadan,2024-03-15,2024-06-05,2,98,487000
5269,Lagos,2024-11-10,2024-02-27,1,69,291000
5270,Abuja,2024-02-28,2024-07-05,5,204,588000
5271,PH,2024-08-01,2024-10-24,3,141,645000
5272,Lagos,2024-05-17,2024-07-09,4,170,971000
5273,PH,2024-10-07,2024-10-17,4,174,783000
5274,Abuja,2024-03-21,2024-07-07,1,61,264000
5275,Abuja,2024-06-30,2024-07-20,2,100,369000
5276,Abuja,2024-02-29,2024-05-16,1,62,202000
5277,Lagos,2024-12-07,2024-03-18,1,61,233000
5278,PH,2024-04-04,2024-07-20,5,217,582000
5279,Lagos,2024-06-19,2024-08-22,4,150,704000
5280,Ibadan,2024-11-18,2024-01-24,5,231,1148000
5281,Ibadan,2024-08-20,2024-10-30,4,200,953000
5282,Ibadan,2024-07-04,2024-11-16,1,70,488000
5283,Lagos,2024-11-28,2024-12-24,2,83,240000
5284,Lagos,2024-07-11,2024-10-22,4,193,689000
5285,Lagos,2024-12-09,2024-01-18,2,118,373000
5286,PH,2024-02-13,2024-04-23,2,73,240000
5287,Lagos,2024-09-02,2024-12-05,2,93,302000
5288,PH,2024-06-12,2024-12-09,4,166,448000
5289,Abuja,2024-03-19,2024-07-08,4,180,469000
5290,Abuja,2024-05-09,2024-07-23,4,162,754000
5291,Abuja,2024-10-09,2024-12-04,1,55,274000
5292,Ibadan,2024-05-29,2024-09-03,1,53,280000
5293,PH,2024-08-21,2024-12-14,4,198,672000
5294,Lagos,2024-06-06,2024-11-15,1,58,189000
5295,Ibadan,2024-12-09,2024-02-03,1,47,135000
5296,Abuja,2024-05-15,2024-07-04,4,1894,465000
5297,PH,2024-12-26,2024-01-14,5,199,930000
5298,Ibadan,2024-03-19,2024-06-19,3,1625,769000
5299,Lagos,2024-02-16,2024-07-22,1,38,70000
5300,Abuja,2024-09-13,2024-10-10,3,156,688000
5301,Abuja,2024-05-24,2024-11-11,4,190,568000
5302,Lagos,2024-04-19,2024-09-04,3,136,455000
5303,Abuja,2024-01-01,2024-03-18,3,138,662000
5304,Lagos,2024-04-04,2024-05-21,3,125,509000
5305,Ibadan,2024-07-31,2024-08-17,1,67,304000
5306,PH,2024-03-19,2024-07-26,5,196,979000
5307,Lagos,2024-01-02,2024-04-25,2,103,218000
5308,PH,2024-02-03,2024-04-12,5,238,807000
5309,Abuja,2024-09-07,2024-10-21,4,184,829000
5310,PH,2024-03-30,2024-05-12,5,199,991000
5311,Abuja,2024-07-23,2024-08-18,5,213,902000
5312,Lagos,2024-01-03,2024-03-08,2,108,301000
5313,Abuja,2024-06-17,2024-11-18,4,1701,769000
5314,Ibadan,2024-02-26,2024-05-14,1,58,267000
5315,PH,2024-08-27,2024-01-06,2,114,518000
5316,Abuja,2024-04-18,2024-07-20,2,1066,455000
5317,Lagos,2024-08-05,2024-10-18,1,71,374000
5318,Lagos,2024-09-18,2024-10-31,3,139,586000
5319,Abuja,2024-10-20,2024-11-03,5,239,762000
5320,Lagos,2024-10-16,2024-11-17,3,125,540000
5321,PH,2024-06-12,2024-10-13,4,173,783000
5322,Lagos,2024-12-26,2024-04-26,1,43,228000
5323,Abuja,2024-01-30,2024-06-23,3,1292,219000
5324,Abuja,2024-08-06,2024-01-25,5,194,858000
5325,Lagos,2024-07-26,2024-10-14,2,91,236000
5326,PH,2024-04-26,2024-07-17,3,133,483000
5327,Abuja,2024-08-21,2024-10-24,3,136,600000
5328,Abuja,2024-11-10,2024-02-02,1,59,239000
5329,PH,2024-06-17,2024-10-19,5,221,954000
5330,Abuja,2024-11-08,2024-12-26,4,156,425000
5331,Ibadan,2024-12-26,2024-06-17,2,100,394000
5332,Lagos,2024-10-20,2024-12-29,4,150,5340000
5333,Abuja,2024-07-25,2024-01-08,4,189,542000
5334,Abuja,2024-09-08,2024-02-06,3,142,601000
5335,Ibadan,2024-06-14,2024-08-14,1,54,181000
5336,Abuja,2024-07-19,2024-08-02,3,158,578000
5337,Abuja,2024-09-16,2024-11-17,4,200,1105000
5338,Ibadan,2024-08-30,2024-11-25,5,233,992000
5339,PH,2024-01-27,2024-03-07,3,115,530000
5340,PH,2024-07-21,2024-09-23,1,73,247000
5341,Abuja,2024-08-26,2024-09-30,1,51,143000
5342,Lagos,2024-01-30,2024-02-28,4,156,830000
5343,Abuja,2024-11-26,2024-04-16,5,196,864000
5344,Abuja,2024-10-03,2024-11-17,2,77,345000
5345,Abuja,2024-11-27,2024-01-29,3,160,725000
5346,Abuja,2024-08-27,2024-12-06,5,225,1270000
5347,Abuja,2024-07-07,2024-08-20,5,236,711000
5348,PH,2024-09-10,2024-11-16,4,156,626000
5349,Ibadan,2024-02-14,2024-06-06,4,172,715000
5350,Ibadan,2024-12-28,2024-06-20,3,112,541000
5351,Lagos,2024-10-17,2024-04-05,2,116,28600
5352,Ibadan,2024-12-28,2024-01-30,1,35,166000
5353,Lagos,2024-06-26,2024-09-30,4,162,675000
5354,PH,2024-04-22,2024-06-23,3,156,806000
5355,Ibadan,2024-02-12,2024-07-02,1,64,194000
5356,Abuja,2024-02-18,2024-03-04,5,201,705000
5357,PH,2024-07-15,2024-12-18,4,153,782000
5358,Lagos,2024-05-04,2024-05-25,2,73,325000
5359,Abuja,2024-01-05,2024-05-18,2,117,471000
5360,Abuja,2024-06-21,2024-08-12,2,110,261000
5361,Ibadan,2024-08-27,2024-02-19,5,195,782000
5362,Lagos,2024-03-14,2024-08-12,5,201,980000
5363,Abuja,2024-02-12,2024-04-09,3,121,480000
5364,Lagos,2024-07-11,2024-10-23,2,76,261000
5365,PH,2024-05-12,2024-09-28,1,50,107000
5366,Ibadan,2024-07-24,2024-11-21,1,56,398000
5367,Ibadan,2024-08-30,2024-02-20,1,73,406000
5368,Lagos,2024-02-04,2024-05-15,3,118,612000
5369,Abuja,2024-04-10,2024-09-09,4,184,640000
5370,Lagos,2024-09-14,2024-12-02,3,115,559000
5371,Abuja,2024-12-15,2024-03-10,1,61,271000
5372,PH,2024-08-27,2024-12-14,2,79,435000
5373,Ibadan,2024-10-07,2024-01-03,2,118,489000
5374,Lagos,2024-11-22,2024-04-01,5,228,980000
5375,Lagos,2024-12-18,2024-03-25,2,93,333000
5376,Abuja,2024-12-29,2024-05-17,2,88,299000
5377,Abuja,2024-05-03,2024-07-21,4,167,574000
5378,Lagos,2024-04-12,2024-09-11,2,99,267000
5379,Lagos,2024-12-26,2024-06-24,5,205,997000
5380,Abuja,2024-11-04,2024-11-03,4,169,811000
5381,Abuja,2024-01-22,2024-07-04,4,151,452000
5382,Abuja,2024-11-19,2024-05-03,4,157,769000
5383,Abuja,2024-11-13,2024-04-07,3,139,675000
5384,Abuja,2024-01-02,2024-02-06,2,98,333000
5385,Lagos,2024-02-18,2024-07-28,1,57,163000
5386,PH,2024-12-22,2024-04-07,1,63,264000
5387,Ibadan,2024-10-01,2024-11-28,5,239,816000
5388,Lagos,2024-07-23,2024-09-22,4,161,533000
5389,Abuja,2024-09-17,2024-12-29,1,53,131000
5390,Ibadan,2024-05-21,2024-09-29,4,192,997000
5391,Lagos,2024-11-21,2024-03-14,1,64,202000
5392,Abuja,2024-11-23,2024-04-29,1,50,271000
5393,PH,2024-07-24,2024-09-25,4,188,605000
5394,Ibadan,2024-05-22,2024-09-01,2,111,403000
5395,Ibadan,2024-06-23,2024-09-19,2,1001,252000
5396,Lagos,2024-05-24,2024-10-30,4,162,423000
5397,Ibadan,2024-05-12,2024-08-05,3,117,511000
5398,Ibadan,2024-12-25,2024-03-26,4,163,527000
5399,Abuja,2024-06-05,2024-08-29,1,63,363000
5400,Lagos,2024-08-01,2024-09-12,1,818,299000
5401,Lagos,2024-02-07,2024-03-20,3,157,529000
5402,Abuja,2024-04-06,2024-06-16,3,127,429000
5403,Abuja,2024-06-30,2024-08-23,2,86,203000
5404,Ibadan,2024-10-03,2024-02-07,1,58,169000
5405,PH,2024-08-10,2024-02-05,5,191,1049000
5406,PH,2024-03-25,2024-07-22,3,144,418000
5407,Abuja,2024-01-20,2024-06-28,5,190,668000
5408,Lagos,2024-01-06,2024-03-30,3,123,612000
5409,Ibadan,2024-08-30,2024-12-29,1,75,273000
5410,Ibadan,2024-11-11,2024-02-28,1,43,46000
5411,Ibadan,2024-12-18,2024-05-07,4,187,663000
5412,Ibadan,2024-08-15,2024-01-30,1,77,342000
5413,PH,2024-01-14,2024-04-30,4,171,610000
5414,Abuja,2024-03-20,2024-06-06,4,171,895000
5415,Abuja,2024-02-23,2024-03-06,4,151,528000
5416,Lagos,2024-07-24,2024-09-03,2,83,317000
5417,Abuja,2024-02-10,2024-07-17,3,155,701000
5418,PH,2024-03-28,2024-07-05,2,105,255000
5419,PH,2024-11-21,2024-03-09,2,104,387000
5420,Ibadan,2024-02-16,2024-03-05,3,144,614000
5421,Lagos,2024-09-05,2024-12-29,5,238,767000
5422,Abuja,2024-04-29,2024-09-09,2,113,281000
5423,Lagos,2024-06-14,2024-09-08,2,113,330000
5424,PH,2024-03-26,2024-05-23,2,82,363000
5425,Ibadan,2024-10-12,2024-10-23,5,213,1050000
5426,Lagos,2024-03-12,2024-05-13,3,150,530000
5427,Abuja,2024-11-12,2024-04-10,5,238,846000
5428,Ibadan,2024-01-15,2024-06-09,4,184,672000
5429,Ibadan,2024-04-17,2024-07-31,3,138,417000
5430,Lagos,2024-03-10,2024-05-16,4,174,640000
5431,PH,2024-01-16,2024-03-18,5,215,762000
5432,Ibadan,2024-06-16,2024-11-15,5,198,708000
5433,Lagos,2024-03-24,2024-05-19,4,173,909000
5434,Lagos,2024-11-04,2024-03-29,1,73,283000
5435,Abuja,2024-04-29,2024-05-28,1,38,28000
5436,Ibadan,2024-04-18,2024-05-24,3,130,456000
5437,Ibadan,2024-08-07,2024-01-09,5,216,90700
5438,Abuja,2024-01-20,2024-03-01,5,211,851000
5439,Lagos,2024-08-22,2024-11-13,4,164,516000
5440,Ibadan,2024-08-09,2024-10-08,3,130,316000
5441,PH,2024-05-03,2024-05-01,4,198,1006000
5442,PH,2024-02-18,2024-05-26,4,177,514000
5443,Abuja,2024-01-27,2024-04-29,1,51,216000
5444,Ibadan,2024-08-15,2024-09-05,5,192,558000
5445,Lagos,2024-07-19,2024-08-22,3,134,585000
5446,Abuja,2024-04-25,2024-08-05,1,54,182000
5447,Lagos,2024-10-03,2024-12-29,2,85,398000
5448,Ibadan,2024-08-20,2024-09-12,2,79,341000
5449,Lagos,2024-07-27,2024-11-23,4,176,642000
5450,Ibadan,2024-07-11,2024-08-23,2,87,476000
5451,Lagos,2024-03-26,2024-09-12,2,85,435000
5452,Abuja,2024-06-27,2024-11-30,5,216,900000
5453,Ibadan,2024-10-07,2024-04-03,2,112,587000
5454,Abuja,2024-05-19,2024-09-13,3,133,556000
5455,Abuja,2024-03-01,2024-04-20,3,160,533000
5456,Ibadan,2024-03-06,2024-08-13,3,121,576000
5457,PH,2024-06-27,2024-09-22,1,50,152000
5458,Abuja,2024-04-20,2024-05-10,4,183,732000
5459,Ibadan,2024-04-23,2024-06-16,3,153,706000
5460,Abuja,2024-04-07,2024-04-24,1,36,154000
5461,Lagos,2024-10-09,2024-03-01,3,153,687000
5462,PH,2024-10-08,2024-01-13,2,102,409000
5463,Lagos,2024-09-29,2024-11-23,5,228,618000
5464,Lagos,2024-10-27,2024-10-25,1,30,76000
5465,Ibadan,2024-06-02,2024-09-17,5,220,1215000
5466,Ibadan,2024-02-27,2024-07-06,3,119,489000
5467,Ibadan,2024-05-08,2024-07-30,3,120,548000
5468,Abuja,2024-12-28,2024-03-21,5,232,1057000
5469,Lagos,2024-06-08,2024-07-05,5,231,851000
5470,Abuja,2024-03-05,2024-06-19,5,218,901000
5471,PH,2024-06-14,2024-09-19,4,165,851000
5472,PH,2024-01-27,2024-06-25,4,174,620000
5473,Lagos,2024-01-08,2024-02-20,5,221,544000
5474,PH,2024-09-04,2024-10-30,5,227,1204000
5475,PH,2024-03-11,2024-09-07,2,111,574000
5476,Abuja,2024-06-03,2024-07-15,2,110,460000
5477,PH,2024-05-13,2024-08-27,3,126,599000
5478,PH,2024-02-12,2024-06-22,1,31,128000
5479,PH,2024-09-05,2024-01-10,5,201,936000
5480,Ibadan,2024-07-29,2024-09-28,5,201,890000
5481,Lagos,2024-06-21,2024-08-28,2,100,255000
5482,PH,2024-03-26,2024-04-10,3,121,528000
5483,Lagos,2024-05-09,2024-09-21,4,194,799000
5484,Abuja,2024-01-29,2024-05-31,1,59,243000
5485,Ibadan,2024-03-20,2024-09-10,1,44,85000
5486,PH,2024-01-18,2024-05-04,4,165,581000
5487,Abuja,2024-02-21,2024-06-16,2,94,260000
5488,PH,2024-05-22,2024-08-14,4,183,779000
5489,Lagos,2024-04-07,2024-05-15,1,30,213000
5490,PH,2024-02-23,2024-07-18,3,111,424000
5491,Ibadan,2024-01-28,2024-02-18,1,80,199000
5492,Lagos,2024-01-20,2024-04-03,5,237,613000
5493,PH,2024-04-07,2024-09-12,1,75,144000
5494,PH,2024-05-23,2024-07-14,1,71,372000
5495,Ibadan,2024-09-10,2024-03-01,4,158,825000
5496,Lagos,2024-10-12,2024-03-05,1,44,169000
5497,Ibadan,2024-05-21,2024-06-27,2,80,455000
5498,Ibadan,2024-10-20,2024-01-17,1,38,255000
5499,PH,2024-09-18,2024-11-12,2,81,396000
5500,Abuja,2024-02-27,2024-05-20,4,184,760000
5501,Abuja,2024-04-27,2024-06-09,5,198,848000
5502,Abuja,2024-11-28,2024-11-11,4,2110,566000
5503,Abuja,2024-03-17,2024-07-02,4,172,450000
5504,Abuja,2024-05-03,2024-10-04,5,214,842000
5505,Ibadan,2024-05-28,2024-08-31,3,156,402000
5506,Lagos,2024-09-23,2024-10-20,2,102,437000
5507,Lagos,2024-02-22,2024-03-03,5,239,960000
5508,Abuja,2024-05-08,2024-10-29,5,212,783000
5509,Ibadan,2024-06-13,2024-10-13,1,40,114000
5510,Lagos,2024-05-08,2024-07-13,3,117,616000
5511,Ibadan,2024-09-15,2024-10-16,5,206,696000
5512,Abuja,2024-09-16,2024-03-04,1,47,229000
5513,Abuja,2024-10-02,2024-02-17,5,220,820000
5514,Abuja,2024-03-21,2024-09-03,4,2142,784000
5515,PH,2024-03-10,2024-07-16,1,76,278000
5516,Ibadan,2024-04-06,2024-04-26,4,157,761000
5517,Abuja,2024-12-12,2024-04-20,3,148,460000
5518,PH,2024-01-21,2024-05-02,5,230,721000
5519,Abuja,2024-07-31,2024-10-10,2,75,326000
5520,Lagos,2024-01-29,2024-03-19,1,323,53000
5521,Ibadan,2024-01-16,2024-07-07,3,152,455000
5522,Abuja,2024-07-26,2024-11-16,2,90,512000
5523,Abuja,2024-03-03,2024-02-20,2,74,201000
5524,PH,2024-05-16,2024-09-05,1,75,283000
5525,Ibadan,2024-11-04,2024-02-17,2,113,411000
5526,Ibadan,2024-12-26,2024-04-21,3,130,395000
5527,Ibadan,2024-01-26,2024-05-18,3,121,387000
5528,Lagos,2024-02-10,2024-04-01,3,148,538000
5529,PH,2024-06-06,2024-08-08,1,58,286000
5530,Ibadan,2024-05-16,2024-10-28,1,54,57000
5531,Lagos,2024-01-22,2024-07-10,1,80,281000
5532,Lagos,2024-04-26,2024-06-12,2,83,499000
5533,Ibadan,2024-12-21,2024-05-13,3,139,654000
5534,Lagos,2024-05-24,2024-07-15,3,1464,440000
5535,PH,2024-04-29,2024-07-13,4,191,63000
5536,PH,2024-07-10,2024-11-08,3,1249,366000
5537,Abuja,2024-04-28,2024-05-08,5,240,737000
5538,PH,2024-11-18,2024-01-12,2,115,368000
5539,Abuja,2024-01-06,2024-06-16,3,113,190000
5540,Lagos,2024-09-02,2024-02-10,4,170,588000
5541,PH,2024-06-23,2024-12-18,1,76,354000
5542,Lagos,2024-04-19,2024-08-22,3,145,432000
5543,PH,2024-09-16,2024-11-10,4,165,952000
5544,Abuja,2024-11-21,2024-05-07,1,37,50000
5545,PH,2024-06-30,2024-09-11,3,156,662000
5546,Lagos,2024-04-22,2024-08-17,4,158,409000
5547,Abuja,2024-03-22,2024-09-18,4,159,394000
5548,Ibadan,2024-10-29,2024-12-12,1,38,180000
5549,Ibadan,2024-01-10,2024-03-22,2,115,432000
5550,Lagos,2024-06-07,2024-07-23,2,116,309000
5551,Abuja,2024-01-31,2024-06-14,1,65,139000
5552,PH,2024-08-27,2024-10-03,3,113,423000
5553,PH,2024-06-07,2024-12-03,2,83,334000
5554,PH,2024-05-02,2024-07-16,1,38,148000
5555,Lagos,2024-01-13,2024-03-11,4,178,363000
5556,PH,2024-06-27,2024-12-14,1,68,74000
5557,Abuja,2024-07-07,2024-11-22,5,212,965000
5558,Lagos,2024-12-24,2024-04-20,3,112,33200
5559,Lagos,2024-10-04,2024-12-27,4,170,592000
5560,Ibadan,2024-02-15,2024-05-20,4,199,528000
5561,Ibadan,2024-12-03,2024-03-15,2,116,473000
5562,PH,2024-11-04,2024-01-03,1,57,285000
5563,Lagos,2024-06-04,2024-10-07,4,153,810000
5564,Lagos,2024-03-19,2024-04-26,4,150,469000
5565,Abuja,2024-11-09,2024-04-14,2,84,358000
5566,PH,2024-05-25,2024-07-28,4,160,481000
5567,Abuja,2024-04-25,2024-10-15,2,85,2630000
5568,Ibadan,2024-12-26,2024-01-19,4,175,536000
5569,Abuja,2024-03-16,2024-04-28,5,206,1022000
5570,Abuja,2024-03-14,2024-04-07,4,161,466000
5571,Ibadan,2024-03-10,2024-05-23,2,83,172000
5572,Lagos,2024-09-10,2024-10-21,4,197,1161000
5573,PH,2024-09-19,2024-09-07,2,95,442000
5574,Ibadan,2024-01-21,2024-03-29,4,182,867000
5575,Lagos,2024-11-27,2024-01-24,5,239,1205000
5576,PH,2024-03-02,2024-04-14,2,117,447000
5577,PH,2024-01-26,2024-03-09,1,72,148000
5578,Abuja,2024-04-09,2024-05-14,3,111,179000
5579,Abuja,2024-02-11,2024-05-08,3,146,521000
5580,Abuja,2024-03-10,2024-06-23,3,138,541000
5581,Abuja,2024-12-25,2024-05-01,2,72,320000
5582,PH,2024-09-05,2024-11-05,1,31,149000
5583,PH,2024-09-14,2024-10-29,4,177,564000
5584,Abuja,2024-03-30,2024-03-12,3,111,483000
5585,Ibadan,2024-01-20,2024-02-24,1,41,68000
5586,Ibadan,2024-08-15,2024-08-31,2,84,441000
5587,Abuja,2024-05-07,2024-08-25,4,158,4470000
5588,Lagos,2024-09-05,2024-12-25,3,146,829000
5589,PH,2024-09-30,2024-01-14,2,117,463000
5590,Abuja,2024-06-14,2024-09-21,2,93,331000
5591,Lagos,2024-09-22,2024-10-11,2,88,313000
5592,Lagos,2024-07-24,2024-10-16,5,224,721000
5593,Lagos,2024-02-21,2024-04-09,4,179,707000
5594,PH,2024-06-15,2024-09-11,2,1119,246000
5595,Lagos,2024-05-18,2024-08-18,1,49,151000
5596,Lagos,2024-05-01,2024-06-03,5,227,1128000
5597,Lagos,2024-08-19,2024-01-23,3,156,832000
5598,Ibadan,2024-05-09,2024-09-27,5,190,430000
5599,Ibadan,2024-05-05,2024-10-28,1,52,268000
5600,Lagos,2024-12-10,2024-03-23,2,95,295000
5601,Ibadan,2024-07-22,2024-07-07,1,66,205000
5602,PH,2024-06-27,2024-08-30,1,30,107000
5603,Lagos,2024-10-19,2024-12-03,5,229,996000
5604,Lagos,2024-05-04,2024-08-20,4,161,578000
5605,Lagos,2024-04-30,2024-10-27,1,78,398000
5606,Lagos,2024-12-17,2024-04-23,4,158,542000
5607,Lagos,2024-01-04,2024-06-24,4,177,808000
5608,Abuja,2024-01-21,2024-03-29,2,75,367000
5609,Lagos,2024-12-24,2024-02-14,3,126,378000
5610,Lagos,2024-06-18,2024-09-13,1,50,194000
5611,Ibadan,2024-03-07,2024-03-21,4,1959,689000
5612,PH,2024-09-17,2024-12-27,2,77,379000
5613,Abuja,2024-09-24,2024-11-28,3,126,718000
5614,Lagos,2024-11-20,2024-03-19,1,73,283000
5615,PH,2024-07-25,2024-10-31,5,209,1125000
5616,Ibadan,2024-11-14,2024-04-24,3,147,809000
5617,Lagos,2024-10-07,2024-12-17,3,139,348000
5618,PH,2024-03-04,2024-06-07,1,76,347000
5619,PH,2024-11-24,2024-03-20,2,105,242000
5620,Lagos,2024-03-04,2024-05-31,4,172,560000
5621,Abuja,2024-08-12,2024-09-25,1,69,260000
5622,PH,2024-11-13,2024-03-21,4,155,477000
5623,Abuja,2024-06-06,2024-11-14,5,2045,792000
5624,Ibadan,2024-02-24,2024-07-21,4,150,364000
5625,Lagos,2024-04-14,2024-08-07,2,101,330000
5626,PH,2024-09-16,2024-12-14,2,797,406000
5627,Abuja,2024-07-19,2024-09-28,1,44,46000
5628,PH,2024-07-30,2024-09-09,3,123,394000
5629,Abuja,2024-01-19,2024-04-22,5,227,1107000
5630,Ibadan,2024-06-21,2024-11-24,2,99,406000
5631,Ibadan,2024-01-27,2024-06-22,2,112,485000
5632,Ibadan,2024-10-17,2024-02-25,3,111,439000
5633,PH,2024-04-25,2024-05-07,1,63,162000
5634,PH,2024-04-05,2024-09-10,3,123,402000
5635,Lagos,2024-08-12,2024-08-09,2,90,304000
5636,Abuja,2024-07-01,2024-07-17,1,31,36000
5637,Ibadan,2024-04-26,2024-05-17,4,174,912000
5638,Lagos,2024-10-29,2024-01-31,4,154,724000
5639,Abuja,2024-10-26,2024-11-06,4,182,588000
5640,Abuja,2024-06-04,2024-10-23,1,66,207000
5641,PH,2024-11-22,2024-03-03,1,40,177000
5642,Ibadan,2024-01-25,2024-05-01,3,157,786000
5643,Lagos,2024-03-12,2024-04-28,2,98,237000
5644,Abuja,2024-02-05,2024-05-04,4,188,624000
5645,Abuja,2024-10-19,2024-12-28,2,111,535000
5646,Ibadan,2024-06-18,2024-11-11,1,50,93000
5647,Lagos,2024-10-07,2024-11-07,3,117,575000
5648,Ibadan,2024-02-22,2024-06-18,1,398,259000
5649,Ibadan,2024-03-26,2024-04-25,1,66,141000
5650,Lagos,2024-11-03,2024-04-26,1,70,259000
5651,Abuja,2024-04-20,2024-05-12,3,113,384000
5652,Lagos,2024-09-07,2024-02-09,2,98,504000
5653,Abuja,2024-04-07,2024-04-19,1,39,99000
5654,Ibadan,2024-07-15,2024-12-28,3,146,665000
5655,Ibadan,2024-01-27,2024-05-30,5,190,767000
5656,PH,2024-07-30,2024-09-13,1,59,137000
5657,Ibadan,2024-08-20,2024-10-02,2,101,455000
5658,Ibadan,2024-11-23,2024-01-23,3,123,593000
5659,Abuja,2024-03-01,2024-04-21,2,111,426000
5660,Abuja,2024-03-17,2024-08-03,2,113,277000
5661,Lagos,2024-04-12,2024-06-07,1,59,127000
5662,Ibadan,2024-01-13,2024-06-27,1,39,183000
5663,Ibadan,2024-12-19,2024-02-15,5,223,888000
5664,PH,2024-03-29,2024-09-14,1,44,182000
5665,Lagos,2024-07-18,2024-11-27,1,36,159000
5666,Ibadan,2024-02-05,2024-03-17,4,156,596000
5667,Lagos,2024-12-11,2024-05-14,5,202,992000
5668,Lagos,2024-11-20,2024-05-17,4,162,693000
5669,Lagos,2024-01-10,2024-12-24,5,2271,863000
5670,PH,2024-07-23,2024-08-27,4,160,710000
5671,Lagos,2024-02-14,2024-08-11,1,72,259000
5672,Ibadan,2024-03-17,2024-06-04,4,151,590000
5673,Ibadan,2024-07-20,2024-08-26,3,142,583000
5674,Ibadan,2024-01-06,2024-05-09,5,209,471000
5675,Abuja,2024-03-24,2024-07-20,2,72,265000
5676,Abuja,2024-06-03,2024-10-25,4,185,888000
5677,Lagos,2024-08-08,2024-08-25,2,95,310000
5678,PH,2024-12-20,2024-05-27,1,64,188000
5679,PH,2024-06-08,2024-05-29,4,177,792000
5680,PH,2024-12-19,2024-03-21,2,77,356000
5681,Ibadan,2024-09-25,2024-11-11,2,111,572000
5682,Lagos,2024-02-22,2024-05-29,1,31,91000
5683,PH,2024-06-02,2024-07-11,2,109,393000
5684,Lagos,2024-07-22,2024-11-08,2,87,427000
5685,Abuja,2024-10-08,2024-12-24,4,194,788000
5686,PH,2024-03-06,2024-07-10,5,227,1066000
5687,Abuja,2024-07-08,2024-10-11,1,657,369000
5688,PH,2024-04-17,2024-05-06,4,193,964000
5689,Abuja,2024-07-26,2024-08-09,1,73,380000
5690,Lagos,2024-09-24,2024-01-31,5,200,1118000
5691,Abuja,2024-04-30,2024-10-26,1,75,185000
5692,Ibadan,2024-07-05,2024-10-16,4,152,507000
5693,PH,2024-01-08,2024-03-14,2,104,272000
5694,Lagos,2024-07-31,2024-11-19,3,139,371000
5695,Lagos,2024-11-08,2024-11-30,1,42,161000
5696,Abuja,2024-02-16,2024-06-27,5,231,1089000
5697,Abuja,2024-06-06,2024-08-24,5,234,960000
5698,Ibadan,2024-05-30,2024-08-16,4,196,752000
5699,Ibadan,2024-01-02,2024-04-06,4,188,682000
5700,Ibadan,2024-05-09,2024-06-21,3,123,471000
5701,Ibadan,2024-12-11,2024-01-20,3,122,682000
5702,PH,2024-07-04,2024-07-25,3,153,699000
5703,Lagos,2024-06-03,2024-08-08,4,181,633000
5704,PH,2024-07-04,2024-10-06,3,136,383000
5705,PH,2024-05-27,2024-07-25,5,218,1209000
5706,Lagos,2024-08-08,2024-10-27,3,127,357000
5707,PH,2024-03-08,2024-08-07,1,75,227000
5708,PH,2024-09-12,2024-03-05,2,80,361000
5709,Ibadan,2024-12-28,2024-01-29,4,164,782000
5710,Abuja,2024-01-12,2024-01-31,2,82,301000
5711,Abuja,2024-02-17,2024-05-12,4,155,317000
5712,Ibadan,2024-12-23,2024-05-06,1,48,182000
5713,Abuja,2024-02-22,2024-06-25,2,872,246000
5714,Abuja,2024-05-16,2024-07-25,1,33,97000
5715,PH,2024-07-18,2024-11-22,2,120,624000
5716,Lagos,2024-09-04,2024-12-28,4,199,959000
5717,Lagos,2024-02-26,2024-05-29,2,80,263000
5718,Abuja,2024-02-05,2024-04-13,4,186,796000
5719,Lagos,2024-10-23,2024-11-27,3,118,354000
5720,Ibadan,2024-08-10,2024-09-07,2,105,362000
5721,Lagos,2024-05-10,2024-09-05,3,150,799000
5722,Abuja,2024-06-06,2024-10-09,2,72,410000
5723,Lagos,2024-06-27,2024-09-06,3,152,583000
5724,Abuja,2024-05-30,2024-07-22,3,137,611000
5725,Lagos,2024-07-01,2024-10-25,3,110,470000
5726,Lagos,2024-04-16,2024-07-28,1,64,274000
5727,Lagos,2024-07-09,2024-11-29,5,211,919000
5728,Abuja,2024-12-21,2024-12-13,4,174,680000
5729,Lagos,2024-11-27,2024-03-11,5,221,739000
5730,Abuja,2024-10-10,2024-11-19,4,173,775000
5731,Ibadan,2024-12-13,2024-03-03,2,96,562000
5732,Abuja,2024-10-11,2024-02-07,5,226,720000
5733,PH,2024-08-31,2024-12-06,2,99,586000
5734,Lagos,2024-04-09,2024-07-16,5,206,462000
5735,Ibadan,2024-08-28,2024-12-02,4,161,547000
5736,PH,2024-10-02,2024-12-01,2,103,434000
5737,Ibadan,2024-01-01,2024-04-26,4,180,529000
5738,Ibadan,2024-01-16,2024-07-03,3,138,581000
5739,Abuja,2024-06-30,2024-12-09,4,162,403000
5740,Lagos,2024-04-10,2024-08-01,3,122,510000
5741,Ibadan,2024-03-08,2024-08-15,4,189,539000
5742,PH,2024-10-01,2024-10-13,4,155,458000
5743,Ibadan,2024-01-09,2024-01-21,4,166,336000
5744,Lagos,2024-03-05,2024-04-17,4,168,797000
5745,Lagos,2024-08-13,2024-11-12,2,108,575000
5746,Lagos,2024-03-14,2024-09-05,5,207,986000
5747,PH,2024-03-04,2024-06-26,5,229,1165000
5748,Ibadan,2024-05-21,2024-10-30,3,152,873000
5749,PH,2024-05-24,2024-11-16,4,187,785000
5750,PH,2024-06-15,2024-11-08,3,160,586000
5751,PH,2024-05-24,2024-10-30,4,1830,460000
5752,Lagos,2024-03-24,2024-09-06,4,165,406000
5753,Ibadan,2024-08-07,2024-11-12,5,208,847000
5754,Lagos,2024-11-08,2024-11-03,1,77,249000
5755,Ibadan,2024-10-28,2024-01-20,3,158,705000
5756,Ibadan,2024-03-05,2024-02-28,4,174,502000
5757,Lagos,2024-02-23,2024-03-20,3,148,794000
5758,PH,2024-03-03,2024-04-26,2,105,172000
5759,Ibadan,2024-07-15,2024-12-27,2,95,405000
5760,Lagos,2024-09-24,2024-03-01,1,506,178000
5761,Abuja,2024-01-13,2024-06-19,4,168,443000
5762,PH,2024-01-29,2024-04-30,2,915,261000
5763,Ibadan,2024-01-24,2024-03-11,5,198,994000
5764,Lagos,2024-02-04,2024-06-16,4,155,759000
5765,Abuja,2024-12-03,2024-01-12,5,202,824000
5766,PH,2024-07-13,2024-10-05,2,83,245000
5767,Ibadan,2024-06-04,2024-08-31,5,232,713000
5768,Ibadan,2024-11-17,2024-12-03,5,200,623000
5769,PH,2024-09-20,2024-03-09,2,108,434000
5770,PH,2024-06-13,2024-11-28,1,39,265000
5771,PH,2024-12-20,2024-02-19,2,90,486000
5772,Abuja,2024-04-12,2024-09-23,4,188,954000
5773,Lagos,2024-02-07,2024-06-25,4,197,893000
5774,Lagos,2024-08-16,2024-12-28,4,174,878000
5775,Ibadan,2024-09-13,2024-02-26,2,72,341000
5776,Ibadan,2024-02-08,2024-06-14,2,114,336000
5777,Abuja,2024-03-30,2024-07-14,2,109,290000
5778,PH,2024-05-29,2024-07-21,3,152,441000
5779,PH,2024-12-11,2024-04-16,2,108,491000
5780,Ibadan,2024-12-03,2024-11-29,1,63,309000
5781,PH,2024-12-15,2024-03-06,4,180,651000
5782,Ibadan,2024-09-28,2024-03-01,4,199,738000
5783,Lagos,2024-05-15,2024-09-18,4,194,1044000
5784,Abuja,2024-08-21,2024-12-23,2,80,201000
5785,Abuja,2024-04-01,2024-08-26,2,70,381000
5786,Ibadan,2024-07-10,2024-11-02,3,117,447000
5787,PH,2024-10-25,2024-02-27,3,135,542000
5788,Abuja,2024-04-21,2024-05-28,5,225,930000
5789,Abuja,2024-04-13,2024-10-01,1,78,104000
5790,Ibadan,2024-08-23,2024-11-11,3,132,576000
5791,PH,2024-03-12,2024-09-07,1,55,133000
5792,Lagos,2024-09-16,2024-11-01,4,1798,859000
5793,PH,2024-03-04,2024-06-29,5,204,762000
5794,Ibadan,2024-10-25,2024-11-09,4,174,626000
5795,PH,2024-08-10,2024-12-17,4,197,573000
5796,Ibadan,2024-09-25,2024-02-01,5,234,1279000
5797,Abuja,2024-03-23,2024-06-12,5,199,976000
5798,PH,2024-09-22,2024-03-05,3,125,557000
5799,Ibadan,2024-02-26,2024-06-16,4,176,524000
5800,Ibadan,2024-06-06,2024-05-20,2,80,204000
5801,Abuja,2024-08-04,2024-09-27,5,213,887000
5802,PH,2024-01-27,2024-06-28,5,239,606000
5803,Lagos,2024-05-20,2024-09-20,2,83,169000
5804,Ibadan,2024-05-29,2024-10-28,2,77,449000
5805,PH,2024-01-26,2024-07-18,1,77,223000
5806,Ibadan,2024-06-20,2024-07-17,1,75,466000
5807,Ibadan,2024-03-09,2024-07-31,3,154,547000
5808,Ibadan,2024-07-21,2024-08-01,2,86,375000
5809,Ibadan,2024-09-05,2024-10-16,2,81,138000
5810,Ibadan,2024-04-15,2024-07-01,5,223,931000
5811,Lagos,2024-04-17,2024-07-08,4,152,526000
5812,Abuja,2024-06-22,2024-09-13,5,196,733000
5813,Abuja,2024-09-24,2024-11-26,3,132,312000
5814,Ibadan,2024-02-29,2024-08-22,4,186,506000
5815,Lagos,2024-10-19,2024-11-22,1,52,145000
5816,Lagos,2024-06-15,2024-09-20,4,186,769000
5817,Ibadan,2024-07-08,2024-08-14,5,230,971000
5818,PH,2024-11-05,2024-03-14,4,159,489000
5819,Ibadan,2024-06-25,2024-10-11,1,48,169000
5820,Lagos,2024-03-15,2024-05-29,5,240,590000
5821,Ibadan,2024-09-07,2024-10-21,5,221,1147000
5822,Abuja,2024-04-25,2024-06-20,1,79,187000
5823,PH,2024-02-13,2024-05-31,4,183,960000
5824,Lagos,2024-02-21,2024-03-17,2,98,451000
5825,Ibadan,2024-01-17,2024-05-30,5,203,882000
5826,Abuja,2024-07-20,2024-10-01,5,219,880000
5827,PH,2024-07-27,2024-10-18,2,103,395000
5828,Abuja,2024-04-15,2024-09-02,1,635,261000
5829,Ibadan,2024-11-22,2024-12-12,4,1658,547000
5830,Ibadan,2024-05-31,2024-11-08,4,156,766000
5831,Lagos,2024-11-03,2024-11-16,5,200,657000
5832,Ibadan,2024-01-15,2024-06-13,4,191,801000
5833,PH,2024-02-06,2024-06-16,4,167,651000
5834,PH,2024-12-11,2024-01-02,2,81,331000
5835,PH,2024-12-07,2024-12-24,4,174,751000
5836,Lagos,2024-10-11,2024-11-15,4,176,661000
5837,Ibadan,2024-03-08,2024-06-26,2,76,344000
5838,Abuja,2024-09-06,2024-01-18,1,79,313000
5839,PH,2024-06-05,2024-07-14,4,2142,546000
5840,PH,2024-09-03,2024-11-02,4,166,643000
5841,Ibadan,2024-02-29,2024-04-09,1,46,183000
5842,PH,2024-04-07,2024-06-30,4,193,1011000
5843,Lagos,2024-04-05,2024-05-29,2,91,410000
5844,Lagos,2024-10-17,2024-02-14,2,84,418000
5845,Lagos,2024-07-31,2024-12-14,5,217,627000
5846,Lagos,2024-07-08,2024-11-14,3,143,443000
5847,Abuja,2024-02-14,2024-05-20,3,151,511000
5848,PH,2024-11-26,2024-03-21,3,146,625000
5849,PH,2024-02-19,2024-05-21,1,31,109000
5850,PH,2024-09-25,2024-09-07,3,151,480000
5851,Abuja,2024-11-02,2024-04-19,1,61,321000
5852,PH,2024-05-14,2024-06-10,2,81,515000
5853,PH,2024-01-23,2024-07-07,4,161,748000
5854,Ibadan,2024-01-16,2024-02-03,3,142,600000
5855,Abuja,2024-09-02,2024-10-26,4,178,584000
5856,Ibadan,2024-02-29,2024-03-18,3,137,469000
5857,Lagos,2024-08-19,2024-01-03,5,2573,689000
5858,PH,2024-07-07,2024-12-23,3,112,581000
5859,PH,2024-10-05,2024-12-06,3,159,693000
5860,Ibadan,2024-08-02,2024-09-30,3,143,804000
5861,Lagos,2024-04-24,2024-05-18,4,199,521000
5862,PH,2024-03-20,2024-09-04,3,132,767000
5863,Lagos,2024-01-26,2024-06-14,4,179,577000
5864,PH,2024-04-27,2024-08-20,5,232,1145000
5865,Abuja,2024-10-30,2024-12-25,1,46,68000
5866,Ibadan,2024-03-05,2024-04-16,3,160,611000
5867,Lagos,2024-11-04,2024-03-16,2,74,332000
5868,Lagos,2024-06-14,2024-11-27,5,2422,910000
5869,Abuja,2024-08-10,2024-12-22,5,193,864000
5870,Ibadan,2024-05-06,2024-06-20,4,192,926000
5871,PH,2024-12-06,2024-12-22,1,44,220000
5872,Ibadan,2024-06-27,2024-10-22,1,51,183000
5873,Abuja,2024-04-19,2024-03-31,3,140,597000
5874,PH,2024-08-13,2024-10-28,2,82,268000
5875,Ibadan,2024-05-16,2024-09-29,2,86,443000
5876,Lagos,2024-06-16,2024-10-12,5,201,635000
5877,Ibadan,2024-08-24,2024-10-01,3,136,466000
5878,PH,2024-11-22,2024-05-09,5,193,836000
5879,PH,2024-01-14,2024-07-08,4,167,497000
5880,Lagos,2024-01-07,2024-04-05,1,42,218000
5881,PH,2024-06-11,2024-11-20,1,646,247000
5882,Lagos,2024-11-21,2024-12-02,4,161,766000
5883,Abuja,2024-02-24,2024-08-22,5,2077,799000
5884,Lagos,2024-07-22,2024-10-13,4,194,964000
5885,Ibadan,2024-03-21,2024-04-03,4,168,677000
5886,PH,2024-01-18,2024-03-22,4,152,596000
5887,Ibadan,2024-08-03,2024-12-19,5,2540,993000
5888,Lagos,2024-04-18,2024-08-24,2,103,505000
5889,Ibadan,2024-03-09,2024-06-14,2,92,431000
5890,Lagos,2024-03-16,2024-07-24,3,157,588000
5891,PH,2024-09-17,2024-01-16,2,99,614000
5892,Lagos,2024-03-18,2024-06-14,2,120,675000
5893,Ibadan,2024-10-09,2024-11-10,5,240,1044000
5894,Ibadan,2024-05-02,2024-10-07,5,232,913000
5895,PH,2024-08-01,2024-09-18,1,58,279000
5896,PH,2024-12-26,2024-04-18,2,94,458000
5897,PH,2024-02-02,2024-03-07,2,78,230000
5898,Abuja,2024-06-17,2024-07-05,5,222,841000
5899,Ibadan,2024-05-25,2024-11-01,4,177,422000
5900,Lagos,2024-03-26,2024-06-12,3,132,408000
5901,PH,2024-08-07,2024-02-03,3,138,597000
5902,PH,2024-02-20,2024-07-02,2,103,430000
5903,Lagos,2024-03-14,2024-06-22,2,112,683000
5904,Ibadan,2024-03-04,2024-04-14,2,82,315000
5905,Lagos,2024-05-18,2024-11-11,2,98,248000
5906,Lagos,2024-08-19,2024-10-12,5,192,690000
5907,Ibadan,2024-02-13,2024-04-13,3,151,598000
5908,Ibadan,2024-02-10,2024-02-29,1,77,321000
5909,Ibadan,2024-03-30,2024-03-19,5,220,891000
5910,Lagos,2024-10-19,2024-03-06,2,105,572000
5911,Lagos,2024-07-20,2024-10-06,3,130,418000
5912,Ibadan,2024-07-19,2024-09-24,3,124,512000
5913,Ibadan,2024-03-19,2024-05-07,1,71,258000
5914,Ibadan,2024-07-05,2024-06-28,3,132,463000
5915,Abuja,2024-03-19,2024-05-22,4,173,523000
5916,Abuja,2024-07-31,2024-09-23,4,183,976000
5917,Lagos,2024-07-23,2024-11-18,3,125,642000
5918,Lagos,2024-06-14,2024-11-09,4,171,708000
5919,Lagos,2024-01-26,2024-04-06,2,101,373000
5920,Abuja,2024-11-10,2024-03-14,2,94,364000
5921,Abuja,2024-08-24,2024-10-10,2,70,339000
5922,Ibadan,2024-02-16,2024-06-29,1,549,90000
5923,Abuja,2024-03-01,2024-05-06,4,171,478000
5924,Lagos,2024-10-03,2024-12-23,2,82,267000
5925,Lagos,2024-07-11,2024-12-22,2,97,322000
5926,Ibadan,2024-02-21,2024-08-10,2,111,420000
5927,Ibadan,2024-01-31,2024-05-02,1,70,314000
5928,Ibadan,2024-06-10,2024-06-30,2,78,212000
5929,Ibadan,2024-03-17,2024-08-06,1,48,180000
5930,Abuja,2024-01-07,2024-03-27,4,180,434000
5931,PH,2024-02-08,2024-02-20,4,198,503000
5932,Ibadan,2024-04-16,2024-07-16,1,60,254000
5933,Abuja,2024-08-27,2024-02-13,4,163,947000
5934,PH,2024-05-22,2024-06-04,1,55,218000
5935,Ibadan,2024-09-22,2024-11-12,5,213,695000
5936,Lagos,2024-09-23,2024-10-23,1,33,245000
5937,Abuja,2024-05-24,2024-10-03,2,883,506000
5938,Lagos,2024-02-15,2024-07-11,3,152,373000
5939,Lagos,2024-07-17,2024-12-11,4,200,770000
5940,Ibadan,2024-01-27,2024-03-05,3,119,652000
5941,Abuja,2024-01-18,2024-06-22,1,54,154000
5942,Ibadan,2024-02-11,2024-03-14,2,980,402000
5943,PH,2024-01-16,2024-06-16,3,134,568000
5944,PH,2024-10-30,2024-03-11,1,55,92000
5945,PH,2024-02-28,2024-07-02,4,163,764000
5946,Lagos,2024-05-20,2024-10-29,2,100,377000
5947,Abuja,2024-09-14,2024-10-19,2,112,424000
5948,Lagos,2024-04-14,2024-10-09,5,218,1052000
5949,Ibadan,2024-11-03,2024-01-04,3,158,720000
5950,Lagos,2024-11-21,2024-03-24,2,74,376000
5951,Ibadan,2024-04-22,2024-07-19,3,112,330000
5952,Abuja,2024-08-09,2024-11-08,5,230,991000
5953,Abuja,2024-07-10,2024-12-04,3,155,418000
5954,Ibadan,2024-08-18,2024-02-05,4,199,944000
5955,Abuja,2024-04-08,2024-04-03,1,30,213000
5956,Ibadan,2024-07-12,2024-08-12,2,119,366000
5957,PH,2024-03-07,2024-04-29,2,71,318000
5958,Abuja,2024-09-18,2024-01-22,4,184,745000
5959,PH,2024-12-02,2024-03-14,4,161,591000
5960,Lagos,2024-03-10,2024-04-13,2,95,557000
5961,Lagos,2024-02-03,2024-06-25,3,151,746000
5962,Lagos,2024-04-09,2024-08-19,3,121,407000
5963,Abuja,2024-01-11,2024-02-23,4,198,738000
5964,Lagos,2024-04-03,2024-07-10,2,87,552000
5965,PH,2024-07-06,2024-10-28,1,76,371000
5966,PH,2024-04-05,2024-08-17,4,164,776000
5967,Ibadan,2024-12-10,2024-12-20,2,120,545000
5968,Ibadan,2024-04-22,2024-05-22,4,174,897000
5969,Abuja,2024-12-30,2024-03-16,5,2551,1027000
5970,Ibadan,2024-09-21,2024-02-17,3,141,538000
5971,PH,2024-08-17,2024-09-04,5,233,706000
5972,Abuja,2024-10-30,2024-01-16,2,110,508000
5973,Lagos,2024-08-02,2024-08-17,3,1625,834000
5974,Ibadan,2024-06-16,2024-08-23,2,120,462000
5975,PH,2024-04-10,2024-09-30,5,237,1172000
5976,PH,2024-06-18,2024-11-05,2,872,228000
5977,Lagos,2024-02-03,2024-03-16,3,160,553000
5978,Ibadan,2024-01-29,2024-04-19,5,204,652000
5979,Abuja,2024-08-12,2024-10-08,1,65,330000
5980,Lagos,2024-10-13,2024-11-08,5,238,800000
5981,PH,2024-08-02,2024-12-09,3,136,495000
5982,Abuja,2024-03-31,2024-05-27,4,190,947000
5983,Lagos,2024-08-24,2024-02-15,2,117,639000
5984,Abuja,2024-07-22,2024-08-23,1,60,256000
5985,PH,2024-09-09,2024-03-05,4,169,949000
5986,PH,2024-06-21,2024-11-10,4,165,521000
5987,Lagos,2024-09-07,2024-01-29,4,190,1027000
5988,Lagos,2024-01-07,2024-06-22,2,92,283000
5989,Abuja,2024-08-06,2024-11-11,2,99,508000
5990,Ibadan,2024-01-29,2024-06-17,1,44,201000
5991,Abuja,2024-02-07,2024-06-28,1,38,211000
5992,Lagos,2024-02-07,2024-03-31,3,135,586000
5993,Lagos,2024-07-24,2024-07-17,2,89,365000
5994,Ibadan,2024-08-10,2024-09-16,1,49,314000
5995,Ibadan,2024-11-11,2024-03-10,4,167,841000
5996,Ibadan,2024-04-21,2024-05-30,5,209,585000
5997,Lagos,2024-03-21,2024-08-08,2,81,226000
5998,Abuja,2024-04-18,2024-10-04,3,127,513000
5999,Abuja,2024-01-04,2024-02-15,1,409,106000
6000,Abuja,2024-04-09,2024-05-27,4,192,629000
6001,Abuja,2024-08-09,2024-10-29,4,154,524000
6002,Lagos,2024-01-02,2024-04-24,1,36,37000
6003,Ibadan,2024-10-16,2024-12-15,1,53,128000
6004,Abuja,2024-05-26,2024-10-13,5,208,1246000
6005,PH,2024-12-04,2024-04-04,4,161,684000
6006,Abuja,2024-06-12,2024-06-26,1,75,427000
6007,Lagos,2024-06-24,2024-07-15,2,73,415000
6008,Ibadan,2024-08-23,2024-08-16,5,203,865000
6009,PH,2024-10-24,2024-11-25,1,44,203000
6010,Lagos,2024-12-08,2024-05-18,5,209,665000
6011,Abuja,2024-08-23,2024-01-31,5,216,1169000
6012,Abuja,2024-04-08,2024-08-28,5,208,496000
6013,PH,2024-04-22,2024-09-16,1,32,237000
6014,Ibadan,2024-12-03,2024-03-16,4,195,872000
6015,PH,2024-04-30,2024-06-15,1,35,47000
6016,PH,2024-08-24,2024-02-06,2,92,441000
6017,PH,2024-04-12,2024-08-16,4,171,701000
6018,Ibadan,2024-07-16,2024-09-03,1,64,233000
6019,PH,2024-05-05,2024-08-22,5,210,1000000
6020,Ibadan,2024-01-18,2024-03-05,1,30,12000
6021,Abuja,2024-01-23,2024-04-03,5,214,702000
6022,Abuja,2024-07-26,2024-10-08,5,2099,529000
6023,Lagos,2024-12-17,2024-04-18,1,50,185000
6024,PH,2024-07-18,2024-06-29,3,110,284000
6025,Ibadan,2024-10-12,2024-12-29,4,194,603000
6026,Ibadan,2024-10-11,2024-10-24,3,137,520000
6027,Lagos,2024-07-16,2024-10-09,4,154,749000
6028,Abuja,2024-11-12,2024-12-05,2,70,171000
6029,PH,2024-12-26,2024-02-24,1,61,273000
6030,PH,2024-05-23,2024-07-29,3,116,532000
6031,PH,2024-10-12,2024-12-05,3,145,535000
6032,Abuja,2024-08-21,2024-09-01,3,137,361000
6033,Abuja,2024-11-09,2024-01-04,1,54,146000
6034,Abuja,2024-08-30,2024-02-04,5,238,1334000
6035,PH,2024-03-09,2024-08-04,2,80,321000
6036,Abuja,2024-04-19,2024-05-31,1,80,371000
6037,Lagos,2024-03-29,2024-07-06,4,164,887000
6038,Ibadan,2024-06-26,2024-09-08,5,231,1181000
6039,Abuja,2024-09-15,2024-11-07,1,35,141000
6040,PH,2024-09-22,2024-10-13,5,226,1283000
6041,PH,2024-03-11,2024-07-26,3,145,525000
6042,PH,2024-09-04,2024-01-30,4,169,694000
6043,Ibadan,2024-02-21,2024-07-23,4,160,641000
6044,Ibadan,2024-07-09,2024-09-14,1,30,-15000
6045,Abuja,2024-01-08,2024-03-07,2,77,247000
6046,PH,2024-07-20,2024-10-08,5,202,1019000
6047,Abuja,2024-03-15,2024-04-07,2,97,490000
6048,Ibadan,2024-04-19,2024-05-24,1,79,441000
6049,Ibadan,2024-08-18,2024-10-29,4,187,972000
6050,Lagos,2024-07-12,2024-07-23,1,69,214000
6051,Ibadan,2024-11-24,2024-05-13,3,123,450000
6052,Lagos,2024-02-03,2024-03-29,4,173,536000
6053,PH,2024-08-12,2024-10-03,1,41,246000
6054,PH,2024-08-31,2024-09-29,4,1658,774000
6055,PH,2024-07-14,2024-07-27,4,185,765000
6056,Abuja,2024-05-05,2024-06-29,4,153,423000
6057,Lagos,2024-04-24,2024-07-15,5,2530,919000
6058,PH,2024-01-14,2024-02-21,1,77,207000
6059,PH,2024-02-11,2024-07-02,1,36,76000
6060,Lagos,2024-10-17,2024-02-29,4,200,895000
6061,Ibadan,2024-08-15,2024-01-14,1,59,238000
6062,PH,2024-09-30,2024-02-04,5,227,1043000
6063,PH,2024-02-11,2024-06-10,4,194,522000
6064,Ibadan,2024-10-21,2024-01-12,3,1227,421000
6065,Lagos,2024-02-21,2024-08-17,2,96,347000
6066,Lagos,2024-08-04,2024-11-03,2,92,460000
6067,Ibadan,2024-05-03,2024-07-01,3,115,573000
6068,Ibadan,2024-02-21,2024-05-25,4,182,908000
6069,Abuja,2024-08-25,2024-10-12,3,128,600000
6070,Abuja,2024-04-21,2024-09-18,1,55,124000
6071,Ibadan,2024-01-02,2024-05-21,1,829,306000
6072,Ibadan,2024-05-10,2024-09-07,2,1001,568000
6073,PH,2024-07-16,2024-12-20,4,153,754000
6074,Lagos,2024-03-08,2024-07-08,5,229,1098000
6075,Abuja,2024-07-16,2024-11-20,2,818,211000
6076,Lagos,2024-08-05,2024-10-12,1,66,171000
6077,Abuja,2024-07-28,2024-10-12,4,192,1041000
6078,Ibadan,2024-06-05,2024-10-23,1,54,116000
6079,Abuja,2024-09-06,2024-12-04,1,45,248000
6080,Abuja,2024-02-24,2024-08-18,1,77,266000
6081,PH,2024-12-27,2024-04-28,4,153,747000
6082,Ibadan,2024-02-27,2024-08-17,5,198,741000
6083,PH,2024-10-27,2024-01-21,2,1109,375000
6084,Abuja,2024-04-28,2024-05-20,3,1668,816000
6085,Lagos,2024-04-26,2024-05-15,5,204,995000
6086,Abuja,2024-04-22,2024-06-13,1,60,225000
6087,Ibadan,2024-10-12,2024-11-09,1,31,62000
6088,PH,2024-10-05,2024-01-05,3,139,627000
6089,Abuja,2024-03-24,2024-08-04,2,75,140000
6090,Ibadan,2024-08-29,2024-09-24,3,1582,678000
6091,Lagos,2024-12-12,2024-02-09,3,1593,505000
6092,PH,2024-09-27,2024-01-03,3,117,498000
6093,Ibadan,2024-01-28,2024-06-07,2,76,237000
6094,Lagos,2024-06-19,2024-09-27,5,221,1087000
6095,PH,2024-04-25,2024-06-26,5,2422,982000
6096,Lagos,2024-10-10,2024-11-25,1,71,187000
6097,Abuja,2024-01-06,2024-02-15,4,194,420000
6098,Lagos,2024-06-20,2024-08-30,2,90,589000
6099,Abuja,2024-04-30,2024-06-15,4,153,784000
6100,PH,2024-09-09,2024-12-10,1,72,280000
6101,Lagos,2024-01-20,2024-05-11,5,230,69700
6102,Ibadan,2024-01-15,2024-05-19,1,42,85000
6103,Lagos,2024-08-02,2024-12-07,3,143,836000
6104,PH,2024-10-08,2024-11-30,2,79,231000
6105,Lagos,2024-07-09,2024-10-06,1,44,200000
6106,PH,2024-06-12,2024-09-18,5,210,887000
6107,Ibadan,2024-05-19,2024-07-19,5,193,766000
6108,Lagos,2024-04-11,2024-05-10,3,138,758000
6109,PH,2024-01-28,2024-05-06,5,208,929000
6110,PH,2024-04-02,2024-08-19,3,158,509000
6111,Lagos,2024-06-22,2024-08-11,1,76,185000
6112,Lagos,2024-02-24,2024-04-01,2,77,374000
6113,PH,2024-08-17,2024-09-17,4,183,676000
6114,Ibadan,2024-06-12,2024-08-14,5,208,1195000
6115,PH,2024-11-14,2024-03-16,4,196,875000
6116,Ibadan,2024-02-28,2024-03-17,2,81,27600
6117,Abuja,2024-06-24,2024-07-17,2,107,439000
6118,Abuja,2024-08-10,2024-11-16,2,86,390000
6119,PH,2024-06-28,2024-06-17,5,191,759000
6120,PH,2024-07-19,2024-07-29,1,61,158000
6121,PH,2024-02-27,2024-06-09,2,99,329000
6122,Lagos,2024-01-24,2024-05-18,2,104,547000
6123,Ibadan,2024-06-01,2024-08-01,1,62,180000
6124,Lagos,2024-11-06,2024-01-27,5,217,915000
6125,Abuja,2024-08-25,2024-01-20,5,209,720000
6126,PH,2024-08-29,2024-02-20,2,80,382000
6127,Lagos,2024-06-14,2024-12-11,5,217,957000
6128,Abuja,2024-07-02,2024-08-13,5,190,640000
6129,Lagos,2024-12-10,2024-04-01,4,173,612000
6130,Lagos,2024-09-06,2024-08-17,4,193,930000
6131,Abuja,2024-01-17,2024-05-31,3,153,506000
6132,Abuja,2024-04-26,2024-05-12,2,88,403000
6133,Lagos,2024-05-23,2024-07-05,4,1894,577000
6134,Abuja,2024-06-22,2024-08-30,4,200,1019000
6135,PH,2024-08-11,2024-02-02,3,119,471000
6136,PH,2024-06-24,2024-10-11,2,107,602000
6137,Abuja,2024-08-21,2024-10-18,1,70,377000
6138,Ibadan,2024-04-06,2024-06-02,5,217,846000
6139,Abuja,2024-06-15,2024-09-27,5,232,988000
6140,Abuja,2024-04-17,2024-07-21,3,137,608000
6141,Lagos,2024-04-28,2024-10-16,4,171,892000
6142,PH,2024-12-03,2024-06-01,5,203,964000
6143,Lagos,2024-05-04,2024-08-28,3,160,845000
6144,Ibadan,2024-06-09,2024-11-23,2,98,385000
6145,PH,2024-02-18,2024-05-16,5,193,1074000
6146,Abuja,2024-05-02,2024-06-01,3,131,649000
6147,Lagos,2024-05-06,2024-07-21,4,1894,923000
6148,Ibadan,2024-11-09,2024-05-06,1,57,308000
6149,Ibadan,2024-05-11,2024-04-22,5,233,1226000
6150,Abuja,2024-05-19,2024-11-12,4,192,817000
6151,Ibadan,2024-12-14,2024-06-03,4,181,678000
6152,Abuja,2024-02-11,2024-05-25,1,73,125000
6153,Abuja,2024-08-11,2024-10-06,5,237,806000
6154,Lagos,2024-09-11,2024-11-05,1,45,89000
6155,PH,2024-04-07,2024-06-21,4,169,693000
6156,Lagos,2024-04-01,2024-09-24,4,176,942000
6157,Ibadan,2024-12-04,2024-02-01,1,59,295000
6158,PH,2024-10-10,2024-02-04,2,120,382000
6159,PH,2024-12-22,2024-12-12,1,36,146000
6160,Ibadan,2024-06-02,2024-09-01,2,83,189000
6161,Lagos,2024-08-09,2024-12-18,1,67,369000
6162,Abuja,2024-12-30,2024-05-18,2,87,432000
6163,PH,2024-04-13,2024-07-23,2,96,298000
6164,Ibadan,2024-10-22,2024-03-21,2,119,364000
6165,Abuja,2024-05-28,2024-07-23,2,91,427000
6166,Abuja,2024-03-06,2024-08-20,4,156,544000
6167,PH,2024-11-27,2024-05-03,1,45,219000
6168,PH,2024-05-28,2024-11-20,5,233,914000
6169,Ibadan,2024-03-29,2024-09-12,3,110,501000
6170,PH,2024-07-26,2024-12-22,4,184,474000
6171,Lagos,2024-02-11,2024-04-02,1,65,148000
6172,Lagos,2024-09-14,2024-12-24,4,167,556000
6173,Ibadan,2024-04-03,2024-07-02,5,219,670000
6174,PH,2024-08-18,2024-01-26,3,110,532000
6175,Abuja,2024-05-13,2024-09-25,4,190,772000
6176,Ibadan,2024-01-31,2024-06-11,2,95,494000
6177,PH,2024-02-13,2024-01-24,5,208,483000
6178,Lagos,2024-06-22,2024-09-02,1,33,127000
6179,Abuja,2024-07-03,2024-08-02,1,70,371000
6180,Abuja,2024-02-22,2024-06-17,2,76,180000
6181,Abuja,2024-07-25,2024-09-12,3,120,501000
6182,Lagos,2024-04-21,2024-05-10,5,218,956000
6183,Abuja,2024-06-28,2024-12-12,3,134,653000
6184,Ibadan,2024-02-24,2024-06-24,3,124,323000
6185,Ibadan,2024-04-04,2024-09-07,4,170,874000
6186,Lagos,2024-07-09,2024-11-17,3,140,374000
6187,Ibadan,2024-10-05,2024-09-23,4,199,715000
6188,Ibadan,2024-12-27,2024-01-14,3,113,618000
6189,Lagos,2024-05-28,2024-10-25,3,145,565000
6190,Abuja,2024-01-07,2024-02-27,1,48,216000
6191,Lagos,2024-09-20,2024-11-08,5,208,646000
6192,Abuja,2024-06-12,2024-09-26,3,117,292000
6193,Abuja,2024-01-13,2024-03-09,4,1959,828000
6194,Lagos,2024-01-15,2024-06-17,5,230,814000
6195,PH,2024-08-31,2024-01-27,5,2508,1023000
6196,Ibadan,2024-05-19,2024-08-31,5,234,986000
6197,Ibadan,2024-06-28,2024-08-24,1,78,352000
6198,Abuja,2024-08-15,2024-11-28,4,186,1004000
6199,Abuja,2024-10-09,2024-03-29,3,124,507000
6200,Lagos,2024-03-22,2024-06-11,5,234,795000
6201,Abuja,2024-05-30,2024-10-21,1,42,163000
6202,PH,2024-05-11,2024-07-07,1,49,207000
6203,Abuja,2024-09-12,2024-02-23,4,178,540000
6204,PH,2024-03-01,2024-05-05,4,190,946000
6205,PH,2024-11-06,2024-02-01,1,59,331000
6206,Ibadan,2024-11-18,2024-04-07,1,34,98000
6207,Abuja,2024-09-10,2024-08-28,2,861,395000
6208,Ibadan,2024-02-24,2024-06-05,2,103,422000
6209,Abuja,2024-03-14,2024-08-15,2,88,472000
6210,Ibadan,2024-04-21,2024-10-11,1,65,276000
6211,Ibadan,2024-02-09,2024-04-16,2,111,280000
6212,Ibadan,2024-01-07,2024-07-04,5,221,463000
6213,PH,2024-04-17,2024-09-01,2,85,426000
6214,Lagos,2024-08-05,2024-12-05,3,134,563000
6215,Abuja,2024-01-19,2024-05-02,3,110,300000
6216,Abuja,2024-01-03,2024-12-28,2,95,569000
6217,PH,2024-02-26,2024-05-27,5,2583,617000
6218,Ibadan,2024-05-28,2024-08-28,4,197,902000
6219,Ibadan,2024-08-13,2024-12-19,1,355,14000
6220,Ibadan,2024-03-26,2024-06-19,2,83,283000
6221,PH,2024-05-04,2024-10-21,1,42,229000
6222,Ibadan,2024-12-25,2024-02-14,3,132,539000
6223,Lagos,2024-02-22,2024-05-04,2,85,192000
6224,PH,2024-05-08,2024-07-12,3,149,612000
6225,Abuja,2024-02-17,2024-07-13,5,229,623000
6226,Abuja,2024-04-15,2024-09-26,1,667,166000
6227,Abuja,2024-10-07,2024-11-11,3,114,377000
6228,Ibadan,2024-08-21,2024-12-07,4,168,843000
6229,Lagos,2024-04-11,2024-09-03,5,237,1226000
6230,Abuja,2024-06-23,2024-07-18,1,63,172000
6231,PH,2024-05-31,2024-07-12,3,157,406000
6232,Abuja,2024-11-23,2024-12-27,2,76,243000
6233,Lagos,2024-04-19,2024-07-08,2,103,212000
6234,Ibadan,2024-07-29,2024-09-19,1,40,72000
6235,Ibadan,2024-12-11,2024-05-07,5,191,800000
6236,Lagos,2024-08-11,2024-12-11,3,132,456000
6237,Lagos,2024-08-02,2024-12-06,2,113,572000
6238,Abuja,2024-06-09,2024-08-20,5,238,70800
6239,Ibadan,2024-05-01,2024-08-05,5,227,706000
6240,Ibadan,2024-05-20,2024-07-04,2,120,457000
6241,Abuja,2024-02-24,2024-08-17,5,204,974000
6242,Lagos,2024-10-22,2024-02-18,5,209,880000
6243,PH,2024-03-22,2024-08-26,2,75,479000
6244,Ibadan,2024-11-09,2024-02-15,1,64,321000
6245,PH,2024-02-23,2024-06-21,4,194,872000
6246,Abuja,2024-09-24,2024-12-22,1,76,259000
6247,Lagos,2024-01-17,2024-05-12,5,213,904000
6248,Abuja,2024-05-01,2024-04-26,4,187,552000
6249,Ibadan,2024-02-24,2024-06-18,4,182,474000
6250,PH,2024-01-05,2024-06-25,4,177,425000
6251,Ibadan,2024-02-25,2024-04-24,2,76,150000
6252,Lagos,2024-02-05,2024-05-14,3,115,492000
6253,PH,2024-10-29,2024-03-31,3,132,455000
6254,PH,2024-06-23,2024-06-16,5,227,1100000
6255,Ibadan,2024-07-24,2024-08-30,3,128,438000
6256,Lagos,2024-04-24,2024-07-16,2,86,228000
6257,Lagos,2024-01-15,2024-02-12,4,2013,511000
6258,PH,2024-02-04,2024-07-13,2,113,342000
6259,Abuja,2024-08-04,2024-11-18,2,114,576000
6260,PH,2024-07-05,2024-11-06,4,182,1014000
6261,Abuja,2024-04-22,2024-05-18,4,195,830000
6262,Ibadan,2024-09-19,2024-01-12,3,154,815000
6263,PH,2024-11-01,2024-04-23,4,158,692000
6264,PH,2024-02-08,2024-06-13,5,204,515000
6265,Lagos,2024-07-25,2024-08-18,3,129,463000
6266,Abuja,2024-08-22,2024-02-01,1,32,260000
6267,Abuja,2024-04-22,2024-07-14,3,113,358000
6268,Abuja,2024-02-09,2024-05-24,1,57,325000
6269,Abuja,2024-01-29,2024-05-18,2,115,392000
6270,PH,2024-07-03,2024-12-03,3,135,656000
6271,Ibadan,2024-08-05,2024-07-27,2,99,425000
6272,Ibadan,2024-08-06,2024-12-26,4,154,573000
6273,Abuja,2024-01-19,2024-03-07,3,154,3630000
6274,Ibadan,2024-04-07,2024-06-19,2,95,238000
6275,PH,2024-01-28,2024-07-26,2,112,303000
6276,Lagos,2024-05-27,2024-08-03,2,112,251000
6277,Lagos,2024-02-16,2024-06-26,4,192,622000
6278,Abuja,2024-09-10,2024-01-22,4,167,989000
6279,PH,2024-06-20,2024-10-10,1,37,62000
6280,PH,2024-05-09,2024-06-13,4,160,357000
6281,Lagos,2024-03-07,2024-04-11,4,156,412000
6282,Abuja,2024-02-09,2024-03-13,2,1055,242000
6283,Lagos,2024-09-14,2024-02-20,4,191,644000
6284,Lagos,2024-09-06,2024-02-08,2,94,376000
6285,Ibadan,2024-08-11,2024-12-27,4,193,859000
6286,Abuja,2024-02-20,2024-06-26,2,86,389000
6287,PH,2024-09-15,2024-12-21,5,213,665000
6288,Lagos,2024-05-26,2024-10-05,2,114,262000
6289,Ibadan,2024-04-25,2024-08-20,3,133,374000
6290,Ibadan,2024-12-06,2024-05-10,3,141,666000
6291,PH,2024-10-09,2024-11-30,3,125,458000
6292,Abuja,2024-08-31,2024-02-13,5,200,881000
6293,Ibadan,2024-02-02,2024-07-07,3,126,329000
6294,Lagos,2024-09-25,2024-12-20,3,150,832000
6295,Ibadan,2024-09-16,2024-09-01,5,235,858000
6296,Abuja,2024-02-17,2024-04-24,4,179,631000
6297,Lagos,2024-04-03,2024-08-14,2,86,369000
6298,Abuja,2024-08-23,2024-12-15,3,111,477000
6299,PH,2024-10-19,2024-12-26,2,76,432000
6300,Lagos,2024-08-11,2024-01-06,1,43,283000
6301,Ibadan,2024-11-07,2024-02-04,5,230,744000
6302,Abuja,2024-09-29,2024-09-13,3,147,516000
6303,Ibadan,2024-06-19,2024-07-23,5,217,915000
6304,Lagos,2024-04-30,2024-09-05,2,117,226000
6305,Lagos,2024-08-01,2024-12-27,2,96,300000
6306,Ibadan,2024-05-25,2024-08-11,1,42,186000
6307,Abuja,2024-05-16,2024-10-14,5,239,736000
6308,Lagos,2024-01-28,2024-07-08,5,224,653000
6309,Abuja,2024-01-12,2024-02-14,5,202,764000
6310,Abuja,2024-05-27,2024-11-16,4,192,551000
6311,Lagos,2024-02-08,2024-07-29,4,150,521000
6312,Ibadan,2024-05-28,2024-09-03,4,169,491000
6313,Abuja,2024-09-19,2024-02-06,4,178,806000
6314,Abuja,2024-05-13,2024-11-08,5,239,1172000
6315,Lagos,2024-05-04,2024-08-25,3,151,548000
6316,PH,2024-06-16,2024-12-11,4,179,484000
6317,PH,2024-05-13,2024-09-22,2,112,464000
6318,PH,2024-11-13,2024-01-23,3,146,635000
6319,Ibadan,2024-09-16,2024-12-05,5,232,998000
6320,Ibadan,2024-01-20,2024-04-18,1,74,242000
6321,PH,2024-01-06,2024-03-12,4,192,928000
6322,Lagos,2024-09-03,2024-02-12,5,231,1005000
6323,Abuja,2024-10-29,2024-04-22,3,155,544000
6324,Lagos,2024-03-20,2024-05-22,5,201,518000
6325,PH,2024-05-12,2024-08-28,5,229,618000
6326,Ibadan,2024-07-07,2024-12-08,3,160,520000
6327,Ibadan,2024-04-22,2024-06-16,1,50,175000
6328,Ibadan,2024-12-12,2024-03-25,1,35,139000
6329,Lagos,2024-03-14,2024-06-28,5,219,646000
6330,PH,2024-11-05,2024-01-14,5,192,818000
6331,Lagos,2024-01-12,2024-02-14,5,219,1045000
6332,Abuja,2024-09-26,2024-11-17,2,107,577000
6333,Abuja,2024-06-27,2024-12-18,1,32,237000
6334,PH,2024-08-18,2024-01-13,2,74,153000
6335,PH,2024-05-29,2024-10-05,4,180,716000
6336,Ibadan,2024-01-29,2024-02-08,1,388,141000
6337,PH,2024-08-04,2024-10-29,3,110,592000
6338,Abuja,2024-04-30,2024-07-09,4,184,592000
6339,Lagos,2024-08-23,2024-01-14,2,111,299000
6340,Lagos,2024-12-20,2024-03-02,4,174,782000
6341,Ibadan,2024-10-26,2024-11-23,4,180,6740000
6342,PH,2024-11-01,2024-03-10,1,78,226000
6343,Ibadan,2024-12-22,2024-05-16,5,226,792000
6344,Abuja,2024-09-23,2024-11-07,1,63,142000
6345,PH,2024-07-15,2024-08-04,2,85,368000
6346,Abuja,2024-07-25,2024-09-14,3,116,476000
6347,Lagos,2024-01-07,2024-05-20,5,192,519000
6348,Lagos,2024-04-05,2024-07-28,1,840,268000
6349,PH,2024-06-27,2024-08-11,3,117,308000
6350,PH,2024-04-23,2024-10-19,5,236,648000
6351,Abuja,2024-11-26,2024-01-05,1,53,167000
6352,Abuja,2024-08-28,2024-10-13,5,231,1235000
6353,Lagos,2024-06-15,2024-10-01,5,226,1133000
6354,Abuja,2024-01-08,2024-04-16,5,214,838000
6355,Lagos,2024-01-30,2024-06-11,1,33,171000
6356,Abuja,2024-05-30,2024-11-24,4,166,615000
6357,Ibadan,2024-10-19,2024-01-11,3,153,528000
6358,Lagos,2024-12-10,2024-05-18,2,118,562000
6359,Lagos,2024-06-19,2024-08-06,4,188,525000
6360,Abuja,2024-08-13,2024-09-23,5,205,1033000
6361,Lagos,2024-07-24,2024-11-16,4,165,395000
6362,Abuja,2024-04-18,2024-05-31,3,157,749000
6363,Lagos,2024-08-27,2024-11-20,3,139,696000
6364,Abuja,2024-12-24,2024-01-14,1,66,333000
6365,Lagos,2024-06-14,2024-08-05,5,204,805000
6366,PH,2024-09-27,2024-12-29,4,194,657000
6367,Abuja,2024-05-29,2024-10-17,5,198,1001000
6368,PH,2024-09-21,2024-12-26,2,76,334000
6369,Lagos,2024-10-20,2024-01-11,2,107,418000
6370,PH,2024-01-19,2024-03-09,1,56,367000
6371,PH,2024-07-25,2024-01-07,1,41,149000
6372,Abuja,2024-04-22,2024-09-11,1,36,141000
6373,Lagos,2024-07-08,2024-12-12,4,198,1063000
6374,Lagos,2024-11-12,2024-12-13,2,91,494000
6375,Lagos,2024-06-30,2024-10-11,4,197,11220000
6376,Lagos,2024-06-21,2024-11-19,4,171,611000
6377,PH,2024-09-30,2024-01-03,5,199,837000
6378,Lagos,2024-01-11,2024-03-11,2,95,437000
6379,Abuja,2024-02-22,2024-06-03,2,98,217000
6380,Abuja,2024-12-16,2024-05-14,5,224,1011000
6381,PH,2024-04-25,2024-08-09,3,120,653000
6382,Lagos,2024-08-05,2024-12-26,2,72,114000
6383,Lagos,2024-06-14,2024-11-27,1,59,294000
6384,Ibadan,2024-04-23,2024-05-21,1,65,354000
6385,PH,2024-10-14,2024-12-21,4,1916,525000
6386,Ibadan,2024-08-22,2024-09-30,1,76,455000
6387,Lagos,2024-11-13,2024-12-04,1,36,198000
6388,Lagos,2024-04-05,2024-07-18,1,710,346000
6389,Lagos,2024-06-21,2024-10-27,1,39,95000
6390,Lagos,2024-11-23,2024-03-13,2,91,349000
6391,PH,2024-05-18,2024-11-02,1,43,55000
6392,Lagos,2024-03-17,2024-08-04,3,119,482000
6393,PH,2024-03-02,2024-03-29,4,171,775000
6394,Abuja,2024-10-20,2024-03-30,5,221,650000
6395,Lagos,2024-05-18,2024-08-25,1,40,206000
6396,PH,2024-02-21,2024-03-15,5,220,1069000
6397,Abuja,2024-07-28,2024-11-22,4,179,503000
6398,Abuja,2024-06-15,2024-10-05,1,75,153000
6399,PH,2024-05-13,2024-10-30,3,113,642000
6400,Abuja,2024-09-22,2024-12-20,4,157,891000
6401,Lagos,2024-08-14,2024-01-16,1,68,376000
6402,Lagos,2024-09-17,2024-02-25,4,182,509000
6403,Ibadan,2024-04-18,2024-06-01,5,217,559000
6404,Ibadan,2024-09-29,2024-01-01,1,47,77000
6405,Lagos,2024-12-10,2024-04-26,3,130,504000
6406,Lagos,2024-08-07,2024-10-29,5,2540,927000
6407,Abuja,2024-09-19,2024-11-15,1,60,193000
6408,Ibadan,2024-09-09,2024-08-20,4,172,1009000
6409,PH,2024-12-29,2024-03-11,1,62,349000
6410,Ibadan,2024-03-12,2024-03-06,4,150,696000
6411,Lagos,2024-11-08,2024-02-22,3,126,371000
6412,Abuja,2024-12-28,2024-01-15,4,186,852000
6413,PH,2024-12-12,2024-01-09,5,198,902000
6414,Ibadan,2024-05-29,2024-10-12,2,83,354000
6415,Abuja,2024-06-08,2024-06-30,1,51,411000
6416,Ibadan,2024-11-14,2024-12-15,5,222,1026000
6417,PH,2024-02-14,2024-05-11,2,115,542000
6418,Abuja,2024-06-03,2024-10-27,1,52,230000
6419,Ibadan,2024-03-18,2024-04-07,4,178,515000
6420,Abuja,2024-09-14,2024-11-10,2,96,577000
6421,Lagos,2024-02-26,2024-05-07,2,1195,345000
6422,Lagos,2024-01-04,2024-05-27,4,153,523000
6423,PH,2024-04-07,2024-07-28,3,110,489000
6424,Ibadan,2024-02-03,2024-03-28,3,128,661000
6425,Abuja,2024-09-05,2024-11-03,5,229,805000
6426,Lagos,2024-11-03,2024-03-19,4,198,875000
6427,Ibadan,2024-01-02,2024-06-19,3,146,569000
6428,Lagos,2024-12-07,2024-12-17,3,137,428000
6429,Abuja,2024-02-21,2024-03-23,1,73,259000
6430,Abuja,2024-10-23,2024-10-14,2,76,273000
6431,Abuja,2024-07-08,2024-12-26,3,147,782000
6432,Lagos,2024-01-06,2024-07-03,5,193,403000
6433,PH,2024-07-08,2024-08-11,4,1862,723000
6434,Abuja,2024-05-16,2024-07-08,1,39,132000
6435,Abuja,2024-03-25,2024-08-02,1,62,253000
6436,Ibadan,2024-03-25,2024-08-13,2,74,396000
6437,PH,2024-06-22,2024-11-23,2,89,349000
6438,Lagos,2024-05-09,2024-11-05,4,1894,649000
6439,Lagos,2024-06-24,2024-09-20,5,200,1004000
6440,Lagos,2024-03-05,2024-03-19,5,232,896000
6441,PH,2024-01-07,2024-12-17,2,93,352000
6442,PH,2024-11-22,2024-01-28,5,192,807000
6443,Ibadan,2024-02-24,2024-06-17,3,1518,535000
6444,Ibadan,2024-03-05,2024-06-28,1,33,265000
6445,Ibadan,2024-08-13,2024-10-02,1,57,331000
6446,Lagos,2024-01-08,2024-02-03,1,63,131000
6447,Lagos,2024-07-27,2024-09-13,1,646,349000
6448,PH,2024-02-03,2024-05-26,5,210,446000
6449,Ibadan,2024-05-28,2024-11-23,3,150,751000
6450,Lagos,2024-12-16,2024-03-01,1,46,138000
6451,Abuja,2024-07-03,2024-12-11,3,1475,376000
6452,Ibadan,2024-11-19,2024-12-08,5,229,871000
6453,Lagos,2024-01-05,2024-05-27,1,50,239000
6454,Ibadan,2024-06-16,2024-09-01,5,226,1125000
6455,Ibadan,2024-04-23,2024-08-01,1,34,93000
6456,Ibadan,2024-07-01,2024-12-14,3,148,577000
6457,Ibadan,2024-08-24,2024-10-05,3,128,55500
6458,Ibadan,2024-10-12,2024-02-25,3,114,301000
6459,PH,2024-04-27,2024-05-30,1,46,99000
6460,Ibadan,2024-06-21,2024-06-08,5,227,983000
6461,Lagos,2024-02-24,2024-06-06,5,226,1152000
6462,PH,2024-05-11,2024-07-16,4,191,983000
6463,PH,2024-12-26,2024-05-09,2,70,316000
6464,Lagos,2024-12-20,2024-03-12,5,213,679000
6465,PH,2024-11-27,2024-01-07,1,79,354000
6466,Ibadan,2024-08-30,2024-02-14,5,2077,679000
6467,Ibadan,2024-11-18,2024-10-29,4,150,494000
6468,PH,2024-04-01,2024-06-07,5,191,525000
6469,Ibadan,2024-09-28,2024-11-11,3,156,665000
6470,PH,2024-02-02,2024-07-09,2,102,360000
6471,Lagos,2024-09-22,2024-02-29,1,80,221000
6472,Ibadan,2024-07-30,2024-12-19,3,131,3310000
6473,Abuja,2024-12-05,2024-04-16,1,60,255000
6474,Ibadan,2024-12-04,2024-01-24,1,69,221000
6475,Lagos,2024-03-07,2024-07-02,1,80,362000
6476,Abuja,2024-01-10,2024-01-25,4,194,884000
6477,Ibadan,2024-03-08,2024-02-24,2,103,335000
6478,Ibadan,2024-10-20,2024-11-15,5,191,908000
6479,PH,2024-12-25,2024-02-25,2,120,634000
6480,Lagos,2024-03-19,2024-06-12,2,105,402000
6481,Lagos,2024-03-16,2024-05-23,1,37,207000
6482,Ibadan,2024-07-06,2024-12-12,5,210,772000
6483,Ibadan,2024-07-16,2024-09-29,1,42,178000
6484,PH,2024-04-18,2024-05-27,3,140,788000
6485,Abuja,2024-05-11,2024-09-29,1,57,172000
6486,Ibadan,2024-09-21,2024-10-08,5,227,1202000
6487,Lagos,2024-05-02,2024-07-31,4,192,920000
6488,PH,2024-08-02,2024-09-01,5,2497,744000
6489,Lagos,2024-03-26,2024-04-24,1,64,141000
6490,Lagos,2024-05-22,2024-09-13,1,66,233000
6491,PH,2024-03-01,2024-07-01,5,2228,564000
6492,PH,2024-03-14,2024-06-04,3,1356,391000
6493,Abuja,2024-11-14,2024-03-01,2,101,266000
6494,PH,2024-06-15,2024-11-28,1,56,305000
6495,PH,2024-12-12,2024-03-28,3,134,551000
6496,Abuja,2024-06-23,2024-07-29,2,120,364000
6497,PH,2024-10-19,2024-04-08,2,94,337000
6498,PH,2024-04-07,2024-09-01,3,150,830000
6499,PH,2024-05-12,2024-08-10,2,71,155000
6500,Ibadan,2024-04-09,2024-07-13,3,147,782000
6501,PH,2024-04-16,2024-09-12,1,53,255000
6502,Lagos,2024-02-12,2024-07-14,1,657,151000
6503,Ibadan,2024-05-21,2024-09-01,5,232,1152000
6504,PH,2024-04-27,2024-10-13,2,84,307000
6505,Ibadan,2024-03-28,2024-08-10,4,187,936000
6506,Lagos,2024-10-20,2024-01-19,4,170,606000
6507,Lagos,2024-11-22,2024-12-06,3,144,409000
6508,Abuja,2024-04-12,2024-07-01,3,120,580000
6509,Abuja,2024-03-16,2024-06-03,2,91,199000
6510,PH,2024-04-01,2024-05-17,5,234,583000
6511,Lagos,2024-06-17,2024-09-02,5,200,547000
6512,PH,2024-05-05,2024-08-23,3,153,515000
6513,Ibadan,2024-12-27,2024-06-07,5,215,866000
6514,PH,2024-07-14,2024-12-20,2,118,601000
6515,Abuja,2024-03-21,2024-07-05,5,2562,709000
6516,PH,2024-04-09,2024-09-28,3,121,340000
6517,Ibadan,2024-10-01,2024-02-20,5,228,826000
6518,PH,2024-01-14,2024-05-21,2,107,447000
6519,Ibadan,2024-03-03,2024-03-27,5,198,597000
6520,Abuja,2024-07-08,2024-07-24,2,120,690000
6521,Abuja,2024-07-20,2024-09-27,4,1970,622000
6522,Abuja,2024-03-06,2024-06-19,4,169,675000
6523,PH,2024-01-05,2024-03-09,2,114,386000
6524,Abuja,2024-04-20,2024-04-19,2,93,222000
6525,Abuja,2024-04-23,2024-05-31,3,154,785000
6526,Abuja,2024-07-16,2024-11-16,1,40,225000
6527,PH,2024-09-20,2024-11-06,4,180,742000
6528,Lagos,2024-08-19,2024-12-17,5,209,1155000
6529,Ibadan,2024-07-09,2024-10-11,5,215,886000
6530,Ibadan,2024-12-02,2024-03-27,2,114,522000
6531,Lagos,2024-07-13,2024-10-13,4,2013,749000
6532,Abuja,2024-03-20,2024-05-31,1,40,102000
6533,PH,2024-03-15,2024-07-29,2,109,277000
6534,Abuja,2024-07-07,2024-10-13,4,167,830000
6535,Abuja,2024-02-09,2024-08-03,5,232,572000
6536,Ibadan,2024-03-08,2024-06-09,2,72,424000
6537,PH,2024-04-08,2024-06-29,4,183,683000
6538,Abuja,2024-09-29,2024-02-23,4,193,691000
6539,Abuja,2024-07-12,2024-10-26,2,75,310000
6540,PH,2024-06-07,2024-10-07,2,101,401000
6541,PH,2024-03-11,2024-04-10,2,75,196000
6542,PH,2024-11-05,2024-04-20,4,171,594000
6543,Ibadan,2024-12-21,2024-03-06,4,166,528000
6544,Ibadan,2024-01-27,2024-03-22,2,92,354000
6545,Lagos,2024-07-06,2024-12-12,3,125,543000
6546,PH,2024-12-06,2024-05-02,2,116,510000
6547,Ibadan,2024-09-02,2024-10-26,3,117,398000
6548,PH,2024-09-18,2024-02-27,4,153,594000
6549,Ibadan,2024-02-13,2024-06-14,3,154,511000
6550,PH,2024-03-31,2024-05-29,3,125,233000
6551,Ibadan,2024-09-18,2024-10-26,3,121,467000
6552,Abuja,2024-03-22,2024-07-31,4,160,831000
6553,Ibadan,2024-03-25,2024-08-17,3,114,470000
6554,Ibadan,2024-08-26,2024-12-07,2,113,350000
6555,Lagos,2024-01-22,2024-05-20,5,212,484000
6556,PH,2024-12-26,2024-01-06,5,238,975000
6557,PH,2024-09-19,2024-12-07,4,198,1122000
6558,PH,2024-09-05,2024-12-12,5,205,619000
6559,PH,2024-07-06,2024-08-25,1,30,40000
6560,Lagos,2024-12-03,2024-03-08,1,80,346000
6561,Ibadan,2024-01-27,2024-06-29,3,134,657000
6562,PH,2024-01-11,2024-03-24,5,191,926000
6563,Lagos,2024-04-27,2024-10-19,4,2045,625000
6564,Ibadan,2024-07-10,2024-12-21,2,105,323000
6565,PH,2024-12-04,2024-01-06,4,194,928000
6566,PH,2024-02-04,2024-07-20,2,83,236000
6567,Ibadan,2024-11-04,2024-03-17,3,1389,471000
6568,Ibadan,2024-07-24,2024-09-17,1,52,267000
6569,Ibadan,2024-02-04,2024-04-19,4,184,682000
6570,Abuja,2024-12-10,2024-01-04,1,44,124000
6571,Ibadan,2024-08-24,2024-01-04,2,86,273000
6572,Lagos,2024-06-12,2024-09-07,3,146,417000
6573,Lagos,2024-07-24,2024-09-20,4,150,722000
6574,Abuja,2024-08-23,2024-10-21,4,179,900000
6575,Lagos,2024-06-18,2024-12-05,1,45,313000
6576,Lagos,2024-02-20,2024-06-09,3,124,496000
6577,Ibadan,2024-10-11,2024-01-11,2,105,398000
6578,PH,2024-03-28,2024-09-15,1,30,570000
6579,PH,2024-07-23,2024-12-06,2,84,396000
6580,Lagos,2024-04-05,2024-09-24,3,129,458000
6581,Ibadan,2024-02-05,2024-05-18,3,136,408000
6582,Ibadan,2024-05-08,2024-05-20,1,51,394000
6583,Abuja,2024-02-27,2024-05-27,1,58,218000
6584,Abuja,2024-09-27,2024-03-24,1,42,194000
6585,PH,2024-06-05,2024-10-19,2,85,428000
6586,Ibadan,2024-11-02,2024-04-27,1,39,121000
6587,Lagos,2024-02-01,2024-07-06,3,139,489000
6588,Abuja,2024-11-18,2024-03-30,2,81,494000
6589,PH,2024-09-06,2024-11-08,1,79,229000
6590,Lagos,2024-11-09,2024-11-25,2,94,363000
6591,Lagos,2024-06-16,2024-08-15,1,43,355000
6592,PH,2024-09-27,2024-12-06,5,230,1307000
6593,Lagos,2024-03-20,2024-06-24,5,2530,662000
6594,Abuja,2024-02-29,2024-04-26,5,228,963000
6595,Ibadan,2024-10-09,2024-10-23,5,191,583000
6596,Lagos,2024-05-01,2024-06-21,5,196,981000
6597,Ibadan,2024-05-11,2024-07-01,4,183,709000
6598,Lagos,2024-03-11,2024-04-30,5,208,1032000
6599,Lagos,2024-10-24,2024-03-27,2,82,321000
6600,PH,2024-01-27,2024-05-12,1,63,215000
6601,Ibadan,2024-08-17,2024-01-20,5,217,658000
6602,Abuja,2024-04-04,2024-08-06,3,116,639000
6603,PH,2024-05-27,2024-10-14,2,107,361000
6604,Lagos,2024-09-14,2024-09-02,3,158,659000
6605,Ibadan,2024-12-12,2024-04-15,5,209,849000
6606,Ibadan,2024-06-18,2024-07-16,4,168,590000
6607,Abuja,2024-12-13,2024-04-15,1,52,216000
6608,Lagos,2024-08-04,2024-09-28,4,152,695000
6609,Ibadan,2024-08-25,2024-10-14,5,239,1216000
6610,PH,2024-06-22,2024-08-10,1,68,399000
6611,PH,2024-08-13,2024-11-15,2,76,233000
6612,Ibadan,2024-01-18,2024-06-30,5,217,619000
6613,PH,2024-08-01,2024-11-20,2,80,261000
6614,PH,2024-10-01,2024-10-23,5,215,797000
6615,PH,2024-05-05,2024-06-04,5,204,521000
6616,Lagos,2024-01-28,2024-01-15,4,176,854000
6617,PH,2024-09-11,2024-01-24,4,175,585000
6618,Lagos,2024-03-17,2024-08-11,1,37,128000
6619,Abuja,2024-02-20,2024-07-02,2,82,338000
6620,Abuja,2024-03-21,2024-06-06,2,107,317000
6621,Ibadan,2024-06-16,2024-09-01,1,52,302000
6622,Ibadan,2024-11-08,2024-05-06,2,1292,625000
6623,PH,2024-04-22,2024-10-05,3,114,54200
6624,Abuja,2024-09-26,2024-03-02,1,39,195000
6625,PH,2024-02-12,2024-08-04,5,220,574000
6626,Ibadan,2024-02-21,2024-03-06,4,180,465000
6627,Lagos,2024-01-12,2024-03-25,1,68,157000
6628,Abuja,2024-07-13,2024-08-15,5,193,890000
6629,Abuja,2024-05-06,2024-05-29,4,184,564000
6630,Lagos,2024-08-22,2024-11-18,2,104,328000
6631,Abuja,2024-04-16,2024-07-28,5,207,782000
6632,Ibadan,2024-05-05,2024-09-03,2,89,285000
6633,Ibadan,2024-04-11,2024-08-26,2,117,557000
6634,Lagos,2024-04-02,2024-04-24,2,85,399000
6635,Ibadan,2024-06-02,2024-08-06,3,113,542000
6636,PH,2024-08-22,2024-10-23,5,215,1062000
6637,Abuja,2024-03-02,2024-03-27,4,189,657000
6638,Lagos,2024-11-07,2024-12-07,2,91,226000
6639,Ibadan,2024-09-04,2024-02-01,3,153,847000
6640,Abuja,2024-01-13,2024-05-02,3,157,666000
6641,PH,2024-04-17,2024-06-19,4,200,546000
6642,PH,2024-09-05,2024-01-07,5,2454,927000
6643,Ibadan,2024-09-26,2024-03-08,1,37,133000
6644,Lagos,2024-06-22,2024-12-16,2,103,325000
6645,Abuja,2024-06-18,2024-07-13,3,156,674000
6646,Lagos,2024-08-16,2024-02-11,1,323,155000
6647,PH,2024-03-09,2024-07-13,2,70,351000
6648,PH,2024-04-28,2024-07-19,2,77,392000
6649,Lagos,2024-04-20,2024-05-10,5,224,1062000
6650,PH,2024-03-17,2024-04-05,5,192,727000
6651,Abuja,2024-04-20,2024-10-03,4,168,636000
6652,Abuja,2024-02-10,2024-06-29,2,107,491000
6653,Abuja,2024-04-01,2024-05-16,3,124,456000
6654,Lagos,2024-05-22,2024-11-06,2,76,283000
6655,Lagos,2024-07-23,2024-10-18,2,78,458000
6656,Ibadan,2024-01-12,2024-02-15,4,182,692000
6657,Abuja,2024-10-27,2024-01-05,1,76,166000
6658,Ibadan,2024-04-18,2024-06-03,1,31,262000
6659,Lagos,2024-02-28,2024-07-01,1,59,214000
6660,Lagos,2024-12-16,2024-03-19,2,81,376000
6661,Abuja,2024-08-21,2024-11-29,1,32,156000
6662,Lagos,2024-07-06,2024-07-04,2,91,379000
6663,Ibadan,2024-06-20,2024-08-28,1,43,299000
6664,Ibadan,2024-07-08,2024-08-08,2,82,363000
6665,Ibadan,2024-05-04,2024-07-29,4,197,679000
6666,PH,2024-03-12,2024-08-15,2,95,504000
6667,PH,2024-06-11,2024-09-20,1,71,346000
6668,PH,2024-07-05,2024-08-12,5,204,627000
6669,Ibadan,2024-03-28,2024-04-12,3,142,277000
6670,Ibadan,2024-09-02,2024-02-17,4,1722,782000
6671,Lagos,2024-08-15,2024-01-13,3,159,455000
6672,PH,2024-05-07,2024-05-05,5,236,613000
6673,Lagos,2024-10-27,2024-02-01,2,118,480000
6674,Ibadan,2024-09-27,2024-03-07,1,64,321000
6675,Lagos,2024-10-15,2024-02-26,3,116,501000
6676,Ibadan,2024-03-23,2024-07-11,4,153,834000
6677,Abuja,2024-01-02,2024-05-10,2,97,579000
6678,Lagos,2024-02-23,2024-08-12,2,1152,432000
6679,Abuja,2024-10-07,2024-11-22,4,1819,616000
6680,Abuja,2024-03-10,2024-05-13,3,123,459000
6681,Abuja,2024-02-07,2024-08-03,5,195,1024000
6682,Ibadan,2024-01-29,2024-05-25,3,123,405000
6683,PH,2024-03-24,2024-08-31,1,74,328000
6684,Ibadan,2024-01-12,2024-02-27,1,50,228000
6685,Lagos,2024-05-26,2024-11-12,2,112,392000
6686,PH,2024-03-02,2024-06-13,4,181,453000
6687,Ibadan,2024-03-23,2024-03-19,3,154,454000
6688,Ibadan,2024-12-17,2024-02-28,2,83,451000
6689,Ibadan,2024-02-22,2024-06-06,4,189,740000
6690,Ibadan,2024-01-12,2024-05-05,2,113,561000
6691,Ibadan,2024-03-16,2024-08-08,2,107,449000
6692,PH,2024-11-20,2024-12-26,5,2562,1046000
6693,PH,2024-07-15,2024-09-27,2,108,457000
6694,Abuja,2024-09-08,2024-12-20,3,138,612000
6695,Abuja,2024-07-28,2024-11-14,4,169,847000
6696,Lagos,2024-11-11,2024-01-26,3,117,520000
6697,Abuja,2024-11-22,2024-12-08,5,201,924000
6698,Lagos,2024-05-26,2024-09-09,4,171,909000
6699,Abuja,2024-09-09,2024-09-26,5,215,651000
6700,Abuja,2024-02-24,2024-04-01,1,77,269000
6701,PH,2024-09-17,2024-12-14,3,1313,511000
6702,PH,2024-04-09,2024-09-09,1,54,170000
6703,Abuja,2024-12-20,2024-01-24,4,167,647000
6704,PH,2024-07-25,2024-12-20,3,124,497000
6705,Ibadan,2024-02-29,2024-08-19,4,172,792000
6706,Ibadan,2024-05-18,2024-07-30,1,36,67000
6707,PH,2024-01-25,2024-03-29,5,221,1081000
6708,Abuja,2024-11-06,2024-11-20,1,32,36000
6709,Abuja,2024-03-12,2024-05-24,5,234,1089000
6710,PH,2024-08-14,2024-09-14,1,36,49000
6711,Ibadan,2024-09-03,2024-01-03,5,213,984000
6712,Lagos,2024-09-19,2024-10-16,4,192,580000
6713,PH,2024-02-05,2024-04-13,2,70,418000
6714,Ibadan,2024-07-11,2024-09-01,2,92,497000
6715,Lagos,2024-08-15,2024-09-09,2,90,592000
6716,Lagos,2024-09-02,2024-09-26,3,160,424000
6717,Ibadan,2024-01-28,2024-04-16,4,182,480000
6718,Lagos,2024-05-15,2024-07-05,2,84,437000
6719,Abuja,2024-03-15,2024-07-04,3,123,658000
6720,Ibadan,2024-05-12,2024-11-05,3,137,612000
6721,Lagos,2024-01-25,2024-03-18,1,72,454000
6722,PH,2024-09-16,2024-10-24,4,198,680000
6723,PH,2024-03-28,2024-06-07,1,33,169000
6724,Ibadan,2024-02-27,2024-08-14,3,112,541000
6725,Abuja,2024-05-13,2024-10-19,2,113,623000
6726,Lagos,2024-06-21,2024-11-15,4,191,549000
6727,Ibadan,2024-03-02,2024-08-24,2,73,284000
6728,Abuja,2024-12-14,2024-03-06,1,64,265000
6729,Ibadan,2024-08-25,2024-01-12,3,117,715000
6730,Ibadan,2024-04-17,2024-09-22,3,123,512000
6731,Ibadan,2024-02-14,2024-06-09,5,221,724000
6732,Lagos,2024-10-11,2024-01-06,4,1625,838000
6733,Abuja,2024-11-03,2024-11-28,2,80,180000
6734,PH,2024-02-08,2024-03-19,5,2390,1102000
6735,PH,2024-07-04,2024-09-01,5,194,697000
6736,Lagos,2024-11-05,2024-03-14,4,158,737000
6737,PH,2024-11-25,2024-05-13,1,58,324000
6738,Ibadan,2024-12-11,2024-05-15,5,196,770000
6739,Lagos,2024-07-28,2024-01-11,1,74,385000
6740,Abuja,2024-05-28,2024-10-15,3,130,564000
6741,Lagos,2024-03-16,2024-06-03,3,143,601000
6742,PH,2024-04-11,2024-07-15,5,2465,668000
6743,Ibadan,2024-01-04,2024-04-23,5,204,679000
6744,Ibadan,2024-04-18,2024-06-20,5,212,842000
6745,Abuja,2024-10-30,2024-04-08,5,236,8200000
6746,Abuja,2024-02-02,2024-03-23,2,118,422000
6747,Abuja,2024-02-04,2024-06-25,3,119,527000
6748,Abuja,2024-10-02,2024-03-04,1,35,162000
6749,Abuja,2024-06-17,2024-08-06,3,135,465000
6750,Ibadan,2024-11-12,2024-03-24,2,80,273000
6751,PH,2024-02-17,2024-04-09,3,143,518000
6752,PH,2024-02-15,2024-02-03,1,66,131000
6753,PH,2024-12-21,2024-04-14,2,83,295000
6754,Lagos,2024-03-25,2024-08-31,1,42,263000
6755,PH,2024-07-05,2024-08-17,5,217,807000
6756,PH,2024-10-03,2024-12-04,5,224,1006000
6757,Abuja,2024-11-30,2024-03-30,2,111,455000
6758,Ibadan,2024-05-28,2024-06-22,1,344,200000
6759,Ibadan,2024-11-07,2024-03-22,2,118,606000
6760,PH,2024-06-08,2024-09-26,1,797,312000
6761,Lagos,2024-07-03,2024-09-27,2,980,311000
6762,Ibadan,2024-09-21,2024-11-16,2,71,182000
6763,Ibadan,2024-07-01,2024-11-23,5,237,1034000
6764,PH,2024-05-26,2024-07-25,3,139,738000
6765,Lagos,2024-05-17,2024-09-14,3,127,265000
6766,Abuja,2024-02-03,2024-03-08,1,463,226000
6767,Abuja,2024-03-08,2024-07-13,4,197,952000
6768,PH,2024-09-29,2024-12-08,5,191,676000
6769,PH,2024-03-25,2024-06-11,5,234,552000
6770,Ibadan,2024-02-02,2024-03-28,5,192,581000
6771,Ibadan,2024-01-29,2024-02-26,5,197,449000
6772,Ibadan,2024-03-08,2024-08-15,3,157,373000
6773,Ibadan,2024-04-14,2024-05-11,1,64,243000
6774,Lagos,2024-02-14,2024-06-27,5,207,443000
6775,Ibadan,2024-06-09,2024-11-04,2,113,639000
6776,Ibadan,2024-07-05,2024-12-08,1,764,100000
6777,PH,2024-04-05,2024-04-24,3,122,3290000
6778,PH,2024-04-06,2024-05-28,1,70,396000
6779,Abuja,2024-11-18,2024-01-10,5,206,701000
6780,Abuja,2024-03-27,2024-05-24,3,126,637000
6781,Abuja,2024-06-13,2024-11-17,2,74,165000
6782,Ibadan,2024-01-27,2024-06-23,5,215,1025000
6783,Abuja,2024-08-28,2024-11-05,1,53,166000
6784,Ibadan,2024-06-24,2024-11-06,3,149,525000
6785,Lagos,2024-09-26,2024-01-26,3,112,448000
6786,PH,2024-10-29,2024-04-03,1,80,333000
6787,Ibadan,2024-02-02,2024-06-28,4,1798,629000
6788,Lagos,2024-01-12,2024-03-02,4,167,875000
6789,Lagos,2024-09-28,2024-03-21,3,1421,617000
6790,PH,2024-06-08,2024-08-15,4,173,635000
6791,Lagos,2024-12-16,2024-01-26,5,231,1033000
6792,Lagos,2024-01-16,2024-01-27,2,84,401000
6793,Abuja,2024-01-12,2024-01-29,2,78,25500
6794,Ibadan,2024-08-16,2024-01-22,2,90,333000
6795,Lagos,2024-05-15,2024-10-03,2,106,347000
6796,Ibadan,2024-01-10,2024-03-01,5,218,1034000
6797,PH,2024-08-21,2024-11-21,1,34,161000
6798,Ibadan,2024-02-29,2024-07-07,1,75,343000
6799,PH,2024-02-12,2024-03-13,2,101,372000
6800,PH,2024-06-17,2024-07-17,2,107,504000
6801,Abuja,2024-05-28,2024-09-06,2,91,524000
6802,Abuja,2024-12-14,2024-03-12,3,147,728000
6803,PH,2024-12-07,2024-05-30,3,141,665000
6804,Lagos,2024-04-23,2024-09-04,4,170,876000
6805,Abuja,2024-10-15,2024-01-14,4,199,686000
6806,Lagos,2024-11-27,2024-03-02,5,2293,893000
6807,PH,2024-11-03,2024-11-18,4,174,810000
6808,Ibadan,2024-02-08,2024-07-29,2,73,413000
6809,PH,2024-11-02,2024-12-01,3,148,696000
6810,Ibadan,2024-01-02,2024-04-08,3,149,756000
6811,Lagos,2024-03-20,2024-08-16,3,112,597000
6812,Lagos,2024-06-25,2024-07-15,1,49,138000
6813,Lagos,2024-03-03,2024-06-28,1,47,11000
6814,PH,2024-05-18,2024-09-20,1,57,248000
6815,Lagos,2024-02-29,2024-07-07,1,35,131000
6816,Lagos,2024-10-11,2024-03-31,2,77,395000
6817,Lagos,2024-09-30,2024-02-07,4,191,731000
6818,Lagos,2024-02-25,2024-07-30,1,64,341000
6819,Abuja,2024-07-18,2024-08-31,3,132,496000
6820,Lagos,2024-08-07,2024-09-28,5,198,1153000
6821,PH,2024-03-31,2024-08-08,5,221,1018000
6822,Lagos,2024-01-01,2024-05-27,4,158,784000
6823,PH,2024-08-08,2024-09-08,1,65,337000
6824,Abuja,2024-03-01,2024-06-24,1,45,207000
6825,Abuja,2024-05-15,2024-10-30,4,179,798000
6826,PH,2024-03-29,2024-06-03,5,236,947000
6827,Ibadan,2024-07-08,2024-11-25,1,46,177000
6828,Ibadan,2024-08-03,2024-01-02,4,164,806000
6829,Abuja,2024-06-02,2024-10-13,3,148,349000
6830,PH,2024-05-29,2024-08-30,2,108,472000
6831,PH,2024-12-26,2024-01-20,3,138,477000
6832,Lagos,2024-10-12,2024-10-24,2,106,525000
6833,PH,2024-08-10,2024-12-18,1,592,232000
6834,Lagos,2024-01-28,2024-06-20,1,45,128000
6835,Lagos,2024-10-13,2024-03-26,4,164,699000
6836,PH,2024-06-14,2024-11-14,4,151,539000
6837,Ibadan,2024-09-11,2024-03-03,3,124,528000
6838,Ibadan,2024-03-14,2024-05-21,4,150,393000
6839,Ibadan,2024-08-18,2024-09-15,3,112,366000
6840,Abuja,2024-12-28,2024-05-04,3,128,372000
6841,Abuja,2024-01-05,2024-02-16,3,145,535000
6842,Lagos,2024-12-04,2024-12-30,1,80,298000
6843,Ibadan,2024-12-29,2024-05-23,5,239,868000
6844,Lagos,2024-10-08,2024-03-11,4,178,789000
6845,Lagos,2024-07-14,2024-01-05,5,207,933000
6846,Lagos,2024-06-10,2024-12-06,2,71,245000
6847,Lagos,2024-02-29,2024-06-03,5,223,865000
6848,PH,2024-06-26,2024-11-02,4,153,693000
6849,Ibadan,2024-10-06,2024-03-05,2,111,361000
6850,Lagos,2024-04-14,2024-05-19,4,172,609000
6851,PH,2024-05-04,2024-07-14,2,77,349000
6852,Abuja,2024-03-23,2024-09-07,1,75,392000
6853,Abuja,2024-04-04,2024-07-16,5,221,752000
6854,Lagos,2024-09-01,2024-09-23,5,197,852000
6855,Abuja,2024-03-20,2024-05-24,5,234,837000
6856,PH,2024-01-22,2024-05-21,5,216,991000
6857,Ibadan,2024-06-23,2024-08-21,1,34,173000
6858,Abuja,2024-08-05,2024-01-06,3,132,491000
6859,Lagos,2024-10-16,2024-12-18,5,220,712000
6860,Lagos,2024-05-08,2024-09-09,1,72,270000
6861,Ibadan,2024-08-08,2024-01-01,5,209,783000
6862,Abuja,2024-05-19,2024-07-12,1,366,107000
6863,Abuja,2024-03-18,2024-06-08,5,207,463000
6864,Ibadan,2024-05-05,2024-08-30,2,77,325000
6865,Lagos,2024-05-23,2024-09-05,5,208,1033000
6866,Lagos,2024-01-11,2024-02-05,3,116,546000
6867,Abuja,2024-05-02,2024-05-31,1,43,233000
6868,PH,2024-09-27,2024-11-08,4,150,411000
6869,PH,2024-06-22,2024-07-10,2,96,229000
6870,Lagos,2024-04-14,2024-05-31,2,116,396000
6871,Lagos,2024-08-03,2024-10-18,3,146,596000
6872,Lagos,2024-01-16,2024-03-09,3,124,435000
6873,Ibadan,2024-06-06,2024-11-09,1,80,247000
6874,PH,2024-09-19,2024-02-19,4,198,777000
6875,Lagos,2024-04-04,2024-10-01,3,115,338000
6876,PH,2024-05-09,2024-06-07,4,196,771000
6877,Lagos,2024-02-24,2024-08-09,3,132,568000
6878,PH,2024-04-21,2024-08-18,5,238,1201000
6879,Ibadan,2024-01-30,2024-05-20,2,110,364000
6880,Ibadan,2024-03-22,2024-07-23,2,72,480000
6881,Abuja,2024-08-20,2024-12-23,2,120,600000
6882,PH,2024-01-04,2024-01-17,2,1119,339000
6883,Lagos,2024-02-01,2024-07-23,3,118,601000
6884,Abuja,2024-09-23,2024-01-10,5,232,938000
6885,Abuja,2024-11-02,2024-12-30,4,158,512000
6886,Lagos,2024-02-03,2024-03-23,1,77,271000
6887,Ibadan,2024-12-04,2024-01-10,4,171,623000
6888,Ibadan,2024-10-16,2024-01-19,1,51,139000
6889,Ibadan,2024-06-22,2024-11-12,5,234,1251000
6890,PH,2024-06-16,2024-10-07,4,171,597000
6891,Abuja,2024-03-02,2024-07-19,4,180,731000
6892,Abuja,2024-04-03,2024-05-22,2,115,171000
6893,Lagos,2024-08-17,2024-10-14,5,204,1102000
6894,Abuja,2024-06-26,2024-11-05,3,152,693000
6895,PH,2024-08-29,2024-02-23,4,175,508000
6896,Lagos,2024-09-20,2024-03-06,5,200,627000
6897,Abuja,2024-07-24,2024-09-04,3,150,685000
6898,Lagos,2024-11-04,2024-02-22,2,102,355000
6899,Abuja,2024-05-04,2024-10-19,1,60,295000
6900,Abuja,2024-05-19,2024-07-11,3,113,5320000
6901,Ibadan,2024-11-27,2024-03-22,5,199,757000
6902,Abuja,2024-04-15,2024-05-04,1,57,361000
6903,PH,2024-12-27,2024-12-26,1,34,116000
6904,Lagos,2024-04-19,2024-06-17,5,201,780000
6905,Ibadan,2024-12-28,2024-05-24,2,92,324000
6906,Ibadan,2024-07-01,2024-11-15,3,156,814000
6907,Abuja,2024-10-18,2024-03-23,2,111,385000
6908,Lagos,2024-03-12,2024-06-18,2,88,181000
6909,Abuja,2024-01-07,2024-05-29,4,190,866000
6910,Ibadan,2024-01-03,2024-04-13,1,40,173000
6911,Ibadan,2024-03-25,2024-05-09,1,79,206000
6912,Abuja,2024-08-16,2024-12-22,1,861,328000
6913,PH,2024-05-24,2024-08-10,3,153,460000
6914,Abuja,2024-07-22,2024-11-25,2,73,324000
6915,PH,2024-05-06,2024-10-14,1,45,191000
6916,PH,2024-03-20,2024-09-07,1,77,193000
6917,Ibadan,2024-05-27,2024-07-06,5,193,699000
6918,Abuja,2024-02-16,2024-06-18,3,143,631000
6919,Lagos,2024-07-14,2024-10-22,4,188,793000
6920,Abuja,2024-01-07,2024-06-01,3,149,461000
6921,Ibadan,2024-06-16,2024-11-08,1,40,178000
6922,Abuja,2024-03-16,2024-04-30,2,95,617000
6923,Ibadan,2024-10-14,2024-12-14,3,155,819000
6924,Ibadan,2024-06-09,2024-11-09,2,79,344000
6925,PH,2024-07-25,2024-12-21,1,79,240000
6926,PH,2024-09-30,2024-03-21,3,111,458000
6927,Ibadan,2024-05-26,2024-09-11,1,48,231000
6928,PH,2024-06-23,2024-09-13,1,48,224000
6929,Abuja,2024-03-27,2024-06-05,1,47,219000
6930,PH,2024-11-22,2024-12-22,5,236,781000
6931,Abuja,2024-06-07,2024-10-02,2,86,314000
6932,Abuja,2024-08-25,2024-10-31,5,219,967000
6933,Ibadan,2024-06-29,2024-11-17,5,190,624000
6934,Ibadan,2024-02-24,2024-04-16,5,2325,617000
6935,PH,2024-05-23,2024-07-27,4,2077,837000
6936,Abuja,2024-06-13,2024-09-18,5,214,908000
6937,PH,2024-07-08,2024-09-15,1,72,339000
6938,Abuja,2024-08-09,2024-01-10,1,51,216000
6939,Ibadan,2024-03-15,2024-08-08,5,214,1046000
6940,Lagos,2024-01-23,2024-06-01,3,140,294000
6941,Ibadan,2024-08-26,2024-02-23,2,86,434000
6942,Lagos,2024-11-24,2024-12-14,1,67,325000
6943,Lagos,2024-06-02,2024-07-08,1,56,231000
6944,Ibadan,2024-10-14,2024-11-21,2,109,458000
6945,Abuja,2024-07-31,2024-01-17,1,79,229000
6946,Ibadan,2024-08-25,2024-11-16,3,142,718000
6947,PH,2024-05-30,2024-07-01,2,97,347000
6948,Ibadan,2024-10-20,2024-12-29,2,100,573000
6949,Lagos,2024-07-07,2024-09-16,5,230,1154000
6950,Lagos,2024-02-29,2024-06-05,2,108,429000
6951,Abuja,2024-01-18,2024-06-16,4,192,709000
6952,Abuja,2024-01-20,2024-05-12,2,114,350000
6953,Ibadan,2024-12-14,2024-01-21,5,226,931000
6954,PH,2024-08-21,2024-12-10,5,220,936000
6955,Abuja,2024-06-16,2024-08-21,4,192,551000
6956,Ibadan,2024-12-21,2024-05-23,2,119,577000
6957,PH,2024-10-21,2024-02-09,4,150,717000
6958,Lagos,2024-11-18,2024-02-02,3,114,440000
6959,Abuja,2024-12-06,2024-03-08,3,136,582000
6960,Lagos,2024-06-20,2024-08-06,4,167,714000
6961,Ibadan,2024-08-30,2024-02-20,2,107,553000
6962,PH,2024-09-26,2024-01-31,4,192,988000
6963,Abuja,2024-02-23,2024-05-27,3,155,499000
6964,Ibadan,2024-05-01,2024-10-04,4,200,59400
6965,PH,2024-11-18,2024-03-30,2,105,405000
6966,Lagos,2024-03-27,2024-09-03,4,153,427000
6967,PH,2024-11-11,2024-04-10,3,159,746000
6968,PH,2024-05-22,2024-08-31,4,2013,715000
6969,Abuja,2024-06-12,2024-07-02,3,130,412000
6970,Abuja,2024-11-06,2024-02-10,2,117,588000
6971,Abuja,2024-04-25,2024-06-05,3,143,417000
6972,Ibadan,2024-08-27,2024-01-23,5,239,820000
6973,Ibadan,2024-03-24,2024-06-18,3,116,227000
6974,PH,2024-11-16,2024-03-24,1,38,224000
6975,Ibadan,2024-12-12,2024-03-06,4,199,735000
6976,Abuja,2024-05-12,2024-05-01,4,173,568000
6977,Lagos,2024-09-12,2024-03-02,2,118,548000
6978,Lagos,2024-04-13,2024-08-02,5,194,767000
6979,Ibadan,2024-02-24,2024-06-14,4,165,746000
6980,Abuja,2024-02-01,2024-03-21,2,77,336000
6981,Ibadan,2024-08-19,2024-02-12,4,167,475000
6982,Ibadan,2024-12-23,2024-04-13,1,43,86000
6983,Ibadan,2024-03-29,2024-05-27,3,132,575000
6984,PH,2024-08-19,2024-10-17,1,38,151000
6985,PH,2024-03-02,2024-07-28,1,50,260000
6986,PH,2024-12-16,2024-02-15,4,172,599000
6987,Lagos,2024-03-21,2024-06-05,2,70,271000
6988,Lagos,2024-09-12,2024-09-24,4,152,819000
6989,Ibadan,2024-08-13,2024-11-22,3,112,459000
6990,Ibadan,2024-04-12,2024-03-24,4,175,833000
6991,Ibadan,2024-01-31,2024-06-03,3,113,367000
6992,PH,2024-04-10,2024-04-20,5,223,929000
6993,PH,2024-05-20,2024-11-13,5,205,644000
6994,Abuja,2024-11-10,2024-12-19,1,76,298000
6995,Abuja,2024-12-22,2024-05-27,4,1701,523000
6996,PH,2024-05-03,2024-05-14,3,153,462000
6997,Abuja,2024-12-19,2024-04-06,1,54,174000
6998,Abuja,2024-10-07,2024-02-12,5,228,931000
6999,PH,2024-11-28,2024-03-17,3,110,433000
7000,Ibadan,2024-03-26,2024-06-14,3,158,463000
7001,PH,2024-09-29,2024-11-23,3,120,597000
7002,PH,2024-03-24,2024-04-12,1,57,102000
7003,PH,2024-02-01,2024-02-18,5,220,1083000
7004,PH,2024-09-01,2024-08-13,5,2573,825000
7005,Lagos,2024-01-01,2024-02-26,4,180,943000
7006,Ibadan,2024-12-30,2024-05-20,2,106,317000
7007,Abuja,2024-09-17,2024-10-12,2,81,192000
7008,PH,2024-11-01,2024-11-12,5,204,889000
7009,Abuja,2024-11-21,2024-01-08,1,71,320000
7010,Ibadan,2024-12-27,2024-05-16,4,178,841000
7011,Ibadan,2024-06-07,2024-08-10,3,110,420000
7012,Abuja,2024-05-23,2024-10-15,4,173,945000
7013,PH,2024-12-20,2024-12-18,4,161,603000
7014,Ibadan,2024-10-13,2024-04-03,3,144,626000
7015,Lagos,2024-02-13,2024-06-14,3,126,528000
7016,Ibadan,2024-04-10,2024-07-17,4,153,843000
7017,Ibadan,2024-11-25,2024-02-27,3,155,533000
7018,Abuja,2024-09-05,2024-12-28,2,105,594000
7019,Lagos,2024-06-19,2024-08-01,1,49,272000
7020,PH,2024-06-13,2024-08-06,4,156,452000
7021,Ibadan,2024-08-11,2024-08-21,4,169,787000
7022,PH,2024-08-07,2024-09-15,3,134,406000
7023,PH,2024-07-20,2024-11-23,2,82,191000
7024,Lagos,2024-05-02,2024-10-12,3,132,342000
7025,PH,2024-09-18,2024-11-25,5,2519,1115000
7026,Abuja,2024-04-15,2024-09-09,4,163,706000
7027,PH,2024-08-10,2024-09-02,5,219,769000
7028,PH,2024-09-19,2024-02-20,4,199,1055000
7029,PH,2024-06-09,2024-08-22,5,239,1280000
7030,Lagos,2024-05-11,2024-06-15,3,130,333000
7031,Ibadan,2024-07-31,2024-10-19,3,156,791000
7032,Abuja,2024-12-06,2024-03-02,2,99,528000
7033,Abuja,2024-01-23,2024-02-08,1,58,115000
7034,Abuja,2024-08-19,2024-10-12,3,158,693000
7035,PH,2024-04-18,2024-04-14,2,100,363000
7036,PH,2024-08-10,2024-01-19,4,193,1093000
7037,Ibadan,2024-09-01,2024-12-09,2,78,295000
7038,Lagos,2024-07-03,2024-12-02,3,157,596000
7039,Ibadan,2024-03-15,2024-08-30,2,120,293000
7040,PH,2024-02-19,2024-04-11,2,90,390000
7041,PH,2024-04-13,2024-07-07,4,163,808000
7042,Lagos,2024-12-03,2024-04-04,3,140,538000
7043,Abuja,2024-11-24,2024-02-20,5,201,723000
7044,Abuja,2024-10-05,2024-01-09,4,186,865000
7045,Lagos,2024-05-30,2024-10-02,3,122,498000
7046,Ibadan,2024-09-26,2024-12-05,4,180,767000
7047,Ibadan,2024-08-27,2024-02-08,1,775,241000
7048,Abuja,2024-05-21,2024-09-27,4,168,471000
7049,PH,2024-03-11,2024-05-05,5,209,996000
7050,Lagos,2024-02-25,2024-04-09,1,75,213000
7051,Ibadan,2024-11-16,2024-12-12,2,111,393000
7052,PH,2024-02-10,2024-06-04,5,240,581000
7053,Ibadan,2024-07-26,2024-10-04,2,115,529000
7054,Abuja,2024-08-22,2024-10-12,4,176,507000
7055,Lagos,2024-03-03,2024-06-17,2,99,427000
7056,Ibadan,2024-02-11,2024-02-08,2,119,313000
7057,Abuja,2024-01-31,2024-04-26,5,200,662000
7058,PH,2024-05-09,2024-09-07,3,147,639000
7059,Abuja,2024-12-24,2024-01-18,5,205,1084000
7060,Lagos,2024-08-02,2024-12-07,4,157,413000
7061,Ibadan,2024-11-14,2024-04-19,2,119,399000
7062,Ibadan,2024-05-19,2024-06-08,5,209,657000
7063,PH,2024-03-03,2024-07-02,5,190,509000
7064,PH,2024-06-27,2024-11-06,1,79,255000
7065,Ibadan,2024-01-02,2024-02-06,4,164,702000
7066,Lagos,2024-11-30,2024-01-16,2,106,456000
7067,Ibadan,2024-12-14,2024-02-15,4,188,766000
7068,Abuja,2024-09-22,2024-01-26,3,144,502000
7069,Lagos,2024-04-07,2024-06-01,3,130,439000
7070,Abuja,2024-08-14,2024-09-04,3,120,316000
7071,Abuja,2024-03-08,2024-06-10,4,172,848000
7072,Ibadan,2024-02-02,2024-06-21,1,30,194000
7073,Ibadan,2024-07-22,2024-09-17,5,202,1155000
7074,Abuja,2024-05-10,2024-08-03,4,170,669000
7075,Ibadan,2024-09-23,2024-12-28,4,190,631000
7076,Ibadan,2024-02-07,2024-04-03,5,211,1064000
7077,Lagos,2024-09-14,2024-02-08,1,62,331000
7078,PH,2024-07-05,2024-09-29,1,40,159000
7079,Lagos,2024-03-19,2024-08-30,1,56,224000
7080,Lagos,2024-07-24,2024-01-20,1,42,234000
7081,Lagos,2024-03-05,2024-05-30,2,92,381000
7082,Abuja,2024-03-17,2024-08-31,3,157,475000
7083,Ibadan,2024-02-01,2024-07-25,2,93,143000
7084,Lagos,2024-01-02,2024-05-06,1,75,402000
7085,PH,2024-02-14,2024-04-11,1,70,143000
7086,Lagos,2024-08-11,2024-01-21,4,182,576000
7087,Abuja,2024-07-30,2024-09-01,1,70,414000
7088,Lagos,2024-01-08,2024-04-06,1,32,122000
7089,Ibadan,2024-02-16,2024-04-04,3,122,526000
7090,Ibadan,2024-06-02,2024-11-23,3,120,357000
7091,Abuja,2024-04-12,2024-07-05,3,124,583000
7092,Abuja,2024-07-01,2024-09-01,3,154,400000
7093,PH,2024-04-06,2024-07-12,2,119,373000
7094,Abuja,2024-02-23,2024-07-18,2,99,177000
7095,Lagos,2024-05-07,2024-10-22,4,167,543000
7096,Lagos,2024-02-16,2024-05-10,3,116,573000
7097,Ibadan,2024-04-19,2024-05-21,2,120,540000
7098,PH,2024-08-11,2024-11-23,2,115,687000
7099,Lagos,2024-10-22,2024-11-20,4,166,688000
7100,PH,2024-06-14,2024-11-03,4,171,553000
7101,Lagos,2024-01-07,2024-02-27,1,484,163000
7102,Abuja,2024-07-02,2024-08-28,2,110,589000
7103,Lagos,2024-07-24,2024-10-16,3,145,653000
7104,Lagos,2024-05-02,2024-07-15,4,170,488000
7105,Abuja,2024-03-10,2024-07-08,2,74,297000
7106,Abuja,2024-08-03,2024-10-20,3,132,423000
7107,PH,2024-08-21,2024-12-20,4,159,887000
7108,PH,2024-01-08,2024-06-17,1,73,315000
7109,Lagos,2024-11-13,2024-12-23,5,236,855000
7110,Lagos,2024-07-04,2024-08-04,5,233,943000
7111,Abuja,2024-06-28,2024-08-28,3,159,829000
7112,PH,2024-08-16,2024-07-30,1,72,348000
7113,Lagos,2024-07-09,2024-10-11,5,218,802000
7114,Ibadan,2024-06-28,2024-10-14,1,70,396000
7115,Ibadan,2024-05-26,2024-10-26,5,204,591000
7116,Ibadan,2024-11-07,2024-03-26,4,163,722000
7117,Lagos,2024-08-22,2024-12-17,5,195,1032000
7118,PH,2024-05-06,2024-07-13,1,67,304000
7119,Lagos,2024-08-21,2024-09-05,4,153,675000
7120,Ibadan,2024-02-08,2024-06-16,3,112,311000
7121,PH,2024-05-29,2024-07-27,5,203,533000
7122,PH,2024-07-09,2024-12-08,4,159,432000
7123,Ibadan,2024-06-07,2024-09-27,1,41,88000
7124,PH,2024-12-22,2024-03-24,5,219,805000
7125,PH,2024-07-29,2024-01-20,4,168,561000
7126,PH,2024-11-06,2024-01-12,4,171,817000
7127,Lagos,2024-05-09,2024-06-17,1,77,389000
7128,Ibadan,2024-12-05,2024-01-18,3,140,723000
7129,Ibadan,2024-05-05,2024-10-05,3,122,592000
7130,Lagos,2024-02-26,2024-05-11,5,228,658000
7131,Ibadan,2024-11-27,2024-02-21,1,36,210000
7132,Ibadan,2024-12-22,2024-01-04,3,144,592000
7133,Abuja,2024-04-23,2024-07-30,2,110,459000
7134,Lagos,2024-05-13,2024-08-13,2,72,27100
7135,Lagos,2024-04-13,2024-09-28,5,207,1041000
7136,PH,2024-07-03,2024-12-17,3,159,854000
7137,Lagos,2024-11-11,2024-11-26,2,80,393000
7138,Lagos,2024-01-19,2024-07-12,1,38,240000
7139,Abuja,2024-07-19,2024-08-22,2,93,248000
7140,Ibadan,2024-12-04,2024-01-15,3,158,5720000
7141,PH,2024-08-31,2024-01-21,3,136,609000
7142,PH,2024-04-03,2024-09-01,4,183,663000
7143,Ibadan,2024-03-11,2024-08-28,2,114,493000
7144,PH,2024-01-18,2024-05-17,2,115,517000
7145,PH,2024-06-27,2024-09-05,3,157,900000
7146,PH,2024-10-30,2024-03-07,1,32,73000
7147,Abuja,2024-05-30,2024-05-18,3,1593,523000
7148,Lagos,2024-11-17,2024-02-27,3,150,632000
7149,Lagos,2024-07-28,2024-10-19,1,30,186000
7150,Ibadan,2024-04-27,2024-05-24,1,54,270000
7151,PH,2024-04-06,2024-06-03,5,240,625000
7152,Abuja,2024-03-20,2024-06-28,5,229,888000
7153,Ibadan,2024-05-23,2024-09-30,4,175,768000
7154,Lagos,2024-12-08,2024-03-26,5,221,803000
7155,Lagos,2024-05-18,2024-10-27,1,32,234000
7156,Ibadan,2024-04-08,2024-07-23,5,212,940000
7157,Abuja,2024-05-10,2024-09-20,2,102,481000
7158,PH,2024-04-21,2024-10-02,3,113,366000
7159,PH,2024-05-19,2024-09-09,1,39,202000
7160,Lagos,2024-01-17,2024-01-09,1,42,225000
7161,Abuja,2024-12-13,2024-03-25,3,157,792000
7162,Abuja,2024-10-23,2024-11-23,2,107,438000
7163,Abuja,2024-04-16,2024-05-21,5,216,809000
7164,Ibadan,2024-07-14,2024-08-06,3,160,913000
7165,PH,2024-02-10,2024-07-23,2,117,394000
7166,Abuja,2024-01-30,2024-02-19,5,220,70800
7167,Ibadan,2024-10-03,2024-11-22,3,152,628000
7168,Abuja,2024-10-29,2024-01-15,4,180,884000
7169,Lagos,2024-01-29,2024-05-22,2,98,442000
7170,Ibadan,2024-04-30,2024-07-11,5,196,747000
7171,Abuja,2024-05-21,2024-07-15,2,85,244000
7172,Lagos,2024-04-30,2024-09-02,5,196,923000
7173,PH,2024-06-11,2024-08-17,2,94,373000
7174,Lagos,2024-08-15,2024-11-17,2,102,492000
7175,Lagos,2024-12-30,2024-02-23,5,219,1050000
7176,Ibadan,2024-05-30,2024-07-10,4,156,902000
7177,Lagos,2024-02-02,2024-03-31,5,218,739000
7178,Lagos,2024-04-21,2024-10-16,2,118,310000
7179,Lagos,2024-07-08,2024-11-26,1,77,351000
7180,Abuja,2024-05-28,2024-08-22,1,73,381000
7181,PH,2024-10-19,2024-12-23,3,121,462000
7182,Abuja,2024-09-09,2024-01-23,1,63,301000
7183,Ibadan,2024-06-15,2024-10-25,4,169,739000
7184,Lagos,2024-06-06,2024-10-15,3,152,673000
7185,Lagos,2024-01-12,2024-05-12,4,154,700000
7186,Ibadan,2024-02-11,2024-07-12,1,50,92000
7187,Ibadan,2024-01-16,2024-03-20,5,213,605000
7188,Abuja,2024-01-04,2024-06-14,4,180,887000
7189,Abuja,2024-01-09,2024-05-26,3,135,668000
7190,Ibadan,2024-12-16,2024-03-21,5,230,1066000
7191,PH,2024-05-15,2024-05-31,1,71,342000
7192,PH,2024-12-27,2024-03-30,1,51,260000
7193,Lagos,2024-12-16,2024-02-16,3,126,678000
7194,Abuja,2024-12-03,2024-12-16,4,197,969000
7195,Ibadan,2024-10-24,2024-01-30,5,239,833000
7196,Abuja,2024-05-27,2024-05-21,5,240,1164000
7197,PH,2024-05-02,2024-06-19,4,187,576000
7198,Lagos,2024-11-13,2024-02-01,1,34,115000
7199,Lagos,2024-05-05,2024-09-15,5,214,930000
7200,Ibadan,2024-09-16,2024-11-21,4,2067,852000
7201,Ibadan,2024-05-08,2024-07-19,2,90,119000
7202,Abuja,2024-12-21,2024-05-05,3,126,503000
7203,PH,2024-02-14,2024-03-25,5,2379,1114000
7204,Abuja,2024-08-28,2024-11-29,3,1313,455000
7205,Lagos,2024-09-05,2024-02-10,5,204,709000
7206,Abuja,2024-09-03,2024-01-20,2,92,298000
7207,Lagos,2024-06-04,2024-10-08,1,50,224000
7208,Abuja,2024-02-25,2024-08-09,5,220,1073000
7209,Ibadan,2024-01-07,2024-06-24,1,63,175000
7210,Lagos,2024-07-11,2024-08-07,1,57,220000
7211,Abuja,2024-12-21,2024-06-19,2,115,423000
7212,PH,2024-01-02,2024-02-23,5,213,932000
7213,PH,2024-10-05,2024-03-21,2,90,378000
7214,Lagos,2024-08-30,2024-01-12,3,155,453000
7215,Lagos,2024-08-13,2024-12-05,2,872,531000
7216,Abuja,2024-08-19,2024-11-29,5,218,586000
7217,Lagos,2024-08-12,2024-11-17,2,117,446000
7218,Ibadan,2024-02-15,2024-03-09,5,237,1077000
7219,Lagos,2024-12-04,2024-05-23,1,57,169000
7220,Abuja,2024-08-23,2024-11-14,4,188,570000
7221,Abuja,2024-11-19,2024-05-01,1,34,142000
7222,Ibadan,2024-03-07,2024-05-04,4,159,796000
7223,Lagos,2024-09-23,2024-12-28,3,159,602000
7224,Ibadan,2024-03-05,2024-05-13,5,239,1164000
7225,Ibadan,2024-11-03,2024-04-29,4,159,690000
7226,Ibadan,2024-06-01,2024-08-12,1,40,100000
7227,PH,2024-09-25,2024-10-28,1,52,163000
7228,Lagos,2024-09-18,2024-01-23,2,75,382000
7229,PH,2024-10-07,2024-01-18,2,114,328000
7230,Abuja,2024-04-21,2024-07-06,4,174,511000
7231,PH,2024-01-30,2024-03-03,2,109,495000
7232,Lagos,2024-06-04,2024-11-30,4,200,1007000
7233,Lagos,2024-04-18,2024-07-16,1,32,115000
7234,Ibadan,2024-01-07,2024-05-13,1,49,176000
7235,Abuja,2024-09-02,2024-12-03,3,135,779000
7236,Lagos,2024-03-22,2024-04-29,3,126,488000
7237,Abuja,2024-07-06,2024-12-14,2,1238,404000
7238,Ibadan,2024-04-15,2024-04-27,3,118,549000
7239,PH,2024-01-09,2024-01-23,4,194,920000
7240,Abuja,2024-05-08,2024-09-04,4,179,706000
7241,Lagos,2024-09-24,2024-12-09,5,225,1036000
7242,Lagos,2024-12-23,2024-05-14,2,111,578000
7243,Ibadan,2024-07-20,2024-11-17,2,1152,530000
7244,Lagos,2024-09-22,2024-01-06,2,120,570000
7245,Ibadan,2024-05-20,2024-07-05,1,73,485000
7246,Abuja,2024-08-21,2024-09-28,1,31,84000
7247,Lagos,2024-03-10,2024-06-08,1,57,293000
7248,Abuja,2024-07-04,2024-12-29,3,134,449000
7249,PH,2024-07-19,2024-10-09,3,152,823000
7250,PH,2024-11-05,2024-01-22,3,118,414000
7251,PH,2024-06-12,2024-06-29,4,160,787000
7252,Abuja,2024-05-28,2024-06-17,3,1496,393000
7253,PH,2024-04-23,2024-05-18,1,32,48000
7254,Ibadan,2024-04-19,2024-04-04,1,36,254000
7255,Lagos,2024-06-10,2024-11-15,1,66,209000
7256,Ibadan,2024-08-13,2024-11-05,2,84,193000
7257,PH,2024-05-15,2024-10-09,5,207,770000
7258,Lagos,2024-10-28,2024-03-17,3,110,276000
7259,Lagos,2024-05-24,2024-08-16,1,74,385000
7260,Lagos,2024-01-14,2024-01-30,2,100,382000
7261,Lagos,2024-11-24,2024-11-17,5,206,713000
7262,Lagos,2024-06-22,2024-11-19,3,154,521000
7263,Lagos,2024-11-06,2024-02-11,2,112,537000
7264,Ibadan,2024-08-08,2024-11-12,2,98,475000
7265,Abuja,2024-03-31,2024-04-17,4,150,506000
7266,Abuja,2024-12-13,2024-11-29,1,56,254000
7267,Lagos,2024-08-07,2024-11-23,4,167,841000
7268,Abuja,2024-10-20,2024-01-14,2,103,425000
7269,Lagos,2024-04-06,2024-05-09,2,99,322000
7270,Ibadan,2024-02-28,2024-04-18,2,118,266000
7271,PH,2024-02-21,2024-08-19,1,68,281000
7272,Abuja,2024-12-09,2024-03-18,2,120,650000
7273,Abuja,2024-10-07,2024-01-08,5,228,805000
7274,Abuja,2024-01-23,2024-05-01,2,98,384000
7275,Ibadan,2024-03-01,2024-03-15,5,233,820000
7276,Lagos,2024-12-02,2024-04-19,2,915,336000
7277,PH,2024-09-25,2024-01-01,1,61,274000
7278,Ibadan,2024-05-18,2024-05-29,4,170,866000
7279,Abuja,2024-08-15,2024-10-31,1,76,394000
7280,Lagos,2024-02-14,2024-03-28,2,87,238000
7281,Abuja,2024-03-23,2024-07-31,2,119,604000
7282,PH,2024-02-24,2024-08-14,2,107,465000
7283,Lagos,2024-05-10,2024-10-07,5,213,911000
7284,Lagos,2024-04-21,2024-05-09,1,43,177000
7285,PH,2024-02-17,2024-03-03,5,225,1111000
7286,PH,2024-11-09,2024-03-18,1,61,222000
7287,Ibadan,2024-06-22,2024-12-16,4,196,832000
7288,Ibadan,2024-07-19,2024-10-31,5,216,1150000
7289,Abuja,2024-05-01,2024-10-04,2,94,445000
7290,Abuja,2024-05-11,2024-09-04,2,108,513000
7291,Abuja,2024-07-11,2024-10-01,3,126,653000
7292,Abuja,2024-02-07,2024-07-25,2,91,288000
7293,Abuja,2024-07-29,2024-01-07,3,128,466000
7294,PH,2024-04-10,2024-04-27,2,72,287000
7295,Ibadan,2024-05-18,2024-08-24,3,160,587000
7296,Lagos,2024-07-08,2024-09-14,3,155,721000
7297,Lagos,2024-02-17,2024-03-21,2,100,350000
7298,Abuja,2024-05-01,2024-06-11,3,126,517000
7299,PH,2024-05-05,2024-07-19,2,82,508000
7300,Abuja,2024-02-01,2024-06-27,3,115,347000
7301,PH,2024-08-22,2024-01-21,4,162,1002000
7302,Abuja,2024-07-29,2024-08-24,4,150,638000
7303,PH,2024-08-07,2024-01-08,5,191,1082000
7304,Abuja,2024-12-04,2024-11-30,2,113,4900000
7305,PH,2024-07-21,2024-12-02,4,174,1015000
7306,Abuja,2024-07-08,2024-08-28,5,213,622000
7307,Ibadan,2024-06-13,2024-07-21,1,59,248000
7308,PH,2024-04-26,2024-04-23,1,41,151000
7309,Ibadan,2024-01-17,2024-02-17,1,32,112000
7310,PH,2024-04-12,2024-08-29,5,193,739000
7311,Abuja,2024-04-24,2024-07-29,1,72,307000
7312,PH,2024-01-17,2024-05-09,5,219,888000
7313,Abuja,2024-03-15,2024-08-01,5,232,883000
7314,Abuja,2024-01-05,2024-06-29,1,31,120000
7315,PH,2024-06-24,2024-10-23,1,64,256000
7316,PH,2024-01-21,2024-03-02,1,80,303000
7317,Abuja,2024-01-07,2024-06-25,5,194,705000
7318,Ibadan,2024-07-23,2024-10-05,1,35,218000
7319,PH,2024-03-16,2024-07-05,4,189,794000
7320,Ibadan,2024-10-27,2024-02-17,2,92,245000
7321,PH,2024-06-16,2024-07-18,3,135,448000
7322,Ibadan,2024-07-11,2024-12-08,1,73,378000
7323,Lagos,2024-10-20,2024-04-08,2,96,489000
7324,PH,2024-02-25,2024-03-27,1,76,366000
7325,Abuja,2024-08-25,2024-01-11,2,83,299000
7326,Lagos,2024-08-16,2024-01-27,2,764,370000
7327,Abuja,2024-05-01,2024-05-25,4,175,963000
7328,PH,2024-03-19,2024-04-17,2,113,310000
7329,Ibadan,2024-11-01,2024-04-03,5,216,627000
7330,Ibadan,2024-05-22,2024-09-19,2,75,279000
7331,Abuja,2024-04-26,2024-10-05,1,78,182000
7332,PH,2024-09-09,2024-01-16,5,220,1013000
7333,Abuja,2024-07-20,2024-12-08,1,67,267000
7334,PH,2024-05-05,2024-06-20,1,63,314000
7335,Abuja,2024-03-06,2024-05-24,2,83,150000
7336,PH,2024-04-11,2024-07-08,3,151,782000
7337,Lagos,2024-08-04,2024-01-19,4,161,89400
7338,Abuja,2024-07-08,2024-09-07,4,160,677000
7339,PH,2024-05-21,2024-09-24,2,120,486000
7340,Abuja,2024-05-26,2024-08-24,5,230,758000
7341,Abuja,2024-12-19,2024-05-27,3,147,508000
7342,PH,2024-04-23,2024-07-27,3,153,429000
7343,PH,2024-09-20,2024-12-23,5,203,896000
7344,Ibadan,2024-11-30,2024-01-08,3,122,503000
7345,Abuja,2024-06-17,2024-11-18,5,196,765000
7346,Ibadan,2024-06-06,2024-11-25,3,148,619000
7347,Ibadan,2024-03-01,2024-06-08,2,110,341000
7348,Ibadan,2024-05-04,2024-09-08,5,215,678000
7349,Ibadan,2024-09-13,2024-02-01,4,194,1095000
7350,Abuja,2024-10-03,2024-10-21,1,57,149000
7351,Abuja,2024-04-13,2024-07-20,3,132,548000
7352,PH,2024-04-10,2024-09-05,2,93,377000
7353,Lagos,2024-09-24,2024-12-15,5,212,1152000
7354,Abuja,2024-03-05,2024-08-20,4,155,562000
7355,Lagos,2024-07-21,2024-10-31,1,36,188000
7356,PH,2024-10-25,2024-01-27,4,161,663000
7357,PH,2024-10-26,2024-04-11,2,104,311000
7358,Lagos,2024-10-01,2024-12-13,1,48,267000
7359,Abuja,2024-10-06,2024-03-28,5,222,753000
7360,Abuja,2024-03-01,2024-07-29,4,185,606000
7361,Ibadan,2024-01-31,2024-05-21,2,103,466000
7362,Ibadan,2024-02-08,2024-06-27,3,158,434000
7363,Lagos,2024-08-10,2024-10-12,2,79,345000
7364,PH,2024-07-09,2024-01-02,4,169,577000
7365,Abuja,2024-03-06,2024-08-25,2,81,195000
7366,Lagos,2024-07-21,2024-08-04,2,114,502000
7367,Ibadan,2024-02-24,2024-02-23,2,95,160000
7368,Abuja,2024-04-15,2024-07-26,5,190,529000
7369,Lagos,2024-09-11,2024-02-07,5,2121,851000
7370,Lagos,2024-07-11,2024-08-01,1,66,308000
7371,PH,2024-01-13,2024-05-03,1,53,225000
7372,Lagos,2024-11-21,2024-05-11,1,38,139000
7373,PH,2024-10-02,2024-01-16,1,37,154000
7374,Abuja,2024-06-04,2024-08-30,4,192,554000
7375,Ibadan,2024-02-08,2024-03-03,3,132,558000
7376,PH,2024-09-14,2024-01-19,5,238,960000
7377,Ibadan,2024-08-10,2024-11-30,2,119,620000
7378,Abuja,2024-09-06,2024-11-29,5,192,939000
7379,Ibadan,2024-03-02,2024-03-24,3,138,454000
7380,PH,2024-03-13,2024-08-01,1,46,141000
7381,Abuja,2024-05-27,2024-06-15,5,220,585000
7382,PH,2024-04-12,2024-04-27,5,232,907000
7383,Abuja,2024-01-10,2024-03-07,2,98,442000
7384,Abuja,2024-02-28,2024-06-06,5,213,848000
7385,Lagos,2024-02-19,2024-07-14,5,2056,808000
7386,Ibadan,2024-10-12,2024-02-13,5,229,802000
7387,Ibadan,2024-04-13,2024-08-29,4,187,874000
7388,Ibadan,2024-01-11,2024-05-31,4,182,826000
7389,Lagos,2024-10-09,2024-02-02,1,44,166000
7390,PH,2024-09-15,2024-11-24,1,667,236000
7391,Lagos,2024-12-01,2024-12-23,1,72,250000
7392,Ibadan,2024-09-25,2024-10-08,5,205,968000
7393,Lagos,2024-04-26,2024-07-15,5,208,942000
7394,Lagos,2024-11-07,2024-04-19,5,200,667000
7395,Abuja,2024-08-04,2024-11-10,5,190,968000
7396,Lagos,2024-07-08,2024-11-06,5,231,1036000
7397,Lagos,2024-11-16,2024-01-31,1,34,102000
7398,Lagos,2024-02-07,2024-02-27,3,121,467000
7399,Lagos,2024-07-05,2024-08-25,4,191,621000
7400,PH,2024-04-01,2024-05-03,2,100,491000
7401,Ibadan,2024-03-30,2024-05-14,5,195,746000
7402,Ibadan,2024-04-11,2024-09-01,1,52,285000
7403,Ibadan,2024-09-11,2024-12-15,1,323,91000
7404,PH,2024-01-09,2024-02-12,3,154,692000
7405,Ibadan,2024-09-24,2024-11-14,2,115,737000
7406,Lagos,2024-12-13,2024-02-17,3,130,477000
7407,Abuja,2024-08-22,2024-01-17,4,1959,1015000
7408,PH,2024-06-23,2024-11-22,3,149,348000
7409,PH,2024-10-04,2024-02-12,4,175,762000
7410,Abuja,2024-01-11,2024-04-14,1,54,263000
7411,Lagos,2024-02-02,2024-03-02,5,233,772000
7412,Lagos,2024-05-12,2024-04-28,1,33,173000
7413,Lagos,2024-05-10,2024-09-03,4,183,958000
7414,Abuja,2024-03-30,2024-08-30,4,183,895000
7415,Lagos,2024-02-14,2024-03-06,5,192,469000
7416,PH,2024-05-11,2024-06-03,4,183,474000
7417,PH,2024-07-23,2024-11-30,5,220,808000
7418,Lagos,2024-12-26,2024-06-08,1,624,287000
7419,PH,2024-01-31,2024-06-18,2,115,328000
7420,PH,2024-06-15,2024-08-17,2,81,437000
7421,Abuja,2024-10-23,2024-12-26,4,188,866000
7422,PH,2024-01-10,2024-03-07,4,169,704000
7423,Lagos,2024-06-10,2024-06-06,1,30,69000
7424,Ibadan,2024-08-04,2024-08-29,5,218,741000
7425,PH,2024-09-15,2024-02-02,5,200,700000
7426,Lagos,2024-12-25,2024-04-30,5,207,913000
7427,PH,2024-05-25,2024-10-17,3,1647,445000
7428,Ibadan,2024-11-08,2024-12-05,2,103,469000
7429,Ibadan,2024-07-21,2024-10-27,3,136,326000
7430,Lagos,2024-08-28,2024-10-09,4,188,855000
7431,PH,2024-03-12,2024-06-01,5,2314,1125000
7432,Lagos,2024-02-08,2024-03-24,2,72,327000
7433,Lagos,2024-05-17,2024-11-09,3,121,322000
7434,Ibadan,2024-12-03,2024-05-30,4,179,662000
7435,Lagos,2024-06-09,2024-09-26,2,893,247000
7436,Abuja,2024-01-07,2024-02-16,1,69,270000
7437,Lagos,2024-03-07,2024-07-02,3,137,673000
7438,Ibadan,2024-03-23,2024-07-04,3,143,724000
7439,Ibadan,2024-05-10,2024-08-16,4,2024,727000
7440,Lagos,2024-09-11,2024-11-21,3,116,379000
7441,Lagos,2024-04-03,2024-09-10,2,84,276000
7442,Abuja,2024-04-25,2024-09-17,3,152,799000
7443,Lagos,2024-09-06,2024-01-17,2,85,356000
7444,Ibadan,2024-05-13,2024-08-01,3,1249,654000
7445,PH,2024-07-25,2024-12-04,5,2142,768000
7446,Ibadan,2024-08-27,2024-01-16,5,211,988000
7447,PH,2024-05-04,2024-08-20,4,169,537000
7448,Ibadan,2024-08-07,2024-01-30,5,237,955000
7449,PH,2024-04-07,2024-06-24,3,128,675000
7450,Abuja,2024-02-22,2024-05-03,1,58,188000
7451,Lagos,2024-08-14,2024-09-17,5,195,716000
7452,Lagos,2024-03-29,2024-05-30,4,165,804000
7453,PH,2024-08-16,2024-09-21,1,68,356000
7454,Abuja,2024-01-22,2024-07-12,1,67,241000
7455,Abuja,2024-03-03,2024-07-19,3,142,733000
7456,PH,2024-02-18,2024-03-14,1,32,60000
7457,PH,2024-09-20,2024-02-24,3,139,658000
7458,Abuja,2024-04-12,2024-05-11,5,2131,865000
7459,Abuja,2024-09-11,2024-01-24,4,179,966000
7460,Ibadan,2024-04-17,2024-10-14,5,210,607000
7461,PH,2024-12-01,2024-04-11,4,186,615000
7462,PH,2024-09-25,2024-11-28,3,122,418000
7463,Lagos,2024-02-24,2024-03-19,2,94,216000
7464,Lagos,2024-08-22,2024-11-14,1,57,297000
7465,Abuja,2024-07-16,2024-01-06,1,42,61000
7466,Lagos,2024-10-28,2024-02-19,4,200,617000
7467,PH,2024-02-25,2024-04-09,4,163,721000
7468,PH,2024-03-18,2024-05-09,2,117,618000
7469,Lagos,2024-02-07,2024-05-17,1,69,173000
7470,Lagos,2024-03-03,2024-04-26,2,94,197000
7471,PH,2024-07-11,2024-10-17,2,101,545000
7472,Lagos,2024-10-24,2024-01-03,5,235,927000
7473,PH,2024-01-02,2024-05-26,4,197,515000
7474,Lagos,2024-04-12,2024-07-20,4,166,707000
7475,PH,2024-09-07,2024-10-22,4,173,690000
7476,Lagos,2024-07-10,2024-10-10,3,155,506000
7477,PH,2024-12-19,2024-01-26,4,192,578000
7478,Lagos,2024-10-12,2024-12-07,3,110,333000
7479,Abuja,2024-05-06,2024-10-13,2,90,398000
7480,Lagos,2024-05-15,2024-10-14,5,194,499000
7481,PH,2024-07-08,2024-12-10,2,90,491000
7482,PH,2024-08-05,2024-12-13,2,92,416000
7483,Abuja,2024-07-03,2024-08-27,4,158,833000
7484,PH,2024-01-15,2024-06-03,1,65,317000
7485,Ibadan,2024-06-04,2024-09-13,5,238,918000
7486,Abuja,2024-06-03,2024-06-16,5,205,629000
7487,Abuja,2024-02-13,2024-07-24,3,158,736000
7488,Lagos,2024-08-05,2024-11-07,4,175,545000
7489,Abuja,2024-02-20,2024-03-04,3,138,453000
7490,Abuja,2024-08-26,2024-09-25,5,217,1240000
7491,PH,2024-07-27,2024-12-18,3,111,359000
7492,PH,2024-05-25,2024-10-15,2,82,221000
7493,PH,2024-01-04,2024-06-28,1,54,269000
7494,Ibadan,2024-08-15,2024-10-14,4,190,748000
7495,Ibadan,2024-02-12,2024-03-19,2,72,197000
7496,Abuja,2024-08-01,2024-11-22,2,71,410000
7497,Lagos,2024-07-01,2024-10-16,2,100,487000
7498,Ibadan,2024-10-07,2024-03-19,5,230,1006000
7499,Lagos,2024-07-28,2024-08-20,1,55,217000
7500,Lagos,2024-10-11,2024-03-18,1,73,356000
7501,Ibadan,2024-05-17,2024-06-29,1,75,326000
7502,PH,2024-08-11,2024-08-27,4,194,504000
7503,PH,2024-05-01,2024-04-12,1,55,215000
7504,Ibadan,2024-03-19,2024-08-21,5,222,659000
7505,Abuja,2024-06-02,2024-06-16,5,209,537000
7506,Ibadan,2024-10-06,2024-11-09,2,96,390000
7507,Lagos,2024-12-03,2024-02-17,4,152,459000
7508,Ibadan,2024-01-19,2024-06-09,2,94,223000
7509,Abuja,2024-11-07,2024-03-18,5,214,776000
7510,Abuja,2024-11-14,2024-02-08,5,201,702000
7511,Abuja,2024-12-18,2024-03-30,3,118,480000
7512,Abuja,2024-04-07,2024-07-23,1,38,100000
7513,Abuja,2024-04-06,2024-06-28,5,193,895000
7514,Abuja,2024-11-01,2024-12-01,1,42,176000
7515,Abuja,2024-10-10,2024-03-26,1,64,314000
7516,Ibadan,2024-04-22,2024-06-06,5,225,1128000
7517,Lagos,2024-03-21,2024-05-31,3,118,548000
7518,Abuja,2024-12-24,2024-04-08,1,32,17000
7519,Abuja,2024-08-12,2024-11-04,5,216,1083000
7520,Ibadan,2024-08-04,2024-12-18,3,158,798000
7521,Lagos,2024-01-28,2024-05-24,3,148,418000
7522,PH,2024-08-27,2024-10-12,2,87,388000
7523,Lagos,2024-09-17,2024-12-04,4,165,838000
7524,Abuja,2024-08-23,2024-10-11,2,88,365000
7525,Lagos,2024-08-03,2024-09-22,3,127,539000
7526,Ibadan,2024-05-29,2024-09-02,5,225,873000
7527,Lagos,2024-06-06,2024-09-07,1,39,181000
7528,PH,2024-12-25,2024-05-06,1,60,218000
7529,Abuja,2024-08-15,2024-08-26,3,150,638000
7530,Lagos,2024-02-02,2024-06-28,5,205,993000
7531,Lagos,2024-08-15,2024-12-14,3,128,471000
7532,Ibadan,2024-07-13,2024-08-11,4,162,489000
7533,Ibadan,2024-06-20,2024-09-26,4,196,1087000
7534,Abuja,2024-10-10,2024-12-14,1,60,255000
7535,PH,2024-01-26,2024-02-17,3,157,453000
7536,Ibadan,2024-06-24,2024-08-04,5,217,589000
7537,Abuja,2024-01-13,2024-01-29,2,79,357000
7538,Lagos,2024-08-18,2024-09-13,4,200,1021000
7539,Abuja,2024-05-01,2024-05-27,2,92,295000
7540,Ibadan,2024-06-14,2024-09-10,3,110,471000
7541,Abuja,2024-03-16,2024-06-11,1,52,175000
7542,Ibadan,2024-11-02,2024-04-11,2,97,262000
7543,Abuja,2024-05-28,2024-07-03,4,184,782000
7544,Abuja,2024-05-19,2024-06-26,3,117,544000
7545,Ibadan,2024-04-01,2024-05-23,1,624,217000
7546,Abuja,2024-06-08,2024-07-08,4,183,610000
7547,Ibadan,2024-11-15,2024-03-30,4,164,612000
7548,Ibadan,2024-11-27,2024-01-09,1,38,141000
7549,PH,2024-09-13,2024-11-26,5,196,579000
7550,Ibadan,2024-12-28,2024-06-05,3,149,577000
7551,PH,2024-04-08,2024-06-03,4,174,667000
7552,Ibadan,2024-04-08,2024-10-05,5,222,672000
7553,Lagos,2024-10-06,2024-11-29,3,119,596000
7554,Abuja,2024-04-04,2024-08-19,3,160,539000
7555,Lagos,2024-12-27,2024-01-29,1,68,253000
7556,Ibadan,2024-08-31,2024-12-16,4,159,675000
7557,Lagos,2024-03-11,2024-07-16,4,192,992000
7558,PH,2024-01-08,2024-06-08,4,194,737000
7559,Lagos,2024-09-02,2024-12-11,5,217,993000
7560,Ibadan,2024-12-17,2024-02-25,3,118,401000
7561,Abuja,2024-03-06,2024-07-25,1,861,361000
7562,Abuja,2024-04-09,2024-08-10,1,30,132000
7563,Abuja,2024-11-07,2024-02-03,4,194,897000
7564,Abuja,2024-01-02,2024-02-11,3,129,481000
7565,Lagos,2024-06-30,2024-12-06,4,1625,803000
7566,Abuja,2024-02-01,2024-03-01,4,191,751000
7567,PH,2024-08-03,2024-11-28,2,78,201000
7568,Abuja,2024-10-22,2024-12-09,3,148,476000
7569,Ibadan,2024-11-26,2024-03-10,2,96,335000
7570,Abuja,2024-04-07,2024-06-21,2,77,286000
7571,PH,2024-08-09,2024-10-30,5,230,944000
7572,Abuja,2024-03-13,2024-08-29,4,200,606000
7573,PH,2024-03-31,2024-07-03,2,113,470000
7574,Abuja,2024-09-27,2024-03-08,5,240,1164000
7575,PH,2024-06-08,2024-11-07,5,232,1177000
7576,Abuja,2024-08-30,2024-02-18,5,205,82300
7577,Lagos,2024-04-06,2024-08-27,5,209,751000
7578,Abuja,2024-09-10,2024-12-27,2,119,381000
7579,Abuja,2024-12-22,2024-02-02,4,153,516000
7580,Lagos,2024-03-09,2024-07-04,1,78,160000
7581,Lagos,2024-07-21,2024-07-19,3,159,423000
7582,Ibadan,2024-03-29,2024-09-04,5,240,606000
7583,Lagos,2024-07-01,2024-08-07,4,179,997000
7584,Abuja,2024-03-24,2024-04-05,2,83,275000
7585,Abuja,2024-08-12,2024-12-25,2,108,440000
7586,Lagos,2024-09-29,2024-02-20,4,1970,828000
7587,Lagos,2024-06-04,2024-11-04,3,119,561000
7588,PH,2024-12-27,2024-04-04,4,170,603000
7589,Ibadan,2024-02-02,2024-05-17,2,83,183000
7590,PH,2024-01-20,2024-05-19,5,226,566000
7591,Ibadan,2024-09-10,2024-10-25,5,204,988000
7592,Abuja,2024-06-21,2024-11-15,4,155,641000
7593,Ibadan,2024-04-04,2024-09-20,4,167,617000
7594,Lagos,2024-08-09,2024-10-24,5,204,821000
7595,Lagos,2024-04-26,2024-08-11,3,148,698000
7596,Ibadan,2024-04-06,2024-06-03,5,218,1104000
7597,Abuja,2024-03-28,2024-09-05,4,150,723000
7598,Abuja,2024-02-27,2024-03-08,3,154,467000
7599,Abuja,2024-12-11,2024-12-27,5,205,943000
7600,PH,2024-08-17,2024-09-17,5,2260,890000
7601,PH,2024-01-11,2024-04-07,4,184,882000
7602,PH,2024-06-20,2024-12-14,1,60,213000
7603,Lagos,2024-08-07,2024-01-25,1,62,323000
7604,Abuja,2024-09-25,2024-02-09,1,78,264000
7605,PH,2024-04-01,2024-05-03,2,958,201000
7606,Lagos,2024-02-16,2024-07-01,3,123,3100000
7607,Abuja,2024-10-08,2024-01-18,4,160,596000
7608,Ibadan,2024-06-23,2024-10-26,2,91,235000
7609,Abuja,2024-10-26,2024-02-04,5,219,794000
7610,PH,2024-03-11,2024-04-22,4,164,521000
7611,Lagos,2024-06-23,2024-10-14,3,121,355000
7612,PH,2024-07-30,2024-08-13,5,227,908000
7613,Abuja,2024-10-17,2024-02-22,5,203,969000
7614,Lagos,2024-08-01,2024-08-24,4,151,596000
7615,Abuja,2024-09-30,2024-01-10,5,208,668000
7616,Abuja,2024-09-06,2024-02-29,4,197,902000
7617,PH,2024-10-28,2024-11-11,2,95,386000
7618,PH,2024-04-21,2024-05-09,3,159,498000
7619,Abuja,2024-08-02,2024-10-26,3,115,367000
7620,Ibadan,2024-07-16,2024-10-21,5,234,1214000
7621,Ibadan,2024-09-26,2024-02-23,2,93,445000
7622,Ibadan,2024-07-25,2024-10-31,5,211,675000
7623,PH,2024-02-23,2024-05-10,4,171,543000
7624,Lagos,2024-07-08,2024-09-27,5,220,975000
7625,Lagos,2024-08-14,2024-09-09,3,135,755000
7626,PH,2024-06-02,2024-06-12,2,73,232000
7627,Ibadan,2024-12-03,2024-12-29,1,40,186000
7628,Lagos,2024-01-15,2024-06-21,4,194,727000
7629,Lagos,2024-07-07,2024-09-23,2,105,615000
7630,Abuja,2024-09-20,2024-09-03,3,115,363000
7631,PH,2024-07-23,2024-08-22,4,183,730000
7632,Ibadan,2024-06-22,2024-09-27,3,139,459000
7633,PH,2024-02-24,2024-08-03,1,36,120000
7634,Ibadan,2024-09-06,2024-09-19,5,215,924000
7635,Ibadan,2024-04-29,2024-07-31,1,46,252000
7636,Abuja,2024-03-18,2024-07-22,5,209,757000
7637,Abuja,2024-11-26,2024-02-17,3,142,691000
7638,PH,2024-01-21,2024-05-20,3,134,563000
7639,PH,2024-10-24,2024-03-23,4,194,957000
7640,Ibadan,2024-10-05,2024-11-27,3,159,568000
7641,Ibadan,2024-11-09,2024-01-09,3,115,513000
7642,Lagos,2024-04-12,2024-05-09,4,168,799000
7643,Lagos,2024-05-02,2024-08-30,3,112,249000
7644,PH,2024-04-12,2024-09-17,1,77,260000
7645,Ibadan,2024-08-11,2024-10-22,5,193,773000
7646,Abuja,2024-07-30,2024-07-18,2,117,364000
7647,PH,2024-07-16,2024-10-18,4,158,842000
7648,PH,2024-08-22,2024-11-28,3,129,758000
7649,Ibadan,2024-07-09,2024-08-05,3,116,553000
7650,Abuja,2024-09-17,2024-01-17,4,180,928000
7651,Lagos,2024-09-13,2024-01-08,2,114,708000
7652,PH,2024-11-24,2024-05-12,2,70,366000
7653,PH,2024-07-18,2024-08-04,3,114,530000
7654,PH,2024-07-29,2024-08-19,2,86,290000
7655,Lagos,2024-03-27,2024-06-28,5,231,853000
7656,Abuja,2024-05-25,2024-07-10,1,70,307000
7657,Ibadan,2024-06-26,2024-07-15,1,78,294000
7658,PH,2024-01-11,2024-06-26,1,646,275000
7659,Abuja,2024-07-08,2024-08-30,5,225,683000
7660,Ibadan,2024-07-15,2024-10-26,4,193,1049000
7661,Lagos,2024-04-29,2024-10-17,3,152,879000
7662,PH,2024-02-10,2024-04-04,4,173,800000
7663,Abuja,2024-08-30,2024-02-11,1,667,185000
7664,Abuja,2024-03-08,2024-06-30,1,73,371000
7665,Abuja,2024-03-20,2024-03-11,4,161,766000
7666,Ibadan,2024-11-03,2024-03-07,3,119,546000
7667,Ibadan,2024-01-22,2024-05-24,1,38,243000
7668,PH,2024-12-25,2024-12-07,5,193,982000
7669,PH,2024-05-16,2024-07-09,3,118,261000
7670,Ibadan,2024-08-02,2024-10-26,1,80,227000
7671,Lagos,2024-11-21,2024-03-23,5,190,897000
7672,Ibadan,2024-07-25,2024-12-25,3,131,311000
7673,Lagos,2024-02-05,2024-02-19,1,49,62000
7674,PH,2024-02-03,2024-06-09,4,162,321000
7675,Ibadan,2024-07-25,2024-11-05,2,107,367000
7676,Ibadan,2024-09-16,2024-12-30,3,153,426000
7677,PH,2024-12-24,2024-06-18,3,123,597000
7678,Lagos,2024-06-01,2024-09-27,2,89,395000
7679,Abuja,2024-03-20,2024-09-07,3,129,383000
7680,Abuja,2024-01-29,2024-03-18,1,79,351000
7681,Abuja,2024-06-23,2024-08-20,3,131,545000
7682,Ibadan,2024-09-23,2024-12-15,5,211,962000
7683,PH,2024-08-25,2024-11-10,2,105,446000
7684,Abuja,2024-10-09,2024-02-24,1,43,204000
7685,Ibadan,2024-08-29,2024-01-15,3,160,639000
7686,Abuja,2024-12-19,2024-05-28,1,77,230000
7687,Lagos,2024-04-12,2024-06-25,4,159,462000
7688,Lagos,2024-10-23,2024-01-28,2,96,421000
7689,PH,2024-09-16,2024-12-16,2,82,250000
7690,Ibadan,2024-04-20,2024-05-26,1,57,235000
7691,Ibadan,2024-02-04,2024-02-19,2,101,237000
7692,Lagos,2024-10-07,2024-11-05,5,205,740000
7693,Ibadan,2024-05-04,2024-08-17,2,113,477000
7694,Ibadan,2024-08-06,2024-10-31,1,47,62000
7695,PH,2024-02-05,2024-01-30,3,1722,691000
7696,Ibadan,2024-02-05,2024-01-29,1,70,53000
7697,PH,2024-12-15,2024-05-05,4,1851,557000
7698,Abuja,2024-09-28,2024-02-06,4,199,612000
7699,Abuja,2024-02-24,2024-05-17,2,85,127000
7700,Abuja,2024-09-03,2024-10-02,2,106,462000
7701,Lagos,2024-03-29,2024-04-30,2,83,283000
7702,PH,2024-08-29,2024-10-19,5,199,954000
7703,Abuja,2024-06-16,2024-10-13,3,136,378000
7704,Abuja,2024-11-27,2024-02-04,5,209,936000
7705,PH,2024-05-11,2024-10-04,5,222,1169000
7706,Abuja,2024-12-24,2024-04-30,5,194,770000
7707,Lagos,2024-05-13,2024-07-09,4,156,708000
7708,PH,2024-04-27,2024-09-25,4,185,960000
7709,Ibadan,2024-06-02,2024-11-08,2,117,545000
7710,Abuja,2024-07-18,2024-10-12,1,70,341000
7711,Ibadan,2024-04-02,2024-06-24,1,63,335000
7712,Ibadan,2024-03-10,2024-08-01,5,217,543000
7713,PH,2024-04-14,2024-06-04,4,180,739000
7714,Ibadan,2024-03-06,2024-06-29,3,154,583000
7715,Ibadan,2024-04-23,2024-05-15,4,182,724000
7716,Abuja,2024-11-11,2024-03-30,4,181,860000
7717,Abuja,2024-08-28,2024-01-12,2,70,435000
7718,Lagos,2024-09-10,2024-10-23,5,201,923000
7719,Ibadan,2024-11-08,2024-12-26,3,141,633000
7720,Abuja,2024-08-31,2024-01-16,3,136,622000
7721,Ibadan,2024-12-11,2024-12-04,3,144,657000
7722,PH,2024-09-15,2024-01-22,1,39,100000
7723,Abuja,2024-06-15,2024-07-25,5,221,731000
7724,Ibadan,2024-03-08,2024-07-12,3,151,586000
7725,Ibadan,2024-05-18,2024-06-24,2,1259,436000
7726,Lagos,2024-05-23,2024-06-26,4,187,481000
7727,Ibadan,2024-09-09,2024-12-18,1,36,129000
7728,PH,2024-01-02,2024-04-05,4,155,508000
7729,PH,2024-01-02,2024-06-10,3,160,3670000
7730,Ibadan,2024-11-03,2024-04-20,2,110,391000
7731,Lagos,2024-02-05,2024-03-22,3,140,576000
7732,Abuja,2024-09-09,2024-09-30,4,197,777000
7733,Lagos,2024-02-05,2024-04-11,3,121,567000
7734,Lagos,2024-03-13,2024-05-12,2,70,235000
7735,PH,2024-12-04,2024-04-16,5,191,664000
7736,Abuja,2024-11-17,2024-12-25,4,184,834000
7737,Lagos,2024-11-19,2024-02-04,2,105,470000
7738,PH,2024-03-06,2024-07-12,2,96,398000
7739,Ibadan,2024-02-12,2024-04-29,2,118,431000
7740,Abuja,2024-12-03,2024-05-08,2,111,287000
7741,PH,2024-09-16,2024-01-24,1,34,77000
7742,PH,2024-06-25,2024-08-09,1,50,190000
7743,Lagos,2024-09-15,2024-09-26,3,158,666000
7744,Abuja,2024-10-02,2024-01-08,1,40,218000
7745,Lagos,2024-09-16,2024-01-28,4,157,612000
7746,Ibadan,2024-12-24,2024-03-18,4,185,669000
7747,PH,2024-01-22,2024-07-01,4,179,662000
7748,Ibadan,2024-06-20,2024-08-28,4,198,759000
7749,Abuja,2024-03-10,2024-03-03,2,108,324000
7750,Ibadan,2024-05-19,2024-06-16,5,236,780000
7751,Abuja,2024-07-29,2024-08-26,4,150,587000
7752,Lagos,2024-04-24,2024-08-21,4,169,549000
7753,Abuja,2024-12-20,2024-03-06,1,840,255000
7754,PH,2024-08-18,2024-10-06,1,58,341000
7755,Ibadan,2024-06-16,2024-07-25,2,87,225000
7756,Abuja,2024-02-02,2024-06-14,2,111,591000
7757,Lagos,2024-07-16,2024-09-27,5,2303,943000
7758,Ibadan,2024-03-30,2024-03-23,2,72,246000
7759,Lagos,2024-10-13,2024-11-14,4,173,539000
7760,Lagos,2024-01-13,2024-06-16,2,76,384000
7761,Ibadan,2024-05-02,2024-10-14,5,200,604000
7762,Abuja,2024-11-25,2024-01-03,4,161,62300
7763,Lagos,2024-06-19,2024-09-25,5,214,934000
7764,Lagos,2024-08-20,2024-10-04,5,220,901000
7765,Lagos,2024-05-11,2024-08-04,5,211,892000
7766,PH,2024-06-02,2024-09-07,1,39,124000
7767,Lagos,2024-08-10,2024-01-14,2,840,428000
7768,Ibadan,2024-06-14,2024-08-21,2,78,415000
7769,Abuja,2024-10-09,2024-12-23,3,118,371000
7770,Lagos,2024-07-21,2024-09-03,5,2217,522000
7771,Lagos,2024-07-01,2024-12-05,3,125,310000
7772,Ibadan,2024-07-20,2024-01-09,5,194,603000
7773,Ibadan,2024-11-27,2024-05-20,3,1335,541000
7774,PH,2024-03-23,2024-08-21,2,105,465000
7775,PH,2024-08-30,2024-09-25,1,73,233000
7776,Abuja,2024-12-28,2024-05-16,4,182,862000
7777,Ibadan,2024-06-01,2024-10-02,5,203,1056000
7778,Lagos,2024-08-28,2024-09-11,1,79,209000
7779,Ibadan,2024-01-04,2024-04-21,2,102,307000
7780,PH,2024-09-11,2024-10-23,5,237,1094000
7781,Ibadan,2024-06-17,2024-07-21,5,220,880000
7782,Lagos,2024-02-20,2024-05-02,4,163,476000
7783,Lagos,2024-07-22,2024-09-07,2,102,369000
7784,Ibadan,2024-05-29,2024-10-22,1,34,42000
7785,Lagos,2024-03-07,2024-07-14,5,240,855000
7786,Ibadan,2024-01-24,2024-06-12,4,163,302000
7787,Ibadan,2024-03-21,2024-05-21,4,153,564000
7788,Lagos,2024-06-25,2024-11-07,5,211,1131000
7789,Abuja,2024-04-04,2024-03-15,3,144,518000
7790,PH,2024-07-20,2024-09-17,3,142,738000
7791,Ibadan,2024-05-04,2024-09-05,4,154,874000
7792,Abuja,2024-05-13,2024-08-17,4,174,506000
7793,Ibadan,2024-07-17,2024-10-13,4,170,815000
7794,Lagos,2024-03-27,2024-08-05,2,115,600000
7795,Lagos,2024-05-20,2024-10-14,4,197,633000
7796,Lagos,2024-08-26,2024-10-27,1,56,307000
7797,Ibadan,2024-08-13,2024-12-24,1,54,52000
7798,Lagos,2024-02-02,2024-01-19,4,157,432000
7799,PH,2024-07-20,2024-10-12,1,42,142000
7800,PH,2024-06-29,2024-09-30,3,111,285000
7801,Abuja,2024-02-12,2024-07-28,4,174,936000
7802,PH,2024-07-21,2024-08-10,3,150,363000
7803,Lagos,2024-12-14,2024-02-09,4,175,778000
7804,Abuja,2024-10-07,2024-12-22,1,61,186000
7805,Ibadan,2024-08-09,2024-11-28,3,115,418000
7806,Abuja,2024-09-26,2024-12-18,4,197,587000
7807,Abuja,2024-01-10,2024-01-24,3,139,419000
7808,Abuja,2024-07-07,2024-10-30,5,226,649000
7809,Lagos,2024-05-15,2024-06-01,4,167,817000
7810,Ibadan,2024-06-07,2024-10-27,3,155,570000
7811,Abuja,2024-01-07,2024-04-19,1,63,234000
7812,PH,2024-08-10,2024-01-14,5,233,956000
7813,Abuja,2024-12-04,2024-04-17,3,1335,463000
7814,Ibadan,2024-08-12,2024-11-21,5,237,1242000
7815,PH,2024-12-27,2024-05-30,5,210,1033000
7816,Abuja,2024-08-05,2024-11-17,5,238,1188000
7817,PH,2024-10-10,2024-02-19,4,168,602000
7818,Lagos,2024-07-06,2024-12-17,1,79,225000
7819,Abuja,2024-12-04,2024-12-20,3,145,657000
7820,Ibadan,2024-08-04,2024-01-08,2,114,343000
7821,Lagos,2024-07-16,2024-11-09,1,33,164000
7822,Ibadan,2024-06-16,2024-10-31,2,83,286000
7823,Ibadan,2024-05-24,2024-07-19,1,45,163000
7824,PH,2024-05-25,2024-09-11,5,199,808000
7825,Ibadan,2024-08-18,2024-12-11,4,180,1043000
7826,PH,2024-04-30,2024-08-08,2,75,410000
7827,Ibadan,2024-11-28,2024-04-01,5,2357,790000
7828,Ibadan,2024-03-07,2024-04-04,1,71,368000
7829,PH,2024-02-14,2024-04-09,1,60,194000
7830,Abuja,2024-06-05,2024-08-03,1,54,206000
7831,Ibadan,2024-02-13,2024-04-07,4,1647,312000
7832,PH,2024-08-01,2024-10-09,4,187,786000
7833,Abuja,2024-08-08,2024-11-19,4,190,622000
7834,Abuja,2024-11-03,2024-02-15,2,109,348000
7835,Ibadan,2024-08-22,2024-02-06,1,47,195000
7836,PH,2024-08-16,2024-12-16,1,64,213000
7837,PH,2024-02-23,2024-07-06,5,224,762000
7838,PH,2024-08-10,2024-10-01,5,215,716000
7839,Abuja,2024-01-01,2024-03-06,2,99,396000
7840,Abuja,2024-05-04,2024-09-28,3,149,536000
7841,Lagos,2024-02-20,2024-05-01,3,124,528000
7842,PH,2024-05-10,2024-09-15,2,113,455000
7843,Abuja,2024-06-29,2024-12-03,5,201,1093000
7844,Abuja,2024-06-01,2024-11-08,4,167,677000
7845,Ibadan,2024-12-11,2024-01-18,4,187,731000
7846,Abuja,2024-03-11,2024-06-14,3,140,677000
7847,Abuja,2024-02-03,2024-05-22,5,232,795000
7848,Ibadan,2024-08-08,2024-09-28,2,91,306000
7849,Ibadan,2024-01-14,2024-07-12,4,154,658000
7850,Lagos,2024-05-03,2024-08-09,5,2368,972000
7851,Lagos,2024-01-20,2024-02-22,1,635,383000
7852,Abuja,2024-04-27,2024-07-26,3,141,362000
7853,Lagos,2024-05-26,2024-10-17,1,786,444000
7854,Ibadan,2024-07-10,2024-11-29,5,216,1169000
7855,Abuja,2024-05-14,2024-09-23,2,71,268000
7856,Abuja,2024-01-28,2024-03-25,2,1109,343000
7857,PH,2024-08-31,2024-11-29,2,113,449000
7858,Lagos,2024-05-21,2024-05-16,4,190,727000
7859,PH,2024-08-31,2024-10-16,5,208,1171000
7860,Abuja,2024-04-10,2024-08-18,1,35,135000
7861,Lagos,2024-07-06,2024-12-04,4,199,1072000
7862,Ibadan,2024-09-15,2024-01-13,2,96,364000
7863,Abuja,2024-09-12,2024-12-04,3,143,671000
7864,Abuja,2024-05-04,2024-07-18,2,86,360000
7865,Ibadan,2024-05-30,2024-10-15,5,219,1200000
7866,Ibadan,2024-08-11,2024-02-05,5,212,1012000
7867,PH,2024-06-17,2024-10-22,4,167,562000
7868,Ibadan,2024-08-08,2024-11-05,4,153,467000
7869,Ibadan,2024-07-21,2024-12-18,4,172,898000
7870,Lagos,2024-02-23,2024-07-31,3,124,56600
7871,Lagos,2024-04-09,2024-05-07,2,113,404000
7872,Abuja,2024-05-20,2024-07-09,2,116,551000
7873,Lagos,2024-11-10,2024-12-10,4,151,485000
7874,Lagos,2024-06-07,2024-08-12,5,214,1100000
7875,Abuja,2024-09-24,2024-01-06,5,228,1081000
7876,Abuja,2024-05-12,2024-09-26,4,152,794000
7877,Abuja,2024-01-05,2024-05-06,4,182,501000
7878,Ibadan,2024-05-31,2024-10-08,5,207,866000
7879,Lagos,2024-10-24,2024-02-25,1,60,278000
7880,Abuja,2024-08-01,2024-12-26,1,77,183000
7881,Ibadan,2024-12-22,2024-02-03,5,192,754000
7882,PH,2024-12-29,2024-03-18,1,54,235000
7883,Lagos,2024-03-20,2024-03-31,2,107,510000
7884,PH,2024-02-07,2024-04-02,1,592,180000
7885,PH,2024-12-11,2024-01-15,4,150,660000
7886,Ibadan,2024-11-23,2024-03-05,2,114,429000
7887,Lagos,2024-10-21,2024-12-10,5,234,844000
7888,Ibadan,2024-03-09,2024-03-30,2,1109,497000
7889,Abuja,2024-04-12,2024-06-06,3,122,522000
7890,PH,2024-03-07,2024-09-03,4,184,967000
7891,PH,2024-05-15,2024-08-26,1,42,193000
7892,Abuja,2024-05-01,2024-09-04,5,217,990000
7893,PH,2024-10-10,2024-11-01,3,140,509000
7894,Ibadan,2024-04-07,2024-09-22,3,125,637000
7895,Ibadan,2024-05-29,2024-06-30,5,235,675000
7896,Abuja,2024-10-01,2024-01-11,1,65,153000
7897,Abuja,2024-09-08,2024-11-03,5,2174,675000
7898,Ibadan,2024-12-06,2024-01-13,4,188,721000
7899,PH,2024-05-17,2024-09-03,1,64,268000
7900,Abuja,2024-08-28,2024-11-26,3,123,366000
7901,PH,2024-03-29,2024-05-16,4,195,553000
7902,Lagos,2024-10-28,2024-02-26,4,181,650000
7903,Ibadan,2024-06-17,2024-08-27,4,183,679000
7904,PH,2024-07-12,2024-08-19,4,159,707000
7905,Lagos,2024-11-24,2024-02-01,1,76,218000
7906,Lagos,2024-07-03,2024-12-15,3,131,631000
7907,Ibadan,2024-05-07,2024-06-23,3,117,336000
7908,Lagos,2024-05-19,2024-09-04,5,208,1107000
7909,Ibadan,2024-05-18,2024-09-03,4,181,702000
7910,Lagos,2024-03-14,2024-06-08,5,228,1110000
7911,Ibadan,2024-09-20,2024-01-19,4,198,618000
7912,Lagos,2024-04-09,2024-06-22,5,231,1172000
7913,Ibadan,2024-11-30,2024-04-26,2,89,274000
7914,PH,2024-07-22,2024-09-05,5,211,651000
7915,Lagos,2024-07-21,2024-09-19,4,177,530000
7916,Ibadan,2024-10-27,2024-01-13,2,118,402000
7917,PH,2024-07-10,2024-09-11,1,72,337000
7918,Lagos,2024-05-28,2024-06-08,4,184,570000
7919,Lagos,2024-11-07,2024-01-27,3,123,572000
7920,Abuja,2024-06-18,2024-07-04,2,106,360000
7921,PH,2024-07-11,2024-08-23,1,32,68000
7922,Abuja,2024-10-20,2024-04-15,2,93,345000
7923,Ibadan,2024-03-12,2024-05-15,3,136,368000
7924,Abuja,2024-12-29,2024-05-18,5,227,782000
7925,Lagos,2024-01-22,2024-06-20,2,111,564000
7926,Abuja,2024-07-12,2024-01-07,2,91,515000
7927,PH,2024-09-14,2024-02-06,2,117,547000
7928,Ibadan,2024-01-22,2024-04-21,5,220,862000
7929,Lagos,2024-01-29,2024-03-22,1,62,259000
7930,PH,2024-05-10,2024-06-05,2,85,345000
7931,Ibadan,2024-08-15,2024-11-22,1,57,181000
7932,PH,2024-06-03,2024-11-28,1,76,238000
7933,PH,2024-02-24,2024-07-01,4,155,615000
7934,Lagos,2024-04-19,2024-10-13,2,119,511000
7935,PH,2024-04-12,2024-07-31,1,80,249000
7936,Ibadan,2024-12-29,2024-03-26,2,103,428000
7937,Lagos,2024-06-10,2024-11-24,5,191,773000
7938,PH,2024-11-27,2024-02-11,4,186,782000
7939,Ibadan,2024-05-19,2024-10-18,5,228,689000
7940,Ibadan,2024-02-04,2024-07-01,2,79,259000
7941,PH,2024-01-03,2024-05-14,5,218,795000
7942,Abuja,2024-07-06,2024-10-16,5,208,1023000
7943,PH,2024-04-05,2024-06-13,5,2185,631000
7944,Lagos,2024-12-09,2024-01-24,1,60,293000
7945,Ibadan,2024-07-13,2024-09-18,5,213,1204000
7946,PH,2024-01-08,2024-05-03,1,55,184000
7947,Lagos,2024-08-27,2024-02-05,5,197,781000
7948,Lagos,2024-09-20,2024-12-15,2,110,429000
7949,Ibadan,2024-02-20,2024-07-31,1,42,86000
7950,Ibadan,2024-05-12,2024-06-20,5,223,759000
7951,Abuja,2024-06-23,2024-08-24,2,88,476000
7952,Abuja,2024-07-19,2024-10-08,3,145,726000
7953,Lagos,2024-10-28,2024-04-01,4,169,811000
7954,Lagos,2024-08-01,2024-11-12,5,2282,1077000
7955,PH,2024-01-26,2024-02-08,5,212,852000
7956,Abuja,2024-04-09,2024-07-22,1,53,161000
7957,Ibadan,2024-07-30,2024-10-19,5,216,1130000
7958,PH,2024-02-05,2024-04-12,5,234,1178000
7959,PH,2024-03-16,2024-06-03,5,222,1119000
7960,PH,2024-03-15,2024-05-02,3,143,665000
7961,Ibadan,2024-04-27,2024-05-09,4,178,680000
7962,PH,2024-02-22,2024-07-23,3,128,690000
7963,Ibadan,2024-02-25,2024-04-20,4,155,494000
7964,Abuja,2024-03-04,2024-04-23,1,52,200000
7965,Ibadan,2024-06-10,2024-10-17,5,240,1000000
7966,PH,2024-08-15,2024-11-08,4,1658,555000
7967,Abuja,2024-08-17,2024-10-12,1,39,4000
7968,Abuja,2024-01-07,2024-02-21,3,148,580000
7969,Ibadan,2024-04-28,2024-08-16,3,159,433000
7970,Abuja,2024-07-22,2024-08-23,1,34,133000
7971,Abuja,2024-05-10,2024-07-23,4,171,440000
7972,Abuja,2024-08-03,2024-08-23,3,136,714000
7973,Lagos,2024-11-05,2024-01-11,1,58,234000
7974,Lagos,2024-11-27,2024-05-02,1,51,325000
7975,Abuja,2024-04-30,2024-06-23,5,236,772000
7976,PH,2024-07-25,2024-10-13,3,150,763000
7977,Lagos,2024-12-01,2024-03-09,5,234,835000
7978,PH,2024-04-21,2024-05-05,1,53,183000
7979,Abuja,2024-04-19,2024-09-10,3,130,535000
7980,Ibadan,2024-08-31,2024-09-18,2,120,705000
7981,PH,2024-03-21,2024-04-22,2,88,441000
7982,Lagos,2024-04-23,2024-10-03,5,239,607000
7983,PH,2024-07-28,2024-10-16,4,1873,974000
7984,Abuja,2024-03-12,2024-05-18,1,32,121000
7985,Abuja,2024-06-29,2024-12-22,5,232,1104000
7986,PH,2024-09-15,2024-10-05,2,88,543000
7987,PH,2024-07-08,2024-11-05,1,71,313000
7988,Abuja,2024-04-11,2024-08-13,2,102,531000
7989,Lagos,2024-07-17,2024-08-14,4,2056,862000
7990,Lagos,2024-07-08,2024-12-08,3,152,382000
7991,Ibadan,2024-10-23,2024-01-23,1,45,149000
7992,Abuja,2024-09-06,2024-02-20,4,166,716000
7993,Ibadan,2024-09-27,2024-11-28,1,61,223000
7994,Abuja,2024-06-21,2024-11-04,1,62,245000
7995,Ibadan,2024-03-24,2024-08-20,4,162,746000
7996,Abuja,2024-01-11,2024-06-12,4,190,909000
7997,Abuja,2024-04-27,2024-07-27,4,181,585000
7998,Lagos,2024-02-01,2024-07-13,3,118,470000
7999,Lagos,2024-02-19,2024-08-03,4,178,809000
8000,Ibadan,2024-10-30,2024-02-13,4,199,940000
8001,Ibadan,2024-11-13,2024-12-09,3,126,432000
8002,Abuja,2024-05-18,2024-08-23,1,40,173000
8003,Abuja,2024-07-15,2024-12-15,5,240,1058000
8004,Ibadan,2024-07-04,2024-12-22,2,84,347000
8005,Abuja,2024-02-09,2024-06-09,1,64,112000
8006,PH,2024-09-02,2024-10-26,1,36,106000
8007,Ibadan,2024-10-25,2024-04-02,1,40,87000
8008,Abuja,2024-08-23,2024-09-21,4,192,841000
8009,Ibadan,2024-02-21,2024-03-19,5,202,935000
8010,Abuja,2024-05-01,2024-09-21,3,160,706000
8011,Lagos,2024-10-01,2024-03-27,3,116,439000
8012,PH,2024-07-08,2024-12-04,3,134,668000
8013,Ibadan,2024-07-01,2024-08-25,5,202,1102000
8014,Abuja,2024-07-19,2024-08-07,4,193,1034000
8015,PH,2024-01-14,2024-02-29,4,198,938000
8016,Abuja,2024-02-14,2024-07-25,4,162,517000
8017,Abuja,2024-05-16,2024-07-16,1,80,518000
8018,PH,2024-05-06,2024-10-16,4,195,677000
8019,Ibadan,2024-04-26,2024-06-08,5,216,603000
8020,Lagos,2024-08-15,2024-12-27,2,82,426000
8021,Lagos,2024-11-25,2024-12-26,3,150,594000
8022,Ibadan,2024-02-01,2024-04-12,4,178,417000
8023,PH,2024-05-31,2024-09-04,4,165,572000
8024,PH,2024-06-22,2024-10-21,1,34,72000
8025,Abuja,2024-03-02,2024-08-07,4,1841,629000
8026,PH,2024-04-05,2024-05-16,3,153,435000
8027,Abuja,2024-05-15,2024-06-19,4,188,511000
8028,Ibadan,2024-08-05,2024-10-25,2,117,447000
8029,Abuja,2024-06-25,2024-08-20,3,112,653000
8030,PH,2024-03-29,2024-05-15,1,549,247000
8031,PH,2024-03-18,2024-03-28,1,53,177000
8032,Ibadan,2024-12-05,2024-03-29,5,228,896000
8033,Abuja,2024-11-28,2024-01-08,5,2400,720000
8034,Abuja,2024-07-19,2024-12-29,3,152,810000
8035,Lagos,2024-06-11,2024-07-28,5,2185,1090000
8036,Abuja,2024-12-09,2024-01-03,3,134,472000
8037,Lagos,2024-09-27,2024-03-15,1,31,129000
8038,Abuja,2024-08-12,2024-12-06,4,184,816000
8039,Lagos,2024-08-13,2024-12-17,3,134,492000
8040,Ibadan,2024-02-24,2024-05-16,4,158,767000
8041,Lagos,2024-04-16,2024-09-13,2,75,288000
8042,Abuja,2024-07-17,2024-09-07,3,150,608000
8043,Abuja,2024-04-09,2024-07-06,2,77,207000
8044,Lagos,2024-02-23,2024-05-04,3,123,343000
8045,Abuja,2024-03-05,2024-06-14,4,151,485000
8046,Ibadan,2024-02-20,2024-05-26,4,176,668000
8047,PH,2024-10-03,2024-11-18,5,2110,617000
8048,PH,2024-07-25,2024-09-10,1,67,326000
8049,Abuja,2024-01-15,2024-05-02,4,171,709000
8050,Ibadan,2024-11-27,2024-02-18,2,108,542000
8051,Lagos,2024-03-21,2024-07-20,1,506,189000
8052,Lagos,2024-03-04,2024-05-12,5,202,911000
8053,Ibadan,2024-08-09,2024-12-20,5,217,1161000
8054,Abuja,2024-05-07,2024-09-26,1,41,35000
8055,Abuja,2024-08-23,2024-02-15,2,118,309000
8056,Ibadan,2024-01-26,2024-05-11,4,169,807000
8057,PH,2024-03-08,2024-05-31,5,215,535000
8058,Abuja,2024-03-06,2024-06-14,3,145,774000
8059,Ibadan,2024-08-02,2024-09-27,3,1464,753000
8060,PH,2024-06-25,2024-10-13,1,72,277000
8061,Lagos,2024-08-25,2024-10-30,5,211,918000
8062,Abuja,2024-11-22,2024-01-18,2,73,240000
8063,Lagos,2024-03-26,2024-04-10,3,122,359000
8064,Ibadan,2024-04-16,2024-07-18,4,179,738000
8065,Abuja,2024-01-11,2024-04-30,4,179,548000
8066,Lagos,2024-03-31,2024-07-29,3,142,435000
8067,Ibadan,2024-08-07,2024-11-10,2,75,312000
8068,Ibadan,2024-01-04,2024-01-29,1,31,35000
8069,PH,2024-12-11,2024-02-28,5,2422,1115000
8070,Abuja,2024-01-12,2024-06-07,1,44,152000
8071,Lagos,2024-08-16,2024-09-25,2,74,389000
8072,Ibadan,2024-07-30,2024-10-27,2,84,420000
8073,Ibadan,2024-09-09,2024-11-30,4,153,787000
8074,Ibadan,2024-08-05,2024-01-01,2,101,450000
8075,Ibadan,2024-05-21,2024-07-07,4,166,643000
8076,PH,2024-08-21,2024-10-22,2,84,403000
8077,PH,2024-09-09,2024-10-21,4,187,1117000
8078,Lagos,2024-02-12,2024-03-14,3,119,399000
8079,Abuja,2024-05-15,2024-10-25,5,206,854000
8080,PH,2024-04-10,2024-07-01,1,80,412000
8081,Abuja,2024-01-26,2024-05-08,5,2433,1127000
8082,Abuja,2024-02-02,2024-07-31,4,184,474000
8083,PH,2024-01-02,2024-01-14,5,197,601000
8084,Ibadan,2024-07-14,2024-08-18,5,220,1145000
8085,Ibadan,2024-05-17,2024-06-18,2,77,261000
8086,Ibadan,2024-11-10,2024-11-05,1,775,214000
8087,Abuja,2024-01-04,2024-02-09,3,140,506000
8088,Ibadan,2024-02-01,2024-06-06,4,155,591000
8089,Ibadan,2024-01-30,2024-04-27,3,151,722000
8090,Abuja,2024-05-24,2024-08-26,5,221,596000
8091,Abuja,2024-06-20,2024-07-07,2,73,197000
8092,Ibadan,2024-08-26,2024-10-30,3,133,776000
8093,Ibadan,2024-06-08,2024-06-20,4,168,890000
8094,Ibadan,2024-07-10,2024-12-11,2,81,392000
8095,Lagos,2024-05-05,2024-06-02,2,99,349000
8096,PH,2024-10-31,2024-04-12,5,230,737000
8097,PH,2024-02-27,2024-04-26,4,159,394000
8098,Lagos,2024-05-20,2024-10-29,2,90,322000
8099,Ibadan,2024-11-17,2024-02-07,2,74,373000
8100,Lagos,2024-08-10,2024-09-29,5,194,773000
8101,Lagos,2024-11-09,2024-11-20,4,153,522000
8102,Abuja,2024-11-05,2024-04-18,1,43,212000
8103,Lagos,2024-05-03,2024-05-17,2,86,461000
8104,Abuja,2024-12-13,2024-06-09,4,195,709000
8105,Lagos,2024-10-15,2024-03-02,4,168,823000
8106,Ibadan,2024-04-06,2024-06-10,1,63,328000
8107,Lagos,2024-09-09,2024-01-18,3,123,372000
8108,Abuja,2024-09-27,2024-11-22,3,147,426000
8109,PH,2024-04-08,2024-08-04,3,124,508000
8110,Abuja,2024-02-11,2024-04-30,1,62,322000
8111,Ibadan,2024-01-25,2024-05-13,5,221,1031000
8112,Lagos,2024-09-26,2024-12-15,3,138,601000
8113,Abuja,2024-08-13,2024-02-09,3,139,693000
8114,Abuja,2024-09-23,2024-03-13,2,115,681000
8115,Ibadan,2024-09-26,2024-03-06,4,157,557000
8116,PH,2024-01-11,2024-05-02,2,78,38100
8117,PH,2024-04-04,2024-06-03,4,162,432000
8118,Lagos,2024-07-27,2024-12-05,2,118,577000
8119,Abuja,2024-08-05,2024-12-15,2,112,537000
8120,PH,2024-07-21,2024-10-14,4,181,759000
8121,Abuja,2024-03-07,2024-08-11,3,123,593000
8122,Ibadan,2024-10-14,2024-03-28,5,226,839000
8123,Lagos,2024-04-05,2024-05-11,2,89,357000
8124,Lagos,2024-10-26,2024-04-23,5,222,734000
8125,Lagos,2024-09-05,2024-12-26,3,146,470000
8126,Ibadan,2024-04-25,2024-06-01,1,62,167000
8127,Lagos,2024-09-06,2024-09-19,5,196,1074000
8128,Abuja,2024-12-11,2024-05-14,4,188,849000
8129,PH,2024-08-06,2024-08-16,2,97,477000
8130,Ibadan,2024-10-04,2024-01-18,3,154,562000
8131,Lagos,2024-08-30,2024-01-18,5,223,989000
8132,Ibadan,2024-11-27,2024-05-06,1,64,252000
8133,Lagos,2024-08-14,2024-12-23,2,112,518000
8134,Lagos,2024-02-09,2024-03-26,3,152,499000
8135,Lagos,2024-05-16,2024-11-03,2,71,325000
8136,Lagos,2024-09-26,2024-12-15,1,37,231000
8137,PH,2024-02-25,2024-05-21,4,181,644000
8138,PH,2024-08-20,2024-09-26,5,230,720000
8139,Ibadan,2024-04-13,2024-05-24,4,177,970000
8140,PH,2024-06-29,2024-08-11,3,144,565000
8141,Abuja,2024-09-13,2024-03-04,2,958,295000
8142,Abuja,2024-04-18,2024-06-23,5,225,844000
8143,Ibadan,2024-04-19,2024-05-12,5,211,772000
8144,PH,2024-04-25,2024-06-27,5,202,664000
8145,Ibadan,2024-01-14,2024-06-30,3,157,479000
8146,Abuja,2024-05-10,2024-08-07,2,1141,547000
8147,PH,2024-11-20,2024-12-29,4,171,599000
8148,Abuja,2024-11-16,2024-12-22,4,199,983000
8149,Lagos,2024-01-20,2024-07-13,4,199,391000
8150,Ibadan,2024-04-19,2024-05-10,2,71,330000
8151,Abuja,2024-06-27,2024-11-29,3,141,495000
8152,PH,2024-04-03,2024-06-04,3,147,328000
8153,PH,2024-12-09,2024-03-14,3,152,705000
8154,Abuja,2024-09-13,2024-11-16,3,134,475000
8155,Ibadan,2024-02-16,2024-04-18,3,111,530000
8156,Abuja,2024-01-19,2024-05-01,2,70,269000
8157,Abuja,2024-10-25,2024-03-09,4,157,489000
8158,PH,2024-02-15,2024-03-02,1,44,50000
8159,Lagos,2024-05-07,2024-08-08,3,126,436000
8160,Lagos,2024-10-27,2024-03-10,2,969,399000
8161,Ibadan,2024-05-06,2024-08-20,2,98,398000
8162,PH,2024-07-02,2024-10-26,1,62,406000
8163,PH,2024-01-23,2024-02-02,1,55,96000
8164,Abuja,2024-06-13,2024-10-29,5,211,671000
8165,Ibadan,2024-05-29,2024-09-10,5,207,612000
8166,PH,2024-01-27,2024-07-19,4,176,454000
8167,Lagos,2024-03-11,2024-04-03,3,140,330000
8168,Ibadan,2024-07-04,2024-10-05,4,157,720000
8169,PH,2024-09-17,2024-02-16,3,119,725000
8170,Lagos,2024-12-07,2024-02-21,1,45,253000
8171,PH,2024-02-08,2024-05-11,1,48,211000
8172,Ibadan,2024-03-18,2024-07-28,3,157,607000
8173,PH,2024-09-26,2024-10-15,4,193,629000
8174,Ibadan,2024-04-16,2024-08-08,2,93,185000
8175,PH,2024-12-10,2024-03-17,5,237,1004000
8176,Lagos,2024-03-29,2024-04-20,2,73,309000
8177,Ibadan,2024-04-17,2024-06-24,1,69,23500
8178,Ibadan,2024-10-28,2024-03-28,2,78,445000
8179,PH,2024-04-18,2024-09-14,3,121,614000
8180,Ibadan,2024-08-26,2024-11-03,3,158,881000
8181,Lagos,2024-07-25,2024-01-06,5,225,707000
8182,Abuja,2024-04-24,2024-09-06,3,138,595000
8183,Ibadan,2024-06-10,2024-10-31,1,60,262000
8184,Ibadan,2024-07-01,2024-08-14,2,110,409000
8185,Lagos,2024-04-28,2024-08-31,1,34,164000
8186,Ibadan,2024-09-13,2024-01-21,1,50,261000
8187,PH,2024-07-27,2024-10-28,2,92,495000
8188,Abuja,2024-09-04,2024-10-20,1,63,204000
8189,Ibadan,2024-10-17,2024-02-21,3,146,499000
8190,Lagos,2024-08-28,2024-01-01,3,133,612000
8191,Abuja,2024-11-05,2024-03-06,4,200,888000
8192,PH,2024-07-16,2024-09-29,2,1001,465000
8193,PH,2024-08-07,2024-12-24,2,107,520000
8194,PH,2024-04-19,2024-04-29,3,158,674000
8195,Ibadan,2024-05-27,2024-10-19,3,148,614000
8196,Ibadan,2024-11-30,2024-01-07,4,178,589000
8197,Lagos,2024-07-14,2024-08-17,4,156,854000
8198,Lagos,2024-06-29,2024-10-13,3,143,785000
8199,Abuja,2024-12-09,2024-02-28,5,225,847000
8200,Lagos,2024-12-04,2024-04-09,4,188,629000
8201,PH,2024-02-09,2024-06-11,3,144,625000
8202,Lagos,2024-06-17,2024-06-30,4,183,783000
8203,Ibadan,2024-04-20,2024-06-01,5,2530,616000
8204,Ibadan,2024-02-01,2024-07-16,1,42,219000
8205,Ibadan,2024-02-22,2024-02-12,5,202,573000
8206,PH,2024-07-31,2024-11-18,3,134,730000
8207,PH,2024-06-05,2024-10-14,4,193,501000
8208,Abuja,2024-04-28,2024-08-30,3,134,638000
8209,Lagos,2024-12-29,2024-05-08,5,207,795000
8210,Lagos,2024-02-18,2024-03-07,4,186,439000
8211,PH,2024-06-18,2024-09-14,4,160,764000
8212,Ibadan,2024-12-09,2024-04-18,1,31,197000
8213,PH,2024-02-03,2024-05-15,3,132,690000
8214,Ibadan,2024-12-29,2024-01-23,2,80,283000
8215,Ibadan,2024-01-07,2024-05-13,2,94,453000
8216,Lagos,2024-04-30,2024-08-23,1,59,207000
8217,Ibadan,2024-04-05,2024-05-28,5,225,696000
8218,PH,2024-02-16,2024-05-28,3,115,411000
8219,Abuja,2024-06-29,2024-12-14,5,226,1173000
8220,Lagos,2024-11-02,2024-11-18,3,112,421000
8221,Abuja,2024-06-04,2024-10-26,1,75,347000
8222,Ibadan,2024-02-09,2024-06-17,2,78,252000
8223,Lagos,2024-02-14,2024-06-13,2,107,440000
8224,PH,2024-09-25,2024-11-19,2,97,299000
8225,Lagos,2024-12-24,2024-05-08,1,63,116000
8226,Ibadan,2024-03-10,2024-07-23,5,234,853000
8227,Ibadan,2024-09-06,2024-01-11,4,166,1011000
8228,Ibadan,2024-09-08,2024-01-18,3,134,744000
8229,PH,2024-09-30,2024-02-24,2,104,485000
8230,Ibadan,2024-10-16,2024-11-19,3,145,643000
8231,Ibadan,2024-10-23,2024-02-29,2,87,403000
8232,PH,2024-07-26,2024-09-28,1,76,271000
8233,PH,2024-07-10,2024-08-21,4,192,879000
8234,PH,2024-04-13,2024-05-26,1,41,151000
8235,PH,2024-09-19,2024-01-04,1,30,32000
8236,Ibadan,2024-06-02,2024-06-17,1,57,202000
8237,PH,2024-11-04,2024-11-29,3,1410,570000
8238,Ibadan,2024-12-19,2024-02-27,3,129,619000
8239,Ibadan,2024-07-02,2024-12-11,3,160,623000
8240,Lagos,2024-04-06,2024-05-19,4,153,723000
8241,Lagos,2024-03-26,2024-04-21,3,127,727000
8242,PH,2024-05-23,2024-09-30,3,143,744000
8243,Abuja,2024-05-21,2024-08-01,1,64,210000
8244,Lagos,2024-08-11,2024-08-24,4,163,554000
8245,Ibadan,2024-06-25,2024-10-20,2,83,517000
8246,Lagos,2024-08-02,2024-10-27,2,77,240000
8247,Abuja,2024-12-23,2024-02-14,2,88,308000
8248,Lagos,2024-12-10,2024-12-21,5,198,665000
8249,Lagos,2024-12-04,2024-02-21,1,72,275000
8250,Abuja,2024-01-28,2024-03-20,5,2551,627000
8251,Abuja,2024-07-26,2024-12-21,5,206,944000
8252,Abuja,2024-07-06,2024-09-20,2,89,457000
8253,Lagos,2024-06-01,2024-10-30,2,114,418000
8254,Ibadan,2024-02-22,2024-07-11,5,195,989000
8255,Abuja,2024-02-12,2024-06-28,2,79,469000
8256,Ibadan,2024-08-11,2024-11-27,4,154,784000
8257,Ibadan,2024-02-24,2024-05-27,5,215,592000
8258,Lagos,2024-11-22,2024-12-03,3,113,325000
8259,Ibadan,2024-01-10,2024-05-03,5,236,1116000
8260,Lagos,2024-07-23,2024-11-07,5,211,1165000
8261,PH,2024-08-12,2024-11-24,2,90,533000
8262,Ibadan,2024-03-12,2024-08-11,1,63,184000
8263,PH,2024-08-30,2024-10-27,1,39,185000
8264,Lagos,2024-09-23,2024-12-14,2,95,503000
8265,Ibadan,2024-03-06,2024-04-21,1,79,507000
8266,Lagos,2024-06-27,2024-09-06,4,168,449000
8267,Abuja,2024-08-12,2024-10-28,3,133,417000
8268,Abuja,2024-05-03,2024-09-06,1,65,256000
8269,Abuja,2024-07-16,2024-08-16,1,57,265000
8270,Abuja,2024-01-21,2024-04-08,4,175,833000
8271,PH,2024-09-14,2024-01-31,1,37,69000
8272,PH,2024-11-28,2024-04-21,2,111,407000
8273,Abuja,2024-10-15,2024-03-21,2,95,420000
8274,Lagos,2024-01-10,2024-06-23,3,129,283000
8275,Ibadan,2024-01-14,2024-06-04,5,238,846000
8276,PH,2024-05-05,2024-08-17,4,162,886000
8277,Abuja,2024-02-21,2024-04-26,4,176,601000
8278,PH,2024-05-15,2024-08-02,5,218,924000
8279,PH,2024-09-12,2024-03-06,1,72,407000
8280,Ibadan,2024-12-01,2024-03-20,5,201,603000
8281,Abuja,2024-09-17,2024-10-30,4,188,1088000
8282,Abuja,2024-09-17,2024-12-10,4,198,599000
8283,Ibadan,2024-11-09,2024-01-10,5,211,764000
8284,Ibadan,2024-01-09,2024-05-19,5,237,682000
8285,Ibadan,2024-10-25,2024-01-08,5,190,921000
8286,Ibadan,2024-01-22,2024-01-21,1,46,223000
8287,Ibadan,2024-12-11,2024-04-13,1,39,163000
8288,Abuja,2024-03-23,2024-05-30,4,167,676000
8289,Abuja,2024-02-27,2024-04-18,5,228,766000
8290,Ibadan,2024-08-01,2024-12-07,1,37,131000
8291,Ibadan,2024-04-24,2024-07-30,5,193,773000
8292,Lagos,2024-02-03,2024-05-04,2,107,393000
8293,PH,2024-08-27,2024-08-21,4,158,962000
8294,PH,2024-03-01,2024-04-13,1,63,232000
8295,PH,2024-06-19,2024-11-27,5,197,562000
8296,Lagos,2024-08-19,2024-01-18,1,59,202000
8297,PH,2024-03-21,2024-05-22,1,37,113000
8298,Ibadan,2024-08-13,2024-01-14,2,86,467000
8299,PH,2024-06-14,2024-10-11,1,44,138000
8300,Lagos,2024-11-24,2024-04-15,2,83,242000
8301,Abuja,2024-12-09,2024-05-11,3,131,714000
8302,PH,2024-08-06,2024-11-09,1,34,42000
8303,Abuja,2024-02-26,2024-05-07,5,233,917000
8304,PH,2024-08-27,2024-01-19,4,168,527000
8305,Ibadan,2024-04-19,2024-09-28,2,80,355000
8306,PH,2024-11-13,2024-03-14,4,157,466000
8307,Ibadan,2024-08-06,2024-01-13,2,85,479000
8308,PH,2024-06-16,2024-10-01,1,60,166000
8309,PH,2024-06-08,2024-11-09,5,190,736000
8310,Lagos,2024-03-31,2024-06-27,2,106,374000
8311,Abuja,2024-06-14,2024-10-03,3,122,495000
8312,Abuja,2024-01-01,2024-04-05,5,193,840000
8313,Abuja,2024-07-25,2024-08-24,3,116,621000
8314,Abuja,2024-04-06,2024-08-22,4,184,604000
8315,Abuja,2024-02-22,2024-05-14,5,239,790000
8316,PH,2024-01-02,2024-04-19,5,233,787000
8317,Lagos,2024-08-12,2024-09-06,1,55,262000
8318,Ibadan,2024-04-17,2024-09-30,1,43,78000
8319,Ibadan,2024-01-04,2024-05-14,3,117,284000
8320,Lagos,2024-11-01,2024-01-08,5,231,1083000
8321,Ibadan,2024-11-14,2024-12-05,2,84,390000
8322,Lagos,2024-12-10,2024-05-20,4,192,912000
8323,PH,2024-06-08,2024-07-21,1,60,258000
8324,Lagos,2024-09-09,2024-02-06,2,77,231000
8325,Ibadan,2024-05-16,2024-06-27,5,219,689000
8326,Abuja,2024-09-12,2024-09-28,5,209,1205000
8327,Lagos,2024-01-06,2024-06-19,2,117,422000
8328,PH,2024-03-09,2024-06-08,5,198,914000
8329,Lagos,2024-04-12,2024-06-28,3,118,310000
8330,PH,2024-01-26,2024-03-01,5,212,587000
8331,Lagos,2024-08-31,2024-10-09,3,120,397000
8332,Abuja,2024-01-21,2024-01-05,5,234,1034000
8333,Lagos,2024-12-02,2024-03-05,1,57,180000
8334,Lagos,2024-11-22,2024-04-04,4,152,512000
8335,Ibadan,2024-04-11,2024-07-12,4,162,657000
8336,PH,2024-07-30,2024-08-11,1,55,239000
8337,Lagos,2024-11-27,2024-12-30,3,154,532000
8338,Abuja,2024-08-08,2024-12-11,2,99,506000
8339,PH,2024-02-26,2024-07-02,3,111,492000
8340,Abuja,2024-08-27,2024-02-05,1,77,3040000
8341,Lagos,2024-06-15,2024-06-10,2,98,206000
8342,Abuja,2024-03-12,2024-05-15,2,81,300000
8343,Lagos,2024-11-08,2024-11-30,5,226,792000
8344,PH,2024-09-05,2024-01-29,5,2325,1205000
8345,Ibadan,2024-02-09,2024-07-27,5,234,542000
8346,Ibadan,2024-07-15,2024-12-19,4,1798,538000
8347,Lagos,2024-08-09,2024-11-11,1,56,112000
8348,PH,2024-11-06,2024-11-18,1,55,190000
8349,Abuja,2024-12-29,2024-03-24,5,224,1078000
8350,PH,2024-11-14,2024-04-17,4,188,868000
8351,Abuja,2024-03-08,2024-06-04,3,149,409000
8352,PH,2024-02-11,2024-03-09,5,198,671000
8353,Lagos,2024-01-23,2024-05-04,3,144,399000
8354,Ibadan,2024-05-09,2024-09-27,1,59,314000
8355,Lagos,2024-08-27,2024-11-04,2,76,291000
8356,Abuja,2024-07-05,2024-08-19,3,1399,651000
8357,PH,2024-11-09,2024-03-10,1,56,181000
8358,Abuja,2024-05-10,2024-07-23,1,69,226000
8359,Ibadan,2024-12-21,2024-05-19,1,75,340000
8360,Ibadan,2024-07-25,2024-08-19,2,70,398000
8361,PH,2024-12-13,2024-02-22,1,47,188000
8362,Lagos,2024-03-12,2024-05-22,2,88,312000
8363,Ibadan,2024-05-30,2024-09-05,4,180,968000
8364,Lagos,2024-03-11,2024-08-01,5,198,1000000
8365,Ibadan,2024-10-30,2024-11-14,1,36,193000
8366,Lagos,2024-01-31,2024-02-10,1,33,82000
8367,Lagos,2024-07-15,2024-12-02,2,926,434000
8368,Lagos,2024-06-09,2024-05-26,5,2465,923000
8369,Ibadan,2024-08-09,2024-10-15,1,46,112000
8370,PH,2024-07-07,2024-11-14,4,181,1000000
8371,PH,2024-07-27,2024-12-14,1,63,182000
8372,Ibadan,2024-06-15,2024-11-15,3,123,353000
8373,Lagos,2024-04-25,2024-05-06,3,149,363000
8374,Lagos,2024-11-27,2024-02-16,1,60,265000
8375,Abuja,2024-07-12,2024-08-11,4,180,795000
8376,Ibadan,2024-04-28,2024-10-18,1,68,269000
8377,PH,2024-08-23,2024-09-19,3,110,416000
8378,Ibadan,2024-09-09,2024-11-21,5,218,952000
8379,PH,2024-08-29,2024-11-21,3,110,407000
8380,Ibadan,2024-07-24,2024-11-05,3,158,417000
8381,Abuja,2024-08-12,2024-10-22,4,152,584000
8382,Ibadan,2024-11-21,2024-05-04,2,101,339000
8383,Lagos,2024-04-12,2024-04-05,2,96,360000
8384,Ibadan,2024-07-30,2024-12-13,3,144,640000
8385,PH,2024-01-11,2024-01-27,2,78,278000
8386,Lagos,2024-07-30,2024-12-19,4,162,572000
8387,Lagos,2024-09-16,2024-10-22,4,184,957000
8388,Abuja,2024-10-31,2024-11-25,5,215,933000
8389,PH,2024-07-02,2024-10-24,5,234,986000
8390,Ibadan,2024-04-07,2024-05-15,2,111,335000
8391,PH,2024-09-14,2024-02-06,3,148,543000
8392,Lagos,2024-04-16,2024-07-25,4,160,355000
8393,PH,2024-01-19,2024-05-12,5,237,655000
8394,Ibadan,2024-10-12,2024-11-18,1,52,212000
8395,PH,2024-03-08,2024-06-16,1,71,303000
8396,Lagos,2024-12-28,2024-04-06,4,194,885000
8397,Abuja,2024-08-27,2024-09-16,3,140,676000
8398,Lagos,2024-09-17,2024-10-15,3,114,687000
8399,Abuja,2024-02-10,2024-07-18,3,121,647000
8400,Lagos,2024-05-27,2024-09-16,3,134,677000
8401,PH,2024-01-04,2024-04-03,5,237,1256000
8402,Abuja,2024-02-03,2024-05-11,4,178,591000
8403,Abuja,2024-04-19,2024-07-06,3,147,5510000
8404,Abuja,2024-06-18,2024-09-08,5,232,922000
8405,Lagos,2024-02-03,2024-07-26,4,160,401000
8406,Ibadan,2024-08-26,2024-02-17,3,123,439000
8407,Abuja,2024-07-30,2024-09-22,2,79,535000
8408,Lagos,2024-07-04,2024-11-07,1,50,180000
8409,Ibadan,2024-02-24,2024-08-15,3,139,826000
8410,PH,2024-10-12,2024-11-09,4,189,906000
8411,Lagos,2024-03-06,2024-08-21,4,170,760000
8412,PH,2024-05-04,2024-07-16,2,75,313000
8413,PH,2024-03-28,2024-04-15,2,111,608000
8414,Ibadan,2024-05-06,2024-05-29,1,65,400000
8415,Ibadan,2024-06-18,2024-06-28,3,133,663000
8416,Abuja,2024-01-08,2024-04-19,5,213,511000
8417,PH,2024-04-05,2024-06-18,1,57,182000
8418,Lagos,2024-05-15,2024-07-07,4,172,854000
8419,Lagos,2024-01-16,2024-02-07,4,168,504000
8420,PH,2024-02-05,2024-06-23,4,195,973000
8421,Abuja,2024-04-08,2024-04-30,4,173,782000
8422,Lagos,2024-02-21,2024-07-07,1,850,363000
8423,Lagos,2024-07-19,2024-10-12,3,125,702000
8424,PH,2024-08-29,2024-12-08,1,76,267000
8425,PH,2024-07-06,2024-11-14,1,57,151000
8426,Ibadan,2024-09-18,2024-02-17,2,114,700000
8427,Ibadan,2024-09-18,2024-01-01,1,70,352000
8428,Lagos,2024-01-25,2024-06-15,1,43,277000
8429,PH,2024-03-01,2024-07-14,1,36,158000
8430,PH,2024-12-15,2024-02-29,5,221,775000
8431,PH,2024-04-26,2024-07-21,2,115,433000
8432,Lagos,2024-09-23,2024-11-05,2,78,451000
8433,Abuja,2024-02-21,2024-08-01,1,44,181000
8434,Abuja,2024-01-06,2024-03-14,1,67,244000
8435,PH,2024-03-29,2024-05-12,5,209,771000
8436,Lagos,2024-05-18,2024-10-12,2,94,573000
8437,Abuja,2024-01-17,2024-05-21,5,231,807000
8438,Ibadan,2024-02-17,2024-03-17,1,78,357000
8439,Abuja,2024-09-22,2024-11-29,2,117,370000
8440,Ibadan,2024-04-25,2024-06-20,2,115,604000
8441,PH,2024-12-29,2024-05-21,5,218,821000
8442,Ibadan,2024-05-14,2024-05-28,3,1421,611000
8443,Ibadan,2024-08-18,2024-10-21,5,206,887000
8444,Abuja,2024-06-14,2024-09-06,4,155,657000
8445,PH,2024-08-08,2024-11-11,3,136,570000
8446,Ibadan,2024-12-01,2024-04-21,3,110,294000
8447,Ibadan,2024-09-17,2024-02-29,5,220,821000
8448,Ibadan,2024-04-17,2024-08-23,2,71,341000
8449,Lagos,2024-01-10,2024-02-24,1,35,37000
8450,PH,2024-04-25,2024-09-21,4,160,820000
8451,Abuja,2024-02-15,2024-06-16,5,205,744000
8452,Lagos,2024-06-30,2024-09-27,4,2131,526000
8453,Ibadan,2024-06-01,2024-10-19,2,84,374000
8454,Ibadan,2024-01-03,2024-06-10,5,221,625000
8455,PH,2024-12-10,2024-11-28,4,183,916000
8456,Lagos,2024-09-03,2024-01-14,4,154,654000
8457,Lagos,2024-08-13,2024-08-26,4,195,1025000
8458,PH,2024-11-30,2024-03-12,5,190,737000
8459,Abuja,2024-02-28,2024-05-07,3,125,420000
8460,Lagos,2024-06-06,2024-08-26,1,73,299000
8461,Ibadan,2024-08-17,2024-11-19,1,51,277000
8462,Lagos,2024-11-05,2024-11-25,2,1216,504000
8463,Lagos,2024-01-17,2024-03-22,2,83,397000
8464,PH,2024-01-06,2024-12-23,5,2476,829000
8465,Ibadan,2024-08-27,2024-10-06,1,30,192000
8466,Abuja,2024-08-29,2024-01-08,3,151,654000
8467,Ibadan,2024-02-18,2024-05-11,5,224,1100000
8468,PH,2024-09-10,2024-12-11,4,174,688000
8469,Lagos,2024-12-11,2024-02-29,2,107,347000
8470,Lagos,2024-06-18,2024-10-31,5,199,571000
8471,PH,2024-08-18,2024-09-27,3,126,491000
8472,Abuja,2024-10-13,2024-02-20,2,76,285000
8473,PH,2024-07-11,2024-12-07,1,58,365000
8474,Abuja,2024-11-26,2024-12-06,3,160,625000
8475,Ibadan,2024-02-12,2024-03-11,3,130,559000
8476,Ibadan,2024-10-30,2024-11-12,5,207,686000
8477,Ibadan,2024-03-25,2024-04-22,2,980,257000
8478,Lagos,2024-02-01,2024-02-27,2,89,403000
8479,Ibadan,2024-10-03,2024-01-01,1,69,222000
8480,Lagos,2024-03-10,2024-06-13,2,103,296000
8481,Lagos,2024-09-19,2024-01-05,1,41,319000
8482,Lagos,2024-09-21,2024-11-16,1,71,296000
8483,PH,2024-01-19,2024-04-29,2,76,228000
8484,PH,2024-06-01,2024-10-30,5,209,667000
8485,Lagos,2024-09-25,2024-03-21,3,142,385000
8486,PH,2024-04-25,2024-07-11,2,109,324000
8487,Lagos,2024-12-15,2024-04-04,5,229,1129000
8488,Lagos,2024-08-31,2024-10-27,4,156,831000
8489,Lagos,2024-11-15,2024-02-29,5,227,1024000
8490,PH,2024-07-05,2024-12-13,5,213,1081000
8491,PH,2024-01-18,2024-06-11,5,2164,900000
8492,PH,2024-05-05,2024-09-02,5,220,933000
8493,Lagos,2024-04-27,2024-10-11,2,106,632000
8494,PH,2024-10-16,2024-02-15,4,1851,694000
8495,Ibadan,2024-05-21,2024-06-28,1,80,255000
8496,Abuja,2024-06-10,2024-07-23,3,119,568000
8497,Abuja,2024-06-11,2024-12-05,5,217,1118000
8498,PH,2024-01-24,2024-02-09,5,212,811000
8499,Ibadan,2024-03-02,2024-06-09,4,1711,560000
8500,Abuja,2024-10-04,2024-01-20,5,2465,686000
8501,Abuja,2024-06-10,2024-11-24,2,103,354000
8502,PH,2024-07-26,2024-12-07,1,76,456000
8503,Lagos,2024-11-16,2024-02-01,2,83,378000
8504,Ibadan,2024-12-21,2024-05-08,5,206,763000
8505,Ibadan,2024-06-21,2024-07-19,3,144,699000
8506,PH,2024-07-18,2024-11-30,3,147,626000
8507,Lagos,2024-08-31,2024-02-22,3,144,542000
8508,Abuja,2024-04-29,2024-05-09,2,102,241000
8509,PH,2024-07-31,2024-08-17,3,1216,555000
8510,Ibadan,2024-10-28,2024-12-28,4,150,797000
8511,PH,2024-12-26,2024-01-11,4,179,682000
8512,PH,2024-06-26,2024-11-16,5,240,909000
8513,Abuja,2024-01-25,2024-03-25,2,113,404000
8514,Lagos,2024-04-09,2024-09-09,5,2390,782000
8515,Lagos,2024-06-29,2024-12-13,3,135,792000
8516,Abuja,2024-09-18,2024-01-26,2,111,305000
8517,Ibadan,2024-11-05,2024-01-29,4,162,552000
8518,Lagos,2024-11-15,2024-04-24,5,191,932000
8519,Lagos,2024-03-14,2024-06-06,2,72,170000
8520,Abuja,2024-09-22,2024-12-15,4,173,591000
8521,Ibadan,2024-02-26,2024-08-20,3,130,333000
8522,Lagos,2024-09-08,2024-09-19,2,114,353000
8523,Ibadan,2024-01-26,2024-06-18,5,219,526000
8524,PH,2024-08-09,2024-12-19,4,190,900000
8525,Lagos,2024-02-17,2024-04-19,3,113,501000
8526,PH,2024-08-31,2024-01-26,2,103,550000
8527,Abuja,2024-09-14,2024-12-23,5,236,1055000
8528,Abuja,2024-09-08,2024-10-21,3,158,889000
8529,Abuja,2024-04-01,2024-07-30,1,45,210000
8530,PH,2024-08-16,2024-01-04,3,136,551000
8531,Lagos,2024-03-26,2024-07-03,5,190,501000
8532,Lagos,2024-09-14,2024-08-30,5,231,1085000
8533,PH,2024-08-20,2024-12-30,1,30,165000
8534,PH,2024-09-02,2024-12-05,5,214,632000
8535,Ibadan,2024-04-04,2024-03-23,2,109,471000
8536,Ibadan,2024-08-19,2024-09-11,4,164,542000
8537,Abuja,2024-09-28,2024-11-02,1,38,29000
8538,PH,2024-01-07,2024-01-18,4,165,651000
8539,PH,2024-01-19,2024-03-03,2,1206,419000
8540,Ibadan,2024-09-16,2024-10-28,3,156,681000
8541,Lagos,2024-09-25,2024-02-10,4,157,417000
8542,Abuja,2024-11-26,2024-04-13,3,134,589000
8543,PH,2024-01-23,2024-05-28,4,188,519000
8544,Abuja,2024-09-04,2024-11-26,4,1701,603000
8545,Lagos,2024-10-10,2024-12-16,5,236,809000
8546,Abuja,2024-03-20,2024-06-28,1,50,218000
8547,Abuja,2024-06-19,2024-11-24,5,207,705000
8548,Lagos,2024-02-17,2024-04-09,1,69,161000
8549,Abuja,2024-02-15,2024-08-03,5,229,809000
8550,Ibadan,2024-03-21,2024-05-13,4,177,482000
8551,Ibadan,2024-02-05,2024-06-21,5,237,687000
8552,PH,2024-02-22,2024-06-19,5,226,48400
8553,PH,2024-11-26,2024-03-01,1,57,289000
8554,Lagos,2024-04-03,2024-04-22,4,175,512000
8555,PH,2024-09-03,2024-10-09,3,122,410000
8556,Abuja,2024-06-18,2024-12-03,2,102,409000
8557,Abuja,2024-04-30,2024-08-10,5,213,706000
8558,PH,2024-06-09,2024-11-07,1,74,358000
8559,Abuja,2024-01-19,2024-04-27,2,88,457000
8560,PH,2024-10-31,2024-11-28,4,168,554000
8561,Lagos,2024-01-23,2024-04-12,1,570,201000
8562,Abuja,2024-09-05,2024-11-11,4,183,744000
8563,PH,2024-04-16,2024-07-21,2,74,329000
8564,Abuja,2024-05-16,2024-09-06,3,134,354000
8565,Abuja,2024-09-25,2024-02-03,5,236,1022000
8566,Ibadan,2024-03-03,2024-08-20,3,149,750000
8567,Ibadan,2024-07-24,2024-09-05,4,151,751000
8568,Abuja,2024-05-20,2024-10-08,3,1249,358000
8569,Abuja,2024-06-05,2024-07-15,5,201,727000
8570,Lagos,2024-08-10,2024-11-03,1,54,316000
8571,Abuja,2024-01-24,2024-05-29,3,140,432000
8572,Ibadan,2024-08-20,2024-01-12,3,112,459000
8573,Ibadan,2024-04-21,2024-07-13,3,130,707000
8574,Lagos,2024-02-23,2024-07-19,5,229,476000
8575,Lagos,2024-09-06,2024-01-25,3,130,549000
8576,Ibadan,2024-01-25,2024-03-30,4,195,861000
8577,Ibadan,2024-05-13,2024-09-05,3,128,346000
8578,Abuja,2024-07-19,2024-12-16,3,1658,773000
8579,Abuja,2024-06-28,2024-10-20,4,191,808000
8580,PH,2024-06-27,2024-08-13,5,228,1168000
8581,PH,2024-02-08,2024-03-08,5,211,920000
8582,Lagos,2024-12-22,2024-05-19,5,222,1177000
8583,Abuja,2024-12-07,2024-03-07,5,204,741000
8584,Lagos,2024-01-21,2024-03-04,4,182,545000
8585,Ibadan,2024-01-09,2024-02-23,4,190,666000
8586,PH,2024-11-12,2024-01-15,2,120,428000
8587,Lagos,2024-07-08,2024-09-15,5,230,681000
8588,PH,2024-06-02,2024-09-08,2,107,406000
8589,Ibadan,2024-10-06,2024-02-28,2,117,335000
8590,Ibadan,2024-03-02,2024-07-18,5,209,1071000
8591,Lagos,2024-07-14,2024-11-20,2,89,327000
8592,Lagos,2024-12-30,2024-05-10,2,74,428000
8593,Abuja,2024-08-12,2024-08-28,4,200,1079000
8594,Ibadan,2024-04-18,2024-05-23,3,118,527000
8595,Abuja,2024-10-04,2024-09-26,3,120,368000
8596,Abuja,2024-07-24,2024-12-10,5,194,574000
8597,Lagos,2024-04-30,2024-06-24,2,113,332000
8598,Ibadan,2024-03-08,2024-08-17,1,79,418000
8599,Ibadan,2024-08-23,2024-12-07,3,1378,699000
8600,Ibadan,2024-03-15,2024-05-16,4,152,432000
8601,Lagos,2024-05-10,2024-07-16,4,168,855000
8602,Abuja,2024-08-09,2024-10-14,5,235,1318000
8603,PH,2024-07-24,2024-10-30,4,169,508000
8604,PH,2024-11-14,2024-03-09,3,142,622000
8605,Ibadan,2024-03-09,2024-08-10,2,114,433000
8606,Abuja,2024-05-31,2024-09-07,2,78,371000
8607,Abuja,2024-07-25,2024-01-05,1,35,325000
8608,Lagos,2024-01-30,2024-04-06,3,1410,505000
8609,Ibadan,2024-02-27,2024-08-18,3,132,311000
8610,Lagos,2024-01-04,2024-01-03,4,189,942000
8611,Abuja,2024-12-21,2024-03-25,2,79,330000
8612,Ibadan,2024-04-12,2024-04-03,3,114,589000
8613,Abuja,2024-10-28,2024-01-23,3,152,807000
8614,Ibadan,2024-05-16,2024-09-01,4,1711,835000
8615,Abuja,2024-10-24,2024-03-15,5,198,733000
8616,Abuja,2024-01-08,2024-04-07,3,136,381000
8617,Ibadan,2024-09-11,2024-02-23,5,197,1142000
8618,Abuja,2024-01-11,2024-03-20,2,101,430000
8619,Abuja,2024-10-15,2024-03-02,1,40,78000
8620,Abuja,2024-10-22,2024-12-19,5,226,781000
8621,Abuja,2024-04-05,2024-03-19,1,42,190000
8622,PH,2024-08-29,2024-10-28,5,214,844000
8623,PH,2024-09-25,2024-01-09,4,159,429000
8624,Lagos,2024-01-29,2024-05-22,3,150,362000
8625,Abuja,2024-09-12,2024-01-25,1,66,120000
8626,Ibadan,2024-04-06,2024-08-04,1,31,121000
8627,Ibadan,2024-09-27,2024-02-18,4,186,989000
8628,Ibadan,2024-08-18,2024-10-23,2,106,595000
8629,Ibadan,2024-04-10,2024-05-30,5,233,686000
8630,PH,2024-03-20,2024-04-18,3,134,492000
8631,Ibadan,2024-09-16,2024-01-13,3,142,861000
8632,Ibadan,2024-03-15,2024-09-11,2,110,425000
8633,PH,2024-08-07,2024-10-22,4,179,595000
8634,Lagos,2024-08-26,2024-12-29,5,198,978000
8635,Lagos,2024-03-27,2024-07-30,5,234,737000
8636,Abuja,2024-01-07,2024-05-17,3,143,501000
8637,Lagos,2024-06-19,2024-09-04,1,40,215000
8638,Ibadan,2024-10-14,2024-03-01,3,1561,431000
8639,Abuja,2024-01-31,2024-03-12,2,119,414000
8640,Lagos,2024-10-03,2024-03-08,5,193,895000
8641,Abuja,2024-07-22,2024-10-28,2,110,502000
8642,Ibadan,2024-02-20,2024-07-24,4,175,586000
8643,Ibadan,2024-11-29,2024-04-30,1,50,230000
8644,PH,2024-07-09,2024-11-23,5,202,835000
8645,Lagos,2024-12-05,2024-04-24,5,225,1088000
8646,PH,2024-06-23,2024-08-16,4,160,687000
8647,PH,2024-06-21,2024-09-04,3,119,659000
8648,Ibadan,2024-09-30,2024-12-06,3,1356,433000
8649,Lagos,2024-09-08,2024-12-23,2,114,498000
8650,Abuja,2024-10-15,2024-03-05,4,156,575000
8651,Abuja,2024-04-18,2024-06-29,3,118,45400
8652,Lagos,2024-06-16,2024-08-18,5,227,1191000
8653,Ibadan,2024-04-26,2024-08-27,3,134,447000
8654,Ibadan,2024-11-13,2024-12-01,4,182,511000
8655,PH,2024-02-20,2024-03-20,3,111,473000
8656,Abuja,2024-12-13,2024-02-02,1,646,281000
8657,Lagos,2024-05-24,2024-09-03,5,197,962000
8658,Lagos,2024-11-28,2024-03-08,3,124,505000
8659,Ibadan,2024-02-14,2024-06-29,2,111,525000
8660,PH,2024-01-30,2024-01-14,4,173,889000
8661,Lagos,2024-12-20,2024-05-27,1,35,97000
8662,Abuja,2024-02-20,2024-05-13,2,115,287000
8663,Abuja,2024-12-30,2024-03-01,1,689,343000
8664,PH,2024-01-15,2024-04-06,1,39,159000
8665,PH,2024-04-06,2024-06-12,5,202,621000
8666,Ibadan,2024-01-14,2024-06-01,4,157,678000
8667,Lagos,2024-06-03,2024-10-31,1,47,271000
8668,Lagos,2024-05-16,2024-08-23,5,223,1161000
8669,Lagos,2024-12-21,2024-01-28,3,123,492000
8670,Abuja,2024-05-11,2024-10-02,4,198,610000
8671,Ibadan,2024-09-11,2024-09-22,5,194,571000
8672,Lagos,2024-12-02,2024-04-13,4,194,750000
8673,Ibadan,2024-06-20,2024-09-08,3,131,707000
8674,Lagos,2024-03-16,2024-05-22,2,109,374000
8675,PH,2024-03-27,2024-07-15,1,34,99000
8676,PH,2024-10-29,2024-03-25,1,47,176000
8677,Lagos,2024-03-12,2024-05-03,4,177,862000
8678,PH,2024-12-05,2024-01-29,1,37,135000
8679,Lagos,2024-01-25,2024-04-23,5,195,1022000
8680,Lagos,2024-05-31,2024-07-18,2,72,386000
8681,PH,2024-12-23,2024-01-24,4,153,733000
8682,Lagos,2024-12-19,2024-04-10,3,133,525000
8683,PH,2024-12-01,2024-05-18,4,172,704000
8684,Lagos,2024-12-30,2024-02-10,4,1787,577000
8685,Lagos,2024-05-17,2024-11-06,3,153,802000
8686,Abuja,2024-05-23,2024-10-16,2,119,541000
8687,PH,2024-01-05,2024-06-03,4,192,646000
8688,Ibadan,2024-06-09,2024-11-20,5,231,790000
8689,PH,2024-06-30,2024-06-15,2,84,358000
8690,Lagos,2024-05-21,2024-06-01,4,193,1012000
8691,PH,2024-01-14,2024-02-22,2,96,435000
8692,Ibadan,2024-01-20,2024-02-10,3,144,770000
8693,PH,2024-10-03,2024-03-09,5,212,820000
8694,Abuja,2024-09-01,2024-01-22,3,149,692000
8695,Abuja,2024-08-25,2024-08-13,2,101,322000
8696,Abuja,2024-07-29,2024-11-01,5,211,931000
8697,PH,2024-09-26,2024-02-18,3,1259,311000
8698,Ibadan,2024-01-25,2024-03-24,2,1270,464000
8699,Abuja,2024-01-01,2024-05-17,2,80,221000
8700,Lagos,2024-05-01,2024-06-01,3,135,430000
8701,Lagos,2024-01-26,2024-07-24,1,495,175000
8702,Ibadan,2024-03-15,2024-04-12,2,84,387000
8703,Abuja,2024-07-02,2024-09-18,5,228,694000
8704,Lagos,2024-06-05,2024-11-21,1,59,298000
8705,Lagos,2024-08-30,2024-10-22,1,48,150000
8706,PH,2024-10-25,2024-01-02,4,152,490000
8707,PH,2024-04-25,2024-05-11,1,33,252000
8708,Ibadan,2024-06-25,2024-10-25,3,133,585000
8709,Lagos,2024-12-16,2024-01-31,5,206,730000
8710,Lagos,2024-07-07,2024-09-14,3,146,595000
8711,Ibadan,2024-10-25,2024-11-16,5,192,921000
8712,Ibadan,2024-11-29,2024-04-06,4,158,720000
8713,Lagos,2024-06-23,2024-10-31,3,1711,451000
8714,Abuja,2024-03-18,2024-06-17,5,202,802000
8715,Ibadan,2024-07-21,2024-01-10,5,191,638000
8716,Ibadan,2024-11-30,2024-04-19,2,92,420000
8717,Ibadan,2024-01-16,2024-04-15,1,45,131000
8718,Ibadan,2024-10-25,2024-03-11,5,216,672000
8719,Lagos,2024-12-21,2024-05-25,1,40,181000
8720,Ibadan,2024-08-31,2024-12-25,1,398,222000
8721,Ibadan,2024-03-19,2024-08-13,2,116,654000
8722,PH,2024-09-08,2024-12-22,1,69,475000
8723,Abuja,2024-02-14,2024-04-28,1,39,127000
8724,Lagos,2024-04-05,2024-08-17,1,68,287000
8725,Lagos,2024-10-09,2024-12-04,3,134,471000
8726,Abuja,2024-11-08,2024-01-20,5,190,611000
8727,PH,2024-11-07,2024-12-23,1,46,123000
8728,Lagos,2024-12-08,2024-05-28,2,106,439000
8729,PH,2024-02-15,2024-04-28,1,37,23000
8730,Ibadan,2024-06-07,2024-08-16,5,215,831000
8731,Ibadan,2024-04-04,2024-09-07,4,159,699000
8732,Lagos,2024-04-09,2024-05-25,5,237,1159000
8733,Ibadan,2024-07-16,2024-09-07,3,110,233000
8734,Abuja,2024-11-12,2024-12-18,2,79,509000
8735,Lagos,2024-02-24,2024-04-19,2,70,273000
8736,Ibadan,2024-08-17,2024-10-11,1,40,159000
8737,PH,2024-05-10,2024-07-23,4,176,520000
8738,PH,2024-05-14,2024-08-19,5,194,504000
8739,Lagos,2024-01-01,2024-04-18,5,194,753000
8740,Ibadan,2024-11-03,2024-01-01,1,64,211000
8741,PH,2024-08-28,2024-10-11,5,240,1276000
8742,Abuja,2024-08-05,2024-01-28,2,108,570000
8743,Lagos,2024-08-19,2024-01-08,2,83,276000
8744,Abuja,2024-06-19,2024-10-09,4,161,855000
8745,PH,2024-01-08,2024-06-20,5,236,519000
8746,Ibadan,2024-11-29,2024-11-13,4,174,679000
8747,PH,2024-12-25,2024-04-19,2,104,384000
8748,Lagos,2024-01-18,2024-07-02,5,205,756000
8749,Lagos,2024-02-02,2024-06-21,3,144,389000
8750,Abuja,2024-06-12,2024-11-05,1,60,223000
8751,Ibadan,2024-04-14,2024-09-06,4,199,681000
8752,Abuja,2024-11-28,2024-12-11,3,111,241000
8753,Lagos,2024-07-26,2024-09-17,1,70,192000
8754,Abuja,2024-08-05,2024-10-24,4,169,872000
8755,Ibadan,2024-10-29,2024-11-23,1,80,332000
8756,Ibadan,2024-12-21,2024-03-28,5,192,744000
8757,PH,2024-03-19,2024-06-26,3,130,635000
8758,Ibadan,2024-04-11,2024-08-19,3,152,653000
8759,Ibadan,2024-11-09,2024-04-08,5,206,705000
8760,Abuja,2024-09-13,2024-10-05,1,58,190000
8761,Ibadan,2024-10-23,2024-03-31,4,200,879000
8762,PH,2024-09-04,2024-10-13,3,160,927000
8763,Abuja,2024-08-26,2024-12-07,3,123,482000
8764,Abuja,2024-03-05,2024-06-10,4,1938,681000
8765,Abuja,2024-12-28,2024-06-04,1,39,109000
8766,Lagos,2024-10-25,2024-04-11,3,138,456000
8767,Lagos,2024-03-09,2024-03-25,4,185,444000
8768,Abuja,2024-06-28,2024-11-06,1,66,238000
8769,Abuja,2024-02-29,2024-04-18,4,172,869000
8770,Abuja,2024-05-18,2024-09-08,3,142,744000
8771,Ibadan,2024-07-01,2024-08-17,3,141,692000
8772,Lagos,2024-08-16,2024-11-28,1,66,221000
8773,PH,2024-05-14,2024-10-09,1,69,337000
8774,Lagos,2024-03-06,2024-05-09,5,209,782000
8775,Abuja,2024-11-16,2024-12-11,4,196,955000
8776,Ibadan,2024-02-03,2024-07-10,1,45,194000
8777,Lagos,2024-09-09,2024-12-13,2,88,331000
8778,Lagos,2024-12-22,2024-04-12,5,227,989000
8779,Abuja,2024-09-07,2024-01-12,3,110,572000
8780,PH,2024-02-04,2024-04-14,3,151,6920000
8781,Lagos,2024-07-06,2024-09-18,2,108,293000
8782,Lagos,2024-11-01,2024-12-24,1,48,311000
8783,Ibadan,2024-08-27,2024-02-02,4,164,809000
8784,Ibadan,2024-07-01,2024-07-14,5,206,856000
8785,PH,2024-11-16,2024-02-22,2,100,585000
8786,Ibadan,2024-09-01,2024-02-07,5,199,859000
8787,PH,2024-04-11,2024-07-30,2,70,2970000
8788,PH,2024-07-28,2024-10-07,3,127,356000
8789,Ibadan,2024-04-02,2024-07-22,4,156,774000
8790,Ibadan,2024-11-19,2024-05-17,2,105,483000
8791,Ibadan,2024-05-19,2024-06-15,3,110,272000
8792,PH,2024-09-01,2024-02-06,3,141,743000
8793,PH,2024-07-26,2024-12-24,4,186,995000
8794,Ibadan,2024-03-04,2024-04-11,5,230,624000
8795,PH,2024-07-28,2024-08-20,1,65,375000
8796,PH,2024-06-14,2024-09-08,3,117,227000
8797,PH,2024-08-26,2024-01-28,3,117,466000
8798,Ibadan,2024-05-22,2024-07-26,4,178,497000
8799,Ibadan,2024-04-12,2024-07-08,5,236,599000
8800,Ibadan,2024-05-31,2024-09-23,3,125,374000
8801,Abuja,2024-05-10,2024-08-25,3,150,815000
8802,Abuja,2024-02-07,2024-06-14,5,233,572000
8803,PH,2024-10-06,2024-01-07,5,215,985000
8804,Ibadan,2024-03-29,2024-05-11,5,212,1013000
8805,Ibadan,2024-08-23,2024-01-04,2,79,297000
8806,Abuja,2024-01-21,2024-02-09,2,72,253000
8807,Ibadan,2024-10-12,2024-04-05,4,174,886000
8808,Lagos,2024-04-27,2024-09-18,1,31,71000
8809,Lagos,2024-07-17,2024-09-14,4,157,822000
8810,Abuja,2024-12-08,2024-01-17,4,164,825000
8811,Abuja,2024-04-23,2024-08-26,2,84,259000
8812,Ibadan,2024-06-16,2024-07-25,4,197,1013000
8813,Ibadan,2024-09-24,2024-03-09,4,152,814000
8814,Ibadan,2024-09-01,2024-10-18,4,1959,528000
8815,Abuja,2024-07-27,2024-12-14,1,79,342000
8816,PH,2024-09-22,2024-02-13,4,173,686000
8817,Abuja,2024-07-04,2024-09-19,5,234,1004000
8818,PH,2024-05-15,2024-07-05,4,162,643000
8819,Abuja,2024-04-26,2024-06-15,3,126,436000
8820,Ibadan,2024-05-25,2024-06-24,4,183,514000
8821,PH,2024-07-21,2024-08-10,1,58,357000
8822,Lagos,2024-09-06,2024-12-22,4,1938,578000
8823,PH,2024-01-25,2024-04-10,3,117,388000
8824,Abuja,2024-04-07,2024-05-22,3,1421,520000
8825,Ibadan,2024-06-26,2024-08-18,5,192,1027000
8826,Abuja,2024-12-27,2024-02-19,1,61,92000
8827,Abuja,2024-08-18,2024-10-04,5,209,1147000
8828,Ibadan,2024-11-23,2024-12-03,4,193,754000
8829,Abuja,2024-05-01,2024-09-15,2,99,475000
8830,Ibadan,2024-09-16,2024-12-27,2,117,616000
8831,Ibadan,2024-11-24,2024-05-02,5,206,897000
8832,PH,2024-08-17,2024-01-22,1,37,158000
8833,Lagos,2024-07-28,2024-09-07,4,190,973000
8834,Ibadan,2024-01-24,2024-03-17,5,2067,884000
8835,Lagos,2024-04-29,2024-05-27,5,229,891000
8836,Abuja,2024-08-06,2024-01-30,4,153,494000
8837,Lagos,2024-11-25,2024-03-04,4,199,716000
8838,PH,2024-07-21,2024-09-17,5,213,1106000
8839,Lagos,2024-03-16,2024-07-21,5,203,1083000
8840,Ibadan,2024-04-08,2024-08-27,5,239,608000
8841,Ibadan,2024-12-21,2024-03-19,1,41,230000
8842,Abuja,2024-10-11,2024-04-07,5,238,1056000
8843,Abuja,2024-06-13,2024-11-16,5,204,1135000
8844,Ibadan,2024-09-03,2024-11-19,2,74,334000
8845,PH,2024-12-10,2024-05-20,2,101,469000
8846,Ibadan,2024-03-01,2024-06-29,4,186,431000
8847,PH,2024-08-02,2024-12-18,5,207,1077000
8848,Ibadan,2024-09-14,2024-10-17,1,61,245000
8849,Lagos,2024-09-22,2024-11-23,3,133,456000
8850,PH,2024-06-25,2024-12-06,5,216,1003000
8851,Lagos,2024-10-16,2024-03-21,2,83,170000
8852,PH,2024-11-08,2024-04-11,2,120,391000
8853,Abuja,2024-04-04,2024-06-01,5,210,551000
8854,PH,2024-05-25,2024-07-06,1,80,430000
8855,Abuja,2024-08-18,2024-11-11,3,127,528000
8856,Ibadan,2024-12-30,2024-03-15,3,111,467000
8857,Ibadan,2024-01-02,2024-06-12,5,223,610000
8858,PH,2024-03-14,2024-04-22,3,146,571000
8859,Abuja,2024-02-10,2024-08-04,5,218,533000
8860,PH,2024-05-27,2024-06-19,5,195,618000
8861,Lagos,2024-12-26,2024-01-27,4,161,692000
8862,Ibadan,2024-01-26,2024-03-05,2,91,394000
8863,Ibadan,2024-05-26,2024-09-13,2,103,439000
8864,PH,2024-06-27,2024-07-29,1,50,329000
8865,Ibadan,2024-04-22,2024-07-02,3,160,621000
8866,Lagos,2024-05-11,2024-09-07,4,161,865000
8867,Abuja,2024-02-22,2024-05-28,2,1023,332000
8868,Ibadan,2024-08-13,2024-09-05,3,110,480000
8869,Lagos,2024-05-24,2024-10-12,1,31,-21000
8870,PH,2024-05-16,2024-08-28,2,1195,342000
8871,Abuja,2024-12-09,2024-03-10,1,388,112000
8872,Ibadan,2024-04-29,2024-06-13,3,121,688000
8873,Lagos,2024-04-06,2024-08-27,3,143,718000
8874,Ibadan,2024-04-30,2024-10-06,5,218,1198000
8875,Ibadan,2024-02-17,2024-04-03,5,240,840000
8876,Abuja,2024-08-13,2024-08-25,1,60,194000
8877,Ibadan,2024-04-29,2024-08-05,5,227,1217000
8878,Abuja,2024-06-10,2024-12-06,4,190,572000
8879,Abuja,2024-04-14,2024-09-14,4,156,556000
8880,Ibadan,2024-03-12,2024-07-08,2,81,440000
8881,Abuja,2024-08-09,2024-09-22,2,112,429000
8882,Ibadan,2024-08-15,2024-09-18,1,78,415000
8883,PH,2024-04-06,2024-06-08,2,90,197000
8884,PH,2024-07-11,2024-09-05,4,198,998000
8885,Abuja,2024-10-07,2024-02-04,3,127,555000
8886,Ibadan,2024-01-26,2024-06-30,4,188,457000
8887,Abuja,2024-12-08,2024-05-15,5,220,741000
8888,Ibadan,2024-01-27,2024-05-25,3,132,438000
8889,Lagos,2024-02-27,2024-06-20,3,1582,322000
8890,Ibadan,2024-09-10,2024-11-28,1,51,185000
8891,Abuja,2024-09-25,2024-12-23,4,183,594000
8892,Ibadan,2024-04-18,2024-07-09,4,175,932000
8893,Abuja,2024-04-11,2024-06-20,5,229,816000
8894,Lagos,2024-03-18,2024-05-04,1,72,373000
8895,Ibadan,2024-05-21,2024-07-05,3,1668,439000
8896,Lagos,2024-09-21,2024-01-24,3,117,326000
8897,Lagos,2024-11-06,2024-04-27,3,140,363000
8898,PH,2024-11-19,2024-01-27,4,187,533000
8899,Lagos,2024-09-13,2024-02-06,2,78,371000
8900,PH,2024-08-27,2024-10-20,1,74,226000
8901,PH,2024-01-15,2024-06-13,4,151,367000
8902,PH,2024-04-08,2024-09-11,5,237,645000
8903,PH,2024-08-04,2024-01-24,5,240,1315000
8904,Abuja,2024-03-20,2024-05-28,1,73,183000
8905,Abuja,2024-06-25,2024-07-25,1,64,193000
8906,Ibadan,2024-09-26,2024-12-01,5,212,756000
8907,PH,2024-04-29,2024-10-04,2,113,290000
8908,Ibadan,2024-02-13,2024-07-03,4,151,452000
8909,Ibadan,2024-01-26,2024-03-06,1,37,205000
8910,Lagos,2024-01-09,2024-02-29,4,187,520000
8911,PH,2024-04-10,2024-08-07,5,205,557000
8912,Abuja,2024-05-27,2024-09-02,2,89,258000
8913,Ibadan,2024-09-12,2024-03-05,4,161,539000
8914,PH,2024-12-08,2024-03-02,3,153,743000
8915,Lagos,2024-09-18,2024-01-28,5,200,1038000
8916,Abuja,2024-07-02,2024-08-05,2,75,227000
8917,Abuja,2024-07-08,2024-10-09,4,154,675000
8918,Abuja,2024-06-11,2024-09-23,5,225,617000
8919,Abuja,2024-08-05,2024-10-03,4,191,5470000
8920,Ibadan,2024-08-09,2024-10-19,5,226,723000
8921,Ibadan,2024-10-06,2024-03-24,3,121,426000
8922,PH,2024-03-30,2024-09-12,1,35,106000
8923,PH,2024-03-20,2024-06-02,1,57,311000
8924,PH,2024-02-13,2024-05-13,4,166,888000
8925,PH,2024-02-27,2024-04-21,5,204,971000
8926,Lagos,2024-11-06,2024-02-05,1,48,124000
8927,Lagos,2024-12-15,2024-01-04,5,228,770000
8928,Abuja,2024-12-09,2024-04-28,3,140,583000
8929,Lagos,2024-04-15,2024-05-19,5,208,994000
8930,Lagos,2024-05-09,2024-09-02,5,223,1137000
8931,Abuja,2024-03-27,2024-07-23,2,72,112000
8932,Abuja,2024-09-16,2024-02-26,2,100,339000
8933,Abuja,2024-02-26,2024-04-26,4,184,454000
8934,Lagos,2024-07-11,2024-08-13,4,170,545000
8935,PH,2024-12-25,2024-03-26,5,191,923000
8936,Lagos,2024-02-29,2024-08-12,5,228,833000
8937,Ibadan,2024-11-29,2024-01-04,3,160,544000
8938,Lagos,2024-04-22,2024-05-08,5,196,1010000
8939,Lagos,2024-07-20,2024-01-17,2,72,407000
8940,Ibadan,2024-02-06,2024-08-03,5,203,856000
8941,Lagos,2024-08-18,2024-11-28,3,117,344000
8942,Abuja,2024-01-30,2024-04-02,2,112,329000
8943,Abuja,2024-02-18,2024-04-29,5,227,1097000
8944,Abuja,2024-01-25,2024-02-19,1,57,81000
8945,Ibadan,2024-03-12,2024-05-25,5,208,673000
8946,Lagos,2024-10-20,2024-02-03,3,132,506000
8947,Abuja,2024-06-28,2024-08-05,1,47,216000
8948,Abuja,2024-07-22,2024-11-19,1,62,158000
8949,PH,2024-07-17,2024-09-26,2,111,346000
8950,Ibadan,2024-09-30,2024-02-08,4,163,544000
8951,PH,2024-11-21,2024-12-21,1,41,51000
8952,Abuja,2024-12-28,2024-02-18,1,68,142000
8953,Ibadan,2024-02-01,2024-05-30,1,78,349000
8954,PH,2024-03-17,2024-07-24,5,212,1150000
8955,PH,2024-05-02,2024-09-15,3,127,397000
8956,Ibadan,2024-05-23,2024-07-30,1,57,350000
8957,PH,2024-03-13,2024-06-18,3,111,469000
8958,Lagos,2024-06-09,2024-07-18,4,166,642000
8959,Ibadan,2024-09-24,2024-10-09,5,219,930000
8960,Lagos,2024-05-11,2024-10-27,3,144,591000
8961,Lagos,2024-05-24,2024-06-24,5,212,1058000
8962,Abuja,2024-11-07,2024-12-11,1,78,388000
8963,Abuja,2024-05-20,2024-07-02,1,42,116000
8964,Abuja,2024-03-29,2024-05-17,4,159,706000
8965,Lagos,2024-04-16,2024-05-19,4,164,895000
8966,Ibadan,2024-07-01,2024-11-08,5,216,849000
8967,Ibadan,2024-02-25,2024-04-23,4,176,715000
8968,Ibadan,2024-11-19,2024-02-02,4,200,919000
8969,PH,2024-10-23,2024-01-15,2,105,395000
8970,Abuja,2024-06-25,2024-11-01,2,107,636000
8971,Lagos,2024-06-08,2024-11-21,5,235,888000
8972,Lagos,2024-10-16,2024-11-11,1,43,239000
8973,Ibadan,2024-02-17,2024-07-08,3,127,291000
8974,Ibadan,2024-03-16,2024-03-05,2,83,326000
8975,Abuja,2024-08-06,2024-12-09,3,1572,807000
8976,PH,2024-03-03,2024-07-26,5,227,862000
8977,Lagos,2024-06-22,2024-08-30,5,2583,954000
8978,Ibadan,2024-11-09,2024-01-05,3,120,377000
8979,Lagos,2024-06-15,2024-07-13,5,233,761000
8980,Lagos,2024-12-30,2024-06-05,5,204,800000
8981,Lagos,2024-12-18,2024-03-28,1,38,110000
8982,PH,2024-09-04,2024-09-24,2,119,544000
8983,Abuja,2024-09-07,2024-01-19,5,194,1206000
8984,Ibadan,2024-08-02,2024-08-27,5,206,924000
8985,Ibadan,2024-03-28,2024-05-03,1,463,181000
8986,PH,2024-03-22,2024-05-26,5,2336,546000
8987,Abuja,2024-04-09,2024-05-26,3,111,352000
8988,Ibadan,2024-04-03,2024-07-17,4,187,570000
8989,Ibadan,2024-06-29,2024-10-26,4,175,637000
8990,Lagos,2024-11-08,2024-10-27,1,80,412000
8991,Ibadan,2024-12-10,2024-04-05,1,41,294000
8992,Lagos,2024-02-01,2024-03-16,5,217,747000
8993,Lagos,2024-10-15,2024-04-06,4,153,506000
8994,Ibadan,2024-08-08,2024-11-13,4,191,639000
8995,Ibadan,2024-10-30,2024-12-29,1,39,192000
8996,Ibadan,2024-11-05,2024-03-31,3,118,626000
8997,Lagos,2024-08-03,2024-01-23,4,158,594000
8998,Abuja,2024-01-11,2024-03-02,5,204,997000
8999,Abuja,2024-04-26,2024-06-23,1,42,75000
9000,Abuja,2024-12-28,2024-06-18,1,63,158000
