date,store,category,sku,movement_type,qty,counted_delta
2024-01-01,S1,Apparel,AP-790,count,0,-2
2024-01-01,S1,Grocery,GR-847,return,1,0
2024-01-01,S1,Grocery,GR-906,sale,-1,0
2024-01-01,S1,Grocery,GR-341,count,0,0
2024-01-01,S1,Grocery,GR-749,receipt,38,0
2024-01-01,S1,Home,HO-111,sale,-4,0
2024-01-01,S1,Grocery,GR-626,sale,-2,0
2024-01-01,S1,Electronics,EL-545,sale,-3,0
2024-01-01,S1,Grocery,GR-824,count,0,-1
2024-01-01,S1,Home,HO-983,sale,-5,0
2024-01-01,S1,Electronics,EL-137,count,0,2
2024-01-01,S1,Grocery,GR-529,sale,-4,0
2024-01-01,S1,Electronics,EL-299,sale,-6,0
2024-01-01,S1,Apparel,AP-253,count,0,2
2024-01-01,S1,Apparel,AP-120,sale,-5,0
2024-01-01,S2,Apparel,AP-134,sale,-3,0
2024-01-01,S2,Grocery,GR-681,sale,-6,0
2024-01-01,S2,Grocery,GR-161,sale,-4,0
2024-01-01,S2,Home,HO-603,sale,-5,0
2024-01-01,S2,Electronics,EL-278,return,2,0
2024-01-01,S2,Home,HO-550,return,1,0
2024-01-01,S2,Apparel,AP-441,sale,-1,0
2024-01-01,S2,Home,HO-473,sale,-5,0
2024-01-01,S2,Home,HO-657,sale,-6,0
2024-01-01,S2,Electronics,EL-247,sale,-1,0
2024-01-01,S2,Home,HO-794,count,0,-1
2024-01-01,S2,Home,HO-743,receipt,56,0
2024-01-01,S2,Apparel,AP-676,sale,-1,0
2024-01-01,S2,Electronics,EL-690,sale,-1,0
2024-01-01,S2,Home,HO-456,receipt,28,0
2024-01-01,S3,Apparel,AP-764,sale,-1,0
2024-01-01,S3,Home,HO-777,receipt,25,0
2024-01-01,S3,Electronics,EL-211,count,0,-5
2024-01-01,S3,Apparel,AP-165,return,1,0
2024-01-01,S3,Home,HO-674,sale,-2,0
2024-01-01,S3,Apparel,AP-512,return,1,0
2024-01-01,S3,Apparel,AP-771,receipt,53,0
2024-01-01,S3,Electronics,EL-103,sale,-2,0
2024-01-01,S3,Electronics,EL-985,sale,-6,0
2024-01-01,S3,Electronics,EL-299,sale,-2,0
2024-01-01,S3,Home,HO-755,sale,-6,0
2024-01-01,S4,Apparel,AP-921,sale,-4,0
2024-01-01,S4,Grocery,GR-185,sale,-1,0
2024-01-01,S4,Grocery,GR-326,sale,-6,0
2024-01-01,S4,Electronics,EL-214,receipt,24,0
2024-01-01,S4,Apparel,AP-414,receipt,24,0
2024-01-01,S4,Grocery,GR-677,receipt,42,0
2024-01-01,S4,Apparel,AP-217,count,0,1
2024-01-01,S4,Home,HO-353,count,0,-1
2024-01-01,S4,Home,HO-290,sale,-6,0
2024-01-01,S4,Home,HO-461,sale,-5,0
2024-01-01,S4,Grocery,GR-168,return,3,0
2024-01-01,S4,Electronics,EL-790,return,2,0
2024-01-01,S5,Apparel,AP-993,sale,-5,0
2024-01-01,S5,Apparel,AP-450,sale,-5,0
2024-01-01,S5,Home,HO-790,receipt,30,0
2024-01-01,S5,Apparel,AP-447,sale,-4,0
2024-01-01,S5,Electronics,EL-978,receipt,41,0
2024-01-01,S5,Grocery,GR-962,sale,-5,0
2024-01-01,S5,Home,HO-501,sale,-3,0
2024-01-01,S5,Home,HO-745,count,0,-1
2024-01-01,S5,Grocery,GR-193,count,0,1
2024-01-01,S5,Apparel,AP-575,sale,-1,0
2024-01-01,S5,Grocery,GR-195,sale,-5,0
2024-01-01,S5,Home,HO-593,sale,-6,0
2024-01-01,S5,Home,HO-362,count,0,1
2024-01-01,S5,Grocery,GR-621,return,1,0
2024-01-01,S5,Home,HO-943,sale,-2,0
2024-01-02,S1,Apparel,AP-178,sale,-5,0
2024-01-02,S1,Grocery,GR-267,count,0,2
2024-01-02,S1,Grocery,GR-937,receipt,31,0
2024-01-02,S1,Apparel,AP-916,sale,-4,0
2024-01-02,S1,Grocery,GR-211,sale,-4,0
2024-01-02,S1,Grocery,GR-491,return,3,0
2024-01-02,S1,Electronics,EL-859,sale,-4,0
2024-01-02,S1,Grocery,GR-618,receipt,54,0
2024-01-02,S1,Apparel,AP-143,count,0,-1
2024-01-02,S1,Electronics,EL-232,sale,-6,0
2024-01-02,S2,Grocery,GR-775,return,2,0
2024-01-02,S2,Home,HO-598,sale,-2,0
2024-01-02,S2,Electronics,EL-524,sale,-4,0
2024-01-02,S2,Electronics,EL-258,return,2,0
2024-01-02,S2,Apparel,AP-384,count,0,1
2024-01-02,S2,Home,HO-364,sale,-3,0
2024-01-02,S2,Home,HO-968,count,0,-1
2024-01-02,S2,Grocery,GR-397,sale,-2,0
2024-01-02,S2,Apparel,AP-603,return,1,0
2024-01-02,S2,Grocery,GR-917,sale,-4,0
2024-01-02,S2,Grocery,GR-442,count,0,-2
2024-01-02,S2,Home,HO-267,sale,-6,0
2024-01-02,S2,Home,HO-411,sale,-4,0
2024-01-02,S2,Electronics,EL-107,sale,-5,0
2024-01-02,S3,Home,HO-983,sale,-2,0
2024-01-02,S3,Apparel,AP-355,sale,-6,0
2024-01-02,S3,Home,HO-966,sale,-2,0
2024-01-02,S3,Grocery,GR-898,count,0,1
2024-01-02,S3,Apparel,AP-332,sale,-6,0
2024-01-02,S3,Home,HO-887,count,0,-1
2024-01-02,S3,Home,HO-822,count,0,-2
2024-01-02,S3,Grocery,GR-989,return,1,0
2024-01-02,S3,Grocery,GR-600,sale,-5,0
2024-01-02,S3,Electronics,EL-841,return,2,0
2024-01-02,S3,Grocery,GR-369,receipt,25,0
2024-01-02,S4,Home,HO-863,sale,-1,0
2024-01-02,S4,Electronics,EL-570,sale,-1,0
2024-01-02,S4,Home,HO-206,sale,-6,0
2024-01-02,S4,Grocery,GR-238,sale,-5,0
2024-01-02,S4,Home,HO-226,sale,-2,0
2024-01-02,S4,Grocery,GR-848,receipt,19,0
2024-01-02,S4,Apparel,AP-879,sale,-3,0
2024-01-02,S4,Electronics,EL-307,count,0,1
2024-01-02,S4,Grocery,GR-343,sale,-2,0
2024-01-02,S4,Apparel,AP-266,sale,-5,0
2024-01-02,S4,Apparel,AP-290,receipt,23,0
2024-01-02,S4,Home,HO-963,return,2,0
2024-01-02,S5,Grocery,GR-554,receipt,40,0
2024-01-02,S5,Apparel,AP-837,count,0,2
2024-01-02,S5,Home,HO-204,count,0,2
2024-01-02,S5,Grocery,GR-821,return,3,0
2024-01-02,S5,Home,HO-567,count,0,1
2024-01-02,S5,Electronics,EL-326,count,0,-1
2024-01-02,S5,Home,HO-131,receipt,26,0
2024-01-02,S5,Electronics,EL-286,sale,-1,0
2024-01-02,S5,Apparel,AP-375,sale,-5,0
2024-01-02,S5,Home,HO-109,count,0,-1
2024-01-02,S5,Electronics,EL-800,sale,-3,0
2024-01-02,S5,Apparel,AP-153,count,0,1
2024-01-02,S5,Electronics,EL-304,return,3,0
2024-01-02,S5,Grocery,GR-660,sale,-1,0
2024-01-02,S5,Apparel,AP-417,count,0,0
2024-01-03,S1,Electronics,EL-771,count,0,1
2024-01-03,S1,Home,HO-854,return,2,0
2024-01-03,S1,Grocery,GR-783,receipt,12,0
2024-01-03,S1,Apparel,AP-336,return,1,0
2024-01-03,S1,Apparel,AP-151,return,1,0
2024-01-03,S1,Grocery,GR-500,return,3,0
2024-01-03,S1,Grocery,GR-572,sale,-5,0
2024-01-03,S1,Grocery,GR-345,sale,-5,0
2024-01-03,S1,Home,HO-188,sale,-2,0
2024-01-03,S1,Grocery,GR-717,count,0,1
2024-01-03,S1,Home,HO-296,sale,-5,0
2024-01-03,S1,Grocery,GR-362,sale,-3,0
2024-01-03,S2,Electronics,EL-937,receipt,15,0
2024-01-03,S2,Grocery,GR-543,return,3,0
2024-01-03,S2,Apparel,AP-159,return,3,0
2024-01-03,S2,Home,HO-956,count,0,-1
2024-01-03,S2,Electronics,EL-233,sale,-3,0
2024-01-03,S2,Grocery,GR-512,count,0,-2
2024-01-03,S2,Home,HO-139,sale,-6,0
2024-01-03,S2,Electronics,EL-746,sale,-2,0
2024-01-03,S2,Electronics,EL-528,sale,-1,0
2024-01-03,S3,Home,HO-864,sale,-1,0
2024-01-03,S3,Grocery,GR-969,sale,-3,0
2024-01-03,S3,Grocery,GR-847,count,0,1
2024-01-03,S3,Electronics,EL-366,count,0,-4
2024-01-03,S3,Apparel,AP-853,sale,-5,0
2024-01-03,S3,Apparel,AP-910,sale,-5,0
2024-01-03,S3,Grocery,GR-843,sale,-3,0
2024-01-03,S3,Home,HO-330,return,1,0
2024-01-03,S3,Electronics,EL-821,count,0,-6
2024-01-03,S3,Apparel,AP-855,sale,-6,0
2024-01-03,S3,Apparel,AP-909,sale,-3,0
2024-01-03,S3,Apparel,AP-987,sale,-1,0
2024-01-03,S4,Grocery,GR-297,count,0,-2
2024-01-03,S4,Home,HO-239,sale,-2,0
2024-01-03,S4,Electronics,EL-191,count,0,-1
2024-01-03,S4,Grocery,GR-718,return,1,0
2024-01-03,S4,Grocery,GR-951,sale,-3,0
2024-01-03,S4,Electronics,EL-945,receipt,33,0
2024-01-03,S4,Electronics,EL-493,count,0,2
2024-01-03,S4,Apparel,AP-470,sale,-5,0
2024-01-03,S4,Apparel,AP-437,sale,-2,0
2024-01-03,S4,Grocery,GR-833,sale,-4,0
2024-01-03,S4,Grocery,GR-325,sale,-3,0
2024-01-03,S4,Grocery,GR-707,count,0,2
2024-01-03,S4,Home,HO-451,sale,-4,0
2024-01-03,S4,Apparel,AP-561,return,2,0
2024-01-03,S4,Grocery,GR-691,receipt,36,0
2024-01-03,S4,Grocery,GR-615,sale,-6,0
2024-01-03,S5,Apparel,AP-790,sale,-5,0
2024-01-03,S5,Apparel,AP-361,receipt,16,0
2024-01-03,S5,Apparel,AP-744,receipt,56,0
2024-01-03,S5,Apparel,AP-746,sale,-3,0
2024-01-03,S5,Grocery,GR-956,count,0,0
2024-01-03,S5,Home,HO-708,count,0,1
2024-01-03,S5,Apparel,AP-869,count,0,2
2024-01-03,S5,Home,HO-704,receipt,58,0
2024-01-03,S5,Home,HO-717,sale,-6,0
2024-01-03,S5,Apparel,AP-161,sale,-5,0
2024-01-03,S5,Electronics,EL-659,count,0,2
2024-01-03,S5,Home,HO-584,return,2,0
2024-01-03,S5,Electronics,EL-197,count,0,1
2024-01-04,S1,Home,HO-542,return,3,0
2024-01-04,S1,Grocery,GR-606,count,0,0
2024-01-04,S1,Apparel,AP-892,sale,-5,0
2024-01-04,S1,Apparel,AP-481,sale,-2,0
2024-01-04,S1,Home,HO-804,sale,-5,0
2024-01-04,S1,Home,HO-528,sale,-4,0
2024-01-04,S1,Apparel,AP-552,return,2,0
2024-01-04,S1,Grocery,GR-795,sale,-1,0
2024-01-04,S1,Electronics,EL-364,sale,-5,0
2024-01-04,S1,Grocery,GR-349,receipt,40,0
2024-01-04,S1,Home,HO-582,sale,-6,0
2024-01-04,S1,Apparel,AP-842,return,1,0
2024-01-04,S1,Apparel,AP-999,return,2,0
2024-01-04,S1,Apparel,AP-245,sale,-3,0
2024-01-04,S1,Electronics,EL-235,receipt,31,0
2024-01-04,S2,Apparel,AP-498,sale,-1,0
2024-01-04,S2,Apparel,AP-413,receipt,37,0
2024-01-04,S2,Grocery,GR-603,receipt,29,0
2024-01-04,S2,Electronics,EL-261,sale,-2,0
2024-01-04,S2,Grocery,GR-850,sale,-3,0
2024-01-04,S2,Grocery,GR-290,sale,-2,0
2024-01-04,S2,Home,HO-413,count,0,-1
2024-01-04,S2,Electronics,EL-744,sale,-2,0
2024-01-04,S2,Home,HO-501,sale,-5,0
2024-01-04,S2,Home,HO-348,sale,-2,0
2024-01-04,S2,Grocery,GR-130,return,2,0
2024-01-04,S2,Grocery,GR-773,return,3,0
2024-01-04,S2,Electronics,EL-735,sale,-3,0
2024-01-04,S3,Home,HO-691,receipt,12,0
2024-01-04,S3,Apparel,AP-811,sale,-5,0
2024-01-04,S3,Apparel,AP-356,sale,-5,0
2024-01-04,S3,Grocery,GR-526,sale,-4,0
2024-01-04,S3,Home,HO-787,sale,-2,0
2024-01-04,S3,Home,HO-155,receipt,45,0
2024-01-04,S3,Apparel,AP-921,receipt,44,0
2024-01-04,S3,Home,HO-659,return,1,0
2024-01-04,S3,Apparel,AP-873,receipt,57,0
2024-01-04,S3,Apparel,AP-579,sale,-5,0
2024-01-04,S3,Grocery,GR-938,sale,-2,0
2024-01-04,S3,Electronics,EL-467,receipt,35,0
2024-01-04,S3,Apparel,AP-205,sale,-5,0
2024-01-04,S3,Apparel,AP-621,count,0,-1
2024-01-04,S3,Apparel,AP-167,sale,-4,0
2024-01-04,S3,Apparel,AP-232,sale,-1,0
2024-01-04,S4,Home,HO-446,sale,-5,0
2024-01-04,S4,Home,HO-163,count,0,0
2024-01-04,S4,Apparel,AP-183,receipt,28,0
2024-01-04,S4,Electronics,EL-906,return,3,0
2024-01-04,S4,Grocery,GR-116,count,0,0
2024-01-04,S4,Home,HO-726,return,2,0
2024-01-04,S4,Home,HO-534,sale,-5,0
2024-01-04,S4,Grocery,GR-384,return,2,0
2024-01-04,S4,Apparel,AP-775,receipt,15,0
2024-01-04,S4,Home,HO-375,count,0,1
2024-01-04,S4,Apparel,AP-215,receipt,25,0
2024-01-04,S4,Home,HO-485,sale,-5,0
2024-01-04,S4,Home,HO-446,sale,-3,0
2024-01-04,S4,Home,HO-533,receipt,42,0
2024-01-04,S4,Home,HO-527,return,2,0
2024-01-04,S5,Home,HO-416,count,0,0
2024-01-04,S5,Home,HO-662,sale,-4,0
2024-01-04,S5,Electronics,EL-510,return,3,0
2024-01-04,S5,Grocery,GR-813,sale,-3,0
2024-01-04,S5,Apparel,AP-692,sale,-5,0
2024-01-04,S5,Home,HO-556,return,1,0
2024-01-04,S5,Home,HO-756,return,2,0
2024-01-04,S5,Home,HO-990,count,0,2
2024-01-04,S5,Home,HO-329,receipt,28,0
2024-01-05,S1,Apparel,AP-844,receipt,44,0
2024-01-05,S1,Electronics,EL-732,sale,-5,0
2024-01-05,S1,Apparel,AP-154,count,0,-2
2024-01-05,S1,Home,HO-794,sale,-4,0
2024-01-05,S1,Apparel,AP-178,return,2,0
2024-01-05,S1,Home,HO-532,sale,-3,0
2024-01-05,S1,Electronics,EL-271,receipt,46,0
2024-01-05,S1,Grocery,GR-140,return,2,0
2024-01-05,S1,Home,HO-445,sale,-5,0
2024-01-05,S1,Grocery,GR-259,sale,-4,0
2024-01-05,S1,Grocery,GR-681,sale,-2,0
2024-01-05,S1,Grocery,GR-986,sale,-5,0
2024-01-05,S2,Home,HO-183,receipt,60,0
2024-01-05,S2,Grocery,GR-850,receipt,45,0
2024-01-05,S2,Electronics,EL-346,sale,-2,0
2024-01-05,S2,Electronics,EL-349,return,1,0
2024-01-05,S2,Apparel,AP-326,count,0,-2
2024-01-05,S2,Home,HO-855,receipt,18,0
2024-01-05,S2,Grocery,GR-910,sale,-6,0
2024-01-05,S2,Electronics,EL-365,receipt,47,0
2024-01-05,S3,Home,HO-746,return,1,0
2024-01-05,S3,Home,HO-940,count,0,-1
2024-01-05,S3,Grocery,GR-135,return,3,0
2024-01-05,S3,Electronics,EL-268,sale,-2,0
2024-01-05,S3,Grocery,GR-477,sale,-4,0
2024-01-05,S3,Grocery,GR-632,count,0,0
2024-01-05,S3,Home,HO-267,count,0,-2
2024-01-05,S3,Apparel,AP-760,sale,-5,0
2024-01-05,S3,Grocery,GR-796,receipt,25,0
2024-01-05,S3,Grocery,GR-625,sale,-3,0
2024-01-05,S3,Grocery,GR-195,sale,-2,0
2024-01-05,S3,Apparel,AP-808,sale,-6,0
2024-01-05,S3,Electronics,EL-149,count,0,-3
2024-01-05,S4,Home,HO-211,sale,-5,0
2024-01-05,S4,Apparel,AP-780,receipt,14,0
2024-01-05,S4,Grocery,GR-341,sale,-5,0
2024-01-05,S4,Home,HO-538,count,0,-1
2024-01-05,S4,Electronics,EL-635,count,0,1
2024-01-05,S4,Electronics,EL-192,sale,-1,0
2024-01-05,S4,Home,HO-495,sale,-2,0
2024-01-05,S4,Electronics,EL-295,return,2,0
2024-01-05,S4,Apparel,AP-562,sale,-4,0
2024-01-05,S4,Home,HO-773,receipt,50,0
2024-01-05,S4,Home,HO-969,sale,-4,0
2024-01-05,S4,Home,HO-668,sale,-5,0
2024-01-05,S4,Home,HO-318,sale,-5,0
2024-01-05,S4,Grocery,GR-409,sale,-4,0
2024-01-05,S5,Electronics,EL-352,count,0,1
2024-01-05,S5,Home,HO-472,receipt,22,0
2024-01-05,S5,Electronics,EL-702,sale,-3,0
2024-01-05,S5,Apparel,AP-362,count,0,1
2024-01-05,S5,Apparel,AP-512,sale,-1,0
2024-01-05,S5,Electronics,EL-338,sale,-1,0
2024-01-05,S5,Electronics,EL-145,count,0,-2
2024-01-05,S5,Electronics,EL-632,sale,-4,0
2024-01-06,S1,Electronics,EL-491,sale,-6,0
2024-01-06,S1,Apparel,AP-122,return,3,0
2024-01-06,S1,Home,HO-217,count,0,-1
2024-01-06,S1,Home,HO-213,return,1,0
2024-01-06,S1,Home,HO-265,return,2,0
2024-01-06,S1,Apparel,AP-473,count,0,-1
2024-01-06,S1,Grocery,GR-725,sale,-4,0
2024-01-06,S1,Apparel,AP-926,sale,-1,0
2024-01-06,S1,Apparel,AP-647,sale,-4,0
2024-01-06,S1,Home,HO-185,sale,-2,0
2024-01-06,S1,Apparel,AP-749,sale,-6,0
2024-01-06,S1,Electronics,EL-782,return,2,0
2024-01-06,S1,Grocery,GR-109,sale,-2,0
2024-01-06,S1,Apparel,AP-366,return,3,0
2024-01-06,S1,Electronics,EL-334,sale,-1,0
2024-01-06,S1,Electronics,EL-299,sale,-6,0
2024-01-06,S2,Home,HO-297,sale,-1,0
2024-01-06,S2,Home,HO-461,sale,-1,0
2024-01-06,S2,Apparel,AP-319,receipt,52,0
2024-01-06,S2,Electronics,EL-864,sale,-2,0
2024-01-06,S2,Home,HO-410,sale,-6,0
2024-01-06,S2,Home,HO-925,sale,-3,0
2024-01-06,S2,Home,HO-813,sale,-5,0
2024-01-06,S2,Apparel,AP-393,return,3,0
2024-01-06,S2,Electronics,EL-605,sale,-5,0
2024-01-06,S2,Apparel,AP-937,sale,-5,0
2024-01-06,S2,Electronics,EL-964,receipt,31,0
2024-01-06,S2,Electronics,EL-222,sale,-3,0
2024-01-06,S2,Home,HO-390,sale,-2,0
2024-01-06,S3,Home,HO-955,sale,-3,0
2024-01-06,S3,Electronics,EL-516,receipt,48,0
2024-01-06,S3,Electronics,EL-683,sale,-4,0
2024-01-06,S3,Grocery,GR-254,sale,-6,0
2024-01-06,S3,Apparel,AP-869,receipt,55,0
2024-01-06,S3,Electronics,EL-810,sale,-1,0
2024-01-06,S3,Electronics,EL-648,sale,-2,0
2024-01-06,S3,Home,HO-112,sale,-5,0
2024-01-06,S3,Home,HO-878,return,1,0
2024-01-06,S3,Apparel,AP-497,sale,-6,0
2024-01-06,S3,Electronics,EL-700,sale,-1,0
2024-01-06,S3,Grocery,GR-467,sale,-6,0
2024-01-06,S3,Grocery,GR-234,sale,-2,0
2024-01-06,S3,Home,HO-677,return,3,0
2024-01-06,S3,Home,HO-405,receipt,32,0
2024-01-06,S4,Electronics,EL-957,count,0,1
2024-01-06,S4,Grocery,GR-645,return,3,0
2024-01-06,S4,Apparel,AP-494,sale,-3,0
2024-01-06,S4,Apparel,AP-664,sale,-6,0
2024-01-06,S4,Apparel,AP-174,sale,-3,0
2024-01-06,S4,Home,HO-219,sale,-4,0
2024-01-06,S4,Electronics,EL-457,receipt,12,0
2024-01-06,S4,Electronics,EL-647,return,2,0
2024-01-06,S4,Grocery,GR-448,sale,-1,0
2024-01-06,S4,Apparel,AP-331,receipt,47,0
2024-01-06,S4,Home,HO-447,sale,-4,0
2024-01-06,S4,Electronics,EL-869,sale,-2,0
2024-01-06,S4,Home,HO-495,return,3,0
2024-01-06,S4,Home,HO-262,count,0,-2
2024-01-06,S4,Grocery,GR-342,sale,-1,0
2024-01-06,S4,Grocery,GR-995,sale,-6,0
2024-01-06,S5,Apparel,AP-132,sale,-5,0
2024-01-06,S5,Grocery,GR-551,sale,-4,0
2024-01-06,S5,Electronics,EL-939,sale,-2,0
2024-01-06,S5,Electronics,EL-579,sale,-6,0
2024-01-06,S5,Grocery,GR-131,return,2,0
2024-01-06,S5,Home,HO-311,sale,-2,0
2024-01-06,S5,Home,HO-666,sale,-1,0
2024-01-06,S5,Electronics,EL-191,receipt,30,0
2024-01-06,S5,Apparel,AP-873,return,3,0
2024-01-06,S5,Electronics,EL-178,sale,-4,0
2024-01-06,S5,Apparel,AP-107,sale,-2,0
2024-01-06,S5,Home,HO-372,sale,-4,0
2024-01-06,S5,Apparel,AP-197,receipt,38,0
2024-01-06,S5,Apparel,AP-122,return,3,0
2024-01-07,S1,Home,HO-122,count,0,2
2024-01-07,S1,Home,HO-940,sale,-1,0
2024-01-07,S1,Home,HO-312,return,3,0
2024-01-07,S1,Home,HO-116,count,0,-2
2024-01-07,S1,Home,HO-878,sale,-1,0
2024-01-07,S1,Apparel,AP-148,return,2,0
2024-01-07,S1,Electronics,EL-757,sale,-6,0
2024-01-07,S1,Home,HO-995,return,1,0
2024-01-07,S2,Home,HO-253,sale,-1,0
2024-01-07,S2,Electronics,EL-942,sale,-4,0
2024-01-07,S2,Apparel,AP-113,sale,-3,0
2024-01-07,S2,Electronics,EL-658,sale,-3,0
2024-01-07,S2,Home,HO-292,return,2,0
2024-01-07,S2,Electronics,EL-578,return,2,0
2024-01-07,S2,Grocery,GR-772,count,0,-1
2024-01-07,S2,Electronics,EL-421,sale,-4,0
2024-01-07,S2,Apparel,AP-640,sale,-6,0
2024-01-07,S2,Grocery,GR-552,sale,-5,0
2024-01-07,S2,Electronics,EL-891,sale,-1,0
2024-01-07,S2,Electronics,EL-869,receipt,24,0
2024-01-07,S3,Home,HO-332,receipt,48,0
2024-01-07,S3,Grocery,GR-682,receipt,29,0
2024-01-07,S3,Electronics,EL-198,sale,-1,0
2024-01-07,S3,Electronics,EL-657,receipt,36,0
2024-01-07,S3,Grocery,GR-666,receipt,32,0
2024-01-07,S3,Grocery,GR-461,sale,-3,0
2024-01-07,S3,Electronics,EL-381,return,2,0
2024-01-07,S3,Apparel,AP-680,receipt,52,0
2024-01-07,S3,Electronics,EL-687,return,2,0
2024-01-07,S3,Electronics,EL-885,count,0,-6
2024-01-07,S3,Electronics,EL-172,sale,-1,0
2024-01-07,S3,Grocery,GR-479,sale,-1,0
2024-01-07,S3,Electronics,EL-403,sale,-3,0
2024-01-07,S3,Home,HO-664,sale,-2,0
2024-01-07,S3,Home,HO-976,sale,-6,0
2024-01-07,S4,Grocery,GR-658,return,1,0
2024-01-07,S4,Home,HO-447,count,0,2
2024-01-07,S4,Electronics,EL-739,count,0,0
2024-01-07,S4,Apparel,AP-154,count,0,-2
2024-01-07,S4,Apparel,AP-966,return,3,0
2024-01-07,S4,Electronics,EL-385,return,3,0
2024-01-07,S4,Home,HO-347,sale,-3,0
2024-01-07,S4,Electronics,EL-610,sale,-2,0
2024-01-07,S4,Electronics,EL-489,receipt,14,0
2024-01-07,S4,Electronics,EL-572,count,0,1
2024-01-07,S4,Apparel,AP-506,count,0,-2
2024-01-07,S4,Apparel,AP-845,return,3,0
2024-01-07,S4,Electronics,EL-988,count,0,0
2024-01-07,S5,Grocery,GR-912,return,3,0
2024-01-07,S5,Apparel,AP-685,sale,-5,0
2024-01-07,S5,Electronics,EL-449,return,3,0
2024-01-07,S5,Home,HO-485,count,0,-1
2024-01-07,S5,Electronics,EL-677,sale,-1,0
2024-01-07,S5,Apparel,AP-283,return,1,0
2024-01-07,S5,Home,HO-244,sale,-1,0
2024-01-07,S5,Apparel,AP-712,sale,-6,0
2024-01-07,S5,Grocery,GR-135,receipt,11,0
2024-01-07,S5,Electronics,EL-722,receipt,46,0
2024-01-07,S5,Electronics,EL-991,count,0,0
2024-01-07,S5,Apparel,AP-446,sale,-1,0
2024-01-07,S5,Apparel,AP-267,receipt,45,0
2024-01-07,S5,Electronics,EL-291,sale,-6,0
2024-01-07,S5,Home,HO-915,sale,-4,0
2024-01-07,S5,Home,HO-766,sale,-2,0
2024-01-08,S1,Apparel,AP-263,receipt,10,0
2024-01-08,S1,Home,HO-761,count,0,-1
2024-01-08,S1,Grocery,GR-156,sale,-2,0
2024-01-08,S1,Electronics,EL-354,sale,-2,0
2024-01-08,S1,Electronics,EL-954,sale,-1,0
2024-01-08,S1,Electronics,EL-406,sale,-4,0
2024-01-08,S1,Home,HO-481,sale,-1,0
2024-01-08,S1,Apparel,AP-340,sale,-4,0
2024-01-08,S1,Grocery,GR-920,sale,-2,0
2024-01-08,S1,Grocery,GR-979,count,0,2
2024-01-08,S1,Electronics,EL-553,return,3,0
2024-01-08,S1,Grocery,GR-826,return,1,0
2024-01-08,S1,Apparel,AP-417,sale,-1,0
2024-01-08,S2,Apparel,AP-708,return,3,0
2024-01-08,S2,Home,HO-767,sale,-4,0
2024-01-08,S2,Grocery,GR-644,receipt,28,0
2024-01-08,S2,Grocery,GR-816,receipt,11,0
2024-01-08,S2,Grocery,GR-221,sale,-3,0
2024-01-08,S2,Grocery,GR-472,sale,-6,0
2024-01-08,S2,Electronics,EL-378,sale,-2,0
2024-01-08,S2,Apparel,AP-769,sale,-5,0
2024-01-08,S2,Grocery,GR-225,receipt,34,0
2024-01-08,S2,Home,HO-346,sale,-5,0
2024-01-08,S2,Grocery,GR-714,count,0,2
2024-01-08,S2,Apparel,AP-836,count,0,2
2024-01-08,S2,Grocery,GR-480,sale,-6,0
2024-01-08,S2,Apparel,AP-821,sale,-2,0
2024-01-08,S2,Home,HO-972,return,3,0
2024-01-08,S3,Electronics,EL-524,sale,-6,0
2024-01-08,S3,Apparel,AP-698,sale,-1,0
2024-01-08,S3,Home,HO-876,sale,-5,0
2024-01-08,S3,Electronics,EL-446,count,0,-5
2024-01-08,S3,Apparel,AP-543,return,3,0
2024-01-08,S3,Apparel,AP-704,return,2,0
2024-01-08,S3,Grocery,GR-490,receipt,33,0
2024-01-08,S3,Home,HO-830,sale,-4,0
2024-01-08,S3,Grocery,GR-626,sale,-4,0
2024-01-08,S4,Home,HO-149,sale,-1,0
2024-01-08,S4,Apparel,AP-512,sale,-3,0
2024-01-08,S4,Electronics,EL-642,receipt,20,0
2024-01-08,S4,Home,HO-938,count,0,-2
2024-01-08,S4,Grocery,GR-311,count,0,2
2024-01-08,S4,Home,HO-126,receipt,30,0
2024-01-08,S4,Home,HO-525,return,1,0
2024-01-08,S4,Apparel,AP-155,sale,-5,0
2024-01-08,S4,Apparel,AP-671,sale,-4,0
2024-01-08,S4,Grocery,GR-506,count,0,2
2024-01-08,S4,Apparel,AP-418,sale,-6,0
2024-01-08,S5,Electronics,EL-485,sale,-2,0
2024-01-08,S5,Electronics,EL-328,receipt,43,0
2024-01-08,S5,Electronics,EL-632,receipt,30,0
2024-01-08,S5,Home,HO-748,sale,-4,0
2024-01-08,S5,Apparel,AP-907,return,1,0
2024-01-08,S5,Apparel,AP-653,count,0,0
2024-01-08,S5,Grocery,GR-928,return,2,0
2024-01-08,S5,Apparel,AP-975,sale,-5,0
2024-01-08,S5,Grocery,GR-390,sale,-5,0
2024-01-08,S5,Apparel,AP-637,receipt,54,0
2024-01-08,S5,Grocery,GR-592,return,2,0
2024-01-08,S5,Home,HO-700,receipt,52,0
2024-01-08,S5,Grocery,GR-845,sale,-3,0
2024-01-09,S1,Grocery,GR-569,sale,-4,0
2024-01-09,S1,Electronics,EL-822,sale,-4,0
2024-01-09,S1,Home,HO-520,sale,-4,0
2024-01-09,S1,Electronics,EL-699,sale,-5,0
2024-01-09,S1,Grocery,GR-604,receipt,26,0
2024-01-09,S1,Grocery,GR-670,sale,-2,0
2024-01-09,S1,Electronics,EL-100,sale,-1,0
2024-01-09,S1,Electronics,EL-644,return,3,0
2024-01-09,S1,Apparel,AP-513,sale,-4,0
2024-01-09,S1,Electronics,EL-371,sale,-4,0
2024-01-09,S1,Electronics,EL-379,sale,-5,0
2024-01-09,S1,Grocery,GR-803,sale,-3,0
2024-01-09,S2,Grocery,GR-891,sale,-6,0
2024-01-09,S2,Grocery,GR-910,sale,-6,0
2024-01-09,S2,Apparel,AP-875,receipt,56,0
2024-01-09,S2,Apparel,AP-410,sale,-3,0
2024-01-09,S2,Apparel,AP-800,count,0,1
2024-01-09,S2,Grocery,GR-195,sale,-5,0
2024-01-09,S2,Apparel,AP-470,sale,-1,0
2024-01-09,S2,Apparel,AP-156,receipt,37,0
2024-01-09,S3,Grocery,GR-321,sale,-2,0
2024-01-09,S3,Home,HO-655,sale,-5,0
2024-01-09,S3,Apparel,AP-865,receipt,15,0
2024-01-09,S3,Electronics,EL-892,sale,-6,0
2024-01-09,S3,Electronics,EL-498,sale,-6,0
2024-01-09,S3,Grocery,GR-575,return,2,0
2024-01-09,S3,Home,HO-826,sale,-6,0
2024-01-09,S3,Home,HO-601,sale,-6,0
2024-01-09,S3,Electronics,EL-859,sale,-5,0
2024-01-09,S3,Home,HO-979,receipt,43,0
2024-01-09,S3,Home,HO-555,sale,-5,0
2024-01-09,S3,Grocery,GR-343,receipt,57,0
2024-01-09,S3,Electronics,EL-347,return,2,0
2024-01-09,S3,Electronics,EL-360,count,0,-4
2024-01-09,S3,Grocery,GR-486,receipt,21,0
2024-01-09,S4,Home,HO-813,sale,-5,0
2024-01-09,S4,Electronics,EL-619,receipt,32,0
2024-01-09,S4,Apparel,AP-766,receipt,57,0
2024-01-09,S4,Electronics,EL-860,sale,-4,0
2024-01-09,S4,Home,HO-572,count,0,1
2024-01-09,S4,Apparel,AP-927,sale,-3,0
2024-01-09,S4,Apparel,AP-708,count,0,2
2024-01-09,S4,Apparel,AP-463,sale,-4,0
2024-01-09,S4,Apparel,AP-756,count,0,-2
2024-01-09,S4,Apparel,AP-394,return,3,0
2024-01-09,S4,Grocery,GR-624,receipt,26,0
2024-01-09,S5,Apparel,AP-468,sale,-5,0
2024-01-09,S5,Electronics,EL-718,sale,-6,0
2024-01-09,S5,Home,HO-336,sale,-4,0
2024-01-09,S5,Apparel,AP-387,sale,-4,0
2024-01-09,S5,Apparel,AP-610,receipt,10,0
2024-01-09,S5,Apparel,AP-470,sale,-2,0
2024-01-09,S5,Electronics,EL-145,sale,-5,0
2024-01-09,S5,Electronics,EL-848,sale,-6,0
2024-01-09,S5,Electronics,EL-507,sale,-4,0
2024-01-09,S5,Home,HO-850,return,3,0
2024-01-09,S5,Apparel,AP-757,sale,-3,0
2024-01-09,S5,Electronics,EL-484,sale,-4,0
2024-01-10,S1,Grocery,GR-586,sale,-1,0
2024-01-10,S1,Apparel,AP-482,sale,-4,0
2024-01-10,S1,Apparel,AP-937,return,3,0
2024-01-10,S1,Grocery,GR-972,sale,-1,0
2024-01-10,S1,Grocery,GR-363,sale,-6,0
2024-01-10,S1,Grocery,GR-909,count,0,1
2024-01-10,S1,Apparel,AP-796,sale,-4,0
2024-01-10,S1,Home,HO-305,return,1,0
2024-01-10,S1,Grocery,GR-432,receipt,37,0
2024-01-10,S2,Electronics,EL-174,receipt,32,0
2024-01-10,S2,Apparel,AP-910,sale,-1,0
2024-01-10,S2,Electronics,EL-600,receipt,44,0
2024-01-10,S2,Apparel,AP-230,return,2,0
2024-01-10,S2,Grocery,GR-699,count,0,0
2024-01-10,S2,Electronics,EL-189,receipt,33,0
2024-01-10,S2,Grocery,GR-507,receipt,57,0
2024-01-10,S2,Apparel,AP-509,sale,-2,0
2024-01-10,S2,Electronics,EL-891,sale,-6,0
2024-01-10,S2,Grocery,GR-700,count,0,0
2024-01-10,S3,Grocery,GR-869,sale,-3,0
2024-01-10,S3,Grocery,GR-862,sale,-3,0
2024-01-10,S3,Electronics,EL-301,sale,-3,0
2024-01-10,S3,Apparel,AP-502,sale,-1,0
2024-01-10,S3,Apparel,AP-463,sale,-3,0
2024-01-10,S3,Apparel,AP-604,sale,-3,0
2024-01-10,S3,Electronics,EL-752,sale,-5,0
2024-01-10,S3,Apparel,AP-152,return,3,0
2024-01-10,S3,Home,HO-310,return,2,0
2024-01-10,S3,Home,HO-881,return,2,0
2024-01-10,S4,Electronics,EL-148,sale,-4,0
2024-01-10,S4,Grocery,GR-985,count,0,1
2024-01-10,S4,Grocery,GR-424,sale,-2,0
2024-01-10,S4,Electronics,EL-482,sale,-5,0
2024-01-10,S4,Home,HO-833,receipt,24,0
2024-01-10,S4,Electronics,EL-538,return,3,0
2024-01-10,S4,Home,HO-657,sale,-4,0
2024-01-10,S4,Grocery,GR-368,sale,-5,0
2024-01-10,S4,Grocery,GR-171,sale,-1,0
2024-01-10,S5,Grocery,GR-504,count,0,1
2024-01-10,S5,Electronics,EL-774,sale,-6,0
2024-01-10,S5,Apparel,AP-280,return,3,0
2024-01-10,S5,Electronics,EL-419,receipt,18,0
2024-01-10,S5,Apparel,AP-389,sale,-3,0
2024-01-10,S5,Grocery,GR-905,sale,-3,0
2024-01-10,S5,Apparel,AP-656,sale,-1,0
2024-01-10,S5,Grocery,GR-837,sale,-2,0
2024-01-10,S5,Grocery,GR-877,sale,-3,0
2024-01-10,S5,Grocery,GR-241,sale,-6,0
2024-01-10,S5,Grocery,GR-689,count,0,2
2024-01-11,S1,Apparel,AP-468,receipt,55,0
2024-01-11,S1,Home,HO-594,receipt,52,0
2024-01-11,S1,Electronics,EL-734,sale,-6,0
2024-01-11,S1,Electronics,EL-468,sale,-3,0
2024-01-11,S1,Home,HO-852,receipt,45,0
2024-01-11,S1,Home,HO-744,sale,-4,0
2024-01-11,S1,Apparel,AP-143,sale,-1,0
2024-01-11,S1,Electronics,EL-595,return,2,0
2024-01-11,S1,Home,HO-140,sale,-6,0
2024-01-11,S1,Electronics,EL-322,sale,-2,0
2024-01-11,S1,Home,HO-687,receipt,49,0
2024-01-11,S1,Electronics,EL-519,receipt,25,0
2024-01-11,S2,Grocery,GR-807,sale,-5,0
2024-01-11,S2,Home,HO-570,return,2,0
2024-01-11,S2,Home,HO-252,sale,-5,0
2024-01-11,S2,Home,HO-197,sale,-3,0
2024-01-11,S2,Home,HO-354,sale,-1,0
2024-01-11,S2,Electronics,EL-393,sale,-6,0
2024-01-11,S2,Electronics,EL-641,sale,-4,0
2024-01-11,S2,Grocery,GR-586,sale,-3,0
2024-01-11,S2,Electronics,EL-922,sale,-1,0
2024-01-11,S2,Grocery,GR-945,count,0,2
2024-01-11,S2,Grocery,GR-418,return,2,0
2024-01-11,S2,Electronics,EL-863,sale,-1,0
2024-01-11,S2,Apparel,AP-550,count,0,-2
2024-01-11,S2,Electronics,EL-194,receipt,22,0
2024-01-11,S3,Apparel,AP-630,receipt,37,0
2024-01-11,S3,Apparel,AP-195,receipt,35,0
2024-01-11,S3,Grocery,GR-238,sale,-3,0
2024-01-11,S3,Electronics,EL-826,return,1,0
2024-01-11,S3,Grocery,GR-638,return,2,0
2024-01-11,S3,Home,HO-803,sale,-5,0
2024-01-11,S3,Electronics,EL-780,sale,-5,0
2024-01-11,S3,Home,HO-274,sale,-5,0
2024-01-11,S3,Apparel,AP-741,sale,-2,0
2024-01-11,S3,Apparel,AP-256,return,2,0
2024-01-11,S3,Grocery,GR-934,receipt,23,0
2024-01-11,S3,Apparel,AP-628,receipt,35,0
2024-01-11,S4,Grocery,GR-182,receipt,18,0
2024-01-11,S4,Apparel,AP-897,count,0,1
2024-01-11,S4,Electronics,EL-904,sale,-2,0
2024-01-11,S4,Electronics,EL-109,receipt,20,0
2024-01-11,S4,Electronics,EL-329,return,2,0
2024-01-11,S4,Home,HO-409,receipt,18,0
2024-01-11,S4,Electronics,EL-320,receipt,35,0
2024-01-11,S4,Grocery,GR-305,sale,-3,0
2024-01-11,S4,Home,HO-256,receipt,43,0
2024-01-11,S4,Grocery,GR-234,sale,-3,0
2024-01-11,S4,Home,HO-577,count,0,1
2024-01-11,S4,Grocery,GR-264,return,1,0
2024-01-11,S4,Home,HO-510,sale,-2,0
2024-01-11,S4,Electronics,EL-117,sale,-1,0
2024-01-11,S4,Home,HO-820,return,2,0
2024-01-11,S5,Grocery,GR-854,count,0,0
2024-01-11,S5,Electronics,EL-841,count,0,1
2024-01-11,S5,Apparel,AP-905,sale,-6,0
2024-01-11,S5,Electronics,EL-813,count,0,2
2024-01-11,S5,Apparel,AP-763,count,0,0
2024-01-11,S5,Grocery,GR-748,sale,-2,0
2024-01-11,S5,Electronics,EL-833,sale,-6,0
2024-01-11,S5,Home,HO-933,sale,-1,0
2024-01-11,S5,Apparel,AP-741,count,0,0
2024-01-12,S1,Grocery,GR-477,sale,-4,0
2024-01-12,S1,Electronics,EL-191,count,0,-1
2024-01-12,S1,Grocery,GR-335,sale,-3,0
2024-01-12,S1,Electronics,EL-614,receipt,54,0
2024-01-12,S1,Grocery,GR-495,sale,-1,0
2024-01-12,S1,Apparel,AP-743,sale,-3,0
2024-01-12,S1,Apparel,AP-965,return,1,0
2024-01-12,S1,Apparel,AP-505,sale,-1,0
2024-01-12,S1,Home,HO-344,return,1,0
2024-01-12,S1,Apparel,AP-266,sale,-1,0
2024-01-12,S2,Apparel,AP-225,return,1,0
2024-01-12,S2,Electronics,EL-798,return,2,0
2024-01-12,S2,Apparel,AP-474,sale,-4,0
2024-01-12,S2,Electronics,EL-259,count,0,1
2024-01-12,S2,Electronics,EL-121,count,0,1
2024-01-12,S2,Home,HO-301,sale,-1,0
2024-01-12,S2,Home,HO-423,return,1,0
2024-01-12,S2,Grocery,GR-298,receipt,60,0
2024-01-12,S2,Home,HO-260,sale,-2,0
2024-01-12,S2,Electronics,EL-851,sale,-4,0
2024-01-12,S3,Electronics,EL-965,sale,-1,0
2024-01-12,S3,Electronics,EL-910,count,0,-2
2024-01-12,S3,Grocery,GR-723,return,2,0
2024-01-12,S3,Electronics,EL-751,count,0,-4
2024-01-12,S3,Grocery,GR-431,sale,-6,0
2024-01-12,S3,Electronics,EL-668,count,0,-3
2024-01-12,S3,Electronics,EL-950,sale,-3,0
2024-01-12,S3,Home,HO-688,return,2,0
2024-01-12,S3,Home,HO-284,receipt,23,0
2024-01-12,S3,Apparel,AP-114,sale,-6,0
2024-01-12,S3,Home,HO-333,sale,-5,0
2024-01-12,S3,Grocery,GR-500,sale,-5,0
2024-01-12,S3,Home,HO-237,count,0,0
2024-01-12,S4,Grocery,GR-818,sale,-3,0
2024-01-12,S4,Grocery,GR-808,return,3,0
2024-01-12,S4,Home,HO-692,return,2,0
2024-01-12,S4,Grocery,GR-757,receipt,14,0
2024-01-12,S4,Grocery,GR-121,count,0,-2
2024-01-12,S4,Apparel,AP-993,sale,-6,0
2024-01-12,S4,Electronics,EL-472,return,2,0
2024-01-12,S4,Apparel,AP-716,return,2,0
2024-01-12,S4,Electronics,EL-152,sale,-3,0
2024-01-12,S4,Grocery,GR-610,return,3,0
2024-01-12,S4,Electronics,EL-699,sale,-5,0
2024-01-12,S4,Apparel,AP-863,sale,-2,0
2024-01-12,S5,Home,HO-965,return,3,0
2024-01-12,S5,Apparel,AP-779,sale,-4,0
2024-01-12,S5,Grocery,GR-435,sale,-4,0
2024-01-12,S5,Apparel,AP-499,sale,-3,0
2024-01-12,S5,Electronics,EL-356,return,2,0
2024-01-12,S5,Apparel,AP-346,sale,-3,0
2024-01-12,S5,Grocery,GR-659,sale,-6,0
2024-01-12,S5,Apparel,AP-959,sale,-5,0
2024-01-12,S5,Apparel,AP-511,sale,-3,0
2024-01-12,S5,Home,HO-534,count,0,1
2024-01-12,S5,Apparel,AP-884,count,0,2
2024-01-12,S5,Home,HO-464,sale,-3,0
2024-01-12,S5,Electronics,EL-203,receipt,31,0
2024-01-12,S5,Grocery,GR-450,sale,-4,0
2024-01-12,S5,Grocery,GR-179,count,0,0
2024-01-13,S1,Home,HO-296,receipt,15,0
2024-01-13,S1,Home,HO-827,receipt,16,0
2024-01-13,S1,Apparel,AP-982,sale,-3,0
2024-01-13,S1,Home,HO-245,sale,-1,0
2024-01-13,S1,Electronics,EL-544,sale,-6,0
2024-01-13,S1,Grocery,GR-419,return,3,0
2024-01-13,S1,Grocery,GR-937,receipt,53,0
2024-01-13,S1,Apparel,AP-527,sale,-1,0
2024-01-13,S1,Electronics,EL-232,return,3,0
2024-01-13,S1,Home,HO-611,return,3,0
2024-01-13,S1,Home,HO-545,sale,-6,0
2024-01-13,S1,Apparel,AP-307,count,0,0
2024-01-13,S1,Home,HO-727,count,0,1
2024-01-13,S2,Home,HO-391,sale,-2,0
2024-01-13,S2,Apparel,AP-472,sale,-5,0
2024-01-13,S2,Apparel,AP-630,count,0,0
2024-01-13,S2,Electronics,EL-183,sale,-1,0
2024-01-13,S2,Apparel,AP-794,sale,-1,0
2024-01-13,S2,Apparel,AP-461,sale,-3,0
2024-01-13,S2,Grocery,GR-901,return,2,0
2024-01-13,S2,Home,HO-968,count,0,2
2024-01-13,S2,Grocery,GR-223,sale,-5,0
2024-01-13,S2,Grocery,GR-139,sale,-4,0
2024-01-13,S2,Grocery,GR-548,count,0,-2
2024-01-13,S2,Electronics,EL-824,sale,-3,0
2024-01-13,S2,Apparel,AP-270,return,3,0
2024-01-13,S2,Grocery,GR-471,return,1,0
2024-01-13,S2,Apparel,AP-905,receipt,47,0
2024-01-13,S2,Apparel,AP-936,sale,-6,0
2024-01-13,S3,Home,HO-988,return,3,0
2024-01-13,S3,Home,HO-335,receipt,11,0
2024-01-13,S3,Home,HO-375,sale,-4,0
2024-01-13,S3,Grocery,GR-508,sale,-4,0
2024-01-13,S3,Apparel,AP-878,sale,-6,0
2024-01-13,S3,Electronics,EL-743,sale,-5,0
2024-01-13,S3,Apparel,AP-709,sale,-6,0
2024-01-13,S3,Electronics,EL-470,count,0,-3
2024-01-13,S3,Grocery,GR-533,count,0,0
2024-01-13,S3,Grocery,GR-466,sale,-3,0
2024-01-13,S3,Home,HO-226,count,0,2
2024-01-13,S3,Apparel,AP-283,count,0,-1
2024-01-13,S3,Grocery,GR-698,sale,-2,0
2024-01-13,S3,Apparel,AP-605,sale,-6,0
2024-01-13,S3,Electronics,EL-291,sale,-5,0
2024-01-13,S4,Apparel,AP-377,receipt,17,0
2024-01-13,S4,Grocery,GR-397,receipt,37,0
2024-01-13,S4,Apparel,AP-487,sale,-3,0
2024-01-13,S4,Electronics,EL-662,sale,-3,0
2024-01-13,S4,Home,HO-794,sale,-3,0
2024-01-13,S4,Grocery,GR-970,sale,-2,0
2024-01-13,S4,Grocery,GR-380,count,0,-2
2024-01-13,S4,Apparel,AP-959,receipt,20,0
2024-01-13,S4,Grocery,GR-578,sale,-2,0
2024-01-13,S4,Electronics,EL-470,sale,-3,0
2024-01-13,S4,Apparel,AP-441,receipt,40,0
2024-01-13,S4,Grocery,GR-676,sale,-5,0
2024-01-13,S5,Apparel,AP-734,count,0,-1
2024-01-13,S5,Grocery,GR-882,receipt,47,0
2024-01-13,S5,Grocery,GR-953,count,0,-1
2024-01-13,S5,Electronics,EL-515,sale,-6,0
2024-01-13,S5,Electronics,EL-969,sale,-3,0
2024-01-13,S5,Home,HO-407,sale,-2,0
2024-01-13,S5,Home,HO-917,count,0,-2
2024-01-13,S5,Grocery,GR-945,return,2,0
2024-01-13,S5,Electronics,EL-471,sale,-4,0
2024-01-14,S1,Home,HO-432,sale,-1,0
2024-01-14,S1,Home,HO-127,receipt,14,0
2024-01-14,S1,Apparel,AP-870,return,1,0
2024-01-14,S1,Electronics,EL-910,receipt,53,0
2024-01-14,S1,Grocery,GR-927,count,0,1
2024-01-14,S1,Electronics,EL-269,return,3,0
2024-01-14,S1,Apparel,AP-286,sale,-2,0
2024-01-14,S1,Home,HO-120,sale,-1,0
2024-01-14,S2,Electronics,EL-613,sale,-2,0
2024-01-14,S2,Home,HO-805,sale,-5,0
2024-01-14,S2,Electronics,EL-571,return,2,0
2024-01-14,S2,Home,HO-657,sale,-3,0
2024-01-14,S2,Apparel,AP-983,receipt,32,0
2024-01-14,S2,Grocery,GR-958,sale,-6,0
2024-01-14,S2,Grocery,GR-142,sale,-4,0
2024-01-14,S2,Home,HO-154,count,0,-1
2024-01-14,S2,Apparel,AP-781,sale,-3,0
2024-01-14,S2,Apparel,AP-609,sale,-6,0
2024-01-14,S2,Apparel,AP-101,sale,-1,0
2024-01-14,S2,Home,HO-794,return,1,0
2024-01-14,S3,Grocery,GR-284,sale,-5,0
2024-01-14,S3,Electronics,EL-541,return,1,0
2024-01-14,S3,Electronics,EL-164,sale,-4,0
2024-01-14,S3,Apparel,AP-392,count,0,-2
2024-01-14,S3,Electronics,EL-686,return,2,0
2024-01-14,S3,Grocery,GR-544,return,1,0
2024-01-14,S3,Electronics,EL-138,count,0,-3
2024-01-14,S3,Home,HO-137,receipt,29,0
2024-01-14,S3,Electronics,EL-287,count,0,-2
2024-01-14,S3,Home,HO-587,sale,-1,0
2024-01-14,S3,Grocery,GR-152,sale,-2,0
2024-01-14,S3,Home,HO-663,return,1,0
2024-01-14,S3,Electronics,EL-678,return,3,0
2024-01-14,S3,Grocery,GR-451,sale,-5,0
2024-01-14,S4,Electronics,EL-621,sale,-6,0
2024-01-14,S4,Grocery,GR-565,sale,-5,0
2024-01-14,S4,Apparel,AP-982,sale,-5,0
2024-01-14,S4,Grocery,GR-807,return,2,0
2024-01-14,S4,Electronics,EL-667,receipt,38,0
2024-01-14,S4,Home,HO-389,return,1,0
2024-01-14,S4,Home,HO-921,receipt,41,0
2024-01-14,S4,Electronics,EL-482,count,0,2
2024-01-14,S4,Electronics,EL-217,sale,-5,0
2024-01-14,S4,Home,HO-630,receipt,58,0
2024-01-14,S4,Apparel,AP-900,receipt,42,0
2024-01-14,S5,Electronics,EL-351,sale,-5,0
2024-01-14,S5,Apparel,AP-599,receipt,50,0
2024-01-14,S5,Apparel,AP-751,return,1,0
2024-01-14,S5,Electronics,EL-168,return,2,0
2024-01-14,S5,Home,HO-906,sale,-4,0
2024-01-14,S5,Apparel,AP-338,count,0,2
2024-01-14,S5,Apparel,AP-378,return,3,0
2024-01-14,S5,Grocery,GR-792,sale,-6,0
2024-01-14,S5,Grocery,GR-140,sale,-3,0
2024-01-14,S5,Electronics,EL-183,sale,-2,0
2024-01-14,S5,Grocery,GR-856,sale,-3,0
2024-01-14,S5,Electronics,EL-974,count,0,-1
2024-01-14,S5,Electronics,EL-332,sale,-2,0
2024-01-15,S1,Grocery,GR-419,sale,-5,0
2024-01-15,S1,Home,HO-156,return,3,0
2024-01-15,S1,Home,HO-569,sale,-2,0
2024-01-15,S1,Electronics,EL-527,return,3,0
2024-01-15,S1,Home,HO-136,receipt,32,0
2024-01-15,S1,Grocery,GR-747,sale,-2,0
2024-01-15,S1,Electronics,EL-657,sale,-2,0
2024-01-15,S1,Apparel,AP-749,sale,-1,0
2024-01-15,S1,Home,HO-345,sale,-2,0
2024-01-15,S1,Grocery,GR-660,count,0,1
2024-01-15,S1,Apparel,AP-186,sale,-2,0
2024-01-15,S1,Electronics,EL-741,sale,-1,0
2024-01-15,S1,Electronics,EL-867,sale,-2,0
2024-01-15,S2,Apparel,AP-816,receipt,18,0
2024-01-15,S2,Electronics,EL-542,return,2,0
2024-01-15,S2,Grocery,GR-737,sale,-4,0
2024-01-15,S2,Apparel,AP-856,sale,-5,0
2024-01-15,S2,Apparel,AP-356,sale,-4,0
2024-01-15,S2,Electronics,EL-734,count,0,0
2024-01-15,S2,Electronics,EL-152,sale,-3,0
2024-01-15,S2,Apparel,AP-456,count,0,-2
2024-01-15,S2,Electronics,EL-730,return,2,0
2024-01-15,S2,Home,HO-357,count,0,2
2024-01-15,S2,Home,HO-559,receipt,23,0
2024-01-15,S2,Home,HO-847,receipt,38,0
2024-01-15,S2,Grocery,GR-514,sale,-2,0
2024-01-15,S2,Home,HO-229,sale,-2,0
2024-01-15,S2,Grocery,GR-830,sale,-1,0
2024-01-15,S2,Apparel,AP-229,sale,-5,0
2024-01-15,S3,Electronics,EL-407,sale,-2,0
2024-01-15,S3,Grocery,GR-653,sale,-2,0
2024-01-15,S3,Apparel,AP-110,sale,-5,0
2024-01-15,S3,Electronics,EL-623,receipt,45,0
2024-01-15,S3,Home,HO-488,receipt,49,0
2024-01-15,S3,Grocery,GR-543,receipt,22,0
2024-01-15,S3,Apparel,AP-905,sale,-6,0
2024-01-15,S3,Apparel,AP-247,sale,-5,0
2024-01-15,S4,Grocery,GR-637,count,0,1
2024-01-15,S4,Home,HO-988,count,0,-2
2024-01-15,S4,Grocery,GR-961,count,0,2
2024-01-15,S4,Apparel,AP-654,sale,-3,0
2024-01-15,S4,Grocery,GR-511,return,2,0
2024-01-15,S4,Apparel,AP-387,return,3,0
2024-01-15,S4,Home,HO-971,sale,-2,0
2024-01-15,S4,Apparel,AP-924,sale,-2,0
2024-01-15,S4,Electronics,EL-453,count,0,0
2024-01-15,S4,Grocery,GR-633,count,0,2
2024-01-15,S5,Grocery,GR-494,sale,-4,0
2024-01-15,S5,Electronics,EL-956,sale,-4,0
2024-01-15,S5,Grocery,GR-781,receipt,31,0
2024-01-15,S5,Grocery,GR-209,receipt,17,0
2024-01-15,S5,Home,HO-790,return,3,0
2024-01-15,S5,Apparel,AP-432,sale,-1,0
2024-01-15,S5,Home,HO-113,receipt,42,0
2024-01-15,S5,Grocery,GR-505,count,0,1
2024-01-15,S5,Apparel,AP-292,return,2,0
2024-01-15,S5,Apparel,AP-954,sale,-3,0
2024-01-16,S1,Apparel,AP-488,sale,-4,0
2024-01-16,S1,Home,HO-353,receipt,45,0
2024-01-16,S1,Electronics,EL-474,return,2,0
2024-01-16,S1,Apparel,AP-371,count,0,-2
2024-01-16,S1,Electronics,EL-163,sale,-4,0
2024-01-16,S1,Apparel,AP-919,receipt,56,0
2024-01-16,S1,Home,HO-463,count,0,1
2024-01-16,S1,Grocery,GR-185,sale,-4,0
2024-01-16,S1,Home,HO-828,receipt,57,0
2024-01-16,S1,Apparel,AP-527,sale,-4,0
2024-01-16,S1,Apparel,AP-518,sale,-1,0
2024-01-16,S1,Home,HO-764,sale,-5,0
2024-01-16,S1,Grocery,GR-351,count,0,-1
2024-01-16,S2,Electronics,EL-847,sale,-4,0
2024-01-16,S2,Home,HO-677,count,0,0
2024-01-16,S2,Electronics,EL-701,count,0,0
2024-01-16,S2,Home,HO-337,return,2,0
2024-01-16,S2,Apparel,AP-246,count,0,-1
2024-01-16,S2,Grocery,GR-933,receipt,41,0
2024-01-16,S2,Grocery,GR-814,receipt,33,0
2024-01-16,S2,Home,HO-666,return,3,0
2024-01-16,S2,Electronics,EL-930,sale,-1,0
2024-01-16,S2,Home,HO-135,return,2,0
2024-01-16,S2,Home,HO-267,return,3,0
2024-01-16,S2,Home,HO-801,sale,-4,0
2024-01-16,S2,Electronics,EL-269,sale,-3,0
2024-01-16,S2,Home,HO-129,sale,-2,0
2024-01-16,S3,Electronics,EL-463,sale,-4,0
2024-01-16,S3,Apparel,AP-216,count,0,0
2024-01-16,S3,Apparel,AP-401,sale,-1,0
2024-01-16,S3,Apparel,AP-888,sale,-3,0
2024-01-16,S3,Grocery,GR-112,return,2,0
2024-01-16,S3,Electronics,EL-367,sale,-4,0
2024-01-16,S3,Electronics,EL-827,sale,-6,0
2024-01-16,S3,Electronics,EL-474,sale,-3,0
2024-01-16,S3,Home,HO-917,receipt,49,0
2024-01-16,S3,Electronics,EL-253,sale,-2,0
2024-01-16,S3,Apparel,AP-795,sale,-5,0
2024-01-16,S3,Electronics,EL-669,sale,-4,0
2024-01-16,S3,Grocery,GR-663,receipt,15,0
2024-01-16,S3,Grocery,GR-362,sale,-5,0
2024-01-16,S3,Apparel,AP-122,sale,-5,0
2024-01-16,S4,Apparel,AP-719,sale,-3,0
2024-01-16,S4,Electronics,EL-322,return,2,0
2024-01-16,S4,Home,HO-566,count,0,-1
2024-01-16,S4,Electronics,EL-126,return,1,0
2024-01-16,S4,Grocery,GR-708,receipt,24,0
2024-01-16,S4,Apparel,AP-153,sale,-4,0
2024-01-16,S4,Electronics,EL-260,sale,-3,0
2024-01-16,S4,Electronics,EL-603,count,0,1
2024-01-16,S4,Home,HO-233,receipt,42,0
2024-01-16,S4,Electronics,EL-587,sale,-2,0
2024-01-16,S4,Grocery,GR-444,count,0,0
2024-01-16,S4,Home,HO-116,return,1,0
2024-01-16,S4,Electronics,EL-740,sale,-4,0
2024-01-16,S4,Apparel,AP-125,return,1,0
2024-01-16,S4,Home,HO-266,sale,-3,0
2024-01-16,S5,Home,HO-401,receipt,34,0
2024-01-16,S5,Apparel,AP-935,sale,-1,0
2024-01-16,S5,Apparel,AP-969,return,3,0
2024-01-16,S5,Electronics,EL-132,sale,-4,0
2024-01-16,S5,Apparel,AP-239,count,0,-1
2024-01-16,S5,Apparel,AP-122,return,3,0
2024-01-16,S5,Home,HO-909,count,0,1
2024-01-16,S5,Grocery,GR-853,sale,-4,0
2024-01-16,S5,Electronics,EL-414,receipt,14,0
2024-01-16,S5,Apparel,AP-749,return,1,0
2024-01-16,S5,Grocery,GR-554,count,0,0
2024-01-16,S5,Apparel,AP-968,receipt,36,0
2024-01-16,S5,Electronics,EL-535,sale,-2,0
2024-01-16,S5,Home,HO-275,return,1,0
2024-01-16,S5,Electronics,EL-421,return,3,0
2024-01-17,S1,Electronics,EL-530,sale,-2,0
2024-01-17,S1,Home,HO-572,sale,-4,0
2024-01-17,S1,Grocery,GR-516,sale,-4,0
2024-01-17,S1,Grocery,GR-627,sale,-5,0
2024-01-17,S1,Grocery,GR-532,sale,-2,0
2024-01-17,S1,Electronics,EL-761,sale,-3,0
2024-01-17,S1,Apparel,AP-767,count,0,-1
2024-01-17,S1,Home,HO-347,sale,-1,0
2024-01-17,S1,Home,HO-840,sale,-4,0
2024-01-17,S1,Grocery,GR-859,sale,-5,0
2024-01-17,S2,Electronics,EL-268,sale,-3,0
2024-01-17,S2,Home,HO-960,count,0,-2
2024-01-17,S2,Grocery,GR-407,sale,-3,0
2024-01-17,S2,Home,HO-763,sale,-4,0
2024-01-17,S2,Grocery,GR-222,return,2,0
2024-01-17,S2,Grocery,GR-785,count,0,-1
2024-01-17,S2,Apparel,AP-939,count,0,-2
2024-01-17,S2,Grocery,GR-818,sale,-6,0
2024-01-17,S2,Apparel,AP-866,sale,-3,0
2024-01-17,S2,Home,HO-400,return,3,0
2024-01-17,S2,Grocery,GR-960,count,0,-1
2024-01-17,S2,Electronics,EL-588,return,3,0
2024-01-17,S3,Home,HO-733,receipt,36,0
2024-01-17,S3,Home,HO-980,sale,-2,0
2024-01-17,S3,Apparel,AP-243,sale,-2,0
2024-01-17,S3,Grocery,GR-337,sale,-3,0
2024-01-17,S3,Home,HO-226,count,0,2
2024-01-17,S3,Apparel,AP-863,return,2,0
2024-01-17,S3,Apparel,AP-140,sale,-3,0
2024-01-17,S3,Apparel,AP-721,sale,-2,0
2024-01-17,S3,Electronics,EL-693,return,3,0
2024-01-17,S3,Apparel,AP-171,return,2,0
2024-01-17,S3,Electronics,EL-540,sale,-6,0
2024-01-17,S3,Grocery,GR-210,sale,-6,0
2024-01-17,S3,Apparel,AP-925,sale,-2,0
2024-01-17,S3,Electronics,EL-808,count,0,-2
2024-01-17,S4,Apparel,AP-327,sale,-6,0
2024-01-17,S4,Apparel,AP-644,sale,-5,0
2024-01-17,S4,Home,HO-825,sale,-5,0
2024-01-17,S4,Home,HO-942,return,3,0
2024-01-17,S4,Apparel,AP-661,receipt,34,0
2024-01-17,S4,Apparel,AP-647,return,3,0
2024-01-17,S4,Apparel,AP-918,sale,-4,0
2024-01-17,S4,Electronics,EL-590,sale,-5,0
2024-01-17,S4,Grocery,GR-100,sale,-6,0
2024-01-17,S4,Apparel,AP-922,return,1,0
2024-01-17,S4,Grocery,GR-694,return,3,0
2024-01-17,S4,Electronics,EL-835,receipt,60,0
2024-01-17,S5,Home,HO-612,sale,-5,0
2024-01-17,S5,Electronics,EL-363,sale,-2,0
2024-01-17,S5,Home,HO-257,return,3,0
2024-01-17,S5,Grocery,GR-944,return,3,0
2024-01-17,S5,Apparel,AP-312,return,3,0
2024-01-17,S5,Home,HO-916,count,0,-1
2024-01-17,S5,Home,HO-742,sale,-4,0
2024-01-17,S5,Home,HO-934,return,3,0
2024-01-17,S5,Electronics,EL-476,sale,-2,0
2024-01-17,S5,Apparel,AP-229,return,1,0
2024-01-18,S1,Grocery,GR-388,receipt,18,0
2024-01-18,S1,Apparel,AP-814,receipt,38,0
2024-01-18,S1,Electronics,EL-960,return,3,0
2024-01-18,S1,Home,HO-499,return,2,0
2024-01-18,S1,Home,HO-823,count,0,0
2024-01-18,S1,Electronics,EL-814,return,2,0
2024-01-18,S1,Apparel,AP-398,sale,-6,0
2024-01-18,S1,Electronics,EL-691,sale,-1,0
2024-01-18,S1,Home,HO-584,count,0,-1
2024-01-18,S1,Apparel,AP-635,receipt,30,0
2024-01-18,S1,Home,HO-172,sale,-4,0
2024-01-18,S1,Grocery,GR-716,count,0,1
2024-01-18,S1,Electronics,EL-278,sale,-5,0
2024-01-18,S1,Grocery,GR-199,sale,-5,0
2024-01-18,S1,Grocery,GR-517,return,2,0
2024-01-18,S2,Electronics,EL-618,sale,-4,0
2024-01-18,S2,Apparel,AP-568,sale,-2,0
2024-01-18,S2,Apparel,AP-904,sale,-3,0
2024-01-18,S2,Apparel,AP-135,sale,-4,0
2024-01-18,S2,Electronics,EL-198,receipt,57,0
2024-01-18,S2,Grocery,GR-352,return,1,0
2024-01-18,S2,Apparel,AP-767,count,0,1
2024-01-18,S2,Grocery,GR-746,count,0,2
2024-01-18,S3,Home,HO-886,count,0,-2
2024-01-18,S3,Electronics,EL-511,sale,-1,0
2024-01-18,S3,Apparel,AP-739,count,0,-2
2024-01-18,S3,Apparel,AP-413,receipt,45,0
2024-01-18,S3,Grocery,GR-993,receipt,23,0
2024-01-18,S3,Home,HO-789,sale,-4,0
2024-01-18,S3,Apparel,AP-164,receipt,30,0
2024-01-18,S3,Electronics,EL-114,return,3,0
2024-01-18,S3,Grocery,GR-270,receipt,40,0
2024-01-18,S3,Home,HO-766,receipt,57,0
2024-01-18,S3,Home,HO-961,return,2,0
2024-01-18,S3,Apparel,AP-827,count,0,-2
2024-01-18,S3,Electronics,EL-229,return,2,0
2024-01-18,S4,Apparel,AP-334,receipt,36,0
2024-01-18,S4,Apparel,AP-213,return,3,0
2024-01-18,S4,Electronics,EL-737,sale,-1,0
2024-01-18,S4,Home,HO-104,sale,-4,0
2024-01-18,S4,Home,HO-268,return,2,0
2024-01-18,S4,Grocery,GR-955,return,3,0
2024-01-18,S4,Grocery,GR-957,count,0,0
2024-01-18,S4,Home,HO-510,sale,-4,0
2024-01-18,S4,Grocery,GR-641,receipt,38,0
2024-01-18,S5,Apparel,AP-655,return,3,0
2024-01-18,S5,Apparel,AP-683,return,3,0
2024-01-18,S5,Apparel,AP-349,count,0,-1
2024-01-18,S5,Apparel,AP-622,receipt,59,0
2024-01-18,S5,Grocery,GR-911,receipt,46,0
2024-01-18,S5,Home,HO-875,sale,-5,0
2024-01-18,S5,Electronics,EL-404,sale,-4,0
2024-01-18,S5,Electronics,EL-557,receipt,46,0
2024-01-18,S5,Apparel,AP-349,sale,-6,0
2024-01-18,S5,Home,HO-709,receipt,36,0
2024-01-18,S5,Electronics,EL-146,sale,-6,0
2024-01-18,S5,Electronics,EL-211,sale,-3,0
2024-01-19,S1,Apparel,AP-849,sale,-2,0
2024-01-19,S1,Grocery,GR-879,sale,-3,0
2024-01-19,S1,Apparel,AP-450,sale,-2,0
2024-01-19,S1,Apparel,AP-314,return,2,0
2024-01-19,S1,Home,HO-177,count,0,-2
2024-01-19,S1,Grocery,GR-164,return,1,0
2024-01-19,S1,Apparel,AP-431,sale,-1,0
2024-01-19,S1,Apparel,AP-739,sale,-1,0
2024-01-19,S1,Home,HO-236,return,2,0
2024-01-19,S1,Electronics,EL-612,sale,-2,0
2024-01-19,S1,Electronics,EL-704,sale,-5,0
2024-01-19,S1,Apparel,AP-579,sale,-1,0
2024-01-19,S1,Electronics,EL-925,return,2,0
2024-01-19,S1,Home,HO-917,receipt,52,0
2024-01-19,S1,Electronics,EL-651,sale,-6,0
2024-01-19,S2,Apparel,AP-239,sale,-6,0
2024-01-19,S2,Apparel,AP-523,sale,-5,0
2024-01-19,S2,Electronics,EL-968,receipt,56,0
2024-01-19,S2,Home,HO-441,count,0,1
2024-01-19,S2,Home,HO-747,receipt,46,0
2024-01-19,S2,Apparel,AP-583,receipt,16,0
2024-01-19,S2,Home,HO-389,return,1,0
2024-01-19,S2,Home,HO-936,count,0,1
2024-01-19,S2,Grocery,GR-351,return,3,0
2024-01-19,S2,Home,HO-777,return,1,0
2024-01-19,S2,Apparel,AP-997,sale,-5,0
2024-01-19,S2,Home,HO-199,sale,-6,0
2024-01-19,S2,Electronics,EL-436,receipt,37,0
2024-01-19,S3,Apparel,AP-170,return,1,0
2024-01-19,S3,Grocery,GR-768,receipt,46,0
2024-01-19,S3,Home,HO-247,sale,-5,0
2024-01-19,S3,Apparel,AP-864,count,0,2
2024-01-19,S3,Home,HO-356,sale,-3,0
2024-01-19,S3,Apparel,AP-555,sale,-3,0
2024-01-19,S3,Apparel,AP-130,receipt,59,0
2024-01-19,S3,Electronics,EL-826,sale,-6,0
2024-01-19,S4,Grocery,GR-936,sale,-1,0
2024-01-19,S4,Electronics,EL-672,sale,-6,0
2024-01-19,S4,Apparel,AP-226,receipt,24,0
2024-01-19,S4,Grocery,GR-422,count,0,0
2024-01-19,S4,Grocery,GR-185,sale,-6,0
2024-01-19,S4,Home,HO-112,sale,-3,0
2024-01-19,S4,Grocery,GR-472,sale,-2,0
2024-01-19,S4,Home,HO-225,sale,-6,0
2024-01-19,S4,Home,HO-295,count,0,-2
2024-01-19,S4,Apparel,AP-120,sale,-3,0
2024-01-19,S4,Home,HO-177,count,0,-2
2024-01-19,S4,Grocery,GR-844,sale,-1,0
2024-01-19,S4,Apparel,AP-855,receipt,18,0
2024-01-19,S4,Apparel,AP-565,sale,-4,0
2024-01-19,S5,Electronics,EL-956,count,0,-2
2024-01-19,S5,Home,HO-186,receipt,41,0
2024-01-19,S5,Electronics,EL-304,count,0,2
2024-01-19,S5,Apparel,AP-538,sale,-5,0
2024-01-19,S5,Home,HO-552,receipt,19,0
2024-01-19,S5,Electronics,EL-488,count,0,2
2024-01-19,S5,Grocery,GR-563,return,1,0
2024-01-19,S5,Grocery,GR-895,sale,-1,0
2024-01-20,S1,Electronics,EL-368,sale,-4,0
2024-01-20,S1,Home,HO-156,sale,-3,0
2024-01-20,S1,Home,HO-610,sale,-3,0
2024-01-20,S1,Home,HO-645,count,0,2
2024-01-20,S1,Home,HO-154,sale,-2,0
2024-01-20,S1,Home,HO-265,sale,-3,0
2024-01-20,S1,Home,HO-477,receipt,34,0
2024-01-20,S1,Electronics,EL-735,receipt,36,0
2024-01-20,S1,Grocery,GR-532,return,1,0
2024-01-20,S2,Home,HO-107,sale,-5,0
2024-01-20,S2,Apparel,AP-476,sale,-3,0
2024-01-20,S2,Apparel,AP-809,count,0,0
2024-01-20,S2,Electronics,EL-324,count,0,-1
2024-01-20,S2,Apparel,AP-828,sale,-5,0
2024-01-20,S2,Grocery,GR-125,sale,-5,0
2024-01-20,S2,Grocery,GR-713,sale,-3,0
2024-01-20,S2,Apparel,AP-139,receipt,22,0
2024-01-20,S2,Home,HO-725,receipt,44,0
2024-01-20,S2,Home,HO-978,return,1,0
2024-01-20,S3,Apparel,AP-461,return,2,0
2024-01-20,S3,Apparel,AP-813,sale,-3,0
2024-01-20,S3,Home,HO-609,return,3,0
2024-01-20,S3,Electronics,EL-647,sale,-1,0
2024-01-20,S3,Apparel,AP-757,count,0,0
2024-01-20,S3,Apparel,AP-235,sale,-2,0
2024-01-20,S3,Electronics,EL-840,receipt,10,0
2024-01-20,S3,Home,HO-484,return,1,0
2024-01-20,S3,Electronics,EL-204,sale,-4,0
2024-01-20,S4,Electronics,EL-496,count,0,-1
2024-01-20,S4,Home,HO-517,sale,-2,0
2024-01-20,S4,Grocery,GR-463,return,3,0
2024-01-20,S4,Grocery,GR-511,return,1,0
2024-01-20,S4,Apparel,AP-935,sale,-6,0
2024-01-20,S4,Electronics,EL-946,count,0,-1
2024-01-20,S4,Apparel,AP-515,sale,-3,0
2024-01-20,S4,Apparel,AP-707,count,0,2
2024-01-20,S5,Apparel,AP-108,return,3,0
2024-01-20,S5,Apparel,AP-548,return,3,0
2024-01-20,S5,Grocery,GR-183,sale,-3,0
2024-01-20,S5,Home,HO-878,count,0,0
2024-01-20,S5,Home,HO-557,count,0,-2
2024-01-20,S5,Electronics,EL-762,sale,-4,0
2024-01-20,S5,Home,HO-986,count,0,0
2024-01-20,S5,Home,HO-655,sale,-6,0
2024-01-20,S5,Grocery,GR-185,return,1,0
2024-01-21,S1,Home,HO-398,receipt,50,0
2024-01-21,S1,Electronics,EL-919,return,2,0
2024-01-21,S1,Home,HO-430,return,2,0
2024-01-21,S1,Home,HO-642,return,1,0
2024-01-21,S1,Home,HO-578,sale,-1,0
2024-01-21,S1,Electronics,EL-439,sale,-1,0
2024-01-21,S1,Apparel,AP-231,return,1,0
2024-01-21,S1,Electronics,EL-265,sale,-6,0
2024-01-21,S2,Electronics,EL-424,sale,-6,0
2024-01-21,S2,Grocery,GR-266,count,0,0
2024-01-21,S2,Home,HO-571,receipt,47,0
2024-01-21,S2,Apparel,AP-796,return,3,0
2024-01-21,S2,Home,HO-627,count,0,2
2024-01-21,S2,Electronics,EL-786,sale,-4,0
2024-01-21,S2,Home,HO-757,return,2,0
2024-01-21,S2,Electronics,EL-249,sale,-5,0
2024-01-21,S2,Grocery,GR-647,sale,-1,0
2024-01-21,S2,Grocery,GR-204,sale,-2,0
2024-01-21,S3,Home,HO-797,sale,-2,0
2024-01-21,S3,Grocery,GR-209,sale,-4,0
2024-01-21,S3,Home,HO-782,receipt,24,0
2024-01-21,S3,Electronics,EL-353,sale,-3,0
2024-01-21,S3,Home,HO-204,sale,-5,0
2024-01-21,S3,Grocery,GR-660,count,0,0
2024-01-21,S3,Electronics,EL-360,count,0,-5
2024-01-21,S3,Apparel,AP-871,sale,-2,0
2024-01-21,S3,Apparel,AP-939,sale,-4,0
2024-01-21,S3,Grocery,GR-139,return,1,0
2024-01-21,S3,Electronics,EL-101,count,0,-5
2024-01-21,S3,Home,HO-481,sale,-1,0
2024-01-21,S4,Grocery,GR-725,sale,-2,0
2024-01-21,S4,Home,HO-919,receipt,26,0
2024-01-21,S4,Electronics,EL-417,sale,-1,0
2024-01-21,S4,Home,HO-645,count,0,-2
2024-01-21,S4,Apparel,AP-363,sale,-2,0
2024-01-21,S4,Apparel,AP-293,return,2,0
2024-01-21,S4,Electronics,EL-656,sale,-3,0
2024-01-21,S4,Apparel,AP-917,receipt,19,0
2024-01-21,S5,Electronics,EL-111,count,0,-1
2024-01-21,S5,Apparel,AP-238,sale,-6,0
2024-01-21,S5,Home,HO-424,receipt,20,0
2024-01-21,S5,Apparel,AP-611,sale,-1,0
2024-01-21,S5,Grocery,GR-683,count,0,1
2024-01-21,S5,Electronics,EL-423,count,0,2
2024-01-21,S5,Apparel,AP-577,sale,-3,0
2024-01-21,S5,Electronics,EL-728,return,1,0
2024-01-21,S5,Apparel,AP-779,receipt,23,0
2024-01-22,S1,Apparel,AP-271,receipt,27,0
2024-01-22,S1,Grocery,GR-277,sale,-1,0
2024-01-22,S1,Grocery,GR-454,sale,-4,0
2024-01-22,S1,Electronics,EL-335,count,0,0
2024-01-22,S1,Electronics,EL-136,sale,-5,0
2024-01-22,S1,Apparel,AP-467,sale,-6,0
2024-01-22,S1,Grocery,GR-521,receipt,59,0
2024-01-22,S1,Electronics,EL-816,receipt,54,0
2024-01-22,S1,Home,HO-514,sale,-3,0
2024-01-22,S1,Grocery,GR-319,sale,-1,0
2024-01-22,S1,Grocery,GR-555,sale,-6,0
2024-01-22,S1,Home,HO-457,sale,-3,0
2024-01-22,S1,Apparel,AP-434,sale,-6,0
2024-01-22,S1,Grocery,GR-287,sale,-5,0
2024-01-22,S1,Home,HO-988,sale,-3,0
2024-01-22,S2,Home,HO-986,return,3,0
2024-01-22,S2,Apparel,AP-367,return,2,0
2024-01-22,S2,Home,HO-627,count,0,-1
2024-01-22,S2,Home,HO-174,return,2,0
2024-01-22,S2,Grocery,GR-582,receipt,35,0
2024-01-22,S2,Electronics,EL-164,sale,-3,0
2024-01-22,S2,Grocery,GR-299,sale,-6,0
2024-01-22,S2,Grocery,GR-151,sale,-1,0
2024-01-22,S2,Home,HO-564,sale,-5,0
2024-01-22,S2,Home,HO-425,return,1,0
2024-01-22,S2,Apparel,AP-439,sale,-5,0
2024-01-22,S2,Electronics,EL-739,sale,-2,0
2024-01-22,S2,Home,HO-550,sale,-3,0
2024-01-22,S3,Grocery,GR-205,count,0,-2
2024-01-22,S3,Home,HO-136,count,0,-2
2024-01-22,S3,Electronics,EL-538,count,0,-2
2024-01-22,S3,Grocery,GR-467,sale,-5,0
2024-01-22,S3,Electronics,EL-739,receipt,24,0
2024-01-22,S3,Grocery,GR-923,sale,-5,0
2024-01-22,S3,Home,HO-103,receipt,44,0
2024-01-22,S3,Apparel,AP-145,receipt,60,0
2024-01-22,S3,Electronics,EL-703,sale,-6,0
2024-01-22,S3,Electronics,EL-632,sale,-6,0
2024-01-22,S3,Grocery,GR-846,sale,-2,0
2024-01-22,S3,Electronics,EL-330,sale,-3,0
2024-01-22,S3,Grocery,GR-604,sale,-2,0
2024-01-22,S3,Grocery,GR-891,count,0,-1
2024-01-22,S4,Home,HO-851,sale,-4,0
2024-01-22,S4,Grocery,GR-622,receipt,17,0
2024-01-22,S4,Electronics,EL-172,count,0,1
2024-01-22,S4,Home,HO-500,return,3,0
2024-01-22,S4,Grocery,GR-757,sale,-1,0
2024-01-22,S4,Home,HO-193,count,0,-2
2024-01-22,S4,Apparel,AP-387,sale,-4,0
2024-01-22,S4,Grocery,GR-962,sale,-5,0
2024-01-22,S4,Home,HO-240,sale,-5,0
2024-01-22,S4,Electronics,EL-775,return,3,0
2024-01-22,S4,Electronics,EL-146,return,1,0
2024-01-22,S4,Electronics,EL-739,receipt,57,0
2024-01-22,S4,Home,HO-422,count,0,0
2024-01-22,S5,Apparel,AP-701,count,0,2
2024-01-22,S5,Grocery,GR-131,sale,-2,0
2024-01-22,S5,Electronics,EL-484,sale,-3,0
2024-01-22,S5,Grocery,GR-444,receipt,48,0
2024-01-22,S5,Grocery,GR-111,sale,-5,0
2024-01-22,S5,Home,HO-898,receipt,10,0
2024-01-22,S5,Apparel,AP-673,sale,-3,0
2024-01-22,S5,Grocery,GR-451,sale,-2,0
2024-01-22,S5,Home,HO-508,sale,-3,0
2024-01-22,S5,Grocery,GR-874,count,0,-2
2024-01-23,S1,Home,HO-648,count,0,1
2024-01-23,S1,Electronics,EL-979,receipt,24,0
2024-01-23,S1,Apparel,AP-535,return,3,0
2024-01-23,S1,Home,HO-740,sale,-5,0
2024-01-23,S1,Electronics,EL-214,sale,-6,0
2024-01-23,S1,Apparel,AP-394,receipt,13,0
2024-01-23,S1,Home,HO-516,sale,-4,0
2024-01-23,S1,Grocery,GR-257,sale,-4,0
2024-01-23,S1,Grocery,GR-663,return,3,0
2024-01-23,S1,Home,HO-500,sale,-5,0
2024-01-23,S1,Home,HO-706,sale,-5,0
2024-01-23,S1,Electronics,EL-131,sale,-3,0
2024-01-23,S1,Home,HO-199,sale,-5,0
2024-01-23,S2,Electronics,EL-367,sale,-2,0
2024-01-23,S2,Electronics,EL-164,sale,-2,0
2024-01-23,S2,Grocery,GR-154,receipt,21,0
2024-01-23,S2,Grocery,GR-226,return,1,0
2024-01-23,S2,Grocery,GR-342,sale,-3,0
2024-01-23,S2,Electronics,EL-543,sale,-2,0
2024-01-23,S2,Apparel,AP-825,sale,-2,0
2024-01-23,S2,Electronics,EL-440,count,0,-1
2024-01-23,S2,Grocery,GR-926,sale,-1,0
2024-01-23,S2,Apparel,AP-261,return,3,0
2024-01-23,S2,Home,HO-902,receipt,28,0
2024-01-23,S2,Grocery,GR-651,receipt,31,0
2024-01-23,S3,Electronics,EL-550,return,1,0
2024-01-23,S3,Home,HO-903,sale,-4,0
2024-01-23,S3,Electronics,EL-997,return,3,0
2024-01-23,S3,Grocery,GR-283,sale,-1,0
2024-01-23,S3,Apparel,AP-333,sale,-2,0
2024-01-23,S3,Grocery,GR-870,return,3,0
2024-01-23,S3,Home,HO-759,return,2,0
2024-01-23,S3,Grocery,GR-108,return,2,0
2024-01-23,S3,Apparel,AP-723,count,0,0
2024-01-23,S3,Apparel,AP-603,return,3,0
2024-01-23,S4,Grocery,GR-149,sale,-6,0
2024-01-23,S4,Apparel,AP-500,return,3,0
2024-01-23,S4,Home,HO-345,sale,-3,0
2024-01-23,S4,Grocery,GR-392,count,0,1
2024-01-23,S4,Grocery,GR-710,receipt,23,0
2024-01-23,S4,Apparel,AP-577,return,1,0
2024-01-23,S4,Home,HO-951,sale,-3,0
2024-01-23,S4,Apparel,AP-258,sale,-3,0
2024-01-23,S4,Apparel,AP-479,return,3,0
2024-01-23,S4,Grocery,GR-280,sale,-4,0
2024-01-23,S5,Grocery,GR-605,receipt,45,0
2024-01-23,S5,Apparel,AP-890,count,0,1
2024-01-23,S5,Home,HO-993,return,1,0
2024-01-23,S5,Electronics,EL-679,receipt,30,0
2024-01-23,S5,Electronics,EL-771,sale,-6,0
2024-01-23,S5,Home,HO-748,return,3,0
2024-01-23,S5,Electronics,EL-883,sale,-2,0
2024-01-23,S5,Grocery,GR-641,return,3,0
2024-01-23,S5,Home,HO-625,sale,-4,0
2024-01-23,S5,Electronics,EL-255,sale,-2,0
2024-01-23,S5,Electronics,EL-704,return,2,0
2024-01-23,S5,Grocery,GR-340,count,0,2
2024-01-23,S5,Grocery,GR-732,sale,-6,0
2024-01-24,S1,Grocery,GR-226,sale,-1,0
2024-01-24,S1,Home,HO-437,receipt,12,0
2024-01-24,S1,Home,HO-822,count,0,-2
2024-01-24,S1,Grocery,GR-558,return,3,0
2024-01-24,S1,Grocery,GR-812,sale,-5,0
2024-01-24,S1,Electronics,EL-153,receipt,14,0
2024-01-24,S1,Electronics,EL-141,sale,-2,0
2024-01-24,S1,Apparel,AP-432,sale,-1,0
2024-01-24,S1,Apparel,AP-712,sale,-6,0
2024-01-24,S1,Electronics,EL-949,return,1,0
2024-01-24,S1,Electronics,EL-635,sale,-5,0
2024-01-24,S1,Electronics,EL-634,sale,-1,0
2024-01-24,S1,Apparel,AP-686,sale,-6,0
2024-01-24,S1,Apparel,AP-221,return,2,0
2024-01-24,S1,Electronics,EL-468,count,0,-1
2024-01-24,S1,Electronics,EL-693,sale,-1,0
2024-01-24,S2,Home,HO-847,sale,-3,0
2024-01-24,S2,Apparel,AP-421,sale,-3,0
2024-01-24,S2,Apparel,AP-964,sale,-1,0
2024-01-24,S2,Apparel,AP-186,return,3,0
2024-01-24,S2,Apparel,AP-767,receipt,17,0
2024-01-24,S2,Home,HO-394,sale,-4,0
2024-01-24,S2,Home,HO-647,sale,-3,0
2024-01-24,S2,Grocery,GR-690,sale,-3,0
2024-01-24,S2,Apparel,AP-498,return,3,0
2024-01-24,S2,Apparel,AP-730,sale,-3,0
2024-01-24,S2,Apparel,AP-125,sale,-2,0
2024-01-24,S2,Apparel,AP-495,sale,-5,0
2024-01-24,S3,Grocery,GR-450,receipt,51,0
2024-01-24,S3,Apparel,AP-539,sale,-6,0
2024-01-24,S3,Grocery,GR-356,sale,-6,0
2024-01-24,S3,Home,HO-526,return,1,0
2024-01-24,S3,Apparel,AP-860,return,3,0
2024-01-24,S3,Electronics,EL-609,sale,-2,0
2024-01-24,S3,Home,HO-288,sale,-2,0
2024-01-24,S3,Home,HO-225,count,0,1
2024-01-24,S3,Grocery,GR-264,count,0,0
2024-01-24,S3,Apparel,AP-724,sale,-4,0
2024-01-24,S3,Apparel,AP-479,sale,-3,0
2024-01-24,S3,Grocery,GR-839,receipt,53,0
2024-01-24,S4,Electronics,EL-241,count,0,1
2024-01-24,S4,Apparel,AP-481,sale,-2,0
2024-01-24,S4,Home,HO-870,return,1,0
2024-01-24,S4,Apparel,AP-527,return,3,0
2024-01-24,S4,Home,HO-939,sale,-5,0
2024-01-24,S4,Home,HO-480,sale,-1,0
2024-01-24,S4,Electronics,EL-184,sale,-5,0
2024-01-24,S4,Apparel,AP-365,sale,-6,0
2024-01-24,S4,Electronics,EL-288,sale,-1,0
2024-01-24,S5,Electronics,EL-330,count,0,1
2024-01-24,S5,Home,HO-349,sale,-4,0
2024-01-24,S5,Electronics,EL-130,sale,-3,0
2024-01-24,S5,Apparel,AP-195,return,2,0
2024-01-24,S5,Home,HO-909,return,3,0
2024-01-24,S5,Electronics,EL-765,count,0,-1
2024-01-24,S5,Grocery,GR-393,sale,-1,0
2024-01-24,S5,Home,HO-154,return,1,0
2024-01-24,S5,Electronics,EL-993,return,3,0
2024-01-25,S1,Apparel,AP-307,sale,-3,0
2024-01-25,S1,Home,HO-298,count,0,0
2024-01-25,S1,Grocery,GR-161,receipt,55,0
2024-01-25,S1,Home,HO-921,count,0,0
2024-01-25,S1,Electronics,EL-935,sale,-6,0
2024-01-25,S1,Electronics,EL-803,count,0,0
2024-01-25,S1,Home,HO-559,sale,-5,0
2024-01-25,S1,Home,HO-783,receipt,32,0
2024-01-25,S1,Apparel,AP-620,receipt,35,0
2024-01-25,S1,Grocery,GR-331,sale,-3,0
2024-01-25,S2,Electronics,EL-408,sale,-6,0
2024-01-25,S2,Grocery,GR-893,sale,-3,0
2024-01-25,S2,Grocery,GR-291,receipt,26,0
2024-01-25,S2,Electronics,EL-876,sale,-1,0
2024-01-25,S2,Home,HO-710,sale,-4,0
2024-01-25,S2,Apparel,AP-617,return,1,0
2024-01-25,S2,Grocery,GR-352,receipt,12,0
2024-01-25,S2,Electronics,EL-978,return,1,0
2024-01-25,S3,Grocery,GR-592,return,3,0
2024-01-25,S3,Grocery,GR-190,sale,-5,0
2024-01-25,S3,Grocery,GR-175,return,2,0
2024-01-25,S3,Electronics,EL-556,sale,-1,0
2024-01-25,S3,Grocery,GR-769,return,3,0
2024-01-25,S3,Apparel,AP-880,return,2,0
2024-01-25,S3,Electronics,EL-635,count,0,-2
2024-01-25,S3,Home,HO-481,sale,-1,0
2024-01-25,S3,Home,HO-340,sale,-4,0
2024-01-25,S3,Electronics,EL-402,sale,-5,0
2024-01-25,S4,Electronics,EL-491,receipt,28,0
2024-01-25,S4,Home,HO-745,return,3,0
2024-01-25,S4,Electronics,EL-992,sale,-1,0
2024-01-25,S4,Grocery,GR-590,sale,-4,0
2024-01-25,S4,Electronics,EL-528,receipt,40,0
2024-01-25,S4,Home,HO-593,sale,-1,0
2024-01-25,S4,Electronics,EL-639,sale,-5,0
2024-01-25,S4,Grocery,GR-726,count,0,0
2024-01-25,S4,Home,HO-553,sale,-3,0
2024-01-25,S4,Home,HO-610,sale,-3,0
2024-01-25,S4,Home,HO-508,sale,-2,0
2024-01-25,S5,Electronics,EL-369,count,0,2
2024-01-25,S5,Grocery,GR-508,count,0,2
2024-01-25,S5,Grocery,GR-787,count,0,2
2024-01-25,S5,Electronics,EL-274,receipt,38,0
2024-01-25,S5,Apparel,AP-135,sale,-3,0
2024-01-25,S5,Grocery,GR-213,sale,-4,0
2024-01-25,S5,Grocery,GR-529,receipt,56,0
2024-01-25,S5,Electronics,EL-854,sale,-5,0
2024-01-25,S5,Electronics,EL-739,receipt,25,0
2024-01-25,S5,Grocery,GR-793,count,0,0
2024-01-25,S5,Home,HO-837,count,0,0
2024-01-25,S5,Electronics,EL-697,sale,-6,0
2024-01-25,S5,Home,HO-594,sale,-4,0
2024-01-25,S5,Apparel,AP-151,receipt,57,0
2024-01-25,S5,Apparel,AP-632,receipt,21,0
2024-01-26,S1,Apparel,AP-241,sale,-6,0
2024-01-26,S1,Grocery,GR-826,sale,-6,0
2024-01-26,S1,Home,HO-486,return,3,0
2024-01-26,S1,Electronics,EL-734,receipt,23,0
2024-01-26,S1,Home,HO-290,receipt,55,0
2024-01-26,S1,Electronics,EL-452,return,2,0
2024-01-26,S1,Electronics,EL-586,return,3,0
2024-01-26,S1,Home,HO-695,count,0,-2
2024-01-26,S1,Apparel,AP-322,sale,-5,0
2024-01-26,S2,Electronics,EL-526,count,0,-1
2024-01-26,S2,Grocery,GR-376,sale,-3,0
2024-01-26,S2,Home,HO-994,count,0,1
2024-01-26,S2,Apparel,AP-382,sale,-2,0
2024-01-26,S2,Apparel,AP-910,receipt,26,0
2024-01-26,S2,Grocery,GR-216,sale,-6,0
2024-01-26,S2,Grocery,GR-796,return,2,0
2024-01-26,S2,Apparel,AP-483,sale,-3,0
2024-01-26,S2,Apparel,AP-966,count,0,1
2024-01-26,S2,Apparel,AP-610,count,0,1
2024-01-26,S2,Home,HO-160,sale,-4,0
2024-01-26,S2,Home,HO-656,count,0,0
2024-01-26,S2,Home,HO-986,sale,-1,0
2024-01-26,S2,Electronics,EL-941,sale,-4,0
2024-01-26,S3,Apparel,AP-627,sale,-4,0
2024-01-26,S3,Electronics,EL-514,count,0,-3
2024-01-26,S3,Home,HO-594,receipt,16,0
2024-01-26,S3,Electronics,EL-279,receipt,39,0
2024-01-26,S3,Electronics,EL-796,count,0,-2
2024-01-26,S3,Electronics,EL-841,sale,-2,0
2024-01-26,S3,Home,HO-873,receipt,18,0
2024-01-26,S3,Apparel,AP-228,sale,-1,0
2024-01-26,S3,Apparel,AP-327,receipt,29,0
2024-01-26,S3,Electronics,EL-885,receipt,22,0
2024-01-26,S3,Grocery,GR-361,sale,-5,0
2024-01-26,S3,Electronics,EL-509,sale,-2,0
2024-01-26,S3,Electronics,EL-678,sale,-2,0
2024-01-26,S4,Electronics,EL-669,count,0,-2
2024-01-26,S4,Home,HO-398,sale,-1,0
2024-01-26,S4,Electronics,EL-124,sale,-4,0
2024-01-26,S4,Grocery,GR-227,count,0,-2
2024-01-26,S4,Grocery,GR-711,sale,-3,0
2024-01-26,S4,Electronics,EL-340,receipt,26,0
2024-01-26,S4,Apparel,AP-904,receipt,39,0
2024-01-26,S4,Grocery,GR-427,sale,-4,0
2024-01-26,S4,Electronics,EL-756,return,3,0
2024-01-26,S4,Apparel,AP-289,sale,-1,0
2024-01-26,S4,Home,HO-436,sale,-3,0
2024-01-26,S4,Electronics,EL-637,receipt,31,0
2024-01-26,S4,Apparel,AP-152,count,0,2
2024-01-26,S4,Electronics,EL-808,return,2,0
2024-01-26,S4,Grocery,GR-590,count,0,-1
2024-01-26,S4,Home,HO-575,count,0,-1
2024-01-26,S5,Electronics,EL-831,return,1,0
2024-01-26,S5,Home,HO-257,receipt,42,0
2024-01-26,S5,Electronics,EL-917,sale,-4,0
2024-01-26,S5,Home,HO-739,sale,-1,0
2024-01-26,S5,Grocery,GR-697,sale,-3,0
2024-01-26,S5,Apparel,AP-191,sale,-6,0
2024-01-26,S5,Apparel,AP-353,return,3,0
2024-01-26,S5,Apparel,AP-155,count,0,-1
2024-01-26,S5,Home,HO-129,sale,-3,0
2024-01-26,S5,Electronics,EL-829,count,0,-2
2024-01-26,S5,Home,HO-505,return,3,0
2024-01-26,S5,Electronics,EL-254,count,0,-2
2024-01-27,S1,Apparel,AP-112,count,0,2
2024-01-27,S1,Apparel,AP-876,sale,-6,0
2024-01-27,S1,Apparel,AP-216,sale,-1,0
2024-01-27,S1,Home,HO-169,count,0,2
2024-01-27,S1,Apparel,AP-426,sale,-6,0
2024-01-27,S1,Grocery,GR-914,sale,-2,0
2024-01-27,S1,Home,HO-883,receipt,16,0
2024-01-27,S1,Grocery,GR-462,sale,-4,0
2024-01-27,S1,Electronics,EL-997,return,2,0
2024-01-27,S1,Grocery,GR-689,receipt,19,0
2024-01-27,S1,Home,HO-290,sale,-4,0
2024-01-27,S1,Electronics,EL-536,receipt,26,0
2024-01-27,S1,Grocery,GR-199,sale,-6,0
2024-01-27,S2,Grocery,GR-676,sale,-2,0
2024-01-27,S2,Home,HO-856,sale,-3,0
2024-01-27,S2,Grocery,GR-205,receipt,43,0
2024-01-27,S2,Grocery,GR-624,return,2,0
2024-01-27,S2,Electronics,EL-366,sale,-5,0
2024-01-27,S2,Grocery,GR-698,sale,-4,0
2024-01-27,S2,Grocery,GR-601,sale,-5,0
2024-01-27,S2,Grocery,GR-711,receipt,23,0
2024-01-27,S2,Grocery,GR-163,sale,-1,0
2024-01-27,S2,Home,HO-799,count,0,2
2024-01-27,S3,Home,HO-943,count,0,-2
2024-01-27,S3,Home,HO-615,receipt,38,0
2024-01-27,S3,Electronics,EL-464,receipt,48,0
2024-01-27,S3,Home,HO-453,count,0,2
2024-01-27,S3,Home,HO-287,sale,-3,0
2024-01-27,S3,Home,HO-280,sale,-1,0
2024-01-27,S3,Grocery,GR-437,sale,-1,0
2024-01-27,S3,Electronics,EL-461,sale,-5,0
2024-01-27,S3,Apparel,AP-910,sale,-4,0
2024-01-27,S3,Home,HO-590,sale,-4,0
2024-01-27,S3,Electronics,EL-758,sale,-3,0
2024-01-27,S3,Apparel,AP-852,sale,-4,0
2024-01-27,S4,Grocery,GR-578,return,1,0
2024-01-27,S4,Apparel,AP-504,sale,-2,0
2024-01-27,S4,Grocery,GR-719,count,0,1
2024-01-27,S4,Apparel,AP-845,sale,-1,0
2024-01-27,S4,Home,HO-261,count,0,-1
2024-01-27,S4,Grocery,GR-329,sale,-2,0
2024-01-27,S4,Home,HO-821,count,0,-2
2024-01-27,S4,Apparel,AP-631,sale,-6,0
2024-01-27,S4,Apparel,AP-461,sale,-6,0
2024-01-27,S5,Grocery,GR-422,sale,-6,0
2024-01-27,S5,Electronics,EL-803,sale,-4,0
2024-01-27,S5,Home,HO-314,receipt,21,0
2024-01-27,S5,Apparel,AP-309,return,3,0
2024-01-27,S5,Apparel,AP-377,receipt,19,0
2024-01-27,S5,Grocery,GR-645,return,1,0
2024-01-27,S5,Apparel,AP-870,count,0,0
2024-01-27,S5,Home,HO-728,return,1,0
2024-01-27,S5,Electronics,EL-533,receipt,25,0
2024-01-27,S5,Grocery,GR-919,sale,-4,0
2024-01-27,S5,Electronics,EL-281,count,0,-1
2024-01-27,S5,Apparel,AP-665,return,1,0
2024-01-27,S5,Home,HO-638,sale,-4,0
2024-01-27,S5,Apparel,AP-690,sale,-6,0
2024-01-28,S1,Apparel,AP-654,sale,-1,0
2024-01-28,S1,Apparel,AP-934,receipt,46,0
2024-01-28,S1,Electronics,EL-286,sale,-6,0
2024-01-28,S1,Grocery,GR-674,receipt,12,0
2024-01-28,S1,Home,HO-902,return,1,0
2024-01-28,S1,Home,HO-193,count,0,2
2024-01-28,S1,Home,HO-907,receipt,43,0
2024-01-28,S1,Electronics,EL-565,sale,-4,0
2024-01-28,S1,Apparel,AP-479,sale,-1,0
2024-01-28,S1,Apparel,AP-911,count,0,1
2024-01-28,S1,Home,HO-601,sale,-3,0
2024-01-28,S1,Apparel,AP-732,receipt,24,0
2024-01-28,S1,Home,HO-138,receipt,46,0
2024-01-28,S1,Grocery,GR-264,count,0,1
2024-01-28,S1,Apparel,AP-831,return,2,0
2024-01-28,S2,Electronics,EL-372,sale,-4,0
2024-01-28,S2,Electronics,EL-531,count,0,-1
2024-01-28,S2,Electronics,EL-567,sale,-3,0
2024-01-28,S2,Home,HO-782,return,3,0
2024-01-28,S2,Grocery,GR-368,return,3,0
2024-01-28,S2,Home,HO-633,count,0,1
2024-01-28,S2,Apparel,AP-639,receipt,34,0
2024-01-28,S2,Electronics,EL-317,sale,-6,0
2024-01-28,S2,Electronics,EL-292,receipt,28,0
2024-01-28,S2,Grocery,GR-450,sale,-3,0
2024-01-28,S2,Apparel,AP-407,receipt,35,0
2024-01-28,S2,Grocery,GR-781,sale,-4,0
2024-01-28,S2,Electronics,EL-764,sale,-3,0
2024-01-28,S2,Grocery,GR-349,return,2,0
2024-01-28,S2,Apparel,AP-472,sale,-4,0
2024-01-28,S3,Electronics,EL-184,sale,-5,0
2024-01-28,S3,Home,HO-183,sale,-6,0
2024-01-28,S3,Home,HO-555,return,2,0
2024-01-28,S3,Grocery,GR-500,count,0,-2
2024-01-28,S3,Apparel,AP-282,sale,-4,0
2024-01-28,S3,Home,HO-282,sale,-5,0
2024-01-28,S3,Electronics,EL-292,sale,-6,0
2024-01-28,S3,Home,HO-585,sale,-6,0
2024-01-28,S3,Grocery,GR-221,sale,-4,0
2024-01-28,S3,Apparel,AP-865,sale,-3,0
2024-01-28,S3,Home,HO-336,sale,-6,0
2024-01-28,S3,Grocery,GR-811,sale,-2,0
2024-01-28,S4,Electronics,EL-113,return,1,0
2024-01-28,S4,Home,HO-528,return,2,0
2024-01-28,S4,Grocery,GR-647,sale,-6,0
2024-01-28,S4,Apparel,AP-543,sale,-6,0
2024-01-28,S4,Apparel,AP-905,return,3,0
2024-01-28,S4,Electronics,EL-328,return,2,0
2024-01-28,S4,Apparel,AP-879,return,1,0
2024-01-28,S4,Home,HO-483,count,0,1
2024-01-28,S4,Home,HO-364,return,1,0
2024-01-28,S5,Home,HO-670,count,0,-2
2024-01-28,S5,Grocery,GR-461,return,3,0
2024-01-28,S5,Grocery,GR-699,count,0,2
2024-01-28,S5,Grocery,GR-292,sale,-3,0
2024-01-28,S5,Grocery,GR-142,receipt,39,0
2024-01-28,S5,Apparel,AP-320,count,0,2
2024-01-28,S5,Electronics,EL-477,receipt,29,0
2024-01-28,S5,Electronics,EL-872,count,0,0
2024-01-28,S5,Home,HO-713,sale,-1,0
2024-01-28,S5,Electronics,EL-631,count,0,1
2024-01-28,S5,Electronics,EL-132,count,0,2
2024-01-28,S5,Home,HO-887,count,0,2
2024-01-28,S5,Electronics,EL-879,sale,-6,0
2024-01-28,S5,Home,HO-602,sale,-4,0
2024-01-29,S1,Grocery,GR-869,count,0,0
2024-01-29,S1,Electronics,EL-585,receipt,22,0
2024-01-29,S1,Grocery,GR-155,sale,-2,0
2024-01-29,S1,Home,HO-368,count,0,0
2024-01-29,S1,Grocery,GR-634,return,3,0
2024-01-29,S1,Apparel,AP-191,sale,-4,0
2024-01-29,S1,Grocery,GR-543,sale,-5,0
2024-01-29,S1,Electronics,EL-575,return,2,0
2024-01-29,S1,Grocery,GR-333,sale,-1,0
2024-01-29,S1,Electronics,EL-897,count,0,1
2024-01-29,S2,Grocery,GR-609,sale,-4,0
2024-01-29,S2,Electronics,EL-639,return,2,0
2024-01-29,S2,Apparel,AP-347,return,1,0
2024-01-29,S2,Grocery,GR-701,return,1,0
2024-01-29,S2,Electronics,EL-262,return,3,0
2024-01-29,S2,Electronics,EL-691,sale,-5,0
2024-01-29,S2,Home,HO-892,sale,-4,0
2024-01-29,S2,Grocery,GR-654,count,0,-1
2024-01-29,S2,Grocery,GR-729,count,0,2
2024-01-29,S2,Home,HO-839,sale,-2,0
2024-01-29,S2,Grocery,GR-113,count,0,1
2024-01-29,S2,Home,HO-102,sale,-6,0
2024-01-29,S2,Apparel,AP-900,sale,-3,0
2024-01-29,S2,Apparel,AP-896,count,0,-2
2024-01-29,S3,Apparel,AP-330,sale,-1,0
2024-01-29,S3,Home,HO-186,receipt,12,0
2024-01-29,S3,Apparel,AP-420,sale,-6,0
2024-01-29,S3,Electronics,EL-147,return,1,0
2024-01-29,S3,Apparel,AP-723,return,3,0
2024-01-29,S3,Home,HO-703,sale,-1,0
2024-01-29,S3,Apparel,AP-675,count,0,-2
2024-01-29,S3,Home,HO-965,count,0,-1
2024-01-29,S3,Apparel,AP-688,count,0,0
2024-01-29,S3,Home,HO-506,sale,-5,0
2024-01-29,S3,Electronics,EL-908,sale,-1,0
2024-01-29,S3,Home,HO-626,sale,-5,0
2024-01-29,S3,Home,HO-944,sale,-6,0
2024-01-29,S3,Electronics,EL-280,sale,-3,0
2024-01-29,S3,Electronics,EL-538,sale,-6,0
2024-01-29,S3,Home,HO-154,return,2,0
2024-01-29,S4,Apparel,AP-499,sale,-2,0
2024-01-29,S4,Electronics,EL-563,receipt,32,0
2024-01-29,S4,Apparel,AP-517,sale,-4,0
2024-01-29,S4,Home,HO-956,count,0,2
2024-01-29,S4,Home,HO-725,receipt,15,0
2024-01-29,S4,Home,HO-500,sale,-4,0
2024-01-29,S4,Apparel,AP-195,sale,-4,0
2024-01-29,S4,Electronics,EL-865,return,3,0
2024-01-29,S4,Electronics,EL-351,sale,-2,0
2024-01-29,S4,Apparel,AP-985,sale,-5,0
2024-01-29,S5,Apparel,AP-314,return,1,0
2024-01-29,S5,Apparel,AP-600,return,2,0
2024-01-29,S5,Electronics,EL-269,sale,-1,0
2024-01-29,S5,Home,HO-996,sale,-2,0
2024-01-29,S5,Home,HO-608,sale,-5,0
2024-01-29,S5,Home,HO-284,count,0,2
2024-01-29,S5,Home,HO-417,count,0,2
2024-01-29,S5,Electronics,EL-675,sale,-5,0
2024-01-29,S5,Home,HO-222,return,1,0
2024-01-29,S5,Grocery,GR-594,sale,-3,0
2024-01-29,S5,Apparel,AP-435,sale,-6,0
2024-01-29,S5,Apparel,AP-345,sale,-1,0
2024-01-30,S1,Grocery,GR-227,receipt,20,0
2024-01-30,S1,Grocery,GR-471,sale,-1,0
2024-01-30,S1,Grocery,GR-336,receipt,56,0
2024-01-30,S1,Home,HO-699,receipt,45,0
2024-01-30,S1,Grocery,GR-131,receipt,48,0
2024-01-30,S1,Electronics,EL-148,return,1,0
2024-01-30,S1,Apparel,AP-233,sale,-4,0
2024-01-30,S1,Home,HO-125,sale,-2,0
2024-01-30,S1,Grocery,GR-121,sale,-6,0
2024-01-30,S1,Electronics,EL-243,return,3,0
2024-01-30,S1,Grocery,GR-249,sale,-5,0
2024-01-30,S1,Electronics,EL-905,return,1,0
2024-01-30,S2,Apparel,AP-318,count,0,2
2024-01-30,S2,Grocery,GR-151,sale,-4,0
2024-01-30,S2,Electronics,EL-192,sale,-6,0
2024-01-30,S2,Apparel,AP-460,sale,-1,0
2024-01-30,S2,Grocery,GR-321,sale,-4,0
2024-01-30,S2,Home,HO-846,sale,-1,0
2024-01-30,S2,Home,HO-744,receipt,32,0
2024-01-30,S2,Electronics,EL-200,sale,-3,0
2024-01-30,S2,Grocery,GR-118,receipt,35,0
2024-01-30,S2,Apparel,AP-738,sale,-1,0
2024-01-30,S2,Home,HO-197,receipt,49,0
2024-01-30,S2,Home,HO-131,sale,-3,0
2024-01-30,S3,Apparel,AP-901,receipt,30,0
2024-01-30,S3,Grocery,GR-921,receipt,48,0
2024-01-30,S3,Home,HO-419,sale,-6,0
2024-01-30,S3,Electronics,EL-749,return,1,0
2024-01-30,S3,Electronics,EL-404,sale,-2,0
2024-01-30,S3,Apparel,AP-536,sale,-5,0
2024-01-30,S3,Electronics,EL-870,sale,-2,0
2024-01-30,S3,Apparel,AP-924,sale,-2,0
2024-01-30,S3,Home,HO-998,count,0,1
2024-01-30,S3,Grocery,GR-281,sale,-1,0
2024-01-30,S3,Home,HO-487,sale,-6,0
2024-01-30,S3,Home,HO-237,sale,-6,0
2024-01-30,S4,Grocery,GR-233,receipt,45,0
2024-01-30,S4,Home,HO-474,sale,-2,0
2024-01-30,S4,Electronics,EL-560,receipt,27,0
2024-01-30,S4,Apparel,AP-537,sale,-1,0
2024-01-30,S4,Grocery,GR-818,return,3,0
2024-01-30,S4,Home,HO-337,sale,-3,0
2024-01-30,S4,Electronics,EL-475,sale,-2,0
2024-01-30,S4,Home,HO-827,sale,-3,0
2024-01-30,S4,Home,HO-990,receipt,16,0
2024-01-30,S4,Electronics,EL-298,sale,-4,0
2024-01-30,S5,Apparel,AP-845,sale,-1,0
2024-01-30,S5,Electronics,EL-746,sale,-6,0
2024-01-30,S5,Electronics,EL-868,receipt,55,0
2024-01-30,S5,Apparel,AP-262,count,0,2
2024-01-30,S5,Electronics,EL-899,sale,-4,0
2024-01-30,S5,Grocery,GR-493,sale,-2,0
2024-01-30,S5,Electronics,EL-769,sale,-1,0
2024-01-30,S5,Home,HO-787,count,0,-1
2024-01-30,S5,Grocery,GR-900,return,3,0
2024-01-30,S5,Apparel,AP-911,sale,-4,0
2024-01-30,S5,Home,HO-455,sale,-3,0
2024-01-30,S5,Apparel,AP-917,sale,-1,0
2024-01-30,S5,Electronics,EL-272,return,2,0
2024-01-30,S5,Electronics,EL-392,return,1,0
2024-01-31,S1,Grocery,GR-324,count,0,1
2024-01-31,S1,Apparel,AP-646,count,0,1
2024-01-31,S1,Grocery,GR-777,sale,-3,0
2024-01-31,S1,Grocery,GR-263,sale,-1,0
2024-01-31,S1,Home,HO-792,sale,-5,0
2024-01-31,S1,Electronics,EL-711,sale,-6,0
2024-01-31,S1,Grocery,GR-816,return,3,0
2024-01-31,S1,Electronics,EL-822,sale,-3,0
2024-01-31,S1,Grocery,GR-389,sale,-5,0
2024-01-31,S1,Home,HO-759,return,3,0
2024-01-31,S2,Home,HO-624,receipt,39,0
2024-01-31,S2,Home,HO-492,count,0,1
2024-01-31,S2,Home,HO-969,count,0,-1
2024-01-31,S2,Electronics,EL-337,sale,-3,0
2024-01-31,S2,Electronics,EL-583,sale,-6,0
2024-01-31,S2,Apparel,AP-305,return,1,0
2024-01-31,S2,Grocery,GR-896,sale,-5,0
2024-01-31,S2,Grocery,GR-187,sale,-5,0
2024-01-31,S2,Grocery,GR-186,sale,-6,0
2024-01-31,S2,Electronics,EL-843,receipt,28,0
2024-01-31,S2,Home,HO-627,receipt,56,0
2024-01-31,S2,Apparel,AP-594,sale,-2,0
2024-01-31,S2,Electronics,EL-780,return,2,0
2024-01-31,S2,Home,HO-453,sale,-3,0
2024-01-31,S2,Apparel,AP-507,return,3,0
2024-01-31,S2,Grocery,GR-179,receipt,40,0
2024-01-31,S3,Apparel,AP-619,sale,-2,0
2024-01-31,S3,Electronics,EL-547,receipt,30,0
2024-01-31,S3,Electronics,EL-406,count,0,-6
2024-01-31,S3,Electronics,EL-317,sale,-6,0
2024-01-31,S3,Grocery,GR-271,sale,-6,0
2024-01-31,S3,Grocery,GR-154,sale,-2,0
2024-01-31,S3,Apparel,AP-639,sale,-1,0
2024-01-31,S3,Electronics,EL-749,sale,-4,0
2024-01-31,S3,Electronics,EL-509,receipt,43,0
2024-01-31,S3,Apparel,AP-557,sale,-5,0
2024-01-31,S3,Grocery,GR-690,sale,-5,0
2024-01-31,S3,Grocery,GR-448,sale,-5,0
2024-01-31,S3,Apparel,AP-580,receipt,25,0
2024-01-31,S3,Electronics,EL-843,receipt,13,0
2024-01-31,S3,Apparel,AP-616,return,3,0
2024-01-31,S3,Apparel,AP-940,sale,-3,0
2024-01-31,S4,Apparel,AP-201,count,0,0
2024-01-31,S4,Apparel,AP-354,count,0,2
2024-01-31,S4,Grocery,GR-535,sale,-3,0
2024-01-31,S4,Electronics,EL-206,sale,-5,0
2024-01-31,S4,Electronics,EL-652,sale,-6,0
2024-01-31,S4,Grocery,GR-804,return,2,0
2024-01-31,S4,Home,HO-543,sale,-4,0
2024-01-31,S4,Grocery,GR-595,count,0,-1
2024-01-31,S4,Home,HO-925,sale,-5,0
2024-01-31,S4,Electronics,EL-704,sale,-4,0
2024-01-31,S4,Home,HO-405,receipt,24,0
2024-01-31,S4,Grocery,GR-545,sale,-4,0
2024-01-31,S4,Electronics,EL-794,sale,-5,0
2024-01-31,S4,Home,HO-693,sale,-5,0
2024-01-31,S4,Home,HO-782,return,2,0
2024-01-31,S4,Home,HO-409,sale,-5,0
2024-01-31,S5,Grocery,GR-303,receipt,30,0
2024-01-31,S5,Home,HO-600,sale,-4,0
2024-01-31,S5,Home,HO-596,sale,-4,0
2024-01-31,S5,Electronics,EL-395,sale,-4,0
2024-01-31,S5,Home,HO-911,count,0,1
2024-01-31,S5,Home,HO-806,count,0,0
2024-01-31,S5,Electronics,EL-477,receipt,30,0
2024-01-31,S5,Home,HO-103,sale,-1,0
2024-01-31,S5,Home,HO-595,sale,-5,0
2024-01-31,S5,Apparel,AP-333,receipt,39,0
2024-02-01,S1,Home,HO-942,sale,-4,0
2024-02-01,S1,Home,HO-299,count,0,-2
2024-02-01,S1,Home,HO-588,count,0,1
2024-02-01,S1,Electronics,EL-373,sale,-4,0
2024-02-01,S1,Home,HO-350,return,2,0
2024-02-01,S1,Home,HO-433,sale,-5,0
2024-02-01,S1,Electronics,EL-107,sale,-6,0
2024-02-01,S1,Apparel,AP-266,sale,-6,0
2024-02-01,S1,Home,HO-474,return,1,0
2024-02-01,S1,Apparel,AP-216,sale,-2,0
2024-02-01,S1,Grocery,GR-321,sale,-4,0
2024-02-01,S1,Grocery,GR-977,sale,-4,0
2024-02-01,S1,Home,HO-183,sale,-5,0
2024-02-01,S1,Electronics,EL-283,count,0,-2
2024-02-01,S2,Grocery,GR-936,return,3,0
2024-02-01,S2,Electronics,EL-306,receipt,56,0
2024-02-01,S2,Apparel,AP-492,sale,-2,0
2024-02-01,S2,Grocery,GR-175,sale,-2,0
2024-02-01,S2,Home,HO-362,sale,-1,0
2024-02-01,S2,Apparel,AP-599,sale,-3,0
2024-02-01,S2,Electronics,EL-883,sale,-3,0
2024-02-01,S2,Electronics,EL-909,count,0,0
2024-02-01,S2,Apparel,AP-205,count,0,-2
2024-02-01,S2,Grocery,GR-242,sale,-5,0
2024-02-01,S2,Electronics,EL-824,receipt,54,0
2024-02-01,S2,Electronics,EL-392,return,3,0
2024-02-01,S2,Grocery,GR-199,return,3,0
2024-02-01,S2,Home,HO-841,sale,-5,0
2024-02-01,S3,Home,HO-908,sale,-3,0
2024-02-01,S3,Home,HO-870,receipt,25,0
2024-02-01,S3,Grocery,GR-986,sale,-6,0
2024-02-01,S3,Apparel,AP-944,sale,-5,0
2024-02-01,S3,Apparel,AP-101,return,1,0
2024-02-01,S3,Electronics,EL-113,return,3,0
2024-02-01,S3,Apparel,AP-874,sale,-3,0
2024-02-01,S3,Home,HO-205,sale,-5,0
2024-02-01,S3,Electronics,EL-831,return,1,0
2024-02-01,S3,Electronics,EL-447,return,1,0
2024-02-01,S4,Apparel,AP-898,sale,-2,0
2024-02-01,S4,Electronics,EL-803,count,0,1
2024-02-01,S4,Grocery,GR-792,sale,-4,0
2024-02-01,S4,Electronics,EL-898,return,1,0
2024-02-01,S4,Home,HO-390,sale,-3,0
2024-02-01,S4,Home,HO-389,sale,-2,0
2024-02-01,S4,Apparel,AP-324,sale,-5,0
2024-02-01,S4,Apparel,AP-676,sale,-1,0
2024-02-01,S4,Electronics,EL-370,return,1,0
2024-02-01,S4,Home,HO-819,return,2,0
2024-02-01,S4,Grocery,GR-937,count,0,0
2024-02-01,S4,Electronics,EL-965,return,3,0
2024-02-01,S4,Apparel,AP-783,sale,-2,0
2024-02-01,S4,Electronics,EL-204,sale,-5,0
2024-02-01,S4,Electronics,EL-862,sale,-2,0
2024-02-01,S5,Apparel,AP-356,sale,-4,0
2024-02-01,S5,Apparel,AP-729,return,3,0
2024-02-01,S5,Electronics,EL-538,receipt,55,0
2024-02-01,S5,Electronics,EL-526,receipt,39,0
2024-02-01,S5,Apparel,AP-189,sale,-4,0
2024-02-01,S5,Electronics,EL-786,sale,-3,0
2024-02-01,S5,Apparel,AP-450,receipt,22,0
2024-02-01,S5,Grocery,GR-769,sale,-1,0
2024-02-01,S5,Grocery,GR-333,return,3,0
2024-02-01,S5,Grocery,GR-436,sale,-3,0
2024-02-01,S5,Apparel,AP-708,receipt,45,0
2024-02-01,S5,Apparel,AP-409,sale,-3,0
2024-02-01,S5,Electronics,EL-690,return,1,0
2024-02-02,S1,Electronics,EL-938,sale,-4,0
2024-02-02,S1,Home,HO-693,count,0,2
2024-02-02,S1,Electronics,EL-692,receipt,30,0
2024-02-02,S1,Electronics,EL-739,count,0,0
2024-02-02,S1,Apparel,AP-767,sale,-1,0
2024-02-02,S1,Home,HO-699,sale,-2,0
2024-02-02,S1,Apparel,AP-404,receipt,56,0
2024-02-02,S1,Home,HO-593,receipt,43,0
2024-02-02,S1,Electronics,EL-346,sale,-3,0
2024-02-02,S1,Grocery,GR-682,sale,-2,0
2024-02-02,S1,Electronics,EL-392,sale,-2,0
2024-02-02,S2,Grocery,GR-466,return,1,0
2024-02-02,S2,Electronics,EL-975,sale,-5,0
2024-02-02,S2,Home,HO-419,sale,-4,0
2024-02-02,S2,Apparel,AP-885,receipt,41,0
2024-02-02,S2,Grocery,GR-377,count,0,-2
2024-02-02,S2,Home,HO-991,receipt,18,0
2024-02-02,S2,Electronics,EL-742,return,2,0
2024-02-02,S2,Home,HO-663,return,1,0
2024-02-02,S2,Electronics,EL-522,sale,-5,0
2024-02-02,S2,Home,HO-852,sale,-6,0
2024-02-02,S2,Grocery,GR-368,receipt,47,0
2024-02-02,S2,Grocery,GR-629,receipt,57,0
2024-02-02,S2,Grocery,GR-269,sale,-4,0
2024-02-02,S3,Home,HO-595,sale,-6,0
2024-02-02,S3,Grocery,GR-720,count,0,2
2024-02-02,S3,Grocery,GR-831,return,2,0
2024-02-02,S3,Home,HO-131,return,2,0
2024-02-02,S3,Grocery,GR-148,count,0,0
2024-02-02,S3,Home,HO-860,receipt,14,0
2024-02-02,S3,Grocery,GR-904,sale,-3,0
2024-02-02,S3,Grocery,GR-155,receipt,25,0
2024-02-02,S3,Home,HO-448,sale,-3,0
2024-02-02,S3,Apparel,AP-486,sale,-2,0
2024-02-02,S3,Home,HO-960,return,2,0
2024-02-02,S3,Apparel,AP-168,sale,-2,0
2024-02-02,S3,Apparel,AP-217,return,1,0
2024-02-02,S3,Grocery,GR-929,return,3,0
2024-02-02,S3,Electronics,EL-291,count,0,-2
2024-02-02,S3,Electronics,EL-845,sale,-6,0
2024-02-02,S4,Grocery,GR-503,sale,-3,0
2024-02-02,S4,Grocery,GR-166,count,0,1
2024-02-02,S4,Apparel,AP-583,return,3,0
2024-02-02,S4,Apparel,AP-162,return,3,0
2024-02-02,S4,Apparel,AP-568,sale,-3,0
2024-02-02,S4,Grocery,GR-834,count,0,-1
2024-02-02,S4,Apparel,AP-627,count,0,1
2024-02-02,S4,Home,HO-262,sale,-6,0
2024-02-02,S4,Grocery,GR-560,receipt,50,0
2024-02-02,S4,Home,HO-489,sale,-5,0
2024-02-02,S4,Home,HO-652,count,0,-2
2024-02-02,S4,Electronics,EL-188,return,2,0
2024-02-02,S4,Home,HO-110,receipt,54,0
2024-02-02,S4,Grocery,GR-210,sale,-1,0
2024-02-02,S4,Grocery,GR-273,receipt,55,0
2024-02-02,S5,Electronics,EL-330,sale,-3,0
2024-02-02,S5,Home,HO-922,sale,-6,0
2024-02-02,S5,Apparel,AP-277,sale,-2,0
2024-02-02,S5,Grocery,GR-898,sale,-3,0
2024-02-02,S5,Home,HO-269,receipt,28,0
2024-02-02,S5,Electronics,EL-864,receipt,43,0
2024-02-02,S5,Apparel,AP-940,sale,-1,0
2024-02-02,S5,Home,HO-676,sale,-5,0
2024-02-02,S5,Home,HO-831,sale,-5,0
2024-02-02,S5,Apparel,AP-125,sale,-5,0
2024-02-03,S1,Electronics,EL-329,sale,-3,0
2024-02-03,S1,Home,HO-841,sale,-4,0
2024-02-03,S1,Home,HO-605,return,1,0
2024-02-03,S1,Home,HO-574,receipt,24,0
2024-02-03,S1,Apparel,AP-251,sale,-5,0
2024-02-03,S1,Apparel,AP-212,receipt,60,0
2024-02-03,S1,Apparel,AP-197,sale,-3,0
2024-02-03,S1,Electronics,EL-490,sale,-6,0
2024-02-03,S1,Home,HO-132,return,3,0
2024-02-03,S2,Grocery,GR-681,count,0,-2
2024-02-03,S2,Home,HO-314,sale,-2,0
2024-02-03,S2,Home,HO-867,return,3,0
2024-02-03,S2,Home,HO-724,count,0,-1
2024-02-03,S2,Home,HO-168,count,0,-2
2024-02-03,S2,Apparel,AP-281,sale,-2,0
2024-02-03,S2,Home,HO-154,sale,-3,0
2024-02-03,S2,Apparel,AP-293,receipt,12,0
2024-02-03,S2,Home,HO-530,count,0,-1
2024-02-03,S2,Apparel,AP-793,sale,-5,0
2024-02-03,S2,Home,HO-672,sale,-2,0
2024-02-03,S2,Home,HO-304,return,3,0
2024-02-03,S2,Apparel,AP-763,count,0,0
2024-02-03,S2,Apparel,AP-609,sale,-2,0
2024-02-03,S2,Home,HO-750,sale,-4,0
2024-02-03,S3,Apparel,AP-172,sale,-2,0
2024-02-03,S3,Apparel,AP-696,sale,-4,0
2024-02-03,S3,Apparel,AP-417,sale,-4,0
2024-02-03,S3,Grocery,GR-786,sale,-4,0
2024-02-03,S3,Apparel,AP-683,count,0,-2
2024-02-03,S3,Grocery,GR-123,receipt,35,0
2024-02-03,S3,Home,HO-896,receipt,12,0
2024-02-03,S3,Home,HO-251,sale,-4,0
2024-02-03,S3,Apparel,AP-106,count,0,-2
2024-02-03,S4,Home,HO-743,receipt,29,0
2024-02-03,S4,Grocery,GR-628,sale,-5,0
2024-02-03,S4,Home,HO-162,return,1,0
2024-02-03,S4,Home,HO-342,sale,-4,0
2024-02-03,S4,Grocery,GR-765,count,0,1
2024-02-03,S4,Electronics,EL-135,sale,-4,0
2024-02-03,S4,Electronics,EL-687,return,1,0
2024-02-03,S4,Electronics,EL-659,count,0,-1
2024-02-03,S4,Apparel,AP-621,sale,-3,0
2024-02-03,S4,Home,HO-124,sale,-4,0
2024-02-03,S4,Apparel,AP-133,sale,-2,0
2024-02-03,S5,Grocery,GR-502,sale,-5,0
2024-02-03,S5,Grocery,GR-859,sale,-2,0
2024-02-03,S5,Electronics,EL-855,sale,-6,0
2024-02-03,S5,Apparel,AP-513,sale,-2,0
2024-02-03,S5,Electronics,EL-176,sale,-1,0
2024-02-03,S5,Apparel,AP-535,sale,-6,0
2024-02-03,S5,Grocery,GR-493,sale,-4,0
2024-02-03,S5,Grocery,GR-797,receipt,55,0
2024-02-03,S5,Home,HO-926,return,1,0
2024-02-03,S5,Home,HO-316,count,0,0
2024-02-03,S5,Apparel,AP-855,receipt,30,0
2024-02-03,S5,Grocery,GR-574,return,1,0
2024-02-03,S5,Apparel,AP-230,sale,-4,0
2024-02-03,S5,Grocery,GR-554,receipt,27,0
2024-02-03,S5,Electronics,EL-599,sale,-5,0
2024-02-03,S5,Electronics,EL-623,sale,-5,0
2024-02-04,S1,Grocery,GR-905,return,2,0
2024-02-04,S1,Electronics,EL-683,count,0,2
2024-02-04,S1,Grocery,GR-107,sale,-1,0
2024-02-04,S1,Apparel,AP-126,receipt,54,0
2024-02-04,S1,Electronics,EL-774,sale,-2,0
2024-02-04,S1,Apparel,AP-398,sale,-5,0
2024-02-04,S1,Apparel,AP-682,sale,-5,0
2024-02-04,S1,Apparel,AP-133,return,1,0
2024-02-04,S1,Electronics,EL-374,receipt,43,0
2024-02-04,S1,Apparel,AP-253,count,0,0
2024-02-04,S1,Grocery,GR-755,sale,-2,0
2024-02-04,S1,Home,HO-692,return,3,0
2024-02-04,S2,Grocery,GR-104,sale,-2,0
2024-02-04,S2,Apparel,AP-391,count,0,-1
2024-02-04,S2,Electronics,EL-720,sale,-5,0
2024-02-04,S2,Apparel,AP-601,sale,-1,0
2024-02-04,S2,Home,HO-500,count,0,-1
2024-02-04,S2,Home,HO-542,sale,-3,0
2024-02-04,S2,Apparel,AP-151,return,1,0
2024-02-04,S2,Home,HO-385,sale,-6,0
2024-02-04,S3,Apparel,AP-483,sale,-1,0
2024-02-04,S3,Home,HO-532,count,0,2
2024-02-04,S3,Grocery,GR-686,sale,-5,0
2024-02-04,S3,Apparel,AP-918,count,0,2
2024-02-04,S3,Grocery,GR-901,sale,-1,0
2024-02-04,S3,Electronics,EL-670,sale,-2,0
2024-02-04,S3,Grocery,GR-474,count,0,1
2024-02-04,S3,Home,HO-154,sale,-3,0
2024-02-04,S3,Grocery,GR-451,sale,-1,0
2024-02-04,S3,Apparel,AP-710,count,0,-2
2024-02-04,S3,Grocery,GR-343,sale,-1,0
2024-02-04,S4,Home,HO-689,count,0,1
2024-02-04,S4,Home,HO-462,return,1,0
2024-02-04,S4,Home,HO-343,sale,-1,0
2024-02-04,S4,Apparel,AP-436,count,0,2
2024-02-04,S4,Apparel,AP-454,sale,-5,0
2024-02-04,S4,Home,HO-184,sale,-5,0
2024-02-04,S4,Grocery,GR-260,receipt,16,0
2024-02-04,S4,Apparel,AP-383,sale,-3,0
2024-02-04,S4,Home,HO-467,receipt,48,0
2024-02-04,S4,Electronics,EL-504,sale,-4,0
2024-02-04,S4,Apparel,AP-564,count,0,-1
2024-02-04,S4,Apparel,AP-779,sale,-2,0
2024-02-04,S4,Electronics,EL-481,sale,-3,0
2024-02-04,S4,Apparel,AP-391,sale,-5,0
2024-02-04,S5,Electronics,EL-580,return,1,0
2024-02-04,S5,Apparel,AP-968,sale,-6,0
2024-02-04,S5,Electronics,EL-494,return,2,0
2024-02-04,S5,Electronics,EL-453,sale,-3,0
2024-02-04,S5,Home,HO-171,count,0,2
2024-02-04,S5,Home,HO-942,sale,-5,0
2024-02-04,S5,Grocery,GR-424,sale,-5,0
2024-02-04,S5,Home,HO-241,sale,-3,0
2024-02-04,S5,Electronics,EL-241,return,3,0
2024-02-04,S5,Electronics,EL-808,receipt,59,0
2024-02-04,S5,Grocery,GR-636,sale,-3,0
2024-02-04,S5,Apparel,AP-117,sale,-1,0
2024-02-05,S1,Apparel,AP-672,sale,-6,0
2024-02-05,S1,Apparel,AP-474,receipt,29,0
2024-02-05,S1,Electronics,EL-896,sale,-4,0
2024-02-05,S1,Electronics,EL-960,return,1,0
2024-02-05,S1,Electronics,EL-641,sale,-1,0
2024-02-05,S1,Home,HO-600,count,0,-1
2024-02-05,S1,Apparel,AP-696,sale,-1,0
2024-02-05,S1,Electronics,EL-361,sale,-1,0
2024-02-05,S1,Home,HO-591,sale,-5,0
2024-02-05,S1,Grocery,GR-300,sale,-2,0
2024-02-05,S1,Home,HO-720,sale,-5,0
2024-02-05,S2,Apparel,AP-230,receipt,18,0
2024-02-05,S2,Grocery,GR-616,return,1,0
2024-02-05,S2,Home,HO-282,sale,-5,0
2024-02-05,S2,Home,HO-565,count,0,1
2024-02-05,S2,Electronics,EL-146,count,0,2
2024-02-05,S2,Home,HO-224,sale,-4,0
2024-02-05,S2,Apparel,AP-911,count,0,-1
2024-02-05,S2,Electronics,EL-205,sale,-2,0
2024-02-05,S2,Electronics,EL-861,return,3,0
2024-02-05,S2,Grocery,GR-976,count,0,2
2024-02-05,S2,Home,HO-141,sale,-6,0
2024-02-05,S2,Apparel,AP-140,sale,-5,0
2024-02-05,S2,Electronics,EL-989,sale,-5,0
2024-02-05,S3,Electronics,EL-857,sale,-4,0
2024-02-05,S3,Apparel,AP-282,count,0,1
2024-02-05,S3,Grocery,GR-282,sale,-3,0
2024-02-05,S3,Home,HO-705,count,0,0
2024-02-05,S3,Apparel,AP-612,receipt,21,0
2024-02-05,S3,Grocery,GR-987,sale,-6,0
2024-02-05,S3,Grocery,GR-534,return,1,0
2024-02-05,S3,Home,HO-389,return,2,0
2024-02-05,S3,Grocery,GR-492,count,0,1
2024-02-05,S3,Apparel,AP-285,sale,-2,0
2024-02-05,S3,Home,HO-434,return,3,0
2024-02-05,S4,Electronics,EL-768,sale,-4,0
2024-02-05,S4,Electronics,EL-332,return,3,0
2024-02-05,S4,Apparel,AP-680,count,0,-2
2024-02-05,S4,Home,HO-143,sale,-6,0
2024-02-05,S4,Apparel,AP-378,receipt,35,0
2024-02-05,S4,Electronics,EL-225,sale,-2,0
2024-02-05,S4,Home,HO-495,sale,-1,0
2024-02-05,S4,Electronics,EL-140,sale,-3,0
2024-02-05,S4,Apparel,AP-450,sale,-6,0
2024-02-05,S4,Electronics,EL-882,receipt,56,0
2024-02-05,S4,Home,HO-934,receipt,60,0
2024-02-05,S4,Home,HO-189,receipt,38,0
2024-02-05,S4,Apparel,AP-611,receipt,14,0
2024-02-05,S5,Home,HO-158,sale,-6,0
2024-02-05,S5,Electronics,EL-405,sale,-3,0
2024-02-05,S5,Electronics,EL-121,sale,-3,0
2024-02-05,S5,Electronics,EL-781,sale,-6,0
2024-02-05,S5,Grocery,GR-222,receipt,31,0
2024-02-05,S5,Electronics,EL-238,sale,-1,0
2024-02-05,S5,Electronics,EL-541,sale,-3,0
2024-02-05,S5,Home,HO-394,count,0,-1
2024-02-05,S5,Home,HO-688,return,1,0
2024-02-05,S5,Electronics,EL-343,receipt,29,0
2024-02-05,S5,Apparel,AP-936,sale,-2,0
2024-02-06,S1,Grocery,GR-145,receipt,26,0
2024-02-06,S1,Grocery,GR-469,sale,-6,0
2024-02-06,S1,Apparel,AP-710,sale,-5,0
2024-02-06,S1,Home,HO-906,receipt,33,0
2024-02-06,S1,Apparel,AP-750,sale,-2,0
2024-02-06,S1,Grocery,GR-183,sale,-5,0
2024-02-06,S1,Electronics,EL-554,return,2,0
2024-02-06,S1,Apparel,AP-840,count,0,1
2024-02-06,S1,Electronics,EL-762,sale,-6,0
2024-02-06,S1,Home,HO-343,sale,-3,0
2024-02-06,S1,Electronics,EL-987,sale,-3,0
2024-02-06,S1,Home,HO-770,sale,-4,0
2024-02-06,S2,Apparel,AP-958,sale,-2,0
2024-02-06,S2,Apparel,AP-292,count,0,0
2024-02-06,S2,Grocery,GR-885,sale,-3,0
2024-02-06,S2,Grocery,GR-181,receipt,37,0
2024-02-06,S2,Home,HO-612,sale,-1,0
2024-02-06,S2,Apparel,AP-362,return,3,0
2024-02-06,S2,Electronics,EL-405,return,1,0
2024-02-06,S2,Electronics,EL-427,sale,-4,0
2024-02-06,S2,Electronics,EL-585,receipt,18,0
2024-02-06,S2,Grocery,GR-160,return,2,0
2024-02-06,S2,Apparel,AP-624,sale,-5,0
2024-02-06,S2,Electronics,EL-113,return,3,0
2024-02-06,S3,Electronics,EL-637,sale,-5,0
2024-02-06,S3,Apparel,AP-735,return,1,0
2024-02-06,S3,Grocery,GR-528,sale,-5,0
2024-02-06,S3,Apparel,AP-983,sale,-6,0
2024-02-06,S3,Grocery,GR-186,return,2,0
2024-02-06,S3,Home,HO-429,sale,-5,0
2024-02-06,S3,Home,HO-142,sale,-3,0
2024-02-06,S3,Home,HO-831,return,1,0
2024-02-06,S3,Electronics,EL-935,receipt,49,0
2024-02-06,S3,Home,HO-876,sale,-4,0
2024-02-06,S3,Grocery,GR-683,sale,-5,0
2024-02-06,S3,Electronics,EL-525,return,3,0
2024-02-06,S3,Grocery,GR-354,receipt,18,0
2024-02-06,S3,Home,HO-472,sale,-5,0
2024-02-06,S3,Apparel,AP-553,return,1,0
2024-02-06,S3,Apparel,AP-299,count,0,2
2024-02-06,S4,Grocery,GR-133,receipt,38,0
2024-02-06,S4,Home,HO-680,count,0,1
2024-02-06,S4,Apparel,AP-598,receipt,52,0
2024-02-06,S4,Grocery,GR-412,return,1,0
2024-02-06,S4,Apparel,AP-810,receipt,57,0
2024-02-06,S4,Electronics,EL-946,sale,-4,0
2024-02-06,S4,Grocery,GR-239,sale,-3,0
2024-02-06,S4,Apparel,AP-720,sale,-3,0
2024-02-06,S4,Apparel,AP-869,count,0,2
2024-02-06,S4,Electronics,EL-935,receipt,17,0
2024-02-06,S4,Apparel,AP-344,sale,-1,0
2024-02-06,S4,Electronics,EL-421,receipt,30,0
2024-02-06,S4,Home,HO-698,count,0,2
2024-02-06,S5,Apparel,AP-593,sale,-4,0
2024-02-06,S5,Electronics,EL-233,receipt,18,0
2024-02-06,S5,Home,HO-455,return,1,0
2024-02-06,S5,Apparel,AP-376,return,1,0
2024-02-06,S5,Electronics,EL-809,receipt,13,0
2024-02-06,S5,Home,HO-606,sale,-5,0
2024-02-06,S5,Grocery,GR-641,sale,-1,0
2024-02-06,S5,Electronics,EL-457,receipt,14,0
2024-02-06,S5,Home,HO-768,sale,-3,0
2024-02-06,S5,Home,HO-912,receipt,12,0
2024-02-06,S5,Grocery,GR-384,count,0,-1
2024-02-06,S5,Apparel,AP-296,sale,-3,0
2024-02-06,S5,Electronics,EL-853,sale,-4,0
2024-02-06,S5,Home,HO-127,return,1,0
2024-02-06,S5,Electronics,EL-572,sale,-5,0
2024-02-07,S1,Home,HO-851,sale,-1,0
2024-02-07,S1,Apparel,AP-230,sale,-4,0
2024-02-07,S1,Electronics,EL-587,return,1,0
2024-02-07,S1,Home,HO-409,receipt,55,0
2024-02-07,S1,Apparel,AP-216,count,0,2
2024-02-07,S1,Electronics,EL-504,receipt,56,0
2024-02-07,S1,Grocery,GR-611,return,2,0
2024-02-07,S1,Apparel,AP-156,sale,-5,0
2024-02-07,S1,Apparel,AP-428,sale,-3,0
2024-02-07,S1,Grocery,GR-594,return,3,0
2024-02-07,S2,Grocery,GR-236,sale,-6,0
2024-02-07,S2,Home,HO-871,sale,-4,0
2024-02-07,S2,Home,HO-296,sale,-1,0
2024-02-07,S2,Electronics,EL-237,sale,-4,0
2024-02-07,S2,Grocery,GR-544,return,1,0
2024-02-07,S2,Apparel,AP-452,count,0,1
2024-02-07,S2,Grocery,GR-539,sale,-4,0
2024-02-07,S2,Home,HO-218,receipt,25,0
2024-02-07,S2,Grocery,GR-234,return,2,0
2024-02-07,S2,Electronics,EL-940,sale,-6,0
2024-02-07,S2,Home,HO-892,receipt,24,0
2024-02-07,S2,Electronics,EL-468,return,3,0
2024-02-07,S3,Grocery,GR-818,sale,-1,0
2024-02-07,S3,Electronics,EL-151,return,3,0
2024-02-07,S3,Apparel,AP-200,sale,-3,0
2024-02-07,S3,Home,HO-998,receipt,25,0
2024-02-07,S3,Electronics,EL-869,receipt,34,0
2024-02-07,S3,Grocery,GR-493,sale,-4,0
2024-02-07,S3,Grocery,GR-222,receipt,48,0
2024-02-07,S3,Electronics,EL-581,count,0,-6
2024-02-07,S3,Grocery,GR-395,count,0,-2
2024-02-07,S4,Electronics,EL-306,receipt,39,0
2024-02-07,S4,Electronics,EL-921,sale,-3,0
2024-02-07,S4,Electronics,EL-304,count,0,1
2024-02-07,S4,Home,HO-334,return,1,0
2024-02-07,S4,Apparel,AP-809,receipt,24,0
2024-02-07,S4,Electronics,EL-680,receipt,29,0
2024-02-07,S4,Electronics,EL-662,sale,-6,0
2024-02-07,S4,Apparel,AP-765,return,2,0
2024-02-07,S4,Apparel,AP-911,return,2,0
2024-02-07,S4,Electronics,EL-450,return,1,0
2024-02-07,S4,Apparel,AP-667,sale,-6,0
2024-02-07,S5,Home,HO-243,sale,-2,0
2024-02-07,S5,Apparel,AP-287,count,0,2
2024-02-07,S5,Grocery,GR-373,sale,-5,0
2024-02-07,S5,Grocery,GR-658,return,3,0
2024-02-07,S5,Apparel,AP-645,count,0,-2
2024-02-07,S5,Home,HO-267,sale,-4,0
2024-02-07,S5,Electronics,EL-558,sale,-3,0
2024-02-07,S5,Electronics,EL-776,sale,-5,0
2024-02-07,S5,Apparel,AP-764,return,1,0
2024-02-07,S5,Apparel,AP-462,sale,-1,0
2024-02-08,S1,Grocery,GR-658,sale,-3,0
2024-02-08,S1,Home,HO-363,return,1,0
2024-02-08,S1,Electronics,EL-473,return,2,0
2024-02-08,S1,Home,HO-287,count,0,0
2024-02-08,S1,Electronics,EL-784,sale,-6,0
2024-02-08,S1,Electronics,EL-682,sale,-3,0
2024-02-08,S1,Home,HO-416,receipt,50,0
2024-02-08,S1,Grocery,GR-721,sale,-1,0
2024-02-08,S1,Grocery,GR-729,sale,-3,0
2024-02-08,S1,Electronics,EL-706,sale,-5,0
2024-02-08,S2,Home,HO-501,receipt,26,0
2024-02-08,S2,Apparel,AP-598,count,0,-1
2024-02-08,S2,Grocery,GR-932,sale,-2,0
2024-02-08,S2,Grocery,GR-927,sale,-1,0
2024-02-08,S2,Grocery,GR-427,sale,-1,0
2024-02-08,S2,Electronics,EL-887,sale,-5,0
2024-02-08,S2,Electronics,EL-784,sale,-3,0
2024-02-08,S2,Home,HO-674,sale,-1,0
2024-02-08,S3,Apparel,AP-743,sale,-2,0
2024-02-08,S3,Grocery,GR-429,sale,-4,0
2024-02-08,S3,Electronics,EL-647,count,0,-3
2024-02-08,S3,Apparel,AP-684,return,1,0
2024-02-08,S3,Grocery,GR-149,count,0,0
2024-02-08,S3,Home,HO-675,return,3,0
2024-02-08,S3,Home,HO-984,return,3,0
2024-02-08,S3,Grocery,GR-903,sale,-1,0
2024-02-08,S3,Grocery,GR-675,sale,-3,0
2024-02-08,S3,Grocery,GR-312,count,0,-2
2024-02-08,S3,Electronics,EL-343,sale,-5,0
2024-02-08,S3,Apparel,AP-153,sale,-6,0
2024-02-08,S3,Grocery,GR-227,receipt,53,0
2024-02-08,S4,Grocery,GR-107,sale,-3,0
2024-02-08,S4,Apparel,AP-268,sale,-1,0
2024-02-08,S4,Apparel,AP-393,count,0,-1
2024-02-08,S4,Home,HO-576,sale,-5,0
2024-02-08,S4,Apparel,AP-775,receipt,47,0
2024-02-08,S4,Grocery,GR-833,sale,-2,0
2024-02-08,S4,Grocery,GR-771,sale,-2,0
2024-02-08,S4,Grocery,GR-639,return,1,0
2024-02-08,S4,Apparel,AP-325,receipt,57,0
2024-02-08,S4,Grocery,GR-863,return,3,0
2024-02-08,S4,Grocery,GR-888,return,2,0
2024-02-08,S4,Grocery,GR-135,receipt,51,0
2024-02-08,S4,Electronics,EL-474,sale,-6,0
2024-02-08,S4,Home,HO-623,receipt,54,0
2024-02-08,S4,Electronics,EL-699,count,0,-1
2024-02-08,S5,Home,HO-226,return,2,0
2024-02-08,S5,Apparel,AP-968,return,2,0
2024-02-08,S5,Electronics,EL-482,sale,-5,0
2024-02-08,S5,Grocery,GR-983,return,2,0
2024-02-08,S5,Apparel,AP-157,return,3,0
2024-02-08,S5,Grocery,GR-970,count,0,1
2024-02-08,S5,Electronics,EL-136,return,2,0
2024-02-08,S5,Home,HO-598,sale,-2,0
2024-02-08,S5,Grocery,GR-874,return,3,0
2024-02-08,S5,Home,HO-805,sale,-1,0
2024-02-08,S5,Apparel,AP-402,return,1,0
2024-02-08,S5,Grocery,GR-256,receipt,54,0
2024-02-08,S5,Grocery,GR-490,sale,-3,0
2024-02-08,S5,Home,HO-852,count,0,2
2024-02-09,S1,Home,HO-823,return,1,0
2024-02-09,S1,Apparel,AP-637,return,3,0
2024-02-09,S1,Electronics,EL-767,sale,-4,0
2024-02-09,S1,Apparel,AP-978,sale,-4,0
2024-02-09,S1,Apparel,AP-440,sale,-6,0
2024-02-09,S1,Home,HO-952,count,0,-2
2024-02-09,S1,Grocery,GR-280,count,0,-1
2024-02-09,S1,Apparel,AP-421,sale,-6,0
2024-02-09,S2,Home,HO-549,receipt,58,0
2024-02-09,S2,Home,HO-180,sale,-6,0
2024-02-09,S2,Electronics,EL-817,receipt,33,0
2024-02-09,S2,Apparel,AP-707,sale,-4,0
2024-02-09,S2,Electronics,EL-830,sale,-3,0
2024-02-09,S2,Home,HO-203,sale,-1,0
2024-02-09,S2,Home,HO-895,sale,-4,0
2024-02-09,S2,Apparel,AP-723,sale,-1,0
2024-02-09,S2,Home,HO-404,count,0,2
2024-02-09,S2,Electronics,EL-892,count,0,2
2024-02-09,S2,Electronics,EL-130,count,0,-2
2024-02-09,S2,Apparel,AP-481,sale,-4,0
2024-02-09,S2,Grocery,GR-531,return,2,0
2024-02-09,S2,Home,HO-979,count,0,-2
2024-02-09,S3,Grocery,GR-524,sale,-3,0
2024-02-09,S3,Home,HO-670,sale,-2,0
2024-02-09,S3,Grocery,GR-577,sale,-3,0
2024-02-09,S3,Apparel,AP-639,sale,-1,0
2024-02-09,S3,Home,HO-887,return,1,0
2024-02-09,S3,Apparel,AP-151,return,1,0
2024-02-09,S3,Apparel,AP-935,sale,-6,0
2024-02-09,S3,Electronics,EL-415,receipt,40,0
2024-02-09,S3,Home,HO-350,receipt,10,0
2024-02-09,S3,Electronics,EL-869,count,0,-4
2024-02-09,S3,Home,HO-947,receipt,10,0
2024-02-09,S3,Apparel,AP-769,sale,-3,0
2024-02-09,S3,Apparel,AP-474,count,0,-1
2024-02-09,S4,Apparel,AP-441,sale,-5,0
2024-02-09,S4,Home,HO-777,sale,-2,0
2024-02-09,S4,Grocery,GR-376,count,0,1
2024-02-09,S4,Grocery,GR-479,sale,-4,0
2024-02-09,S4,Apparel,AP-830,sale,-6,0
2024-02-09,S4,Apparel,AP-798,receipt,17,0
2024-02-09,S4,Apparel,AP-808,receipt,18,0
2024-02-09,S4,Electronics,EL-975,sale,-5,0
2024-02-09,S4,Electronics,EL-397,sale,-1,0
2024-02-09,S4,Electronics,EL-787,return,1,0
2024-02-09,S4,Home,HO-310,sale,-4,0
2024-02-09,S4,Apparel,AP-687,sale,-3,0
2024-02-09,S4,Electronics,EL-365,return,1,0
2024-02-09,S4,Grocery,GR-868,sale,-4,0
2024-02-09,S4,Apparel,AP-488,count,0,-2
2024-02-09,S5,Home,HO-776,count,0,-2
2024-02-09,S5,Home,HO-988,return,2,0
2024-02-09,S5,Apparel,AP-147,sale,-1,0
2024-02-09,S5,Apparel,AP-381,receipt,42,0
2024-02-09,S5,Home,HO-211,sale,-1,0
2024-02-09,S5,Home,HO-503,return,2,0
2024-02-09,S5,Apparel,AP-261,return,1,0
2024-02-09,S5,Grocery,GR-506,sale,-3,0
2024-02-10,S1,Electronics,EL-878,return,2,0
2024-02-10,S1,Apparel,AP-198,return,2,0
2024-02-10,S1,Grocery,GR-587,sale,-6,0
2024-02-10,S1,Grocery,GR-967,sale,-2,0
2024-02-10,S1,Apparel,AP-223,sale,-2,0
2024-02-10,S1,Apparel,AP-197,sale,-2,0
2024-02-10,S1,Electronics,EL-910,sale,-1,0
2024-02-10,S1,Electronics,EL-143,return,2,0
2024-02-10,S1,Grocery,GR-701,receipt,22,0
2024-02-10,S1,Electronics,EL-111,count,0,2
2024-02-10,S1,Home,HO-750,sale,-4,0
2024-02-10,S1,Grocery,GR-297,sale,-3,0
2024-02-10,S1,Apparel,AP-956,receipt,37,0
2024-02-10,S1,Apparel,AP-497,sale,-1,0
2024-02-10,S1,Grocery,GR-399,receipt,60,0
2024-02-10,S2,Home,HO-759,return,3,0
2024-02-10,S2,Home,HO-718,sale,-5,0
2024-02-10,S2,Grocery,GR-179,sale,-3,0
2024-02-10,S2,Home,HO-990,return,3,0
2024-02-10,S2,Home,HO-617,return,1,0
2024-02-10,S2,Electronics,EL-885,count,0,-1
2024-02-10,S2,Grocery,GR-560,count,0,2
2024-02-10,S2,Home,HO-250,count,0,-2
2024-02-10,S2,Home,HO-629,count,0,2
2024-02-10,S2,Electronics,EL-408,sale,-5,0
2024-02-10,S3,Apparel,AP-331,receipt,44,0
2024-02-10,S3,Home,HO-703,sale,-1,0
2024-02-10,S3,Grocery,GR-186,sale,-5,0
2024-02-10,S3,Grocery,GR-764,sale,-1,0
2024-02-10,S3,Grocery,GR-584,return,2,0
2024-02-10,S3,Grocery,GR-317,sale,-3,0
2024-02-10,S3,Electronics,EL-200,return,2,0
2024-02-10,S3,Apparel,AP-224,sale,-6,0
2024-02-10,S3,Electronics,EL-817,receipt,55,0
2024-02-10,S3,Grocery,GR-725,return,2,0
2024-02-10,S3,Electronics,EL-720,sale,-3,0
2024-02-10,S4,Apparel,AP-934,return,1,0
2024-02-10,S4,Grocery,GR-255,receipt,32,0
2024-02-10,S4,Grocery,GR-647,sale,-1,0
2024-02-10,S4,Home,HO-923,receipt,40,0
2024-02-10,S4,Apparel,AP-298,sale,-2,0
2024-02-10,S4,Grocery,GR-290,sale,-4,0
2024-02-10,S4,Grocery,GR-481,sale,-3,0
2024-02-10,S4,Home,HO-286,count,0,1
2024-02-10,S4,Electronics,EL-224,sale,-6,0
2024-02-10,S4,Home,HO-901,count,0,1
2024-02-10,S4,Apparel,AP-857,receipt,23,0
2024-02-10,S5,Home,HO-934,sale,-6,0
2024-02-10,S5,Home,HO-562,return,2,0
2024-02-10,S5,Electronics,EL-799,sale,-6,0
2024-02-10,S5,Grocery,GR-272,sale,-4,0
2024-02-10,S5,Apparel,AP-343,sale,-6,0
2024-02-10,S5,Electronics,EL-318,sale,-1,0
2024-02-10,S5,Electronics,EL-879,return,3,0
2024-02-10,S5,Electronics,EL-830,count,0,1
2024-02-10,S5,Electronics,EL-412,sale,-4,0
2024-02-10,S5,Apparel,AP-327,count,0,1
2024-02-10,S5,Grocery,GR-257,sale,-4,0
2024-02-10,S5,Grocery,GR-901,receipt,15,0
2024-02-10,S5,Home,HO-236,sale,-1,0
2024-02-10,S5,Home,HO-185,sale,-4,0
2024-02-10,S5,Grocery,GR-461,return,1,0
2024-02-11,S1,Electronics,EL-113,receipt,43,0
2024-02-11,S1,Electronics,EL-815,sale,-4,0
2024-02-11,S1,Apparel,AP-991,receipt,36,0
2024-02-11,S1,Apparel,AP-904,return,3,0
2024-02-11,S1,Home,HO-331,sale,-5,0
2024-02-11,S1,Apparel,AP-936,count,0,-2
2024-02-11,S1,Apparel,AP-356,sale,-5,0
2024-02-11,S1,Apparel,AP-182,sale,-6,0
2024-02-11,S1,Electronics,EL-738,sale,-2,0
2024-02-11,S1,Home,HO-783,return,2,0
2024-02-11,S1,Electronics,EL-683,return,3,0
2024-02-11,S1,Grocery,GR-639,sale,-1,0
2024-02-11,S1,Electronics,EL-167,return,2,0
2024-02-11,S2,Home,HO-566,receipt,46,0
2024-02-11,S2,Home,HO-996,sale,-2,0
2024-02-11,S2,Home,HO-185,receipt,56,0
2024-02-11,S2,Apparel,AP-481,sale,-2,0
2024-02-11,S2,Apparel,AP-472,sale,-6,0
2024-02-11,S2,Electronics,EL-834,sale,-4,0
2024-02-11,S2,Home,HO-852,sale,-4,0
2024-02-11,S2,Electronics,EL-530,sale,-4,0
2024-02-11,S2,Home,HO-951,return,3,0
2024-02-11,S2,Home,HO-233,sale,-2,0
2024-02-11,S2,Grocery,GR-704,return,2,0
2024-02-11,S2,Home,HO-791,sale,-3,0
2024-02-11,S2,Apparel,AP-290,return,2,0
2024-02-11,S2,Apparel,AP-168,count,0,0
2024-02-11,S3,Home,HO-292,count,0,1
2024-02-11,S3,Electronics,EL-749,return,3,0
2024-02-11,S3,Home,HO-517,sale,-2,0
2024-02-11,S3,Grocery,GR-133,count,0,2
2024-02-11,S3,Electronics,EL-506,sale,-1,0
2024-02-11,S3,Home,HO-125,sale,-3,0
2024-02-11,S3,Apparel,AP-137,sale,-4,0
2024-02-11,S3,Electronics,EL-235,sale,-6,0
2024-02-11,S3,Apparel,AP-875,return,1,0
2024-02-11,S3,Apparel,AP-593,sale,-6,0
2024-02-11,S3,Apparel,AP-813,return,1,0
2024-02-11,S3,Apparel,AP-161,return,1,0
2024-02-11,S3,Electronics,EL-114,sale,-1,0
2024-02-11,S3,Apparel,AP-862,sale,-3,0
2024-02-11,S3,Electronics,EL-661,sale,-1,0
2024-02-11,S4,Electronics,EL-399,sale,-3,0
2024-02-11,S4,Apparel,AP-670,count,0,1
2024-02-11,S4,Apparel,AP-878,return,2,0
2024-02-11,S4,Electronics,EL-420,sale,-4,0
2024-02-11,S4,Home,HO-688,sale,-2,0
2024-02-11,S4,Grocery,GR-770,return,3,0
2024-02-11,S4,Apparel,AP-951,count,0,2
2024-02-11,S4,Home,HO-467,count,0,-2
2024-02-11,S4,Home,HO-492,sale,-4,0
2024-02-11,S4,Home,HO-168,count,0,1
2024-02-11,S4,Grocery,GR-716,sale,-4,0
2024-02-11,S4,Electronics,EL-475,receipt,26,0
2024-02-11,S4,Home,HO-864,count,0,0
2024-02-11,S5,Apparel,AP-335,sale,-2,0
2024-02-11,S5,Home,HO-789,sale,-5,0
2024-02-11,S5,Home,HO-145,return,2,0
2024-02-11,S5,Electronics,EL-823,return,1,0
2024-02-11,S5,Apparel,AP-914,count,0,-1
2024-02-11,S5,Grocery,GR-372,sale,-3,0
2024-02-11,S5,Apparel,AP-601,sale,-2,0
2024-02-11,S5,Home,HO-738,sale,-5,0
2024-02-11,S5,Grocery,GR-403,sale,-6,0
2024-02-11,S5,Apparel,AP-973,receipt,58,0
2024-02-11,S5,Apparel,AP-311,return,2,0
2024-02-11,S5,Grocery,GR-433,sale,-5,0
2024-02-12,S1,Electronics,EL-610,sale,-1,0
2024-02-12,S1,Grocery,GR-700,sale,-3,0
2024-02-12,S1,Apparel,AP-969,sale,-3,0
2024-02-12,S1,Grocery,GR-747,receipt,58,0
2024-02-12,S1,Apparel,AP-183,sale,-4,0
2024-02-12,S1,Apparel,AP-997,count,0,2
2024-02-12,S1,Home,HO-642,count,0,1
2024-02-12,S1,Grocery,GR-889,sale,-4,0
2024-02-12,S2,Grocery,GR-673,receipt,45,0
2024-02-12,S2,Apparel,AP-611,count,0,0
2024-02-12,S2,Apparel,AP-715,return,3,0
2024-02-12,S2,Electronics,EL-119,receipt,22,0
2024-02-12,S2,Apparel,AP-941,sale,-3,0
2024-02-12,S2,Grocery,GR-590,sale,-2,0
2024-02-12,S2,Apparel,AP-738,receipt,39,0
2024-02-12,S2,Grocery,GR-803,sale,-5,0
2024-02-12,S2,Apparel,AP-717,sale,-2,0
2024-02-12,S2,Electronics,EL-142,sale,-5,0
2024-02-12,S3,Electronics,EL-601,sale,-3,0
2024-02-12,S3,Home,HO-436,return,3,0
2024-02-12,S3,Apparel,AP-599,sale,-3,0
2024-02-12,S3,Grocery,GR-699,return,1,0
2024-02-12,S3,Apparel,AP-872,sale,-6,0
2024-02-12,S3,Apparel,AP-861,sale,-5,0
2024-02-12,S3,Home,HO-975,return,2,0
2024-02-12,S3,Grocery,GR-407,receipt,48,0
2024-02-12,S3,Home,HO-272,sale,-1,0
2024-02-12,S3,Electronics,EL-984,sale,-3,0
2024-02-12,S3,Grocery,GR-904,return,3,0
2024-02-12,S3,Home,HO-720,sale,-2,0
2024-02-12,S4,Apparel,AP-840,count,0,-2
2024-02-12,S4,Electronics,EL-786,sale,-3,0
2024-02-12,S4,Home,HO-786,return,2,0
2024-02-12,S4,Home,HO-310,return,3,0
2024-02-12,S4,Home,HO-484,sale,-5,0
2024-02-12,S4,Grocery,GR-975,return,1,0
2024-02-12,S4,Electronics,EL-449,count,0,0
2024-02-12,S4,Grocery,GR-961,sale,-2,0
2024-02-12,S4,Electronics,EL-636,sale,-5,0
2024-02-12,S4,Home,HO-657,receipt,36,0
2024-02-12,S4,Apparel,AP-585,sale,-2,0
2024-02-12,S4,Electronics,EL-351,sale,-5,0
2024-02-12,S4,Grocery,GR-518,sale,-2,0
2024-02-12,S5,Grocery,GR-328,sale,-4,0
2024-02-12,S5,Grocery,GR-538,return,2,0
2024-02-12,S5,Apparel,AP-430,return,2,0
2024-02-12,S5,Home,HO-234,sale,-5,0
2024-02-12,S5,Electronics,EL-775,sale,-5,0
2024-02-12,S5,Apparel,AP-198,sale,-3,0
2024-02-12,S5,Home,HO-249,sale,-3,0
2024-02-12,S5,Apparel,AP-820,sale,-1,0
2024-02-12,S5,Grocery,GR-365,return,2,0
2024-02-12,S5,Apparel,AP-233,count,0,0
2024-02-13,S1,Electronics,EL-451,sale,-3,0
2024-02-13,S1,Apparel,AP-349,receipt,26,0
2024-02-13,S1,Electronics,EL-257,receipt,30,0
2024-02-13,S1,Home,HO-861,sale,-2,0
2024-02-13,S1,Electronics,EL-233,sale,-5,0
2024-02-13,S1,Electronics,EL-583,sale,-1,0
2024-02-13,S1,Apparel,AP-139,sale,-5,0
2024-02-13,S1,Electronics,EL-570,sale,-2,0
2024-02-13,S1,Electronics,EL-252,return,2,0
2024-02-13,S1,Apparel,AP-623,sale,-4,0
2024-02-13,S1,Home,HO-881,count,0,1
2024-02-13,S2,Electronics,EL-510,count,0,0
2024-02-13,S2,Apparel,AP-986,return,2,0
2024-02-13,S2,Apparel,AP-408,sale,-4,0
2024-02-13,S2,Home,HO-300,receipt,19,0
2024-02-13,S2,Apparel,AP-503,sale,-2,0
2024-02-13,S2,Grocery,GR-699,sale,-4,0
2024-02-13,S2,Grocery,GR-256,sale,-3,0
2024-02-13,S2,Electronics,EL-646,sale,-1,0
2024-02-13,S2,Home,HO-476,return,2,0
2024-02-13,S3,Electronics,EL-432,receipt,28,0
2024-02-13,S3,Apparel,AP-273,receipt,33,0
2024-02-13,S3,Electronics,EL-367,return,1,0
2024-02-13,S3,Grocery,GR-157,sale,-1,0
2024-02-13,S3,Home,HO-178,sale,-5,0
2024-02-13,S3,Electronics,EL-927,sale,-3,0
2024-02-13,S3,Electronics,EL-519,sale,-6,0
2024-02-13,S3,Electronics,EL-487,return,1,0
2024-02-13,S3,Electronics,EL-613,count,0,-4
2024-02-13,S3,Electronics,EL-689,sale,-5,0
2024-02-13,S3,Apparel,AP-810,sale,-6,0
2024-02-13,S4,Electronics,EL-925,return,3,0
2024-02-13,S4,Grocery,GR-196,sale,-6,0
2024-02-13,S4,Apparel,AP-885,count,0,2
2024-02-13,S4,Home,HO-394,sale,-4,0
2024-02-13,S4,Electronics,EL-588,sale,-2,0
2024-02-13,S4,Home,HO-621,count,0,-1
2024-02-13,S4,Grocery,GR-548,receipt,47,0
2024-02-13,S4,Electronics,EL-223,receipt,59,0
2024-02-13,S4,Grocery,GR-698,return,3,0
2024-02-13,S4,Apparel,AP-249,sale,-6,0
2024-02-13,S4,Home,HO-807,count,0,-2
2024-02-13,S4,Grocery,GR-283,sale,-2,0
2024-02-13,S4,Apparel,AP-488,sale,-2,0
2024-02-13,S5,Home,HO-608,return,1,0
2024-02-13,S5,Home,HO-796,sale,-4,0
2024-02-13,S5,Home,HO-915,receipt,20,0
2024-02-13,S5,Home,HO-657,return,3,0
2024-02-13,S5,Grocery,GR-282,count,0,0
2024-02-13,S5,Home,HO-699,count,0,2
2024-02-13,S5,Electronics,EL-213,sale,-6,0
2024-02-13,S5,Grocery,GR-735,return,3,0
2024-02-13,S5,Electronics,EL-443,sale,-2,0
2024-02-13,S5,Apparel,AP-552,sale,-1,0
2024-02-13,S5,Grocery,GR-920,sale,-5,0
2024-02-13,S5,Apparel,AP-906,sale,-2,0
2024-02-14,S1,Electronics,EL-129,return,2,0
2024-02-14,S1,Electronics,EL-880,count,0,-1
2024-02-14,S1,Apparel,AP-184,sale,-1,0
2024-02-14,S1,Home,HO-235,sale,-1,0
2024-02-14,S1,Grocery,GR-293,return,3,0
2024-02-14,S1,Grocery,GR-930,sale,-1,0
2024-02-14,S1,Grocery,GR-725,sale,-1,0
2024-02-14,S1,Apparel,AP-378,count,0,2
2024-02-14,S1,Apparel,AP-656,return,2,0
2024-02-14,S1,Home,HO-595,sale,-1,0
2024-02-14,S1,Grocery,GR-804,sale,-2,0
2024-02-14,S2,Electronics,EL-751,return,3,0
2024-02-14,S2,Apparel,AP-494,receipt,46,0
2024-02-14,S2,Home,HO-478,sale,-4,0
2024-02-14,S2,Home,HO-808,count,0,1
2024-02-14,S2,Grocery,GR-576,sale,-1,0
2024-02-14,S2,Home,HO-747,return,3,0
2024-02-14,S2,Home,HO-565,count,0,-2
2024-02-14,S2,Home,HO-133,sale,-6,0
2024-02-14,S2,Grocery,GR-485,receipt,20,0
2024-02-14,S2,Apparel,AP-754,return,1,0
2024-02-14,S2,Home,HO-381,receipt,52,0
2024-02-14,S2,Electronics,EL-151,return,3,0
2024-02-14,S2,Electronics,EL-526,sale,-5,0
2024-02-14,S2,Grocery,GR-526,sale,-4,0
2024-02-14,S2,Electronics,EL-570,receipt,14,0
2024-02-14,S3,Apparel,AP-662,sale,-2,0
2024-02-14,S3,Apparel,AP-879,sale,-2,0
2024-02-14,S3,Electronics,EL-766,return,1,0
2024-02-14,S3,Apparel,AP-376,return,1,0
2024-02-14,S3,Electronics,EL-374,sale,-1,0
2024-02-14,S3,Home,HO-138,sale,-5,0
2024-02-14,S3,Apparel,AP-634,receipt,52,0
2024-02-14,S3,Electronics,EL-146,sale,-1,0
2024-02-14,S3,Apparel,AP-899,count,0,-2
2024-02-14,S3,Grocery,GR-688,count,0,2
2024-02-14,S3,Apparel,AP-595,return,2,0
2024-02-14,S3,Electronics,EL-669,receipt,18,0
2024-02-14,S4,Electronics,EL-231,sale,-5,0
2024-02-14,S4,Apparel,AP-547,return,3,0
2024-02-14,S4,Electronics,EL-824,return,1,0
2024-02-14,S4,Home,HO-850,sale,-5,0
2024-02-14,S4,Grocery,GR-346,return,1,0
2024-02-14,S4,Home,HO-505,sale,-4,0
2024-02-14,S4,Apparel,AP-503,sale,-5,0
2024-02-14,S4,Electronics,EL-639,return,2,0
2024-02-14,S4,Grocery,GR-582,sale,-1,0
2024-02-14,S4,Apparel,AP-337,return,3,0
2024-02-14,S4,Apparel,AP-970,receipt,10,0
2024-02-14,S4,Apparel,AP-529,receipt,54,0
2024-02-14,S4,Grocery,GR-666,sale,-1,0
2024-02-14,S4,Electronics,EL-961,count,0,-2
2024-02-14,S4,Electronics,EL-465,sale,-4,0
2024-02-14,S4,Grocery,GR-150,receipt,36,0
2024-02-14,S5,Apparel,AP-631,sale,-1,0
2024-02-14,S5,Electronics,EL-556,return,1,0
2024-02-14,S5,Grocery,GR-928,return,1,0
2024-02-14,S5,Apparel,AP-319,sale,-4,0
2024-02-14,S5,Grocery,GR-864,sale,-2,0
2024-02-14,S5,Electronics,EL-479,receipt,47,0
2024-02-14,S5,Apparel,AP-479,sale,-4,0
2024-02-14,S5,Apparel,AP-123,count,0,-2
2024-02-14,S5,Electronics,EL-274,receipt,26,0
2024-02-14,S5,Grocery,GR-777,count,0,0
2024-02-15,S1,Grocery,GR-976,count,0,1
2024-02-15,S1,Home,HO-395,sale,-5,0
2024-02-15,S1,Home,HO-985,return,2,0
2024-02-15,S1,Electronics,EL-968,sale,-1,0
2024-02-15,S1,Electronics,EL-205,return,3,0
2024-02-15,S1,Electronics,EL-989,return,1,0
2024-02-15,S1,Grocery,GR-515,sale,-6,0
2024-02-15,S1,Electronics,EL-771,count,0,2
2024-02-15,S1,Home,HO-569,sale,-1,0
2024-02-15,S1,Home,HO-404,return,2,0
2024-02-15,S2,Electronics,EL-758,return,2,0
2024-02-15,S2,Apparel,AP-948,count,0,1
2024-02-15,S2,Grocery,GR-849,sale,-6,0
2024-02-15,S2,Electronics,EL-868,sale,-1,0
2024-02-15,S2,Grocery,GR-940,receipt,48,0
2024-02-15,S2,Electronics,EL-733,sale,-4,0
2024-02-15,S2,Home,HO-614,sale,-1,0
2024-02-15,S2,Home,HO-646,sale,-3,0
2024-02-15,S3,Grocery,GR-958,sale,-4,0
2024-02-15,S3,Grocery,GR-608,sale,-3,0
2024-02-15,S3,Grocery,GR-169,sale,-4,0
2024-02-15,S3,Grocery,GR-149,receipt,57,0
2024-02-15,S3,Grocery,GR-671,sale,-2,0
2024-02-15,S3,Home,HO-840,count,0,0
2024-02-15,S3,Electronics,EL-648,sale,-3,0
2024-02-15,S3,Home,HO-171,receipt,27,0
2024-02-15,S3,Home,HO-987,return,2,0
2024-02-15,S3,Apparel,AP-531,count,0,0
2024-02-15,S3,Electronics,EL-960,sale,-6,0
2024-02-15,S3,Electronics,EL-298,sale,-5,0
2024-02-15,S3,Electronics,EL-480,sale,-5,0
2024-02-15,S3,Electronics,EL-515,sale,-3,0
2024-02-15,S3,Electronics,EL-842,sale,-3,0
2024-02-15,S4,Apparel,AP-945,sale,-1,0
2024-02-15,S4,Home,HO-431,count,0,-1
2024-02-15,S4,Apparel,AP-108,count,0,0
2024-02-15,S4,Apparel,AP-942,return,3,0
2024-02-15,S4,Grocery,GR-910,receipt,43,0
2024-02-15,S4,Home,HO-452,return,1,0
2024-02-15,S4,Apparel,AP-533,sale,-5,0
2024-02-15,S4,Grocery,GR-852,receipt,40,0
2024-02-15,S4,Apparel,AP-596,sale,-6,0
2024-02-15,S4,Apparel,AP-714,sale,-6,0
2024-02-15,S4,Electronics,EL-662,sale,-3,0
2024-02-15,S4,Electronics,EL-753,return,2,0
2024-02-15,S4,Grocery,GR-797,receipt,11,0
2024-02-15,S4,Electronics,EL-336,sale,-5,0
2024-02-15,S4,Apparel,AP-588,sale,-6,0
2024-02-15,S4,Home,HO-360,sale,-4,0
2024-02-15,S5,Apparel,AP-200,sale,-6,0
2024-02-15,S5,Electronics,EL-417,return,3,0
2024-02-15,S5,Electronics,EL-141,return,1,0
2024-02-15,S5,Apparel,AP-203,count,0,2
2024-02-15,S5,Home,HO-792,sale,-5,0
2024-02-15,S5,Electronics,EL-745,sale,-3,0
2024-02-15,S5,Grocery,GR-374,sale,-1,0
2024-02-15,S5,Home,HO-681,sale,-3,0
2024-02-15,S5,Home,HO-168,sale,-6,0
2024-02-15,S5,Home,HO-567,count,0,-1
2024-02-15,S5,Grocery,GR-620,receipt,15,0
2024-02-15,S5,Apparel,AP-489,return,2,0
2024-02-15,S5,Electronics,EL-894,count,0,-1
2024-02-16,S1,Grocery,GR-968,sale,-1,0
2024-02-16,S1,Grocery,GR-804,return,3,0
2024-02-16,S1,Grocery,GR-575,sale,-6,0
2024-02-16,S1,Grocery,GR-569,receipt,45,0
2024-02-16,S1,Electronics,EL-330,sale,-2,0
2024-02-16,S1,Electronics,EL-273,return,1,0
2024-02-16,S1,Apparel,AP-743,receipt,14,0
2024-02-16,S1,Apparel,AP-536,receipt,34,0
2024-02-16,S1,Apparel,AP-771,return,1,0
2024-02-16,S1,Electronics,EL-372,count,0,2
2024-02-16,S2,Grocery,GR-750,sale,-2,0
2024-02-16,S2,Apparel,AP-391,sale,-4,0
2024-02-16,S2,Grocery,GR-473,sale,-3,0
2024-02-16,S2,Grocery,GR-130,receipt,37,0
2024-02-16,S2,Grocery,GR-990,receipt,53,0
2024-02-16,S2,Apparel,AP-683,sale,-5,0
2024-02-16,S2,Grocery,GR-961,sale,-5,0
2024-02-16,S2,Grocery,GR-672,sale,-5,0
2024-02-16,S3,Grocery,GR-389,sale,-5,0
2024-02-16,S3,Home,HO-821,receipt,16,0
2024-02-16,S3,Grocery,GR-571,sale,-2,0
2024-02-16,S3,Home,HO-247,count,0,2
2024-02-16,S3,Electronics,EL-647,return,3,0
2024-02-16,S3,Apparel,AP-271,sale,-3,0
2024-02-16,S3,Home,HO-503,receipt,50,0
2024-02-16,S3,Electronics,EL-837,receipt,45,0
2024-02-16,S3,Home,HO-900,sale,-2,0
2024-02-16,S3,Grocery,GR-188,return,1,0
2024-02-16,S3,Grocery,GR-137,sale,-2,0
2024-02-16,S3,Apparel,AP-777,sale,-5,0
2024-02-16,S3,Electronics,EL-657,sale,-3,0
2024-02-16,S3,Home,HO-827,count,0,-1
2024-02-16,S4,Electronics,EL-245,count,0,-1
2024-02-16,S4,Home,HO-537,sale,-2,0
2024-02-16,S4,Grocery,GR-941,receipt,33,0
2024-02-16,S4,Apparel,AP-211,count,0,2
2024-02-16,S4,Home,HO-270,count,0,-2
2024-02-16,S4,Apparel,AP-224,return,1,0
2024-02-16,S4,Home,HO-510,return,2,0
2024-02-16,S4,Grocery,GR-601,receipt,38,0
2024-02-16,S4,Home,HO-913,sale,-1,0
2024-02-16,S4,Home,HO-887,return,2,0
2024-02-16,S4,Home,HO-735,return,2,0
2024-02-16,S4,Home,HO-175,return,1,0
2024-02-16,S5,Home,HO-574,receipt,21,0
2024-02-16,S5,Grocery,GR-952,return,2,0
2024-02-16,S5,Home,HO-731,receipt,60,0
2024-02-16,S5,Electronics,EL-525,return,2,0
2024-02-16,S5,Home,HO-959,count,0,0
2024-02-16,S5,Home,HO-859,sale,-5,0
2024-02-16,S5,Electronics,EL-487,return,1,0
2024-02-16,S5,Electronics,EL-382,count,0,1
2024-02-16,S5,Grocery,GR-996,sale,-4,0
2024-02-17,S1,Electronics,EL-932,receipt,29,0
2024-02-17,S1,Apparel,AP-350,return,2,0
2024-02-17,S1,Electronics,EL-343,receipt,34,0
2024-02-17,S1,Apparel,AP-168,sale,-1,0
2024-02-17,S1,Home,HO-149,sale,-2,0
2024-02-17,S1,Electronics,EL-144,sale,-3,0
2024-02-17,S1,Electronics,EL-390,sale,-3,0
2024-02-17,S1,Electronics,EL-224,sale,-3,0
2024-02-17,S1,Apparel,AP-216,sale,-1,0
2024-02-17,S1,Apparel,AP-967,sale,-3,0
2024-02-17,S1,Grocery,GR-964,sale,-6,0
2024-02-17,S1,Home,HO-686,sale,-1,0
2024-02-17,S1,Apparel,AP-512,return,1,0
2024-02-17,S1,Electronics,EL-969,count,0,1
2024-02-17,S1,Electronics,EL-519,return,1,0
2024-02-17,S1,Home,HO-781,sale,-2,0
2024-02-17,S2,Grocery,GR-402,sale,-3,0
2024-02-17,S2,Apparel,AP-162,return,3,0
2024-02-17,S2,Apparel,AP-355,sale,-5,0
2024-02-17,S2,Apparel,AP-733,receipt,34,0
2024-02-17,S2,Electronics,EL-252,sale,-4,0
2024-02-17,S2,Electronics,EL-569,receipt,57,0
2024-02-17,S2,Apparel,AP-838,sale,-6,0
2024-02-17,S2,Electronics,EL-373,sale,-1,0
2024-02-17,S2,Apparel,AP-748,sale,-2,0
2024-02-17,S2,Home,HO-937,receipt,43,0
2024-02-17,S2,Grocery,GR-921,count,0,-2
2024-02-17,S2,Home,HO-612,receipt,15,0
2024-02-17,S2,Electronics,EL-975,count,0,2
2024-02-17,S2,Grocery,GR-939,receipt,41,0
2024-02-17,S2,Grocery,GR-139,count,0,-2
2024-02-17,S3,Grocery,GR-111,sale,-4,0
2024-02-17,S3,Grocery,GR-852,return,3,0
2024-02-17,S3,Grocery,GR-718,sale,-2,0
2024-02-17,S3,Electronics,EL-638,return,1,0
2024-02-17,S3,Apparel,AP-925,sale,-4,0
2024-02-17,S3,Electronics,EL-756,sale,-4,0
2024-02-17,S3,Home,HO-720,sale,-1,0
2024-02-17,S3,Electronics,EL-171,sale,-1,0
2024-02-17,S3,Electronics,EL-772,count,0,-2
2024-02-17,S3,Electronics,EL-261,sale,-2,0
2024-02-17,S3,Home,HO-616,receipt,56,0
2024-02-17,S3,Grocery,GR-644,sale,-1,0
2024-02-17,S3,Home,HO-993,sale,-5,0
2024-02-17,S3,Grocery,GR-448,receipt,32,0
2024-02-17,S3,Apparel,AP-223,sale,-4,0
2024-02-17,S3,Home,HO-705,sale,-3,0
2024-02-17,S4,Grocery,GR-964,return,2,0
2024-02-17,S4,Grocery,GR-396,sale,-3,0
2024-02-17,S4,Apparel,AP-292,sale,-3,0
2024-02-17,S4,Electronics,EL-774,count,0,1
2024-02-17,S4,Apparel,AP-259,sale,-2,0
2024-02-17,S4,Home,HO-996,count,0,-1
2024-02-17,S4,Grocery,GR-571,sale,-3,0
2024-02-17,S4,Apparel,AP-838,receipt,28,0
2024-02-17,S4,Grocery,GR-261,return,2,0
2024-02-17,S4,Home,HO-676,sale,-1,0
2024-02-17,S4,Electronics,EL-305,sale,-6,0
2024-02-17,S4,Apparel,AP-876,return,2,0
2024-02-17,S4,Electronics,EL-235,receipt,19,0
2024-02-17,S5,Apparel,AP-797,count,0,0
2024-02-17,S5,Grocery,GR-437,sale,-3,0
2024-02-17,S5,Electronics,EL-954,sale,-2,0
2024-02-17,S5,Electronics,EL-956,receipt,12,0
2024-02-17,S5,Electronics,EL-500,count,0,-1
2024-02-17,S5,Home,HO-733,sale,-3,0
2024-02-17,S5,Apparel,AP-325,sale,-5,0
2024-02-17,S5,Electronics,EL-955,return,3,0
2024-02-17,S5,Home,HO-152,count,0,1
2024-02-17,S5,Electronics,EL-429,return,2,0
2024-02-17,S5,Grocery,GR-846,count,0,0
2024-02-17,S5,Electronics,EL-391,sale,-1,0
2024-02-17,S5,Home,HO-478,count,0,-2
2024-02-17,S5,Grocery,GR-378,sale,-6,0
2024-02-18,S1,Grocery,GR-780,receipt,24,0
2024-02-18,S1,Apparel,AP-474,count,0,-1
2024-02-18,S1,Electronics,EL-999,sale,-2,0
2024-02-18,S1,Home,HO-772,sale,-5,0
2024-02-18,S1,Grocery,GR-944,receipt,13,0
2024-02-18,S1,Grocery,GR-523,sale,-2,0
2024-02-18,S1,Home,HO-799,return,3,0
2024-02-18,S1,Electronics,EL-925,return,1,0
2024-02-18,S2,Home,HO-965,receipt,56,0
2024-02-18,S2,Electronics,EL-532,return,2,0
2024-02-18,S2,Grocery,GR-351,sale,-6,0
2024-02-18,S2,Grocery,GR-882,sale,-4,0
2024-02-18,S2,Home,HO-971,sale,-4,0
2024-02-18,S2,Grocery,GR-881,receipt,19,0
2024-02-18,S2,Home,HO-878,sale,-1,0
2024-02-18,S2,Grocery,GR-552,sale,-6,0
2024-02-18,S2,Electronics,EL-699,return,1,0
2024-02-18,S2,Home,HO-781,return,1,0
2024-02-18,S2,Apparel,AP-559,sale,-3,0
2024-02-18,S2,Home,HO-261,sale,-5,0
2024-02-18,S2,Grocery,GR-210,sale,-4,0
2024-02-18,S3,Grocery,GR-381,receipt,13,0
2024-02-18,S3,Grocery,GR-157,return,2,0
2024-02-18,S3,Apparel,AP-509,receipt,19,0
2024-02-18,S3,Grocery,GR-494,return,1,0
2024-02-18,S3,Grocery,GR-325,count,0,-2
2024-02-18,S3,Grocery,GR-628,sale,-2,0
2024-02-18,S3,Apparel,AP-897,receipt,57,0
2024-02-18,S3,Apparel,AP-933,sale,-3,0
2024-02-18,S3,Apparel,AP-281,receipt,10,0
2024-02-18,S3,Apparel,AP-791,receipt,12,0
2024-02-18,S3,Home,HO-559,return,2,0
2024-02-18,S3,Apparel,AP-145,sale,-6,0
2024-02-18,S4,Apparel,AP-123,receipt,47,0
2024-02-18,S4,Apparel,AP-113,sale,-3,0
2024-02-18,S4,Home,HO-913,receipt,52,0
2024-02-18,S4,Grocery,GR-619,receipt,29,0
2024-02-18,S4,Electronics,EL-987,receipt,41,0
2024-02-18,S4,Grocery,GR-703,receipt,29,0
2024-02-18,S4,Apparel,AP-524,sale,-5,0
2024-02-18,S4,Grocery,GR-135,sale,-3,0
2024-02-18,S4,Electronics,EL-155,sale,-2,0
2024-02-18,S4,Grocery,GR-394,sale,-2,0
2024-02-18,S4,Electronics,EL-122,count,0,2
2024-02-18,S5,Electronics,EL-583,sale,-6,0
2024-02-18,S5,Home,HO-672,receipt,26,0
2024-02-18,S5,Apparel,AP-739,sale,-6,0
2024-02-18,S5,Home,HO-888,return,3,0
2024-02-18,S5,Home,HO-614,return,3,0
2024-02-18,S5,Electronics,EL-838,sale,-3,0
2024-02-18,S5,Grocery,GR-636,sale,-2,0
2024-02-18,S5,Electronics,EL-430,sale,-4,0
2024-02-18,S5,Apparel,AP-252,sale,-1,0
2024-02-18,S5,Electronics,EL-774,return,3,0
2024-02-18,S5,Apparel,AP-678,count,0,-1
2024-02-18,S5,Grocery,GR-319,count,0,-2
2024-02-18,S5,Home,HO-279,sale,-1,0
2024-02-19,S1,Grocery,GR-249,sale,-5,0
2024-02-19,S1,Electronics,EL-678,sale,-4,0
2024-02-19,S1,Electronics,EL-429,receipt,55,0
2024-02-19,S1,Home,HO-275,sale,-3,0
2024-02-19,S1,Home,HO-273,return,2,0
2024-02-19,S1,Apparel,AP-700,count,0,1
2024-02-19,S1,Electronics,EL-823,count,0,1
2024-02-19,S1,Apparel,AP-234,sale,-1,0
2024-02-19,S1,Electronics,EL-520,count,0,-2
2024-02-19,S1,Apparel,AP-749,sale,-2,0
2024-02-19,S1,Home,HO-290,sale,-2,0
2024-02-19,S1,Grocery,GR-213,sale,-1,0
2024-02-19,S1,Electronics,EL-120,sale,-4,0
2024-02-19,S1,Electronics,EL-104,sale,-2,0
2024-02-19,S1,Grocery,GR-655,return,2,0
2024-02-19,S2,Electronics,EL-231,receipt,45,0
2024-02-19,S2,Apparel,AP-398,count,0,1
2024-02-19,S2,Electronics,EL-449,receipt,41,0
2024-02-19,S2,Electronics,EL-468,return,1,0
2024-02-19,S2,Home,HO-478,receipt,17,0
2024-02-19,S2,Home,HO-852,sale,-1,0
2024-02-19,S2,Home,HO-177,receipt,16,0
2024-02-19,S2,Electronics,EL-671,sale,-6,0
2024-02-19,S2,Grocery,GR-837,sale,-6,0
2024-02-19,S2,Electronics,EL-309,receipt,25,0
2024-02-19,S2,Grocery,GR-635,return,1,0
2024-02-19,S3,Grocery,GR-623,count,0,-1
2024-02-19,S3,Grocery,GR-646,sale,-2,0
2024-02-19,S3,Home,HO-458,sale,-6,0
2024-02-19,S3,Electronics,EL-663,return,3,0
2024-02-19,S3,Grocery,GR-544,sale,-2,0
2024-02-19,S3,Electronics,EL-223,sale,-4,0
2024-02-19,S3,Apparel,AP-646,sale,-5,0
2024-02-19,S3,Grocery,GR-857,sale,-5,0
2024-02-19,S3,Home,HO-343,receipt,11,0
2024-02-19,S3,Electronics,EL-284,count,0,-6
2024-02-19,S4,Grocery,GR-912,sale,-5,0
2024-02-19,S4,Apparel,AP-306,return,1,0
2024-02-19,S4,Apparel,AP-837,count,0,0
2024-02-19,S4,Apparel,AP-730,receipt,33,0
2024-02-19,S4,Electronics,EL-822,return,2,0
2024-02-19,S4,Apparel,AP-220,receipt,10,0
2024-02-19,S4,Home,HO-869,receipt,60,0
2024-02-19,S4,Grocery,GR-814,sale,-5,0
2024-02-19,S4,Electronics,EL-241,return,3,0
2024-02-19,S5,Electronics,EL-650,receipt,32,0
2024-02-19,S5,Grocery,GR-611,sale,-6,0
2024-02-19,S5,Apparel,AP-744,sale,-5,0
2024-02-19,S5,Home,HO-265,return,2,0
2024-02-19,S5,Home,HO-659,count,0,2
2024-02-19,S5,Apparel,AP-409,return,3,0
2024-02-19,S5,Apparel,AP-265,return,2,0
2024-02-19,S5,Apparel,AP-133,sale,-3,0
2024-02-19,S5,Home,HO-347,receipt,40,0
2024-02-20,S1,Grocery,GR-935,sale,-3,0
2024-02-20,S1,Home,HO-125,sale,-2,0
2024-02-20,S1,Apparel,AP-271,return,1,0
2024-02-20,S1,Electronics,EL-852,sale,-2,0
2024-02-20,S1,Electronics,EL-884,receipt,56,0
2024-02-20,S1,Apparel,AP-487,sale,-2,0
2024-02-20,S1,Apparel,AP-122,return,3,0
2024-02-20,S1,Apparel,AP-787,count,0,-2
2024-02-20,S1,Apparel,AP-579,sale,-2,0
2024-02-20,S1,Grocery,GR-334,sale,-5,0
2024-02-20,S2,Home,HO-640,receipt,44,0
2024-02-20,S2,Apparel,AP-146,count,0,-2
2024-02-20,S2,Grocery,GR-294,sale,-5,0
2024-02-20,S2,Grocery,GR-389,count,0,2
2024-02-20,S2,Electronics,EL-677,sale,-5,0
2024-02-20,S2,Electronics,EL-659,receipt,56,0
2024-02-20,S2,Apparel,AP-569,sale,-2,0
2024-02-20,S2,Grocery,GR-486,count,0,-1
2024-02-20,S2,Electronics,EL-727,receipt,50,0
2024-02-20,S2,Grocery,GR-232,count,0,0
2024-02-20,S2,Home,HO-651,count,0,0
2024-02-20,S2,Apparel,AP-690,receipt,27,0
2024-02-20,S3,Home,HO-893,sale,-4,0
2024-02-20,S3,Electronics,EL-862,receipt,45,0
2024-02-20,S3,Home,HO-452,sale,-4,0
2024-02-20,S3,Grocery,GR-855,sale,-1,0
2024-02-20,S3,Home,HO-699,sale,-3,0
2024-02-20,S3,Grocery,GR-993,sale,-3,0
2024-02-20,S3,Grocery,GR-225,return,1,0
2024-02-20,S3,Electronics,EL-995,sale,-3,0
2024-02-20,S3,Electronics,EL-307,sale,-6,0
2024-02-20,S3,Grocery,GR-651,sale,-2,0
2024-02-20,S3,Electronics,EL-935,sale,-3,0
2024-02-20,S4,Electronics,EL-154,count,0,-1
2024-02-20,S4,Apparel,AP-480,return,3,0
2024-02-20,S4,Electronics,EL-462,sale,-3,0
2024-02-20,S4,Grocery,GR-834,sale,-3,0
2024-02-20,S4,Grocery,GR-434,return,3,0
2024-02-20,S4,Grocery,GR-863,return,3,0
2024-02-20,S4,Apparel,AP-751,sale,-3,0
2024-02-20,S4,Electronics,EL-975,sale,-1,0
2024-02-20,S4,Electronics,EL-979,return,3,0
2024-02-20,S5,Electronics,EL-526,count,0,1
2024-02-20,S5,Apparel,AP-579,return,3,0
2024-02-20,S5,Apparel,AP-719,receipt,23,0
2024-02-20,S5,Electronics,EL-617,sale,-3,0
2024-02-20,S5,Electronics,EL-248,sale,-6,0
2024-02-20,S5,Apparel,AP-475,return,3,0
2024-02-20,S5,Apparel,AP-682,receipt,15,0
2024-02-20,S5,Grocery,GR-110,count,0,0
2024-02-20,S5,Electronics,EL-764,return,2,0
2024-02-21,S1,Grocery,GR-100,sale,-1,0
2024-02-21,S1,Home,HO-510,sale,-4,0
2024-02-21,S1,Home,HO-618,sale,-4,0
2024-02-21,S1,Grocery,GR-331,sale,-4,0
2024-02-21,S1,Apparel,AP-820,sale,-6,0
2024-02-21,S1,Grocery,GR-314,sale,-6,0
2024-02-21,S1,Grocery,GR-299,sale,-2,0
2024-02-21,S1,Grocery,GR-813,count,0,-2
2024-02-21,S1,Electronics,EL-661,sale,-1,0
2024-02-21,S1,Electronics,EL-597,return,1,0
2024-02-21,S1,Grocery,GR-538,sale,-6,0
2024-02-21,S1,Grocery,GR-107,sale,-6,0
2024-02-21,S1,Apparel,AP-335,return,1,0
2024-02-21,S1,Home,HO-944,sale,-6,0
2024-02-21,S1,Electronics,EL-513,sale,-4,0
2024-02-21,S2,Grocery,GR-279,sale,-4,0
2024-02-21,S2,Electronics,EL-945,sale,-4,0
2024-02-21,S2,Apparel,AP-697,sale,-1,0
2024-02-21,S2,Home,HO-605,sale,-5,0
2024-02-21,S2,Grocery,GR-432,count,0,0
2024-02-21,S2,Grocery,GR-863,sale,-2,0
2024-02-21,S2,Apparel,AP-336,count,0,0
2024-02-21,S2,Grocery,GR-890,sale,-6,0
2024-02-21,S2,Home,HO-784,sale,-2,0
2024-02-21,S2,Electronics,EL-434,receipt,35,0
2024-02-21,S2,Grocery,GR-762,return,2,0
2024-02-21,S2,Grocery,GR-285,return,1,0
2024-02-21,S2,Apparel,AP-156,sale,-6,0
2024-02-21,S3,Electronics,EL-509,sale,-3,0
2024-02-21,S3,Apparel,AP-520,sale,-5,0
2024-02-21,S3,Home,HO-315,count,0,-1
2024-02-21,S3,Electronics,EL-636,receipt,36,0
2024-02-21,S3,Home,HO-127,count,0,0
2024-02-21,S3,Grocery,GR-320,return,1,0
2024-02-21,S3,Electronics,EL-259,count,0,-4
2024-02-21,S3,Grocery,GR-734,sale,-5,0
2024-02-21,S4,Apparel,AP-661,return,1,0
2024-02-21,S4,Electronics,EL-138,return,3,0
2024-02-21,S4,Grocery,GR-391,return,1,0
2024-02-21,S4,Grocery,GR-922,count,0,2
2024-02-21,S4,Apparel,AP-276,sale,-4,0
2024-02-21,S4,Apparel,AP-601,return,2,0
2024-02-21,S4,Electronics,EL-683,return,3,0
2024-02-21,S4,Home,HO-480,sale,-4,0
2024-02-21,S4,Grocery,GR-807,receipt,31,0
2024-02-21,S4,Home,HO-931,sale,-3,0
2024-02-21,S4,Apparel,AP-685,sale,-3,0
2024-02-21,S5,Home,HO-895,receipt,27,0
2024-02-21,S5,Grocery,GR-186,sale,-2,0
2024-02-21,S5,Apparel,AP-660,count,0,0
2024-02-21,S5,Apparel,AP-349,sale,-4,0
2024-02-21,S5,Grocery,GR-837,sale,-3,0
2024-02-21,S5,Apparel,AP-967,sale,-1,0
2024-02-21,S5,Grocery,GR-927,receipt,36,0
2024-02-21,S5,Home,HO-736,sale,-1,0
2024-02-21,S5,Home,HO-813,receipt,47,0
2024-02-21,S5,Apparel,AP-812,count,0,0
2024-02-21,S5,Electronics,EL-324,sale,-4,0
2024-02-21,S5,Grocery,GR-809,sale,-5,0
2024-02-21,S5,Electronics,EL-204,sale,-1,0
2024-02-22,S1,Apparel,AP-680,sale,-4,0
2024-02-22,S1,Electronics,EL-539,count,0,2
2024-02-22,S1,Home,HO-901,sale,-3,0
2024-02-22,S1,Grocery,GR-385,sale,-6,0
2024-02-22,S1,Electronics,EL-302,sale,-4,0
2024-02-22,S1,Electronics,EL-785,count,0,-1
2024-02-22,S1,Home,HO-241,receipt,24,0
2024-02-22,S1,Apparel,AP-584,return,3,0
2024-02-22,S1,Electronics,EL-192,sale,-4,0
2024-02-22,S1,Electronics,EL-872,receipt,24,0
2024-02-22,S1,Grocery,GR-452,sale,-6,0
2024-02-22,S1,Apparel,AP-412,sale,-6,0
2024-02-22,S2,Electronics,EL-500,sale,-4,0
2024-02-22,S2,Home,HO-104,sale,-2,0
2024-02-22,S2,Electronics,EL-735,sale,-1,0
2024-02-22,S2,Home,HO-801,return,1,0
2024-02-22,S2,Apparel,AP-159,receipt,27,0
2024-02-22,S2,Grocery,GR-954,sale,-2,0
2024-02-22,S2,Apparel,AP-270,sale,-3,0
2024-02-22,S2,Apparel,AP-794,count,0,0
2024-02-22,S2,Grocery,GR-277,count,0,1
2024-02-22,S2,Apparel,AP-840,sale,-2,0
2024-02-22,S2,Apparel,AP-246,sale,-2,0
2024-02-22,S2,Grocery,GR-356,sale,-1,0
2024-02-22,S3,Electronics,EL-730,receipt,44,0
2024-02-22,S3,Apparel,AP-600,return,1,0
2024-02-22,S3,Electronics,EL-384,sale,-3,0
2024-02-22,S3,Apparel,AP-457,receipt,26,0
2024-02-22,S3,Electronics,EL-992,return,1,0
2024-02-22,S3,Apparel,AP-828,receipt,46,0
2024-02-22,S3,Grocery,GR-422,count,0,2
2024-02-22,S3,Apparel,AP-614,receipt,17,0
2024-02-22,S3,Electronics,EL-886,sale,-2,0
2024-02-22,S3,Electronics,EL-446,count,0,-2
2024-02-22,S4,Electronics,EL-111,sale,-2,0
2024-02-22,S4,Home,HO-804,receipt,17,0
2024-02-22,S4,Home,HO-649,receipt,35,0
2024-02-22,S4,Grocery,GR-640,sale,-1,0
2024-02-22,S4,Home,HO-334,sale,-2,0
2024-02-22,S4,Apparel,AP-628,sale,-6,0
2024-02-22,S4,Grocery,GR-288,receipt,32,0
2024-02-22,S4,Home,HO-156,sale,-5,0
2024-02-22,S4,Apparel,AP-348,sale,-1,0
2024-02-22,S4,Apparel,AP-319,receipt,49,0
2024-02-22,S4,Home,HO-168,sale,-2,0
2024-02-22,S5,Electronics,EL-629,return,3,0
2024-02-22,S5,Apparel,AP-924,count,0,0
2024-02-22,S5,Home,HO-750,count,0,-2
2024-02-22,S5,Electronics,EL-587,receipt,55,0
2024-02-22,S5,Grocery,GR-997,receipt,15,0
2024-02-22,S5,Home,HO-953,receipt,38,0
2024-02-22,S5,Apparel,AP-593,sale,-6,0
2024-02-22,S5,Grocery,GR-884,count,0,2
2024-02-22,S5,Home,HO-998,sale,-1,0
2024-02-22,S5,Apparel,AP-713,sale,-6,0
2024-02-22,S5,Apparel,AP-117,sale,-4,0
2024-02-22,S5,Electronics,EL-757,sale,-2,0
2024-02-22,S5,Electronics,EL-968,receipt,57,0
2024-02-22,S5,Electronics,EL-784,sale,-6,0
2024-02-23,S1,Home,HO-472,return,2,0
2024-02-23,S1,Electronics,EL-963,sale,-3,0
2024-02-23,S1,Apparel,AP-638,sale,-4,0
2024-02-23,S1,Electronics,EL-777,receipt,38,0
2024-02-23,S1,Home,HO-460,sale,-6,0
2024-02-23,S1,Electronics,EL-593,sale,-2,0
2024-02-23,S1,Grocery,GR-606,sale,-1,0
2024-02-23,S1,Electronics,EL-248,sale,-2,0
2024-02-23,S1,Grocery,GR-253,receipt,30,0
2024-02-23,S1,Electronics,EL-374,sale,-3,0
2024-02-23,S1,Electronics,EL-710,count,0,2
2024-02-23,S1,Apparel,AP-758,sale,-6,0
2024-02-23,S1,Home,HO-776,sale,-5,0
2024-02-23,S1,Grocery,GR-339,receipt,56,0
2024-02-23,S1,Apparel,AP-919,sale,-3,0
2024-02-23,S2,Electronics,EL-661,sale,-4,0
2024-02-23,S2,Home,HO-889,sale,-6,0
2024-02-23,S2,Home,HO-460,sale,-6,0
2024-02-23,S2,Electronics,EL-737,sale,-3,0
2024-02-23,S2,Apparel,AP-710,count,0,-2
2024-02-23,S2,Electronics,EL-481,receipt,30,0
2024-02-23,S2,Grocery,GR-393,sale,-5,0
2024-02-23,S2,Apparel,AP-780,sale,-4,0
2024-02-23,S2,Electronics,EL-304,sale,-1,0
2024-02-23,S2,Home,HO-124,receipt,56,0
2024-02-23,S2,Electronics,EL-611,sale,-4,0
2024-02-23,S2,Home,HO-980,receipt,25,0
2024-02-23,S3,Home,HO-844,return,3,0
2024-02-23,S3,Apparel,AP-723,return,1,0
2024-02-23,S3,Grocery,GR-912,sale,-4,0
2024-02-23,S3,Home,HO-629,sale,-6,0
2024-02-23,S3,Apparel,AP-620,receipt,49,0
2024-02-23,S3,Grocery,GR-968,sale,-5,0
2024-02-23,S3,Electronics,EL-315,sale,-6,0
2024-02-23,S3,Home,HO-751,sale,-5,0
2024-02-23,S3,Grocery,GR-310,sale,-6,0
2024-02-23,S3,Home,HO-272,sale,-6,0
2024-02-23,S3,Apparel,AP-665,sale,-3,0
2024-02-23,S3,Apparel,AP-809,sale,-2,0
2024-02-23,S4,Apparel,AP-130,return,1,0
2024-02-23,S4,Electronics,EL-792,count,0,-2
2024-02-23,S4,Electronics,EL-324,sale,-2,0
2024-02-23,S4,Electronics,EL-839,receipt,45,0
2024-02-23,S4,Grocery,GR-917,count,0,0
2024-02-23,S4,Grocery,GR-745,count,0,1
2024-02-23,S4,Grocery,GR-292,return,2,0
2024-02-23,S4,Apparel,AP-559,sale,-5,0
2024-02-23,S4,Apparel,AP-132,return,3,0
2024-02-23,S4,Home,HO-247,sale,-3,0
2024-02-23,S4,Grocery,GR-241,sale,-6,0
2024-02-23,S5,Home,HO-340,receipt,39,0
2024-02-23,S5,Home,HO-414,sale,-4,0
2024-02-23,S5,Home,HO-713,count,0,1
2024-02-23,S5,Grocery,GR-246,sale,-6,0
2024-02-23,S5,Electronics,EL-739,sale,-5,0
2024-02-23,S5,Home,HO-760,receipt,58,0
2024-02-23,S5,Home,HO-491,count,0,-2
2024-02-23,S5,Electronics,EL-562,sale,-5,0
2024-02-23,S5,Grocery,GR-194,sale,-1,0
2024-02-23,S5,Apparel,AP-119,receipt,46,0
2024-02-23,S5,Electronics,EL-674,return,3,0
2024-02-23,S5,Grocery,GR-993,receipt,56,0
2024-02-23,S5,Grocery,GR-932,return,2,0
2024-02-24,S1,Grocery,GR-597,count,0,-1
2024-02-24,S1,Home,HO-815,sale,-6,0
2024-02-24,S1,Apparel,AP-898,sale,-6,0
2024-02-24,S1,Apparel,AP-785,return,3,0
2024-02-24,S1,Grocery,GR-384,receipt,21,0
2024-02-24,S1,Apparel,AP-768,return,3,0
2024-02-24,S1,Electronics,EL-366,return,2,0
2024-02-24,S1,Grocery,GR-319,sale,-6,0
2024-02-24,S1,Apparel,AP-141,return,2,0
2024-02-24,S1,Electronics,EL-997,return,1,0
2024-02-24,S1,Home,HO-885,sale,-3,0
2024-02-24,S1,Home,HO-394,sale,-3,0
2024-02-24,S1,Electronics,EL-161,receipt,36,0
2024-02-24,S1,Home,HO-166,sale,-3,0
2024-02-24,S2,Home,HO-297,count,0,-1
2024-02-24,S2,Home,HO-134,sale,-1,0
2024-02-24,S2,Grocery,GR-677,sale,-6,0
2024-02-24,S2,Home,HO-989,sale,-2,0
2024-02-24,S2,Apparel,AP-214,sale,-1,0
2024-02-24,S2,Electronics,EL-308,return,1,0
2024-02-24,S2,Electronics,EL-827,return,3,0
2024-02-24,S2,Grocery,GR-612,count,0,-2
2024-02-24,S2,Grocery,GR-677,sale,-1,0
2024-02-24,S2,Electronics,EL-172,sale,-1,0
2024-02-24,S3,Apparel,AP-665,count,0,2
2024-02-24,S3,Apparel,AP-505,count,0,-2
2024-02-24,S3,Apparel,AP-944,return,3,0
2024-02-24,S3,Apparel,AP-420,sale,-6,0
2024-02-24,S3,Grocery,GR-249,sale,-2,0
2024-02-24,S3,Home,HO-251,return,2,0
2024-02-24,S3,Grocery,GR-827,count,0,-2
2024-02-24,S3,Apparel,AP-126,sale,-3,0
2024-02-24,S3,Home,HO-381,sale,-1,0
2024-02-24,S3,Home,HO-816,sale,-2,0
2024-02-24,S4,Apparel,AP-706,sale,-4,0
2024-02-24,S4,Home,HO-970,return,3,0
2024-02-24,S4,Electronics,EL-604,receipt,47,0
2024-02-24,S4,Home,HO-181,receipt,60,0
2024-02-24,S4,Electronics,EL-211,return,2,0
2024-02-24,S4,Home,HO-429,sale,-2,0
2024-02-24,S4,Home,HO-503,count,0,2
2024-02-24,S4,Grocery,GR-879,count,0,-1
2024-02-24,S5,Home,HO-725,return,3,0
2024-02-24,S5,Home,HO-821,count,0,0
2024-02-24,S5,Home,HO-545,sale,-1,0
2024-02-24,S5,Grocery,GR-226,receipt,15,0
2024-02-24,S5,Apparel,AP-385,sale,-5,0
2024-02-24,S5,Grocery,GR-347,sale,-1,0
2024-02-24,S5,Electronics,EL-549,sale,-3,0
2024-02-24,S5,Home,HO-899,sale,-2,0
2024-02-24,S5,Grocery,GR-390,sale,-3,0
2024-02-24,S5,Apparel,AP-660,sale,-2,0
2024-02-24,S5,Home,HO-266,count,0,2
2024-02-25,S1,Apparel,AP-808,receipt,50,0
2024-02-25,S1,Home,HO-730,sale,-3,0
2024-02-25,S1,Electronics,EL-216,return,2,0
2024-02-25,S1,Grocery,GR-129,return,1,0
2024-02-25,S1,Apparel,AP-952,sale,-1,0
2024-02-25,S1,Electronics,EL-225,receipt,16,0
2024-02-25,S1,Apparel,AP-179,return,2,0
2024-02-25,S1,Grocery,GR-757,sale,-1,0
2024-02-25,S1,Home,HO-258,return,3,0
2024-02-25,S1,Electronics,EL-877,receipt,20,0
2024-02-25,S1,Electronics,EL-398,sale,-2,0
2024-02-25,S1,Home,HO-172,receipt,53,0
2024-02-25,S1,Electronics,EL-298,count,0,-2
2024-02-25,S1,Home,HO-867,sale,-2,0
2024-02-25,S1,Electronics,EL-461,sale,-5,0
2024-02-25,S1,Grocery,GR-404,receipt,44,0
2024-02-25,S2,Electronics,EL-342,sale,-6,0
2024-02-25,S2,Electronics,EL-334,sale,-3,0
2024-02-25,S2,Home,HO-330,receipt,44,0
2024-02-25,S2,Grocery,GR-959,sale,-2,0
2024-02-25,S2,Grocery,GR-713,sale,-6,0
2024-02-25,S2,Electronics,EL-155,sale,-5,0
2024-02-25,S2,Apparel,AP-617,receipt,44,0
2024-02-25,S2,Home,HO-882,receipt,39,0
2024-02-25,S2,Grocery,GR-994,sale,-2,0
2024-02-25,S2,Home,HO-927,sale,-5,0
2024-02-25,S2,Grocery,GR-999,sale,-3,0
2024-02-25,S2,Apparel,AP-338,sale,-6,0
2024-02-25,S2,Grocery,GR-715,sale,-1,0
2024-02-25,S2,Grocery,GR-805,sale,-6,0
2024-02-25,S3,Apparel,AP-997,receipt,23,0
2024-02-25,S3,Grocery,GR-340,return,2,0
2024-02-25,S3,Apparel,AP-266,receipt,24,0
2024-02-25,S3,Grocery,GR-511,sale,-2,0
2024-02-25,S3,Home,HO-185,count,0,1
2024-02-25,S3,Grocery,GR-633,sale,-6,0
2024-02-25,S3,Electronics,EL-532,count,0,-6
2024-02-25,S3,Home,HO-736,count,0,1
2024-02-25,S3,Grocery,GR-287,sale,-3,0
2024-02-25,S3,Electronics,EL-318,sale,-1,0
2024-02-25,S3,Apparel,AP-347,count,0,2
2024-02-25,S3,Grocery,GR-986,receipt,28,0
2024-02-25,S3,Home,HO-212,return,3,0
2024-02-25,S3,Electronics,EL-772,sale,-2,0
2024-02-25,S4,Apparel,AP-347,sale,-4,0
2024-02-25,S4,Grocery,GR-240,return,2,0
2024-02-25,S4,Home,HO-751,sale,-3,0
2024-02-25,S4,Home,HO-974,sale,-3,0
2024-02-25,S4,Home,HO-482,receipt,55,0
2024-02-25,S4,Electronics,EL-707,sale,-1,0
2024-02-25,S4,Home,HO-211,sale,-1,0
2024-02-25,S4,Grocery,GR-674,sale,-1,0
2024-02-25,S4,Home,HO-160,receipt,46,0
2024-02-25,S4,Electronics,EL-845,return,3,0
2024-02-25,S4,Electronics,EL-111,return,3,0
2024-02-25,S4,Grocery,GR-744,receipt,55,0
2024-02-25,S4,Grocery,GR-592,sale,-6,0
2024-02-25,S4,Home,HO-559,sale,-2,0
2024-02-25,S4,Apparel,AP-755,receipt,14,0
2024-02-25,S5,Apparel,AP-738,sale,-5,0
2024-02-25,S5,Grocery,GR-352,sale,-1,0
2024-02-25,S5,Grocery,GR-259,return,3,0
2024-02-25,S5,Home,HO-143,count,0,0
2024-02-25,S5,Home,HO-806,sale,-6,0
2024-02-25,S5,Grocery,GR-346,return,3,0
2024-02-25,S5,Grocery,GR-739,sale,-5,0
2024-02-25,S5,Electronics,EL-429,sale,-2,0
2024-02-25,S5,Home,HO-958,return,1,0
2024-02-25,S5,Apparel,AP-976,receipt,39,0
2024-02-26,S1,Apparel,AP-459,receipt,45,0
2024-02-26,S1,Grocery,GR-543,return,2,0
2024-02-26,S1,Grocery,GR-519,return,2,0
2024-02-26,S1,Home,HO-907,count,0,-1
2024-02-26,S1,Apparel,AP-545,sale,-4,0
2024-02-26,S1,Home,HO-530,sale,-4,0
2024-02-26,S1,Apparel,AP-812,sale,-1,0
2024-02-26,S1,Apparel,AP-340,sale,-5,0
2024-02-26,S1,Grocery,GR-147,receipt,32,0
2024-02-26,S1,Electronics,EL-876,sale,-3,0
2024-02-26,S1,Home,HO-932,receipt,18,0
2024-02-26,S2,Apparel,AP-496,count,0,1
2024-02-26,S2,Electronics,EL-582,sale,-3,0
2024-02-26,S2,Home,HO-687,receipt,50,0
2024-02-26,S2,Electronics,EL-105,return,3,0
2024-02-26,S2,Apparel,AP-833,sale,-2,0
2024-02-26,S2,Apparel,AP-669,sale,-3,0
2024-02-26,S2,Apparel,AP-327,return,3,0
2024-02-26,S2,Home,HO-925,return,1,0
2024-02-26,S2,Grocery,GR-887,sale,-5,0
2024-02-26,S2,Grocery,GR-582,sale,-2,0
2024-02-26,S2,Home,HO-773,sale,-6,0
2024-02-26,S2,Grocery,GR-957,receipt,32,0
2024-02-26,S2,Home,HO-320,return,1,0
2024-02-26,S2,Home,HO-633,count,0,1
2024-02-26,S2,Apparel,AP-769,sale,-5,0
2024-02-26,S3,Home,HO-633,return,2,0
2024-02-26,S3,Apparel,AP-653,sale,-6,0
2024-02-26,S3,Apparel,AP-209,sale,-1,0
2024-02-26,S3,Grocery,GR-671,count,0,0
2024-02-26,S3,Apparel,AP-249,sale,-6,0
2024-02-26,S3,Electronics,EL-906,sale,-5,0
2024-02-26,S3,Home,HO-238,count,0,0
2024-02-26,S3,Home,HO-411,sale,-3,0
2024-02-26,S3,Grocery,GR-847,return,1,0
2024-02-26,S4,Electronics,EL-259,sale,-6,0
2024-02-26,S4,Electronics,EL-437,receipt,29,0
2024-02-26,S4,Grocery,GR-310,return,2,0
2024-02-26,S4,Electronics,EL-252,return,3,0
2024-02-26,S4,Home,HO-549,sale,-3,0
2024-02-26,S4,Home,HO-925,sale,-2,0
2024-02-26,S4,Apparel,AP-313,count,0,-2
2024-02-26,S4,Grocery,GR-836,return,3,0
2024-02-26,S4,Apparel,AP-369,return,2,0
2024-02-26,S4,Electronics,EL-586,receipt,60,0
2024-02-26,S4,Apparel,AP-916,sale,-5,0
2024-02-26,S4,Home,HO-359,receipt,36,0
2024-02-26,S4,Grocery,GR-548,sale,-1,0
2024-02-26,S4,Apparel,AP-936,count,0,0
2024-02-26,S4,Grocery,GR-670,count,0,2
2024-02-26,S5,Electronics,EL-344,sale,-2,0
2024-02-26,S5,Grocery,GR-462,return,3,0
2024-02-26,S5,Apparel,AP-299,sale,-6,0
2024-02-26,S5,Home,HO-943,sale,-2,0
2024-02-26,S5,Electronics,EL-644,count,0,-1
2024-02-26,S5,Apparel,AP-134,receipt,41,0
2024-02-26,S5,Apparel,AP-369,sale,-2,0
2024-02-26,S5,Home,HO-660,sale,-2,0
2024-02-26,S5,Electronics,EL-839,sale,-2,0
2024-02-26,S5,Apparel,AP-579,count,0,-1
2024-02-26,S5,Apparel,AP-869,count,0,-1
2024-02-26,S5,Home,HO-299,receipt,46,0
2024-02-26,S5,Apparel,AP-629,sale,-4,0
2024-02-27,S1,Apparel,AP-722,sale,-2,0
2024-02-27,S1,Grocery,GR-564,sale,-6,0
2024-02-27,S1,Apparel,AP-784,sale,-4,0
2024-02-27,S1,Home,HO-444,return,1,0
2024-02-27,S1,Electronics,EL-859,count,0,1
2024-02-27,S1,Home,HO-481,sale,-2,0
2024-02-27,S1,Apparel,AP-266,sale,-4,0
2024-02-27,S1,Home,HO-608,sale,-1,0
2024-02-27,S1,Apparel,AP-917,return,2,0
2024-02-27,S1,Electronics,EL-467,receipt,54,0
2024-02-27,S1,Electronics,EL-331,sale,-6,0
2024-02-27,S2,Apparel,AP-147,sale,-1,0
2024-02-27,S2,Apparel,AP-874,sale,-3,0
2024-02-27,S2,Home,HO-331,count,0,-2
2024-02-27,S2,Grocery,GR-989,sale,-5,0
2024-02-27,S2,Grocery,GR-848,receipt,33,0
2024-02-27,S2,Apparel,AP-484,count,0,2
2024-02-27,S2,Grocery,GR-841,sale,-3,0
2024-02-27,S2,Home,HO-732,sale,-3,0
2024-02-27,S2,Grocery,GR-539,return,3,0
2024-02-27,S2,Grocery,GR-799,count,0,-2
2024-02-27,S3,Electronics,EL-880,sale,-5,0
2024-02-27,S3,Home,HO-935,receipt,60,0
2024-02-27,S3,Grocery,GR-685,sale,-3,0
2024-02-27,S3,Grocery,GR-808,receipt,27,0
2024-02-27,S3,Electronics,EL-404,sale,-5,0
2024-02-27,S3,Grocery,GR-687,sale,-1,0
2024-02-27,S3,Grocery,GR-621,sale,-1,0
2024-02-27,S3,Home,HO-622,count,0,-1
2024-02-27,S3,Apparel,AP-947,receipt,35,0
2024-02-27,S3,Electronics,EL-510,sale,-6,0
2024-02-27,S4,Electronics,EL-788,receipt,22,0
2024-02-27,S4,Electronics,EL-772,sale,-4,0
2024-02-27,S4,Grocery,GR-376,receipt,10,0
2024-02-27,S4,Apparel,AP-373,count,0,0
2024-02-27,S4,Home,HO-992,sale,-6,0
2024-02-27,S4,Home,HO-878,sale,-5,0
2024-02-27,S4,Grocery,GR-862,sale,-1,0
2024-02-27,S4,Home,HO-928,sale,-1,0
2024-02-27,S4,Apparel,AP-564,receipt,30,0
2024-02-27,S4,Grocery,GR-323,sale,-4,0
2024-02-27,S4,Grocery,GR-828,sale,-2,0
2024-02-27,S4,Home,HO-213,sale,-1,0
2024-02-27,S4,Electronics,EL-165,count,0,1
2024-02-27,S5,Grocery,GR-594,return,2,0
2024-02-27,S5,Electronics,EL-871,sale,-3,0
2024-02-27,S5,Electronics,EL-906,return,1,0
2024-02-27,S5,Apparel,AP-604,sale,-3,0
2024-02-27,S5,Apparel,AP-666,sale,-4,0
2024-02-27,S5,Grocery,GR-615,sale,-5,0
2024-02-27,S5,Apparel,AP-280,count,0,-1
2024-02-27,S5,Home,HO-469,count,0,0
2024-02-27,S5,Electronics,EL-604,sale,-1,0
2024-02-27,S5,Apparel,AP-296,sale,-5,0
2024-02-27,S5,Apparel,AP-380,count,0,1
2024-02-27,S5,Apparel,AP-953,sale,-3,0
2024-02-27,S5,Grocery,GR-466,sale,-2,0
2024-02-27,S5,Electronics,EL-180,count,0,-1
2024-02-27,S5,Grocery,GR-477,sale,-3,0
2024-02-27,S5,Home,HO-977,sale,-4,0
2024-02-28,S1,Apparel,AP-166,sale,-3,0
2024-02-28,S1,Home,HO-403,sale,-4,0
2024-02-28,S1,Grocery,GR-478,sale,-1,0
2024-02-28,S1,Electronics,EL-418,return,1,0
2024-02-28,S1,Electronics,EL-238,return,2,0
2024-02-28,S1,Grocery,GR-466,receipt,10,0
2024-02-28,S1,Electronics,EL-538,return,1,0
2024-02-28,S1,Apparel,AP-863,count,0,2
2024-02-28,S1,Grocery,GR-202,sale,-3,0
2024-02-28,S1,Grocery,GR-907,sale,-4,0
2024-02-28,S1,Grocery,GR-607,receipt,19,0
2024-02-28,S2,Electronics,EL-392,sale,-3,0
2024-02-28,S2,Grocery,GR-148,return,3,0
2024-02-28,S2,Electronics,EL-811,return,3,0
2024-02-28,S2,Electronics,EL-423,count,0,0
2024-02-28,S2,Grocery,GR-858,sale,-1,0
2024-02-28,S2,Electronics,EL-737,receipt,50,0
2024-02-28,S2,Electronics,EL-256,sale,-2,0
2024-02-28,S2,Electronics,EL-502,sale,-3,0
2024-02-28,S2,Grocery,GR-758,sale,-4,0
2024-02-28,S2,Home,HO-225,sale,-1,0
2024-02-28,S2,Apparel,AP-916,sale,-4,0
2024-02-28,S2,Apparel,AP-585,receipt,35,0
2024-02-28,S2,Electronics,EL-813,sale,-2,0
2024-02-28,S2,Home,HO-659,sale,-1,0
2024-02-28,S3,Apparel,AP-699,sale,-3,0
2024-02-28,S3,Apparel,AP-368,sale,-5,0
2024-02-28,S3,Home,HO-665,sale,-3,0
2024-02-28,S3,Electronics,EL-338,sale,-3,0
2024-02-28,S3,Electronics,EL-951,receipt,15,0
2024-02-28,S3,Home,HO-767,count,0,0
2024-02-28,S3,Grocery,GR-251,sale,-6,0
2024-02-28,S3,Grocery,GR-126,return,1,0
2024-02-28,S3,Apparel,AP-160,return,3,0
2024-02-28,S3,Electronics,EL-778,sale,-2,0
2024-02-28,S3,Apparel,AP-813,sale,-2,0
2024-02-28,S4,Apparel,AP-437,sale,-2,0
2024-02-28,S4,Home,HO-340,sale,-5,0
2024-02-28,S4,Home,HO-863,return,1,0
2024-02-28,S4,Electronics,EL-271,sale,-5,0
2024-02-28,S4,Apparel,AP-334,receipt,48,0
2024-02-28,S4,Electronics,EL-652,return,3,0
2024-02-28,S4,Electronics,EL-560,sale,-5,0
2024-02-28,S4,Apparel,AP-967,sale,-4,0
2024-02-28,S4,Apparel,AP-519,sale,-2,0
2024-02-28,S4,Electronics,EL-512,sale,-5,0
2024-02-28,S4,Electronics,EL-773,sale,-5,0
2024-02-28,S5,Home,HO-912,sale,-3,0
2024-02-28,S5,Grocery,GR-340,sale,-1,0
2024-02-28,S5,Home,HO-732,sale,-2,0
2024-02-28,S5,Apparel,AP-736,sale,-2,0
2024-02-28,S5,Home,HO-634,return,3,0
2024-02-28,S5,Electronics,EL-490,sale,-5,0
2024-02-28,S5,Apparel,AP-439,sale,-2,0
2024-02-28,S5,Apparel,AP-832,return,1,0
2024-02-28,S5,Apparel,AP-159,return,1,0
2024-02-29,S1,Electronics,EL-644,sale,-4,0
2024-02-29,S1,Apparel,AP-258,return,3,0
2024-02-29,S1,Apparel,AP-503,sale,-1,0
2024-02-29,S1,Electronics,EL-636,count,0,1
2024-02-29,S1,Apparel,AP-541,sale,-5,0
2024-02-29,S1,Apparel,AP-727,sale,-1,0
2024-02-29,S1,Grocery,GR-937,count,0,-2
2024-02-29,S1,Electronics,EL-199,sale,-2,0
2024-02-29,S1,Electronics,EL-451,sale,-2,0
2024-02-29,S1,Grocery,GR-843,sale,-3,0
2024-02-29,S1,Grocery,GR-591,count,0,1
2024-02-29,S1,Grocery,GR-636,count,0,1
2024-02-29,S1,Home,HO-833,receipt,37,0
2024-02-29,S1,Apparel,AP-469,sale,-1,0
2024-02-29,S1,Grocery,GR-198,sale,-6,0
2024-02-29,S2,Home,HO-625,sale,-1,0
2024-02-29,S2,Apparel,AP-588,return,2,0
2024-02-29,S2,Home,HO-500,sale,-4,0
2024-02-29,S2,Electronics,EL-651,sale,-6,0
2024-02-29,S2,Electronics,EL-118,sale,-2,0
2024-02-29,S2,Electronics,EL-930,receipt,21,0
2024-02-29,S2,Apparel,AP-584,count,0,1
2024-02-29,S2,Electronics,EL-456,sale,-3,0
2024-02-29,S3,Grocery,GR-906,return,1,0
2024-02-29,S3,Apparel,AP-162,sale,-1,0
2024-02-29,S3,Apparel,AP-708,return,3,0
2024-02-29,S3,Home,HO-140,sale,-4,0
2024-02-29,S3,Home,HO-489,sale,-6,0
2024-02-29,S3,Grocery,GR-797,sale,-6,0
2024-02-29,S3,Electronics,EL-980,count,0,-2
2024-02-29,S3,Apparel,AP-118,receipt,40,0
2024-02-29,S3,Grocery,GR-191,sale,-5,0
2024-02-29,S3,Home,HO-128,sale,-6,0
2024-02-29,S3,Electronics,EL-693,count,0,-5
2024-02-29,S4,Apparel,AP-745,count,0,1
2024-02-29,S4,Electronics,EL-524,return,1,0
2024-02-29,S4,Apparel,AP-996,sale,-3,0
2024-02-29,S4,Grocery,GR-682,receipt,20,0
2024-02-29,S4,Electronics,EL-435,return,2,0
2024-02-29,S4,Electronics,EL-702,sale,-6,0
2024-02-29,S4,Apparel,AP-719,count,0,-1
2024-02-29,S4,Apparel,AP-148,receipt,24,0
2024-02-29,S4,Home,HO-299,receipt,37,0
2024-02-29,S4,Apparel,AP-518,receipt,19,0
2024-02-29,S4,Home,HO-829,count,0,-2
2024-02-29,S4,Grocery,GR-545,sale,-5,0
2024-02-29,S4,Grocery,GR-809,receipt,32,0
2024-02-29,S4,Grocery,GR-320,sale,-6,0
2024-02-29,S4,Grocery,GR-749,sale,-4,0
2024-02-29,S5,Electronics,EL-839,sale,-5,0
2024-02-29,S5,Apparel,AP-613,sale,-6,0
2024-02-29,S5,Electronics,EL-572,sale,-1,0
2024-02-29,S5,Home,HO-564,count,0,-2
2024-02-29,S5,Electronics,EL-566,return,2,0
2024-02-29,S5,Apparel,AP-900,sale,-6,0
2024-02-29,S5,Electronics,EL-903,sale,-4,0
2024-02-29,S5,Apparel,AP-776,sale,-4,0
2024-02-29,S5,Electronics,EL-792,receipt,59,0
2024-02-29,S5,Apparel,AP-334,sale,-4,0
2024-02-29,S5,Home,HO-390,sale,-5,0
2024-02-29,S5,Home,HO-743,sale,-6,0
2024-02-29,S5,Apparel,AP-416,count,0,-1
2024-03-01,S1,Grocery,GR-923,count,0,-2
2024-03-01,S1,Electronics,EL-906,receipt,32,0
2024-03-01,S1,Home,HO-456,sale,-4,0
2024-03-01,S1,Apparel,AP-133,receipt,41,0
2024-03-01,S1,Home,HO-615,sale,-5,0
2024-03-01,S1,Apparel,AP-437,count,0,1
2024-03-01,S1,Home,HO-443,return,1,0
2024-03-01,S1,Apparel,AP-280,sale,-1,0
2024-03-01,S1,Grocery,GR-402,count,0,-2
2024-03-01,S1,Apparel,AP-750,count,0,2
2024-03-01,S1,Apparel,AP-135,sale,-4,0
2024-03-01,S1,Grocery,GR-538,sale,-5,0
2024-03-01,S2,Grocery,GR-775,sale,-1,0
2024-03-01,S2,Apparel,AP-651,sale,-1,0
2024-03-01,S2,Apparel,AP-958,sale,-5,0
2024-03-01,S2,Apparel,AP-765,sale,-2,0
2024-03-01,S2,Home,HO-659,sale,-3,0
2024-03-01,S2,Apparel,AP-310,receipt,20,0
2024-03-01,S2,Grocery,GR-216,receipt,24,0
2024-03-01,S2,Grocery,GR-544,count,0,-2
2024-03-01,S2,Apparel,AP-138,return,3,0
2024-03-01,S2,Home,HO-748,count,0,0
2024-03-01,S2,Electronics,EL-203,sale,-5,0
2024-03-01,S2,Home,HO-735,sale,-1,0
2024-03-01,S3,Home,HO-590,sale,-3,0
2024-03-01,S3,Electronics,EL-309,return,3,0
2024-03-01,S3,Electronics,EL-884,sale,-1,0
2024-03-01,S3,Apparel,AP-969,sale,-2,0
2024-03-01,S3,Electronics,EL-874,return,2,0
2024-03-01,S3,Grocery,GR-241,count,0,-2
2024-03-01,S3,Home,HO-469,receipt,13,0
2024-03-01,S3,Home,HO-941,count,0,1
2024-03-01,S3,Apparel,AP-811,sale,-6,0
2024-03-01,S3,Grocery,GR-352,sale,-5,0
2024-03-01,S3,Grocery,GR-589,return,2,0
2024-03-01,S4,Electronics,EL-946,sale,-1,0
2024-03-01,S4,Apparel,AP-299,count,0,-2
2024-03-01,S4,Electronics,EL-394,receipt,58,0
2024-03-01,S4,Home,HO-594,sale,-5,0
2024-03-01,S4,Grocery,GR-882,return,1,0
2024-03-01,S4,Electronics,EL-128,sale,-2,0
2024-03-01,S4,Home,HO-901,sale,-3,0
2024-03-01,S4,Apparel,AP-620,return,2,0
2024-03-01,S4,Electronics,EL-309,sale,-2,0
2024-03-01,S4,Apparel,AP-388,sale,-1,0
2024-03-01,S4,Electronics,EL-823,return,2,0
2024-03-01,S4,Apparel,AP-720,receipt,54,0
2024-03-01,S4,Grocery,GR-721,count,0,1
2024-03-01,S4,Apparel,AP-154,count,0,1
2024-03-01,S4,Electronics,EL-843,count,0,-1
2024-03-01,S5,Apparel,AP-735,sale,-6,0
2024-03-01,S5,Grocery,GR-107,return,1,0
2024-03-01,S5,Electronics,EL-912,sale,-5,0
2024-03-01,S5,Grocery,GR-959,return,3,0
2024-03-01,S5,Apparel,AP-364,return,2,0
2024-03-01,S5,Grocery,GR-270,count,0,1
2024-03-01,S5,Apparel,AP-734,receipt,28,0
2024-03-01,S5,Grocery,GR-875,sale,-3,0
2024-03-01,S5,Electronics,EL-130,sale,-2,0
2024-03-01,S5,Home,HO-563,return,2,0
2024-03-02,S1,Apparel,AP-649,sale,-3,0
2024-03-02,S1,Grocery,GR-227,sale,-5,0
2024-03-02,S1,Home,HO-605,sale,-1,0
2024-03-02,S1,Apparel,AP-774,sale,-1,0
2024-03-02,S1,Grocery,GR-189,count,0,0
2024-03-02,S1,Electronics,EL-666,sale,-2,0
2024-03-02,S1,Apparel,AP-660,count,0,0
2024-03-02,S1,Home,HO-266,receipt,57,0
2024-03-02,S1,Home,HO-442,sale,-5,0
2024-03-02,S1,Apparel,AP-824,count,0,0
2024-03-02,S1,Home,HO-785,return,2,0
2024-03-02,S1,Apparel,AP-483,receipt,52,0
2024-03-02,S1,Apparel,AP-668,sale,-6,0
2024-03-02,S1,Electronics,EL-250,sale,-5,0
2024-03-02,S1,Home,HO-772,receipt,55,0
2024-03-02,S1,Grocery,GR-111,sale,-1,0
2024-03-02,S2,Grocery,GR-862,count,0,-1
2024-03-02,S2,Electronics,EL-759,count,0,0
2024-03-02,S2,Electronics,EL-727,receipt,14,0
2024-03-02,S2,Grocery,GR-106,sale,-6,0
2024-03-02,S2,Apparel,AP-431,sale,-5,0
2024-03-02,S2,Apparel,AP-774,receipt,22,0
2024-03-02,S2,Apparel,AP-894,sale,-1,0
2024-03-02,S2,Electronics,EL-548,count,0,-1
2024-03-02,S2,Electronics,EL-681,return,2,0
2024-03-02,S2,Grocery,GR-695,return,3,0
2024-03-02,S3,Apparel,AP-367,count,0,1
2024-03-02,S3,Grocery,GR-902,sale,-3,0
2024-03-02,S3,Home,HO-164,sale,-3,0
2024-03-02,S3,Grocery,GR-494,count,0,-2
2024-03-02,S3,Home,HO-861,receipt,44,0
2024-03-02,S3,Apparel,AP-339,sale,-1,0
2024-03-02,S3,Electronics,EL-333,sale,-4,0
2024-03-02,S3,Electronics,EL-328,count,0,-4
2024-03-02,S3,Home,HO-703,sale,-4,0
2024-03-02,S3,Grocery,GR-850,return,2,0
2024-03-02,S3,Grocery,GR-211,sale,-5,0
2024-03-02,S4,Apparel,AP-147,receipt,47,0
2024-03-02,S4,Electronics,EL-380,sale,-5,0
2024-03-02,S4,Grocery,GR-814,receipt,26,0
2024-03-02,S4,Home,HO-297,return,2,0
2024-03-02,S4,Home,HO-232,count,0,-1
2024-03-02,S4,Grocery,GR-922,return,2,0
2024-03-02,S4,Apparel,AP-731,count,0,1
2024-03-02,S4,Apparel,AP-660,return,3,0
2024-03-02,S4,Home,HO-968,sale,-4,0
2024-03-02,S4,Electronics,EL-975,receipt,13,0
2024-03-02,S4,Home,HO-852,receipt,13,0
2024-03-02,S4,Grocery,GR-765,sale,-2,0
2024-03-02,S4,Apparel,AP-226,sale,-2,0
2024-03-02,S4,Home,HO-696,sale,-1,0
2024-03-02,S5,Apparel,AP-426,sale,-2,0
2024-03-02,S5,Grocery,GR-309,sale,-2,0
2024-03-02,S5,Grocery,GR-591,sale,-4,0
2024-03-02,S5,Electronics,EL-715,sale,-1,0
2024-03-02,S5,Grocery,GR-717,sale,-5,0
2024-03-02,S5,Home,HO-435,sale,-1,0
2024-03-02,S5,Home,HO-506,sale,-5,0
2024-03-02,S5,Home,HO-722,receipt,29,0
2024-03-02,S5,Electronics,EL-524,sale,-1,0
2024-03-02,S5,Grocery,GR-372,receipt,54,0
2024-03-03,S1,Home,HO-529,sale,-1,0
2024-03-03,S1,Home,HO-248,return,2,0
2024-03-03,S1,Electronics,EL-546,sale,-2,0
2024-03-03,S1,Apparel,AP-940,sale,-6,0
2024-03-03,S1,Electronics,EL-820,count,0,0
2024-03-03,S1,Electronics,EL-696,sale,-6,0
2024-03-03,S1,Grocery,GR-469,sale,-2,0
2024-03-03,S1,Grocery,GR-549,count,0,1
2024-03-03,S1,Electronics,EL-225,sale,-5,0
2024-03-03,S1,Electronics,EL-515,count,0,2
2024-03-03,S1,Home,HO-898,receipt,29,0
2024-03-03,S1,Apparel,AP-340,sale,-4,0
2024-03-03,S1,Electronics,EL-554,count,0,2
2024-03-03,S1,Electronics,EL-753,count,0,2
2024-03-03,S1,Electronics,EL-297,count,0,1
2024-03-03,S2,Home,HO-295,sale,-5,0
2024-03-03,S2,Home,HO-256,count,0,1
2024-03-03,S2,Apparel,AP-800,receipt,40,0
2024-03-03,S2,Home,HO-633,sale,-2,0
2024-03-03,S2,Electronics,EL-481,sale,-4,0
2024-03-03,S2,Electronics,EL-457,sale,-3,0
2024-03-03,S2,Home,HO-973,sale,-5,0
2024-03-03,S2,Home,HO-411,receipt,43,0
2024-03-03,S2,Home,HO-984,return,1,0
2024-03-03,S2,Grocery,GR-236,sale,-6,0
2024-03-03,S3,Grocery,GR-789,sale,-5,0
2024-03-03,S3,Apparel,AP-983,sale,-6,0
2024-03-03,S3,Home,HO-342,return,2,0
2024-03-03,S3,Apparel,AP-224,sale,-4,0
2024-03-03,S3,Home,HO-640,return,2,0
2024-03-03,S3,Electronics,EL-487,sale,-2,0
2024-03-03,S3,Grocery,GR-397,sale,-5,0
2024-03-03,S3,Grocery,GR-447,sale,-4,0
2024-03-03,S3,Home,HO-524,return,3,0
2024-03-03,S4,Electronics,EL-488,sale,-3,0
2024-03-03,S4,Home,HO-688,sale,-4,0
2024-03-03,S4,Home,HO-118,count,0,0
2024-03-03,S4,Home,HO-222,sale,-3,0
2024-03-03,S4,Apparel,AP-924,count,0,1
2024-03-03,S4,Home,HO-752,return,1,0
2024-03-03,S4,Grocery,GR-558,sale,-4,0
2024-03-03,S4,Apparel,AP-324,count,0,-1
2024-03-03,S4,Apparel,AP-393,sale,-1,0
2024-03-03,S4,Grocery,GR-650,sale,-6,0
2024-03-03,S4,Electronics,EL-430,sale,-5,0
2024-03-03,S4,Grocery,GR-359,sale,-2,0
2024-03-03,S4,Apparel,AP-330,sale,-1,0
2024-03-03,S4,Home,HO-672,count,0,-2
2024-03-03,S4,Home,HO-282,sale,-5,0
2024-03-03,S5,Home,HO-930,sale,-1,0
2024-03-03,S5,Grocery,GR-699,sale,-5,0
2024-03-03,S5,Apparel,AP-529,sale,-5,0
2024-03-03,S5,Home,HO-375,sale,-4,0
2024-03-03,S5,Apparel,AP-949,receipt,42,0
2024-03-03,S5,Grocery,GR-391,sale,-2,0
2024-03-03,S5,Electronics,EL-556,return,1,0
2024-03-03,S5,Apparel,AP-446,sale,-3,0
2024-03-03,S5,Apparel,AP-424,sale,-4,0
2024-03-03,S5,Grocery,GR-570,sale,-2,0
2024-03-03,S5,Home,HO-165,return,1,0
2024-03-03,S5,Grocery,GR-133,receipt,53,0
2024-03-03,S5,Apparel,AP-557,sale,-4,0
2024-03-03,S5,Home,HO-954,count,0,2
2024-03-03,S5,Grocery,GR-383,count,0,-1
2024-03-04,S1,Apparel,AP-608,receipt,10,0
2024-03-04,S1,Home,HO-487,sale,-6,0
2024-03-04,S1,Grocery,GR-961,return,1,0
2024-03-04,S1,Electronics,EL-858,count,0,-1
2024-03-04,S1,Electronics,EL-417,count,0,-1
2024-03-04,S1,Grocery,GR-628,sale,-1,0
2024-03-04,S1,Home,HO-645,sale,-6,0
2024-03-04,S1,Grocery,GR-408,count,0,-2
2024-03-04,S2,Electronics,EL-942,count,0,0
2024-03-04,S2,Grocery,GR-514,return,1,0
2024-03-04,S2,Electronics,EL-249,sale,-5,0
2024-03-04,S2,Home,HO-326,sale,-3,0
2024-03-04,S2,Apparel,AP-391,sale,-4,0
2024-03-04,S2,Electronics,EL-852,sale,-5,0
2024-03-04,S2,Grocery,GR-252,count,0,1
2024-03-04,S2,Grocery,GR-788,sale,-4,0
2024-03-04,S2,Home,HO-954,sale,-1,0
2024-03-04,S2,Grocery,GR-399,receipt,14,0
2024-03-04,S2,Grocery,GR-936,return,1,0
2024-03-04,S2,Home,HO-453,return,1,0
2024-03-04,S2,Electronics,EL-990,return,1,0
2024-03-04,S2,Apparel,AP-310,sale,-1,0
2024-03-04,S2,Grocery,GR-353,count,0,-1
2024-03-04,S2,Electronics,EL-568,return,3,0
2024-03-04,S3,Grocery,GR-341,count,0,2
2024-03-04,S3,Electronics,EL-347,sale,-2,0
2024-03-04,S3,Grocery,GR-167,receipt,56,0
2024-03-04,S3,Home,HO-217,receipt,11,0
2024-03-04,S3,Home,HO-462,receipt,47,0
2024-03-04,S3,Apparel,AP-412,receipt,50,0
2024-03-04,S3,Electronics,EL-269,sale,-3,0
2024-03-04,S3,Electronics,EL-626,sale,-3,0
2024-03-04,S3,Grocery,GR-978,receipt,44,0
2024-03-04,S3,Home,HO-301,receipt,42,0
2024-03-04,S3,Apparel,AP-414,sale,-4,0
2024-03-04,S3,Home,HO-510,sale,-4,0
2024-03-04,S3,Grocery,GR-255,sale,-5,0
2024-03-04,S4,Home,HO-724,sale,-2,0
2024-03-04,S4,Apparel,AP-844,return,2,0
2024-03-04,S4,Apparel,AP-562,receipt,46,0
2024-03-04,S4,Home,HO-575,sale,-2,0
2024-03-04,S4,Home,HO-854,sale,-3,0
2024-03-04,S4,Apparel,AP-849,return,1,0
2024-03-04,S4,Home,HO-621,return,2,0
2024-03-04,S4,Home,HO-428,sale,-1,0
2024-03-04,S4,Apparel,AP-139,sale,-4,0
2024-03-04,S4,Apparel,AP-962,return,2,0
2024-03-04,S5,Home,HO-254,sale,-3,0
2024-03-04,S5,Apparel,AP-167,receipt,20,0
2024-03-04,S5,Electronics,EL-818,count,0,2
2024-03-04,S5,Grocery,GR-268,sale,-4,0
2024-03-04,S5,Grocery,GR-229,sale,-4,0
2024-03-04,S5,Grocery,GR-770,count,0,2
2024-03-04,S5,Electronics,EL-979,sale,-5,0
2024-03-04,S5,Electronics,EL-115,sale,-2,0
2024-03-05,S1,Home,HO-651,return,1,0
2024-03-05,S1,Home,HO-558,return,2,0
2024-03-05,S1,Electronics,EL-991,count,0,0
2024-03-05,S1,Apparel,AP-506,receipt,10,0
2024-03-05,S1,Grocery,GR-880,sale,-1,0
2024-03-05,S1,Apparel,AP-442,sale,-6,0
2024-03-05,S1,Electronics,EL-386,sale,-5,0
2024-03-05,S1,Electronics,EL-995,return,1,0
2024-03-05,S1,Home,HO-957,sale,-1,0
2024-03-05,S2,Home,HO-535,receipt,37,0
2024-03-05,S2,Grocery,GR-110,count,0,2
2024-03-05,S2,Apparel,AP-254,sale,-1,0
2024-03-05,S2,Apparel,AP-166,sale,-1,0
2024-03-05,S2,Grocery,GR-323,return,1,0
2024-03-05,S2,Apparel,AP-773,sale,-1,0
2024-03-05,S2,Grocery,GR-777,sale,-2,0
2024-03-05,S2,Electronics,EL-992,receipt,45,0
2024-03-05,S2,Grocery,GR-619,sale,-1,0
2024-03-05,S3,Home,HO-430,return,1,0
2024-03-05,S3,Electronics,EL-879,sale,-5,0
2024-03-05,S3,Grocery,GR-830,sale,-1,0
2024-03-05,S3,Apparel,AP-609,sale,-6,0
2024-03-05,S3,Grocery,GR-602,receipt,58,0
2024-03-05,S3,Home,HO-838,sale,-3,0
2024-03-05,S3,Electronics,EL-898,sale,-2,0
2024-03-05,S3,Grocery,GR-590,receipt,35,0
2024-03-05,S3,Electronics,EL-305,receipt,35,0
2024-03-05,S3,Electronics,EL-158,return,2,0
2024-03-05,S3,Home,HO-846,return,3,0
2024-03-05,S3,Electronics,EL-395,sale,-4,0
2024-03-05,S3,Grocery,GR-993,sale,-4,0
2024-03-05,S4,Apparel,AP-732,sale,-4,0
2024-03-05,S4,Grocery,GR-141,sale,-6,0
2024-03-05,S4,Grocery,GR-734,sale,-1,0
2024-03-05,S4,Grocery,GR-360,count,0,2
2024-03-05,S4,Electronics,EL-961,return,2,0
2024-03-05,S4,Apparel,AP-931,count,0,0
2024-03-05,S4,Electronics,EL-731,sale,-1,0
2024-03-05,S4,Electronics,EL-110,receipt,51,0
2024-03-05,S4,Electronics,EL-616,receipt,14,0
2024-03-05,S5,Apparel,AP-555,return,1,0
2024-03-05,S5,Grocery,GR-409,count,0,-2
2024-03-05,S5,Electronics,EL-648,sale,-6,0
2024-03-05,S5,Grocery,GR-532,receipt,48,0
2024-03-05,S5,Home,HO-822,sale,-6,0
2024-03-05,S5,Electronics,EL-729,sale,-5,0
2024-03-05,S5,Apparel,AP-642,sale,-1,0
2024-03-05,S5,Home,HO-415,sale,-5,0
2024-03-06,S1,Electronics,EL-342,count,0,-1
2024-03-06,S1,Home,HO-309,count,0,-2
2024-03-06,S1,Electronics,EL-130,return,1,0
2024-03-06,S1,Home,HO-978,sale,-3,0
2024-03-06,S1,Home,HO-128,return,3,0
2024-03-06,S1,Electronics,EL-779,sale,-6,0
2024-03-06,S1,Electronics,EL-854,sale,-2,0
2024-03-06,S1,Electronics,EL-638,count,0,0
2024-03-06,S1,Apparel,AP-111,sale,-4,0
2024-03-06,S2,Home,HO-210,sale,-1,0
2024-03-06,S2,Apparel,AP-865,sale,-5,0
2024-03-06,S2,Apparel,AP-428,sale,-1,0
2024-03-06,S2,Apparel,AP-602,sale,-6,0
2024-03-06,S2,Electronics,EL-797,sale,-3,0
2024-03-06,S2,Apparel,AP-668,sale,-2,0
2024-03-06,S2,Apparel,AP-848,count,0,2
2024-03-06,S2,Home,HO-508,sale,-6,0
2024-03-06,S2,Grocery,GR-563,receipt,11,0
2024-03-06,S2,Apparel,AP-817,count,0,0
2024-03-06,S2,Grocery,GR-300,receipt,36,0
2024-03-06,S2,Electronics,EL-350,sale,-3,0
2024-03-06,S2,Home,HO-336,sale,-3,0
2024-03-06,S3,Apparel,AP-239,count,0,-1
2024-03-06,S3,Apparel,AP-491,sale,-6,0
2024-03-06,S3,Home,HO-342,sale,-1,0
2024-03-06,S3,Apparel,AP-537,sale,-6,0
2024-03-06,S3,Home,HO-794,sale,-5,0
2024-03-06,S3,Electronics,EL-604,sale,-1,0
2024-03-06,S3,Electronics,EL-805,sale,-2,0
2024-03-06,S3,Grocery,GR-474,sale,-1,0
2024-03-06,S3,Electronics,EL-116,return,3,0
2024-03-06,S3,Grocery,GR-781,sale,-1,0
2024-03-06,S3,Home,HO-608,count,0,0
2024-03-06,S3,Grocery,GR-486,return,2,0
2024-03-06,S3,Home,HO-993,sale,-4,0
2024-03-06,S3,Home,HO-933,sale,-5,0
2024-03-06,S4,Grocery,GR-423,sale,-5,0
2024-03-06,S4,Apparel,AP-614,sale,-2,0
2024-03-06,S4,Apparel,AP-164,sale,-6,0
2024-03-06,S4,Home,HO-921,return,3,0
2024-03-06,S4,Grocery,GR-153,sale,-3,0
2024-03-06,S4,Electronics,EL-769,receipt,37,0
2024-03-06,S4,Electronics,EL-620,sale,-6,0
2024-03-06,S4,Apparel,AP-367,sale,-4,0
2024-03-06,S5,Electronics,EL-974,return,1,0
2024-03-06,S5,Home,HO-671,receipt,25,0
2024-03-06,S5,Apparel,AP-914,sale,-6,0
2024-03-06,S5,Apparel,AP-761,return,3,0
2024-03-06,S5,Electronics,EL-116,sale,-2,0
2024-03-06,S5,Grocery,GR-866,sale,-1,0
2024-03-06,S5,Electronics,EL-715,count,0,1
2024-03-06,S5,Grocery,GR-940,return,1,0
2024-03-06,S5,Apparel,AP-903,count,0,-2
2024-03-07,S1,Grocery,GR-132,return,1,0
2024-03-07,S1,Electronics,EL-809,receipt,53,0
2024-03-07,S1,Electronics,EL-537,sale,-3,0
2024-03-07,S1,Grocery,GR-785,sale,-3,0
2024-03-07,S1,Electronics,EL-236,sale,-1,0
2024-03-07,S1,Electronics,EL-897,count,0,0
2024-03-07,S1,Grocery,GR-416,sale,-6,0
2024-03-07,S1,Electronics,EL-103,sale,-5,0
2024-03-07,S1,Grocery,GR-768,receipt,25,0
2024-03-07,S1,Apparel,AP-112,count,0,2
2024-03-07,S1,Grocery,GR-237,sale,-6,0
2024-03-07,S1,Grocery,GR-762,count,0,1
2024-03-07,S1,Home,HO-970,sale,-3,0
2024-03-07,S1,Home,HO-399,sale,-4,0
2024-03-07,S1,Home,HO-180,sale,-4,0
2024-03-07,S2,Home,HO-990,sale,-2,0
2024-03-07,S2,Electronics,EL-745,sale,-3,0
2024-03-07,S2,Grocery,GR-234,return,3,0
2024-03-07,S2,Apparel,AP-693,return,1,0
2024-03-07,S2,Grocery,GR-192,count,0,1
2024-03-07,S2,Grocery,GR-705,sale,-6,0
2024-03-07,S2,Electronics,EL-693,count,0,1
2024-03-07,S2,Grocery,GR-816,sale,-4,0
2024-03-07,S2,Grocery,GR-254,count,0,1
2024-03-07,S2,Grocery,GR-898,return,2,0
2024-03-07,S2,Electronics,EL-930,count,0,-1
2024-03-07,S2,Home,HO-926,sale,-3,0
2024-03-07,S2,Apparel,AP-835,count,0,-1
2024-03-07,S3,Apparel,AP-298,count,0,0
2024-03-07,S3,Grocery,GR-655,sale,-3,0
2024-03-07,S3,Apparel,AP-597,receipt,19,0
2024-03-07,S3,Grocery,GR-562,sale,-1,0
2024-03-07,S3,Grocery,GR-532,sale,-6,0
2024-03-07,S3,Electronics,EL-652,sale,-2,0
2024-03-07,S3,Home,HO-488,sale,-3,0
2024-03-07,S3,Electronics,EL-847,sale,-1,0
2024-03-07,S3,Grocery,GR-657,sale,-3,0
2024-03-07,S3,Electronics,EL-491,sale,-3,0
2024-03-07,S3,Apparel,AP-280,sale,-1,0
2024-03-07,S3,Electronics,EL-545,sale,-6,0
2024-03-07,S3,Electronics,EL-547,receipt,56,0
2024-03-07,S3,Electronics,EL-439,return,2,0
2024-03-07,S3,Grocery,GR-354,sale,-3,0
2024-03-07,S3,Electronics,EL-381,sale,-5,0
2024-03-07,S4,Grocery,GR-136,receipt,16,0
2024-03-07,S4,Grocery,GR-152,sale,-1,0
2024-03-07,S4,Grocery,GR-692,count,0,1
2024-03-07,S4,Apparel,AP-772,sale,-3,0
2024-03-07,S4,Home,HO-215,sale,-5,0
2024-03-07,S4,Apparel,AP-992,return,1,0
2024-03-07,S4,Grocery,GR-335,receipt,36,0
2024-03-07,S4,Electronics,EL-897,sale,-2,0
2024-03-07,S4,Electronics,EL-444,count,0,1
2024-03-07,S5,Electronics,EL-701,receipt,21,0
2024-03-07,S5,Home,HO-516,sale,-6,0
2024-03-07,S5,Home,HO-445,return,3,0
2024-03-07,S5,Grocery,GR-110,count,0,1
2024-03-07,S5,Grocery,GR-619,sale,-6,0
2024-03-07,S5,Grocery,GR-201,sale,-1,0
2024-03-07,S5,Electronics,EL-439,receipt,27,0
2024-03-07,S5,Grocery,GR-835,receipt,25,0
2024-03-07,S5,Home,HO-186,receipt,48,0
2024-03-07,S5,Home,HO-934,count,0,2
2024-03-07,S5,Home,HO-331,sale,-6,0
2024-03-07,S5,Apparel,AP-140,sale,-2,0
2024-03-07,S5,Apparel,AP-248,receipt,34,0
2024-03-07,S5,Home,HO-267,return,2,0
2024-03-08,S1,Grocery,GR-548,return,1,0
2024-03-08,S1,Electronics,EL-593,sale,-6,0
2024-03-08,S1,Home,HO-585,sale,-5,0
2024-03-08,S1,Home,HO-329,receipt,23,0
2024-03-08,S1,Apparel,AP-243,sale,-1,0
2024-03-08,S1,Electronics,EL-214,sale,-4,0
2024-03-08,S1,Grocery,GR-851,sale,-4,0
2024-03-08,S1,Electronics,EL-783,sale,-1,0
2024-03-08,S1,Home,HO-997,return,3,0
2024-03-08,S1,Home,HO-426,count,0,1
2024-03-08,S1,Apparel,AP-497,sale,-4,0
2024-03-08,S1,Apparel,AP-633,sale,-1,0
2024-03-08,S2,Home,HO-250,count,0,-2
2024-03-08,S2,Apparel,AP-179,receipt,44,0
2024-03-08,S2,Electronics,EL-314,sale,-6,0
2024-03-08,S2,Home,HO-722,sale,-6,0
2024-03-08,S2,Grocery,GR-298,sale,-3,0
2024-03-08,S2,Home,HO-445,receipt,21,0
2024-03-08,S2,Grocery,GR-909,sale,-3,0
2024-03-08,S2,Home,HO-726,receipt,42,0
2024-03-08,S2,Grocery,GR-343,sale,-3,0
2024-03-08,S3,Apparel,AP-282,sale,-2,0
2024-03-08,S3,Apparel,AP-427,count,0,-1
2024-03-08,S3,Apparel,AP-932,sale,-6,0
2024-03-08,S3,Electronics,EL-531,sale,-6,0
2024-03-08,S3,Electronics,EL-955,sale,-4,0
2024-03-08,S3,Grocery,GR-512,sale,-4,0
2024-03-08,S3,Grocery,GR-167,return,3,0
2024-03-08,S3,Apparel,AP-797,return,2,0
2024-03-08,S4,Electronics,EL-782,sale,-1,0
2024-03-08,S4,Home,HO-507,sale,-5,0
2024-03-08,S4,Home,HO-446,return,1,0
2024-03-08,S4,Home,HO-366,sale,-6,0
2024-03-08,S4,Apparel,AP-532,sale,-2,0
2024-03-08,S4,Home,HO-364,sale,-1,0
2024-03-08,S4,Apparel,AP-657,sale,-2,0
2024-03-08,S4,Apparel,AP-605,receipt,44,0
2024-03-08,S4,Grocery,GR-900,sale,-2,0
2024-03-08,S4,Home,HO-978,sale,-2,0
2024-03-08,S4,Home,HO-352,sale,-6,0
2024-03-08,S4,Apparel,AP-640,sale,-5,0
2024-03-08,S5,Home,HO-485,count,0,1
2024-03-08,S5,Grocery,GR-777,sale,-5,0
2024-03-08,S5,Grocery,GR-333,receipt,20,0
2024-03-08,S5,Electronics,EL-792,sale,-1,0
2024-03-08,S5,Grocery,GR-949,sale,-5,0
2024-03-08,S5,Grocery,GR-483,receipt,52,0
2024-03-08,S5,Home,HO-919,receipt,51,0
2024-03-08,S5,Electronics,EL-662,sale,-1,0
2024-03-08,S5,Grocery,GR-907,receipt,46,0
2024-03-08,S5,Apparel,AP-803,sale,-5,0
2024-03-08,S5,Electronics,EL-941,sale,-4,0
2024-03-08,S5,Grocery,GR-286,sale,-4,0
2024-03-08,S5,Apparel,AP-671,receipt,55,0
2024-03-08,S5,Home,HO-826,count,0,-2
2024-03-08,S5,Electronics,EL-813,sale,-4,0
2024-03-08,S5,Apparel,AP-181,return,2,0
2024-03-09,S1,Home,HO-269,sale,-2,0
2024-03-09,S1,Home,HO-848,receipt,35,0
2024-03-09,S1,Grocery,GR-382,sale,-3,0
2024-03-09,S1,Apparel,AP-159,sale,-1,0
2024-03-09,S1,Grocery,GR-553,sale,-2,0
2024-03-09,S1,Electronics,EL-460,sale,-1,0
2024-03-09,S1,Grocery,GR-328,count,0,0
2024-03-09,S1,Electronics,EL-604,count,0,-2
2024-03-09,S1,Home,HO-190,sale,-6,0
2024-03-09,S1,Grocery,GR-699,sale,-5,0
2024-03-09,S1,Electronics,EL-853,count,0,1
2024-03-09,S1,Apparel,AP-753,receipt,40,0
2024-03-09,S1,Apparel,AP-820,sale,-6,0
2024-03-09,S1,Electronics,EL-287,count,0,-2
2024-03-09,S1,Apparel,AP-293,receipt,26,0
2024-03-09,S1,Apparel,AP-698,sale,-3,0
2024-03-09,S2,Grocery,GR-952,count,0,0
2024-03-09,S2,Electronics,EL-328,sale,-3,0
2024-03-09,S2,Electronics,EL-480,sale,-2,0
2024-03-09,S2,Electronics,EL-703,count,0,-1
2024-03-09,S2,Grocery,GR-687,sale,-5,0
2024-03-09,S2,Apparel,AP-291,sale,-4,0
2024-03-09,S2,Home,HO-915,sale,-4,0
2024-03-09,S2,Apparel,AP-864,receipt,38,0
2024-03-09,S2,Electronics,EL-774,sale,-5,0
2024-03-09,S2,Grocery,GR-257,sale,-6,0
2024-03-09,S2,Grocery,GR-465,receipt,38,0
2024-03-09,S3,Apparel,AP-546,sale,-3,0
2024-03-09,S3,Home,HO-916,sale,-6,0
2024-03-09,S3,Apparel,AP-263,receipt,28,0
2024-03-09,S3,Electronics,EL-872,receipt,24,0
2024-03-09,S3,Apparel,AP-401,sale,-6,0
2024-03-09,S3,Electronics,EL-373,sale,-6,0
2024-03-09,S3,Grocery,GR-118,return,1,0
2024-03-09,S3,Grocery,GR-716,sale,-5,0
2024-03-09,S3,Grocery,GR-486,sale,-2,0
2024-03-09,S3,Grocery,GR-729,count,0,-1
2024-03-09,S3,Apparel,AP-123,sale,-5,0
2024-03-09,S3,Grocery,GR-524,sale,-6,0
2024-03-09,S3,Apparel,AP-325,receipt,20,0
2024-03-09,S4,Apparel,AP-205,sale,-2,0
2024-03-09,S4,Grocery,GR-609,sale,-5,0
2024-03-09,S4,Home,HO-321,sale,-6,0
2024-03-09,S4,Apparel,AP-897,count,0,0
2024-03-09,S4,Grocery,GR-788,count,0,0
2024-03-09,S4,Home,HO-774,sale,-2,0
2024-03-09,S4,Electronics,EL-195,sale,-5,0
2024-03-09,S4,Grocery,GR-801,sale,-2,0
2024-03-09,S5,Home,HO-306,sale,-1,0
2024-03-09,S5,Grocery,GR-419,receipt,18,0
2024-03-09,S5,Home,HO-573,count,0,-2
2024-03-09,S5,Electronics,EL-556,sale,-5,0
2024-03-09,S5,Grocery,GR-351,count,0,1
2024-03-09,S5,Electronics,EL-856,sale,-1,0
2024-03-09,S5,Home,HO-668,return,3,0
2024-03-09,S5,Grocery,GR-790,return,3,0
2024-03-09,S5,Apparel,AP-472,return,1,0
2024-03-09,S5,Grocery,GR-104,receipt,48,0
2024-03-09,S5,Grocery,GR-229,count,0,0
2024-03-09,S5,Home,HO-424,return,3,0
2024-03-09,S5,Home,HO-187,sale,-3,0
2024-03-10,S1,Home,HO-648,sale,-4,0
2024-03-10,S1,Apparel,AP-524,sale,-3,0
2024-03-10,S1,Apparel,AP-128,sale,-2,0
2024-03-10,S1,Electronics,EL-818,count,0,-1
2024-03-10,S1,Grocery,GR-952,receipt,47,0
2024-03-10,S1,Home,HO-561,receipt,32,0
2024-03-10,S1,Grocery,GR-724,sale,-2,0
2024-03-10,S1,Home,HO-404,sale,-6,0
2024-03-10,S1,Electronics,EL-953,sale,-2,0
2024-03-10,S1,Home,HO-792,sale,-5,0
2024-03-10,S1,Apparel,AP-817,return,2,0
2024-03-10,S1,Grocery,GR-808,receipt,57,0
2024-03-10,S1,Home,HO-632,receipt,18,0
2024-03-10,S1,Apparel,AP-445,return,3,0
2024-03-10,S2,Apparel,AP-762,sale,-4,0
2024-03-10,S2,Apparel,AP-848,return,3,0
2024-03-10,S2,Apparel,AP-112,receipt,45,0
2024-03-10,S2,Apparel,AP-109,return,1,0
2024-03-10,S2,Electronics,EL-852,sale,-2,0
2024-03-10,S2,Apparel,AP-654,count,0,0
2024-03-10,S2,Home,HO-326,sale,-5,0
2024-03-10,S2,Home,HO-522,sale,-3,0
2024-03-10,S3,Home,HO-681,sale,-6,0
2024-03-10,S3,Apparel,AP-457,sale,-6,0
2024-03-10,S3,Electronics,EL-263,receipt,15,0
2024-03-10,S3,Apparel,AP-308,return,2,0
2024-03-10,S3,Home,HO-890,receipt,25,0
2024-03-10,S3,Home,HO-686,return,1,0
2024-03-10,S3,Grocery,GR-621,receipt,40,0
2024-03-10,S3,Home,HO-467,return,2,0
2024-03-10,S3,Electronics,EL-718,receipt,51,0
2024-03-10,S3,Electronics,EL-916,return,2,0
2024-03-10,S3,Apparel,AP-262,sale,-3,0
2024-03-10,S3,Home,HO-210,sale,-6,0
2024-03-10,S4,Electronics,EL-294,count,0,2
2024-03-10,S4,Home,HO-975,receipt,52,0
2024-03-10,S4,Electronics,EL-728,sale,-3,0
2024-03-10,S4,Home,HO-795,sale,-1,0
2024-03-10,S4,Home,HO-913,sale,-2,0
2024-03-10,S4,Home,HO-413,count,0,-1
2024-03-10,S4,Apparel,AP-564,sale,-3,0
2024-03-10,S4,Electronics,EL-201,sale,-1,0
2024-03-10,S4,Grocery,GR-281,count,0,0
2024-03-10,S4,Grocery,GR-848,receipt,58,0
2024-03-10,S4,Electronics,EL-203,sale,-6,0
2024-03-10,S4,Apparel,AP-916,receipt,60,0
2024-03-10,S4,Apparel,AP-515,sale,-6,0
2024-03-10,S5,Apparel,AP-479,sale,-5,0
2024-03-10,S5,Apparel,AP-498,sale,-1,0
2024-03-10,S5,Electronics,EL-878,sale,-1,0
2024-03-10,S5,Grocery,GR-526,receipt,27,0
2024-03-10,S5,Electronics,EL-525,sale,-4,0
2024-03-10,S5,Home,HO-926,sale,-4,0
2024-03-10,S5,Electronics,EL-104,sale,-2,0
2024-03-10,S5,Electronics,EL-361,sale,-6,0
2024-03-11,S1,Grocery,GR-389,sale,-2,0
2024-03-11,S1,Apparel,AP-419,receipt,22,0
2024-03-11,S1,Home,HO-289,return,1,0
2024-03-11,S1,Electronics,EL-370,receipt,48,0
2024-03-11,S1,Apparel,AP-686,sale,-2,0
2024-03-11,S1,Grocery,GR-533,sale,-2,0
2024-03-11,S1,Grocery,GR-589,count,0,-1
2024-03-11,S1,Home,HO-310,sale,-1,0
2024-03-11,S1,Apparel,AP-768,return,3,0
2024-03-11,S1,Electronics,EL-791,sale,-1,0
2024-03-11,S1,Electronics,EL-586,sale,-6,0
2024-03-11,S1,Grocery,GR-270,count,0,0
2024-03-11,S1,Apparel,AP-744,receipt,55,0
2024-03-11,S1,Grocery,GR-168,count,0,-2
2024-03-11,S2,Home,HO-613,sale,-1,0
2024-03-11,S2,Home,HO-143,return,2,0
2024-03-11,S2,Electronics,EL-735,sale,-6,0
2024-03-11,S2,Electronics,EL-299,sale,-3,0
2024-03-11,S2,Grocery,GR-938,return,2,0
2024-03-11,S2,Home,HO-138,count,0,-1
2024-03-11,S2,Electronics,EL-812,sale,-6,0
2024-03-11,S2,Home,HO-344,sale,-1,0
2024-03-11,S2,Electronics,EL-889,return,1,0
2024-03-11,S2,Grocery,GR-598,sale,-1,0
2024-03-11,S2,Apparel,AP-402,return,1,0
2024-03-11,S2,Apparel,AP-856,sale,-2,0
2024-03-11,S3,Grocery,GR-935,count,0,1
2024-03-11,S3,Grocery,GR-188,count,0,-2
2024-03-11,S3,Home,HO-155,sale,-1,0
2024-03-11,S3,Electronics,EL-169,sale,-3,0
2024-03-11,S3,Electronics,EL-185,receipt,23,0
2024-03-11,S3,Grocery,GR-458,sale,-2,0
2024-03-11,S3,Home,HO-439,count,0,-2
2024-03-11,S3,Home,HO-640,receipt,20,0
2024-03-11,S3,Grocery,GR-585,sale,-2,0
2024-03-11,S3,Electronics,EL-633,count,0,-5
2024-03-11,S3,Electronics,EL-159,sale,-3,0
2024-03-11,S3,Apparel,AP-109,sale,-4,0
2024-03-11,S3,Grocery,GR-761,return,2,0
2024-03-11,S4,Apparel,AP-298,receipt,38,0
2024-03-11,S4,Electronics,EL-980,sale,-6,0
2024-03-11,S4,Home,HO-674,count,0,2
2024-03-11,S4,Electronics,EL-772,sale,-2,0
2024-03-11,S4,Apparel,AP-428,sale,-3,0
2024-03-11,S4,Electronics,EL-259,return,2,0
2024-03-11,S4,Home,HO-104,return,3,0
2024-03-11,S4,Home,HO-732,sale,-1,0
2024-03-11,S4,Electronics,EL-750,sale,-6,0
2024-03-11,S4,Apparel,AP-878,sale,-5,0
2024-03-11,S4,Electronics,EL-972,sale,-2,0
2024-03-11,S4,Home,HO-614,sale,-6,0
2024-03-11,S4,Electronics,EL-806,count,0,0
2024-03-11,S4,Electronics,EL-936,receipt,21,0
2024-03-11,S4,Electronics,EL-697,return,2,0
2024-03-11,S5,Grocery,GR-964,count,0,1
2024-03-11,S5,Grocery,GR-508,sale,-6,0
2024-03-11,S5,Grocery,GR-183,receipt,58,0
2024-03-11,S5,Home,HO-608,count,0,2
2024-03-11,S5,Home,HO-170,sale,-2,0
2024-03-11,S5,Apparel,AP-466,sale,-2,0
2024-03-11,S5,Grocery,GR-755,receipt,50,0
2024-03-11,S5,Electronics,EL-273,return,3,0
2024-03-11,S5,Home,HO-494,return,1,0
2024-03-11,S5,Apparel,AP-557,sale,-3,0
2024-03-11,S5,Electronics,EL-866,sale,-1,0
2024-03-11,S5,Home,HO-453,receipt,36,0
2024-03-12,S1,Home,HO-807,sale,-6,0
2024-03-12,S1,Apparel,AP-448,sale,-5,0
2024-03-12,S1,Grocery,GR-272,count,0,1
2024-03-12,S1,Apparel,AP-358,sale,-6,0
2024-03-12,S1,Electronics,EL-369,return,1,0
2024-03-12,S1,Home,HO-231,sale,-6,0
2024-03-12,S1,Apparel,AP-729,sale,-5,0
2024-03-12,S1,Apparel,AP-777,sale,-3,0
2024-03-12,S1,Grocery,GR-923,sale,-1,0
2024-03-12,S1,Home,HO-411,sale,-6,0
2024-03-12,S1,Apparel,AP-502,receipt,50,0
2024-03-12,S1,Electronics,EL-934,sale,-6,0
2024-03-12,S1,Grocery,GR-874,receipt,26,0
2024-03-12,S1,Home,HO-672,sale,-2,0
2024-03-12,S1,Grocery,GR-950,sale,-5,0
2024-03-12,S2,Home,HO-396,sale,-2,0
2024-03-12,S2,Electronics,EL-273,sale,-6,0
2024-03-12,S2,Home,HO-600,sale,-3,0
2024-03-12,S2,Electronics,EL-480,sale,-5,0
2024-03-12,S2,Home,HO-188,count,0,1
2024-03-12,S2,Grocery,GR-751,sale,-4,0
2024-03-12,S2,Grocery,GR-580,count,0,1
2024-03-12,S2,Electronics,EL-689,sale,-6,0
2024-03-12,S2,Grocery,GR-573,count,0,-1
2024-03-12,S2,Apparel,AP-345,receipt,10,0
2024-03-12,S2,Electronics,EL-641,sale,-5,0
2024-03-12,S2,Home,HO-156,receipt,13,0
2024-03-12,S2,Electronics,EL-761,sale,-6,0
2024-03-12,S2,Home,HO-715,sale,-1,0
2024-03-12,S2,Home,HO-777,count,0,-2
2024-03-12,S3,Home,HO-611,return,2,0
2024-03-12,S3,Grocery,GR-562,sale,-4,0
2024-03-12,S3,Apparel,AP-917,receipt,14,0
2024-03-12,S3,Electronics,EL-617,count,0,-6
2024-03-12,S3,Apparel,AP-112,sale,-5,0
2024-03-12,S3,Grocery,GR-555,sale,-4,0
2024-03-12,S3,Electronics,EL-716,return,3,0
2024-03-12,S3,Electronics,EL-305,receipt,18,0
2024-03-12,S3,Grocery,GR-601,count,0,1
2024-03-12,S3,Electronics,EL-916,receipt,24,0
2024-03-12,S3,Electronics,EL-314,receipt,11,0
2024-03-12,S3,Home,HO-708,sale,-3,0
2024-03-12,S4,Apparel,AP-403,sale,-3,0
2024-03-12,S4,Home,HO-594,count,0,0
2024-03-12,S4,Apparel,AP-349,count,0,-1
2024-03-12,S4,Grocery,GR-397,count,0,-1
2024-03-12,S4,Electronics,EL-113,return,2,0
2024-03-12,S4,Electronics,EL-885,sale,-3,0
2024-03-12,S4,Electronics,EL-907,sale,-3,0
2024-03-12,S4,Apparel,AP-396,sale,-4,0
2024-03-12,S4,Electronics,EL-499,receipt,36,0
2024-03-12,S5,Electronics,EL-133,return,3,0
2024-03-12,S5,Home,HO-920,sale,-6,0
2024-03-12,S5,Home,HO-627,return,2,0
2024-03-12,S5,Electronics,EL-107,sale,-2,0
2024-03-12,S5,Home,HO-911,return,3,0
2024-03-12,S5,Grocery,GR-834,count,0,0
2024-03-12,S5,Grocery,GR-140,receipt,18,0
2024-03-12,S5,Grocery,GR-519,sale,-5,0
2024-03-12,S5,Apparel,AP-692,sale,-6,0
2024-03-12,S5,Apparel,AP-859,count,0,2
2024-03-12,S5,Home,HO-565,receipt,15,0
2024-03-12,S5,Home,HO-823,return,1,0
2024-03-12,S5,Home,HO-915,return,2,0
2024-03-12,S5,Home,HO-277,sale,-1,0
2024-03-13,S1,Electronics,EL-789,sale,-5,0
2024-03-13,S1,Home,HO-624,receipt,45,0
2024-03-13,S1,Electronics,EL-265,sale,-6,0
2024-03-13,S1,Electronics,EL-585,sale,-3,0
2024-03-13,S1,Electronics,EL-527,sale,-2,0
2024-03-13,S1,Electronics,EL-244,return,3,0
2024-03-13,S1,Apparel,AP-284,return,1,0
2024-03-13,S1,Electronics,EL-883,sale,-4,0
2024-03-13,S1,Home,HO-247,count,0,-1
2024-03-13,S1,Grocery,GR-851,return,3,0
2024-03-13,S1,Home,HO-584,return,2,0
2024-03-13,S1,Grocery,GR-701,sale,-3,0
2024-03-13,S2,Grocery,GR-939,return,2,0
2024-03-13,S2,Home,HO-250,count,0,1
2024-03-13,S2,Apparel,AP-155,receipt,23,0
2024-03-13,S2,Grocery,GR-316,receipt,49,0
2024-03-13,S2,Home,HO-361,sale,-3,0
2024-03-13,S2,Home,HO-677,receipt,47,0
2024-03-13,S2,Home,HO-751,sale,-6,0
2024-03-13,S2,Grocery,GR-181,return,1,0
2024-03-13,S2,Grocery,GR-525,sale,-1,0
2024-03-13,S2,Electronics,EL-967,count,0,0
2024-03-13,S2,Grocery,GR-805,sale,-6,0
2024-03-13,S2,Electronics,EL-403,receipt,55,0
2024-03-13,S2,Home,HO-545,count,0,-1
2024-03-13,S3,Apparel,AP-369,sale,-3,0
2024-03-13,S3,Apparel,AP-908,sale,-5,0
2024-03-13,S3,Apparel,AP-921,return,3,0
2024-03-13,S3,Electronics,EL-485,receipt,22,0
2024-03-13,S3,Home,HO-771,receipt,25,0
2024-03-13,S3,Grocery,GR-783,sale,-2,0
2024-03-13,S3,Apparel,AP-706,sale,-3,0
2024-03-13,S3,Apparel,AP-522,return,3,0
2024-03-13,S4,Home,HO-275,sale,-5,0
2024-03-13,S4,Grocery,GR-385,sale,-5,0
2024-03-13,S4,Electronics,EL-173,sale,-6,0
2024-03-13,S4,Electronics,EL-359,count,0,0
2024-03-13,S4,Apparel,AP-566,return,2,0
2024-03-13,S4,Electronics,EL-479,sale,-6,0
2024-03-13,S4,Electronics,EL-654,return,3,0
2024-03-13,S4,Home,HO-338,return,1,0
2024-03-13,S4,Grocery,GR-707,return,3,0
2024-03-13,S5,Grocery,GR-695,sale,-3,0
2024-03-13,S5,Grocery,GR-958,sale,-2,0
2024-03-13,S5,Grocery,GR-418,return,2,0
2024-03-13,S5,Electronics,EL-909,receipt,60,0
2024-03-13,S5,Grocery,GR-574,sale,-3,0
2024-03-13,S5,Apparel,AP-398,return,2,0
2024-03-13,S5,Home,HO-417,sale,-3,0
2024-03-13,S5,Apparel,AP-234,return,1,0
2024-03-13,S5,Grocery,GR-710,return,1,0
2024-03-13,S5,Home,HO-318,return,2,0
2024-03-13,S5,Electronics,EL-584,sale,-4,0
2024-03-13,S5,Apparel,AP-130,sale,-5,0
2024-03-13,S5,Electronics,EL-314,return,2,0
2024-03-14,S1,Apparel,AP-676,receipt,40,0
2024-03-14,S1,Electronics,EL-460,sale,-6,0
2024-03-14,S1,Apparel,AP-118,count,0,-1
2024-03-14,S1,Home,HO-954,return,1,0
2024-03-14,S1,Apparel,AP-345,count,0,-2
2024-03-14,S1,Apparel,AP-686,return,3,0
2024-03-14,S1,Grocery,GR-978,count,0,-1
2024-03-14,S1,Apparel,AP-476,count,0,1
2024-03-14,S1,Electronics,EL-879,count,0,2
2024-03-14,S1,Apparel,AP-915,sale,-2,0
2024-03-14,S2,Electronics,EL-301,receipt,53,0
2024-03-14,S2,Electronics,EL-772,sale,-3,0
2024-03-14,S2,Electronics,EL-111,sale,-2,0
2024-03-14,S2,Apparel,AP-382,count,0,-1
2024-03-14,S2,Grocery,GR-888,receipt,48,0
2024-03-14,S2,Electronics,EL-709,receipt,56,0
2024-03-14,S2,Grocery,GR-669,sale,-5,0
2024-03-14,S2,Electronics,EL-803,return,2,0
2024-03-14,S2,Electronics,EL-425,receipt,25,0
2024-03-14,S2,Electronics,EL-929,receipt,18,0
2024-03-14,S3,Home,HO-486,sale,-6,0
2024-03-14,S3,Electronics,EL-435,sale,-6,0
2024-03-14,S3,Home,HO-223,count,0,-2
2024-03-14,S3,Home,HO-334,sale,-4,0
2024-03-14,S3,Apparel,AP-827,sale,-5,0
2024-03-14,S3,Home,HO-580,receipt,52,0
2024-03-14,S3,Apparel,AP-783,count,0,-1
2024-03-14,S3,Home,HO-821,sale,-1,0
2024-03-14,S3,Home,HO-115,return,2,0
2024-03-14,S3,Apparel,AP-817,return,1,0
2024-03-14,S4,Home,HO-308,return,1,0
2024-03-14,S4,Grocery,GR-351,count,0,-1
2024-03-14,S4,Apparel,AP-118,return,2,0
2024-03-14,S4,Electronics,EL-170,sale,-6,0
2024-03-14,S4,Electronics,EL-271,return,2,0
2024-03-14,S4,Electronics,EL-846,sale,-4,0
2024-03-14,S4,Home,HO-567,sale,-5,0
2024-03-14,S4,Electronics,EL-238,sale,-6,0
2024-03-14,S4,Electronics,EL-803,count,0,1
2024-03-14,S4,Grocery,GR-704,sale,-4,0
2024-03-14,S4,Apparel,AP-675,sale,-2,0
2024-03-14,S4,Apparel,AP-929,return,3,0
2024-03-14,S5,Home,HO-250,return,1,0
2024-03-14,S5,Electronics,EL-273,sale,-6,0
2024-03-14,S5,Grocery,GR-537,sale,-4,0
2024-03-14,S5,Apparel,AP-492,count,0,2
2024-03-14,S5,Grocery,GR-670,sale,-2,0
2024-03-14,S5,Apparel,AP-490,sale,-3,0
2024-03-14,S5,Apparel,AP-281,receipt,43,0
2024-03-14,S5,Electronics,EL-741,return,1,0
2024-03-14,S5,Electronics,EL-453,sale,-6,0
2024-03-15,S1,Home,HO-416,sale,-3,0
2024-03-15,S1,Apparel,AP-356,sale,-3,0
2024-03-15,S1,Apparel,AP-963,count,0,2
2024-03-15,S1,Home,HO-104,count,0,1
2024-03-15,S1,Electronics,EL-744,receipt,37,0
2024-03-15,S1,Apparel,AP-631,sale,-1,0
2024-03-15,S1,Electronics,EL-446,sale,-4,0
2024-03-15,S1,Grocery,GR-839,return,1,0
2024-03-15,S1,Apparel,AP-414,receipt,24,0
2024-03-15,S1,Apparel,AP-631,count,0,2
2024-03-15,S2,Electronics,EL-689,sale,-3,0
2024-03-15,S2,Electronics,EL-253,return,2,0
2024-03-15,S2,Apparel,AP-716,count,0,-1
2024-03-15,S2,Grocery,GR-956,sale,-1,0
2024-03-15,S2,Electronics,EL-859,sale,-2,0
2024-03-15,S2,Apparel,AP-648,sale,-2,0
2024-03-15,S2,Apparel,AP-866,sale,-2,0
2024-03-15,S2,Home,HO-642,count,0,-1
2024-03-15,S2,Grocery,GR-140,sale,-2,0
2024-03-15,S2,Home,HO-733,receipt,53,0
2024-03-15,S2,Home,HO-298,count,0,-2
2024-03-15,S2,Electronics,EL-991,return,3,0
2024-03-15,S2,Home,HO-355,receipt,31,0
2024-03-15,S2,Electronics,EL-687,sale,-2,0
2024-03-15,S2,Grocery,GR-739,sale,-4,0
2024-03-15,S2,Apparel,AP-652,return,2,0
2024-03-15,S3,Electronics,EL-397,sale,-5,0
2024-03-15,S3,Home,HO-749,count,0,2
2024-03-15,S3,Grocery,GR-132,count,0,2
2024-03-15,S3,Grocery,GR-162,count,0,-2
2024-03-15,S3,Apparel,AP-598,return,3,0
2024-03-15,S3,Apparel,AP-614,count,0,-1
2024-03-15,S3,Electronics,EL-613,count,0,-4
2024-03-15,S3,Home,HO-921,sale,-2,0
2024-03-15,S4,Grocery,GR-879,count,0,0
2024-03-15,S4,Electronics,EL-307,receipt,51,0
2024-03-15,S4,Apparel,AP-401,sale,-1,0
2024-03-15,S4,Electronics,EL-779,count,0,-2
2024-03-15,S4,Home,HO-358,receipt,15,0
2024-03-15,S4,Grocery,GR-537,sale,-2,0
2024-03-15,S4,Apparel,AP-455,sale,-2,0
2024-03-15,S4,Electronics,EL-414,sale,-5,0
2024-03-15,S4,Apparel,AP-106,count,0,0
2024-03-15,S4,Home,HO-986,count,0,0
2024-03-15,S4,Electronics,EL-769,count,0,2
2024-03-15,S4,Home,HO-660,sale,-6,0
2024-03-15,S4,Apparel,AP-235,sale,-3,0
2024-03-15,S4,Apparel,AP-124,count,0,2
2024-03-15,S4,Electronics,EL-483,sale,-2,0
2024-03-15,S4,Grocery,GR-544,return,1,0
2024-03-15,S5,Apparel,AP-539,count,0,-2
2024-03-15,S5,Electronics,EL-277,sale,-6,0
2024-03-15,S5,Electronics,EL-701,sale,-3,0
2024-03-15,S5,Home,HO-726,receipt,56,0
2024-03-15,S5,Grocery,GR-215,count,0,-2
2024-03-15,S5,Grocery,GR-826,count,0,-2
2024-03-15,S5,Home,HO-737,sale,-3,0
2024-03-15,S5,Electronics,EL-866,sale,-6,0
2024-03-15,S5,Electronics,EL-841,return,1,0
2024-03-15,S5,Apparel,AP-988,sale,-5,0
2024-03-15,S5,Home,HO-728,sale,-5,0
2024-03-15,S5,Apparel,AP-204,sale,-5,0
2024-03-15,S5,Electronics,EL-488,count,0,-1
2024-03-15,S5,Apparel,AP-633,sale,-6,0
2024-03-16,S1,Grocery,GR-793,count,0,2
2024-03-16,S1,Grocery,GR-726,return,3,0
2024-03-16,S1,Grocery,GR-955,sale,-2,0
2024-03-16,S1,Electronics,EL-961,sale,-2,0
2024-03-16,S1,Home,HO-753,sale,-5,0
2024-03-16,S1,Apparel,AP-877,return,1,0
2024-03-16,S1,Grocery,GR-680,sale,-5,0
2024-03-16,S1,Electronics,EL-258,receipt,16,0
2024-03-16,S1,Electronics,EL-922,sale,-1,0
2024-03-16,S1,Home,HO-142,receipt,52,0
2024-03-16,S1,Apparel,AP-561,return,3,0
2024-03-16,S1,Home,HO-700,return,3,0
2024-03-16,S1,Apparel,AP-878,sale,-4,0
2024-03-16,S2,Grocery,GR-638,count,0,0
2024-03-16,S2,Electronics,EL-442,sale,-1,0
2024-03-16,S2,Electronics,EL-711,sale,-6,0
2024-03-16,S2,Home,HO-775,receipt,47,0
2024-03-16,S2,Apparel,AP-254,sale,-5,0
2024-03-16,S2,Apparel,AP-909,count,0,-1
2024-03-16,S2,Home,HO-891,count,0,-2
2024-03-16,S2,Grocery,GR-718,sale,-5,0
2024-03-16,S2,Electronics,EL-901,count,0,0
2024-03-16,S2,Grocery,GR-176,sale,-6,0
2024-03-16,S2,Apparel,AP-832,receipt,29,0
2024-03-16,S2,Home,HO-833,sale,-2,0
2024-03-16,S2,Apparel,AP-382,receipt,40,0
2024-03-16,S2,Apparel,AP-364,sale,-3,0
2024-03-16,S3,Apparel,AP-490,sale,-6,0
2024-03-16,S3,Apparel,AP-531,sale,-6,0
2024-03-16,S3,Apparel,AP-109,sale,-3,0
2024-03-16,S3,Apparel,AP-464,sale,-4,0
2024-03-16,S3,Apparel,AP-758,count,0,2
2024-03-16,S3,Apparel,AP-486,sale,-3,0
2024-03-16,S3,Apparel,AP-165,receipt,59,0
2024-03-16,S3,Apparel,AP-665,count,0,1
2024-03-16,S3,Apparel,AP-850,count,0,0
2024-03-16,S3,Apparel,AP-637,sale,-1,0
2024-03-16,S3,Home,HO-594,sale,-5,0
2024-03-16,S3,Electronics,EL-229,sale,-6,0
2024-03-16,S4,Electronics,EL-825,return,3,0
2024-03-16,S4,Electronics,EL-465,sale,-1,0
2024-03-16,S4,Apparel,AP-560,return,2,0
2024-03-16,S4,Apparel,AP-414,sale,-5,0
2024-03-16,S4,Apparel,AP-849,count,0,-2
2024-03-16,S4,Apparel,AP-646,count,0,1
2024-03-16,S4,Home,HO-335,count,0,-1
2024-03-16,S4,Apparel,AP-814,return,2,0
2024-03-16,S4,Apparel,AP-675,sale,-1,0
2024-03-16,S4,Grocery,GR-878,receipt,38,0
2024-03-16,S4,Electronics,EL-403,sale,-6,0
2024-03-16,S4,Home,HO-956,return,3,0
2024-03-16,S5,Home,HO-151,sale,-2,0
2024-03-16,S5,Electronics,EL-264,receipt,10,0
2024-03-16,S5,Home,HO-728,sale,-4,0
2024-03-16,S5,Home,HO-775,sale,-2,0
2024-03-16,S5,Electronics,EL-479,sale,-4,0
2024-03-16,S5,Home,HO-247,return,2,0
2024-03-16,S5,Apparel,AP-649,sale,-5,0
2024-03-16,S5,Grocery,GR-812,count,0,0
2024-03-16,S5,Grocery,GR-111,receipt,27,0
2024-03-16,S5,Home,HO-923,sale,-5,0
2024-03-17,S1,Home,HO-336,sale,-3,0
2024-03-17,S1,Apparel,AP-772,count,0,-2
2024-03-17,S1,Apparel,AP-856,receipt,23,0
2024-03-17,S1,Grocery,GR-886,count,0,0
2024-03-17,S1,Home,HO-598,sale,-6,0
2024-03-17,S1,Grocery,GR-720,sale,-3,0
2024-03-17,S1,Electronics,EL-715,count,0,0
2024-03-17,S1,Grocery,GR-560,return,3,0
2024-03-17,S2,Apparel,AP-938,sale,-1,0
2024-03-17,S2,Grocery,GR-303,count,0,0
2024-03-17,S2,Electronics,EL-555,return,2,0
2024-03-17,S2,Grocery,GR-538,return,1,0
2024-03-17,S2,Grocery,GR-381,count,0,0
2024-03-17,S2,Home,HO-367,sale,-1,0
2024-03-17,S2,Apparel,AP-359,return,3,0
2024-03-17,S2,Apparel,AP-848,sale,-4,0
2024-03-17,S2,Grocery,GR-545,sale,-4,0
2024-03-17,S2,Home,HO-109,sale,-3,0
2024-03-17,S2,Grocery,GR-210,sale,-3,0
2024-03-17,S3,Apparel,AP-644,sale,-2,0
2024-03-17,S3,Apparel,AP-265,count,0,0
2024-03-17,S3,Home,HO-875,return,2,0
2024-03-17,S3,Apparel,AP-884,sale,-3,0
2024-03-17,S3,Grocery,GR-846,receipt,42,0
2024-03-17,S3,Electronics,EL-226,sale,-1,0
2024-03-17,S3,Home,HO-194,receipt,18,0
2024-03-17,S3,Apparel,AP-370,return,2,0
2024-03-17,S3,Grocery,GR-168,count,0,1
2024-03-17,S3,Home,HO-300,receipt,34,0
2024-03-17,S4,Electronics,EL-182,sale,-1,0
2024-03-17,S4,Grocery,GR-546,return,1,0
2024-03-17,S4,Grocery,GR-709,sale,-6,0
2024-03-17,S4,Home,HO-141,receipt,53,0
2024-03-17,S4,Grocery,GR-467,sale,-5,0
2024-03-17,S4,Grocery,GR-943,return,1,0
2024-03-17,S4,Home,HO-237,sale,-5,0
2024-03-17,S4,Grocery,GR-929,sale,-5,0
2024-03-17,S4,Home,HO-775,sale,-2,0
2024-03-17,S4,Apparel,AP-900,return,2,0
2024-03-17,S4,Home,HO-995,count,0,1
2024-03-17,S4,Home,HO-452,receipt,33,0
2024-03-17,S4,Home,HO-262,count,0,1
2024-03-17,S4,Apparel,AP-745,count,0,2
2024-03-17,S5,Apparel,AP-816,count,0,-1
2024-03-17,S5,Home,HO-562,count,0,0
2024-03-17,S5,Electronics,EL-268,sale,-2,0
2024-03-17,S5,Electronics,EL-365,sale,-1,0
2024-03-17,S5,Grocery,GR-540,sale,-2,0
2024-03-17,S5,Grocery,GR-439,sale,-1,0
2024-03-17,S5,Electronics,EL-566,count,0,2
2024-03-17,S5,Electronics,EL-393,return,2,0
2024-03-17,S5,Apparel,AP-856,count,0,-2
2024-03-17,S5,Home,HO-600,sale,-5,0
2024-03-17,S5,Electronics,EL-805,sale,-2,0
2024-03-17,S5,Home,HO-307,sale,-2,0
2024-03-17,S5,Apparel,AP-780,sale,-5,0
2024-03-17,S5,Electronics,EL-555,sale,-2,0
2024-03-18,S1,Home,HO-551,sale,-6,0
2024-03-18,S1,Electronics,EL-528,sale,-1,0
2024-03-18,S1,Electronics,EL-174,count,0,2
2024-03-18,S1,Apparel,AP-732,sale,-6,0
2024-03-18,S1,Home,HO-970,sale,-5,0
2024-03-18,S1,Electronics,EL-845,return,3,0
2024-03-18,S1,Home,HO-601,count,0,-1
2024-03-18,S1,Apparel,AP-386,count,0,-1
2024-03-18,S1,Apparel,AP-258,count,0,-1
2024-03-18,S1,Grocery,GR-742,count,0,1
2024-03-18,S1,Apparel,AP-670,sale,-1,0
2024-03-18,S1,Grocery,GR-978,count,0,0
2024-03-18,S2,Electronics,EL-606,return,3,0
2024-03-18,S2,Electronics,EL-236,sale,-6,0
2024-03-18,S2,Apparel,AP-618,sale,-4,0
2024-03-18,S2,Apparel,AP-755,sale,-4,0
2024-03-18,S2,Home,HO-793,sale,-1,0
2024-03-18,S2,Apparel,AP-650,return,3,0
2024-03-18,S2,Electronics,EL-379,sale,-1,0
2024-03-18,S2,Apparel,AP-781,sale,-1,0
2024-03-18,S2,Apparel,AP-259,sale,-3,0
2024-03-18,S2,Apparel,AP-386,sale,-6,0
2024-03-18,S2,Grocery,GR-443,sale,-1,0
2024-03-18,S2,Home,HO-117,sale,-2,0
2024-03-18,S2,Grocery,GR-998,receipt,44,0
2024-03-18,S3,Apparel,AP-611,sale,-2,0
2024-03-18,S3,Home,HO-839,sale,-6,0
2024-03-18,S3,Apparel,AP-534,return,2,0
2024-03-18,S3,Grocery,GR-173,sale,-6,0
2024-03-18,S3,Apparel,AP-821,receipt,20,0
2024-03-18,S3,Home,HO-359,sale,-1,0
2024-03-18,S3,Home,HO-146,return,2,0
2024-03-18,S3,Apparel,AP-990,return,3,0
2024-03-18,S3,Apparel,AP-818,sale,-5,0
2024-03-18,S3,Electronics,EL-514,count,0,-3
2024-03-18,S3,Home,HO-533,receipt,51,0
2024-03-18,S4,Home,HO-742,receipt,13,0
2024-03-18,S4,Electronics,EL-425,return,3,0
2024-03-18,S4,Home,HO-772,receipt,31,0
2024-03-18,S4,Home,HO-944,return,2,0
2024-03-18,S4,Apparel,AP-682,return,2,0
2024-03-18,S4,Electronics,EL-648,return,1,0
2024-03-18,S4,Grocery,GR-182,count,0,1
2024-03-18,S4,Home,HO-470,sale,-1,0
2024-03-18,S4,Grocery,GR-657,count,0,0
2024-03-18,S4,Home,HO-748,count,0,1
2024-03-18,S4,Home,HO-186,sale,-6,0
2024-03-18,S4,Grocery,GR-996,sale,-4,0
2024-03-18,S5,Grocery,GR-258,return,1,0
2024-03-18,S5,Electronics,EL-579,count,0,1
2024-03-18,S5,Home,HO-943,count,0,-1
2024-03-18,S5,Home,HO-493,sale,-5,0
2024-03-18,S5,Electronics,EL-211,receipt,33,0
2024-03-18,S5,Home,HO-301,sale,-1,0
2024-03-18,S5,Apparel,AP-777,count,0,2
2024-03-18,S5,Home,HO-402,sale,-3,0
2024-03-19,S1,Apparel,AP-174,receipt,60,0
2024-03-19,S1,Electronics,EL-138,sale,-1,0
2024-03-19,S1,Grocery,GR-798,sale,-2,0
2024-03-19,S1,Electronics,EL-923,sale,-6,0
2024-03-19,S1,Apparel,AP-841,sale,-4,0
2024-03-19,S1,Home,HO-494,sale,-5,0
2024-03-19,S1,Electronics,EL-280,return,1,0
2024-03-19,S1,Apparel,AP-656,sale,-2,0
2024-03-19,S2,Apparel,AP-936,sale,-2,0
2024-03-19,S2,Electronics,EL-432,receipt,50,0
2024-03-19,S2,Home,HO-591,count,0,1
2024-03-19,S2,Apparel,AP-670,count,0,-1
2024-03-19,S2,Home,HO-845,count,0,0
2024-03-19,S2,Apparel,AP-688,sale,-6,0
2024-03-19,S2,Electronics,EL-748,count,0,-1
2024-03-19,S2,Grocery,GR-674,sale,-3,0
2024-03-19,S2,Electronics,EL-153,sale,-6,0
2024-03-19,S2,Electronics,EL-121,return,1,0
2024-03-19,S2,Electronics,EL-174,sale,-2,0
2024-03-19,S2,Grocery,GR-906,sale,-1,0
2024-03-19,S2,Apparel,AP-326,sale,-4,0
2024-03-19,S2,Apparel,AP-747,sale,-6,0
2024-03-19,S2,Home,HO-445,count,0,-2
2024-03-19,S3,Electronics,EL-845,receipt,28,0
2024-03-19,S3,Apparel,AP-179,sale,-1,0
2024-03-19,S3,Electronics,EL-905,receipt,35,0
2024-03-19,S3,Grocery,GR-389,return,2,0
2024-03-19,S3,Electronics,EL-242,count,0,-2
2024-03-19,S3,Home,HO-938,return,1,0
2024-03-19,S3,Home,HO-137,count,0,-2
2024-03-19,S3,Apparel,AP-352,sale,-3,0
2024-03-19,S3,Apparel,AP-996,sale,-1,0
2024-03-19,S3,Electronics,EL-186,return,1,0
2024-03-19,S3,Grocery,GR-956,count,0,0
2024-03-19,S3,Grocery,GR-783,receipt,17,0
2024-03-19,S4,Electronics,EL-736,return,1,0
2024-03-19,S4,Electronics,EL-683,return,2,0
2024-03-19,S4,Home,HO-793,sale,-1,0
2024-03-19,S4,Home,HO-325,return,2,0
2024-03-19,S4,Home,HO-524,count,0,-2
2024-03-19,S4,Grocery,GR-457,count,0,0
2024-03-19,S4,Home,HO-193,count,0,1
2024-03-19,S4,Home,HO-996,count,0,1
2024-03-19,S4,Apparel,AP-522,sale,-1,0
2024-03-19,S4,Apparel,AP-134,count,0,1
2024-03-19,S4,Electronics,EL-262,receipt,48,0
2024-03-19,S4,Home,HO-493,sale,-2,0
2024-03-19,S5,Electronics,EL-318,receipt,36,0
2024-03-19,S5,Home,HO-141,receipt,31,0
2024-03-19,S5,Grocery,GR-399,sale,-6,0
2024-03-19,S5,Apparel,AP-518,count,0,0
2024-03-19,S5,Apparel,AP-527,return,2,0
2024-03-19,S5,Grocery,GR-210,sale,-6,0
2024-03-19,S5,Grocery,GR-585,return,3,0
2024-03-19,S5,Home,HO-238,receipt,46,0
2024-03-19,S5,Apparel,AP-873,sale,-4,0
2024-03-19,S5,Apparel,AP-658,sale,-5,0
2024-03-20,S1,Electronics,EL-713,count,0,2
2024-03-20,S1,Grocery,GR-464,sale,-2,0
2024-03-20,S1,Electronics,EL-424,receipt,48,0
2024-03-20,S1,Apparel,AP-517,count,0,-2
2024-03-20,S1,Apparel,AP-433,sale,-5,0
2024-03-20,S1,Home,HO-617,return,1,0
2024-03-20,S1,Home,HO-315,return,3,0
2024-03-20,S1,Grocery,GR-464,return,2,0
2024-03-20,S1,Electronics,EL-520,sale,-1,0
2024-03-20,S1,Electronics,EL-150,receipt,45,0
2024-03-20,S2,Home,HO-483,count,0,1
2024-03-20,S2,Grocery,GR-305,sale,-1,0
2024-03-20,S2,Grocery,GR-861,sale,-1,0
2024-03-20,S2,Electronics,EL-826,count,0,-1
2024-03-20,S2,Grocery,GR-884,count,0,-1
2024-03-20,S2,Apparel,AP-544,receipt,27,0
2024-03-20,S2,Grocery,GR-894,sale,-3,0
2024-03-20,S2,Electronics,EL-536,count,0,-1
2024-03-20,S2,Grocery,GR-963,sale,-6,0
2024-03-20,S2,Apparel,AP-975,sale,-3,0
2024-03-20,S2,Grocery,GR-470,sale,-1,0
2024-03-20,S2,Grocery,GR-833,sale,-5,0
2024-03-20,S2,Electronics,EL-207,return,1,0
2024-03-20,S2,Grocery,GR-136,receipt,23,0
2024-03-20,S3,Electronics,EL-662,return,3,0
2024-03-20,S3,Home,HO-751,return,1,0
2024-03-20,S3,Electronics,EL-401,count,0,-3
2024-03-20,S3,Home,HO-992,sale,-5,0
2024-03-20,S3,Apparel,AP-653,count,0,1
2024-03-20,S3,Apparel,AP-444,count,0,-2
2024-03-20,S3,Home,HO-202,sale,-1,0
2024-03-20,S3,Apparel,AP-720,sale,-1,0
2024-03-20,S4,Electronics,EL-780,count,0,0
2024-03-20,S4,Home,HO-947,sale,-2,0
2024-03-20,S4,Grocery,GR-771,sale,-3,0
2024-03-20,S4,Apparel,AP-366,sale,-6,0
2024-03-20,S4,Grocery,GR-261,sale,-1,0
2024-03-20,S4,Home,HO-159,sale,-1,0
2024-03-20,S4,Home,HO-271,sale,-5,0
2024-03-20,S4,Electronics,EL-652,sale,-6,0
2024-03-20,S4,Home,HO-445,return,3,0
2024-03-20,S5,Home,HO-893,sale,-6,0
2024-03-20,S5,Electronics,EL-583,sale,-5,0
2024-03-20,S5,Home,HO-741,sale,-2,0
2024-03-20,S5,Home,HO-742,count,0,2
2024-03-20,S5,Grocery,GR-666,sale,-4,0
2024-03-20,S5,Apparel,AP-510,sale,-6,0
2024-03-20,S5,Apparel,AP-385,receipt,55,0
2024-03-20,S5,Home,HO-638,receipt,37,0
2024-03-20,S5,Electronics,EL-168,count,0,-1
2024-03-20,S5,Grocery,GR-438,sale,-4,0
2024-03-20,S5,Electronics,EL-402,sale,-1,0
2024-03-20,S5,Apparel,AP-187,return,3,0
2024-03-20,S5,Grocery,GR-104,return,1,0
2024-03-21,S1,Apparel,AP-466,sale,-4,0
2024-03-21,S1,Electronics,EL-355,sale,-4,0
2024-03-21,S1,Home,HO-751,count,0,1
2024-03-21,S1,Grocery,GR-257,return,1,0
2024-03-21,S1,Apparel,AP-742,sale,-2,0
2024-03-21,S1,Apparel,AP-744,sale,-3,0
2024-03-21,S1,Home,HO-687,receipt,50,0
2024-03-21,S1,Grocery,GR-134,receipt,42,0
2024-03-21,S1,Grocery,GR-814,sale,-5,0
2024-03-21,S1,Electronics,EL-589,sale,-4,0
2024-03-21,S1,Home,HO-641,return,2,0
2024-03-21,S1,Grocery,GR-709,return,2,0
2024-03-21,S1,Home,HO-597,return,3,0
2024-03-21,S1,Apparel,AP-331,sale,-4,0
2024-03-21,S1,Grocery,GR-547,count,0,-2
2024-03-21,S1,Electronics,EL-427,count,0,2
2024-03-21,S2,Electronics,EL-462,sale,-4,0
2024-03-21,S2,Grocery,GR-984,sale,-5,0
2024-03-21,S2,Home,HO-237,receipt,47,0
2024-03-21,S2,Electronics,EL-286,sale,-1,0
2024-03-21,S2,Home,HO-835,return,3,0
2024-03-21,S2,Electronics,EL-978,receipt,15,0
2024-03-21,S2,Grocery,GR-490,count,0,1
2024-03-21,S2,Apparel,AP-834,sale,-1,0
2024-03-21,S3,Electronics,EL-532,receipt,56,0
2024-03-21,S3,Grocery,GR-632,return,3,0
2024-03-21,S3,Electronics,EL-553,sale,-4,0
2024-03-21,S3,Home,HO-774,return,3,0
2024-03-21,S3,Grocery,GR-853,sale,-1,0
2024-03-21,S3,Apparel,AP-602,sale,-3,0
2024-03-21,S3,Apparel,AP-339,sale,-4,0
2024-03-21,S3,Grocery,GR-814,sale,-4,0
2024-03-21,S3,Apparel,AP-891,sale,-2,0
2024-03-21,S3,Apparel,AP-325,sale,-6,0
2024-03-21,S3,Home,HO-783,sale,-2,0
2024-03-21,S3,Electronics,EL-285,sale,-3,0
2024-03-21,S3,Apparel,AP-759,return,2,0
2024-03-21,S3,Grocery,GR-960,count,0,1
2024-03-21,S3,Electronics,EL-265,return,2,0
2024-03-21,S3,Apparel,AP-470,sale,-3,0
2024-03-21,S4,Grocery,GR-287,return,3,0
2024-03-21,S4,Grocery,GR-653,return,3,0
2024-03-21,S4,Grocery,GR-968,sale,-2,0
2024-03-21,S4,Grocery,GR-804,count,0,-2
2024-03-21,S4,Home,HO-702,return,2,0
2024-03-21,S4,Electronics,EL-441,sale,-4,0
2024-03-21,S4,Home,HO-511,count,0,2
2024-03-21,S4,Electronics,EL-783,receipt,41,0
2024-03-21,S4,Electronics,EL-502,sale,-6,0
2024-03-21,S4,Home,HO-339,count,0,-1
2024-03-21,S4,Home,HO-284,sale,-6,0
2024-03-21,S4,Electronics,EL-865,return,2,0
2024-03-21,S4,Apparel,AP-116,sale,-3,0
2024-03-21,S4,Apparel,AP-550,sale,-6,0
2024-03-21,S5,Electronics,EL-602,return,3,0
2024-03-21,S5,Apparel,AP-646,receipt,34,0
2024-03-21,S5,Apparel,AP-596,receipt,56,0
2024-03-21,S5,Home,HO-502,sale,-3,0
2024-03-21,S5,Grocery,GR-916,sale,-1,0
2024-03-21,S5,Home,HO-175,return,1,0
2024-03-21,S5,Grocery,GR-896,sale,-3,0
2024-03-21,S5,Electronics,EL-284,count,0,-1
2024-03-21,S5,Electronics,EL-260,sale,-5,0
2024-03-21,S5,Apparel,AP-748,receipt,15,0
2024-03-21,S5,Home,HO-888,sale,-5,0
2024-03-21,S5,Grocery,GR-768,receipt,22,0
2024-03-21,S5,Electronics,EL-976,return,3,0
2024-03-22,S1,Grocery,GR-336,sale,-1,0
2024-03-22,S1,Home,HO-512,sale,-3,0
2024-03-22,S1,Home,HO-276,return,2,0
2024-03-22,S1,Home,HO-766,return,3,0
2024-03-22,S1,Home,HO-860,sale,-4,0
2024-03-22,S1,Electronics,EL-535,sale,-6,0
2024-03-22,S1,Home,HO-221,return,3,0
2024-03-22,S1,Electronics,EL-828,sale,-2,0
2024-03-22,S1,Grocery,GR-368,receipt,18,0
2024-03-22,S1,Apparel,AP-393,return,1,0
2024-03-22,S1,Home,HO-609,receipt,15,0
2024-03-22,S1,Electronics,EL-758,return,2,0
2024-03-22,S1,Grocery,GR-259,sale,-1,0
2024-03-22,S1,Grocery,GR-759,sale,-2,0
2024-03-22,S2,Electronics,EL-942,return,3,0
2024-03-22,S2,Apparel,AP-728,return,1,0
2024-03-22,S2,Apparel,AP-241,sale,-5,0
2024-03-22,S2,Home,HO-194,sale,-1,0
2024-03-22,S2,Apparel,AP-225,sale,-4,0
2024-03-22,S2,Electronics,EL-169,sale,-3,0
2024-03-22,S2,Home,HO-767,sale,-1,0
2024-03-22,S2,Electronics,EL-368,receipt,42,0
2024-03-22,S2,Home,HO-548,count,0,-1
2024-03-22,S2,Home,HO-546,receipt,58,0
2024-03-22,S2,Electronics,EL-203,count,0,1
2024-03-22,S2,Apparel,AP-744,receipt,58,0
2024-03-22,S2,Home,HO-134,receipt,46,0
2024-03-22,S2,Electronics,EL-709,sale,-2,0
2024-03-22,S2,Apparel,AP-168,count,0,1
2024-03-22,S2,Electronics,EL-255,sale,-1,0
2024-03-22,S3,Home,HO-982,count,0,-2
2024-03-22,S3,Grocery,GR-170,sale,-4,0
2024-03-22,S3,Grocery,GR-745,sale,-5,0
2024-03-22,S3,Apparel,AP-998,sale,-2,0
2024-03-22,S3,Apparel,AP-663,sale,-3,0
2024-03-22,S3,Apparel,AP-855,receipt,25,0
2024-03-22,S3,Apparel,AP-248,count,0,1
2024-03-22,S3,Grocery,GR-871,count,0,-1
2024-03-22,S3,Electronics,EL-166,sale,-1,0
2024-03-22,S3,Electronics,EL-215,sale,-3,0
2024-03-22,S4,Electronics,EL-588,sale,-3,0
2024-03-22,S4,Electronics,EL-322,sale,-5,0
2024-03-22,S4,Home,HO-358,return,2,0
2024-03-22,S4,Apparel,AP-247,count,0,1
2024-03-22,S4,Home,HO-958,sale,-6,0
2024-03-22,S4,Apparel,AP-129,return,3,0
2024-03-22,S4,Apparel,AP-210,return,1,0
2024-03-22,S4,Grocery,GR-957,sale,-5,0
2024-03-22,S4,Electronics,EL-129,sale,-2,0
2024-03-22,S4,Home,HO-378,receipt,23,0
2024-03-22,S4,Electronics,EL-754,return,1,0
2024-03-22,S4,Home,HO-953,return,3,0
2024-03-22,S4,Apparel,AP-782,sale,-2,0
2024-03-22,S4,Home,HO-921,count,0,0
2024-03-22,S4,Grocery,GR-507,sale,-3,0
2024-03-22,S5,Apparel,AP-252,count,0,1
2024-03-22,S5,Home,HO-734,receipt,47,0
2024-03-22,S5,Electronics,EL-516,sale,-2,0
2024-03-22,S5,Electronics,EL-478,return,2,0
2024-03-22,S5,Home,HO-701,receipt,27,0
2024-03-22,S5,Home,HO-862,sale,-5,0
2024-03-22,S5,Apparel,AP-562,count,0,-1
2024-03-22,S5,Apparel,AP-674,receipt,51,0
2024-03-22,S5,Electronics,EL-713,return,3,0
2024-03-22,S5,Grocery,GR-963,sale,-4,0
2024-03-22,S5,Electronics,EL-324,count,0,-2
2024-03-22,S5,Electronics,EL-852,sale,-6,0
2024-03-23,S1,Apparel,AP-530,receipt,33,0
2024-03-23,S1,Home,HO-658,return,3,0
2024-03-23,S1,Home,HO-726,count,0,1
2024-03-23,S1,Electronics,EL-822,sale,-1,0
2024-03-23,S1,Electronics,EL-867,receipt,23,0
2024-03-23,S1,Grocery,GR-423,sale,-2,0
2024-03-23,S1,Grocery,GR-956,sale,-3,0
2024-03-23,S1,Electronics,EL-348,return,3,0
2024-03-23,S1,Grocery,GR-239,count,0,1
2024-03-23,S1,Grocery,GR-244,sale,-2,0
2024-03-23,S1,Electronics,EL-981,count,0,2
2024-03-23,S1,Apparel,AP-295,sale,-5,0
2024-03-23,S2,Home,HO-147,sale,-4,0
2024-03-23,S2,Electronics,EL-672,receipt,24,0
2024-03-23,S2,Apparel,AP-562,return,3,0
2024-03-23,S2,Home,HO-178,count,0,2
2024-03-23,S2,Home,HO-759,count,0,-1
2024-03-23,S2,Apparel,AP-291,return,2,0
2024-03-23,S2,Electronics,EL-629,count,0,2
2024-03-23,S2,Apparel,AP-967,sale,-4,0
2024-03-23,S2,Apparel,AP-660,sale,-1,0
2024-03-23,S2,Home,HO-463,count,0,-1
2024-03-23,S2,Grocery,GR-444,receipt,45,0
2024-03-23,S3,Grocery,GR-852,count,0,-2
2024-03-23,S3,Apparel,AP-442,sale,-4,0
2024-03-23,S3,Electronics,EL-206,receipt,56,0
2024-03-23,S3,Apparel,AP-986,sale,-1,0
2024-03-23,S3,Grocery,GR-331,receipt,18,0
2024-03-23,S3,Electronics,EL-441,return,2,0
2024-03-23,S3,Grocery,GR-474,sale,-4,0
2024-03-23,S3,Grocery,GR-242,sale,-6,0
2024-03-23,S3,Electronics,EL-228,sale,-2,0
2024-03-23,S3,Grocery,GR-189,receipt,49,0
2024-03-23,S3,Home,HO-642,sale,-6,0
2024-03-23,S3,Grocery,GR-933,receipt,60,0
2024-03-23,S3,Grocery,GR-440,receipt,37,0
2024-03-23,S3,Home,HO-673,count,0,2
2024-03-23,S3,Grocery,GR-848,sale,-2,0
2024-03-23,S3,Grocery,GR-466,return,3,0
2024-03-23,S4,Electronics,EL-108,return,1,0
2024-03-23,S4,Home,HO-123,sale,-1,0
2024-03-23,S4,Apparel,AP-667,receipt,21,0
2024-03-23,S4,Home,HO-472,count,0,2
2024-03-23,S4,Grocery,GR-201,sale,-6,0
2024-03-23,S4,Grocery,GR-629,sale,-6,0
2024-03-23,S4,Electronics,EL-805,return,2,0
2024-03-23,S4,Apparel,AP-895,sale,-5,0
2024-03-23,S4,Apparel,AP-203,count,0,-2
2024-03-23,S5,Home,HO-492,receipt,55,0
2024-03-23,S5,Home,HO-575,sale,-2,0
2024-03-23,S5,Electronics,EL-680,sale,-6,0
2024-03-23,S5,Home,HO-820,receipt,15,0
2024-03-23,S5,Home,HO-935,return,3,0
2024-03-23,S5,Home,HO-155,return,1,0
2024-03-23,S5,Apparel,AP-696,return,2,0
2024-03-23,S5,Grocery,GR-956,count,0,-1
2024-03-23,S5,Grocery,GR-457,receipt,55,0
2024-03-23,S5,Apparel,AP-784,return,2,0
2024-03-23,S5,Home,HO-387,sale,-5,0
2024-03-23,S5,Electronics,EL-260,sale,-2,0
2024-03-23,S5,Grocery,GR-813,sale,-1,0
2024-03-24,S1,Grocery,GR-862,sale,-1,0
2024-03-24,S1,Apparel,AP-817,sale,-6,0
2024-03-24,S1,Apparel,AP-353,sale,-4,0
2024-03-24,S1,Apparel,AP-122,return,2,0
2024-03-24,S1,Home,HO-729,sale,-4,0
2024-03-24,S1,Apparel,AP-233,sale,-5,0
2024-03-24,S1,Home,HO-787,return,1,0
2024-03-24,S1,Grocery,GR-858,return,3,0
2024-03-24,S2,Grocery,GR-688,sale,-1,0
2024-03-24,S2,Apparel,AP-921,return,3,0
2024-03-24,S2,Home,HO-774,count,0,0
2024-03-24,S2,Grocery,GR-790,count,0,0
2024-03-24,S2,Grocery,GR-324,sale,-1,0
2024-03-24,S2,Electronics,EL-472,count,0,2
2024-03-24,S2,Apparel,AP-351,sale,-3,0
2024-03-24,S2,Grocery,GR-926,sale,-6,0
2024-03-24,S2,Home,HO-199,count,0,1
2024-03-24,S2,Electronics,EL-689,sale,-2,0
2024-03-24,S2,Grocery,GR-883,sale,-6,0
2024-03-24,S2,Apparel,AP-133,sale,-3,0
2024-03-24,S2,Apparel,AP-821,count,0,-2
2024-03-24,S2,Home,HO-833,sale,-6,0
2024-03-24,S2,Home,HO-189,receipt,20,0
2024-03-24,S2,Apparel,AP-948,sale,-1,0
2024-03-24,S3,Home,HO-857,receipt,25,0
2024-03-24,S3,Apparel,AP-750,count,0,2
2024-03-24,S3,Electronics,EL-350,sale,-2,0
2024-03-24,S3,Apparel,AP-367,sale,-2,0
2024-03-24,S3,Apparel,AP-840,count,0,0
2024-03-24,S3,Home,HO-952,return,3,0
2024-03-24,S3,Grocery,GR-461,return,3,0
2024-03-24,S3,Home,HO-887,sale,-4,0
2024-03-24,S3,Home,HO-351,sale,-1,0
2024-03-24,S3,Apparel,AP-471,return,3,0
2024-03-24,S3,Apparel,AP-744,count,0,-2
2024-03-24,S4,Home,HO-105,receipt,14,0
2024-03-24,S4,Apparel,AP-846,sale,-6,0
2024-03-24,S4,Grocery,GR-382,receipt,10,0
2024-03-24,S4,Grocery,GR-166,sale,-3,0
2024-03-24,S4,Grocery,GR-159,receipt,40,0
2024-03-24,S4,Apparel,AP-399,count,0,1
2024-03-24,S4,Grocery,GR-555,sale,-4,0
2024-03-24,S4,Grocery,GR-298,sale,-5,0
2024-03-24,S4,Grocery,GR-842,sale,-1,0
2024-03-24,S4,Grocery,GR-131,sale,-6,0
2024-03-24,S4,Apparel,AP-467,sale,-5,0
2024-03-24,S4,Grocery,GR-818,return,3,0
2024-03-24,S4,Grocery,GR-240,receipt,33,0
2024-03-24,S4,Electronics,EL-414,sale,-4,0
2024-03-24,S5,Apparel,AP-757,sale,-6,0
2024-03-24,S5,Grocery,GR-167,sale,-4,0
2024-03-24,S5,Apparel,AP-816,sale,-4,0
2024-03-24,S5,Apparel,AP-488,sale,-2,0
2024-03-24,S5,Home,HO-714,sale,-3,0
2024-03-24,S5,Apparel,AP-782,sale,-1,0
2024-03-24,S5,Grocery,GR-571,sale,-4,0
2024-03-24,S5,Electronics,EL-812,count,0,0
2024-03-24,S5,Grocery,GR-394,sale,-3,0
2024-03-24,S5,Grocery,GR-455,sale,-5,0
2024-03-24,S5,Grocery,GR-941,sale,-1,0
2024-03-24,S5,Grocery,GR-710,sale,-2,0
2024-03-24,S5,Electronics,EL-821,sale,-6,0
2024-03-24,S5,Grocery,GR-938,sale,-3,0
2024-03-24,S5,Electronics,EL-626,return,1,0
2024-03-25,S1,Apparel,AP-357,receipt,28,0
2024-03-25,S1,Apparel,AP-362,sale,-4,0
2024-03-25,S1,Home,HO-647,return,3,0
2024-03-25,S1,Home,HO-458,return,3,0
2024-03-25,S1,Apparel,AP-133,return,2,0
2024-03-25,S1,Electronics,EL-587,sale,-1,0
2024-03-25,S1,Home,HO-318,receipt,18,0
2024-03-25,S1,Home,HO-774,return,1,0
2024-03-25,S1,Home,HO-496,sale,-4,0
2024-03-25,S1,Apparel,AP-115,sale,-6,0
2024-03-25,S1,Grocery,GR-890,sale,-6,0
2024-03-25,S1,Electronics,EL-394,sale,-6,0
2024-03-25,S1,Home,HO-898,count,0,-2
2024-03-25,S1,Home,HO-306,sale,-1,0
2024-03-25,S2,Home,HO-507,sale,-3,0
2024-03-25,S2,Home,HO-943,sale,-6,0
2024-03-25,S2,Apparel,AP-994,return,2,0
2024-03-25,S2,Apparel,AP-474,receipt,23,0
2024-03-25,S2,Apparel,AP-563,count,0,1
2024-03-25,S2,Home,HO-365,receipt,31,0
2024-03-25,S2,Home,HO-176,return,1,0
2024-03-25,S2,Grocery,GR-404,sale,-2,0
2024-03-25,S3,Home,HO-921,sale,-4,0
2024-03-25,S3,Home,HO-128,return,2,0
2024-03-25,S3,Apparel,AP-200,count,0,2
2024-03-25,S3,Home,HO-296,sale,-6,0
2024-03-25,S3,Home,HO-827,sale,-4,0
2024-03-25,S3,Apparel,AP-816,sale,-4,0
2024-03-25,S3,Grocery,GR-289,count,0,2
2024-03-25,S3,Home,HO-609,sale,-1,0
2024-03-25,S3,Apparel,AP-404,receipt,56,0
2024-03-25,S3,Grocery,GR-279,sale,-2,0
2024-03-25,S3,Electronics,EL-902,sale,-2,0
2024-03-25,S3,Home,HO-896,return,1,0
2024-03-25,S3,Home,HO-281,count,0,2
2024-03-25,S3,Apparel,AP-153,sale,-3,0
2024-03-25,S4,Grocery,GR-538,sale,-2,0
2024-03-25,S4,Home,HO-208,sale,-2,0
2024-03-25,S4,Electronics,EL-571,sale,-4,0
2024-03-25,S4,Home,HO-575,sale,-4,0
2024-03-25,S4,Electronics,EL-300,sale,-5,0
2024-03-25,S4,Grocery,GR-533,sale,-3,0
2024-03-25,S4,Electronics,EL-888,sale,-2,0
2024-03-25,S4,Electronics,EL-352,receipt,32,0
2024-03-25,S4,Grocery,GR-774,sale,-5,0
2024-03-25,S4,Electronics,EL-564,sale,-3,0
2024-03-25,S4,Electronics,EL-246,sale,-5,0
2024-03-25,S4,Home,HO-380,count,0,2
2024-03-25,S4,Electronics,EL-460,sale,-1,0
2024-03-25,S4,Grocery,GR-444,sale,-2,0
2024-03-25,S4,Grocery,GR-476,receipt,51,0
2024-03-25,S5,Home,HO-355,sale,-6,0
2024-03-25,S5,Home,HO-659,sale,-3,0
2024-03-25,S5,Apparel,AP-605,count,0,-2
2024-03-25,S5,Grocery,GR-555,receipt,58,0
2024-03-25,S5,Electronics,EL-798,return,1,0
2024-03-25,S5,Apparel,AP-293,return,2,0
2024-03-25,S5,Home,HO-423,receipt,47,0
2024-03-25,S5,Home,HO-271,receipt,15,0
2024-03-25,S5,Apparel,AP-773,count,0,2
2024-03-25,S5,Grocery,GR-198,sale,-2,0
2024-03-26,S1,Electronics,EL-725,sale,-3,0
2024-03-26,S1,Home,HO-117,sale,-4,0
2024-03-26,S1,Apparel,AP-781,sale,-6,0
2024-03-26,S1,Grocery,GR-442,count,0,-2
2024-03-26,S1,Apparel,AP-273,sale,-3,0
2024-03-26,S1,Electronics,EL-646,sale,-3,0
2024-03-26,S1,Apparel,AP-682,return,1,0
2024-03-26,S1,Apparel,AP-410,return,3,0
2024-03-26,S1,Grocery,GR-113,return,2,0
2024-03-26,S1,Grocery,GR-625,sale,-4,0
2024-03-26,S1,Grocery,GR-506,sale,-1,0
2024-03-26,S1,Home,HO-611,count,0,1
2024-03-26,S1,Electronics,EL-723,sale,-5,0
2024-03-26,S2,Grocery,GR-356,sale,-1,0
2024-03-26,S2,Grocery,GR-833,sale,-5,0
2024-03-26,S2,Electronics,EL-662,receipt,47,0
2024-03-26,S2,Electronics,EL-305,count,0,0
2024-03-26,S2,Home,HO-885,receipt,25,0
2024-03-26,S2,Electronics,EL-621,return,3,0
2024-03-26,S2,Home,HO-751,sale,-3,0
2024-03-26,S2,Home,HO-580,sale,-1,0
2024-03-26,S2,Grocery,GR-242,sale,-2,0
2024-03-26,S2,Apparel,AP-263,count,0,1
2024-03-26,S2,Apparel,AP-761,receipt,35,0
2024-03-26,S2,Electronics,EL-638,return,1,0
2024-03-26,S2,Grocery,GR-933,count,0,2
2024-03-26,S3,Electronics,EL-497,return,2,0
2024-03-26,S3,Electronics,EL-931,sale,-4,0
2024-03-26,S3,Apparel,AP-768,return,3,0
2024-03-26,S3,Electronics,EL-876,sale,-1,0
2024-03-26,S3,Home,HO-484,sale,-5,0
2024-03-26,S3,Grocery,GR-752,sale,-5,0
2024-03-26,S3,Electronics,EL-199,sale,-6,0
2024-03-26,S3,Apparel,AP-251,receipt,16,0
2024-03-26,S3,Home,HO-755,receipt,30,0
2024-03-26,S3,Electronics,EL-594,receipt,48,0
2024-03-26,S3,Grocery,GR-772,count,0,-1
2024-03-26,S4,Apparel,AP-135,sale,-2,0
2024-03-26,S4,Grocery,GR-323,return,1,0
2024-03-26,S4,Home,HO-983,count,0,-2
2024-03-26,S4,Home,HO-616,sale,-3,0
2024-03-26,S4,Apparel,AP-713,count,0,2
2024-03-26,S4,Electronics,EL-937,sale,-1,0
2024-03-26,S4,Home,HO-894,sale,-4,0
2024-03-26,S4,Grocery,GR-406,return,3,0
2024-03-26,S4,Grocery,GR-328,sale,-5,0
2024-03-26,S4,Electronics,EL-766,sale,-6,0
2024-03-26,S5,Electronics,EL-127,sale,-1,0
2024-03-26,S5,Electronics,EL-945,sale,-1,0
2024-03-26,S5,Electronics,EL-864,sale,-1,0
2024-03-26,S5,Home,HO-317,sale,-2,0
2024-03-26,S5,Apparel,AP-987,sale,-5,0
2024-03-26,S5,Electronics,EL-763,return,3,0
2024-03-26,S5,Home,HO-359,receipt,20,0
2024-03-26,S5,Apparel,AP-622,sale,-4,0
2024-03-26,S5,Electronics,EL-402,sale,-1,0
2024-03-27,S1,Grocery,GR-767,sale,-4,0
2024-03-27,S1,Grocery,GR-902,sale,-6,0
2024-03-27,S1,Electronics,EL-413,sale,-2,0
2024-03-27,S1,Apparel,AP-391,sale,-1,0
2024-03-27,S1,Apparel,AP-492,return,1,0
2024-03-27,S1,Apparel,AP-730,count,0,1
2024-03-27,S1,Apparel,AP-774,sale,-4,0
2024-03-27,S1,Home,HO-686,return,2,0
2024-03-27,S1,Home,HO-992,return,3,0
2024-03-27,S2,Electronics,EL-500,sale,-1,0
2024-03-27,S2,Apparel,AP-285,return,2,0
2024-03-27,S2,Home,HO-681,receipt,16,0
2024-03-27,S2,Electronics,EL-195,receipt,54,0
2024-03-27,S2,Home,HO-493,receipt,17,0
2024-03-27,S2,Apparel,AP-369,count,0,2
2024-03-27,S2,Apparel,AP-563,sale,-5,0
2024-03-27,S2,Grocery,GR-830,sale,-3,0
2024-03-27,S2,Home,HO-576,sale,-6,0
2024-03-27,S2,Home,HO-213,sale,-6,0
2024-03-27,S3,Electronics,EL-908,receipt,37,0
2024-03-27,S3,Home,HO-608,sale,-5,0
2024-03-27,S3,Grocery,GR-864,return,1,0
2024-03-27,S3,Electronics,EL-971,count,0,-5
2024-03-27,S3,Apparel,AP-649,sale,-3,0
2024-03-27,S3,Grocery,GR-755,sale,-4,0
2024-03-27,S3,Electronics,EL-587,count,0,-6
2024-03-27,S3,Home,HO-433,return,3,0
2024-03-27,S3,Apparel,AP-600,sale,-5,0
2024-03-27,S4,Electronics,EL-909,return,1,0
2024-03-27,S4,Apparel,AP-195,sale,-3,0
2024-03-27,S4,Grocery,GR-627,sale,-3,0
2024-03-27,S4,Electronics,EL-728,return,2,0
2024-03-27,S4,Electronics,EL-864,receipt,25,0
2024-03-27,S4,Apparel,AP-392,count,0,1
2024-03-27,S4,Grocery,GR-314,sale,-4,0
2024-03-27,S4,Electronics,EL-945,sale,-3,0
2024-03-27,S4,Apparel,AP-497,sale,-3,0
2024-03-27,S4,Apparel,AP-739,sale,-1,0
2024-03-27,S4,Apparel,AP-894,sale,-3,0
2024-03-27,S4,Home,HO-782,sale,-3,0
2024-03-27,S4,Electronics,EL-203,return,1,0
2024-03-27,S4,Home,HO-743,count,0,0
2024-03-27,S4,Home,HO-133,sale,-3,0
2024-03-27,S5,Grocery,GR-552,count,0,-2
2024-03-27,S5,Grocery,GR-192,count,0,2
2024-03-27,S5,Home,HO-735,sale,-3,0
2024-03-27,S5,Electronics,EL-796,return,1,0
2024-03-27,S5,Apparel,AP-216,sale,-3,0
2024-03-27,S5,Grocery,GR-693,count,0,-1
2024-03-27,S5,Apparel,AP-412,count,0,1
2024-03-27,S5,Apparel,AP-678,sale,-5,0
2024-03-27,S5,Grocery,GR-480,sale,-6,0
2024-03-27,S5,Apparel,AP-176,receipt,60,0
2024-03-27,S5,Grocery,GR-563,count,0,-2
2024-03-27,S5,Apparel,AP-963,return,3,0
2024-03-27,S5,Electronics,EL-152,sale,-3,0
2024-03-28,S1,Grocery,GR-735,return,2,0
2024-03-28,S1,Grocery,GR-163,sale,-3,0
2024-03-28,S1,Grocery,GR-856,receipt,49,0
2024-03-28,S1,Grocery,GR-261,sale,-4,0
2024-03-28,S1,Electronics,EL-477,sale,-6,0
2024-03-28,S1,Electronics,EL-553,sale,-2,0
2024-03-28,S1,Home,HO-319,count,0,-2
2024-03-28,S1,Home,HO-863,sale,-6,0
2024-03-28,S1,Electronics,EL-479,sale,-1,0
2024-03-28,S1,Grocery,GR-456,return,3,0
2024-03-28,S1,Home,HO-180,receipt,24,0
2024-03-28,S1,Grocery,GR-861,return,1,0
2024-03-28,S1,Apparel,AP-515,sale,-1,0
2024-03-28,S1,Apparel,AP-870,receipt,27,0
2024-03-28,S1,Home,HO-260,sale,-6,0
2024-03-28,S1,Grocery,GR-827,sale,-5,0
2024-03-28,S2,Apparel,AP-123,return,3,0
2024-03-28,S2,Apparel,AP-604,count,0,2
2024-03-28,S2,Electronics,EL-319,sale,-4,0
2024-03-28,S2,Electronics,EL-776,sale,-3,0
2024-03-28,S2,Electronics,EL-662,sale,-3,0
2024-03-28,S2,Apparel,AP-646,return,2,0
2024-03-28,S2,Home,HO-415,count,0,-1
2024-03-28,S2,Electronics,EL-453,sale,-5,0
2024-03-28,S2,Home,HO-584,receipt,28,0
2024-03-28,S2,Apparel,AP-135,sale,-5,0
2024-03-28,S3,Apparel,AP-839,return,1,0
2024-03-28,S3,Grocery,GR-434,sale,-3,0
2024-03-28,S3,Apparel,AP-142,sale,-3,0
2024-03-28,S3,Apparel,AP-457,count,0,0
2024-03-28,S3,Electronics,EL-166,sale,-6,0
2024-03-28,S3,Grocery,GR-451,count,0,-2
2024-03-28,S3,Home,HO-373,sale,-2,0
2024-03-28,S3,Apparel,AP-897,receipt,59,0
2024-03-28,S3,Grocery,GR-665,sale,-5,0
2024-03-28,S3,Grocery,GR-231,sale,-2,0
2024-03-28,S3,Apparel,AP-200,sale,-5,0
2024-03-28,S3,Apparel,AP-552,count,0,0
2024-03-28,S3,Home,HO-535,count,0,1
2024-03-28,S3,Apparel,AP-554,sale,-4,0
2024-03-28,S3,Apparel,AP-501,count,0,0
2024-03-28,S3,Grocery,GR-893,return,2,0
2024-03-28,S4,Apparel,AP-980,return,3,0
2024-03-28,S4,Home,HO-390,sale,-2,0
2024-03-28,S4,Electronics,EL-938,receipt,27,0
2024-03-28,S4,Grocery,GR-850,receipt,12,0
2024-03-28,S4,Grocery,GR-532,sale,-5,0
2024-03-28,S4,Grocery,GR-556,sale,-2,0
2024-03-28,S4,Electronics,EL-721,count,0,1
2024-03-28,S4,Grocery,GR-210,sale,-2,0
2024-03-28,S4,Home,HO-872,receipt,11,0
2024-03-28,S4,Home,HO-597,return,2,0
2024-03-28,S4,Home,HO-883,sale,-1,0
2024-03-28,S4,Home,HO-685,sale,-4,0
2024-03-28,S4,Grocery,GR-216,sale,-3,0
2024-03-28,S4,Home,HO-735,count,0,1
2024-03-28,S4,Home,HO-135,sale,-5,0
2024-03-28,S4,Home,HO-521,sale,-2,0
2024-03-28,S5,Electronics,EL-838,sale,-1,0
2024-03-28,S5,Electronics,EL-794,count,0,1
2024-03-28,S5,Electronics,EL-383,return,1,0
2024-03-28,S5,Home,HO-716,count,0,0
2024-03-28,S5,Apparel,AP-950,receipt,45,0
2024-03-28,S5,Home,HO-278,count,0,0
2024-03-28,S5,Grocery,GR-191,count,0,2
2024-03-28,S5,Apparel,AP-900,return,3,0
2024-03-28,S5,Electronics,EL-407,return,3,0
2024-03-29,S1,Apparel,AP-958,sale,-3,0
2024-03-29,S1,Apparel,AP-530,sale,-4,0
2024-03-29,S1,Electronics,EL-828,sale,-5,0
2024-03-29,S1,Electronics,EL-385,sale,-4,0
2024-03-29,S1,Home,HO-228,count,0,-2
2024-03-29,S1,Electronics,EL-144,sale,-6,0
2024-03-29,S1,Home,HO-518,sale,-5,0
2024-03-29,S1,Electronics,EL-636,sale,-5,0
2024-03-29,S1,Home,HO-797,return,2,0
2024-03-29,S1,Grocery,GR-462,return,2,0
2024-03-29,S2,Apparel,AP-785,receipt,17,0
2024-03-29,S2,Grocery,GR-657,sale,-2,0
2024-03-29,S2,Apparel,AP-445,sale,-3,0
2024-03-29,S2,Apparel,AP-484,sale,-4,0
2024-03-29,S2,Grocery,GR-701,sale,-6,0
2024-03-29,S2,Home,HO-565,sale,-4,0
2024-03-29,S2,Grocery,GR-811,sale,-1,0
2024-03-29,S2,Apparel,AP-728,sale,-3,0
2024-03-29,S2,Home,HO-282,sale,-4,0
2024-03-29,S3,Apparel,AP-854,receipt,28,0
2024-03-29,S3,Electronics,EL-904,count,0,-2
2024-03-29,S3,Home,HO-517,count,0,0
2024-03-29,S3,Grocery,GR-248,return,3,0
2024-03-29,S3,Apparel,AP-873,sale,-4,0
2024-03-29,S3,Electronics,EL-838,sale,-6,0
2024-03-29,S3,Electronics,EL-423,sale,-2,0
2024-03-29,S3,Grocery,GR-630,sale,-1,0
2024-03-29,S3,Grocery,GR-147,sale,-4,0
2024-03-29,S3,Apparel,AP-220,receipt,14,0
2024-03-29,S3,Home,HO-540,sale,-1,0
2024-03-29,S3,Apparel,AP-940,receipt,10,0
2024-03-29,S3,Home,HO-528,sale,-4,0
2024-03-29,S4,Grocery,GR-744,return,2,0
2024-03-29,S4,Home,HO-834,return,1,0
2024-03-29,S4,Apparel,AP-578,count,0,2
2024-03-29,S4,Electronics,EL-339,sale,-4,0
2024-03-29,S4,Electronics,EL-168,sale,-2,0
2024-03-29,S4,Home,HO-996,count,0,2
2024-03-29,S4,Electronics,EL-945,sale,-5,0
2024-03-29,S4,Grocery,GR-386,sale,-3,0
2024-03-29,S4,Home,HO-796,sale,-1,0
2024-03-29,S4,Home,HO-693,receipt,50,0
2024-03-29,S4,Apparel,AP-247,return,2,0
2024-03-29,S4,Grocery,GR-296,sale,-4,0
2024-03-29,S4,Home,HO-614,sale,-4,0
2024-03-29,S4,Electronics,EL-718,sale,-4,0
2024-03-29,S4,Grocery,GR-401,return,2,0
2024-03-29,S5,Electronics,EL-843,count,0,-2
2024-03-29,S5,Electronics,EL-445,sale,-5,0
2024-03-29,S5,Grocery,GR-253,receipt,27,0
2024-03-29,S5,Electronics,EL-278,receipt,15,0
2024-03-29,S5,Apparel,AP-527,sale,-5,0
2024-03-29,S5,Apparel,AP-238,sale,-1,0
2024-03-29,S5,Home,HO-455,count,0,-1
2024-03-29,S5,Apparel,AP-542,sale,-5,0
2024-03-29,S5,Electronics,EL-209,sale,-3,0
2024-03-29,S5,Grocery,GR-784,receipt,13,0
2024-03-29,S5,Electronics,EL-667,sale,-1,0
2024-03-29,S5,Apparel,AP-748,sale,-2,0
2024-03-29,S5,Home,HO-764,sale,-6,0
2024-03-29,S5,Electronics,EL-147,sale,-6,0
2024-03-30,S1,Electronics,EL-106,sale,-6,0
2024-03-30,S1,Electronics,EL-233,sale,-6,0
2024-03-30,S1,Grocery,GR-302,sale,-2,0
2024-03-30,S1,Grocery,GR-914,sale,-1,0
2024-03-30,S1,Electronics,EL-927,sale,-2,0
2024-03-30,S1,Home,HO-916,receipt,43,0
2024-03-30,S1,Grocery,GR-859,sale,-2,0
2024-03-30,S1,Apparel,AP-136,sale,-2,0
2024-03-30,S1,Home,HO-105,sale,-2,0
2024-03-30,S2,Home,HO-244,sale,-5,0
2024-03-30,S2,Electronics,EL-363,sale,-5,0
2024-03-30,S2,Grocery,GR-414,sale,-2,0
2024-03-30,S2,Electronics,EL-931,count,0,0
2024-03-30,S2,Home,HO-987,count,0,2
2024-03-30,S2,Apparel,AP-695,sale,-1,0
2024-03-30,S2,Electronics,EL-792,sale,-1,0
2024-03-30,S2,Grocery,GR-606,receipt,12,0
2024-03-30,S2,Grocery,GR-447,sale,-4,0
2024-03-30,S2,Electronics,EL-268,sale,-5,0
2024-03-30,S2,Home,HO-201,sale,-1,0
2024-03-30,S2,Electronics,EL-644,receipt,36,0
2024-03-30,S3,Electronics,EL-371,return,3,0
2024-03-30,S3,Home,HO-302,count,0,1
2024-03-30,S3,Electronics,EL-309,sale,-5,0
2024-03-30,S3,Home,HO-526,sale,-6,0
2024-03-30,S3,Home,HO-132,sale,-1,0
2024-03-30,S3,Grocery,GR-415,sale,-6,0
2024-03-30,S3,Home,HO-183,sale,-3,0
2024-03-30,S3,Grocery,GR-532,return,1,0
2024-03-30,S3,Grocery,GR-192,receipt,18,0
2024-03-30,S3,Electronics,EL-697,sale,-4,0
2024-03-30,S3,Grocery,GR-376,return,1,0
2024-03-30,S3,Apparel,AP-435,sale,-5,0
2024-03-30,S3,Apparel,AP-792,count,0,-1
2024-03-30,S3,Apparel,AP-385,count,0,2
2024-03-30,S4,Electronics,EL-760,receipt,46,0
2024-03-30,S4,Grocery,GR-825,sale,-1,0
2024-03-30,S4,Electronics,EL-191,sale,-6,0
2024-03-30,S4,Electronics,EL-874,count,0,1
2024-03-30,S4,Apparel,AP-174,receipt,29,0
2024-03-30,S4,Electronics,EL-908,count,0,2
2024-03-30,S4,Apparel,AP-814,sale,-3,0
2024-03-30,S4,Home,HO-787,receipt,54,0
2024-03-30,S5,Electronics,EL-810,receipt,47,0
2024-03-30,S5,Grocery,GR-581,sale,-6,0
2024-03-30,S5,Apparel,AP-339,receipt,30,0
2024-03-30,S5,Apparel,AP-597,count,0,0
2024-03-30,S5,Grocery,GR-545,sale,-4,0
2024-03-30,S5,Apparel,AP-544,return,2,0
2024-03-30,S5,Electronics,EL-795,receipt,30,0
2024-03-30,S5,Apparel,AP-713,receipt,30,0
2024-03-30,S5,Grocery,GR-132,return,3,0
2024-03-31,S1,Grocery,GR-911,sale,-1,0
2024-03-31,S1,Electronics,EL-386,return,2,0
2024-03-31,S1,Home,HO-447,sale,-6,0
2024-03-31,S1,Electronics,EL-184,sale,-6,0
2024-03-31,S1,Apparel,AP-265,sale,-1,0
2024-03-31,S1,Electronics,EL-829,count,0,2
2024-03-31,S1,Electronics,EL-442,sale,-3,0
2024-03-31,S1,Home,HO-136,sale,-1,0
2024-03-31,S1,Electronics,EL-566,return,3,0
2024-03-31,S1,Grocery,GR-332,sale,-2,0
2024-03-31,S2,Home,HO-110,return,1,0
2024-03-31,S2,Apparel,AP-349,sale,-5,0
2024-03-31,S2,Apparel,AP-822,sale,-2,0
2024-03-31,S2,Grocery,GR-950,sale,-5,0
2024-03-31,S2,Grocery,GR-224,sale,-1,0
2024-03-31,S2,Electronics,EL-247,sale,-6,0
2024-03-31,S2,Apparel,AP-623,return,3,0
2024-03-31,S2,Electronics,EL-734,receipt,28,0
2024-03-31,S2,Apparel,AP-794,sale,-3,0
2024-03-31,S2,Home,HO-261,return,2,0
2024-03-31,S2,Home,HO-964,sale,-4,0
2024-03-31,S2,Grocery,GR-864,return,1,0
2024-03-31,S3,Apparel,AP-537,return,2,0
2024-03-31,S3,Electronics,EL-266,count,0,-4
2024-03-31,S3,Home,HO-869,sale,-5,0
2024-03-31,S3,Apparel,AP-460,sale,-4,0
2024-03-31,S3,Home,HO-181,sale,-4,0
2024-03-31,S3,Apparel,AP-925,sale,-5,0
2024-03-31,S3,Apparel,AP-687,sale,-1,0
2024-03-31,S3,Electronics,EL-261,sale,-2,0
2024-03-31,S3,Grocery,GR-425,count,0,-2
2024-03-31,S3,Grocery,GR-977,return,3,0
2024-03-31,S3,Apparel,AP-503,receipt,26,0
2024-03-31,S4,Electronics,EL-119,receipt,33,0
2024-03-31,S4,Electronics,EL-772,sale,-4,0
2024-03-31,S4,Electronics,EL-197,sale,-5,0
2024-03-31,S4,Home,HO-559,sale,-4,0
2024-03-31,S4,Home,HO-715,sale,-6,0
2024-03-31,S4,Home,HO-169,sale,-3,0
2024-03-31,S4,Grocery,GR-194,sale,-1,0
2024-03-31,S4,Apparel,AP-271,receipt,55,0
2024-03-31,S4,Grocery,GR-835,sale,-1,0
2024-03-31,S4,Grocery,GR-135,receipt,35,0
2024-03-31,S4,Apparel,AP-231,sale,-1,0
2024-03-31,S4,Apparel,AP-506,receipt,36,0
2024-03-31,S4,Home,HO-455,sale,-1,0
2024-03-31,S5,Grocery,GR-381,count,0,0
2024-03-31,S5,Electronics,EL-724,sale,-2,0
2024-03-31,S5,Home,HO-587,sale,-6,0
2024-03-31,S5,Grocery,GR-955,receipt,40,0
2024-03-31,S5,Electronics,EL-345,count,0,2
2024-03-31,S5,Electronics,EL-885,sale,-3,0
2024-03-31,S5,Electronics,EL-975,count,0,-2
2024-03-31,S5,Grocery,GR-340,sale,-1,0
2024-03-31,S5,Apparel,AP-250,count,0,-1
2024-03-31,S5,Electronics,EL-852,sale,-4,0
2024-03-31,S5,Apparel,AP-447,receipt,12,0
2024-03-31,S5,Electronics,EL-911,receipt,34,0
2024-04-01,S1,Grocery,GR-384,sale,-1,0
2024-04-01,S1,Electronics,EL-700,sale,-2,0
2024-04-01,S1,Apparel,AP-538,receipt,13,0
2024-04-01,S1,Grocery,GR-161,sale,-4,0
2024-04-01,S1,Electronics,EL-447,count,0,2
2024-04-01,S1,Home,HO-562,sale,-3,0
2024-04-01,S1,Electronics,EL-455,sale,-6,0
2024-04-01,S1,Apparel,AP-400,count,0,1
2024-04-01,S1,Home,HO-768,return,3,0
2024-04-01,S1,Grocery,GR-118,sale,-1,0
2024-04-01,S1,Grocery,GR-633,sale,-3,0
2024-04-01,S1,Electronics,EL-529,sale,-1,0
2024-04-01,S1,Grocery,GR-946,return,2,0
2024-04-01,S1,Apparel,AP-160,count,0,1
2024-04-01,S2,Electronics,EL-921,receipt,26,0
2024-04-01,S2,Grocery,GR-159,count,0,0
2024-04-01,S2,Apparel,AP-849,sale,-3,0
2024-04-01,S2,Apparel,AP-141,sale,-3,0
2024-04-01,S2,Home,HO-556,receipt,16,0
2024-04-01,S2,Home,HO-233,sale,-2,0
2024-04-01,S2,Electronics,EL-109,count,0,-2
2024-04-01,S2,Electronics,EL-808,return,3,0
2024-04-01,S2,Electronics,EL-957,count,0,0
2024-04-01,S2,Electronics,EL-778,return,1,0
2024-04-01,S2,Home,HO-600,sale,-5,0
2024-04-01,S2,Electronics,EL-399,sale,-1,0
2024-04-01,S2,Apparel,AP-370,sale,-2,0
2024-04-01,S3,Grocery,GR-642,sale,-6,0
2024-04-01,S3,Apparel,AP-935,sale,-1,0
2024-04-01,S3,Home,HO-144,count,0,0
2024-04-01,S3,Home,HO-537,sale,-2,0
2024-04-01,S3,Grocery,GR-647,receipt,60,0
2024-04-01,S3,Home,HO-922,sale,-2,0
2024-04-01,S3,Home,HO-253,sale,-1,0
2024-04-01,S3,Apparel,AP-668,count,0,0
2024-04-01,S4,Grocery,GR-786,return,3,0
2024-04-01,S4,Electronics,EL-120,count,0,-2
2024-04-01,S4,Electronics,EL-688,sale,-6,0
2024-04-01,S4,Grocery,GR-857,return,2,0
2024-04-01,S4,Grocery,GR-598,sale,-1,0
2024-04-01,S4,Grocery,GR-281,sale,-3,0
2024-04-01,S4,Home,HO-255,count,0,2
2024-04-01,S4,Electronics,EL-874,receipt,33,0
2024-04-01,S4,Grocery,GR-172,receipt,33,0
2024-04-01,S4,Electronics,EL-122,receipt,18,0
2024-04-01,S5,Home,HO-501,sale,-1,0
2024-04-01,S5,Electronics,EL-253,sale,-4,0
2024-04-01,S5,Grocery,GR-297,sale,-1,0
2024-04-01,S5,Apparel,AP-850,sale,-2,0
2024-04-01,S5,Electronics,EL-109,receipt,47,0
2024-04-01,S5,Grocery,GR-674,sale,-2,0
2024-04-01,S5,Apparel,AP-860,sale,-2,0
2024-04-01,S5,Electronics,EL-450,count,0,0
2024-04-02,S1,Apparel,AP-534,sale,-2,0
2024-04-02,S1,Apparel,AP-368,return,1,0
2024-04-02,S1,Electronics,EL-320,sale,-5,0
2024-04-02,S1,Apparel,AP-339,return,2,0
2024-04-02,S1,Apparel,AP-353,sale,-5,0
2024-04-02,S1,Home,HO-798,receipt,54,0
2024-04-02,S1,Electronics,EL-826,receipt,17,0
2024-04-02,S1,Apparel,AP-294,sale,-1,0
2024-04-02,S1,Home,HO-142,sale,-6,0
2024-04-02,S2,Electronics,EL-597,sale,-3,0
2024-04-02,S2,Home,HO-897,sale,-4,0
2024-04-02,S2,Apparel,AP-264,sale,-2,0
2024-04-02,S2,Home,HO-327,sale,-2,0
2024-04-02,S2,Electronics,EL-862,return,3,0
2024-04-02,S2,Apparel,AP-119,return,2,0
2024-04-02,S2,Grocery,GR-256,sale,-2,0
2024-04-02,S2,Grocery,GR-961,sale,-2,0
2024-04-02,S2,Electronics,EL-585,count,0,0
2024-04-02,S2,Home,HO-893,sale,-3,0
2024-04-02,S2,Apparel,AP-116,sale,-2,0
2024-04-02,S2,Grocery,GR-574,sale,-5,0
2024-04-02,S2,Grocery,GR-674,count,0,1
2024-04-02,S2,Home,HO-733,sale,-2,0
2024-04-02,S3,Electronics,EL-297,return,3,0
2024-04-02,S3,Grocery,GR-776,sale,-5,0
2024-04-02,S3,Home,HO-892,sale,-6,0
2024-04-02,S3,Home,HO-352,return,2,0
2024-04-02,S3,Apparel,AP-168,sale,-1,0
2024-04-02,S3,Apparel,AP-306,return,3,0
2024-04-02,S3,Home,HO-940,count,0,-1
2024-04-02,S3,Electronics,EL-248,sale,-2,0
2024-04-02,S3,Apparel,AP-812,sale,-1,0
2024-04-02,S3,Grocery,GR-869,sale,-6,0
2024-04-02,S3,Home,HO-955,receipt,15,0
2024-04-02,S3,Electronics,EL-826,receipt,23,0
2024-04-02,S3,Apparel,AP-542,sale,-5,0
2024-04-02,S3,Home,HO-874,receipt,40,0
2024-04-02,S3,Grocery,GR-232,count,0,-1
2024-04-02,S4,Electronics,EL-758,return,3,0
2024-04-02,S4,Apparel,AP-641,count,0,-1
2024-04-02,S4,Electronics,EL-517,sale,-2,0
2024-04-02,S4,Home,HO-858,count,0,1
2024-04-02,S4,Electronics,EL-886,return,1,0
2024-04-02,S4,Home,HO-580,return,1,0
2024-04-02,S4,Home,HO-336,sale,-1,0
2024-04-02,S4,Electronics,EL-586,receipt,53,0
2024-04-02,S4,Home,HO-341,receipt,36,0
2024-04-02,S4,Apparel,AP-114,return,1,0
2024-04-02,S4,Home,HO-526,receipt,23,0
2024-04-02,S4,Grocery,GR-711,sale,-6,0
2024-04-02,S4,Grocery,GR-865,sale,-3,0
2024-04-02,S4,Electronics,EL-914,receipt,54,0
2024-04-02,S5,Electronics,EL-990,receipt,60,0
2024-04-02,S5,Apparel,AP-564,sale,-4,0
2024-04-02,S5,Apparel,AP-796,receipt,19,0
2024-04-02,S5,Home,HO-883,sale,-1,0
2024-04-02,S5,Home,HO-983,sale,-2,0
2024-04-02,S5,Apparel,AP-355,return,1,0
2024-04-02,S5,Grocery,GR-470,sale,-2,0
2024-04-02,S5,Home,HO-476,return,3,0
2024-04-02,S5,Grocery,GR-594,sale,-6,0
2024-04-02,S5,Grocery,GR-368,sale,-6,0
2024-04-02,S5,Apparel,AP-598,sale,-2,0
2024-04-02,S5,Home,HO-841,receipt,48,0
2024-04-02,S5,Apparel,AP-827,return,1,0
2024-04-02,S5,Electronics,EL-867,count,0,-2
2024-04-02,S5,Apparel,AP-123,sale,-4,0
2024-04-02,S5,Apparel,AP-861,sale,-1,0
2024-04-03,S1,Grocery,GR-622,receipt,57,0
2024-04-03,S1,Apparel,AP-379,sale,-1,0
2024-04-03,S1,Grocery,GR-119,sale,-3,0
2024-04-03,S1,Home,HO-812,receipt,27,0
2024-04-03,S1,Electronics,EL-871,sale,-5,0
2024-04-03,S1,Grocery,GR-202,sale,-3,0
2024-04-03,S1,Electronics,EL-977,sale,-6,0
2024-04-03,S1,Home,HO-826,sale,-6,0
2024-04-03,S1,Grocery,GR-434,return,1,0
2024-04-03,S1,Grocery,GR-103,sale,-3,0
2024-04-03,S1,Home,HO-517,sale,-4,0
2024-04-03,S1,Home,HO-697,sale,-1,0
2024-04-03,S1,Electronics,EL-760,sale,-6,0
2024-04-03,S1,Electronics,EL-207,sale,-6,0
2024-04-03,S1,Apparel,AP-704,sale,-5,0
2024-04-03,S2,Grocery,GR-221,return,3,0
2024-04-03,S2,Home,HO-807,count,0,-2
2024-04-03,S2,Grocery,GR-108,sale,-1,0
2024-04-03,S2,Home,HO-515,sale,-3,0
2024-04-03,S2,Grocery,GR-714,receipt,22,0
2024-04-03,S2,Home,HO-401,sale,-1,0
2024-04-03,S2,Electronics,EL-582,sale,-1,0
2024-04-03,S2,Apparel,AP-704,sale,-3,0
2024-04-03,S3,Home,HO-664,receipt,27,0
2024-04-03,S3,Electronics,EL-341,sale,-2,0
2024-04-03,S3,Grocery,GR-824,sale,-5,0
2024-04-03,S3,Electronics,EL-256,return,2,0
2024-04-03,S3,Apparel,AP-720,count,0,-1
2024-04-03,S3,Grocery,GR-553,sale,-1,0
2024-04-03,S3,Electronics,EL-483,sale,-1,0
2024-04-03,S3,Home,HO-256,count,0,-1
2024-04-03,S3,Home,HO-453,return,3,0
2024-04-03,S3,Home,HO-110,sale,-5,0
2024-04-03,S3,Electronics,EL-788,sale,-3,0
2024-04-03,S4,Apparel,AP-729,count,0,2
2024-04-03,S4,Home,HO-681,sale,-6,0
2024-04-03,S4,Electronics,EL-450,return,1,0
2024-04-03,S4,Home,HO-365,sale,-3,0
2024-04-03,S4,Electronics,EL-783,count,0,1
2024-04-03,S4,Home,HO-337,receipt,28,0
2024-04-03,S4,Apparel,AP-543,sale,-2,0
2024-04-03,S4,Electronics,EL-343,sale,-6,0
2024-04-03,S4,Grocery,GR-394,return,3,0
2024-04-03,S4,Apparel,AP-261,receipt,10,0
2024-04-03,S4,Home,HO-661,sale,-2,0
2024-04-03,S4,Grocery,GR-648,sale,-5,0
2024-04-03,S4,Apparel,AP-567,receipt,39,0
2024-04-03,S4,Grocery,GR-197,return,2,0
2024-04-03,S5,Home,HO-894,return,2,0
2024-04-03,S5,Home,HO-655,return,3,0
2024-04-03,S5,Grocery,GR-890,count,0,-1
2024-04-03,S5,Grocery,GR-510,receipt,16,0
2024-04-03,S5,Apparel,AP-491,return,2,0
2024-04-03,S5,Grocery,GR-477,receipt,52,0
2024-04-03,S5,Electronics,EL-165,count,0,-2
2024-04-03,S5,Electronics,EL-480,return,1,0
2024-04-04,S1,Electronics,EL-548,count,0,1
2024-04-04,S1,Grocery,GR-944,count,0,-1
2024-04-04,S1,Home,HO-306,sale,-1,0
2024-04-04,S1,Apparel,AP-339,sale,-6,0
2024-04-04,S1,Electronics,EL-286,return,2,0
2024-04-04,S1,Electronics,EL-125,return,2,0
2024-04-04,S1,Apparel,AP-825,receipt,15,0
2024-04-04,S1,Apparel,AP-697,count,0,-2
2024-04-04,S1,Apparel,AP-535,return,3,0
2024-04-04,S1,Home,HO-820,sale,-1,0
2024-04-04,S1,Electronics,EL-555,sale,-1,0
2024-04-04,S1,Grocery,GR-329,sale,-3,0
2024-04-04,S1,Grocery,GR-752,sale,-2,0
2024-04-04,S1,Apparel,AP-187,receipt,21,0
2024-04-04,S1,Electronics,EL-486,receipt,29,0
2024-04-04,S2,Electronics,EL-167,return,3,0
2024-04-04,S2,Electronics,EL-914,sale,-2,0
2024-04-04,S2,Home,HO-250,sale,-2,0
2024-04-04,S2,Grocery,GR-775,sale,-1,0
2024-04-04,S2,Electronics,EL-213,receipt,39,0
2024-04-04,S2,Electronics,EL-232,sale,-3,0
2024-04-04,S2,Grocery,GR-131,sale,-4,0
2024-04-04,S2,Apparel,AP-896,receipt,44,0
2024-04-04,S2,Electronics,EL-324,sale,-4,0
2024-04-04,S2,Grocery,GR-690,sale,-3,0
2024-04-04,S2,Apparel,AP-198,return,2,0
2024-04-04,S2,Electronics,EL-931,receipt,47,0
2024-04-04,S2,Apparel,AP-518,sale,-4,0
2024-04-04,S2,Apparel,AP-645,receipt,55,0
2024-04-04,S3,Apparel,AP-948,sale,-1,0
2024-04-04,S3,Grocery,GR-523,receipt,38,0
2024-04-04,S3,Home,HO-791,sale,-3,0
2024-04-04,S3,Electronics,EL-534,sale,-6,0
2024-04-04,S3,Home,HO-741,return,2,0
2024-04-04,S3,Home,HO-261,sale,-1,0
2024-04-04,S3,Apparel,AP-793,sale,-3,0
2024-04-04,S3,Electronics,EL-287,return,1,0
2024-04-04,S3,Apparel,AP-891,return,1,0
2024-04-04,S3,Apparel,AP-161,sale,-3,0
2024-04-04,S3,Electronics,EL-215,return,3,0
2024-04-04,S3,Grocery,GR-410,sale,-6,0
2024-04-04,S3,Home,HO-566,receipt,60,0
2024-04-04,S3,Apparel,AP-560,return,3,0
2024-04-04,S4,Home,HO-321,sale,-2,0
2024-04-04,S4,Home,HO-591,sale,-2,0
2024-04-04,S4,Electronics,EL-781,sale,-6,0
2024-04-04,S4,Apparel,AP-327,count,0,0
2024-04-04,S4,Home,HO-444,count,0,-2
2024-04-04,S4,Electronics,EL-139,return,3,0
2024-04-04,S4,Home,HO-665,return,3,0
2024-04-04,S4,Apparel,AP-825,sale,-4,0
2024-04-04,S5,Home,HO-823,return,3,0
2024-04-04,S5,Apparel,AP-227,sale,-3,0
2024-04-04,S5,Grocery,GR-318,count,0,-2
2024-04-04,S5,Apparel,AP-727,receipt,57,0
2024-04-04,S5,Home,HO-532,sale,-2,0
2024-04-04,S5,Apparel,AP-570,sale,-2,0
2024-04-04,S5,Grocery,GR-848,count,0,0
2024-04-04,S5,Electronics,EL-163,count,0,-2
2024-04-04,S5,Grocery,GR-768,return,1,0
2024-04-04,S5,Apparel,AP-408,sale,-6,0
2024-04-04,S5,Apparel,AP-231,sale,-1,0
2024-04-05,S1,Home,HO-329,sale,-4,0
2024-04-05,S1,Home,HO-751,sale,-6,0
2024-04-05,S1,Grocery,GR-783,count,0,1
2024-04-05,S1,Electronics,EL-802,sale,-1,0
2024-04-05,S1,Home,HO-802,count,0,-1
2024-04-05,S1,Home,HO-197,sale,-6,0
2024-04-05,S1,Electronics,EL-274,receipt,52,0
2024-04-05,S1,Grocery,GR-577,sale,-5,0
2024-04-05,S1,Home,HO-555,return,2,0
2024-04-05,S1,Apparel,AP-897,sale,-3,0
2024-04-05,S1,Home,HO-161,count,0,1
2024-04-05,S1,Grocery,GR-451,sale,-4,0
2024-04-05,S1,Apparel,AP-192,return,3,0
2024-04-05,S2,Grocery,GR-658,sale,-5,0
2024-04-05,S2,Electronics,EL-974,return,2,0
2024-04-05,S2,Home,HO-859,receipt,36,0
2024-04-05,S2,Home,HO-297,sale,-4,0
2024-04-05,S2,Home,HO-514,sale,-2,0
2024-04-05,S2,Home,HO-254,count,0,0
2024-04-05,S2,Home,HO-704,sale,-3,0
2024-04-05,S2,Apparel,AP-621,sale,-4,0
2024-04-05,S2,Grocery,GR-352,receipt,36,0
2024-04-05,S2,Apparel,AP-375,receipt,51,0
2024-04-05,S2,Grocery,GR-874,receipt,12,0
2024-04-05,S2,Apparel,AP-135,sale,-6,0
2024-04-05,S2,Apparel,AP-545,sale,-4,0
2024-04-05,S3,Grocery,GR-932,sale,-4,0
2024-04-05,S3,Grocery,GR-350,sale,-1,0
2024-04-05,S3,Grocery,GR-654,sale,-4,0
2024-04-05,S3,Home,HO-693,count,0,-2
2024-04-05,S3,Electronics,EL-234,sale,-1,0
2024-04-05,S3,Electronics,EL-894,sale,-3,0
2024-04-05,S3,Home,HO-738,sale,-2,0
2024-04-05,S3,Home,HO-515,count,0,0
2024-04-05,S4,Home,HO-580,sale,-1,0
2024-04-05,S4,Home,HO-148,count,0,2
2024-04-05,S4,Grocery,GR-355,count,0,-1
2024-04-05,S4,Home,HO-249,return,1,0
2024-04-05,S4,Grocery,GR-158,count,0,2
2024-04-05,S4,Electronics,EL-146,sale,-4,0
2024-04-05,S4,Grocery,GR-517,sale,-4,0
2024-04-05,S4,Grocery,GR-225,sale,-4,0
2024-04-05,S5,Electronics,EL-766,return,3,0
2024-04-05,S5,Home,HO-506,sale,-4,0
2024-04-05,S5,Apparel,AP-879,sale,-5,0
2024-04-05,S5,Grocery,GR-925,sale,-4,0
2024-04-05,S5,Home,HO-794,return,2,0
2024-04-05,S5,Apparel,AP-419,return,1,0
2024-04-05,S5,Grocery,GR-700,sale,-3,0
2024-04-05,S5,Grocery,GR-968,count,0,-1
2024-04-05,S5,Apparel,AP-238,sale,-5,0
2024-04-05,S5,Apparel,AP-954,sale,-5,0
2024-04-05,S5,Grocery,GR-685,sale,-6,0
2024-04-05,S5,Grocery,GR-639,sale,-6,0
2024-04-06,S1,Electronics,EL-770,sale,-4,0
2024-04-06,S1,Apparel,AP-481,sale,-2,0
2024-04-06,S1,Grocery,GR-363,count,0,1
2024-04-06,S1,Grocery,GR-201,sale,-5,0
2024-04-06,S1,Home,HO-158,count,0,0
2024-04-06,S1,Grocery,GR-892,count,0,0
2024-04-06,S1,Home,HO-526,count,0,-1
2024-04-06,S1,Electronics,EL-190,sale,-1,0
2024-04-06,S1,Electronics,EL-378,sale,-3,0
2024-04-06,S1,Electronics,EL-274,sale,-1,0
2024-04-06,S1,Apparel,AP-749,receipt,53,0
2024-04-06,S1,Apparel,AP-229,return,3,0
2024-04-06,S2,Home,HO-522,sale,-5,0
2024-04-06,S2,Home,HO-221,return,2,0
2024-04-06,S2,Electronics,EL-951,sale,-4,0
2024-04-06,S2,Grocery,GR-177,return,2,0
2024-04-06,S2,Apparel,AP-199,sale,-5,0
2024-04-06,S2,Electronics,EL-506,receipt,14,0
2024-04-06,S2,Grocery,GR-984,return,1,0
2024-04-06,S2,Home,HO-852,sale,-2,0
2024-04-06,S2,Home,HO-929,receipt,26,0
2024-04-06,S2,Apparel,AP-879,receipt,16,0
2024-04-06,S2,Home,HO-381,return,2,0
2024-04-06,S2,Apparel,AP-808,sale,-4,0
2024-04-06,S2,Apparel,AP-627,sale,-4,0
2024-04-06,S2,Grocery,GR-448,count,0,-2
2024-04-06,S3,Grocery,GR-212,sale,-4,0
2024-04-06,S3,Electronics,EL-907,sale,-2,0
2024-04-06,S3,Electronics,EL-981,sale,-6,0
2024-04-06,S3,Electronics,EL-705,return,1,0
2024-04-06,S3,Electronics,EL-257,sale,-4,0
2024-04-06,S3,Grocery,GR-229,count,0,-2
2024-04-06,S3,Apparel,AP-232,return,2,0
2024-04-06,S3,Grocery,GR-233,sale,-5,0
2024-04-06,S3,Grocery,GR-469,sale,-6,0
2024-04-06,S3,Home,HO-522,sale,-5,0
2024-04-06,S3,Home,HO-152,sale,-6,0
2024-04-06,S3,Apparel,AP-211,sale,-2,0
2024-04-06,S3,Electronics,EL-398,sale,-2,0
2024-04-06,S3,Home,HO-728,sale,-4,0
2024-04-06,S4,Apparel,AP-254,return,1,0
2024-04-06,S4,Grocery,GR-450,sale,-5,0
2024-04-06,S4,Electronics,EL-145,sale,-2,0
2024-04-06,S4,Apparel,AP-545,return,2,0
2024-04-06,S4,Grocery,GR-430,sale,-1,0
2024-04-06,S4,Home,HO-432,sale,-3,0
2024-04-06,S4,Apparel,AP-510,return,2,0
2024-04-06,S4,Grocery,GR-803,receipt,47,0
2024-04-06,S4,Electronics,EL-102,receipt,50,0
2024-04-06,S4,Home,HO-759,count,0,2
2024-04-06,S4,Apparel,AP-331,return,3,0
2024-04-06,S4,Electronics,EL-837,return,3,0
2024-04-06,S4,Electronics,EL-151,sale,-5,0
2024-04-06,S4,Apparel,AP-480,sale,-2,0
2024-04-06,S4,Grocery,GR-698,sale,-5,0
2024-04-06,S4,Grocery,GR-726,sale,-1,0
2024-04-06,S5,Home,HO-359,sale,-3,0
2024-04-06,S5,Home,HO-130,count,0,-1
2024-04-06,S5,Grocery,GR-388,sale,-2,0
2024-04-06,S5,Apparel,AP-847,count,0,0
2024-04-06,S5,Home,HO-608,sale,-5,0
2024-04-06,S5,Home,HO-923,count,0,-1
2024-04-06,S5,Apparel,AP-205,return,2,0
2024-04-06,S5,Electronics,EL-449,return,2,0
2024-04-07,S1,Apparel,AP-278,sale,-2,0
2024-04-07,S1,Apparel,AP-417,return,3,0
2024-04-07,S1,Apparel,AP-750,sale,-4,0
2024-04-07,S1,Home,HO-174,return,3,0
2024-04-07,S1,Electronics,EL-606,sale,-2,0
2024-04-07,S1,Electronics,EL-378,sale,-5,0
2024-04-07,S1,Grocery,GR-512,count,0,1
2024-04-07,S1,Electronics,EL-896,sale,-5,0
2024-04-07,S1,Grocery,GR-479,receipt,12,0
2024-04-07,S1,Apparel,AP-556,sale,-2,0
2024-04-07,S2,Home,HO-304,count,0,0
2024-04-07,S2,Apparel,AP-234,sale,-6,0
2024-04-07,S2,Grocery,GR-322,return,2,0
2024-04-07,S2,Electronics,EL-542,receipt,12,0
2024-04-07,S2,Grocery,GR-638,return,2,0
2024-04-07,S2,Grocery,GR-683,return,2,0
2024-04-07,S2,Grocery,GR-546,return,1,0
2024-04-07,S2,Apparel,AP-412,sale,-3,0
2024-04-07,S2,Electronics,EL-233,return,3,0
2024-04-07,S2,Home,HO-720,sale,-3,0
2024-04-07,S3,Home,HO-223,count,0,0
2024-04-07,S3,Electronics,EL-538,return,1,0
2024-04-07,S3,Grocery,GR-162,sale,-2,0
2024-04-07,S3,Grocery,GR-775,receipt,12,0
2024-04-07,S3,Home,HO-817,return,2,0
2024-04-07,S3,Electronics,EL-576,sale,-1,0
2024-04-07,S3,Home,HO-709,count,0,2
2024-04-07,S3,Home,HO-114,count,0,-2
2024-04-07,S3,Home,HO-194,sale,-3,0
2024-04-07,S3,Grocery,GR-292,receipt,33,0
2024-04-07,S4,Apparel,AP-358,sale,-5,0
2024-04-07,S4,Grocery,GR-146,count,0,2
2024-04-07,S4,Home,HO-963,receipt,43,0
2024-04-07,S4,Apparel,AP-497,return,1,0
2024-04-07,S4,Home,HO-126,sale,-1,0
2024-04-07,S4,Apparel,AP-614,sale,-6,0
2024-04-07,S4,Grocery,GR-521,sale,-6,0
2024-04-07,S4,Home,HO-926,return,3,0
2024-04-07,S4,Apparel,AP-519,return,1,0
2024-04-07,S4,Electronics,EL-414,return,1,0
2024-04-07,S4,Electronics,EL-475,receipt,29,0
2024-04-07,S5,Home,HO-173,count,0,1
2024-04-07,S5,Apparel,AP-575,sale,-3,0
2024-04-07,S5,Home,HO-501,sale,-4,0
2024-04-07,S5,Home,HO-804,receipt,42,0
2024-04-07,S5,Home,HO-248,return,2,0
2024-04-07,S5,Home,HO-120,receipt,34,0
2024-04-07,S5,Electronics,EL-387,sale,-5,0
2024-04-07,S5,Grocery,GR-848,sale,-2,0
2024-04-07,S5,Apparel,AP-266,sale,-1,0
2024-04-07,S5,Grocery,GR-186,return,1,0
2024-04-07,S5,Apparel,AP-574,return,1,0
2024-04-07,S5,Electronics,EL-733,count,0,0
2024-04-07,S5,Home,HO-281,sale,-5,0
2024-04-08,S1,Apparel,AP-395,sale,-4,0
2024-04-08,S1,Grocery,GR-935,return,1,0
2024-04-08,S1,Apparel,AP-453,return,3,0
2024-04-08,S1,Home,HO-288,sale,-2,0
2024-04-08,S1,Grocery,GR-814,count,0,2
2024-04-08,S1,Apparel,AP-580,sale,-4,0
2024-04-08,S1,Apparel,AP-720,sale,-4,0
2024-04-08,S1,Apparel,AP-819,sale,-4,0
2024-04-08,S1,Home,HO-526,count,0,0
2024-04-08,S1,Grocery,GR-750,sale,-4,0
2024-04-08,S1,Home,HO-288,sale,-3,0
2024-04-08,S1,Apparel,AP-153,count,0,-2
2024-04-08,S2,Home,HO-966,sale,-1,0
2024-04-08,S2,Home,HO-445,return,3,0
2024-04-08,S2,Apparel,AP-250,count,0,-1
2024-04-08,S2,Apparel,AP-358,receipt,58,0
2024-04-08,S2,Electronics,EL-447,count,0,2
2024-04-08,S2,Home,HO-139,return,1,0
2024-04-08,S2,Electronics,EL-249,count,0,-1
2024-04-08,S2,Grocery,GR-842,count,0,1
2024-04-08,S2,Electronics,EL-217,sale,-6,0
2024-04-08,S2,Home,HO-956,sale,-1,0
2024-04-08,S2,Electronics,EL-619,sale,-3,0
2024-04-08,S3,Apparel,AP-823,receipt,42,0
2024-04-08,S3,Grocery,GR-181,sale,-6,0
2024-04-08,S3,Electronics,EL-372,receipt,37,0
2024-04-08,S3,Apparel,AP-927,sale,-4,0
2024-04-08,S3,Electronics,EL-306,receipt,17,0
2024-04-08,S3,Home,HO-643,sale,-6,0
2024-04-08,S3,Electronics,EL-568,sale,-6,0
2024-04-08,S3,Grocery,GR-425,sale,-4,0
2024-04-08,S3,Grocery,GR-330,count,0,-1
2024-04-08,S3,Apparel,AP-525,sale,-6,0
2024-04-08,S3,Apparel,AP-226,return,3,0
2024-04-08,S3,Electronics,EL-367,return,3,0
2024-04-08,S4,Grocery,GR-925,return,2,0
2024-04-08,S4,Electronics,EL-725,return,3,0
2024-04-08,S4,Electronics,EL-924,count,0,-2
2024-04-08,S4,Home,HO-702,sale,-6,0
2024-04-08,S4,Grocery,GR-494,count,0,-2
2024-04-08,S4,Apparel,AP-501,receipt,60,0
2024-04-08,S4,Home,HO-357,receipt,44,0
2024-04-08,S4,Grocery,GR-167,sale,-6,0
2024-04-08,S4,Home,HO-593,receipt,46,0
2024-04-08,S4,Apparel,AP-845,sale,-5,0
2024-04-08,S4,Home,HO-819,receipt,30,0
2024-04-08,S4,Home,HO-373,sale,-6,0
2024-04-08,S4,Electronics,EL-647,sale,-5,0
2024-04-08,S4,Grocery,GR-856,return,1,0
2024-04-08,S4,Grocery,GR-423,receipt,25,0
2024-04-08,S4,Apparel,AP-322,sale,-4,0
2024-04-08,S5,Grocery,GR-451,sale,-3,0
2024-04-08,S5,Apparel,AP-377,sale,-6,0
2024-04-08,S5,Electronics,EL-632,sale,-3,0
2024-04-08,S5,Home,HO-430,sale,-5,0
2024-04-08,S5,Home,HO-810,sale,-3,0
2024-04-08,S5,Electronics,EL-362,receipt,54,0
2024-04-08,S5,Apparel,AP-557,return,2,0
2024-04-08,S5,Grocery,GR-560,sale,-2,0
2024-04-08,S5,Home,HO-322,return,1,0
2024-04-08,S5,Electronics,EL-393,return,3,0
2024-04-08,S5,Electronics,EL-584,sale,-5,0
2024-04-08,S5,Home,HO-776,count,0,0
2024-04-08,S5,Electronics,EL-168,sale,-4,0
2024-04-08,S5,Apparel,AP-485,sale,-3,0
2024-04-09,S1,Home,HO-977,receipt,56,0
2024-04-09,S1,Electronics,EL-381,sale,-4,0
2024-04-09,S1,Home,HO-274,sale,-5,0
2024-04-09,S1,Grocery,GR-327,sale,-1,0
2024-04-09,S1,Electronics,EL-547,receipt,58,0
2024-04-09,S1,Electronics,EL-755,return,2,0
2024-04-09,S1,Electronics,EL-573,sale,-4,0
2024-04-09,S1,Home,HO-704,sale,-3,0
2024-04-09,S1,Grocery,GR-155,sale,-2,0
2024-04-09,S1,Apparel,AP-498,receipt,20,0
2024-04-09,S1,Home,HO-599,sale,-5,0
2024-04-09,S1,Grocery,GR-556,receipt,57,0
2024-04-09,S2,Electronics,EL-475,receipt,33,0
2024-04-09,S2,Apparel,AP-403,sale,-6,0
2024-04-09,S2,Apparel,AP-106,count,0,-1
2024-04-09,S2,Grocery,GR-748,sale,-5,0
2024-04-09,S2,Home,HO-755,count,0,-2
2024-04-09,S2,Home,HO-268,return,3,0
2024-04-09,S2,Home,HO-984,return,1,0
2024-04-09,S2,Apparel,AP-265,count,0,-1
2024-04-09,S2,Apparel,AP-232,count,0,1
2024-04-09,S2,Home,HO-584,count,0,1
2024-04-09,S3,Grocery,GR-513,receipt,49,0
2024-04-09,S3,Home,HO-848,sale,-5,0
2024-04-09,S3,Apparel,AP-542,sale,-3,0
2024-04-09,S3,Electronics,EL-346,sale,-4,0
2024-04-09,S3,Grocery,GR-807,sale,-5,0
2024-04-09,S3,Grocery,GR-235,count,0,1
2024-04-09,S3,Grocery,GR-374,sale,-5,0
2024-04-09,S3,Home,HO-395,count,0,0
2024-04-09,S3,Home,HO-540,sale,-1,0
2024-04-09,S3,Apparel,AP-974,receipt,32,0
2024-04-09,S3,Home,HO-534,sale,-1,0
2024-04-09,S3,Electronics,EL-265,sale,-3,0
2024-04-09,S3,Apparel,AP-707,sale,-5,0
2024-04-09,S3,Apparel,AP-954,receipt,57,0
2024-04-09,S3,Home,HO-600,sale,-3,0
2024-04-09,S3,Electronics,EL-456,sale,-5,0
2024-04-09,S4,Grocery,GR-924,receipt,54,0
2024-04-09,S4,Home,HO-105,sale,-3,0
2024-04-09,S4,Apparel,AP-155,return,1,0
2024-04-09,S4,Grocery,GR-220,receipt,25,0
2024-04-09,S4,Grocery,GR-326,sale,-3,0
2024-04-09,S4,Home,HO-649,receipt,32,0
2024-04-09,S4,Apparel,AP-904,receipt,22,0
2024-04-09,S4,Electronics,EL-646,return,2,0
2024-04-09,S5,Grocery,GR-935,sale,-4,0
2024-04-09,S5,Electronics,EL-299,return,3,0
2024-04-09,S5,Electronics,EL-786,receipt,35,0
2024-04-09,S5,Grocery,GR-945,sale,-6,0
2024-04-09,S5,Home,HO-638,count,0,-2
2024-04-09,S5,Apparel,AP-258,sale,-5,0
2024-04-09,S5,Apparel,AP-632,count,0,0
2024-04-09,S5,Electronics,EL-527,count,0,-2
2024-04-09,S5,Home,HO-611,count,0,-1
2024-04-09,S5,Apparel,AP-439,receipt,45,0
2024-04-10,S1,Home,HO-775,sale,-3,0
2024-04-10,S1,Apparel,AP-854,count,0,0
2024-04-10,S1,Electronics,EL-453,count,0,-2
2024-04-10,S1,Home,HO-627,sale,-1,0
2024-04-10,S1,Home,HO-896,sale,-1,0
2024-04-10,S1,Apparel,AP-592,sale,-3,0
2024-04-10,S1,Grocery,GR-934,sale,-4,0
2024-04-10,S1,Electronics,EL-662,return,1,0
2024-04-10,S1,Grocery,GR-763,sale,-4,0
2024-04-10,S1,Electronics,EL-752,count,0,0
2024-04-10,S1,Apparel,AP-699,receipt,14,0
2024-04-10,S1,Electronics,EL-912,receipt,14,0
2024-04-10,S1,Grocery,GR-429,count,0,0
2024-04-10,S1,Electronics,EL-157,sale,-4,0
2024-04-10,S1,Home,HO-578,receipt,25,0
2024-04-10,S2,Grocery,GR-808,return,1,0
2024-04-10,S2,Grocery,GR-420,return,1,0
2024-04-10,S2,Grocery,GR-971,return,2,0
2024-04-10,S2,Home,HO-603,sale,-4,0
2024-04-10,S2,Grocery,GR-992,receipt,53,0
2024-04-10,S2,Electronics,EL-309,return,2,0
2024-04-10,S2,Home,HO-119,sale,-2,0
2024-04-10,S2,Apparel,AP-952,count,0,1
2024-04-10,S2,Electronics,EL-248,count,0,2
2024-04-10,S2,Apparel,AP-274,sale,-3,0
2024-04-10,S2,Apparel,AP-553,receipt,27,0
2024-04-10,S2,Apparel,AP-850,sale,-5,0
2024-04-10,S2,Electronics,EL-513,return,1,0
2024-04-10,S2,Home,HO-867,sale,-4,0
2024-04-10,S2,Grocery,GR-501,return,2,0
2024-04-10,S3,Home,HO-740,return,2,0
2024-04-10,S3,Electronics,EL-565,return,3,0
2024-04-10,S3,Grocery,GR-233,sale,-3,0
2024-04-10,S3,Home,HO-383,sale,-3,0
2024-04-10,S3,Grocery,GR-224,count,0,1
2024-04-10,S3,Home,HO-892,return,2,0
2024-04-10,S3,Electronics,EL-416,count,0,-4
2024-04-10,S3,Grocery,GR-213,receipt,53,0
2024-04-10,S3,Apparel,AP-477,sale,-5,0
2024-04-10,S3,Electronics,EL-506,count,0,-2
2024-04-10,S3,Electronics,EL-849,sale,-3,0
2024-04-10,S3,Apparel,AP-747,sale,-6,0
2024-04-10,S3,Grocery,GR-275,count,0,-2
2024-04-10,S4,Home,HO-136,sale,-5,0
2024-04-10,S4,Home,HO-179,receipt,36,0
2024-04-10,S4,Grocery,GR-229,sale,-6,0
2024-04-10,S4,Electronics,EL-908,count,0,-2
2024-04-10,S4,Electronics,EL-170,return,1,0
2024-04-10,S4,Grocery,GR-852,sale,-1,0
2024-04-10,S4,Home,HO-774,receipt,41,0
2024-04-10,S4,Electronics,EL-680,sale,-4,0
2024-04-10,S4,Electronics,EL-716,receipt,26,0
2024-04-10,S4,Electronics,EL-490,return,3,0
2024-04-10,S4,Grocery,GR-864,sale,-5,0
2024-04-10,S4,Home,HO-464,sale,-6,0
2024-04-10,S4,Grocery,GR-809,receipt,51,0
2024-04-10,S5,Apparel,AP-817,sale,-6,0
2024-04-10,S5,Grocery,GR-114,return,1,0
2024-04-10,S5,Electronics,EL-810,sale,-5,0
2024-04-10,S5,Home,HO-319,sale,-1,0
2024-04-10,S5,Home,HO-813,sale,-6,0
2024-04-10,S5,Home,HO-267,receipt,56,0
2024-04-10,S5,Home,HO-878,count,0,0
2024-04-10,S5,Apparel,AP-579,return,1,0
2024-04-10,S5,Electronics,EL-153,sale,-2,0
2024-04-10,S5,Home,HO-219,return,1,0
2024-04-10,S5,Electronics,EL-344,receipt,30,0
2024-04-10,S5,Apparel,AP-209,sale,-1,0
2024-04-10,S5,Electronics,EL-229,count,0,1
2024-04-10,S5,Grocery,GR-200,receipt,49,0
2024-04-10,S5,Apparel,AP-136,sale,-5,0
2024-04-10,S5,Apparel,AP-501,receipt,42,0
2024-04-11,S1,Home,HO-938,sale,-1,0
2024-04-11,S1,Home,HO-239,sale,-4,0
2024-04-11,S1,Apparel,AP-374,sale,-2,0
2024-04-11,S1,Electronics,EL-991,sale,-1,0
2024-04-11,S1,Apparel,AP-208,return,2,0
2024-04-11,S1,Grocery,GR-499,count,0,2
2024-04-11,S1,Home,HO-921,return,3,0
2024-04-11,S1,Grocery,GR-506,sale,-6,0
2024-04-11,S1,Home,HO-955,receipt,31,0
2024-04-11,S1,Electronics,EL-622,sale,-1,0
2024-04-11,S2,Grocery,GR-604,sale,-5,0
2024-04-11,S2,Electronics,EL-702,count,0,-2
2024-04-11,S2,Grocery,GR-513,count,0,-1
2024-04-11,S2,Electronics,EL-186,sale,-3,0
2024-04-11,S2,Apparel,AP-299,sale,-2,0
2024-04-11,S2,Electronics,EL-910,receipt,43,0
2024-04-11,S2,Apparel,AP-281,sale,-1,0
2024-04-11,S2,Grocery,GR-486,return,3,0
2024-04-11,S2,Apparel,AP-336,sale,-1,0
2024-04-11,S2,Grocery,GR-404,count,0,-2
2024-04-11,S2,Home,HO-111,sale,-1,0
2024-04-11,S3,Grocery,GR-691,receipt,28,0
2024-04-11,S3,Grocery,GR-951,receipt,40,0
2024-04-11,S3,Grocery,GR-193,receipt,41,0
2024-04-11,S3,Electronics,EL-838,return,1,0
2024-04-11,S3,Apparel,AP-903,return,2,0
2024-04-11,S3,Home,HO-253,sale,-2,0
2024-04-11,S3,Apparel,AP-310,sale,-2,0
2024-04-11,S3,Grocery,GR-768,sale,-4,0
2024-04-11,S3,Home,HO-699,receipt,52,0
2024-04-11,S3,Home,HO-862,count,0,-1
2024-04-11,S3,Apparel,AP-639,return,2,0
2024-04-11,S3,Apparel,AP-369,sale,-1,0
2024-04-11,S3,Home,HO-249,sale,-6,0
2024-04-11,S3,Electronics,EL-717,receipt,41,0
2024-04-11,S4,Apparel,AP-651,sale,-3,0
2024-04-11,S4,Electronics,EL-536,sale,-6,0
2024-04-11,S4,Home,HO-862,count,0,1
2024-04-11,S4,Electronics,EL-891,sale,-2,0
2024-04-11,S4,Home,HO-323,sale,-4,0
2024-04-11,S4,Apparel,AP-476,sale,-1,0
2024-04-11,S4,Electronics,EL-191,receipt,52,0
2024-04-11,S4,Apparel,AP-741,count,0,2
2024-04-11,S4,Grocery,GR-990,sale,-1,0
2024-04-11,S4,Grocery,GR-237,receipt,20,0
2024-04-11,S4,Apparel,AP-336,sale,-1,0
2024-04-11,S4,Home,HO-685,return,3,0
2024-04-11,S4,Grocery,GR-612,count,0,-2
2024-04-11,S4,Apparel,AP-512,sale,-5,0
2024-04-11,S5,Grocery,GR-578,receipt,33,0
2024-04-11,S5,Apparel,AP-399,count,0,-2
2024-04-11,S5,Grocery,GR-996,sale,-1,0
2024-04-11,S5,Grocery,GR-778,receipt,12,0
2024-04-11,S5,Electronics,EL-257,sale,-4,0
2024-04-11,S5,Electronics,EL-249,return,1,0
2024-04-11,S5,Electronics,EL-955,receipt,46,0
2024-04-11,S5,Electronics,EL-204,sale,-4,0
2024-04-11,S5,Electronics,EL-137,return,2,0
2024-04-11,S5,Grocery,GR-362,sale,-4,0
2024-04-11,S5,Apparel,AP-829,sale,-3,0
2024-04-11,S5,Electronics,EL-983,count,0,2
2024-04-11,S5,Electronics,EL-898,count,0,-1
2024-04-11,S5,Apparel,AP-417,receipt,33,0
2024-04-11,S5,Home,HO-632,return,2,0
2024-04-12,S1,Grocery,GR-328,count,0,0
2024-04-12,S1,Apparel,AP-414,sale,-2,0
2024-04-12,S1,Home,HO-915,receipt,37,0
2024-04-12,S1,Electronics,EL-430,count,0,2
2024-04-12,S1,Apparel,AP-592,receipt,57,0
2024-04-12,S1,Grocery,GR-456,receipt,58,0
2024-04-12,S1,Home,HO-549,return,2,0
2024-04-12,S1,Home,HO-174,count,0,2
2024-04-12,S2,Home,HO-934,sale,-4,0
2024-04-12,S2,Home,HO-610,sale,-5,0
2024-04-12,S2,Grocery,GR-343,receipt,57,0
2024-04-12,S2,Grocery,GR-977,return,3,0
2024-04-12,S2,Grocery,GR-978,sale,-5,0
2024-04-12,S2,Apparel,AP-412,sale,-2,0
2024-04-12,S2,Grocery,GR-234,count,0,-1
2024-04-12,S2,Electronics,EL-439,sale,-2,0
2024-04-12,S2,Electronics,EL-866,return,1,0
2024-04-12,S2,Electronics,EL-556,count,0,-1
2024-04-12,S2,Electronics,EL-794,return,2,0
2024-04-12,S3,Grocery,GR-718,sale,-1,0
2024-04-12,S3,Home,HO-599,count,0,-2
2024-04-12,S3,Apparel,AP-369,receipt,27,0
2024-04-12,S3,Electronics,EL-681,sale,-2,0
2024-04-12,S3,Electronics,EL-420,sale,-6,0
2024-04-12,S3,Grocery,GR-187,count,0,1
2024-04-12,S3,Grocery,GR-164,sale,-1,0
2024-04-12,S3,Grocery,GR-599,count,0,1
2024-04-12,S4,Home,HO-826,sale,-5,0
2024-04-12,S4,Electronics,EL-544,count,0,0
2024-04-12,S4,Home,HO-488,count,0,2
2024-04-12,S4,Electronics,EL-422,sale,-2,0
2024-04-12,S4,Apparel,AP-357,sale,-6,0
2024-04-12,S4,Electronics,EL-556,receipt,56,0
2024-04-12,S4,Electronics,EL-710,receipt,13,0
2024-04-12,S4,Home,HO-852,sale,-1,0
2024-04-12,S4,Home,HO-461,sale,-6,0
2024-04-12,S4,Home,HO-560,return,1,0
2024-04-12,S4,Home,HO-333,count,0,-1
2024-04-12,S5,Grocery,GR-485,receipt,43,0
2024-04-12,S5,Apparel,AP-894,sale,-3,0
2024-04-12,S5,Electronics,EL-985,receipt,52,0
2024-04-12,S5,Home,HO-856,sale,-3,0
2024-04-12,S5,Apparel,AP-979,return,2,0
2024-04-12,S5,Electronics,EL-233,sale,-4,0
2024-04-12,S5,Apparel,AP-116,sale,-3,0
2024-04-12,S5,Electronics,EL-272,sale,-1,0
2024-04-12,S5,Electronics,EL-455,sale,-1,0
2024-04-12,S5,Electronics,EL-817,sale,-2,0
2024-04-12,S5,Grocery,GR-773,receipt,48,0
2024-04-12,S5,Electronics,EL-500,receipt,28,0
2024-04-12,S5,Apparel,AP-373,count,0,-1
2024-04-12,S5,Grocery,GR-126,sale,-2,0
2024-04-13,S1,Apparel,AP-793,receipt,44,0
2024-04-13,S1,Electronics,EL-720,sale,-2,0
2024-04-13,S1,Grocery,GR-659,sale,-2,0
2024-04-13,S1,Grocery,GR-809,sale,-2,0
2024-04-13,S1,Electronics,EL-684,receipt,59,0
2024-04-13,S1,Apparel,AP-820,sale,-3,0
2024-04-13,S1,Apparel,AP-133,receipt,16,0
2024-04-13,S1,Home,HO-829,sale,-3,0
2024-04-13,S1,Grocery,GR-550,receipt,14,0
2024-04-13,S2,Apparel,AP-352,sale,-2,0
2024-04-13,S2,Grocery,GR-830,sale,-2,0
2024-04-13,S2,Electronics,EL-331,sale,-5,0
2024-04-13,S2,Grocery,GR-638,sale,-1,0
2024-04-13,S2,Electronics,EL-312,sale,-2,0
2024-04-13,S2,Apparel,AP-149,receipt,35,0
2024-04-13,S2,Electronics,EL-142,sale,-4,0
2024-04-13,S2,Apparel,AP-457,count,0,1
2024-04-13,S2,Home,HO-238,sale,-1,0
2024-04-13,S2,Electronics,EL-904,sale,-4,0
2024-04-13,S2,Grocery,GR-102,count,0,-2
2024-04-13,S2,Grocery,GR-539,count,0,2
2024-04-13,S2,Home,HO-486,receipt,55,0
2024-04-13,S2,Electronics,EL-544,sale,-1,0
2024-04-13,S2,Apparel,AP-215,sale,-4,0
2024-04-13,S2,Home,HO-407,sale,-3,0
2024-04-13,S3,Grocery,GR-881,sale,-2,0
2024-04-13,S3,Electronics,EL-261,sale,-3,0
2024-04-13,S3,Electronics,EL-363,return,3,0
2024-04-13,S3,Home,HO-276,count,0,2
2024-04-13,S3,Grocery,GR-703,return,2,0
2024-04-13,S3,Home,HO-122,receipt,39,0
2024-04-13,S3,Electronics,EL-929,return,1,0
2024-04-13,S3,Apparel,AP-856,count,0,-1
2024-04-13,S3,Home,HO-126,sale,-5,0
2024-04-13,S4,Home,HO-509,receipt,11,0
2024-04-13,S4,Apparel,AP-915,count,0,-2
2024-04-13,S4,Apparel,AP-271,return,3,0
2024-04-13,S4,Home,HO-141,sale,-5,0
2024-04-13,S4,Electronics,EL-312,sale,-5,0
2024-04-13,S4,Grocery,GR-567,sale,-5,0
2024-04-13,S4,Home,HO-760,sale,-1,0
2024-04-13,S4,Apparel,AP-792,count,0,-1
2024-04-13,S4,Electronics,EL-494,receipt,36,0
2024-04-13,S4,Grocery,GR-559,receipt,43,0
2024-04-13,S4,Electronics,EL-484,receipt,40,0
2024-04-13,S4,Apparel,AP-520,sale,-4,0
2024-04-13,S4,Grocery,GR-429,receipt,59,0
2024-04-13,S4,Home,HO-704,sale,-1,0
2024-04-13,S5,Electronics,EL-905,sale,-3,0
2024-04-13,S5,Apparel,AP-738,sale,-2,0
2024-04-13,S5,Apparel,AP-786,sale,-2,0
2024-04-13,S5,Grocery,GR-494,sale,-2,0
2024-04-13,S5,Home,HO-397,sale,-5,0
2024-04-13,S5,Home,HO-704,sale,-5,0
2024-04-13,S5,Apparel,AP-904,return,3,0
2024-04-13,S5,Apparel,AP-789,count,0,-1
2024-04-13,S5,Home,HO-840,sale,-4,0
2024-04-13,S5,Home,HO-131,receipt,56,0
2024-04-13,S5,Electronics,EL-921,sale,-4,0
2024-04-13,S5,Electronics,EL-564,count,0,2
2024-04-13,S5,Electronics,EL-147,sale,-3,0
2024-04-14,S1,Grocery,GR-187,sale,-1,0
2024-04-14,S1,Grocery,GR-667,sale,-2,0
2024-04-14,S1,Apparel,AP-123,return,2,0
2024-04-14,S1,Home,HO-932,sale,-5,0
2024-04-14,S1,Grocery,GR-306,sale,-1,0
2024-04-14,S1,Apparel,AP-833,sale,-5,0
2024-04-14,S1,Grocery,GR-554,sale,-2,0
2024-04-14,S1,Electronics,EL-505,return,3,0
2024-04-14,S1,Grocery,GR-382,sale,-2,0
2024-04-14,S1,Home,HO-898,sale,-5,0
2024-04-14,S1,Electronics,EL-132,return,2,0
2024-04-14,S1,Apparel,AP-210,return,2,0
2024-04-14,S1,Apparel,AP-351,sale,-1,0
2024-04-14,S1,Home,HO-271,return,1,0
2024-04-14,S2,Home,HO-378,sale,-2,0
2024-04-14,S2,Home,HO-801,sale,-2,0
2024-04-14,S2,Electronics,EL-564,receipt,22,0
2024-04-14,S2,Home,HO-689,count,0,-2
2024-04-14,S2,Home,HO-339,receipt,11,0
2024-04-14,S2,Electronics,EL-365,return,1,0
2024-04-14,S2,Apparel,AP-818,sale,-4,0
2024-04-14,S2,Electronics,EL-852,count,0,-1
2024-04-14,S2,Home,HO-609,sale,-4,0
2024-04-14,S3,Grocery,GR-936,count,0,-1
2024-04-14,S3,Apparel,AP-881,count,0,-1
2024-04-14,S3,Grocery,GR-240,sale,-1,0
2024-04-14,S3,Home,HO-551,sale,-2,0
2024-04-14,S3,Grocery,GR-867,sale,-3,0
2024-04-14,S3,Home,HO-822,sale,-1,0
2024-04-14,S3,Home,HO-941,return,3,0
2024-04-14,S3,Home,HO-615,count,0,-1
2024-04-14,S4,Apparel,AP-822,sale,-5,0
2024-04-14,S4,Home,HO-773,return,2,0
2024-04-14,S4,Home,HO-875,sale,-6,0
2024-04-14,S4,Electronics,EL-448,sale,-6,0
2024-04-14,S4,Apparel,AP-318,sale,-3,0
2024-04-14,S4,Electronics,EL-449,return,2,0
2024-04-14,S4,Electronics,EL-284,sale,-2,0
2024-04-14,S4,Apparel,AP-655,count,0,2
2024-04-14,S4,Home,HO-882,sale,-6,0
2024-04-14,S4,Electronics,EL-282,sale,-6,0
2024-04-14,S4,Electronics,EL-867,receipt,12,0
2024-04-14,S4,Grocery,GR-177,receipt,37,0
2024-04-14,S4,Grocery,GR-301,sale,-2,0
2024-04-14,S5,Apparel,AP-359,sale,-6,0
2024-04-14,S5,Grocery,GR-242,receipt,48,0
2024-04-14,S5,Electronics,EL-263,sale,-6,0
2024-04-14,S5,Apparel,AP-617,sale,-3,0
2024-04-14,S5,Grocery,GR-876,sale,-1,0
2024-04-14,S5,Home,HO-362,sale,-4,0
2024-04-14,S5,Grocery,GR-423,count,0,-2
2024-04-14,S5,Home,HO-831,sale,-5,0
2024-04-14,S5,Grocery,GR-801,sale,-1,0
2024-04-15,S1,Electronics,EL-687,sale,-6,0
2024-04-15,S1,Home,HO-875,return,3,0
2024-04-15,S1,Home,HO-169,sale,-3,0
2024-04-15,S1,Grocery,GR-740,return,3,0
2024-04-15,S1,Home,HO-451,sale,-4,0
2024-04-15,S1,Apparel,AP-278,return,3,0
2024-04-15,S1,Home,HO-442,sale,-3,0
2024-04-15,S1,Electronics,EL-812,count,0,-2
2024-04-15,S1,Grocery,GR-718,return,2,0
2024-04-15,S1,Electronics,EL-724,receipt,26,0
2024-04-15,S1,Apparel,AP-111,receipt,31,0
2024-04-15,S2,Apparel,AP-167,count,0,-1
2024-04-15,S2,Apparel,AP-605,sale,-1,0
2024-04-15,S2,Grocery,GR-373,receipt,56,0
2024-04-15,S2,Grocery,GR-544,receipt,51,0
2024-04-15,S2,Electronics,EL-814,return,3,0
2024-04-15,S2,Apparel,AP-233,sale,-2,0
2024-04-15,S2,Electronics,EL-456,sale,-3,0
2024-04-15,S2,Grocery,GR-762,sale,-6,0
2024-04-15,S2,Grocery,GR-360,sale,-5,0
2024-04-15,S2,Electronics,EL-353,return,2,0
2024-04-15,S2,Home,HO-641,sale,-4,0
2024-04-15,S3,Home,HO-159,receipt,49,0
2024-04-15,S3,Electronics,EL-651,count,0,-2
2024-04-15,S3,Electronics,EL-501,count,0,-3
2024-04-15,S3,Home,HO-330,sale,-2,0
2024-04-15,S3,Electronics,EL-965,sale,-1,0
2024-04-15,S3,Electronics,EL-862,receipt,44,0
2024-04-15,S3,Grocery,GR-436,return,2,0
2024-04-15,S3,Electronics,EL-757,sale,-4,0
2024-04-15,S3,Apparel,AP-129,sale,-3,0
2024-04-15,S3,Grocery,GR-757,sale,-1,0
2024-04-15,S3,Electronics,EL-163,return,1,0
2024-04-15,S3,Grocery,GR-698,count,0,-1
2024-04-15,S3,Home,HO-573,count,0,2
2024-04-15,S3,Electronics,EL-205,return,2,0
2024-04-15,S3,Apparel,AP-344,sale,-5,0
2024-04-15,S4,Home,HO-788,sale,-1,0
2024-04-15,S4,Electronics,EL-547,sale,-5,0
2024-04-15,S4,Electronics,EL-946,sale,-1,0
2024-04-15,S4,Grocery,GR-563,receipt,39,0
2024-04-15,S4,Grocery,GR-320,receipt,10,0
2024-04-15,S4,Home,HO-513,receipt,52,0
2024-04-15,S4,Apparel,AP-553,receipt,29,0
2024-04-15,S4,Grocery,GR-281,sale,-2,0
2024-04-15,S4,Electronics,EL-180,sale,-5,0
2024-04-15,S4,Apparel,AP-725,sale,-3,0
2024-04-15,S4,Electronics,EL-434,return,1,0
2024-04-15,S4,Apparel,AP-508,receipt,21,0
2024-04-15,S4,Apparel,AP-767,count,0,-1
2024-04-15,S4,Grocery,GR-645,return,3,0
2024-04-15,S5,Apparel,AP-151,receipt,19,0
2024-04-15,S5,Electronics,EL-898,sale,-4,0
2024-04-15,S5,Grocery,GR-540,sale,-3,0
2024-04-15,S5,Electronics,EL-569,count,0,2
2024-04-15,S5,Electronics,EL-783,sale,-4,0
2024-04-15,S5,Electronics,EL-489,sale,-5,0
2024-04-15,S5,Grocery,GR-143,count,0,1
2024-04-15,S5,Home,HO-267,sale,-1,0
2024-04-15,S5,Electronics,EL-952,sale,-1,0
2024-04-15,S5,Grocery,GR-116,receipt,57,0
2024-04-15,S5,Grocery,GR-601,sale,-2,0
2024-04-16,S1,Electronics,EL-498,sale,-3,0
2024-04-16,S1,Grocery,GR-117,sale,-6,0
2024-04-16,S1,Apparel,AP-647,sale,-4,0
2024-04-16,S1,Electronics,EL-898,return,3,0
2024-04-16,S1,Home,HO-613,receipt,26,0
2024-04-16,S1,Grocery,GR-380,sale,-2,0
2024-04-16,S1,Apparel,AP-293,sale,-5,0
2024-04-16,S1,Apparel,AP-636,sale,-2,0
2024-04-16,S1,Electronics,EL-903,sale,-1,0
2024-04-16,S1,Apparel,AP-861,sale,-3,0
2024-04-16,S1,Apparel,AP-428,sale,-4,0
2024-04-16,S1,Grocery,GR-724,count,0,-2
2024-04-16,S2,Electronics,EL-551,count,0,1
2024-04-16,S2,Grocery,GR-480,return,1,0
2024-04-16,S2,Home,HO-354,sale,-5,0
2024-04-16,S2,Grocery,GR-942,count,0,-2
2024-04-16,S2,Apparel,AP-437,sale,-5,0
2024-04-16,S2,Electronics,EL-254,return,3,0
2024-04-16,S2,Grocery,GR-812,sale,-3,0
2024-04-16,S2,Grocery,GR-196,receipt,41,0
2024-04-16,S2,Electronics,EL-711,receipt,15,0
2024-04-16,S3,Apparel,AP-328,receipt,43,0
2024-04-16,S3,Apparel,AP-811,sale,-3,0
2024-04-16,S3,Grocery,GR-246,sale,-6,0
2024-04-16,S3,Apparel,AP-223,return,2,0
2024-04-16,S3,Grocery,GR-972,sale,-3,0
2024-04-16,S3,Grocery,GR-263,sale,-1,0
2024-04-16,S3,Home,HO-608,return,1,0
2024-04-16,S3,Apparel,AP-947,sale,-6,0
2024-04-16,S3,Home,HO-472,sale,-1,0
2024-04-16,S3,Grocery,GR-238,return,2,0
2024-04-16,S3,Electronics,EL-980,sale,-2,0
2024-04-16,S3,Home,HO-303,sale,-5,0
2024-04-16,S4,Apparel,AP-321,sale,-5,0
2024-04-16,S4,Grocery,GR-351,count,0,1
2024-04-16,S4,Home,HO-762,sale,-4,0
2024-04-16,S4,Electronics,EL-875,sale,-4,0
2024-04-16,S4,Home,HO-246,sale,-2,0
2024-04-16,S4,Electronics,EL-597,sale,-4,0
2024-04-16,S4,Home,HO-893,receipt,44,0
2024-04-16,S4,Home,HO-620,sale,-4,0
2024-04-16,S4,Apparel,AP-394,sale,-2,0
2024-04-16,S4,Apparel,AP-115,count,0,-1
2024-04-16,S4,Electronics,EL-449,sale,-1,0
2024-04-16,S4,Grocery,GR-183,count,0,2
2024-04-16,S5,Home,HO-185,sale,-1,0
2024-04-16,S5,Electronics,EL-214,sale,-5,0
2024-04-16,S5,Home,HO-437,return,3,0
2024-04-16,S5,Electronics,EL-731,sale,-5,0
2024-04-16,S5,Grocery,GR-231,sale,-6,0
2024-04-16,S5,Apparel,AP-952,sale,-3,0
2024-04-16,S5,Grocery,GR-459,return,2,0
2024-04-16,S5,Electronics,EL-709,sale,-5,0
2024-04-16,S5,Home,HO-114,sale,-3,0
2024-04-16,S5,Apparel,AP-910,sale,-1,0
2024-04-16,S5,Apparel,AP-225,count,0,2
2024-04-16,S5,Apparel,AP-976,count,0,-1
2024-04-17,S1,Electronics,EL-905,count,0,1
2024-04-17,S1,Home,HO-793,receipt,52,0
2024-04-17,S1,Home,HO-202,receipt,35,0
2024-04-17,S1,Home,HO-102,receipt,22,0
2024-04-17,S1,Grocery,GR-699,return,2,0
2024-04-17,S1,Grocery,GR-681,sale,-2,0
2024-04-17,S1,Home,HO-711,count,0,-2
2024-04-17,S1,Grocery,GR-209,sale,-2,0
2024-04-17,S1,Apparel,AP-994,sale,-3,0
2024-04-17,S1,Home,HO-978,count,0,-1
2024-04-17,S1,Home,HO-941,count,0,1
2024-04-17,S1,Home,HO-825,receipt,21,0
2024-04-17,S2,Electronics,EL-595,sale,-6,0
2024-04-17,S2,Electronics,EL-465,return,1,0
2024-04-17,S2,Grocery,GR-838,sale,-5,0
2024-04-17,S2,Electronics,EL-795,sale,-3,0
2024-04-17,S2,Apparel,AP-480,count,0,-2
2024-04-17,S2,Apparel,AP-476,return,1,0
2024-04-17,S2,Grocery,GR-724,return,1,0
2024-04-17,S2,Home,HO-571,sale,-2,0
2024-04-17,S2,Electronics,EL-873,sale,-6,0
2024-04-17,S3,Grocery,GR-700,sale,-2,0
2024-04-17,S3,Electronics,EL-557,sale,-3,0
2024-04-17,S3,Apparel,AP-629,count,0,2
2024-04-17,S3,Apparel,AP-446,return,2,0
2024-04-17,S3,Home,HO-222,count,0,1
2024-04-17,S3,Home,HO-920,sale,-5,0
2024-04-17,S3,Home,HO-249,receipt,39,0
2024-04-17,S3,Apparel,AP-994,receipt,27,0
2024-04-17,S3,Home,HO-567,sale,-5,0
2024-04-17,S3,Apparel,AP-230,count,0,2
2024-04-17,S3,Electronics,EL-636,sale,-4,0
2024-04-17,S3,Grocery,GR-971,return,1,0
2024-04-17,S3,Home,HO-317,receipt,37,0
2024-04-17,S3,Electronics,EL-949,sale,-6,0
2024-04-17,S3,Home,HO-946,sale,-2,0
2024-04-17,S4,Grocery,GR-328,sale,-4,0
2024-04-17,S4,Apparel,AP-331,sale,-2,0
2024-04-17,S4,Home,HO-849,count,0,0
2024-04-17,S4,Home,HO-325,return,1,0
2024-04-17,S4,Apparel,AP-168,sale,-1,0
2024-04-17,S4,Home,HO-279,sale,-5,0
2024-04-17,S4,Electronics,EL-622,sale,-2,0
2024-04-17,S4,Grocery,GR-192,sale,-5,0
2024-04-17,S4,Grocery,GR-264,return,2,0
2024-04-17,S4,Electronics,EL-116,sale,-4,0
2024-04-17,S4,Home,HO-655,count,0,-1
2024-04-17,S5,Apparel,AP-978,sale,-1,0
2024-04-17,S5,Electronics,EL-799,count,0,-1
2024-04-17,S5,Electronics,EL-811,receipt,16,0
2024-04-17,S5,Apparel,AP-174,sale,-5,0
2024-04-17,S5,Grocery,GR-510,return,2,0
2024-04-17,S5,Grocery,GR-188,count,0,-1
2024-04-17,S5,Electronics,EL-722,sale,-3,0
2024-04-17,S5,Home,HO-844,sale,-6,0
2024-04-17,S5,Home,HO-805,count,0,1
2024-04-17,S5,Grocery,GR-105,count,0,2
2024-04-18,S1,Home,HO-377,receipt,54,0
2024-04-18,S1,Apparel,AP-805,receipt,37,0
2024-04-18,S1,Electronics,EL-481,sale,-1,0
2024-04-18,S1,Electronics,EL-349,count,0,1
2024-04-18,S1,Electronics,EL-515,receipt,16,0
2024-04-18,S1,Apparel,AP-610,count,0,-1
2024-04-18,S1,Home,HO-581,return,2,0
2024-04-18,S1,Grocery,GR-330,sale,-3,0
2024-04-18,S2,Apparel,AP-271,sale,-3,0
2024-04-18,S2,Apparel,AP-500,sale,-3,0
2024-04-18,S2,Home,HO-737,sale,-6,0
2024-04-18,S2,Grocery,GR-244,sale,-5,0
2024-04-18,S2,Electronics,EL-338,sale,-1,0
2024-04-18,S2,Apparel,AP-510,sale,-1,0
2024-04-18,S2,Grocery,GR-949,sale,-6,0
2024-04-18,S2,Apparel,AP-191,sale,-4,0
2024-04-18,S2,Apparel,AP-237,sale,-5,0
2024-04-18,S2,Apparel,AP-168,sale,-4,0
2024-04-18,S3,Grocery,GR-759,return,3,0
2024-04-18,S3,Grocery,GR-884,sale,-2,0
2024-04-18,S3,Electronics,EL-911,return,3,0
2024-04-18,S3,Grocery,GR-408,count,0,2
2024-04-18,S3,Apparel,AP-383,sale,-4,0
2024-04-18,S3,Home,HO-131,receipt,14,0
2024-04-18,S3,Electronics,EL-700,receipt,26,0
2024-04-18,S3,Electronics,EL-528,count,0,-6
2024-04-18,S3,Grocery,GR-908,count,0,2
2024-04-18,S3,Home,HO-598,count,0,1
2024-04-18,S4,Grocery,GR-293,sale,-2,0
2024-04-18,S4,Home,HO-203,return,3,0
2024-04-18,S4,Home,HO-816,count,0,-2
2024-04-18,S4,Electronics,EL-944,sale,-1,0
2024-04-18,S4,Home,HO-210,receipt,22,0
2024-04-18,S4,Home,HO-978,sale,-5,0
2024-04-18,S4,Apparel,AP-992,return,3,0
2024-04-18,S4,Grocery,GR-572,sale,-3,0
2024-04-18,S4,Apparel,AP-763,count,0,-2
2024-04-18,S4,Grocery,GR-551,return,1,0
2024-04-18,S4,Apparel,AP-580,count,0,0
2024-04-18,S4,Grocery,GR-344,sale,-6,0
2024-04-18,S4,Grocery,GR-329,receipt,54,0
2024-04-18,S5,Home,HO-663,sale,-1,0
2024-04-18,S5,Electronics,EL-790,sale,-6,0
2024-04-18,S5,Grocery,GR-452,return,3,0
2024-04-18,S5,Electronics,EL-539,sale,-4,0
2024-04-18,S5,Grocery,GR-793,count,0,2
2024-04-18,S5,Grocery,GR-974,sale,-1,0
2024-04-18,S5,Grocery,GR-935,return,1,0
2024-04-18,S5,Electronics,EL-464,count,0,2
2024-04-18,S5,Electronics,EL-873,sale,-1,0
2024-04-18,S5,Apparel,AP-642,sale,-1,0
2024-04-18,S5,Home,HO-153,receipt,49,0
2024-04-18,S5,Apparel,AP-170,sale,-2,0
2024-04-19,S1,Electronics,EL-795,sale,-4,0
2024-04-19,S1,Grocery,GR-388,receipt,32,0
2024-04-19,S1,Apparel,AP-132,sale,-6,0
2024-04-19,S1,Home,HO-656,sale,-1,0
2024-04-19,S1,Apparel,AP-947,sale,-3,0
2024-04-19,S1,Electronics,EL-159,sale,-1,0
2024-04-19,S1,Grocery,GR-233,count,0,0
2024-04-19,S1,Grocery,GR-686,receipt,52,0
2024-04-19,S1,Grocery,GR-551,sale,-6,0
2024-04-19,S1,Grocery,GR-153,sale,-3,0
2024-04-19,S1,Apparel,AP-164,count,0,1
2024-04-19,S1,Grocery,GR-985,count,0,-1
2024-04-19,S1,Apparel,AP-319,sale,-6,0
2024-04-19,S2,Home,HO-586,sale,-4,0
2024-04-19,S2,Apparel,AP-464,sale,-6,0
2024-04-19,S2,Grocery,GR-980,count,0,0
2024-04-19,S2,Grocery,GR-338,sale,-4,0
2024-04-19,S2,Home,HO-239,sale,-3,0
2024-04-19,S2,Apparel,AP-331,sale,-5,0
2024-04-19,S2,Home,HO-606,sale,-1,0
2024-04-19,S2,Grocery,GR-302,sale,-3,0
2024-04-19,S2,Electronics,EL-161,receipt,24,0
2024-04-19,S3,Electronics,EL-888,sale,-4,0
2024-04-19,S3,Grocery,GR-338,count,0,2
2024-04-19,S3,Grocery,GR-641,receipt,46,0
2024-04-19,S3,Electronics,EL-198,count,0,-3
2024-04-19,S3,Home,HO-866,sale,-2,0
2024-04-19,S3,Apparel,AP-184,sale,-6,0
2024-04-19,S3,Home,HO-813,count,0,1
2024-04-19,S3,Apparel,AP-912,sale,-5,0
2024-04-19,S4,Apparel,AP-554,receipt,40,0
2024-04-19,S4,Electronics,EL-430,receipt,21,0
2024-04-19,S4,Electronics,EL-875,sale,-4,0
2024-04-19,S4,Electronics,EL-918,sale,-5,0
2024-04-19,S4,Grocery,GR-798,sale,-2,0
2024-04-19,S4,Grocery,GR-635,return,2,0
2024-04-19,S4,Electronics,EL-235,return,1,0
2024-04-19,S4,Home,HO-173,count,0,-2
2024-04-19,S4,Home,HO-877,sale,-6,0
2024-04-19,S4,Home,HO-323,sale,-6,0
2024-04-19,S4,Home,HO-119,count,0,2
2024-04-19,S4,Grocery,GR-306,sale,-3,0
2024-04-19,S4,Home,HO-346,sale,-6,0
2024-04-19,S5,Home,HO-644,count,0,0
2024-04-19,S5,Home,HO-697,sale,-2,0
2024-04-19,S5,Grocery,GR-706,receipt,12,0
2024-04-19,S5,Grocery,GR-820,sale,-5,0
2024-04-19,S5,Grocery,GR-837,return,2,0
2024-04-19,S5,Electronics,EL-443,sale,-4,0
2024-04-19,S5,Apparel,AP-561,sale,-6,0
2024-04-19,S5,Grocery,GR-482,count,0,-2
2024-04-20,S1,Grocery,GR-927,count,0,2
2024-04-20,S1,Grocery,GR-505,sale,-2,0
2024-04-20,S1,Electronics,EL-854,return,2,0
2024-04-20,S1,Grocery,GR-914,return,2,0
2024-04-20,S1,Apparel,AP-309,sale,-2,0
2024-04-20,S1,Grocery,GR-646,sale,-3,0
2024-04-20,S1,Electronics,EL-190,sale,-6,0
2024-04-20,S1,Apparel,AP-817,sale,-3,0
2024-04-20,S1,Home,HO-499,sale,-4,0
2024-04-20,S1,Home,HO-568,sale,-4,0
2024-04-20,S1,Home,HO-560,count,0,-1
2024-04-20,S1,Electronics,EL-454,receipt,32,0
2024-04-20,S1,Grocery,GR-633,count,0,-1
2024-04-20,S2,Apparel,AP-258,receipt,57,0
2024-04-20,S2,Home,HO-604,count,0,-1
2024-04-20,S2,Apparel,AP-716,receipt,34,0
2024-04-20,S2,Electronics,EL-540,sale,-6,0
2024-04-20,S2,Home,HO-816,sale,-4,0
2024-04-20,S2,Apparel,AP-249,sale,-6,0
2024-04-20,S2,Electronics,EL-663,receipt,12,0
2024-04-20,S2,Grocery,GR-756,sale,-2,0
2024-04-20,S2,Grocery,GR-695,sale,-4,0
2024-04-20,S2,Electronics,EL-390,sale,-1,0
2024-04-20,S3,Electronics,EL-713,count,0,-6
2024-04-20,S3,Electronics,EL-728,sale,-6,0
2024-04-20,S3,Home,HO-610,receipt,11,0
2024-04-20,S3,Apparel,AP-727,sale,-6,0
2024-04-20,S3,Electronics,EL-953,receipt,58,0
2024-04-20,S3,Home,HO-142,receipt,57,0
2024-04-20,S3,Apparel,AP-774,sale,-1,0
2024-04-20,S3,Electronics,EL-817,sale,-5,0
2024-04-20,S4,Apparel,AP-944,sale,-1,0
2024-04-20,S4,Home,HO-689,count,0,-2
2024-04-20,S4,Grocery,GR-360,receipt,24,0
2024-04-20,S4,Grocery,GR-817,return,2,0
2024-04-20,S4,Electronics,EL-134,receipt,38,0
2024-04-20,S4,Apparel,AP-324,sale,-2,0
2024-04-20,S4,Grocery,GR-692,return,2,0
2024-04-20,S4,Grocery,GR-320,return,1,0
2024-04-20,S4,Grocery,GR-921,count,0,1
2024-04-20,S4,Apparel,AP-642,receipt,58,0
2024-04-20,S4,Apparel,AP-179,sale,-6,0
2024-04-20,S4,Electronics,EL-547,receipt,33,0
2024-04-20,S4,Electronics,EL-817,count,0,1
2024-04-20,S4,Apparel,AP-807,sale,-5,0
2024-04-20,S4,Grocery,GR-400,sale,-3,0
2024-04-20,S4,Grocery,GR-912,count,0,1
2024-04-20,S5,Grocery,GR-613,sale,-4,0
2024-04-20,S5,Grocery,GR-613,sale,-2,0
2024-04-20,S5,Electronics,EL-432,return,2,0
2024-04-20,S5,Grocery,GR-406,return,2,0
2024-04-20,S5,Home,HO-765,receipt,35,0
2024-04-20,S5,Grocery,GR-290,receipt,46,0
2024-04-20,S5,Home,HO-806,return,1,0
2024-04-20,S5,Home,HO-602,sale,-5,0
2024-04-20,S5,Apparel,AP-579,return,2,0
2024-04-20,S5,Grocery,GR-367,receipt,14,0
2024-04-20,S5,Home,HO-555,return,3,0
2024-04-20,S5,Apparel,AP-435,count,0,2
2024-04-20,S5,Home,HO-649,receipt,48,0
2024-04-20,S5,Electronics,EL-589,receipt,44,0
2024-04-20,S5,Electronics,EL-395,sale,-4,0
2024-04-20,S5,Home,HO-540,sale,-2,0
2024-04-21,S1,Grocery,GR-876,return,1,0
2024-04-21,S1,Grocery,GR-436,sale,-2,0
2024-04-21,S1,Grocery,GR-824,sale,-5,0
2024-04-21,S1,Grocery,GR-717,count,0,2
2024-04-21,S1,Apparel,AP-500,sale,-4,0
2024-04-21,S1,Apparel,AP-855,sale,-3,0
2024-04-21,S1,Electronics,EL-553,sale,-4,0
2024-04-21,S1,Apparel,AP-316,receipt,51,0
2024-04-21,S1,Home,HO-958,return,1,0
2024-04-21,S1,Electronics,EL-439,return,2,0
2024-04-21,S1,Grocery,GR-957,sale,-4,0
2024-04-21,S1,Home,HO-591,count,0,1
2024-04-21,S1,Apparel,AP-863,count,0,0
2024-04-21,S1,Electronics,EL-669,return,2,0
2024-04-21,S1,Apparel,AP-318,receipt,36,0
2024-04-21,S1,Grocery,GR-960,receipt,57,0
2024-04-21,S2,Home,HO-532,return,1,0
2024-04-21,S2,Grocery,GR-148,sale,-2,0
2024-04-21,S2,Grocery,GR-886,sale,-1,0
2024-04-21,S2,Apparel,AP-979,sale,-2,0
2024-04-21,S2,Home,HO-809,count,0,-1
2024-04-21,S2,Grocery,GR-939,receipt,38,0
2024-04-21,S2,Grocery,GR-291,sale,-4,0
2024-04-21,S2,Home,HO-205,receipt,51,0
2024-04-21,S2,Grocery,GR-466,sale,-5,0
2024-04-21,S2,Grocery,GR-666,return,2,0
2024-04-21,S2,Home,HO-657,sale,-6,0
2024-04-21,S2,Apparel,AP-404,sale,-3,0
2024-04-21,S2,Grocery,GR-644,receipt,28,0
2024-04-21,S2,Electronics,EL-609,sale,-3,0
2024-04-21,S2,Home,HO-973,receipt,43,0
2024-04-21,S3,Grocery,GR-861,count,0,0
2024-04-21,S3,Grocery,GR-391,count,0,-1
2024-04-21,S3,Electronics,EL-949,sale,-6,0
2024-04-21,S3,Apparel,AP-208,sale,-2,0
2024-04-21,S3,Grocery,GR-508,sale,-3,0
2024-04-21,S3,Apparel,AP-345,count,0,2
2024-04-21,S3,Apparel,AP-373,receipt,30,0
2024-04-21,S3,Electronics,EL-550,receipt,20,0
2024-04-21,S4,Home,HO-113,sale,-2,0
2024-04-21,S4,Grocery,GR-405,sale,-5,0
2024-04-21,S4,Home,HO-907,sale,-2,0
2024-04-21,S4,Home,HO-325,sale,-4,0
2024-04-21,S4,Home,HO-767,receipt,57,0
2024-04-21,S4,Electronics,EL-292,sale,-2,0
2024-04-21,S4,Apparel,AP-632,sale,-3,0
2024-04-21,S4,Apparel,AP-573,sale,-5,0
2024-04-21,S4,Apparel,AP-609,receipt,47,0
2024-04-21,S4,Apparel,AP-594,sale,-1,0
2024-04-21,S4,Home,HO-258,sale,-6,0
2024-04-21,S5,Home,HO-460,sale,-6,0
2024-04-21,S5,Home,HO-586,sale,-6,0
2024-04-21,S5,Apparel,AP-391,receipt,21,0
2024-04-21,S5,Home,HO-649,return,2,0
2024-04-21,S5,Grocery,GR-966,sale,-4,0
2024-04-21,S5,Electronics,EL-778,return,2,0
2024-04-21,S5,Electronics,EL-827,sale,-1,0
2024-04-21,S5,Electronics,EL-968,count,0,-1
2024-04-22,S1,Grocery,GR-371,sale,-2,0
2024-04-22,S1,Electronics,EL-504,receipt,21,0
2024-04-22,S1,Grocery,GR-416,sale,-4,0
2024-04-22,S1,Electronics,EL-304,sale,-1,0
2024-04-22,S1,Grocery,GR-798,count,0,-2
2024-04-22,S1,Grocery,GR-520,count,0,-1
2024-04-22,S1,Electronics,EL-876,count,0,-1
2024-04-22,S1,Grocery,GR-169,sale,-2,0
2024-04-22,S2,Grocery,GR-283,receipt,44,0
2024-04-22,S2,Apparel,AP-139,sale,-4,0
2024-04-22,S2,Grocery,GR-128,sale,-6,0
2024-04-22,S2,Apparel,AP-279,sale,-6,0
2024-04-22,S2,Electronics,EL-378,sale,-1,0
2024-04-22,S2,Electronics,EL-146,receipt,19,0
2024-04-22,S2,Grocery,GR-499,sale,-1,0
2024-04-22,S2,Grocery,GR-496,return,3,0
2024-04-22,S2,Grocery,GR-111,count,0,1
2024-04-22,S2,Home,HO-311,sale,-1,0
2024-04-22,S2,Grocery,GR-205,sale,-1,0
2024-04-22,S3,Grocery,GR-544,return,1,0
2024-04-22,S3,Home,HO-375,sale,-2,0
2024-04-22,S3,Apparel,AP-849,return,2,0
2024-04-22,S3,Electronics,EL-196,receipt,15,0
2024-04-22,S3,Apparel,AP-479,sale,-6,0
2024-04-22,S3,Apparel,AP-106,count,0,2
2024-04-22,S3,Home,HO-791,return,2,0
2024-04-22,S3,Grocery,GR-986,sale,-6,0
2024-04-22,S3,Apparel,AP-305,count,0,-1
2024-04-22,S3,Electronics,EL-916,sale,-1,0
2024-04-22,S4,Home,HO-140,return,1,0
2024-04-22,S4,Home,HO-648,sale,-1,0
2024-04-22,S4,Apparel,AP-298,sale,-3,0
2024-04-22,S4,Electronics,EL-735,sale,-2,0
2024-04-22,S4,Apparel,AP-926,sale,-2,0
2024-04-22,S4,Apparel,AP-704,return,2,0
2024-04-22,S4,Grocery,GR-837,return,1,0
2024-04-22,S4,Apparel,AP-394,sale,-4,0
2024-04-22,S4,Home,HO-572,receipt,24,0
2024-04-22,S4,Home,HO-902,sale,-1,0
2024-04-22,S5,Grocery,GR-297,return,1,0
2024-04-22,S5,Home,HO-176,sale,-5,0
2024-04-22,S5,Grocery,GR-207,count,0,-1
2024-04-22,S5,Grocery,GR-277,sale,-2,0
2024-04-22,S5,Electronics,EL-803,sale,-4,0
2024-04-22,S5,Home,HO-917,sale,-3,0
2024-04-22,S5,Apparel,AP-402,sale,-5,0
2024-04-22,S5,Apparel,AP-947,sale,-3,0
2024-04-22,S5,Home,HO-727,sale,-2,0
2024-04-22,S5,Electronics,EL-815,sale,-6,0
2024-04-22,S5,Electronics,EL-777,count,0,-2
2024-04-22,S5,Electronics,EL-625,return,2,0
2024-04-22,S5,Electronics,EL-416,receipt,27,0
2024-04-23,S1,Home,HO-974,return,3,0
2024-04-23,S1,Home,HO-583,count,0,-2
2024-04-23,S1,Apparel,AP-717,sale,-2,0
2024-04-23,S1,Electronics,EL-706,sale,-1,0
2024-04-23,S1,Grocery,GR-363,sale,-2,0
2024-04-23,S1,Apparel,AP-885,count,0,2
2024-04-23,S1,Electronics,EL-714,count,0,-2
2024-04-23,S1,Home,HO-998,count,0,1
2024-04-23,S1,Electronics,EL-412,return,3,0
2024-04-23,S1,Electronics,EL-734,receipt,32,0
2024-04-23,S1,Grocery,GR-683,sale,-2,0
2024-04-23,S1,Electronics,EL-765,sale,-1,0
2024-04-23,S1,Apparel,AP-683,return,2,0
2024-04-23,S2,Home,HO-921,sale,-5,0
2024-04-23,S2,Apparel,AP-400,return,2,0
2024-04-23,S2,Home,HO-306,return,3,0
2024-04-23,S2,Apparel,AP-505,return,2,0
2024-04-23,S2,Apparel,AP-719,sale,-4,0
2024-04-23,S2,Electronics,EL-939,sale,-1,0
2024-04-23,S2,Electronics,EL-121,count,0,-2
2024-04-23,S2,Grocery,GR-985,count,0,-2
2024-04-23,S2,Electronics,EL-179,count,0,2
2024-04-23,S3,Electronics,EL-622,count,0,-4
2024-04-23,S3,Grocery,GR-470,receipt,59,0
2024-04-23,S3,Grocery,GR-582,return,1,0
2024-04-23,S3,Electronics,EL-815,sale,-1,0
2024-04-23,S3,Apparel,AP-515,sale,-1,0
2024-04-23,S3,Apparel,AP-570,sale,-6,0
2024-04-23,S3,Apparel,AP-499,count,0,1
2024-04-23,S3,Apparel,AP-540,sale,-3,0
2024-04-23,S4,Apparel,AP-389,return,3,0
2024-04-23,S4,Home,HO-120,sale,-5,0
2024-04-23,S4,Electronics,EL-975,sale,-4,0
2024-04-23,S4,Home,HO-988,return,1,0
2024-04-23,S4,Electronics,EL-500,return,3,0
2024-04-23,S4,Apparel,AP-937,return,3,0
2024-04-23,S4,Apparel,AP-798,receipt,19,0
2024-04-23,S4,Home,HO-537,sale,-6,0
2024-04-23,S5,Electronics,EL-263,count,0,-1
2024-04-23,S5,Home,HO-191,return,3,0
2024-04-23,S5,Electronics,EL-672,return,2,0
2024-04-23,S5,Electronics,EL-941,sale,-1,0
2024-04-23,S5,Electronics,EL-704,sale,-2,0
2024-04-23,S5,Electronics,EL-257,count,0,-2
2024-04-23,S5,Apparel,AP-267,sale,-4,0
2024-04-23,S5,Grocery,GR-486,sale,-3,0
2024-04-23,S5,Electronics,EL-503,sale,-1,0
2024-04-23,S5,Home,HO-482,count,0,-2
2024-04-23,S5,Grocery,GR-925,sale,-2,0
2024-04-23,S5,Home,HO-758,receipt,29,0
2024-04-23,S5,Home,HO-440,return,2,0
2024-04-23,S5,Grocery,GR-826,sale,-5,0
2024-04-24,S1,Home,HO-703,return,2,0
2024-04-24,S1,Grocery,GR-981,count,0,-1
2024-04-24,S1,Grocery,GR-539,receipt,12,0
2024-04-24,S1,Apparel,AP-545,count,0,2
2024-04-24,S1,Home,HO-489,sale,-1,0
2024-04-24,S1,Apparel,AP-973,return,1,0
2024-04-24,S1,Grocery,GR-406,sale,-1,0
2024-04-24,S1,Grocery,GR-985,receipt,34,0
2024-04-24,S1,Home,HO-963,sale,-4,0
2024-04-24,S1,Electronics,EL-732,sale,-4,0
2024-04-24,S1,Electronics,EL-165,count,0,0
2024-04-24,S1,Grocery,GR-814,sale,-2,0
2024-04-24,S1,Apparel,AP-724,sale,-6,0
2024-04-24,S2,Apparel,AP-969,count,0,-1
2024-04-24,S2,Home,HO-142,return,1,0
2024-04-24,S2,Apparel,AP-309,sale,-1,0
2024-04-24,S2,Electronics,EL-478,sale,-2,0
2024-04-24,S2,Electronics,EL-325,sale,-2,0
2024-04-24,S2,Apparel,AP-539,return,3,0
2024-04-24,S2,Home,HO-824,count,0,1
2024-04-24,S2,Grocery,GR-168,return,1,0
2024-04-24,S3,Apparel,AP-252,return,2,0
2024-04-24,S3,Electronics,EL-780,receipt,12,0
2024-04-24,S3,Grocery,GR-486,sale,-3,0
2024-04-24,S3,Apparel,AP-169,count,0,1
2024-04-24,S3,Electronics,EL-531,sale,-4,0
2024-04-24,S3,Apparel,AP-657,sale,-5,0
2024-04-24,S3,Electronics,EL-171,sale,-2,0
2024-04-24,S3,Home,HO-558,sale,-3,0
2024-04-24,S3,Home,HO-516,sale,-2,0
2024-04-24,S3,Home,HO-175,receipt,26,0
2024-04-24,S3,Grocery,GR-500,return,3,0
2024-04-24,S3,Home,HO-573,sale,-6,0
2024-04-24,S3,Home,HO-191,receipt,48,0
2024-04-24,S4,Home,HO-287,return,1,0
2024-04-24,S4,Apparel,AP-200,sale,-1,0
2024-04-24,S4,Electronics,EL-495,count,0,2
2024-04-24,S4,Grocery,GR-176,return,1,0
2024-04-24,S4,Grocery,GR-993,sale,-6,0
2024-04-24,S4,Apparel,AP-339,sale,-4,0
2024-04-24,S4,Electronics,EL-861,sale,-5,0
2024-04-24,S4,Apparel,AP-296,sale,-6,0
2024-04-24,S4,Electronics,EL-844,sale,-6,0
2024-04-24,S5,Grocery,GR-713,sale,-2,0
2024-04-24,S5,Apparel,AP-145,return,3,0
2024-04-24,S5,Home,HO-921,sale,-5,0
2024-04-24,S5,Electronics,EL-397,return,2,0
2024-04-24,S5,Electronics,EL-676,count,0,1
2024-04-24,S5,Electronics,EL-622,sale,-4,0
2024-04-24,S5,Grocery,GR-373,sale,-2,0
2024-04-24,S5,Grocery,GR-479,sale,-6,0
2024-04-24,S5,Home,HO-531,sale,-6,0
2024-04-24,S5,Apparel,AP-535,sale,-1,0
2024-04-24,S5,Grocery,GR-452,sale,-1,0
2024-04-24,S5,Home,HO-720,count,0,-2
2024-04-24,S5,Electronics,EL-519,receipt,32,0
2024-04-24,S5,Home,HO-638,return,1,0
2024-04-24,S5,Grocery,GR-969,receipt,12,0
2024-04-24,S5,Electronics,EL-835,sale,-6,0
2024-04-25,S1,Grocery,GR-843,return,3,0
2024-04-25,S1,Home,HO-651,sale,-3,0
2024-04-25,S1,Electronics,EL-930,count,0,1
2024-04-25,S1,Home,HO-123,return,3,0
2024-04-25,S1,Apparel,AP-432,count,0,-2
2024-04-25,S1,Electronics,EL-858,sale,-3,0
2024-04-25,S1,Grocery,GR-442,sale,-1,0
2024-04-25,S1,Electronics,EL-769,sale,-4,0
2024-04-25,S1,Apparel,AP-585,sale,-4,0
2024-04-25,S1,Grocery,GR-839,sale,-4,0
2024-04-25,S1,Home,HO-853,count,0,0
2024-04-25,S1,Apparel,AP-786,sale,-1,0
2024-04-25,S1,Apparel,AP-548,sale,-6,0
2024-04-25,S1,Electronics,EL-857,receipt,55,0
2024-04-25,S1,Electronics,EL-676,sale,-5,0
2024-04-25,S1,Electronics,EL-754,return,1,0
2024-04-25,S2,Apparel,AP-147,sale,-5,0
2024-04-25,S2,Electronics,EL-842,sale,-1,0
2024-04-25,S2,Electronics,EL-241,sale,-6,0
2024-04-25,S2,Home,HO-777,sale,-1,0
2024-04-25,S2,Electronics,EL-282,return,3,0
2024-04-25,S2,Home,HO-257,sale,-4,0
2024-04-25,S2,Grocery,GR-803,sale,-1,0
2024-04-25,S2,Grocery,GR-915,sale,-6,0
2024-04-25,S2,Grocery,GR-528,sale,-3,0
2024-04-25,S2,Electronics,EL-978,sale,-3,0
2024-04-25,S2,Home,HO-725,sale,-3,0
2024-04-25,S2,Grocery,GR-541,sale,-5,0
2024-04-25,S3,Grocery,GR-694,count,0,-2
2024-04-25,S3,Electronics,EL-627,count,0,-3
2024-04-25,S3,Grocery,GR-361,sale,-4,0
2024-04-25,S3,Home,HO-164,return,2,0
2024-04-25,S3,Electronics,EL-618,sale,-4,0
2024-04-25,S3,Apparel,AP-205,return,3,0
2024-04-25,S3,Apparel,AP-416,receipt,59,0
2024-04-25,S3,Home,HO-171,sale,-4,0
2024-04-25,S3,Electronics,EL-802,sale,-4,0
2024-04-25,S3,Home,HO-829,sale,-6,0
2024-04-25,S3,Grocery,GR-424,count,0,2
2024-04-25,S3,Apparel,AP-642,sale,-5,0
2024-04-25,S3,Grocery,GR-680,return,1,0
2024-04-25,S3,Electronics,EL-616,count,0,-2
2024-04-25,S4,Electronics,EL-716,sale,-4,0
2024-04-25,S4,Electronics,EL-619,return,3,0
2024-04-25,S4,Home,HO-765,receipt,11,0
2024-04-25,S4,Electronics,EL-668,sale,-1,0
2024-04-25,S4,Electronics,EL-224,count,0,-2
2024-04-25,S4,Grocery,GR-651,sale,-5,0
2024-04-25,S4,Grocery,GR-588,sale,-5,0
2024-04-25,S4,Grocery,GR-388,return,2,0
2024-04-25,S4,Home,HO-911,count,0,-2
2024-04-25,S4,Home,HO-426,return,1,0
2024-04-25,S5,Apparel,AP-363,sale,-4,0
2024-04-25,S5,Grocery,GR-816,sale,-6,0
2024-04-25,S5,Home,HO-347,sale,-2,0
2024-04-25,S5,Grocery,GR-512,receipt,44,0
2024-04-25,S5,Electronics,EL-105,sale,-1,0
2024-04-25,S5,Grocery,GR-352,return,2,0
2024-04-25,S5,Electronics,EL-743,sale,-3,0
2024-04-25,S5,Home,HO-115,sale,-2,0
2024-04-25,S5,Apparel,AP-664,receipt,30,0
2024-04-25,S5,Home,HO-246,sale,-1,0
2024-04-25,S5,Electronics,EL-804,return,1,0
2024-04-25,S5,Electronics,EL-715,sale,-4,0
2024-04-25,S5,Electronics,EL-258,count,0,-2
2024-04-25,S5,Grocery,GR-149,sale,-2,0
2024-04-25,S5,Apparel,AP-278,count,0,2
2024-04-26,S1,Electronics,EL-958,receipt,41,0
2024-04-26,S1,Grocery,GR-204,sale,-3,0
2024-04-26,S1,Grocery,GR-305,sale,-2,0
2024-04-26,S1,Apparel,AP-853,return,2,0
2024-04-26,S1,Home,HO-987,sale,-2,0
2024-04-26,S1,Home,HO-692,sale,-1,0
2024-04-26,S1,Grocery,GR-603,return,1,0
2024-04-26,S1,Electronics,EL-676,return,2,0
2024-04-26,S1,Apparel,AP-994,sale,-6,0
2024-04-26,S1,Electronics,EL-110,receipt,27,0
2024-04-26,S1,Apparel,AP-964,sale,-6,0
2024-04-26,S1,Home,HO-412,count,0,1
2024-04-26,S2,Home,HO-319,receipt,47,0
2024-04-26,S2,Apparel,AP-585,count,0,2
2024-04-26,S2,Home,HO-389,sale,-2,0
2024-04-26,S2,Apparel,AP-266,sale,-4,0
2024-04-26,S2,Electronics,EL-390,sale,-6,0
2024-04-26,S2,Home,HO-569,return,3,0
2024-04-26,S2,Electronics,EL-626,count,0,0
2024-04-26,S2,Home,HO-314,return,1,0
2024-04-26,S3,Apparel,AP-749,receipt,54,0
2024-04-26,S3,Apparel,AP-124,sale,-5,0
2024-04-26,S3,Home,HO-585,count,0,-2
2024-04-26,S3,Apparel,AP-126,count,0,-1
2024-04-26,S3,Electronics,EL-306,sale,-4,0
2024-04-26,S3,Apparel,AP-346,sale,-3,0
2024-04-26,S3,Grocery,GR-291,count,0,2
2024-04-26,S3,Grocery,GR-651,sale,-5,0
2024-04-26,S3,Grocery,GR-557,return,2,0
2024-04-26,S3,Grocery,GR-304,return,3,0
2024-04-26,S3,Apparel,AP-857,return,2,0
2024-04-26,S3,Electronics,EL-348,sale,-6,0
2024-04-26,S3,Electronics,EL-390,sale,-2,0
2024-04-26,S3,Electronics,EL-187,sale,-4,0
2024-04-26,S4,Apparel,AP-413,count,0,1
2024-04-26,S4,Grocery,GR-880,return,3,0
2024-04-26,S4,Home,HO-212,return,1,0
2024-04-26,S4,Grocery,GR-974,count,0,0
2024-04-26,S4,Apparel,AP-169,sale,-3,0
2024-04-26,S4,Apparel,AP-319,return,2,0
2024-04-26,S4,Home,HO-752,count,0,-1
2024-04-26,S4,Home,HO-351,sale,-6,0
2024-04-26,S4,Apparel,AP-902,sale,-4,0
2024-04-26,S4,Grocery,GR-441,receipt,20,0
2024-04-26,S4,Electronics,EL-400,sale,-2,0
2024-04-26,S4,Home,HO-180,receipt,33,0
2024-04-26,S4,Home,HO-724,count,0,-1
2024-04-26,S4,Apparel,AP-149,sale,-2,0
2024-04-26,S4,Home,HO-779,sale,-5,0
2024-04-26,S5,Apparel,AP-696,sale,-2,0
2024-04-26,S5,Grocery,GR-999,count,0,-2
2024-04-26,S5,Apparel,AP-319,sale,-1,0
2024-04-26,S5,Home,HO-534,count,0,0
2024-04-26,S5,Grocery,GR-856,count,0,-2
2024-04-26,S5,Grocery,GR-706,sale,-3,0
2024-04-26,S5,Home,HO-900,receipt,54,0
2024-04-26,S5,Electronics,EL-349,sale,-3,0
2024-04-26,S5,Grocery,GR-102,receipt,29,0
2024-04-26,S5,Apparel,AP-681,receipt,29,0
2024-04-26,S5,Grocery,GR-487,sale,-2,0
2024-04-26,S5,Electronics,EL-578,count,0,1
2024-04-27,S1,Grocery,GR-677,count,0,1
2024-04-27,S1,Home,HO-288,sale,-6,0
2024-04-27,S1,Grocery,GR-405,sale,-5,0
2024-04-27,S1,Grocery,GR-883,return,3,0
2024-04-27,S1,Grocery,GR-608,receipt,29,0
2024-04-27,S1,Electronics,EL-782,return,2,0
2024-04-27,S1,Electronics,EL-627,sale,-3,0
2024-04-27,S1,Apparel,AP-415,return,3,0
2024-04-27,S1,Home,HO-900,receipt,32,0
2024-04-27,S1,Grocery,GR-987,receipt,59,0
2024-04-27,S2,Electronics,EL-323,sale,-2,0
2024-04-27,S2,Grocery,GR-986,return,2,0
2024-04-27,S2,Electronics,EL-979,sale,-1,0
2024-04-27,S2,Grocery,GR-226,return,3,0
2024-04-27,S2,Apparel,AP-506,sale,-2,0
2024-04-27,S2,Grocery,GR-830,receipt,54,0
2024-04-27,S2,Apparel,AP-372,sale,-5,0
2024-04-27,S2,Home,HO-851,return,1,0
2024-04-27,S2,Home,HO-519,sale,-4,0
2024-04-27,S2,Apparel,AP-907,sale,-3,0
2024-04-27,S2,Apparel,AP-924,sale,-4,0
2024-04-27,S2,Apparel,AP-824,sale,-2,0
2024-04-27,S2,Grocery,GR-971,sale,-3,0
2024-04-27,S3,Electronics,EL-730,receipt,26,0
2024-04-27,S3,Grocery,GR-379,sale,-1,0
2024-04-27,S3,Grocery,GR-971,sale,-4,0
2024-04-27,S3,Home,HO-839,receipt,38,0
2024-04-27,S3,Home,HO-183,count,0,2
2024-04-27,S3,Electronics,EL-257,sale,-1,0
2024-04-27,S3,Home,HO-401,sale,-3,0
2024-04-27,S3,Grocery,GR-567,count,0,-1
2024-04-27,S3,Home,HO-940,return,2,0
2024-04-27,S3,Electronics,EL-433,sale,-5,0
2024-04-27,S3,Electronics,EL-519,return,2,0
2024-04-27,S4,Home,HO-983,receipt,28,0
2024-04-27,S4,Grocery,GR-711,sale,-4,0
2024-04-27,S4,Grocery,GR-939,return,2,0
2024-04-27,S4,Home,HO-973,sale,-4,0
2024-04-27,S4,Electronics,EL-997,return,3,0
2024-04-27,S4,Apparel,AP-840,sale,-4,0
2024-04-27,S4,Apparel,AP-753,sale,-2,0
2024-04-27,S4,Electronics,EL-274,receipt,15,0
2024-04-27,S4,Apparel,AP-484,sale,-6,0
2024-04-27,S4,Grocery,GR-781,sale,-5,0
2024-04-27,S4,Grocery,GR-417,count,0,-1
2024-04-27,S4,Grocery,GR-886,sale,-6,0
2024-04-27,S4,Home,HO-955,sale,-3,0
2024-04-27,S4,Electronics,EL-666,receipt,40,0
2024-04-27,S4,Electronics,EL-265,return,1,0
2024-04-27,S5,Home,HO-329,sale,-6,0
2024-04-27,S5,Electronics,EL-770,count,0,2
2024-04-27,S5,Grocery,GR-466,sale,-4,0
2024-04-27,S5,Grocery,GR-901,sale,-2,0
2024-04-27,S5,Grocery,GR-118,receipt,52,0
2024-04-27,S5,Apparel,AP-472,sale,-3,0
2024-04-27,S5,Home,HO-835,return,1,0
2024-04-27,S5,Electronics,EL-334,receipt,33,0
2024-04-27,S5,Electronics,EL-410,sale,-5,0
2024-04-27,S5,Electronics,EL-325,count,0,-2
2024-04-27,S5,Apparel,AP-353,count,0,0
2024-04-27,S5,Home,HO-135,count,0,-1
2024-04-27,S5,Electronics,EL-592,sale,-4,0
2024-04-27,S5,Grocery,GR-905,sale,-6,0
2024-04-28,S1,Grocery,GR-542,sale,-2,0
2024-04-28,S1,Electronics,EL-251,sale,-2,0
2024-04-28,S1,Apparel,AP-866,return,2,0
2024-04-28,S1,Apparel,AP-525,sale,-2,0
2024-04-28,S1,Apparel,AP-473,sale,-4,0
2024-04-28,S1,Grocery,GR-528,sale,-5,0
2024-04-28,S1,Home,HO-811,return,3,0
2024-04-28,S1,Electronics,EL-328,return,2,0
2024-04-28,S2,Grocery,GR-521,sale,-2,0
2024-04-28,S2,Electronics,EL-307,return,2,0
2024-04-28,S2,Electronics,EL-718,sale,-3,0
2024-04-28,S2,Grocery,GR-874,sale,-3,0
2024-04-28,S2,Home,HO-211,sale,-2,0
2024-04-28,S2,Home,HO-122,return,3,0
2024-04-28,S2,Grocery,GR-948,return,3,0
2024-04-28,S2,Apparel,AP-354,receipt,14,0
2024-04-28,S2,Grocery,GR-242,sale,-2,0
2024-04-28,S2,Electronics,EL-787,return,2,0
2024-04-28,S3,Grocery,GR-583,sale,-6,0
2024-04-28,S3,Apparel,AP-542,return,1,0
2024-04-28,S3,Grocery,GR-907,sale,-6,0
2024-04-28,S3,Electronics,EL-299,sale,-1,0
2024-04-28,S3,Grocery,GR-825,sale,-5,0
2024-04-28,S3,Grocery,GR-468,sale,-1,0
2024-04-28,S3,Grocery,GR-771,count,0,0
2024-04-28,S3,Home,HO-686,sale,-3,0
2024-04-28,S3,Apparel,AP-777,receipt,26,0
2024-04-28,S3,Electronics,EL-830,receipt,56,0
2024-04-28,S3,Apparel,AP-192,return,1,0
2024-04-28,S3,Grocery,GR-539,sale,-4,0
2024-04-28,S4,Grocery,GR-158,sale,-1,0
2024-04-28,S4,Grocery,GR-982,sale,-4,0
2024-04-28,S4,Apparel,AP-577,receipt,47,0
2024-04-28,S4,Grocery,GR-215,receipt,46,0
2024-04-28,S4,Home,HO-385,return,3,0
2024-04-28,S4,Apparel,AP-229,sale,-2,0
2024-04-28,S4,Grocery,GR-344,sale,-5,0
2024-04-28,S4,Home,HO-258,return,3,0
2024-04-28,S4,Apparel,AP-988,count,0,1
2024-04-28,S4,Home,HO-833,sale,-3,0
2024-04-28,S4,Grocery,GR-674,sale,-1,0
2024-04-28,S4,Apparel,AP-169,sale,-1,0
2024-04-28,S4,Grocery,GR-670,sale,-4,0
2024-04-28,S4,Home,HO-300,return,2,0
2024-04-28,S4,Grocery,GR-170,return,3,0
2024-04-28,S5,Apparel,AP-974,sale,-3,0
2024-04-28,S5,Home,HO-464,sale,-1,0
2024-04-28,S5,Home,HO-876,sale,-6,0
2024-04-28,S5,Apparel,AP-686,return,3,0
2024-04-28,S5,Home,HO-577,sale,-5,0
2024-04-28,S5,Electronics,EL-365,sale,-1,0
2024-04-28,S5,Apparel,AP-838,sale,-4,0
2024-04-28,S5,Grocery,GR-601,return,3,0
2024-04-28,S5,Grocery,GR-784,sale,-1,0
2024-04-28,S5,Electronics,EL-960,sale,-3,0
2024-04-28,S5,Grocery,GR-481,count,0,1
2024-04-28,S5,Grocery,GR-726,return,3,0
2024-04-28,S5,Home,HO-418,sale,-6,0
2024-04-28,S5,Home,HO-660,return,2,0
2024-04-28,S5,Electronics,EL-590,receipt,44,0
2024-04-29,S1,Home,HO-258,count,0,1
2024-04-29,S1,Home,HO-158,receipt,60,0
2024-04-29,S1,Grocery,GR-172,return,1,0
2024-04-29,S1,Home,HO-312,sale,-5,0
2024-04-29,S1,Electronics,EL-200,sale,-3,0
2024-04-29,S1,Electronics,EL-307,return,3,0
2024-04-29,S1,Home,HO-139,count,0,-1
2024-04-29,S1,Apparel,AP-507,sale,-2,0
2024-04-29,S1,Home,HO-190,sale,-6,0
2024-04-29,S1,Home,HO-873,sale,-4,0
2024-04-29,S1,Grocery,GR-317,count,0,1
2024-04-29,S1,Apparel,AP-692,receipt,45,0
2024-04-29,S2,Apparel,AP-331,count,0,1
2024-04-29,S2,Grocery,GR-816,return,1,0
2024-04-29,S2,Grocery,GR-105,sale,-2,0
2024-04-29,S2,Grocery,GR-804,sale,-6,0
2024-04-29,S2,Grocery,GR-960,sale,-5,0
2024-04-29,S2,Grocery,GR-199,sale,-4,0
2024-04-29,S2,Apparel,AP-893,return,1,0
2024-04-29,S2,Home,HO-192,sale,-6,0
2024-04-29,S2,Home,HO-520,sale,-5,0
2024-04-29,S2,Home,HO-610,sale,-5,0
2024-04-29,S2,Electronics,EL-523,sale,-2,0
2024-04-29,S2,Electronics,EL-306,sale,-6,0
2024-04-29,S2,Grocery,GR-941,sale,-2,0
2024-04-29,S2,Home,HO-318,sale,-1,0
2024-04-29,S2,Home,HO-531,sale,-5,0
2024-04-29,S2,Electronics,EL-772,sale,-1,0
2024-04-29,S3,Home,HO-603,return,2,0
2024-04-29,S3,Grocery,GR-969,sale,-3,0
2024-04-29,S3,Electronics,EL-230,receipt,24,0
2024-04-29,S3,Grocery,GR-700,return,2,0
2024-04-29,S3,Apparel,AP-807,receipt,13,0
2024-04-29,S3,Apparel,AP-602,receipt,12,0
2024-04-29,S3,Electronics,EL-831,sale,-1,0
2024-04-29,S3,Electronics,EL-161,sale,-6,0
2024-04-29,S3,Grocery,GR-726,count,0,2
2024-04-29,S3,Grocery,GR-949,receipt,60,0
2024-04-29,S3,Electronics,EL-645,sale,-4,0
2024-04-29,S3,Electronics,EL-517,return,2,0
2024-04-29,S3,Grocery,GR-802,receipt,34,0
2024-04-29,S3,Home,HO-518,count,0,2
2024-04-29,S3,Home,HO-736,receipt,45,0
2024-04-29,S3,Grocery,GR-261,sale,-5,0
2024-04-29,S4,Grocery,GR-956,sale,-1,0
2024-04-29,S4,Electronics,EL-485,count,0,2
2024-04-29,S4,Apparel,AP-939,sale,-5,0
2024-04-29,S4,Electronics,EL-910,sale,-3,0
2024-04-29,S4,Grocery,GR-135,receipt,20,0
2024-04-29,S4,Apparel,AP-414,return,1,0
2024-04-29,S4,Apparel,AP-134,receipt,54,0
2024-04-29,S4,Electronics,EL-392,sale,-5,0
2024-04-29,S4,Grocery,GR-470,sale,-5,0
2024-04-29,S4,Apparel,AP-223,return,2,0
2024-04-29,S4,Home,HO-173,receipt,11,0
2024-04-29,S5,Electronics,EL-630,return,1,0
2024-04-29,S5,Grocery,GR-697,sale,-5,0
2024-04-29,S5,Grocery,GR-387,receipt,33,0
2024-04-29,S5,Electronics,EL-440,sale,-4,0
2024-04-29,S5,Apparel,AP-560,return,2,0
2024-04-29,S5,Home,HO-960,return,1,0
2024-04-29,S5,Home,HO-280,count,0,-1
2024-04-29,S5,Home,HO-643,receipt,29,0
2024-04-29,S5,Apparel,AP-226,sale,-4,0
2024-04-29,S5,Electronics,EL-755,sale,-3,0
2024-04-29,S5,Apparel,AP-862,count,0,-2
2024-04-29,S5,Home,HO-447,sale,-6,0
2024-04-29,S5,Electronics,EL-953,return,3,0
2024-04-29,S5,Grocery,GR-135,sale,-4,0
2024-04-30,S1,Home,HO-750,return,3,0
2024-04-30,S1,Apparel,AP-128,sale,-4,0
2024-04-30,S1,Apparel,AP-949,sale,-5,0
2024-04-30,S1,Grocery,GR-955,sale,-6,0
2024-04-30,S1,Home,HO-355,sale,-5,0
2024-04-30,S1,Electronics,EL-715,return,2,0
2024-04-30,S1,Home,HO-593,return,3,0
2024-04-30,S1,Electronics,EL-407,count,0,-2
2024-04-30,S1,Grocery,GR-474,sale,-4,0
2024-04-30,S1,Home,HO-669,sale,-3,0
2024-04-30,S2,Electronics,EL-269,sale,-3,0
2024-04-30,S2,Electronics,EL-916,sale,-1,0
2024-04-30,S2,Home,HO-384,return,3,0
2024-04-30,S2,Electronics,EL-463,sale,-4,0
2024-04-30,S2,Grocery,GR-517,receipt,28,0
2024-04-30,S2,Electronics,EL-400,receipt,18,0
2024-04-30,S2,Grocery,GR-164,return,1,0
2024-04-30,S2,Electronics,EL-199,count,0,-1
2024-04-30,S2,Home,HO-330,sale,-2,0
2024-04-30,S2,Home,HO-161,return,2,0
2024-04-30,S2,Apparel,AP-543,sale,-2,0
2024-04-30,S2,Grocery,GR-812,return,3,0
2024-04-30,S2,Grocery,GR-201,sale,-2,0
2024-04-30,S2,Electronics,EL-347,sale,-5,0
2024-04-30,S2,Electronics,EL-642,sale,-4,0
2024-04-30,S3,Apparel,AP-926,count,0,2
2024-04-30,S3,Electronics,EL-965,receipt,47,0
2024-04-30,S3,Home,HO-843,sale,-1,0
2024-04-30,S3,Electronics,EL-624,receipt,34,0
2024-04-30,S3,Electronics,EL-871,count,0,-2
2024-04-30,S3,Apparel,AP-241,return,1,0
2024-04-30,S3,Home,HO-925,sale,-1,0
2024-04-30,S3,Apparel,AP-779,sale,-3,0
2024-04-30,S4,Apparel,AP-512,return,2,0
2024-04-30,S4,Apparel,AP-815,sale,-1,0
2024-04-30,S4,Grocery,GR-594,sale,-4,0
2024-04-30,S4,Electronics,EL-859,return,1,0
2024-04-30,S4,Apparel,AP-228,sale,-2,0
2024-04-30,S4,Apparel,AP-507,sale,-4,0
2024-04-30,S4,Apparel,AP-476,sale,-4,0
2024-04-30,S4,Home,HO-752,receipt,20,0
2024-04-30,S4,Home,HO-488,count,0,2
2024-04-30,S4,Apparel,AP-231,sale,-3,0
2024-04-30,S4,Home,HO-233,sale,-4,0
2024-04-30,S5,Grocery,GR-979,sale,-6,0
2024-04-30,S5,Electronics,EL-880,return,2,0
2024-04-30,S5,Home,HO-705,receipt,23,0
2024-04-30,S5,Grocery,GR-785,receipt,47,0
2024-04-30,S5,Home,HO-158,sale,-6,0
2024-04-30,S5,Electronics,EL-744,count,0,-1
2024-04-30,S5,Electronics,EL-645,sale,-6,0
2024-04-30,S5,Home,HO-690,return,1,0
2024-04-30,S5,Home,HO-920,sale,-2,0
2024-04-30,S5,Apparel,AP-790,sale,-1,0
2024-04-30,S5,Grocery,GR-917,sale,-6,0
2024-04-30,S5,Grocery,GR-820,receipt,13,0
2024-04-30,S5,Apparel,AP-817,receipt,16,0
2024-04-30,S5,Home,HO-275,receipt,58,0
2024-04-30,S5,Electronics,EL-845,return,1,0
2024-05-01,S1,Apparel,AP-447,receipt,10,0
2024-05-01,S1,Grocery,GR-588,sale,-6,0
2024-05-01,S1,Home,HO-612,count,0,1
2024-05-01,S1,Home,HO-741,sale,-6,0
2024-05-01,S1,Home,HO-690,return,2,0
2024-05-01,S1,Grocery,GR-694,sale,-1,0
2024-05-01,S1,Apparel,AP-714,return,1,0
2024-05-01,S1,Grocery,GR-985,sale,-5,0
2024-05-01,S1,Home,HO-998,sale,-3,0
2024-05-01,S1,Electronics,EL-530,sale,-5,0
2024-05-01,S1,Electronics,EL-263,sale,-3,0
2024-05-01,S1,Electronics,EL-640,receipt,12,0
2024-05-01,S1,Home,HO-581,receipt,35,0
2024-05-01,S1,Electronics,EL-531,sale,-3,0
2024-05-01,S1,Home,HO-215,sale,-4,0
2024-05-01,S2,Apparel,AP-420,count,0,0
2024-05-01,S2,Electronics,EL-769,receipt,31,0
2024-05-01,S2,Apparel,AP-848,sale,-3,0
2024-05-01,S2,Electronics,EL-815,sale,-3,0
2024-05-01,S2,Home,HO-180,sale,-2,0
2024-05-01,S2,Apparel,AP-152,return,2,0
2024-05-01,S2,Electronics,EL-592,count,0,2
2024-05-01,S2,Home,HO-975,receipt,21,0
2024-05-01,S2,Grocery,GR-604,receipt,23,0
2024-05-01,S2,Apparel,AP-714,count,0,-1
2024-05-01,S2,Electronics,EL-577,return,1,0
2024-05-01,S2,Apparel,AP-588,sale,-5,0
2024-05-01,S2,Home,HO-386,return,1,0
2024-05-01,S2,Apparel,AP-952,return,3,0
2024-05-01,S2,Electronics,EL-977,sale,-6,0
2024-05-01,S2,Electronics,EL-510,sale,-5,0
2024-05-01,S3,Home,HO-447,sale,-5,0
2024-05-01,S3,Grocery,GR-748,receipt,22,0
2024-05-01,S3,Apparel,AP-868,count,0,0
2024-05-01,S3,Electronics,EL-377,return,3,0
2024-05-01,S3,Apparel,AP-521,sale,-4,0
2024-05-01,S3,Home,HO-189,return,2,0
2024-05-01,S3,Grocery,GR-704,return,3,0
2024-05-01,S3,Apparel,AP-459,sale,-4,0
2024-05-01,S3,Home,HO-204,return,3,0
2024-05-01,S3,Apparel,AP-452,count,0,1
2024-05-01,S3,Home,HO-565,return,3,0
2024-05-01,S3,Electronics,EL-339,return,1,0
2024-05-01,S3,Home,HO-599,receipt,13,0
2024-05-01,S3,Electronics,EL-466,receipt,59,0
2024-05-01,S3,Electronics,EL-865,receipt,12,0
2024-05-01,S4,Home,HO-375,count,0,1
2024-05-01,S4,Grocery,GR-751,return,3,0
2024-05-01,S4,Electronics,EL-979,return,2,0
2024-05-01,S4,Home,HO-145,count,0,1
2024-05-01,S4,Grocery,GR-626,receipt,58,0
2024-05-01,S4,Electronics,EL-562,sale,-5,0
2024-05-01,S4,Electronics,EL-724,sale,-1,0
2024-05-01,S4,Electronics,EL-875,sale,-3,0
2024-05-01,S4,Apparel,AP-549,count,0,-1
2024-05-01,S4,Home,HO-478,sale,-1,0
2024-05-01,S4,Electronics,EL-257,receipt,43,0
2024-05-01,S4,Electronics,EL-630,sale,-4,0
2024-05-01,S4,Home,HO-115,sale,-4,0
2024-05-01,S4,Home,HO-229,receipt,37,0
2024-05-01,S5,Apparel,AP-571,sale,-3,0
2024-05-01,S5,Apparel,AP-236,return,2,0
2024-05-01,S5,Home,HO-456,sale,-4,0
2024-05-01,S5,Home,HO-764,count,0,2
2024-05-01,S5,Grocery,GR-647,sale,-2,0
2024-05-01,S5,Electronics,EL-326,receipt,49,0
2024-05-01,S5,Home,HO-566,return,3,0
2024-05-01,S5,Electronics,EL-424,sale,-3,0
2024-05-01,S5,Electronics,EL-123,return,1,0
2024-05-01,S5,Grocery,GR-319,count,0,1
2024-05-01,S5,Grocery,GR-908,count,0,2
2024-05-01,S5,Electronics,EL-959,sale,-3,0
2024-05-02,S1,Electronics,EL-666,receipt,44,0
2024-05-02,S1,Grocery,GR-806,sale,-3,0
2024-05-02,S1,Apparel,AP-761,sale,-1,0
2024-05-02,S1,Apparel,AP-371,count,0,0
2024-05-02,S1,Home,HO-155,receipt,18,0
2024-05-02,S1,Grocery,GR-326,count,0,-2
2024-05-02,S1,Grocery,GR-290,return,3,0
2024-05-02,S1,Apparel,AP-383,sale,-1,0
2024-05-02,S1,Electronics,EL-640,count,0,0
2024-05-02,S2,Apparel,AP-374,sale,-4,0
2024-05-02,S2,Electronics,EL-226,return,2,0
2024-05-02,S2,Grocery,GR-672,sale,-6,0
2024-05-02,S2,Grocery,GR-330,sale,-1,0
2024-05-02,S2,Home,HO-189,sale,-1,0
2024-05-02,S2,Grocery,GR-727,return,1,0
2024-05-02,S2,Electronics,EL-827,sale,-1,0
2024-05-02,S2,Grocery,GR-837,return,2,0
2024-05-02,S3,Home,HO-500,sale,-5,0
2024-05-02,S3,Apparel,AP-543,sale,-3,0
2024-05-02,S3,Apparel,AP-593,sale,-1,0
2024-05-02,S3,Electronics,EL-790,return,2,0
2024-05-02,S3,Home,HO-615,return,3,0
2024-05-02,S3,Home,HO-608,count,0,0
2024-05-02,S3,Grocery,GR-431,receipt,31,0
2024-05-02,S3,Electronics,EL-769,sale,-4,0
2024-05-02,S3,Apparel,AP-584,sale,-4,0
2024-05-02,S3,Electronics,EL-371,sale,-2,0
2024-05-02,S3,Home,HO-691,count,0,2
2024-05-02,S3,Home,HO-766,count,0,-2
2024-05-02,S4,Grocery,GR-537,return,1,0
2024-05-02,S4,Electronics,EL-330,sale,-2,0
2024-05-02,S4,Home,HO-597,sale,-6,0
2024-05-02,S4,Apparel,AP-582,sale,-5,0
2024-05-02,S4,Grocery,GR-774,sale,-2,0
2024-05-02,S4,Home,HO-350,receipt,32,0
2024-05-02,S4,Grocery,GR-319,sale,-2,0
2024-05-02,S4,Apparel,AP-902,return,3,0
2024-05-02,S4,Apparel,AP-826,sale,-6,0
2024-05-02,S4,Home,HO-109,sale,-2,0
2024-05-02,S4,Apparel,AP-954,sale,-4,0
2024-05-02,S4,Grocery,GR-698,return,1,0
2024-05-02,S4,Grocery,GR-663,count,0,2
2024-05-02,S5,Apparel,AP-145,sale,-1,0
2024-05-02,S5,Home,HO-758,sale,-4,0
2024-05-02,S5,Apparel,AP-429,receipt,44,0
2024-05-02,S5,Electronics,EL-362,count,0,2
2024-05-02,S5,Apparel,AP-773,sale,-4,0
2024-05-02,S5,Grocery,GR-781,sale,-4,0
2024-05-02,S5,Grocery,GR-345,sale,-2,0
2024-05-02,S5,Electronics,EL-383,sale,-1,0
2024-05-02,S5,Grocery,GR-115,sale,-6,0
2024-05-02,S5,Apparel,AP-831,count,0,1
2024-05-02,S5,Home,HO-279,receipt,32,0
2024-05-02,S5,Grocery,GR-814,count,0,-2
2024-05-02,S5,Apparel,AP-660,return,2,0
2024-05-02,S5,Electronics,EL-870,return,3,0
2024-05-02,S5,Grocery,GR-493,sale,-2,0
2024-05-03,S1,Home,HO-290,return,1,0
2024-05-03,S1,Apparel,AP-195,return,1,0
2024-05-03,S1,Electronics,EL-384,return,1,0
2024-05-03,S1,Apparel,AP-854,receipt,26,0
2024-05-03,S1,Apparel,AP-256,return,2,0
2024-05-03,S1,Grocery,GR-803,sale,-4,0
2024-05-03,S1,Grocery,GR-919,count,0,1
2024-05-03,S1,Electronics,EL-734,count,0,0
2024-05-03,S1,Apparel,AP-737,sale,-1,0
2024-05-03,S1,Home,HO-252,receipt,19,0
2024-05-03,S1,Electronics,EL-807,return,2,0
2024-05-03,S2,Electronics,EL-201,sale,-5,0
2024-05-03,S2,Apparel,AP-883,return,2,0
2024-05-03,S2,Grocery,GR-113,sale,-3,0
2024-05-03,S2,Home,HO-132,sale,-1,0
2024-05-03,S2,Electronics,EL-268,sale,-6,0
2024-05-03,S2,Home,HO-182,return,2,0
2024-05-03,S2,Grocery,GR-855,receipt,15,0
2024-05-03,S2,Grocery,GR-925,sale,-6,0
2024-05-03,S2,Home,HO-582,receipt,32,0
2024-05-03,S2,Apparel,AP-271,return,2,0
2024-05-03,S2,Grocery,GR-580,sale,-5,0
2024-05-03,S2,Home,HO-891,return,3,0
2024-05-03,S2,Home,HO-938,return,2,0
2024-05-03,S2,Grocery,GR-594,sale,-3,0
2024-05-03,S2,Home,HO-672,sale,-2,0
2024-05-03,S3,Grocery,GR-516,sale,-3,0
2024-05-03,S3,Apparel,AP-339,sale,-1,0
2024-05-03,S3,Apparel,AP-943,return,2,0
2024-05-03,S3,Home,HO-177,sale,-1,0
2024-05-03,S3,Grocery,GR-942,count,0,-1
2024-05-03,S3,Grocery,GR-296,sale,-5,0
2024-05-03,S3,Grocery,GR-323,count,0,1
2024-05-03,S3,Apparel,AP-305,count,0,2
2024-05-03,S4,Electronics,EL-291,sale,-1,0
2024-05-03,S4,Grocery,GR-479,return,3,0
2024-05-03,S4,Apparel,AP-197,return,1,0
2024-05-03,S4,Electronics,EL-504,sale,-1,0
2024-05-03,S4,Electronics,EL-351,sale,-1,0
2024-05-03,S4,Grocery,GR-834,count,0,-1
2024-05-03,S4,Apparel,AP-176,sale,-3,0
2024-05-03,S4,Home,HO-281,receipt,39,0
2024-05-03,S4,Home,HO-106,sale,-6,0
2024-05-03,S4,Electronics,EL-749,count,0,-2
2024-05-03,S4,Apparel,AP-640,sale,-3,0
2024-05-03,S4,Home,HO-799,return,1,0
2024-05-03,S4,Electronics,EL-773,return,1,0
2024-05-03,S4,Electronics,EL-297,return,2,0
2024-05-03,S4,Home,HO-313,sale,-4,0
2024-05-03,S4,Home,HO-851,sale,-1,0
2024-05-03,S5,Grocery,GR-749,count,0,1
2024-05-03,S5,Grocery,GR-952,sale,-1,0
2024-05-03,S5,Apparel,AP-782,sale,-4,0
2024-05-03,S5,Electronics,EL-131,count,0,0
2024-05-03,S5,Electronics,EL-215,return,3,0
2024-05-03,S5,Grocery,GR-365,return,1,0
2024-05-03,S5,Home,HO-700,sale,-2,0
2024-05-03,S5,Electronics,EL-485,sale,-3,0
2024-05-03,S5,Home,HO-142,sale,-2,0
2024-05-03,S5,Apparel,AP-775,return,1,0
2024-05-03,S5,Electronics,EL-633,sale,-5,0
2024-05-04,S1,Apparel,AP-539,sale,-5,0
2024-05-04,S1,Electronics,EL-283,count,0,-2
2024-05-04,S1,Electronics,EL-471,sale,-6,0
2024-05-04,S1,Apparel,AP-441,sale,-1,0
2024-05-04,S1,Apparel,AP-903,receipt,16,0
2024-05-04,S1,Electronics,EL-850,sale,-1,0
2024-05-04,S1,Electronics,EL-745,receipt,49,0
2024-05-04,S1,Home,HO-372,count,0,1
2024-05-04,S1,Apparel,AP-620,return,2,0
2024-05-04,S2,Apparel,AP-681,receipt,47,0
2024-05-04,S2,Apparel,AP-380,return,3,0
2024-05-04,S2,Electronics,EL-747,count,0,1
2024-05-04,S2,Apparel,AP-304,sale,-2,0
2024-05-04,S2,Apparel,AP-600,sale,-5,0
2024-05-04,S2,Electronics,EL-527,receipt,30,0
2024-05-04,S2,Home,HO-905,receipt,37,0
2024-05-04,S2,Electronics,EL-654,sale,-4,0
2024-05-04,S2,Electronics,EL-339,sale,-3,0
2024-05-04,S2,Apparel,AP-265,return,2,0
2024-05-04,S2,Apparel,AP-329,receipt,46,0
2024-05-04,S3,Apparel,AP-569,sale,-6,0
2024-05-04,S3,Grocery,GR-162,receipt,27,0
2024-05-04,S3,Home,HO-105,receipt,60,0
2024-05-04,S3,Electronics,EL-760,count,0,-4
2024-05-04,S3,Electronics,EL-294,return,1,0
2024-05-04,S3,Electronics,EL-312,sale,-2,0
2024-05-04,S3,Grocery,GR-526,sale,-5,0
2024-05-04,S3,Home,HO-970,sale,-3,0
2024-05-04,S3,Home,HO-227,receipt,42,0
2024-05-04,S3,Grocery,GR-598,count,0,0
2024-05-04,S3,Apparel,AP-773,sale,-6,0
2024-05-04,S3,Apparel,AP-877,receipt,11,0
2024-05-04,S3,Apparel,AP-895,sale,-6,0
2024-05-04,S3,Grocery,GR-697,sale,-2,0
2024-05-04,S3,Home,HO-224,receipt,13,0
2024-05-04,S3,Apparel,AP-403,return,1,0
2024-05-04,S4,Grocery,GR-521,count,0,-2
2024-05-04,S4,Apparel,AP-956,return,3,0
2024-05-04,S4,Electronics,EL-216,sale,-3,0
2024-05-04,S4,Electronics,EL-173,sale,-5,0
2024-05-04,S4,Apparel,AP-280,return,3,0
2024-05-04,S4,Grocery,GR-635,return,2,0
2024-05-04,S4,Home,HO-887,sale,-1,0
2024-05-04,S4,Electronics,EL-668,return,3,0
2024-05-04,S4,Electronics,EL-275,sale,-3,0
2024-05-04,S4,Home,HO-549,sale,-3,0
2024-05-04,S4,Apparel,AP-222,receipt,52,0
2024-05-04,S4,Grocery,GR-920,sale,-4,0
2024-05-04,S4,Grocery,GR-556,sale,-4,0
2024-05-04,S4,Grocery,GR-141,receipt,23,0
2024-05-04,S4,Home,HO-699,sale,-4,0
2024-05-04,S5,Grocery,GR-852,sale,-3,0
2024-05-04,S5,Electronics,EL-683,count,0,-2
2024-05-04,S5,Electronics,EL-618,sale,-4,0
2024-05-04,S5,Electronics,EL-597,receipt,34,0
2024-05-04,S5,Grocery,GR-791,sale,-3,0
2024-05-04,S5,Home,HO-683,sale,-3,0
2024-05-04,S5,Grocery,GR-451,return,1,0
2024-05-04,S5,Home,HO-194,sale,-5,0
2024-05-04,S5,Apparel,AP-816,receipt,14,0
2024-05-04,S5,Grocery,GR-739,sale,-4,0
2024-05-05,S1,Electronics,EL-304,sale,-5,0
2024-05-05,S1,Apparel,AP-772,sale,-4,0
2024-05-05,S1,Home,HO-222,return,2,0
2024-05-05,S1,Electronics,EL-178,sale,-6,0
2024-05-05,S1,Apparel,AP-319,count,0,-1
2024-05-05,S1,Grocery,GR-415,count,0,2
2024-05-05,S1,Home,HO-666,sale,-4,0
2024-05-05,S1,Grocery,GR-149,sale,-4,0
2024-05-05,S1,Home,HO-547,receipt,50,0
2024-05-05,S1,Apparel,AP-942,return,2,0
2024-05-05,S1,Home,HO-267,count,0,0
2024-05-05,S2,Home,HO-771,return,3,0
2024-05-05,S2,Electronics,EL-529,sale,-3,0
2024-05-05,S2,Home,HO-852,return,1,0
2024-05-05,S2,Electronics,EL-874,return,1,0
2024-05-05,S2,Apparel,AP-241,sale,-4,0
2024-05-05,S2,Apparel,AP-490,sale,-4,0
2024-05-05,S2,Home,HO-576,sale,-4,0
2024-05-05,S2,Electronics,EL-846,return,2,0
2024-05-05,S2,Grocery,GR-299,sale,-3,0
2024-05-05,S2,Apparel,AP-974,sale,-1,0
2024-05-05,S2,Home,HO-247,sale,-5,0
2024-05-05,S2,Apparel,AP-630,receipt,27,0
2024-05-05,S3,Apparel,AP-441,return,1,0
2024-05-05,S3,Electronics,EL-690,sale,-5,0
2024-05-05,S3,Home,HO-345,sale,-4,0
2024-05-05,S3,Apparel,AP-794,sale,-4,0
2024-05-05,S3,Home,HO-955,sale,-2,0
2024-05-05,S3,Grocery,GR-441,sale,-5,0
2024-05-05,S3,Apparel,AP-431,count,0,2
2024-05-05,S3,Electronics,EL-607,count,0,-6
2024-05-05,S3,Apparel,AP-499,return,3,0
2024-05-05,S3,Apparel,AP-938,receipt,48,0
2024-05-05,S3,Home,HO-793,receipt,28,0
2024-05-05,S3,Electronics,EL-803,count,0,-4
2024-05-05,S3,Home,HO-365,sale,-2,0
2024-05-05,S3,Apparel,AP-239,sale,-5,0
2024-05-05,S4,Home,HO-259,sale,-3,0
2024-05-05,S4,Home,HO-708,sale,-2,0
2024-05-05,S4,Apparel,AP-517,return,2,0
2024-05-05,S4,Apparel,AP-674,count,0,0
2024-05-05,S4,Apparel,AP-588,sale,-3,0
2024-05-05,S4,Grocery,GR-713,sale,-2,0
2024-05-05,S4,Electronics,EL-938,return,1,0
2024-05-05,S4,Electronics,EL-718,sale,-5,0
2024-05-05,S5,Electronics,EL-581,sale,-6,0
2024-05-05,S5,Electronics,EL-886,sale,-5,0
2024-05-05,S5,Home,HO-654,sale,-4,0
2024-05-05,S5,Home,HO-409,sale,-2,0
2024-05-05,S5,Apparel,AP-325,sale,-4,0
2024-05-05,S5,Grocery,GR-121,sale,-2,0
2024-05-05,S5,Electronics,EL-755,receipt,30,0
2024-05-05,S5,Apparel,AP-111,sale,-1,0
2024-05-05,S5,Electronics,EL-300,sale,-5,0
2024-05-05,S5,Electronics,EL-315,sale,-3,0
2024-05-05,S5,Home,HO-220,count,0,0
2024-05-05,S5,Grocery,GR-959,sale,-2,0
2024-05-05,S5,Apparel,AP-310,count,0,1
2024-05-06,S1,Electronics,EL-542,sale,-1,0
2024-05-06,S1,Electronics,EL-590,receipt,42,0
2024-05-06,S1,Apparel,AP-970,count,0,-2
2024-05-06,S1,Home,HO-636,return,2,0
2024-05-06,S1,Home,HO-473,sale,-3,0
2024-05-06,S1,Apparel,AP-320,sale,-6,0
2024-05-06,S1,Home,HO-876,return,3,0
2024-05-06,S1,Home,HO-138,sale,-5,0
2024-05-06,S1,Home,HO-368,receipt,11,0
2024-05-06,S1,Grocery,GR-400,sale,-2,0
2024-05-06,S1,Grocery,GR-525,sale,-6,0
2024-05-06,S1,Electronics,EL-624,sale,-3,0
2024-05-06,S1,Grocery,GR-331,return,1,0
2024-05-06,S2,Grocery,GR-734,return,1,0
2024-05-06,S2,Grocery,GR-786,sale,-4,0
2024-05-06,S2,Home,HO-947,sale,-3,0
2024-05-06,S2,Grocery,GR-563,count,0,2
2024-05-06,S2,Electronics,EL-179,receipt,22,0
2024-05-06,S2,Grocery,GR-778,sale,-2,0
2024-05-06,S2,Electronics,EL-806,sale,-3,0
2024-05-06,S2,Electronics,EL-839,sale,-5,0
2024-05-06,S2,Electronics,EL-764,count,0,1
2024-05-06,S2,Electronics,EL-705,sale,-1,0
2024-05-06,S2,Electronics,EL-899,count,0,1
2024-05-06,S2,Apparel,AP-502,receipt,11,0
2024-05-06,S3,Home,HO-799,sale,-6,0
2024-05-06,S3,Home,HO-566,receipt,27,0
2024-05-06,S3,Grocery,GR-102,return,3,0
2024-05-06,S3,Electronics,EL-124,sale,-6,0
2024-05-06,S3,Apparel,AP-581,count,0,1
2024-05-06,S3,Grocery,GR-818,return,1,0
2024-05-06,S3,Apparel,AP-325,sale,-6,0
2024-05-06,S3,Grocery,GR-436,sale,-2,0
2024-05-06,S3,Apparel,AP-338,sale,-3,0
2024-05-06,S3,Electronics,EL-812,sale,-4,0
2024-05-06,S3,Grocery,GR-513,sale,-2,0
2024-05-06,S3,Home,HO-456,sale,-1,0
2024-05-06,S4,Grocery,GR-646,count,0,-2
2024-05-06,S4,Home,HO-401,sale,-5,0
2024-05-06,S4,Apparel,AP-652,count,0,-1
2024-05-06,S4,Home,HO-122,return,2,0
2024-05-06,S4,Apparel,AP-427,count,0,0
2024-05-06,S4,Grocery,GR-989,return,1,0
2024-05-06,S4,Electronics,EL-681,receipt,45,0
2024-05-06,S4,Apparel,AP-870,return,1,0
2024-05-06,S4,Electronics,EL-267,sale,-1,0
2024-05-06,S4,Electronics,EL-989,return,3,0
2024-05-06,S4,Home,HO-496,count,0,2
2024-05-06,S5,Home,HO-170,sale,-6,0
2024-05-06,S5,Home,HO-290,sale,-2,0
2024-05-06,S5,Grocery,GR-887,return,3,0
2024-05-06,S5,Apparel,AP-404,receipt,18,0
2024-05-06,S5,Apparel,AP-273,receipt,60,0
2024-05-06,S5,Electronics,EL-785,sale,-6,0
2024-05-06,S5,Grocery,GR-266,count,0,1
2024-05-06,S5,Home,HO-969,sale,-1,0
2024-05-06,S5,Home,HO-968,return,1,0
2024-05-06,S5,Apparel,AP-211,count,0,0
2024-05-07,S1,Apparel,AP-599,sale,-3,0
2024-05-07,S1,Grocery,GR-203,sale,-6,0
2024-05-07,S1,Home,HO-661,count,0,1
2024-05-07,S1,Apparel,AP-846,sale,-1,0
2024-05-07,S1,Home,HO-660,sale,-6,0
2024-05-07,S1,Grocery,GR-405,sale,-2,0
2024-05-07,S1,Apparel,AP-269,return,1,0
2024-05-07,S1,Apparel,AP-348,sale,-4,0
2024-05-07,S1,Home,HO-912,sale,-6,0
2024-05-07,S1,Apparel,AP-196,count,0,1
2024-05-07,S1,Apparel,AP-686,count,0,-1
2024-05-07,S1,Grocery,GR-908,count,0,1
2024-05-07,S1,Home,HO-360,sale,-5,0
2024-05-07,S1,Apparel,AP-441,sale,-3,0
2024-05-07,S1,Apparel,AP-654,receipt,32,0
2024-05-07,S1,Apparel,AP-403,receipt,27,0
2024-05-07,S2,Home,HO-428,return,3,0
2024-05-07,S2,Grocery,GR-583,sale,-2,0
2024-05-07,S2,Apparel,AP-875,sale,-2,0
2024-05-07,S2,Grocery,GR-597,sale,-4,0
2024-05-07,S2,Home,HO-316,return,1,0
2024-05-07,S2,Electronics,EL-574,count,0,0
2024-05-07,S2,Home,HO-979,count,0,2
2024-05-07,S2,Grocery,GR-499,sale,-2,0
2024-05-07,S2,Electronics,EL-875,sale,-5,0
2024-05-07,S2,Home,HO-904,receipt,38,0
2024-05-07,S2,Home,HO-185,sale,-1,0
2024-05-07,S2,Grocery,GR-503,sale,-1,0
2024-05-07,S2,Apparel,AP-503,sale,-1,0
2024-05-07,S2,Electronics,EL-190,receipt,59,0
2024-05-07,S2,Apparel,AP-534,sale,-5,0
2024-05-07,S3,Grocery,GR-801,count,0,1
2024-05-07,S3,Apparel,AP-997,count,0,2
2024-05-07,S3,Electronics,EL-698,return,3,0
2024-05-07,S3,Apparel,AP-840,return,2,0
2024-05-07,S3,Apparel,AP-863,sale,-6,0
2024-05-07,S3,Apparel,AP-534,sale,-4,0
2024-05-07,S3,Electronics,EL-769,count,0,-6
2024-05-07,S3,Home,HO-597,count,0,1
2024-05-07,S3,Home,HO-744,receipt,33,0
2024-05-07,S3,Grocery,GR-714,return,3,0
2024-05-07,S3,Electronics,EL-957,sale,-2,0
2024-05-07,S4,Home,HO-171,sale,-5,0
2024-05-07,S4,Home,HO-757,count,0,-1
2024-05-07,S4,Apparel,AP-637,count,0,2
2024-05-07,S4,Apparel,AP-175,sale,-6,0
2024-05-07,S4,Home,HO-627,sale,-6,0
2024-05-07,S4,Home,HO-824,sale,-1,0
2024-05-07,S4,Grocery,GR-473,return,2,0
2024-05-07,S4,Grocery,GR-379,receipt,41,0
2024-05-07,S4,Electronics,EL-881,count,0,2
2024-05-07,S4,Home,HO-936,sale,-2,0
2024-05-07,S5,Apparel,AP-320,sale,-3,0
2024-05-07,S5,Home,HO-260,receipt,16,0
2024-05-07,S5,Electronics,EL-219,sale,-1,0
2024-05-07,S5,Apparel,AP-126,sale,-1,0
2024-05-07,S5,Electronics,EL-260,count,0,-2
2024-05-07,S5,Electronics,EL-745,sale,-3,0
2024-05-07,S5,Home,HO-943,count,0,2
2024-05-07,S5,Grocery,GR-676,sale,-4,0
2024-05-07,S5,Electronics,EL-928,count,0,2
2024-05-07,S5,Grocery,GR-113,receipt,19,0
2024-05-07,S5,Apparel,AP-185,receipt,57,0
2024-05-08,S1,Electronics,EL-982,return,1,0
2024-05-08,S1,Electronics,EL-666,sale,-3,0
2024-05-08,S1,Home,HO-602,return,3,0
2024-05-08,S1,Apparel,AP-447,receipt,40,0
2024-05-08,S1,Apparel,AP-430,receipt,47,0
2024-05-08,S1,Home,HO-719,receipt,36,0
2024-05-08,S1,Apparel,AP-739,sale,-5,0
2024-05-08,S1,Electronics,EL-772,receipt,24,0
2024-05-08,S1,Home,HO-275,receipt,47,0
2024-05-08,S1,Home,HO-187,sale,-5,0
2024-05-08,S1,Home,HO-527,return,3,0
2024-05-08,S1,Grocery,GR-997,sale,-6,0
2024-05-08,S1,Grocery,GR-832,sale,-5,0
2024-05-08,S1,Electronics,EL-681,sale,-6,0
2024-05-08,S1,Grocery,GR-500,return,2,0
2024-05-08,S1,Grocery,GR-284,sale,-1,0
2024-05-08,S2,Apparel,AP-429,sale,-5,0
2024-05-08,S2,Electronics,EL-945,sale,-4,0
2024-05-08,S2,Electronics,EL-381,receipt,25,0
2024-05-08,S2,Grocery,GR-721,return,2,0
2024-05-08,S2,Electronics,EL-731,return,2,0
2024-05-08,S2,Grocery,GR-306,sale,-5,0
2024-05-08,S2,Electronics,EL-417,count,0,1
2024-05-08,S2,Electronics,EL-913,return,1,0
2024-05-08,S2,Grocery,GR-462,sale,-4,0
2024-05-08,S2,Electronics,EL-459,receipt,40,0
2024-05-08,S2,Grocery,GR-531,sale,-5,0
2024-05-08,S2,Grocery,GR-497,return,3,0
2024-05-08,S2,Home,HO-494,sale,-5,0
2024-05-08,S2,Grocery,GR-154,count,0,-2
2024-05-08,S2,Home,HO-697,sale,-3,0
2024-05-08,S3,Home,HO-349,sale,-3,0
2024-05-08,S3,Grocery,GR-286,sale,-6,0
2024-05-08,S3,Home,HO-599,receipt,22,0
2024-05-08,S3,Apparel,AP-459,count,0,2
2024-05-08,S3,Grocery,GR-879,count,0,1
2024-05-08,S3,Electronics,EL-228,sale,-5,0
2024-05-08,S3,Home,HO-226,sale,-6,0
2024-05-08,S3,Grocery,GR-301,receipt,26,0
2024-05-08,S3,Home,HO-756,receipt,23,0
2024-05-08,S4,Home,HO-878,count,0,-1
2024-05-08,S4,Electronics,EL-744,return,3,0
2024-05-08,S4,Apparel,AP-670,receipt,26,0
2024-05-08,S4,Electronics,EL-942,sale,-5,0
2024-05-08,S4,Apparel,AP-355,sale,-2,0
2024-05-08,S4,Home,HO-955,sale,-5,0
2024-05-08,S4,Grocery,GR-810,count,0,2
2024-05-08,S4,Home,HO-147,sale,-2,0
2024-05-08,S4,Grocery,GR-497,receipt,54,0
2024-05-08,S4,Apparel,AP-129,receipt,38,0
2024-05-08,S4,Apparel,AP-977,sale,-2,0
2024-05-08,S4,Electronics,EL-178,receipt,41,0
2024-05-08,S4,Home,HO-782,receipt,33,0
2024-05-08,S5,Apparel,AP-324,sale,-5,0
2024-05-08,S5,Apparel,AP-153,sale,-1,0
2024-05-08,S5,Electronics,EL-746,count,0,-2
2024-05-08,S5,Apparel,AP-742,count,0,-1
2024-05-08,S5,Apparel,AP-507,sale,-4,0
2024-05-08,S5,Apparel,AP-249,sale,-3,0
2024-05-08,S5,Electronics,EL-759,count,0,-1
2024-05-08,S5,Electronics,EL-549,return,3,0
2024-05-08,S5,Electronics,EL-481,count,0,-1
2024-05-08,S5,Electronics,EL-209,sale,-4,0
2024-05-08,S5,Apparel,AP-687,sale,-5,0
2024-05-08,S5,Electronics,EL-190,sale,-4,0
2024-05-08,S5,Apparel,AP-377,count,0,-1
2024-05-08,S5,Apparel,AP-384,sale,-2,0
2024-05-08,S5,Apparel,AP-413,sale,-6,0
2024-05-08,S5,Electronics,EL-480,sale,-2,0
2024-05-09,S1,Home,HO-300,sale,-6,0
2024-05-09,S1,Grocery,GR-525,sale,-4,0
2024-05-09,S1,Apparel,AP-734,sale,-2,0
2024-05-09,S1,Grocery,GR-697,return,1,0
2024-05-09,S1,Electronics,EL-682,count,0,0
2024-05-09,S1,Electronics,EL-774,count,0,-1
2024-05-09,S1,Home,HO-801,sale,-2,0
2024-05-09,S1,Electronics,EL-915,sale,-1,0
2024-05-09,S1,Home,HO-349,sale,-4,0
2024-05-09,S1,Grocery,GR-210,sale,-3,0
2024-05-09,S1,Grocery,GR-216,count,0,-2
2024-05-09,S1,Apparel,AP-176,count,0,2
2024-05-09,S2,Grocery,GR-278,count,0,-2
2024-05-09,S2,Home,HO-721,sale,-4,0
2024-05-09,S2,Apparel,AP-869,sale,-1,0
2024-05-09,S2,Grocery,GR-725,sale,-5,0
2024-05-09,S2,Apparel,AP-836,count,0,-2
2024-05-09,S2,Electronics,EL-619,return,2,0
2024-05-09,S2,Electronics,EL-711,return,3,0
2024-05-09,S2,Home,HO-557,sale,-6,0
2024-05-09,S2,Home,HO-619,return,2,0
2024-05-09,S2,Home,HO-851,sale,-6,0
2024-05-09,S2,Apparel,AP-798,receipt,10,0
2024-05-09,S3,Home,HO-480,sale,-4,0
2024-05-09,S3,Home,HO-529,return,2,0
2024-05-09,S3,Electronics,EL-937,sale,-1,0
2024-05-09,S3,Apparel,AP-533,sale,-3,0
2024-05-09,S3,Electronics,EL-206,sale,-3,0
2024-05-09,S3,Electronics,EL-697,count,0,-6
2024-05-09,S3,Home,HO-683,receipt,54,0
2024-05-09,S3,Home,HO-895,sale,-6,0
2024-05-09,S4,Grocery,GR-914,sale,-5,0
2024-05-09,S4,Apparel,AP-299,return,1,0
2024-05-09,S4,Electronics,EL-238,sale,-1,0
2024-05-09,S4,Grocery,GR-681,receipt,11,0
2024-05-09,S4,Apparel,AP-526,count,0,1
2024-05-09,S4,Electronics,EL-548,count,0,-1
2024-05-09,S4,Electronics,EL-220,receipt,52,0
2024-05-09,S4,Electronics,EL-109,sale,-5,0
2024-05-09,S4,Electronics,EL-218,sale,-2,0
2024-05-09,S4,Home,HO-106,sale,-4,0
2024-05-09,S5,Apparel,AP-462,receipt,38,0
2024-05-09,S5,Grocery,GR-489,receipt,50,0
2024-05-09,S5,Apparel,AP-261,return,2,0
2024-05-09,S5,Home,HO-368,return,2,0
2024-05-09,S5,Electronics,EL-762,return,2,0
2024-05-09,S5,Grocery,GR-913,receipt,44,0
2024-05-09,S5,Home,HO-257,sale,-1,0
2024-05-09,S5,Apparel,AP-480,return,3,0
2024-05-09,S5,Grocery,GR-591,receipt,12,0
2024-05-09,S5,Grocery,GR-269,return,1,0
2024-05-09,S5,Grocery,GR-193,sale,-3,0
2024-05-10,S1,Apparel,AP-263,return,3,0
2024-05-10,S1,Grocery,GR-410,receipt,54,0
2024-05-10,S1,Grocery,GR-719,count,0,2
2024-05-10,S1,Home,HO-113,sale,-4,0
2024-05-10,S1,Apparel,AP-520,return,2,0
2024-05-10,S1,Home,HO-128,return,3,0
2024-05-10,S1,Electronics,EL-252,count,0,-2
2024-05-10,S1,Home,HO-518,sale,-2,0
2024-05-10,S1,Grocery,GR-486,sale,-6,0
2024-05-10,S1,Grocery,GR-865,sale,-3,0
2024-05-10,S1,Apparel,AP-403,sale,-4,0
2024-05-10,S1,Grocery,GR-941,sale,-3,0
2024-05-10,S1,Grocery,GR-972,return,2,0
2024-05-10,S1,Grocery,GR-543,receipt,37,0
2024-05-10,S2,Electronics,EL-774,count,0,2
2024-05-10,S2,Apparel,AP-592,receipt,20,0
2024-05-10,S2,Electronics,EL-332,sale,-2,0
2024-05-10,S2,Electronics,EL-851,count,0,0
2024-05-10,S2,Home,HO-824,sale,-5,0
2024-05-10,S2,Home,HO-751,count,0,-2
2024-05-10,S2,Home,HO-622,return,3,0
2024-05-10,S2,Electronics,EL-361,receipt,48,0
2024-05-10,S2,Electronics,EL-597,sale,-1,0
2024-05-10,S3,Apparel,AP-270,sale,-5,0
2024-05-10,S3,Home,HO-384,count,0,-1
2024-05-10,S3,Grocery,GR-271,return,2,0
2024-05-10,S3,Electronics,EL-327,receipt,34,0
2024-05-10,S3,Home,HO-450,sale,-4,0
2024-05-10,S3,Electronics,EL-996,return,2,0
2024-05-10,S3,Apparel,AP-500,sale,-6,0
2024-05-10,S3,Electronics,EL-287,receipt,50,0
2024-05-10,S3,Home,HO-259,sale,-1,0
2024-05-10,S4,Home,HO-708,sale,-6,0
2024-05-10,S4,Home,HO-301,sale,-6,0
2024-05-10,S4,Grocery,GR-436,sale,-5,0
2024-05-10,S4,Electronics,EL-759,sale,-6,0
2024-05-10,S4,Home,HO-592,count,0,2
2024-05-10,S4,Home,HO-713,sale,-5,0
2024-05-10,S4,Grocery,GR-424,count,0,0
2024-05-10,S4,Electronics,EL-455,sale,-5,0
2024-05-10,S5,Grocery,GR-855,return,3,0
2024-05-10,S5,Electronics,EL-611,sale,-2,0
2024-05-10,S5,Grocery,GR-126,count,0,2
2024-05-10,S5,Grocery,GR-664,sale,-3,0
2024-05-10,S5,Grocery,GR-688,sale,-1,0
2024-05-10,S5,Apparel,AP-342,sale,-6,0
2024-05-10,S5,Apparel,AP-213,count,0,2
2024-05-10,S5,Apparel,AP-795,sale,-3,0
2024-05-11,S1,Grocery,GR-435,sale,-2,0
2024-05-11,S1,Electronics,EL-141,count,0,0
2024-05-11,S1,Home,HO-164,count,0,-2
2024-05-11,S1,Electronics,EL-110,sale,-2,0
2024-05-11,S1,Electronics,EL-690,sale,-3,0
2024-05-11,S1,Apparel,AP-592,sale,-6,0
2024-05-11,S1,Home,HO-969,count,0,-1
2024-05-11,S1,Electronics,EL-296,sale,-4,0
2024-05-11,S2,Apparel,AP-367,return,1,0
2024-05-11,S2,Apparel,AP-938,sale,-2,0
2024-05-11,S2,Apparel,AP-646,return,2,0
2024-05-11,S2,Grocery,GR-862,sale,-5,0
2024-05-11,S2,Electronics,EL-445,sale,-5,0
2024-05-11,S2,Home,HO-837,return,1,0
2024-05-11,S2,Apparel,AP-974,receipt,25,0
2024-05-11,S2,Apparel,AP-688,receipt,34,0
2024-05-11,S2,Grocery,GR-938,return,1,0
2024-05-11,S2,Grocery,GR-182,sale,-5,0
2024-05-11,S2,Grocery,GR-881,receipt,17,0
2024-05-11,S2,Apparel,AP-699,receipt,43,0
2024-05-11,S2,Grocery,GR-837,return,2,0
2024-05-11,S2,Grocery,GR-216,sale,-5,0
2024-05-11,S2,Electronics,EL-294,sale,-6,0
2024-05-11,S2,Electronics,EL-495,sale,-1,0
2024-05-11,S3,Home,HO-373,sale,-3,0
2024-05-11,S3,Grocery,GR-365,sale,-2,0
2024-05-11,S3,Grocery,GR-466,count,0,1
2024-05-11,S3,Electronics,EL-261,count,0,-5
2024-05-11,S3,Grocery,GR-171,sale,-3,0
2024-05-11,S3,Electronics,EL-149,receipt,41,0
2024-05-11,S3,Grocery,GR-657,sale,-6,0
2024-05-11,S3,Grocery,GR-141,count,0,2
2024-05-11,S3,Apparel,AP-135,return,2,0
2024-05-11,S3,Grocery,GR-653,count,0,2
2024-05-11,S3,Electronics,EL-131,count,0,-3
2024-05-11,S3,Grocery,GR-511,return,1,0
2024-05-11,S4,Apparel,AP-201,sale,-1,0
2024-05-11,S4,Apparel,AP-911,sale,-4,0
2024-05-11,S4,Apparel,AP-276,receipt,19,0
2024-05-11,S4,Grocery,GR-947,count,0,2
2024-05-11,S4,Apparel,AP-218,receipt,25,0
2024-05-11,S4,Home,HO-599,sale,-3,0
2024-05-11,S4,Apparel,AP-927,sale,-1,0
2024-05-11,S4,Home,HO-445,sale,-6,0
2024-05-11,S4,Electronics,EL-767,receipt,38,0
2024-05-11,S4,Home,HO-820,count,0,0
2024-05-11,S4,Home,HO-725,sale,-6,0
2024-05-11,S4,Grocery,GR-253,sale,-1,0
2024-05-11,S4,Grocery,GR-180,sale,-4,0
2024-05-11,S4,Grocery,GR-715,sale,-1,0
2024-05-11,S4,Apparel,AP-381,sale,-4,0
2024-05-11,S5,Electronics,EL-651,sale,-5,0
2024-05-11,S5,Grocery,GR-699,sale,-2,0
2024-05-11,S5,Home,HO-826,return,3,0
2024-05-11,S5,Apparel,AP-891,count,0,-1
2024-05-11,S5,Home,HO-211,receipt,37,0
2024-05-11,S5,Electronics,EL-423,sale,-5,0
2024-05-11,S5,Home,HO-945,receipt,39,0
2024-05-11,S5,Grocery,GR-502,sale,-3,0
2024-05-11,S5,Electronics,EL-405,receipt,36,0
2024-05-12,S1,Electronics,EL-433,sale,-6,0
2024-05-12,S1,Grocery,GR-402,sale,-5,0
2024-05-12,S1,Home,HO-685,sale,-3,0
2024-05-12,S1,Grocery,GR-453,return,1,0
2024-05-12,S1,Electronics,EL-369,sale,-1,0
2024-05-12,S1,Home,HO-339,receipt,46,0
2024-05-12,S1,Grocery,GR-177,return,3,0
2024-05-12,S1,Home,HO-158,count,0,-1
2024-05-12,S1,Apparel,AP-464,receipt,52,0
2024-05-12,S1,Home,HO-540,sale,-6,0
2024-05-12,S1,Grocery,GR-526,sale,-3,0
2024-05-12,S1,Apparel,AP-825,sale,-4,0
2024-05-12,S1,Apparel,AP-624,count,0,2
2024-05-12,S1,Home,HO-887,sale,-4,0
2024-05-12,S2,Apparel,AP-874,sale,-3,0
2024-05-12,S2,Grocery,GR-407,count,0,-1
2024-05-12,S2,Apparel,AP-703,sale,-3,0
2024-05-12,S2,Home,HO-252,sale,-3,0
2024-05-12,S2,Grocery,GR-742,count,0,-2
2024-05-12,S2,Apparel,AP-838,return,2,0
2024-05-12,S2,Grocery,GR-666,receipt,14,0
2024-05-12,S2,Apparel,AP-661,sale,-6,0
2024-05-12,S2,Electronics,EL-239,sale,-5,0
2024-05-12,S2,Grocery,GR-196,receipt,47,0
2024-05-12,S2,Apparel,AP-349,return,3,0
2024-05-12,S2,Apparel,AP-371,return,3,0
2024-05-12,S2,Electronics,EL-276,return,1,0
2024-05-12,S2,Apparel,AP-874,count,0,-2
2024-05-12,S3,Electronics,EL-989,sale,-1,0
2024-05-12,S3,Apparel,AP-651,sale,-6,0
2024-05-12,S3,Apparel,AP-273,count,0,1
2024-05-12,S3,Home,HO-821,sale,-2,0
2024-05-12,S3,Home,HO-189,sale,-6,0
2024-05-12,S3,Grocery,GR-498,sale,-6,0
2024-05-12,S3,Home,HO-746,return,2,0
2024-05-12,S3,Electronics,EL-227,sale,-4,0
2024-05-12,S3,Electronics,EL-603,sale,-3,0
2024-05-12,S3,Home,HO-101,sale,-2,0
2024-05-12,S3,Electronics,EL-566,sale,-2,0
2024-05-12,S4,Electronics,EL-328,sale,-4,0
2024-05-12,S4,Grocery,GR-775,return,2,0
2024-05-12,S4,Grocery,GR-688,receipt,20,0
2024-05-12,S4,Home,HO-647,return,2,0
2024-05-12,S4,Apparel,AP-992,sale,-3,0
2024-05-12,S4,Grocery,GR-533,sale,-3,0
2024-05-12,S4,Apparel,AP-197,count,0,-2
2024-05-12,S4,Apparel,AP-110,receipt,27,0
2024-05-12,S4,Electronics,EL-396,count,0,2
2024-05-12,S5,Apparel,AP-941,sale,-6,0
2024-05-12,S5,Grocery,GR-459,count,0,-2
2024-05-12,S5,Electronics,EL-632,count,0,1
2024-05-12,S5,Home,HO-107,sale,-4,0
2024-05-12,S5,Electronics,EL-205,return,3,0
2024-05-12,S5,Electronics,EL-797,return,2,0
2024-05-12,S5,Apparel,AP-334,return,2,0
2024-05-12,S5,Home,HO-844,receipt,40,0
2024-05-12,S5,Apparel,AP-921,sale,-1,0
2024-05-12,S5,Apparel,AP-463,receipt,52,0
2024-05-13,S1,Apparel,AP-167,sale,-4,0
2024-05-13,S1,Electronics,EL-149,sale,-4,0
2024-05-13,S1,Electronics,EL-340,count,0,2
2024-05-13,S1,Home,HO-956,sale,-2,0
2024-05-13,S1,Apparel,AP-766,sale,-2,0
2024-05-13,S1,Home,HO-760,receipt,45,0
2024-05-13,S1,Electronics,EL-319,sale,-3,0
2024-05-13,S1,Apparel,AP-361,sale,-5,0
2024-05-13,S1,Apparel,AP-244,sale,-2,0
2024-05-13,S1,Grocery,GR-669,sale,-6,0
2024-05-13,S2,Home,HO-992,return,3,0
2024-05-13,S2,Apparel,AP-114,count,0,1
2024-05-13,S2,Electronics,EL-538,sale,-5,0
2024-05-13,S2,Electronics,EL-385,sale,-1,0
2024-05-13,S2,Home,HO-609,count,0,-2
2024-05-13,S2,Home,HO-595,count,0,0
2024-05-13,S2,Electronics,EL-609,return,2,0
2024-05-13,S2,Apparel,AP-750,sale,-6,0
2024-05-13,S2,Grocery,GR-702,sale,-4,0
2024-05-13,S2,Electronics,EL-287,sale,-5,0
2024-05-13,S2,Home,HO-175,sale,-3,0
2024-05-13,S2,Electronics,EL-504,count,0,1
2024-05-13,S2,Grocery,GR-799,return,3,0
2024-05-13,S2,Electronics,EL-307,receipt,38,0
2024-05-13,S2,Grocery,GR-795,sale,-5,0
2024-05-13,S3,Grocery,GR-228,count,0,0
2024-05-13,S3,Apparel,AP-823,count,0,-2
2024-05-13,S3,Home,HO-414,return,3,0
2024-05-13,S3,Apparel,AP-748,sale,-5,0
2024-05-13,S3,Grocery,GR-654,return,1,0
2024-05-13,S3,Apparel,AP-703,receipt,46,0
2024-05-13,S3,Grocery,GR-787,sale,-3,0
2024-05-13,S3,Electronics,EL-917,return,1,0
2024-05-13,S3,Electronics,EL-461,count,0,-4
2024-05-13,S3,Electronics,EL-614,sale,-3,0
2024-05-13,S3,Grocery,GR-760,sale,-3,0
2024-05-13,S3,Electronics,EL-526,sale,-4,0
2024-05-13,S3,Home,HO-807,count,0,0
2024-05-13,S3,Electronics,EL-602,sale,-3,0
2024-05-13,S3,Grocery,GR-430,return,3,0
2024-05-13,S3,Apparel,AP-533,return,3,0
2024-05-13,S4,Grocery,GR-183,receipt,20,0
2024-05-13,S4,Electronics,EL-578,sale,-6,0
2024-05-13,S4,Grocery,GR-277,receipt,53,0
2024-05-13,S4,Electronics,EL-869,sale,-1,0
2024-05-13,S4,Electronics,EL-255,count,0,0
2024-05-13,S4,Grocery,GR-239,sale,-1,0
2024-05-13,S4,Grocery,GR-804,sale,-6,0
2024-05-13,S4,Apparel,AP-482,receipt,20,0
2024-05-13,S4,Apparel,AP-875,sale,-5,0
2024-05-13,S4,Grocery,GR-994,sale,-2,0
2024-05-13,S4,Grocery,GR-602,return,2,0
2024-05-13,S4,Grocery,GR-493,sale,-6,0
2024-05-13,S5,Electronics,EL-273,sale,-3,0
2024-05-13,S5,Electronics,EL-565,sale,-2,0
2024-05-13,S5,Grocery,GR-218,sale,-1,0
2024-05-13,S5,Apparel,AP-895,sale,-4,0
2024-05-13,S5,Grocery,GR-614,receipt,31,0
2024-05-13,S5,Apparel,AP-416,sale,-1,0
2024-05-13,S5,Grocery,GR-941,sale,-3,0
2024-05-13,S5,Home,HO-188,receipt,35,0
2024-05-13,S5,Home,HO-328,receipt,54,0
2024-05-13,S5,Grocery,GR-204,sale,-5,0
2024-05-13,S5,Home,HO-746,receipt,35,0
2024-05-14,S1,Grocery,GR-723,sale,-2,0
2024-05-14,S1,Grocery,GR-536,return,3,0
2024-05-14,S1,Grocery,GR-371,sale,-1,0
2024-05-14,S1,Electronics,EL-971,sale,-6,0
2024-05-14,S1,Electronics,EL-901,sale,-4,0
2024-05-14,S1,Electronics,EL-883,return,2,0
2024-05-14,S1,Apparel,AP-250,sale,-4,0
2024-05-14,S1,Electronics,EL-347,sale,-3,0
2024-05-14,S1,Grocery,GR-195,sale,-3,0
2024-05-14,S1,Apparel,AP-590,receipt,32,0
2024-05-14,S1,Grocery,GR-602,sale,-4,0
2024-05-14,S1,Home,HO-404,count,0,1
2024-05-14,S1,Home,HO-244,return,1,0
2024-05-14,S1,Grocery,GR-931,sale,-1,0
2024-05-14,S1,Home,HO-609,return,1,0
2024-05-14,S1,Grocery,GR-836,return,2,0
2024-05-14,S2,Electronics,EL-499,sale,-6,0
2024-05-14,S2,Grocery,GR-974,return,3,0
2024-05-14,S2,Electronics,EL-425,count,0,-2
2024-05-14,S2,Home,HO-504,count,0,2
2024-05-14,S2,Electronics,EL-643,return,3,0
2024-05-14,S2,Home,HO-898,sale,-3,0
2024-05-14,S2,Home,HO-347,return,3,0
2024-05-14,S2,Electronics,EL-844,receipt,27,0
2024-05-14,S2,Apparel,AP-964,sale,-1,0
2024-05-14,S2,Apparel,AP-281,receipt,12,0
2024-05-14,S2,Electronics,EL-161,count,0,1
2024-05-14,S2,Electronics,EL-969,receipt,26,0
2024-05-14,S2,Electronics,EL-318,count,0,1
2024-05-14,S2,Grocery,GR-810,sale,-3,0
2024-05-14,S3,Home,HO-470,sale,-5,0
2024-05-14,S3,Apparel,AP-321,sale,-5,0
2024-05-14,S3,Apparel,AP-176,sale,-3,0
2024-05-14,S3,Electronics,EL-271,receipt,30,0
2024-05-14,S3,Electronics,EL-420,sale,-3,0
2024-05-14,S3,Apparel,AP-507,sale,-1,0
2024-05-14,S3,Apparel,AP-225,return,3,0
2024-05-14,S3,Electronics,EL-840,receipt,47,0
2024-05-14,S3,Electronics,EL-327,count,0,-2
2024-05-14,S3,Home,HO-164,count,0,2
2024-05-14,S3,Apparel,AP-575,count,0,-1
2024-05-14,S3,Home,HO-486,sale,-1,0
2024-05-14,S3,Grocery,GR-136,return,2,0
2024-05-14,S4,Grocery,GR-418,count,0,1
2024-05-14,S4,Grocery,GR-145,count,0,2
2024-05-14,S4,Home,HO-198,return,1,0
2024-05-14,S4,Apparel,AP-400,sale,-2,0
2024-05-14,S4,Grocery,GR-882,sale,-3,0
2024-05-14,S4,Electronics,EL-890,count,0,2
2024-05-14,S4,Home,HO-927,count,0,1
2024-05-14,S4,Home,HO-520,sale,-5,0
2024-05-14,S4,Grocery,GR-350,sale,-3,0
2024-05-14,S4,Grocery,GR-610,sale,-1,0
2024-05-14,S4,Home,HO-258,sale,-4,0
2024-05-14,S5,Grocery,GR-760,count,0,-1
2024-05-14,S5,Home,HO-697,sale,-6,0
2024-05-14,S5,Home,HO-943,receipt,20,0
2024-05-14,S5,Electronics,EL-648,sale,-4,0
2024-05-14,S5,Apparel,AP-637,sale,-4,0
2024-05-14,S5,Electronics,EL-105,sale,-3,0
2024-05-14,S5,Home,HO-571,return,2,0
2024-05-14,S5,Grocery,GR-534,receipt,22,0
2024-05-14,S5,Home,HO-567,count,0,1
2024-05-14,S5,Apparel,AP-943,return,2,0
2024-05-15,S1,Electronics,EL-905,return,1,0
2024-05-15,S1,Apparel,AP-167,sale,-1,0
2024-05-15,S1,Electronics,EL-688,receipt,53,0
2024-05-15,S1,Apparel,AP-728,sale,-3,0
2024-05-15,S1,Grocery,GR-732,count,0,-1
2024-05-15,S1,Apparel,AP-809,return,1,0
2024-05-15,S1,Electronics,EL-587,count,0,-1
2024-05-15,S1,Grocery,GR-407,count,0,-2
2024-05-15,S1,Apparel,AP-325,sale,-1,0
2024-05-15,S1,Electronics,EL-803,sale,-3,0
2024-05-15,S1,Apparel,AP-229,receipt,36,0
2024-05-15,S2,Home,HO-224,receipt,49,0
2024-05-15,S2,Home,HO-909,return,1,0
2024-05-15,S2,Electronics,EL-145,sale,-6,0
2024-05-15,S2,Grocery,GR-104,sale,-4,0
2024-05-15,S2,Home,HO-583,return,3,0
2024-05-15,S2,Grocery,GR-567,receipt,60,0
2024-05-15,S2,Electronics,EL-855,sale,-6,0
2024-05-15,S2,Apparel,AP-986,count,0,1
2024-05-15,S2,Electronics,EL-176,sale,-2,0
2024-05-15,S2,Home,HO-466,sale,-2,0
2024-05-15,S2,Grocery,GR-626,count,0,-2
2024-05-15,S2,Electronics,EL-176,sale,-5,0
2024-05-15,S2,Home,HO-722,return,1,0
2024-05-15,S2,Home,HO-102,return,1,0
2024-05-15,S2,Apparel,AP-305,sale,-2,0
2024-05-15,S3,Grocery,GR-539,sale,-5,0
2024-05-15,S3,Home,HO-407,return,2,0
2024-05-15,S3,Grocery,GR-242,count,0,-1
2024-05-15,S3,Home,HO-330,count,0,1
2024-05-15,S3,Electronics,EL-526,count,0,-3
2024-05-15,S3,Apparel,AP-469,sale,-3,0
2024-05-15,S3,Home,HO-488,sale,-3,0
2024-05-15,S3,Grocery,GR-636,receipt,39,0
2024-05-15,S3,Apparel,AP-441,sale,-3,0
2024-05-15,S3,Electronics,EL-354,sale,-6,0
2024-05-15,S3,Electronics,EL-781,count,0,-5
2024-05-15,S3,Home,HO-738,sale,-2,0
2024-05-15,S3,Electronics,EL-790,sale,-1,0
2024-05-15,S3,Electronics,EL-782,count,0,-5
2024-05-15,S3,Apparel,AP-302,receipt,41,0
2024-05-15,S4,Electronics,EL-605,receipt,41,0
2024-05-15,S4,Grocery,GR-412,sale,-5,0
2024-05-15,S4,Electronics,EL-338,sale,-6,0
2024-05-15,S4,Home,HO-739,return,3,0
2024-05-15,S4,Grocery,GR-942,sale,-5,0
2024-05-15,S4,Home,HO-591,return,3,0
2024-05-15,S4,Grocery,GR-715,sale,-1,0
2024-05-15,S4,Home,HO-428,sale,-5,0
2024-05-15,S4,Apparel,AP-693,return,1,0
2024-05-15,S4,Electronics,EL-706,receipt,10,0
2024-05-15,S4,Home,HO-586,sale,-6,0
2024-05-15,S5,Apparel,AP-816,sale,-6,0
2024-05-15,S5,Apparel,AP-325,sale,-2,0
2024-05-15,S5,Grocery,GR-635,sale,-3,0
2024-05-15,S5,Apparel,AP-683,sale,-3,0
2024-05-15,S5,Apparel,AP-128,receipt,27,0
2024-05-15,S5,Apparel,AP-154,sale,-1,0
2024-05-15,S5,Grocery,GR-728,return,1,0
2024-05-15,S5,Apparel,AP-263,sale,-1,0
2024-05-15,S5,Electronics,EL-318,sale,-6,0
2024-05-15,S5,Home,HO-133,count,0,2
2024-05-15,S5,Electronics,EL-267,count,0,0
2024-05-15,S5,Electronics,EL-619,return,3,0
2024-05-15,S5,Home,HO-815,receipt,42,0
2024-05-15,S5,Home,HO-406,sale,-1,0
2024-05-15,S5,Grocery,GR-121,count,0,-2
2024-05-15,S5,Home,HO-251,count,0,2
2024-05-16,S1,Apparel,AP-916,receipt,36,0
2024-05-16,S1,Grocery,GR-730,sale,-6,0
2024-05-16,S1,Electronics,EL-176,return,3,0
2024-05-16,S1,Electronics,EL-275,receipt,44,0
2024-05-16,S1,Electronics,EL-185,sale,-5,0
2024-05-16,S1,Apparel,AP-664,receipt,57,0
2024-05-16,S1,Home,HO-666,count,0,-2
2024-05-16,S1,Grocery,GR-868,sale,-2,0
2024-05-16,S1,Electronics,EL-247,sale,-4,0
2024-05-16,S1,Electronics,EL-851,sale,-1,0
2024-05-16,S1,Home,HO-141,sale,-2,0
2024-05-16,S1,Apparel,AP-889,sale,-5,0
2024-05-16,S1,Electronics,EL-459,sale,-3,0
2024-05-16,S1,Apparel,AP-719,return,2,0
2024-05-16,S1,Apparel,AP-844,count,0,-2
2024-05-16,S1,Grocery,GR-320,sale,-2,0
2024-05-16,S2,Home,HO-899,return,3,0
2024-05-16,S2,Electronics,EL-714,sale,-3,0
2024-05-16,S2,Grocery,GR-547,return,3,0
2024-05-16,S2,Grocery,GR-565,receipt,49,0
2024-05-16,S2,Apparel,AP-310,receipt,41,0
2024-05-16,S2,Electronics,EL-712,sale,-2,0
2024-05-16,S2,Grocery,GR-320,sale,-4,0
2024-05-16,S2,Home,HO-412,return,3,0
2024-05-16,S2,Home,HO-528,sale,-5,0
2024-05-16,S2,Grocery,GR-430,receipt,42,0
2024-05-16,S2,Electronics,EL-388,receipt,12,0
2024-05-16,S2,Grocery,GR-948,return,3,0
2024-05-16,S2,Electronics,EL-835,return,3,0
2024-05-16,S3,Apparel,AP-139,receipt,54,0
2024-05-16,S3,Home,HO-185,receipt,31,0
2024-05-16,S3,Electronics,EL-346,sale,-2,0
2024-05-16,S3,Grocery,GR-353,receipt,27,0
2024-05-16,S3,Grocery,GR-882,sale,-2,0
2024-05-16,S3,Grocery,GR-982,sale,-3,0
2024-05-16,S3,Apparel,AP-488,count,0,-2
2024-05-16,S3,Electronics,EL-811,return,2,0
2024-05-16,S3,Apparel,AP-511,return,3,0
2024-05-16,S3,Home,HO-196,sale,-6,0
2024-05-16,S3,Grocery,GR-976,return,1,0
2024-05-16,S4,Apparel,AP-866,sale,-5,0
2024-05-16,S4,Electronics,EL-803,sale,-3,0
2024-05-16,S4,Home,HO-305,return,2,0
2024-05-16,S4,Grocery,GR-769,receipt,21,0
2024-05-16,S4,Grocery,GR-480,count,0,0
2024-05-16,S4,Electronics,EL-973,return,3,0
2024-05-16,S4,Grocery,GR-393,return,2,0
2024-05-16,S4,Grocery,GR-767,sale,-5,0
2024-05-16,S4,Grocery,GR-517,sale,-4,0
2024-05-16,S4,Home,HO-448,sale,-4,0
2024-05-16,S5,Grocery,GR-323,sale,-3,0
2024-05-16,S5,Grocery,GR-362,count,0,2
2024-05-16,S5,Apparel,AP-478,count,0,2
2024-05-16,S5,Grocery,GR-774,return,3,0
2024-05-16,S5,Home,HO-152,sale,-5,0
2024-05-16,S5,Home,HO-308,return,1,0
2024-05-16,S5,Home,HO-590,count,0,-1
2024-05-16,S5,Grocery,GR-892,receipt,58,0
2024-05-16,S5,Electronics,EL-299,count,0,0
2024-05-16,S5,Electronics,EL-971,receipt,13,0
2024-05-16,S5,Grocery,GR-945,sale,-1,0
2024-05-16,S5,Home,HO-200,sale,-4,0
2024-05-17,S1,Home,HO-461,sale,-3,0
2024-05-17,S1,Electronics,EL-827,sale,-2,0
2024-05-17,S1,Electronics,EL-580,receipt,35,0
2024-05-17,S1,Apparel,AP-314,return,3,0
2024-05-17,S1,Apparel,AP-668,sale,-6,0
2024-05-17,S1,Apparel,AP-257,sale,-3,0
2024-05-17,S1,Electronics,EL-202,sale,-4,0
2024-05-17,S1,Grocery,GR-860,return,3,0
2024-05-17,S1,Apparel,AP-896,receipt,37,0
2024-05-17,S1,Home,HO-957,count,0,2
2024-05-17,S1,Grocery,GR-954,receipt,57,0
2024-05-17,S1,Grocery,GR-835,return,1,0
2024-05-17,S2,Electronics,EL-156,sale,-4,0
2024-05-17,S2,Grocery,GR-214,count,0,-2
2024-05-17,S2,Apparel,AP-959,sale,-1,0
2024-05-17,S2,Grocery,GR-283,count,0,2
2024-05-17,S2,Electronics,EL-832,sale,-1,0
2024-05-17,S2,Grocery,GR-848,sale,-1,0
2024-05-17,S2,Electronics,EL-869,receipt,19,0
2024-05-17,S2,Apparel,AP-354,sale,-6,0
2024-05-17,S2,Grocery,GR-866,sale,-6,0
2024-05-17,S3,Apparel,AP-169,return,1,0
2024-05-17,S3,Electronics,EL-294,sale,-6,0
2024-05-17,S3,Home,HO-178,sale,-6,0
2024-05-17,S3,Home,HO-805,sale,-6,0
2024-05-17,S3,Home,HO-960,return,2,0
2024-05-17,S3,Grocery,GR-275,return,1,0
2024-05-17,S3,Home,HO-704,receipt,54,0
2024-05-17,S3,Home,HO-928,receipt,18,0
2024-05-17,S3,Grocery,GR-908,return,1,0
2024-05-17,S3,Apparel,AP-745,count,0,-2
2024-05-17,S3,Electronics,EL-729,sale,-5,0
2024-05-17,S4,Grocery,GR-498,sale,-4,0
2024-05-17,S4,Home,HO-602,sale,-2,0
2024-05-17,S4,Home,HO-463,return,1,0
2024-05-17,S4,Grocery,GR-894,sale,-1,0
2024-05-17,S4,Home,HO-270,count,0,1
2024-05-17,S4,Electronics,EL-658,sale,-1,0
2024-05-17,S4,Grocery,GR-337,return,2,0
2024-05-17,S4,Apparel,AP-898,count,0,0
2024-05-17,S4,Grocery,GR-636,sale,-3,0
2024-05-17,S4,Grocery,GR-205,sale,-3,0
2024-05-17,S4,Apparel,AP-769,sale,-2,0
2024-05-17,S5,Home,HO-761,sale,-2,0
2024-05-17,S5,Home,HO-602,receipt,48,0
2024-05-17,S5,Home,HO-657,sale,-1,0
2024-05-17,S5,Electronics,EL-745,sale,-6,0
2024-05-17,S5,Electronics,EL-534,sale,-4,0
2024-05-17,S5,Home,HO-100,receipt,15,0
2024-05-17,S5,Apparel,AP-949,sale,-1,0
2024-05-17,S5,Grocery,GR-312,sale,-3,0
2024-05-17,S5,Electronics,EL-545,return,2,0
2024-05-17,S5,Apparel,AP-814,sale,-2,0
2024-05-18,S1,Home,HO-907,receipt,34,0
2024-05-18,S1,Apparel,AP-937,count,0,-2
2024-05-18,S1,Home,HO-666,return,3,0
2024-05-18,S1,Apparel,AP-208,count,0,1
2024-05-18,S1,Apparel,AP-784,return,2,0
2024-05-18,S1,Apparel,AP-676,sale,-1,0
2024-05-18,S1,Grocery,GR-554,sale,-1,0
2024-05-18,S1,Apparel,AP-781,sale,-4,0
2024-05-18,S2,Grocery,GR-293,receipt,36,0
2024-05-18,S2,Apparel,AP-848,sale,-6,0
2024-05-18,S2,Electronics,EL-791,sale,-2,0
2024-05-18,S2,Apparel,AP-960,sale,-2,0
2024-05-18,S2,Apparel,AP-211,sale,-6,0
2024-05-18,S2,Grocery,GR-808,sale,-6,0
2024-05-18,S2,Grocery,GR-103,receipt,54,0
2024-05-18,S2,Grocery,GR-134,sale,-6,0
2024-05-18,S2,Home,HO-391,sale,-4,0
2024-05-18,S2,Apparel,AP-424,sale,-5,0
2024-05-18,S2,Apparel,AP-502,sale,-1,0
2024-05-18,S2,Home,HO-438,sale,-5,0
2024-05-18,S2,Grocery,GR-549,return,3,0
2024-05-18,S2,Electronics,EL-800,receipt,46,0
2024-05-18,S3,Apparel,AP-278,receipt,47,0
2024-05-18,S3,Electronics,EL-975,sale,-3,0
2024-05-18,S3,Electronics,EL-919,count,0,-3
2024-05-18,S3,Electronics,EL-484,count,0,-4
2024-05-18,S3,Home,HO-690,sale,-2,0
2024-05-18,S3,Grocery,GR-862,count,0,1
2024-05-18,S3,Electronics,EL-568,sale,-1,0
2024-05-18,S3,Electronics,EL-984,return,1,0
2024-05-18,S3,Electronics,EL-684,receipt,16,0
2024-05-18,S4,Grocery,GR-502,receipt,24,0
2024-05-18,S4,Home,HO-492,sale,-3,0
2024-05-18,S4,Grocery,GR-473,sale,-1,0
2024-05-18,S4,Grocery,GR-557,return,1,0
2024-05-18,S4,Electronics,EL-188,sale,-5,0
2024-05-18,S4,Grocery,GR-124,sale,-6,0
2024-05-18,S4,Apparel,AP-947,count,0,2
2024-05-18,S4,Home,HO-920,sale,-1,0
2024-05-18,S4,Apparel,AP-759,sale,-3,0
2024-05-18,S4,Home,HO-584,return,1,0
2024-05-18,S4,Electronics,EL-646,return,1,0
2024-05-18,S4,Electronics,EL-578,count,0,1
2024-05-18,S4,Apparel,AP-196,sale,-6,0
2024-05-18,S5,Grocery,GR-538,count,0,1
2024-05-18,S5,Home,HO-781,count,0,-1
2024-05-18,S5,Apparel,AP-798,receipt,34,0
2024-05-18,S5,Apparel,AP-124,sale,-1,0
2024-05-18,S5,Apparel,AP-863,sale,-5,0
2024-05-18,S5,Electronics,EL-466,sale,-1,0
2024-05-18,S5,Apparel,AP-360,sale,-3,0
2024-05-18,S5,Apparel,AP-786,sale,-3,0
2024-05-18,S5,Electronics,EL-156,count,0,2
2024-05-19,S1,Electronics,EL-494,sale,-2,0
2024-05-19,S1,Home,HO-449,sale,-4,0
2024-05-19,S1,Electronics,EL-538,receipt,14,0
2024-05-19,S1,Apparel,AP-279,sale,-3,0
2024-05-19,S1,Grocery,GR-364,receipt,59,0
2024-05-19,S1,Electronics,EL-134,sale,-4,0
2024-05-19,S1,Grocery,GR-928,receipt,36,0
2024-05-19,S1,Apparel,AP-247,count,0,2
2024-05-19,S1,Electronics,EL-585,sale,-3,0
2024-05-19,S1,Grocery,GR-332,sale,-3,0
2024-05-19,S1,Grocery,GR-953,sale,-1,0
2024-05-19,S1,Apparel,AP-980,sale,-6,0
2024-05-19,S1,Grocery,GR-690,sale,-2,0
2024-05-19,S1,Apparel,AP-154,sale,-2,0
2024-05-19,S1,Electronics,EL-567,sale,-3,0
2024-05-19,S2,Apparel,AP-921,return,1,0
2024-05-19,S2,Grocery,GR-415,sale,-6,0
2024-05-19,S2,Electronics,EL-538,sale,-2,0
2024-05-19,S2,Grocery,GR-402,sale,-5,0
2024-05-19,S2,Apparel,AP-264,receipt,20,0
2024-05-19,S2,Electronics,EL-842,sale,-1,0
2024-05-19,S2,Electronics,EL-274,receipt,20,0
2024-05-19,S2,Electronics,EL-574,receipt,18,0
2024-05-19,S2,Grocery,GR-613,count,0,1
2024-05-19,S2,Electronics,EL-553,receipt,49,0
2024-05-19,S2,Grocery,GR-583,sale,-6,0
2024-05-19,S2,Electronics,EL-455,return,3,0
2024-05-19,S2,Apparel,AP-214,sale,-4,0
2024-05-19,S3,Home,HO-450,sale,-6,0
2024-05-19,S3,Home,HO-433,sale,-1,0
2024-05-19,S3,Apparel,AP-432,receipt,57,0
2024-05-19,S3,Electronics,EL-746,return,2,0
2024-05-19,S3,Grocery,GR-371,sale,-2,0
2024-05-19,S3,Home,HO-575,sale,-2,0
2024-05-19,S3,Apparel,AP-426,sale,-2,0
2024-05-19,S3,Grocery,GR-383,receipt,41,0
2024-05-19,S4,Electronics,EL-763,count,0,0
2024-05-19,S4,Electronics,EL-963,sale,-2,0
2024-05-19,S4,Home,HO-930,return,3,0
2024-05-19,S4,Home,HO-648,sale,-1,0
2024-05-19,S4,Apparel,AP-722,sale,-1,0
2024-05-19,S4,Home,HO-344,sale,-1,0
2024-05-19,S4,Apparel,AP-604,return,3,0
2024-05-19,S4,Grocery,GR-183,sale,-6,0
2024-05-19,S4,Grocery,GR-363,receipt,27,0
2024-05-19,S4,Grocery,GR-532,sale,-3,0
2024-05-19,S4,Electronics,EL-671,sale,-6,0
2024-05-19,S4,Apparel,AP-554,return,3,0
2024-05-19,S4,Apparel,AP-890,sale,-6,0
2024-05-19,S4,Electronics,EL-199,sale,-3,0
2024-05-19,S4,Grocery,GR-300,sale,-5,0
2024-05-19,S5,Grocery,GR-343,count,0,-2
2024-05-19,S5,Home,HO-815,receipt,59,0
2024-05-19,S5,Apparel,AP-122,sale,-2,0
2024-05-19,S5,Home,HO-707,receipt,34,0
2024-05-19,S5,Electronics,EL-958,return,1,0
2024-05-19,S5,Apparel,AP-331,return,1,0
2024-05-19,S5,Grocery,GR-719,sale,-1,0
2024-05-19,S5,Grocery,GR-712,return,2,0
2024-05-19,S5,Electronics,EL-319,sale,-5,0
2024-05-19,S5,Grocery,GR-628,receipt,36,0
2024-05-19,S5,Electronics,EL-236,sale,-3,0
2024-05-20,S1,Apparel,AP-793,sale,-2,0
2024-05-20,S1,Electronics,EL-915,sale,-2,0
2024-05-20,S1,Electronics,EL-114,sale,-4,0
2024-05-20,S1,Apparel,AP-897,sale,-4,0
2024-05-20,S1,Grocery,GR-639,sale,-5,0
2024-05-20,S1,Apparel,AP-459,sale,-6,0
2024-05-20,S1,Home,HO-688,return,1,0
2024-05-20,S1,Electronics,EL-234,sale,-4,0
2024-05-20,S1,Electronics,EL-233,sale,-3,0
2024-05-20,S1,Grocery,GR-930,sale,-3,0
2024-05-20,S1,Home,HO-741,sale,-5,0
2024-05-20,S2,Electronics,EL-760,receipt,26,0
2024-05-20,S2,Apparel,AP-479,return,3,0
2024-05-20,S2,Electronics,EL-458,receipt,50,0
2024-05-20,S2,Electronics,EL-508,receipt,60,0
2024-05-20,S2,Grocery,GR-239,return,1,0
2024-05-20,S2,Grocery,GR-578,receipt,12,0
2024-05-20,S2,Home,HO-593,receipt,36,0
2024-05-20,S2,Home,HO-767,sale,-5,0
2024-05-20,S2,Grocery,GR-710,sale,-5,0
2024-05-20,S2,Grocery,GR-200,sale,-1,0
2024-05-20,S3,Apparel,AP-651,sale,-6,0
2024-05-20,S3,Apparel,AP-592,return,3,0
2024-05-20,S3,Electronics,EL-613,count,0,-5
2024-05-20,S3,Grocery,GR-952,receipt,55,0
2024-05-20,S3,Home,HO-261,return,1,0
2024-05-20,S3,Grocery,GR-189,sale,-2,0
2024-05-20,S3,Grocery,GR-559,receipt,47,0
2024-05-20,S3,Apparel,AP-521,count,0,2
2024-05-20,S3,Grocery,GR-490,return,2,0
2024-05-20,S3,Home,HO-399,sale,-4,0
2024-05-20,S3,Electronics,EL-802,sale,-6,0
2024-05-20,S3,Apparel,AP-981,count,0,2
2024-05-20,S3,Apparel,AP-168,sale,-4,0
2024-05-20,S3,Electronics,EL-971,sale,-2,0
2024-05-20,S4,Grocery,GR-742,count,0,2
2024-05-20,S4,Grocery,GR-165,count,0,2
2024-05-20,S4,Grocery,GR-817,receipt,33,0
2024-05-20,S4,Home,HO-449,sale,-1,0
2024-05-20,S4,Apparel,AP-146,receipt,40,0
2024-05-20,S4,Electronics,EL-672,sale,-1,0
2024-05-20,S4,Apparel,AP-551,sale,-2,0
2024-05-20,S4,Home,HO-564,return,2,0
2024-05-20,S4,Home,HO-664,count,0,2
2024-05-20,S4,Apparel,AP-764,receipt,54,0
2024-05-20,S4,Apparel,AP-822,sale,-4,0
2024-05-20,S4,Electronics,EL-440,sale,-4,0
2024-05-20,S4,Apparel,AP-156,count,0,-1
2024-05-20,S4,Electronics,EL-587,return,1,0
2024-05-20,S4,Grocery,GR-256,count,0,-1
2024-05-20,S4,Apparel,AP-409,sale,-6,0
2024-05-20,S5,Home,HO-597,sale,-1,0
2024-05-20,S5,Apparel,AP-465,sale,-2,0
2024-05-20,S5,Apparel,AP-559,count,0,-1
2024-05-20,S5,Home,HO-812,receipt,31,0
2024-05-20,S5,Apparel,AP-162,sale,-3,0
2024-05-20,S5,Home,HO-219,sale,-1,0
2024-05-20,S5,Home,HO-642,receipt,25,0
2024-05-20,S5,Home,HO-317,sale,-4,0
2024-05-20,S5,Apparel,AP-629,sale,-1,0
2024-05-20,S5,Home,HO-154,count,0,0
2024-05-21,S1,Home,HO-355,sale,-6,0
2024-05-21,S1,Apparel,AP-212,sale,-5,0
2024-05-21,S1,Grocery,GR-344,receipt,25,0
2024-05-21,S1,Home,HO-148,sale,-6,0
2024-05-21,S1,Apparel,AP-501,sale,-4,0
2024-05-21,S1,Apparel,AP-377,return,2,0
2024-05-21,S1,Grocery,GR-121,count,0,1
2024-05-21,S1,Home,HO-437,receipt,52,0
2024-05-21,S1,Apparel,AP-751,receipt,17,0
2024-05-21,S1,Apparel,AP-854,sale,-6,0
2024-05-21,S1,Apparel,AP-929,sale,-2,0
2024-05-21,S1,Grocery,GR-726,sale,-6,0
2024-05-21,S1,Home,HO-647,sale,-2,0
2024-05-21,S2,Apparel,AP-525,receipt,34,0
2024-05-21,S2,Apparel,AP-140,sale,-2,0
2024-05-21,S2,Grocery,GR-324,return,1,0
2024-05-21,S2,Apparel,AP-422,count,0,2
2024-05-21,S2,Electronics,EL-423,sale,-6,0
2024-05-21,S2,Electronics,EL-912,return,3,0
2024-05-21,S2,Apparel,AP-506,count,0,1
2024-05-21,S2,Home,HO-672,return,3,0
2024-05-21,S2,Home,HO-183,sale,-5,0
2024-05-21,S2,Home,HO-364,sale,-3,0
2024-05-21,S2,Home,HO-217,return,1,0
2024-05-21,S2,Apparel,AP-354,count,0,0
2024-05-21,S3,Grocery,GR-295,sale,-4,0
2024-05-21,S3,Apparel,AP-509,count,0,-2
2024-05-21,S3,Apparel,AP-868,return,1,0
2024-05-21,S3,Grocery,GR-462,return,2,0
2024-05-21,S3,Home,HO-846,sale,-4,0
2024-05-21,S3,Electronics,EL-169,return,3,0
2024-05-21,S3,Home,HO-791,count,0,0
2024-05-21,S3,Grocery,GR-872,count,0,-1
2024-05-21,S3,Grocery,GR-945,sale,-1,0
2024-05-21,S3,Apparel,AP-900,sale,-6,0
2024-05-21,S3,Grocery,GR-843,sale,-1,0
2024-05-21,S3,Grocery,GR-604,sale,-2,0
2024-05-21,S4,Home,HO-356,return,1,0
2024-05-21,S4,Electronics,EL-299,receipt,24,0
2024-05-21,S4,Home,HO-537,return,2,0
2024-05-21,S4,Electronics,EL-387,sale,-4,0
2024-05-21,S4,Apparel,AP-494,sale,-4,0
2024-05-21,S4,Grocery,GR-126,count,0,1
2024-05-21,S4,Home,HO-359,receipt,11,0
2024-05-21,S4,Grocery,GR-234,sale,-6,0
2024-05-21,S5,Home,HO-355,return,1,0
2024-05-21,S5,Electronics,EL-488,sale,-1,0
2024-05-21,S5,Grocery,GR-394,count,0,1
2024-05-21,S5,Home,HO-436,sale,-5,0
2024-05-21,S5,Home,HO-298,sale,-2,0
2024-05-21,S5,Grocery,GR-693,receipt,46,0
2024-05-21,S5,Home,HO-796,sale,-5,0
2024-05-21,S5,Home,HO-698,sale,-2,0
2024-05-21,S5,Grocery,GR-391,sale,-4,0
2024-05-21,S5,Electronics,EL-540,sale,-2,0
2024-05-21,S5,Home,HO-612,sale,-6,0
2024-05-21,S5,Home,HO-946,return,2,0
2024-05-21,S5,Grocery,GR-301,receipt,30,0
2024-05-21,S5,Apparel,AP-411,sale,-4,0
2024-05-21,S5,Electronics,EL-531,sale,-4,0
2024-05-21,S5,Home,HO-257,receipt,34,0
2024-05-22,S1,Apparel,AP-454,receipt,24,0
2024-05-22,S1,Electronics,EL-261,sale,-3,0
2024-05-22,S1,Electronics,EL-210,sale,-3,0
2024-05-22,S1,Home,HO-977,sale,-1,0
2024-05-22,S1,Electronics,EL-526,sale,-3,0
2024-05-22,S1,Apparel,AP-360,return,3,0
2024-05-22,S1,Grocery,GR-933,receipt,21,0
2024-05-22,S1,Apparel,AP-873,sale,-5,0
2024-05-22,S2,Grocery,GR-922,count,0,0
2024-05-22,S2,Electronics,EL-231,sale,-1,0
2024-05-22,S2,Apparel,AP-314,receipt,45,0
2024-05-22,S2,Grocery,GR-190,sale,-4,0
2024-05-22,S2,Home,HO-271,sale,-3,0
2024-05-22,S2,Home,HO-190,count,0,-2
2024-05-22,S2,Home,HO-790,receipt,22,0
2024-05-22,S2,Apparel,AP-800,sale,-5,0
2024-05-22,S3,Home,HO-669,return,2,0
2024-05-22,S3,Electronics,EL-829,count,0,-4
2024-05-22,S3,Grocery,GR-590,receipt,20,0
2024-05-22,S3,Grocery,GR-219,return,2,0
2024-05-22,S3,Apparel,AP-234,return,2,0
2024-05-22,S3,Grocery,GR-228,sale,-1,0
2024-05-22,S3,Home,HO-111,receipt,20,0
2024-05-22,S3,Grocery,GR-142,sale,-1,0
2024-05-22,S3,Grocery,GR-488,count,0,0
2024-05-22,S3,Home,HO-392,receipt,52,0
2024-05-22,S3,Home,HO-839,sale,-1,0
2024-05-22,S4,Grocery,GR-900,sale,-3,0
2024-05-22,S4,Home,HO-868,sale,-4,0
2024-05-22,S4,Grocery,GR-749,return,3,0
2024-05-22,S4,Home,HO-466,receipt,31,0
2024-05-22,S4,Electronics,EL-792,receipt,39,0
2024-05-22,S4,Apparel,AP-907,return,2,0
2024-05-22,S4,Apparel,AP-356,receipt,28,0
2024-05-22,S4,Electronics,EL-270,sale,-3,0
2024-05-22,S4,Home,HO-685,receipt,18,0
2024-05-22,S4,Home,HO-974,return,1,0
2024-05-22,S4,Grocery,GR-686,return,1,0
2024-05-22,S4,Home,HO-147,sale,-5,0
2024-05-22,S5,Home,HO-939,sale,-2,0
2024-05-22,S5,Home,HO-203,return,1,0
2024-05-22,S5,Apparel,AP-876,sale,-2,0
2024-05-22,S5,Electronics,EL-349,receipt,44,0
2024-05-22,S5,Electronics,EL-679,receipt,45,0
2024-05-22,S5,Apparel,AP-930,count,0,2
2024-05-22,S5,Grocery,GR-432,sale,-6,0
2024-05-22,S5,Electronics,EL-764,sale,-5,0
2024-05-22,S5,Grocery,GR-793,count,0,0
2024-05-22,S5,Electronics,EL-937,sale,-3,0
2024-05-22,S5,Apparel,AP-610,sale,-5,0
2024-05-22,S5,Grocery,GR-991,return,2,0
2024-05-22,S5,Apparel,AP-220,sale,-6,0
2024-05-22,S5,Grocery,GR-790,count,0,2
2024-05-22,S5,Apparel,AP-531,sale,-1,0
2024-05-23,S1,Apparel,AP-295,sale,-6,0
2024-05-23,S1,Grocery,GR-975,return,2,0
2024-05-23,S1,Electronics,EL-676,sale,-2,0
2024-05-23,S1,Home,HO-820,count,0,1
2024-05-23,S1,Electronics,EL-826,count,0,0
2024-05-23,S1,Home,HO-994,sale,-1,0
2024-05-23,S1,Grocery,GR-692,sale,-5,0
2024-05-23,S1,Home,HO-546,sale,-1,0
2024-05-23,S1,Grocery,GR-425,count,0,1
2024-05-23,S1,Electronics,EL-549,sale,-4,0
2024-05-23,S1,Grocery,GR-667,count,0,-1
2024-05-23,S1,Apparel,AP-593,sale,-2,0
2024-05-23,S1,Apparel,AP-188,sale,-2,0
2024-05-23,S1,Home,HO-723,sale,-4,0
2024-05-23,S1,Electronics,EL-779,count,0,-1
2024-05-23,S2,Home,HO-844,count,0,1
2024-05-23,S2,Home,HO-648,sale,-3,0
2024-05-23,S2,Home,HO-457,count,0,-1
2024-05-23,S2,Home,HO-608,sale,-3,0
2024-05-23,S2,Home,HO-766,sale,-6,0
2024-05-23,S2,Grocery,GR-520,receipt,17,0
2024-05-23,S2,Apparel,AP-916,sale,-1,0
2024-05-23,S2,Electronics,EL-704,sale,-4,0
2024-05-23,S2,Home,HO-187,sale,-1,0
2024-05-23,S2,Home,HO-597,receipt,22,0
2024-05-23,S2,Electronics,EL-639,receipt,60,0
2024-05-23,S2,Grocery,GR-181,sale,-1,0
2024-05-23,S3,Electronics,EL-116,count,0,-5
2024-05-23,S3,Electronics,EL-641,sale,-3,0
2024-05-23,S3,Electronics,EL-914,sale,-2,0
2024-05-23,S3,Grocery,GR-859,sale,-6,0
2024-05-23,S3,Grocery,GR-490,sale,-4,0
2024-05-23,S3,Electronics,EL-357,receipt,54,0
2024-05-23,S3,Home,HO-518,count,0,2
2024-05-23,S3,Apparel,AP-933,return,1,0
2024-05-23,S3,Grocery,GR-963,count,0,1
2024-05-23,S4,Electronics,EL-595,return,2,0
2024-05-23,S4,Electronics,EL-179,sale,-2,0
2024-05-23,S4,Grocery,GR-830,sale,-1,0
2024-05-23,S4,Electronics,EL-602,sale,-6,0
2024-05-23,S4,Home,HO-493,return,3,0
2024-05-23,S4,Grocery,GR-719,sale,-3,0
2024-05-23,S4,Apparel,AP-608,receipt,34,0
2024-05-23,S4,Electronics,EL-184,return,1,0
2024-05-23,S5,Apparel,AP-158,return,3,0
2024-05-23,S5,Electronics,EL-427,sale,-2,0
2024-05-23,S5,Grocery,GR-114,receipt,50,0
2024-05-23,S5,Electronics,EL-696,sale,-1,0
2024-05-23,S5,Grocery,GR-638,sale,-5,0
2024-05-23,S5,Apparel,AP-757,sale,-4,0
2024-05-23,S5,Apparel,AP-714,sale,-5,0
2024-05-23,S5,Apparel,AP-652,sale,-6,0
2024-05-23,S5,Grocery,GR-620,return,2,0
2024-05-23,S5,Electronics,EL-559,sale,-1,0
2024-05-23,S5,Grocery,GR-241,sale,-3,0
2024-05-23,S5,Home,HO-587,sale,-4,0
2024-05-23,S5,Home,HO-802,sale,-6,0
2024-05-23,S5,Apparel,AP-406,sale,-2,0
2024-05-23,S5,Apparel,AP-144,sale,-4,0
2024-05-23,S5,Electronics,EL-509,sale,-1,0
2024-05-24,S1,Home,HO-598,sale,-3,0
2024-05-24,S1,Electronics,EL-563,sale,-4,0
2024-05-24,S1,Electronics,EL-343,count,0,-1
2024-05-24,S1,Electronics,EL-550,sale,-3,0
2024-05-24,S1,Grocery,GR-174,return,2,0
2024-05-24,S1,Home,HO-652,receipt,10,0
2024-05-24,S1,Apparel,AP-514,receipt,47,0
2024-05-24,S1,Apparel,AP-895,sale,-4,0
2024-05-24,S1,Electronics,EL-968,receipt,57,0
2024-05-24,S1,Home,HO-449,receipt,54,0
2024-05-24,S1,Home,HO-374,sale,-3,0
2024-05-24,S1,Grocery,GR-851,sale,-5,0
2024-05-24,S1,Apparel,AP-947,receipt,31,0
2024-05-24,S2,Grocery,GR-525,sale,-5,0
2024-05-24,S2,Home,HO-712,return,1,0
2024-05-24,S2,Grocery,GR-199,count,0,2
2024-05-24,S2,Grocery,GR-116,count,0,-1
2024-05-24,S2,Grocery,GR-860,sale,-2,0
2024-05-24,S2,Home,HO-238,sale,-2,0
2024-05-24,S2,Home,HO-772,sale,-6,0
2024-05-24,S2,Apparel,AP-892,sale,-4,0
2024-05-24,S2,Grocery,GR-827,receipt,23,0
2024-05-24,S2,Grocery,GR-176,return,3,0
2024-05-24,S2,Grocery,GR-418,sale,-2,0
2024-05-24,S2,Grocery,GR-602,sale,-1,0
2024-05-24,S2,Electronics,EL-798,return,3,0
2024-05-24,S2,Grocery,GR-229,sale,-3,0
2024-05-24,S2,Grocery,GR-610,sale,-4,0
2024-05-24,S2,Grocery,GR-253,return,3,0
2024-05-24,S3,Apparel,AP-465,sale,-5,0
2024-05-24,S3,Apparel,AP-624,sale,-2,0
2024-05-24,S3,Electronics,EL-964,receipt,20,0
2024-05-24,S3,Home,HO-824,return,1,0
2024-05-24,S3,Electronics,EL-906,count,0,-6
2024-05-24,S3,Home,HO-958,return,1,0
2024-05-24,S3,Grocery,GR-542,receipt,22,0
2024-05-24,S3,Electronics,EL-840,count,0,-6
2024-05-24,S4,Home,HO-119,count,0,2
2024-05-24,S4,Grocery,GR-739,count,0,-1
2024-05-24,S4,Grocery,GR-426,return,3,0
2024-05-24,S4,Grocery,GR-763,sale,-5,0
2024-05-24,S4,Grocery,GR-510,sale,-3,0
2024-05-24,S4,Grocery,GR-921,return,2,0
2024-05-24,S4,Grocery,GR-257,count,0,1
2024-05-24,S4,Home,HO-173,return,3,0
2024-05-24,S4,Home,HO-977,sale,-3,0
2024-05-24,S4,Electronics,EL-813,sale,-4,0
2024-05-24,S4,Electronics,EL-514,count,0,-1
2024-05-24,S4,Home,HO-799,return,2,0
2024-05-24,S5,Electronics,EL-859,receipt,24,0
2024-05-24,S5,Home,HO-281,count,0,1
2024-05-24,S5,Grocery,GR-776,receipt,25,0
2024-05-24,S5,Grocery,GR-685,count,0,0
2024-05-24,S5,Home,HO-421,return,1,0
2024-05-24,S5,Apparel,AP-379,sale,-2,0
2024-05-24,S5,Home,HO-243,receipt,12,0
2024-05-24,S5,Grocery,GR-257,sale,-3,0
2024-05-24,S5,Grocery,GR-771,sale,-6,0
2024-05-24,S5,Apparel,AP-186,sale,-6,0
2024-05-25,S1,Electronics,EL-722,receipt,40,0
2024-05-25,S1,Electronics,EL-904,sale,-3,0
2024-05-25,S1,Grocery,GR-930,sale,-1,0
2024-05-25,S1,Apparel,AP-954,sale,-3,0
2024-05-25,S1,Apparel,AP-573,return,3,0
2024-05-25,S1,Electronics,EL-323,count,0,1
2024-05-25,S1,Grocery,GR-610,sale,-1,0
2024-05-25,S1,Electronics,EL-628,sale,-5,0
2024-05-25,S1,Electronics,EL-925,sale,-6,0
2024-05-25,S1,Electronics,EL-923,receipt,16,0
2024-05-25,S1,Home,HO-906,sale,-1,0
2024-05-25,S2,Grocery,GR-497,receipt,16,0
2024-05-25,S2,Electronics,EL-196,return,3,0
2024-05-25,S2,Electronics,EL-866,sale,-5,0
2024-05-25,S2,Apparel,AP-952,count,0,2
2024-05-25,S2,Grocery,GR-926,sale,-2,0
2024-05-25,S2,Home,HO-893,sale,-1,0
2024-05-25,S2,Electronics,EL-596,return,1,0
2024-05-25,S2,Apparel,AP-476,count,0,-2
2024-05-25,S2,Grocery,GR-899,sale,-6,0
2024-05-25,S2,Electronics,EL-432,sale,-5,0
2024-05-25,S2,Apparel,AP-635,sale,-4,0
2024-05-25,S2,Grocery,GR-716,receipt,21,0
2024-05-25,S2,Grocery,GR-750,sale,-1,0
2024-05-25,S2,Apparel,AP-860,sale,-4,0
2024-05-25,S2,Electronics,EL-222,sale,-1,0
2024-05-25,S2,Grocery,GR-833,receipt,35,0
2024-05-25,S3,Electronics,EL-636,receipt,35,0
2024-05-25,S3,Grocery,GR-344,return,2,0
2024-05-25,S3,Electronics,EL-993,sale,-5,0
2024-05-25,S3,Electronics,EL-510,count,0,-6
2024-05-25,S3,Electronics,EL-239,receipt,32,0
2024-05-25,S3,Electronics,EL-869,sale,-1,0
2024-05-25,S3,Grocery,GR-792,sale,-5,0
2024-05-25,S3,Electronics,EL-157,return,3,0
2024-05-25,S3,Grocery,GR-380,sale,-2,0
2024-05-25,S4,Grocery,GR-240,sale,-5,0
2024-05-25,S4,Electronics,EL-809,return,1,0
2024-05-25,S4,Home,HO-116,sale,-2,0
2024-05-25,S4,Grocery,GR-175,sale,-4,0
2024-05-25,S4,Electronics,EL-939,sale,-3,0
2024-05-25,S4,Home,HO-630,sale,-2,0
2024-05-25,S4,Electronics,EL-834,return,2,0
2024-05-25,S4,Electronics,EL-220,sale,-3,0
2024-05-25,S4,Apparel,AP-610,return,3,0
2024-05-25,S4,Apparel,AP-676,sale,-6,0
2024-05-25,S4,Home,HO-550,sale,-5,0
2024-05-25,S4,Electronics,EL-294,sale,-3,0
2024-05-25,S4,Grocery,GR-629,sale,-4,0
2024-05-25,S4,Home,HO-149,return,3,0
2024-05-25,S5,Electronics,EL-923,return,2,0
2024-05-25,S5,Grocery,GR-953,sale,-1,0
2024-05-25,S5,Electronics,EL-199,count,0,0
2024-05-25,S5,Apparel,AP-738,sale,-5,0
2024-05-25,S5,Apparel,AP-520,return,1,0
2024-05-25,S5,Home,HO-683,sale,-1,0
2024-05-25,S5,Home,HO-533,return,3,0
2024-05-25,S5,Electronics,EL-440,sale,-4,0
2024-05-26,S1,Apparel,AP-902,return,3,0
2024-05-26,S1,Electronics,EL-688,count,0,-1
2024-05-26,S1,Home,HO-579,receipt,31,0
2024-05-26,S1,Electronics,EL-920,sale,-5,0
2024-05-26,S1,Grocery,GR-897,count,0,0
2024-05-26,S1,Grocery,GR-887,sale,-2,0
2024-05-26,S1,Electronics,EL-214,sale,-3,0
2024-05-26,S1,Home,HO-839,return,2,0
2024-05-26,S1,Electronics,EL-753,sale,-6,0
2024-05-26,S1,Apparel,AP-643,count,0,0
2024-05-26,S1,Electronics,EL-849,sale,-5,0
2024-05-26,S2,Electronics,EL-853,count,0,2
2024-05-26,S2,Grocery,GR-813,sale,-6,0
2024-05-26,S2,Electronics,EL-395,sale,-6,0
2024-05-26,S2,Home,HO-981,count,0,-2
2024-05-26,S2,Grocery,GR-791,count,0,-1
2024-05-26,S2,Home,HO-894,sale,-5,0
2024-05-26,S2,Grocery,GR-815,sale,-1,0
2024-05-26,S2,Apparel,AP-738,sale,-5,0
2024-05-26,S2,Home,HO-533,sale,-5,0
2024-05-26,S2,Grocery,GR-455,sale,-5,0
2024-05-26,S2,Electronics,EL-496,sale,-3,0
2024-05-26,S2,Grocery,GR-986,return,1,0
2024-05-26,S3,Electronics,EL-282,return,3,0
2024-05-26,S3,Electronics,EL-364,sale,-1,0
2024-05-26,S3,Electronics,EL-333,count,0,-6
2024-05-26,S3,Home,HO-194,sale,-5,0
2024-05-26,S3,Home,HO-195,count,0,-1
2024-05-26,S3,Home,HO-746,count,0,-2
2024-05-26,S3,Home,HO-437,receipt,23,0
2024-05-26,S3,Apparel,AP-770,sale,-5,0
2024-05-26,S3,Grocery,GR-151,sale,-5,0
2024-05-26,S3,Apparel,AP-563,sale,-3,0
2024-05-26,S3,Grocery,GR-152,return,2,0
2024-05-26,S4,Home,HO-697,return,1,0
2024-05-26,S4,Apparel,AP-196,return,1,0
2024-05-26,S4,Apparel,AP-974,return,2,0
2024-05-26,S4,Home,HO-857,count,0,0
2024-05-26,S4,Grocery,GR-203,receipt,43,0
2024-05-26,S4,Home,HO-609,receipt,56,0
2024-05-26,S4,Home,HO-250,receipt,41,0
2024-05-26,S4,Home,HO-644,sale,-1,0
2024-05-26,S4,Apparel,AP-300,count,0,2
2024-05-26,S4,Home,HO-383,sale,-3,0
2024-05-26,S4,Grocery,GR-997,sale,-4,0
2024-05-26,S5,Apparel,AP-553,sale,-1,0
2024-05-26,S5,Grocery,GR-329,count,0,1
2024-05-26,S5,Home,HO-639,sale,-5,0
2024-05-26,S5,Grocery,GR-799,receipt,34,0
2024-05-26,S5,Grocery,GR-416,count,0,2
2024-05-26,S5,Grocery,GR-474,sale,-4,0
2024-05-26,S5,Home,HO-235,sale,-3,0
2024-05-26,S5,Electronics,EL-441,count,0,0
2024-05-26,S5,Home,HO-123,return,1,0
2024-05-27,S1,Home,HO-660,count,0,0
2024-05-27,S1,Apparel,AP-435,return,1,0
2024-05-27,S1,Grocery,GR-471,return,3,0
2024-05-27,S1,Electronics,EL-466,receipt,10,0
2024-05-27,S1,Electronics,EL-616,count,0,0
2024-05-27,S1,Grocery,GR-628,count,0,1
2024-05-27,S1,Home,HO-652,receipt,12,0
2024-05-27,S1,Home,HO-162,sale,-4,0
2024-05-27,S1,Apparel,AP-926,return,1,0
2024-05-27,S1,Home,HO-635,sale,-6,0
2024-05-27,S1,Electronics,EL-885,sale,-6,0
2024-05-27,S1,Grocery,GR-341,sale,-6,0
2024-05-27,S1,Home,HO-812,receipt,41,0
2024-05-27,S1,Home,HO-228,sale,-5,0
2024-05-27,S1,Home,HO-695,sale,-5,0
2024-05-27,S1,Electronics,EL-661,sale,-6,0
2024-05-27,S2,Grocery,GR-898,sale,-5,0
2024-05-27,S2,Apparel,AP-330,sale,-5,0
2024-05-27,S2,Home,HO-307,sale,-5,0
2024-05-27,S2,Grocery,GR-644,return,3,0
2024-05-27,S2,Home,HO-191,sale,-3,0
2024-05-27,S2,Home,HO-170,sale,-1,0
2024-05-27,S2,Electronics,EL-794,sale,-6,0
2024-05-27,S2,Grocery,GR-641,sale,-4,0
2024-05-27,S2,Grocery,GR-363,sale,-3,0
2024-05-27,S2,Electronics,EL-852,sale,-6,0
2024-05-27,S2,Electronics,EL-595,receipt,58,0
2024-05-27,S2,Electronics,EL-786,receipt,25,0
2024-05-27,S2,Home,HO-885,receipt,28,0
2024-05-27,S2,Apparel,AP-837,return,1,0
2024-05-27,S2,Grocery,GR-284,return,1,0
2024-05-27,S3,Electronics,EL-594,return,2,0
2024-05-27,S3,Electronics,EL-284,sale,-6,0
2024-05-27,S3,Electronics,EL-745,receipt,18,0
2024-05-27,S3,Apparel,AP-672,count,0,1
2024-05-27,S3,Apparel,AP-828,sale,-5,0
2024-05-27,S3,Grocery,GR-130,count,0,-1
2024-05-27,S3,Home,HO-131,sale,-3,0
2024-05-27,S3,Home,HO-294,sale,-1,0
2024-05-27,S3,Electronics,EL-886,receipt,43,0
2024-05-27,S3,Electronics,EL-906,count,0,-6
2024-05-27,S3,Apparel,AP-898,sale,-5,0
2024-05-27,S3,Apparel,AP-543,return,2,0
2024-05-27,S3,Apparel,AP-744,count,0,-1
2024-05-27,S3,Electronics,EL-557,return,2,0
2024-05-27,S3,Grocery,GR-778,sale,-3,0
2024-05-27,S3,Apparel,AP-899,count,0,2
2024-05-27,S4,Apparel,AP-526,sale,-2,0
2024-05-27,S4,Apparel,AP-623,sale,-6,0
2024-05-27,S4,Home,HO-436,sale,-5,0
2024-05-27,S4,Electronics,EL-350,return,2,0
2024-05-27,S4,Electronics,EL-215,sale,-6,0
2024-05-27,S4,Apparel,AP-816,count,0,-1
2024-05-27,S4,Grocery,GR-745,receipt,52,0
2024-05-27,S4,Home,HO-891,return,2,0
2024-05-27,S4,Grocery,GR-197,sale,-4,0
2024-05-27,S4,Apparel,AP-747,receipt,33,0
2024-05-27,S4,Electronics,EL-889,sale,-5,0
2024-05-27,S4,Grocery,GR-304,sale,-4,0
2024-05-27,S4,Electronics,EL-674,receipt,54,0
2024-05-27,S4,Apparel,AP-213,sale,-4,0
2024-05-27,S4,Apparel,AP-360,return,3,0
2024-05-27,S4,Apparel,AP-860,sale,-1,0
2024-05-27,S5,Apparel,AP-854,count,0,-2
2024-05-27,S5,Home,HO-898,receipt,22,0
2024-05-27,S5,Electronics,EL-288,sale,-3,0
2024-05-27,S5,Apparel,AP-529,receipt,15,0
2024-05-27,S5,Home,HO-640,receipt,44,0
2024-05-27,S5,Electronics,EL-982,receipt,37,0
2024-05-27,S5,Home,HO-142,return,2,0
2024-05-27,S5,Electronics,EL-650,receipt,13,0
2024-05-27,S5,Home,HO-807,sale,-3,0
2024-05-27,S5,Apparel,AP-540,return,2,0
2024-05-27,S5,Electronics,EL-827,sale,-5,0
2024-05-28,S1,Electronics,EL-441,sale,-5,0
2024-05-28,S1,Electronics,EL-111,sale,-6,0
2024-05-28,S1,Grocery,GR-468,count,0,-2
2024-05-28,S1,Apparel,AP-124,sale,-5,0
2024-05-28,S1,Electronics,EL-814,sale,-1,0
2024-05-28,S1,Grocery,GR-451,sale,-1,0
2024-05-28,S1,Electronics,EL-352,sale,-6,0
2024-05-28,S1,Home,HO-962,return,3,0
2024-05-28,S1,Apparel,AP-191,return,3,0
2024-05-28,S1,Grocery,GR-628,return,3,0
2024-05-28,S1,Grocery,GR-623,sale,-4,0
2024-05-28,S1,Electronics,EL-228,sale,-4,0
2024-05-28,S1,Grocery,GR-147,return,2,0
2024-05-28,S1,Home,HO-840,sale,-5,0
2024-05-28,S1,Grocery,GR-173,return,3,0
2024-05-28,S2,Home,HO-815,return,3,0
2024-05-28,S2,Electronics,EL-473,receipt,10,0
2024-05-28,S2,Home,HO-491,count,0,-2
2024-05-28,S2,Apparel,AP-606,return,3,0
2024-05-28,S2,Apparel,AP-786,return,1,0
2024-05-28,S2,Electronics,EL-630,sale,-2,0
2024-05-28,S2,Home,HO-491,sale,-5,0
2024-05-28,S2,Home,HO-410,sale,-3,0
2024-05-28,S2,Apparel,AP-356,receipt,36,0
2024-05-28,S2,Electronics,EL-102,sale,-3,0
2024-05-28,S2,Grocery,GR-893,sale,-1,0
2024-05-28,S3,Apparel,AP-879,sale,-3,0
2024-05-28,S3,Grocery,GR-716,sale,-1,0
2024-05-28,S3,Electronics,EL-167,sale,-3,0
2024-05-28,S3,Apparel,AP-945,return,1,0
2024-05-28,S3,Electronics,EL-805,sale,-5,0
2024-05-28,S3,Electronics,EL-272,count,0,-4
2024-05-28,S3,Electronics,EL-430,receipt,37,0
2024-05-28,S3,Grocery,GR-756,count,0,1
2024-05-28,S3,Grocery,GR-727,sale,-5,0
2024-05-28,S3,Electronics,EL-175,count,0,-4
2024-05-28,S3,Apparel,AP-681,sale,-6,0
2024-05-28,S3,Electronics,EL-781,receipt,53,0
2024-05-28,S4,Grocery,GR-485,return,2,0
2024-05-28,S4,Apparel,AP-794,receipt,37,0
2024-05-28,S4,Home,HO-901,return,1,0
2024-05-28,S4,Grocery,GR-382,sale,-2,0
2024-05-28,S4,Electronics,EL-574,count,0,0
2024-05-28,S4,Electronics,EL-337,count,0,2
2024-05-28,S4,Grocery,GR-178,return,2,0
2024-05-28,S4,Electronics,EL-927,receipt,15,0
2024-05-28,S4,Apparel,AP-452,return,1,0
2024-05-28,S4,Apparel,AP-254,sale,-6,0
2024-05-28,S4,Grocery,GR-681,sale,-6,0
2024-05-28,S4,Electronics,EL-645,receipt,48,0
2024-05-28,S4,Home,HO-840,count,0,-1
2024-05-28,S4,Apparel,AP-692,receipt,34,0
2024-05-28,S4,Apparel,AP-187,sale,-6,0
2024-05-28,S4,Apparel,AP-853,sale,-5,0
2024-05-28,S5,Grocery,GR-754,sale,-3,0
2024-05-28,S5,Home,HO-418,sale,-1,0
2024-05-28,S5,Grocery,GR-723,sale,-5,0
2024-05-28,S5,Apparel,AP-569,count,0,1
2024-05-28,S5,Electronics,EL-412,count,0,-1
2024-05-28,S5,Grocery,GR-388,return,2,0
2024-05-28,S5,Grocery,GR-814,sale,-4,0
2024-05-28,S5,Grocery,GR-828,sale,-1,0
2024-05-28,S5,Electronics,EL-214,count,0,1
2024-05-28,S5,Home,HO-643,sale,-2,0
2024-05-28,S5,Electronics,EL-110,sale,-5,0
2024-05-29,S1,Apparel,AP-674,sale,-4,0
2024-05-29,S1,Apparel,AP-852,return,1,0
2024-05-29,S1,Grocery,GR-178,count,0,1
2024-05-29,S1,Apparel,AP-182,sale,-2,0
2024-05-29,S1,Grocery,GR-501,sale,-4,0
2024-05-29,S1,Electronics,EL-943,receipt,29,0
2024-05-29,S1,Electronics,EL-190,return,3,0
2024-05-29,S1,Home,HO-145,sale,-5,0
2024-05-29,S1,Home,HO-869,return,2,0
2024-05-29,S1,Electronics,EL-959,count,0,-2
2024-05-29,S1,Grocery,GR-480,return,1,0
2024-05-29,S1,Electronics,EL-132,return,1,0
2024-05-29,S1,Apparel,AP-527,sale,-6,0
2024-05-29,S1,Electronics,EL-208,sale,-6,0
2024-05-29,S1,Electronics,EL-323,sale,-5,0
2024-05-29,S2,Home,HO-452,return,2,0
2024-05-29,S2,Electronics,EL-969,sale,-5,0
2024-05-29,S2,Apparel,AP-376,sale,-2,0
2024-05-29,S2,Apparel,AP-900,return,2,0
2024-05-29,S2,Home,HO-410,return,1,0
2024-05-29,S2,Home,HO-517,receipt,29,0
2024-05-29,S2,Apparel,AP-436,receipt,21,0
2024-05-29,S2,Apparel,AP-833,receipt,44,0
2024-05-29,S2,Electronics,EL-772,count,0,1
2024-05-29,S2,Grocery,GR-746,count,0,-2
2024-05-29,S2,Home,HO-742,sale,-5,0
2024-05-29,S2,Electronics,EL-482,return,3,0
2024-05-29,S2,Grocery,GR-236,sale,-5,0
2024-05-29,S2,Electronics,EL-811,receipt,26,0
2024-05-29,S3,Home,HO-335,receipt,40,0
2024-05-29,S3,Home,HO-714,return,3,0
2024-05-29,S3,Apparel,AP-164,count,0,1
2024-05-29,S3,Electronics,EL-177,sale,-6,0
2024-05-29,S3,Electronics,EL-421,receipt,35,0
2024-05-29,S3,Grocery,GR-262,sale,-1,0
2024-05-29,S3,Home,HO-142,receipt,15,0
2024-05-29,S3,Apparel,AP-869,sale,-1,0
2024-05-29,S3,Apparel,AP-978,count,0,-1
2024-05-29,S3,Apparel,AP-607,sale,-4,0
2024-05-29,S3,Home,HO-749,count,0,1
2024-05-29,S3,Apparel,AP-510,sale,-5,0
2024-05-29,S3,Home,HO-566,sale,-6,0
2024-05-29,S4,Home,HO-284,sale,-4,0
2024-05-29,S4,Electronics,EL-647,receipt,21,0
2024-05-29,S4,Electronics,EL-610,count,0,-2
2024-05-29,S4,Apparel,AP-706,count,0,-1
2024-05-29,S4,Grocery,GR-900,count,0,0
2024-05-29,S4,Home,HO-653,receipt,20,0
2024-05-29,S4,Grocery,GR-856,return,2,0
2024-05-29,S4,Home,HO-297,return,3,0
2024-05-29,S4,Home,HO-224,sale,-4,0
2024-05-29,S4,Electronics,EL-198,receipt,56,0
2024-05-29,S4,Grocery,GR-164,sale,-2,0
2024-05-29,S4,Apparel,AP-478,receipt,51,0
2024-05-29,S4,Apparel,AP-859,count,0,-1
2024-05-29,S5,Apparel,AP-896,sale,-2,0
2024-05-29,S5,Electronics,EL-264,receipt,46,0
2024-05-29,S5,Electronics,EL-825,return,1,0
2024-05-29,S5,Apparel,AP-854,receipt,59,0
2024-05-29,S5,Electronics,EL-192,receipt,12,0
2024-05-29,S5,Home,HO-106,count,0,1
2024-05-29,S5,Electronics,EL-587,sale,-1,0
2024-05-29,S5,Grocery,GR-462,return,2,0
2024-05-30,S1,Apparel,AP-541,return,2,0
2024-05-30,S1,Electronics,EL-723,sale,-5,0
2024-05-30,S1,Home,HO-690,count,0,0
2024-05-30,S1,Home,HO-592,receipt,25,0
2024-05-30,S1,Electronics,EL-978,count,0,-1
2024-05-30,S1,Home,HO-795,return,3,0
2024-05-30,S1,Electronics,EL-672,return,1,0
2024-05-30,S1,Apparel,AP-853,return,1,0
2024-05-30,S1,Home,HO-513,sale,-1,0
2024-05-30,S1,Home,HO-858,sale,-5,0
2024-05-30,S1,Grocery,GR-303,receipt,48,0
2024-05-30,S1,Electronics,EL-775,sale,-4,0
2024-05-30,S2,Home,HO-893,sale,-2,0
2024-05-30,S2,Electronics,EL-839,count,0,2
2024-05-30,S2,Home,HO-535,sale,-4,0
2024-05-30,S2,Apparel,AP-361,sale,-6,0
2024-05-30,S2,Apparel,AP-825,count,0,2
2024-05-30,S2,Apparel,AP-271,sale,-6,0
2024-05-30,S2,Apparel,AP-616,sale,-1,0
2024-05-30,S2,Electronics,EL-999,sale,-5,0
2024-05-30,S2,Grocery,GR-828,return,3,0
2024-05-30,S2,Apparel,AP-678,sale,-1,0
2024-05-30,S2,Electronics,EL-459,count,0,0
2024-05-30,S2,Electronics,EL-860,sale,-3,0
2024-05-30,S3,Apparel,AP-437,sale,-5,0
2024-05-30,S3,Grocery,GR-154,sale,-4,0
2024-05-30,S3,Home,HO-776,sale,-2,0
2024-05-30,S3,Grocery,GR-976,sale,-2,0
2024-05-30,S3,Home,HO-730,sale,-5,0
2024-05-30,S3,Apparel,AP-735,return,3,0
2024-05-30,S3,Apparel,AP-863,sale,-1,0
2024-05-30,S3,Apparel,AP-653,count,0,-2
2024-05-30,S3,Apparel,AP-564,receipt,28,0
2024-05-30,S4,Apparel,AP-413,return,1,0
2024-05-30,S4,Grocery,GR-243,count,0,2
2024-05-30,S4,Apparel,AP-603,sale,-1,0
2024-05-30,S4,Grocery,GR-537,return,1,0
2024-05-30,S4,Grocery,GR-542,receipt,16,0
2024-05-30,S4,Home,HO-698,sale,-3,0
2024-05-30,S4,Grocery,GR-641,sale,-2,0
2024-05-30,S4,Grocery,GR-925,sale,-5,0
2024-05-30,S4,Grocery,GR-188,sale,-6,0
2024-05-30,S4,Electronics,EL-704,count,0,0
2024-05-30,S4,Electronics,EL-991,return,3,0
2024-05-30,S4,Home,HO-224,receipt,18,0
2024-05-30,S4,Apparel,AP-730,receipt,19,0
2024-05-30,S5,Home,HO-555,sale,-3,0
2024-05-30,S5,Apparel,AP-879,receipt,21,0
2024-05-30,S5,Electronics,EL-885,receipt,30,0
2024-05-30,S5,Grocery,GR-831,receipt,56,0
2024-05-30,S5,Electronics,EL-295,return,2,0
2024-05-30,S5,Home,HO-630,sale,-5,0
2024-05-30,S5,Home,HO-818,count,0,1
2024-05-30,S5,Electronics,EL-164,return,1,0
2024-05-30,S5,Home,HO-844,return,3,0
2024-05-30,S5,Electronics,EL-778,return,1,0
2024-05-30,S5,Grocery,GR-893,count,0,2
2024-05-30,S5,Home,HO-614,count,0,0
2024-05-30,S5,Apparel,AP-670,count,0,2
2024-05-30,S5,Grocery,GR-132,sale,-3,0
2024-05-30,S5,Grocery,GR-902,return,1,0
2024-05-30,S5,Apparel,AP-717,sale,-4,0
2024-05-31,S1,Grocery,GR-896,sale,-6,0
2024-05-31,S1,Home,HO-234,count,0,2
2024-05-31,S1,Grocery,GR-661,sale,-2,0
2024-05-31,S1,Electronics,EL-808,return,3,0
2024-05-31,S1,Apparel,AP-998,sale,-3,0
2024-05-31,S1,Home,HO-159,sale,-4,0
2024-05-31,S1,Apparel,AP-238,receipt,33,0
2024-05-31,S1,Grocery,GR-486,return,3,0
2024-05-31,S1,Electronics,EL-172,receipt,29,0
2024-05-31,S1,Electronics,EL-645,sale,-1,0
2024-05-31,S1,Apparel,AP-561,sale,-2,0
2024-05-31,S1,Electronics,EL-823,sale,-4,0
2024-05-31,S1,Home,HO-919,sale,-1,0
2024-05-31,S1,Home,HO-960,sale,-5,0
2024-05-31,S1,Electronics,EL-534,receipt,49,0
2024-05-31,S2,Apparel,AP-855,sale,-1,0
2024-05-31,S2,Grocery,GR-935,count,0,-1
2024-05-31,S2,Apparel,AP-585,sale,-3,0
2024-05-31,S2,Grocery,GR-674,receipt,30,0
2024-05-31,S2,Grocery,GR-524,return,2,0
2024-05-31,S2,Electronics,EL-932,sale,-1,0
2024-05-31,S2,Electronics,EL-363,return,3,0
2024-05-31,S2,Home,HO-348,sale,-2,0
2024-05-31,S3,Apparel,AP-149,receipt,24,0
2024-05-31,S3,Apparel,AP-936,sale,-3,0
2024-05-31,S3,Electronics,EL-557,sale,-4,0
2024-05-31,S3,Electronics,EL-836,sale,-4,0
2024-05-31,S3,Grocery,GR-976,sale,-5,0
2024-05-31,S3,Grocery,GR-327,sale,-5,0
2024-05-31,S3,Electronics,EL-165,count,0,-2
2024-05-31,S3,Apparel,AP-641,sale,-3,0
2024-05-31,S3,Electronics,EL-376,count,0,-3
2024-05-31,S4,Electronics,EL-274,sale,-6,0
2024-05-31,S4,Electronics,EL-734,return,3,0
2024-05-31,S4,Apparel,AP-854,sale,-3,0
2024-05-31,S4,Electronics,EL-419,sale,-3,0
2024-05-31,S4,Electronics,EL-369,sale,-1,0
2024-05-31,S4,Grocery,GR-389,return,3,0
2024-05-31,S4,Electronics,EL-608,return,2,0
2024-05-31,S4,Home,HO-495,sale,-4,0
2024-05-31,S4,Grocery,GR-872,count,0,0
2024-05-31,S4,Electronics,EL-798,receipt,52,0
2024-05-31,S4,Home,HO-184,sale,-2,0
2024-05-31,S4,Electronics,EL-334,return,2,0
2024-05-31,S4,Apparel,AP-244,return,3,0
2024-05-31,S4,Electronics,EL-195,return,3,0
2024-05-31,S4,Electronics,EL-107,sale,-6,0
2024-05-31,S4,Apparel,AP-158,count,0,1
2024-05-31,S5,Electronics,EL-384,receipt,37,0
2024-05-31,S5,Electronics,EL-317,sale,-3,0
2024-05-31,S5,Apparel,AP-458,receipt,27,0
2024-05-31,S5,Grocery,GR-819,receipt,16,0
2024-05-31,S5,Electronics,EL-868,return,1,0
2024-05-31,S5,Home,HO-864,count,0,2
2024-05-31,S5,Home,HO-504,sale,-3,0
2024-05-31,S5,Grocery,GR-544,return,2,0
2024-05-31,S5,Home,HO-632,count,0,2
2024-05-31,S5,Electronics,EL-363,receipt,32,0
2024-05-31,S5,Grocery,GR-861,sale,-4,0
2024-05-31,S5,Grocery,GR-827,sale,-1,0
2024-06-01,S1,Home,HO-875,sale,-1,0
2024-06-01,S1,Grocery,GR-180,sale,-5,0
2024-06-01,S1,Electronics,EL-564,sale,-5,0
2024-06-01,S1,Apparel,AP-115,sale,-3,0
2024-06-01,S1,Grocery,GR-117,receipt,58,0
2024-06-01,S1,Home,HO-123,sale,-4,0
2024-06-01,S1,Apparel,AP-915,count,0,-2
2024-06-01,S1,Grocery,GR-446,count,0,-1
2024-06-01,S1,Grocery,GR-504,return,1,0
2024-06-01,S1,Apparel,AP-653,sale,-2,0
2024-06-01,S1,Electronics,EL-336,receipt,48,0
2024-06-01,S1,Grocery,GR-545,sale,-1,0
2024-06-01,S2,Home,HO-858,receipt,21,0
2024-06-01,S2,Apparel,AP-129,return,2,0
2024-06-01,S2,Apparel,AP-720,sale,-4,0
2024-06-01,S2,Apparel,AP-521,sale,-6,0
2024-06-01,S2,Electronics,EL-280,receipt,60,0
2024-06-01,S2,Home,HO-136,return,3,0
2024-06-01,S2,Home,HO-212,sale,-3,0
2024-06-01,S2,Home,HO-654,receipt,10,0
2024-06-01,S2,Apparel,AP-352,return,2,0
2024-06-01,S2,Apparel,AP-988,receipt,10,0
2024-06-01,S2,Apparel,AP-796,return,2,0
2024-06-01,S3,Electronics,EL-222,return,2,0
2024-06-01,S3,Grocery,GR-881,sale,-2,0
2024-06-01,S3,Electronics,EL-889,sale,-6,0
2024-06-01,S3,Home,HO-587,count,0,0
2024-06-01,S3,Home,HO-372,sale,-4,0
2024-06-01,S3,Grocery,GR-260,count,0,-2
2024-06-01,S3,Apparel,AP-463,sale,-3,0
2024-06-01,S3,Apparel,AP-569,sale,-1,0
2024-06-01,S3,Electronics,EL-551,sale,-3,0
2024-06-01,S3,Electronics,EL-742,return,1,0
2024-06-01,S3,Apparel,AP-854,sale,-6,0
2024-06-01,S3,Grocery,GR-133,return,3,0
2024-06-01,S3,Grocery,GR-973,return,2,0
2024-06-01,S3,Apparel,AP-527,sale,-3,0
2024-06-01,S3,Apparel,AP-993,count,0,2
2024-06-01,S4,Electronics,EL-328,receipt,13,0
2024-06-01,S4,Electronics,EL-978,sale,-4,0
2024-06-01,S4,Electronics,EL-379,receipt,17,0
2024-06-01,S4,Grocery,GR-870,sale,-5,0
2024-06-01,S4,Electronics,EL-806,sale,-2,0
2024-06-01,S4,Home,HO-539,receipt,35,0
2024-06-01,S4,Electronics,EL-591,sale,-6,0
2024-06-01,S4,Electronics,EL-121,receipt,40,0
2024-06-01,S5,Grocery,GR-354,sale,-3,0
2024-06-01,S5,Home,HO-286,sale,-4,0
2024-06-01,S5,Grocery,GR-411,sale,-4,0
2024-06-01,S5,Apparel,AP-294,count,0,-2
2024-06-01,S5,Grocery,GR-549,count,0,-1
2024-06-01,S5,Electronics,EL-665,receipt,41,0
2024-06-01,S5,Apparel,AP-709,return,3,0
2024-06-01,S5,Home,HO-778,receipt,60,0
2024-06-01,S5,Home,HO-417,sale,-5,0
2024-06-01,S5,Home,HO-433,receipt,58,0
2024-06-01,S5,Home,HO-759,sale,-4,0
2024-06-01,S5,Home,HO-851,sale,-4,0
2024-06-01,S5,Grocery,GR-340,return,2,0
2024-06-01,S5,Grocery,GR-543,sale,-6,0
2024-06-01,S5,Apparel,AP-527,sale,-6,0
2024-06-01,S5,Grocery,GR-470,receipt,10,0
2024-06-02,S1,Apparel,AP-533,receipt,13,0
2024-06-02,S1,Grocery,GR-212,receipt,31,0
2024-06-02,S1,Apparel,AP-716,return,2,0
2024-06-02,S1,Electronics,EL-673,return,2,0
2024-06-02,S1,Electronics,EL-494,receipt,27,0
2024-06-02,S1,Home,HO-123,sale,-2,0
2024-06-02,S1,Grocery,GR-994,sale,-1,0
2024-06-02,S1,Home,HO-165,return,1,0
2024-06-02,S2,Apparel,AP-167,receipt,52,0
2024-06-02,S2,Grocery,GR-816,sale,-5,0
2024-06-02,S2,Apparel,AP-838,count,0,1
2024-06-02,S2,Electronics,EL-508,return,3,0
2024-06-02,S2,Grocery,GR-879,count,0,1
2024-06-02,S2,Apparel,AP-631,sale,-6,0
2024-06-02,S2,Apparel,AP-911,sale,-5,0
2024-06-02,S2,Grocery,GR-449,count,0,2
2024-06-02,S2,Grocery,GR-376,return,2,0
2024-06-02,S2,Home,HO-585,count,0,-2
2024-06-02,S2,Home,HO-315,sale,-4,0
2024-06-02,S2,Grocery,GR-538,count,0,2
2024-06-02,S3,Grocery,GR-795,sale,-4,0
2024-06-02,S3,Grocery,GR-165,count,0,0
2024-06-02,S3,Home,HO-169,sale,-3,0
2024-06-02,S3,Apparel,AP-286,sale,-3,0
2024-06-02,S3,Grocery,GR-149,count,0,-2
2024-06-02,S3,Electronics,EL-508,sale,-5,0
2024-06-02,S3,Grocery,GR-169,sale,-5,0
2024-06-02,S3,Home,HO-838,sale,-3,0
2024-06-02,S3,Apparel,AP-549,sale,-4,0
2024-06-02,S3,Grocery,GR-648,sale,-5,0
2024-06-02,S3,Apparel,AP-260,sale,-2,0
2024-06-02,S4,Grocery,GR-128,sale,-6,0
2024-06-02,S4,Electronics,EL-338,receipt,38,0
2024-06-02,S4,Electronics,EL-661,sale,-1,0
2024-06-02,S4,Home,HO-700,sale,-2,0
2024-06-02,S4,Grocery,GR-962,receipt,34,0
2024-06-02,S4,Apparel,AP-339,receipt,35,0
2024-06-02,S4,Grocery,GR-830,sale,-6,0
2024-06-02,S4,Home,HO-792,sale,-3,0
2024-06-02,S4,Electronics,EL-535,sale,-5,0
2024-06-02,S4,Grocery,GR-180,return,3,0
2024-06-02,S5,Home,HO-108,sale,-3,0
2024-06-02,S5,Apparel,AP-867,sale,-6,0
2024-06-02,S5,Home,HO-160,receipt,40,0
2024-06-02,S5,Apparel,AP-993,receipt,50,0
2024-06-02,S5,Electronics,EL-219,sale,-1,0
2024-06-02,S5,Grocery,GR-546,count,0,-2
2024-06-02,S5,Home,HO-780,sale,-3,0
2024-06-02,S5,Apparel,AP-453,receipt,37,0
2024-06-02,S5,Home,HO-267,count,0,-1
2024-06-02,S5,Grocery,GR-742,return,2,0
2024-06-02,S5,Electronics,EL-770,sale,-4,0
2024-06-02,S5,Home,HO-690,count,0,2
2024-06-02,S5,Home,HO-348,return,2,0
2024-06-02,S5,Home,HO-818,count,0,-1
2024-06-02,S5,Grocery,GR-672,sale,-4,0
2024-06-02,S5,Grocery,GR-447,sale,-2,0
2024-06-03,S1,Grocery,GR-751,return,1,0
2024-06-03,S1,Apparel,AP-878,sale,-5,0
2024-06-03,S1,Home,HO-410,return,3,0
2024-06-03,S1,Home,HO-702,sale,-3,0
2024-06-03,S1,Apparel,AP-868,count,0,2
2024-06-03,S1,Electronics,EL-536,sale,-6,0
2024-06-03,S1,Home,HO-379,count,0,0
2024-06-03,S1,Home,HO-260,count,0,0
2024-06-03,S1,Electronics,EL-474,sale,-4,0
2024-06-03,S1,Apparel,AP-978,sale,-1,0
2024-06-03,S1,Grocery,GR-919,sale,-6,0
2024-06-03,S1,Home,HO-123,sale,-3,0
2024-06-03,S1,Grocery,GR-803,count,0,2
2024-06-03,S1,Grocery,GR-783,count,0,-1
2024-06-03,S1,Apparel,AP-364,return,3,0
2024-06-03,S2,Apparel,AP-874,sale,-1,0
2024-06-03,S2,Electronics,EL-653,sale,-5,0
2024-06-03,S2,Home,HO-797,return,2,0
2024-06-03,S2,Grocery,GR-297,count,0,0
2024-06-03,S2,Apparel,AP-326,return,1,0
2024-06-03,S2,Grocery,GR-102,sale,-5,0
2024-06-03,S2,Home,HO-932,receipt,17,0
2024-06-03,S2,Grocery,GR-921,sale,-3,0
2024-06-03,S2,Apparel,AP-825,sale,-1,0
2024-06-03,S2,Grocery,GR-362,receipt,57,0
2024-06-03,S2,Grocery,GR-518,receipt,25,0
2024-06-03,S2,Electronics,EL-625,return,1,0
2024-06-03,S3,Home,HO-814,count,0,1
2024-06-03,S3,Electronics,EL-373,receipt,40,0
2024-06-03,S3,Electronics,EL-877,sale,-1,0
2024-06-03,S3,Home,HO-255,count,0,-1
2024-06-03,S3,Home,HO-736,receipt,35,0
2024-06-03,S3,Electronics,EL-669,count,0,-3
2024-06-03,S3,Apparel,AP-311,receipt,60,0
2024-06-03,S3,Grocery,GR-724,sale,-1,0
2024-06-03,S4,Electronics,EL-455,sale,-5,0
2024-06-03,S4,Home,HO-935,return,2,0
2024-06-03,S4,Electronics,EL-544,count,0,-1
2024-06-03,S4,Grocery,GR-151,return,1,0
2024-06-03,S4,Grocery,GR-207,count,0,2
2024-06-03,S4,Apparel,AP-568,receipt,34,0
2024-06-03,S4,Apparel,AP-162,sale,-2,0
2024-06-03,S4,Apparel,AP-869,sale,-1,0
2024-06-03,S4,Home,HO-368,sale,-6,0
2024-06-03,S4,Grocery,GR-356,return,3,0
2024-06-03,S4,Home,HO-949,sale,-1,0
2024-06-03,S4,Apparel,AP-922,sale,-1,0
2024-06-03,S4,Apparel,AP-247,receipt,28,0
2024-06-03,S4,Apparel,AP-738,count,0,2
2024-06-03,S4,Grocery,GR-807,return,3,0
2024-06-03,S4,Electronics,EL-387,count,0,1
2024-06-03,S5,Grocery,GR-299,return,3,0
2024-06-03,S5,Electronics,EL-443,receipt,44,0
2024-06-03,S5,Home,HO-837,sale,-3,0
2024-06-03,S5,Grocery,GR-435,sale,-3,0
2024-06-03,S5,Home,HO-968,count,0,2
2024-06-03,S5,Home,HO-726,return,1,0
2024-06-03,S5,Apparel,AP-664,receipt,10,0
2024-06-03,S5,Electronics,EL-100,receipt,55,0
2024-06-03,S5,Electronics,EL-935,receipt,33,0
2024-06-03,S5,Grocery,GR-824,count,0,1
2024-06-03,S5,Grocery,GR-971,sale,-1,0
2024-06-03,S5,Home,HO-424,sale,-1,0
2024-06-03,S5,Grocery,GR-300,count,0,-2
2024-06-04,S1,Home,HO-943,count,0,-2
2024-06-04,S1,Grocery,GR-212,sale,-3,0
2024-06-04,S1,Grocery,GR-617,sale,-3,0
2024-06-04,S1,Home,HO-887,sale,-3,0
2024-06-04,S1,Grocery,GR-639,receipt,53,0
2024-06-04,S1,Home,HO-590,receipt,41,0
2024-06-04,S1,Home,HO-290,return,1,0
2024-06-04,S1,Apparel,AP-751,sale,-2,0
2024-06-04,S1,Electronics,EL-681,receipt,13,0
2024-06-04,S1,Electronics,EL-462,sale,-1,0
2024-06-04,S1,Apparel,AP-316,sale,-5,0
2024-06-04,S1,Electronics,EL-962,count,0,1
2024-06-04,S2,Apparel,AP-373,return,3,0
2024-06-04,S2,Home,HO-905,sale,-3,0
2024-06-04,S2,Electronics,EL-715,count,0,0
2024-06-04,S2,Home,HO-250,sale,-2,0
2024-06-04,S2,Grocery,GR-922,receipt,22,0
2024-06-04,S2,Home,HO-564,count,0,1
2024-06-04,S2,Electronics,EL-398,sale,-1,0
2024-06-04,S2,Electronics,EL-693,sale,-6,0
2024-06-04,S2,Grocery,GR-329,receipt,43,0
2024-06-04,S2,Electronics,EL-380,sale,-6,0
2024-06-04,S2,Grocery,GR-366,count,0,-2
2024-06-04,S2,Home,HO-363,sale,-1,0
2024-06-04,S2,Apparel,AP-761,sale,-5,0
2024-06-04,S2,Apparel,AP-706,return,2,0
2024-06-04,S2,Grocery,GR-966,sale,-6,0
2024-06-04,S2,Electronics,EL-106,count,0,-2
2024-06-04,S3,Home,HO-407,return,3,0
2024-06-04,S3,Home,HO-360,sale,-4,0
2024-06-04,S3,Grocery,GR-970,sale,-6,0
2024-06-04,S3,Electronics,EL-257,sale,-6,0
2024-06-04,S3,Home,HO-534,count,0,2
2024-06-04,S3,Electronics,EL-726,sale,-5,0
2024-06-04,S3,Apparel,AP-481,sale,-2,0
2024-06-04,S3,Grocery,GR-199,sale,-2,0
2024-06-04,S3,Grocery,GR-183,sale,-5,0
2024-06-04,S3,Apparel,AP-559,return,2,0
2024-06-04,S3,Electronics,EL-236,sale,-1,0
2024-06-04,S3,Electronics,EL-610,receipt,37,0
2024-06-04,S3,Grocery,GR-115,count,0,-2
2024-06-04,S3,Home,HO-181,receipt,25,0
2024-06-04,S4,Apparel,AP-202,sale,-1,0
2024-06-04,S4,Apparel,AP-258,return,2,0
2024-06-04,S4,Apparel,AP-434,sale,-5,0
2024-06-04,S4,Grocery,GR-131,count,0,0
2024-06-04,S4,Apparel,AP-912,sale,-1,0
2024-06-04,S4,Electronics,EL-451,sale,-1,0
2024-06-04,S4,Home,HO-482,return,1,0
2024-06-04,S4,Grocery,GR-640,sale,-2,0
2024-06-04,S5,Apparel,AP-895,sale,-5,0
2024-06-04,S5,Home,HO-628,sale,-4,0
2024-06-04,S5,Grocery,GR-914,sale,-6,0
2024-06-04,S5,Grocery,GR-215,sale,-5,0
2024-06-04,S5,Grocery,GR-914,sale,-3,0
2024-06-04,S5,Apparel,AP-927,sale,-3,0
2024-06-04,S5,Apparel,AP-922,sale,-3,0
2024-06-04,S5,Home,HO-117,sale,-3,0
2024-06-04,S5,Electronics,EL-623,return,2,0
2024-06-04,S5,Grocery,GR-963,sale,-6,0
2024-06-04,S5,Home,HO-969,count,0,-2
2024-06-04,S5,Apparel,AP-950,sale,-3,0
2024-06-04,S5,Home,HO-676,sale,-6,0
2024-06-04,S5,Apparel,AP-426,return,1,0
2024-06-04,S5,Grocery,GR-194,sale,-6,0
2024-06-05,S1,Home,HO-291,return,2,0
2024-06-05,S1,Home,HO-987,count,0,0
2024-06-05,S1,Apparel,AP-270,sale,-2,0
2024-06-05,S1,Home,HO-339,sale,-5,0
2024-06-05,S1,Home,HO-372,count,0,-1
2024-06-05,S1,Grocery,GR-805,return,3,0
2024-06-05,S1,Grocery,GR-551,receipt,23,0
2024-06-05,S1,Grocery,GR-765,sale,-6,0
2024-06-05,S1,Apparel,AP-223,sale,-1,0
2024-06-05,S1,Grocery,GR-871,sale,-6,0
2024-06-05,S1,Apparel,AP-972,receipt,29,0
2024-06-05,S1,Grocery,GR-251,sale,-5,0
2024-06-05,S2,Home,HO-291,sale,-2,0
2024-06-05,S2,Home,HO-726,receipt,53,0
2024-06-05,S2,Grocery,GR-985,return,3,0
2024-06-05,S2,Home,HO-284,return,1,0
2024-06-05,S2,Grocery,GR-839,count,0,-2
2024-06-05,S2,Grocery,GR-224,sale,-3,0
2024-06-05,S2,Apparel,AP-630,sale,-1,0
2024-06-05,S2,Apparel,AP-676,receipt,54,0
2024-06-05,S2,Electronics,EL-428,receipt,44,0
2024-06-05,S2,Electronics,EL-138,sale,-1,0
2024-06-05,S2,Grocery,GR-407,sale,-4,0
2024-06-05,S3,Home,HO-256,count,0,2
2024-06-05,S3,Grocery,GR-528,receipt,37,0
2024-06-05,S3,Home,HO-543,return,3,0
2024-06-05,S3,Apparel,AP-880,receipt,27,0
2024-06-05,S3,Home,HO-294,receipt,44,0
2024-06-05,S3,Home,HO-918,sale,-5,0
2024-06-05,S3,Home,HO-685,count,0,2
2024-06-05,S3,Apparel,AP-418,sale,-6,0
2024-06-05,S3,Electronics,EL-183,return,3,0
2024-06-05,S3,Grocery,GR-228,return,1,0
2024-06-05,S3,Apparel,AP-431,sale,-5,0
2024-06-05,S3,Grocery,GR-538,receipt,19,0
2024-06-05,S3,Home,HO-959,sale,-2,0
2024-06-05,S4,Home,HO-991,sale,-4,0
2024-06-05,S4,Electronics,EL-334,receipt,42,0
2024-06-05,S4,Apparel,AP-533,sale,-3,0
2024-06-05,S4,Home,HO-319,return,3,0
2024-06-05,S4,Electronics,EL-348,sale,-3,0
2024-06-05,S4,Electronics,EL-184,sale,-1,0
2024-06-05,S4,Electronics,EL-157,count,0,2
2024-06-05,S4,Apparel,AP-844,count,0,2
2024-06-05,S4,Apparel,AP-357,sale,-1,0
2024-06-05,S4,Apparel,AP-663,sale,-4,0
2024-06-05,S5,Electronics,EL-213,sale,-1,0
2024-06-05,S5,Apparel,AP-741,count,0,-2
2024-06-05,S5,Apparel,AP-674,return,1,0
2024-06-05,S5,Electronics,EL-821,sale,-2,0
2024-06-05,S5,Electronics,EL-252,receipt,39,0
2024-06-05,S5,Home,HO-962,sale,-5,0
2024-06-05,S5,Home,HO-839,receipt,34,0
2024-06-05,S5,Electronics,EL-929,return,3,0
2024-06-05,S5,Home,HO-140,count,0,-1
2024-06-06,S1,Home,HO-879,receipt,16,0
2024-06-06,S1,Electronics,EL-113,count,0,2
2024-06-06,S1,Electronics,EL-191,count,0,-1
2024-06-06,S1,Electronics,EL-112,sale,-1,0
2024-06-06,S1,Apparel,AP-302,receipt,42,0
2024-06-06,S1,Home,HO-966,sale,-6,0
2024-06-06,S1,Grocery,GR-174,sale,-1,0
2024-06-06,S1,Electronics,EL-550,sale,-1,0
2024-06-06,S1,Grocery,GR-308,sale,-5,0
2024-06-06,S1,Grocery,GR-451,receipt,17,0
2024-06-06,S2,Electronics,EL-678,count,0,1
2024-06-06,S2,Grocery,GR-636,receipt,33,0
2024-06-06,S2,Apparel,AP-911,sale,-4,0
2024-06-06,S2,Home,HO-844,sale,-2,0
2024-06-06,S2,Home,HO-612,count,0,1
2024-06-06,S2,Electronics,EL-880,count,0,2
2024-06-06,S2,Grocery,GR-398,return,3,0
2024-06-06,S2,Grocery,GR-770,sale,-6,0
2024-06-06,S2,Apparel,AP-879,sale,-4,0
2024-06-06,S2,Electronics,EL-535,sale,-1,0
2024-06-06,S2,Electronics,EL-770,count,0,-1
2024-06-06,S2,Grocery,GR-126,count,0,1
2024-06-06,S2,Apparel,AP-891,receipt,30,0
2024-06-06,S2,Grocery,GR-764,return,1,0
2024-06-06,S2,Electronics,EL-591,count,0,1
2024-06-06,S3,Grocery,GR-795,count,0,0
2024-06-06,S3,Grocery,GR-360,sale,-6,0
2024-06-06,S3,Grocery,GR-641,sale,-6,0
2024-06-06,S3,Grocery,GR-902,return,2,0
2024-06-06,S3,Electronics,EL-383,receipt,33,0
2024-06-06,S3,Electronics,EL-312,sale,-1,0
2024-06-06,S3,Electronics,EL-353,sale,-1,0
2024-06-06,S3,Electronics,EL-346,count,0,-3
2024-06-06,S3,Electronics,EL-371,sale,-2,0
2024-06-06,S3,Apparel,AP-502,sale,-2,0
2024-06-06,S3,Apparel,AP-825,sale,-6,0
2024-06-06,S4,Electronics,EL-474,count,0,2
2024-06-06,S4,Electronics,EL-947,receipt,19,0
2024-06-06,S4,Electronics,EL-173,receipt,52,0
2024-06-06,S4,Apparel,AP-649,count,0,0
2024-06-06,S4,Apparel,AP-543,receipt,12,0
2024-06-06,S4,Grocery,GR-602,return,1,0
2024-06-06,S4,Grocery,GR-139,return,1,0
2024-06-06,S4,Electronics,EL-153,sale,-4,0
2024-06-06,S4,Home,HO-398,sale,-4,0
2024-06-06,S4,Apparel,AP-792,return,2,0
2024-06-06,S5,Electronics,EL-245,receipt,46,0
2024-06-06,S5,Home,HO-625,count,0,2
2024-06-06,S5,Home,HO-644,count,0,1
2024-06-06,S5,Grocery,GR-673,sale,-3,0
2024-06-06,S5,Home,HO-169,sale,-1,0
2024-06-06,S5,Apparel,AP-703,count,0,0
2024-06-06,S5,Home,HO-918,return,3,0
2024-06-06,S5,Grocery,GR-997,sale,-5,0
2024-06-06,S5,Apparel,AP-209,return,2,0
2024-06-06,S5,Electronics,EL-166,sale,-2,0
2024-06-07,S1,Apparel,AP-706,return,2,0
2024-06-07,S1,Grocery,GR-381,sale,-1,0
2024-06-07,S1,Grocery,GR-511,return,1,0
2024-06-07,S1,Home,HO-485,sale,-1,0
2024-06-07,S1,Electronics,EL-543,sale,-4,0
2024-06-07,S1,Apparel,AP-566,count,0,1
2024-06-07,S1,Grocery,GR-929,count,0,1
2024-06-07,S1,Apparel,AP-214,return,1,0
2024-06-07,S1,Apparel,AP-984,sale,-2,0
2024-06-07,S1,Apparel,AP-850,receipt,11,0
2024-06-07,S1,Home,HO-291,sale,-5,0
2024-06-07,S1,Grocery,GR-417,receipt,18,0
2024-06-07,S1,Electronics,EL-961,receipt,58,0
2024-06-07,S1,Apparel,AP-960,sale,-6,0
2024-06-07,S1,Apparel,AP-267,sale,-4,0
2024-06-07,S2,Apparel,AP-551,return,1,0
2024-06-07,S2,Grocery,GR-830,sale,-4,0
2024-06-07,S2,Electronics,EL-417,sale,-6,0
2024-06-07,S2,Electronics,EL-138,count,0,-1
2024-06-07,S2,Electronics,EL-961,sale,-5,0
2024-06-07,S2,Electronics,EL-424,receipt,60,0
2024-06-07,S2,Apparel,AP-117,sale,-4,0
2024-06-07,S2,Grocery,GR-265,sale,-5,0
2024-06-07,S2,Home,HO-902,sale,-4,0
2024-06-07,S2,Electronics,EL-517,return,3,0
2024-06-07,S2,Apparel,AP-424,sale,-4,0
2024-06-07,S2,Grocery,GR-777,sale,-1,0
2024-06-07,S2,Electronics,EL-540,sale,-4,0
2024-06-07,S2,Grocery,GR-390,return,3,0
2024-06-07,S2,Home,HO-578,sale,-6,0
2024-06-07,S3,Grocery,GR-465,sale,-3,0
2024-06-07,S3,Home,HO-257,count,0,2
2024-06-07,S3,Apparel,AP-231,count,0,-1
2024-06-07,S3,Electronics,EL-780,sale,-2,0
2024-06-07,S3,Electronics,EL-349,sale,-5,0
2024-06-07,S3,Grocery,GR-132,count,0,-1
2024-06-07,S3,Apparel,AP-306,return,2,0
2024-06-07,S3,Home,HO-229,sale,-3,0
2024-06-07,S4,Electronics,EL-864,count,0,2
2024-06-07,S4,Home,HO-647,return,3,0
2024-06-07,S4,Grocery,GR-943,sale,-1,0
2024-06-07,S4,Home,HO-902,sale,-5,0
2024-06-07,S4,Grocery,GR-303,count,0,-2
2024-06-07,S4,Home,HO-186,count,0,1
2024-06-07,S4,Grocery,GR-158,count,0,0
2024-06-07,S4,Apparel,AP-257,count,0,-1
2024-06-07,S4,Grocery,GR-206,sale,-3,0
2024-06-07,S4,Apparel,AP-768,sale,-2,0
2024-06-07,S4,Grocery,GR-501,sale,-1,0
2024-06-07,S5,Grocery,GR-204,return,1,0
2024-06-07,S5,Grocery,GR-647,receipt,17,0
2024-06-07,S5,Apparel,AP-558,return,1,0
2024-06-07,S5,Home,HO-289,sale,-4,0
2024-06-07,S5,Grocery,GR-516,return,3,0
2024-06-07,S5,Electronics,EL-951,receipt,11,0
2024-06-07,S5,Electronics,EL-587,sale,-2,0
2024-06-07,S5,Grocery,GR-120,sale,-2,0
2024-06-07,S5,Grocery,GR-187,return,3,0
2024-06-07,S5,Apparel,AP-124,return,1,0
2024-06-07,S5,Home,HO-340,sale,-1,0
2024-06-07,S5,Apparel,AP-845,count,0,-1
2024-06-07,S5,Apparel,AP-376,sale,-5,0
2024-06-07,S5,Electronics,EL-833,receipt,17,0
2024-06-08,S1,Electronics,EL-520,sale,-2,0
2024-06-08,S1,Grocery,GR-922,sale,-3,0
2024-06-08,S1,Home,HO-207,sale,-5,0
2024-06-08,S1,Grocery,GR-731,sale,-1,0
2024-06-08,S1,Apparel,AP-706,sale,-3,0
2024-06-08,S1,Home,HO-707,sale,-1,0
2024-06-08,S1,Apparel,AP-671,return,2,0
2024-06-08,S1,Home,HO-537,return,2,0
2024-06-08,S1,Home,HO-857,sale,-4,0
2024-06-08,S1,Grocery,GR-788,sale,-5,0
2024-06-08,S1,Apparel,AP-120,sale,-6,0
2024-06-08,S2,Apparel,AP-346,sale,-3,0
2024-06-08,S2,Electronics,EL-255,return,2,0
2024-06-08,S2,Home,HO-268,sale,-2,0
2024-06-08,S2,Home,HO-325,sale,-4,0
2024-06-08,S2,Apparel,AP-771,count,0,-2
2024-06-08,S2,Grocery,GR-688,sale,-5,0
2024-06-08,S2,Electronics,EL-159,receipt,39,0
2024-06-08,S2,Home,HO-204,count,0,-1
2024-06-08,S2,Home,HO-721,receipt,43,0
2024-06-08,S2,Home,HO-523,return,1,0
2024-06-08,S2,Home,HO-229,sale,-2,0
2024-06-08,S3,Electronics,EL-203,sale,-6,0
2024-06-08,S3,Grocery,GR-260,sale,-2,0
2024-06-08,S3,Apparel,AP-548,sale,-5,0
2024-06-08,S3,Home,HO-708,sale,-4,0
2024-06-08,S3,Apparel,AP-656,count,0,2
2024-06-08,S3,Apparel,AP-580,receipt,52,0
2024-06-08,S3,Home,HO-987,sale,-5,0
2024-06-08,S3,Apparel,AP-789,sale,-3,0
2024-06-08,S3,Apparel,AP-640,return,3,0
2024-06-08,S3,Grocery,GR-970,return,2,0
2024-06-08,S3,Apparel,AP-573,receipt,59,0
2024-06-08,S3,Apparel,AP-935,sale,-4,0
2024-06-08,S3,Home,HO-132,receipt,51,0
2024-06-08,S4,Apparel,AP-970,sale,-5,0
2024-06-08,S4,Electronics,EL-497,sale,-2,0
2024-06-08,S4,Grocery,GR-814,count,0,2
2024-06-08,S4,Apparel,AP-807,sale,-5,0
2024-06-08,S4,Home,HO-474,sale,-5,0
2024-06-08,S4,Home,HO-286,receipt,46,0
2024-06-08,S4,Electronics,EL-659,sale,-3,0
2024-06-08,S4,Home,HO-802,sale,-1,0
2024-06-08,S4,Grocery,GR-973,receipt,29,0
2024-06-08,S4,Apparel,AP-643,sale,-5,0
2024-06-08,S4,Electronics,EL-661,sale,-1,0
2024-06-08,S4,Electronics,EL-572,sale,-6,0
2024-06-08,S4,Grocery,GR-524,count,0,2
2024-06-08,S4,Apparel,AP-268,sale,-5,0
2024-06-08,S5,Electronics,EL-426,return,2,0
2024-06-08,S5,Apparel,AP-488,sale,-3,0
2024-06-08,S5,Home,HO-776,sale,-6,0
2024-06-08,S5,Home,HO-195,return,3,0
2024-06-08,S5,Apparel,AP-650,count,0,1
2024-06-08,S5,Home,HO-878,sale,-4,0
2024-06-08,S5,Home,HO-808,receipt,15,0
2024-06-08,S5,Apparel,AP-381,sale,-2,0
2024-06-08,S5,Apparel,AP-385,count,0,1
2024-06-08,S5,Home,HO-479,sale,-2,0
2024-06-08,S5,Apparel,AP-601,receipt,25,0
2024-06-08,S5,Home,HO-500,count,0,-2
2024-06-08,S5,Home,HO-432,receipt,47,0
2024-06-08,S5,Apparel,AP-899,receipt,34,0
2024-06-09,S1,Electronics,EL-159,sale,-3,0
2024-06-09,S1,Home,HO-833,sale,-4,0
2024-06-09,S1,Home,HO-126,return,1,0
2024-06-09,S1,Electronics,EL-195,receipt,39,0
2024-06-09,S1,Electronics,EL-472,return,1,0
2024-06-09,S1,Grocery,GR-544,sale,-5,0
2024-06-09,S1,Home,HO-326,receipt,23,0
2024-06-09,S1,Grocery,GR-531,sale,-3,0
2024-06-09,S2,Electronics,EL-981,return,1,0
2024-06-09,S2,Home,HO-335,sale,-2,0
2024-06-09,S2,Electronics,EL-640,sale,-2,0
2024-06-09,S2,Grocery,GR-683,return,3,0
2024-06-09,S2,Grocery,GR-648,receipt,16,0
2024-06-09,S2,Electronics,EL-920,sale,-3,0
2024-06-09,S2,Electronics,EL-515,sale,-1,0
2024-06-09,S2,Grocery,GR-779,sale,-6,0
2024-06-09,S2,Grocery,GR-418,count,0,2
2024-06-09,S2,Electronics,EL-546,sale,-1,0
2024-06-09,S2,Apparel,AP-875,sale,-3,0
2024-06-09,S2,Grocery,GR-767,sale,-2,0
2024-06-09,S3,Grocery,GR-633,sale,-1,0
2024-06-09,S3,Apparel,AP-577,return,2,0
2024-06-09,S3,Home,HO-324,sale,-5,0
2024-06-09,S3,Grocery,GR-946,count,0,0
2024-06-09,S3,Grocery,GR-285,receipt,51,0
2024-06-09,S3,Home,HO-856,count,0,1
2024-06-09,S3,Electronics,EL-688,sale,-2,0
2024-06-09,S3,Electronics,EL-854,sale,-6,0
2024-06-09,S3,Electronics,EL-587,sale,-4,0
2024-06-09,S3,Home,HO-662,sale,-6,0
2024-06-09,S3,Home,HO-822,sale,-1,0
2024-06-09,S3,Home,HO-646,return,3,0
2024-06-09,S3,Grocery,GR-909,receipt,53,0
2024-06-09,S3,Home,HO-872,count,0,-2
2024-06-09,S4,Electronics,EL-565,sale,-5,0
2024-06-09,S4,Grocery,GR-561,return,2,0
2024-06-09,S4,Home,HO-571,sale,-4,0
2024-06-09,S4,Electronics,EL-435,count,0,1
2024-06-09,S4,Electronics,EL-178,sale,-5,0
2024-06-09,S4,Grocery,GR-916,count,0,0
2024-06-09,S4,Apparel,AP-914,sale,-6,0
2024-06-09,S4,Electronics,EL-624,sale,-4,0
2024-06-09,S4,Home,HO-184,count,0,1
2024-06-09,S4,Grocery,GR-986,sale,-1,0
2024-06-09,S4,Home,HO-635,return,3,0
2024-06-09,S5,Grocery,GR-462,return,2,0
2024-06-09,S5,Grocery,GR-371,count,0,1
2024-06-09,S5,Apparel,AP-653,sale,-1,0
2024-06-09,S5,Home,HO-187,receipt,26,0
2024-06-09,S5,Electronics,EL-747,count,0,-2
2024-06-09,S5,Grocery,GR-408,count,0,-2
2024-06-09,S5,Electronics,EL-306,sale,-6,0
2024-06-09,S5,Home,HO-302,count,0,1
2024-06-09,S5,Home,HO-720,sale,-4,0
2024-06-09,S5,Electronics,EL-548,sale,-2,0
2024-06-09,S5,Electronics,EL-731,sale,-5,0
2024-06-09,S5,Home,HO-697,receipt,58,0
2024-06-09,S5,Apparel,AP-786,count,0,1
2024-06-09,S5,Electronics,EL-974,receipt,16,0
2024-06-09,S5,Electronics,EL-925,sale,-2,0
2024-06-09,S5,Electronics,EL-297,return,2,0
2024-06-10,S1,Grocery,GR-902,sale,-2,0
2024-06-10,S1,Electronics,EL-970,sale,-3,0
2024-06-10,S1,Grocery,GR-292,return,3,0
2024-06-10,S1,Electronics,EL-411,return,1,0
2024-06-10,S1,Grocery,GR-998,count,0,2
2024-06-10,S1,Apparel,AP-276,return,2,0
2024-06-10,S1,Electronics,EL-558,sale,-1,0
2024-06-10,S1,Home,HO-683,count,0,-1
2024-06-10,S1,Apparel,AP-580,receipt,28,0
2024-06-10,S1,Electronics,EL-168,sale,-2,0
2024-06-10,S1,Apparel,AP-295,receipt,22,0
2024-06-10,S1,Electronics,EL-965,receipt,18,0
2024-06-10,S1,Electronics,EL-506,receipt,12,0
2024-06-10,S1,Grocery,GR-385,sale,-3,0
2024-06-10,S1,Grocery,GR-851,sale,-1,0
2024-06-10,S2,Electronics,EL-148,receipt,44,0
2024-06-10,S2,Home,HO-434,return,1,0
2024-06-10,S2,Home,HO-176,sale,-4,0
2024-06-10,S2,Electronics,EL-565,count,0,1
2024-06-10,S2,Apparel,AP-716,sale,-6,0
2024-06-10,S2,Grocery,GR-191,count,0,-1
2024-06-10,S2,Apparel,AP-512,sale,-2,0
2024-06-10,S2,Electronics,EL-933,sale,-1,0
2024-06-10,S2,Home,HO-991,receipt,22,0
2024-06-10,S3,Electronics,EL-512,receipt,12,0
2024-06-10,S3,Electronics,EL-148,receipt,21,0
2024-06-10,S3,Electronics,EL-880,count,0,-5
2024-06-10,S3,Electronics,EL-909,sale,-1,0
2024-06-10,S3,Apparel,AP-533,return,2,0
2024-06-10,S3,Apparel,AP-673,count,0,-1
2024-06-10,S3,Apparel,AP-242,sale,-4,0
2024-06-10,S3,Electronics,EL-538,sale,-5,0
2024-06-10,S3,Electronics,EL-766,count,0,-5
2024-06-10,S3,Grocery,GR-667,sale,-5,0
2024-06-10,S3,Home,HO-391,sale,-2,0
2024-06-10,S4,Electronics,EL-185,sale,-4,0
2024-06-10,S4,Apparel,AP-321,return,1,0
2024-06-10,S4,Electronics,EL-673,sale,-1,0
2024-06-10,S4,Home,HO-973,receipt,21,0
2024-06-10,S4,Home,HO-851,sale,-5,0
2024-06-10,S4,Grocery,GR-522,receipt,56,0
2024-06-10,S4,Grocery,GR-709,sale,-4,0
2024-06-10,S4,Grocery,GR-876,sale,-3,0
2024-06-10,S5,Home,HO-426,receipt,29,0
2024-06-10,S5,Electronics,EL-460,count,0,1
2024-06-10,S5,Home,HO-345,receipt,51,0
2024-06-10,S5,Grocery,GR-172,sale,-4,0
2024-06-10,S5,Home,HO-934,sale,-2,0
2024-06-10,S5,Electronics,EL-273,return,3,0
2024-06-10,S5,Home,HO-574,receipt,24,0
2024-06-10,S5,Home,HO-964,sale,-2,0
2024-06-10,S5,Electronics,EL-782,sale,-3,0
2024-06-10,S5,Home,HO-928,sale,-2,0
2024-06-10,S5,Home,HO-512,sale,-3,0
2024-06-11,S1,Grocery,GR-681,count,0,2
2024-06-11,S1,Grocery,GR-385,return,1,0
2024-06-11,S1,Apparel,AP-480,receipt,51,0
2024-06-11,S1,Grocery,GR-691,sale,-5,0
2024-06-11,S1,Grocery,GR-404,return,1,0
2024-06-11,S1,Grocery,GR-379,sale,-4,0
2024-06-11,S1,Electronics,EL-374,sale,-4,0
2024-06-11,S1,Home,HO-642,sale,-6,0
2024-06-11,S1,Home,HO-151,count,0,1
2024-06-11,S1,Apparel,AP-853,sale,-4,0
2024-06-11,S2,Apparel,AP-369,return,2,0
2024-06-11,S2,Electronics,EL-480,receipt,47,0
2024-06-11,S2,Apparel,AP-411,sale,-3,0
2024-06-11,S2,Electronics,EL-813,sale,-5,0
2024-06-11,S2,Home,HO-660,sale,-1,0
2024-06-11,S2,Apparel,AP-552,sale,-5,0
2024-06-11,S2,Apparel,AP-124,receipt,35,0
2024-06-11,S2,Electronics,EL-612,receipt,42,0
2024-06-11,S2,Grocery,GR-441,sale,-5,0
2024-06-11,S3,Electronics,EL-195,sale,-5,0
2024-06-11,S3,Electronics,EL-862,receipt,51,0
2024-06-11,S3,Grocery,GR-880,sale,-4,0
2024-06-11,S3,Electronics,EL-529,count,0,-6
2024-06-11,S3,Apparel,AP-505,sale,-2,0
2024-06-11,S3,Electronics,EL-204,sale,-6,0
2024-06-11,S3,Electronics,EL-882,sale,-2,0
2024-06-11,S3,Home,HO-781,receipt,31,0
2024-06-11,S3,Grocery,GR-423,sale,-4,0
2024-06-11,S4,Electronics,EL-802,receipt,57,0
2024-06-11,S4,Home,HO-471,sale,-5,0
2024-06-11,S4,Grocery,GR-283,receipt,28,0
2024-06-11,S4,Grocery,GR-573,count,0,0
2024-06-11,S4,Electronics,EL-358,receipt,42,0
2024-06-11,S4,Apparel,AP-141,return,3,0
2024-06-11,S4,Home,HO-219,sale,-1,0
2024-06-11,S4,Grocery,GR-824,count,0,-1
2024-06-11,S4,Home,HO-828,sale,-3,0
2024-06-11,S4,Electronics,EL-909,count,0,1
2024-06-11,S4,Grocery,GR-236,sale,-1,0
2024-06-11,S4,Apparel,AP-237,sale,-3,0
2024-06-11,S5,Home,HO-431,receipt,29,0
2024-06-11,S5,Grocery,GR-475,sale,-3,0
2024-06-11,S5,Home,HO-965,sale,-4,0
2024-06-11,S5,Home,HO-971,count,0,0
2024-06-11,S5,Home,HO-190,sale,-5,0
2024-06-11,S5,Grocery,GR-965,receipt,35,0
2024-06-11,S5,Electronics,EL-358,receipt,23,0
2024-06-11,S5,Electronics,EL-191,receipt,55,0
2024-06-11,S5,Electronics,EL-195,count,0,-1
2024-06-11,S5,Apparel,AP-815,sale,-4,0
2024-06-11,S5,Electronics,EL-188,sale,-4,0
2024-06-11,S5,Grocery,GR-584,count,0,2
2024-06-12,S1,Grocery,GR-914,sale,-2,0
2024-06-12,S1,Grocery,GR-673,sale,-6,0
2024-06-12,S1,Home,HO-465,sale,-4,0
2024-06-12,S1,Electronics,EL-587,return,3,0
2024-06-12,S1,Apparel,AP-243,sale,-4,0
2024-06-12,S1,Electronics,EL-547,sale,-3,0
2024-06-12,S1,Home,HO-984,return,2,0
2024-06-12,S1,Electronics,EL-331,sale,-3,0
2024-06-12,S1,Home,HO-618,sale,-5,0
2024-06-12,S2,Grocery,GR-632,sale,-2,0
2024-06-12,S2,Grocery,GR-756,receipt,39,0
2024-06-12,S2,Grocery,GR-218,sale,-6,0
2024-06-12,S2,Grocery,GR-190,receipt,60,0
2024-06-12,S2,Home,HO-742,sale,-2,0
2024-06-12,S2,Home,HO-495,sale,-5,0
2024-06-12,S2,Electronics,EL-665,receipt,29,0
2024-06-12,S2,Home,HO-788,sale,-1,0
2024-06-12,S2,Home,HO-672,return,2,0
2024-06-12,S2,Home,HO-810,receipt,22,0
2024-06-12,S2,Electronics,EL-941,sale,-6,0
2024-06-12,S2,Home,HO-256,sale,-5,0
2024-06-12,S2,Electronics,EL-276,sale,-1,0
2024-06-12,S2,Grocery,GR-856,sale,-5,0
2024-06-12,S2,Electronics,EL-689,return,2,0
2024-06-12,S3,Apparel,AP-435,sale,-3,0
2024-06-12,S3,Apparel,AP-785,sale,-2,0
2024-06-12,S3,Home,HO-509,sale,-3,0
2024-06-12,S3,Grocery,GR-374,sale,-6,0
2024-06-12,S3,Apparel,AP-489,receipt,11,0
2024-06-12,S3,Electronics,EL-983,count,0,-3
2024-06-12,S3,Apparel,AP-307,return,3,0
2024-06-12,S3,Grocery,GR-197,return,3,0
2024-06-12,S3,Electronics,EL-812,return,2,0
2024-06-12,S3,Grocery,GR-247,sale,-3,0
2024-06-12,S3,Grocery,GR-326,receipt,19,0
2024-06-12,S4,Home,HO-596,count,0,0
2024-06-12,S4,Grocery,GR-134,count,0,0
2024-06-12,S4,Apparel,AP-603,sale,-6,0
2024-06-12,S4,Apparel,AP-477,return,3,0
2024-06-12,S4,Home,HO-121,receipt,55,0
2024-06-12,S4,Apparel,AP-809,count,0,-1
2024-06-12,S4,Apparel,AP-650,receipt,32,0
2024-06-12,S4,Home,HO-188,sale,-2,0
2024-06-12,S4,Apparel,AP-985,receipt,29,0
2024-06-12,S4,Home,HO-532,sale,-4,0
2024-06-12,S4,Apparel,AP-535,receipt,59,0
2024-06-12,S4,Grocery,GR-858,return,1,0
2024-06-12,S4,Electronics,EL-240,sale,-5,0
2024-06-12,S5,Grocery,GR-109,receipt,50,0
2024-06-12,S5,Grocery,GR-366,sale,-1,0
2024-06-12,S5,Grocery,GR-312,receipt,52,0
2024-06-12,S5,Home,HO-870,sale,-6,0
2024-06-12,S5,Electronics,EL-680,return,3,0
2024-06-12,S5,Apparel,AP-911,receipt,13,0
2024-06-12,S5,Electronics,EL-612,sale,-4,0
2024-06-12,S5,Grocery,GR-529,receipt,43,0
2024-06-12,S5,Apparel,AP-188,return,1,0
2024-06-12,S5,Grocery,GR-316,return,1,0
2024-06-12,S5,Home,HO-369,receipt,11,0
2024-06-13,S1,Electronics,EL-866,count,0,2
2024-06-13,S1,Home,HO-517,sale,-3,0
2024-06-13,S1,Apparel,AP-960,sale,-1,0
2024-06-13,S1,Home,HO-616,sale,-4,0
2024-06-13,S1,Grocery,GR-320,sale,-2,0
2024-06-13,S1,Electronics,EL-577,return,2,0
2024-06-13,S1,Apparel,AP-736,sale,-3,0
2024-06-13,S1,Electronics,EL-362,sale,-6,0
2024-06-13,S1,Grocery,GR-639,sale,-6,0
2024-06-13,S1,Electronics,EL-239,receipt,13,0
2024-06-13,S1,Electronics,EL-133,sale,-6,0
2024-06-13,S1,Apparel,AP-544,return,1,0
2024-06-13,S1,Apparel,AP-449,count,0,1
2024-06-13,S2,Grocery,GR-403,sale,-2,0
2024-06-13,S2,Apparel,AP-893,sale,-3,0
2024-06-13,S2,Home,HO-373,return,2,0
2024-06-13,S2,Apparel,AP-768,return,3,0
2024-06-13,S2,Home,HO-808,count,0,1
2024-06-13,S2,Electronics,EL-283,return,2,0
2024-06-13,S2,Apparel,AP-750,receipt,52,0
2024-06-13,S2,Apparel,AP-432,return,3,0
2024-06-13,S3,Apparel,AP-272,sale,-1,0
2024-06-13,S3,Apparel,AP-607,count,0,2
2024-06-13,S3,Home,HO-524,receipt,13,0
2024-06-13,S3,Home,HO-775,sale,-3,0
2024-06-13,S3,Apparel,AP-294,sale,-3,0
2024-06-13,S3,Home,HO-279,sale,-6,0
2024-06-13,S3,Home,HO-749,sale,-6,0
2024-06-13,S3,Home,HO-116,receipt,33,0
2024-06-13,S3,Apparel,AP-435,sale,-6,0
2024-06-13,S4,Electronics,EL-742,count,0,0
2024-06-13,S4,Electronics,EL-797,return,2,0
2024-06-13,S4,Home,HO-955,return,2,0
2024-06-13,S4,Electronics,EL-827,sale,-5,0
2024-06-13,S4,Electronics,EL-904,sale,-4,0
2024-06-13,S4,Home,HO-947,sale,-2,0
2024-06-13,S4,Home,HO-318,receipt,16,0
2024-06-13,S4,Home,HO-600,sale,-4,0
2024-06-13,S4,Apparel,AP-292,return,3,0
2024-06-13,S4,Electronics,EL-375,return,2,0
2024-06-13,S4,Apparel,AP-167,sale,-5,0
2024-06-13,S4,Grocery,GR-942,receipt,56,0
2024-06-13,S4,Apparel,AP-762,sale,-1,0
2024-06-13,S4,Home,HO-242,sale,-4,0
2024-06-13,S4,Home,HO-471,sale,-6,0
2024-06-13,S4,Apparel,AP-632,sale,-3,0
2024-06-13,S5,Electronics,EL-791,count,0,-1
2024-06-13,S5,Home,HO-472,sale,-5,0
2024-06-13,S5,Electronics,EL-943,receipt,39,0
2024-06-13,S5,Grocery,GR-534,sale,-2,0
2024-06-13,S5,Home,HO-579,sale,-5,0
2024-06-13,S5,Home,HO-148,return,2,0
2024-06-13,S5,Apparel,AP-495,return,2,0
2024-06-13,S5,Home,HO-385,sale,-3,0
2024-06-14,S1,Home,HO-924,count,0,0
2024-06-14,S1,Home,HO-344,sale,-1,0
2024-06-14,S1,Grocery,GR-932,count,0,-1
2024-06-14,S1,Home,HO-250,sale,-6,0
2024-06-14,S1,Electronics,EL-143,sale,-4,0
2024-06-14,S1,Grocery,GR-784,receipt,54,0
2024-06-14,S1,Apparel,AP-951,sale,-1,0
2024-06-14,S1,Grocery,GR-983,sale,-4,0
2024-06-14,S1,Grocery,GR-540,count,0,0
2024-06-14,S2,Home,HO-586,sale,-4,0
2024-06-14,S2,Electronics,EL-657,sale,-4,0
2024-06-14,S2,Electronics,EL-101,sale,-4,0
2024-06-14,S2,Grocery,GR-742,sale,-5,0
2024-06-14,S2,Grocery,GR-333,count,0,2
2024-06-14,S2,Home,HO-172,receipt,59,0
2024-06-14,S2,Home,HO-683,count,0,1
2024-06-14,S2,Grocery,GR-667,sale,-1,0
2024-06-14,S2,Grocery,GR-872,return,2,0
2024-06-14,S3,Home,HO-990,sale,-1,0
2024-06-14,S3,Home,HO-776,sale,-2,0
2024-06-14,S3,Home,HO-584,sale,-3,0
2024-06-14,S3,Apparel,AP-175,sale,-5,0
2024-06-14,S3,Grocery,GR-361,receipt,34,0
2024-06-14,S3,Electronics,EL-266,sale,-2,0
2024-06-14,S3,Grocery,GR-615,receipt,60,0
2024-06-14,S3,Grocery,GR-588,sale,-5,0
2024-06-14,S3,Home,HO-290,receipt,22,0
2024-06-14,S3,Grocery,GR-395,sale,-1,0
2024-06-14,S3,Apparel,AP-699,receipt,23,0
2024-06-14,S3,Grocery,GR-373,count,0,0
2024-06-14,S4,Home,HO-492,sale,-2,0
2024-06-14,S4,Home,HO-421,receipt,50,0
2024-06-14,S4,Grocery,GR-860,sale,-2,0
2024-06-14,S4,Apparel,AP-343,return,3,0
2024-06-14,S4,Home,HO-173,count,0,0
2024-06-14,S4,Home,HO-592,sale,-5,0
2024-06-14,S4,Apparel,AP-642,sale,-2,0
2024-06-14,S4,Home,HO-646,return,1,0
2024-06-14,S4,Apparel,AP-191,return,2,0
2024-06-14,S4,Apparel,AP-900,receipt,52,0
2024-06-14,S4,Home,HO-125,count,0,1
2024-06-14,S4,Electronics,EL-583,receipt,28,0
2024-06-14,S5,Grocery,GR-574,sale,-6,0
2024-06-14,S5,Electronics,EL-928,sale,-6,0
2024-06-14,S5,Electronics,EL-852,return,2,0
2024-06-14,S5,Electronics,EL-436,return,3,0
2024-06-14,S5,Apparel,AP-304,receipt,14,0
2024-06-14,S5,Grocery,GR-193,return,3,0
2024-06-14,S5,Electronics,EL-563,sale,-3,0
2024-06-14,S5,Apparel,AP-731,sale,-4,0
2024-06-14,S5,Grocery,GR-736,sale,-6,0
2024-06-14,S5,Electronics,EL-877,sale,-6,0
2024-06-14,S5,Grocery,GR-291,sale,-4,0
2024-06-14,S5,Home,HO-659,receipt,51,0
2024-06-14,S5,Apparel,AP-645,count,0,1
2024-06-15,S1,Electronics,EL-439,receipt,17,0
2024-06-15,S1,Grocery,GR-214,sale,-6,0
2024-06-15,S1,Grocery,GR-955,sale,-1,0
2024-06-15,S1,Electronics,EL-374,count,0,1
2024-06-15,S1,Home,HO-378,receipt,38,0
2024-06-15,S1,Grocery,GR-450,receipt,20,0
2024-06-15,S1,Electronics,EL-186,sale,-4,0
2024-06-15,S1,Grocery,GR-373,sale,-4,0
2024-06-15,S1,Apparel,AP-315,return,3,0
2024-06-15,S1,Home,HO-150,return,2,0
2024-06-15,S1,Electronics,EL-899,sale,-3,0
2024-06-15,S1,Home,HO-639,sale,-1,0
2024-06-15,S2,Grocery,GR-957,sale,-5,0
2024-06-15,S2,Apparel,AP-596,return,3,0
2024-06-15,S2,Electronics,EL-657,return,1,0
2024-06-15,S2,Grocery,GR-145,return,3,0
2024-06-15,S2,Grocery,GR-466,return,2,0
2024-06-15,S2,Home,HO-420,sale,-2,0
2024-06-15,S2,Home,HO-166,receipt,52,0
2024-06-15,S2,Grocery,GR-355,return,3,0
2024-06-15,S2,Home,HO-827,sale,-6,0
2024-06-15,S2,Apparel,AP-805,count,0,1
2024-06-15,S2,Home,HO-922,sale,-4,0
2024-06-15,S2,Home,HO-477,sale,-1,0
2024-06-15,S2,Electronics,EL-607,return,2,0
2024-06-15,S2,Grocery,GR-908,return,2,0
2024-06-15,S2,Electronics,EL-655,sale,-6,0
2024-06-15,S3,Apparel,AP-554,sale,-5,0
2024-06-15,S3,Electronics,EL-744,sale,-3,0
2024-06-15,S3,Grocery,GR-189,return,2,0
2024-06-15,S3,Grocery,GR-403,sale,-1,0
2024-06-15,S3,Apparel,AP-105,count,0,0
2024-06-15,S3,Electronics,EL-820,sale,-6,0
2024-06-15,S3,Apparel,AP-307,sale,-4,0
2024-06-15,S3,Grocery,GR-898,sale,-5,0
2024-06-15,S3,Grocery,GR-626,sale,-1,0
2024-06-15,S4,Home,HO-139,receipt,60,0
2024-06-15,S4,Apparel,AP-326,sale,-3,0
2024-06-15,S4,Electronics,EL-686,receipt,38,0
2024-06-15,S4,Electronics,EL-368,sale,-4,0
2024-06-15,S4,Home,HO-266,count,0,0
2024-06-15,S4,Home,HO-970,return,1,0
2024-06-15,S4,Home,HO-621,sale,-5,0
2024-06-15,S4,Apparel,AP-124,return,3,0
2024-06-15,S5,Grocery,GR-173,sale,-6,0
2024-06-15,S5,Home,HO-492,sale,-1,0
2024-06-15,S5,Electronics,EL-187,sale,-2,0
2024-06-15,S5,Home,HO-885,sale,-3,0
2024-06-15,S5,Apparel,AP-304,receipt,36,0
2024-06-15,S5,Electronics,EL-524,sale,-6,0
2024-06-15,S5,Grocery,GR-791,receipt,36,0
2024-06-15,S5,Home,HO-467,sale,-3,0
2024-06-15,S5,Home,HO-160,count,0,2
2024-06-15,S5,Grocery,GR-982,sale,-5,0
2024-06-16,S1,Apparel,AP-856,sale,-2,0
2024-06-16,S1,Home,HO-711,sale,-5,0
2024-06-16,S1,Apparel,AP-822,receipt,24,0
2024-06-16,S1,Home,HO-512,count,0,-2
2024-06-16,S1,Apparel,AP-173,count,0,-1
2024-06-16,S1,Home,HO-847,sale,-3,0
2024-06-16,S1,Home,HO-456,sale,-2,0
2024-06-16,S1,Home,HO-535,sale,-3,0
2024-06-16,S1,Electronics,EL-653,sale,-6,0
2024-06-16,S1,Grocery,GR-219,sale,-2,0
2024-06-16,S1,Home,HO-587,sale,-2,0
2024-06-16,S1,Grocery,GR-635,sale,-4,0
2024-06-16,S1,Apparel,AP-778,return,3,0
2024-06-16,S1,Electronics,EL-918,return,3,0
2024-06-16,S1,Electronics,EL-567,sale,-1,0
2024-06-16,S2,Home,HO-106,return,2,0
2024-06-16,S2,Apparel,AP-803,sale,-5,0
2024-06-16,S2,Grocery,GR-239,sale,-4,0
2024-06-16,S2,Grocery,GR-502,sale,-1,0
2024-06-16,S2,Apparel,AP-750,receipt,18,0
2024-06-16,S2,Home,HO-555,count,0,2
2024-06-16,S2,Electronics,EL-185,receipt,47,0
2024-06-16,S2,Electronics,EL-359,sale,-4,0
2024-06-16,S2,Home,HO-650,return,2,0
2024-06-16,S2,Home,HO-430,sale,-4,0
2024-06-16,S2,Apparel,AP-181,sale,-1,0
2024-06-16,S2,Grocery,GR-312,count,0,2
2024-06-16,S3,Electronics,EL-883,count,0,-4
2024-06-16,S3,Home,HO-149,return,3,0
2024-06-16,S3,Grocery,GR-348,sale,-4,0
2024-06-16,S3,Apparel,AP-393,return,2,0
2024-06-16,S3,Electronics,EL-832,sale,-6,0
2024-06-16,S3,Apparel,AP-966,sale,-4,0
2024-06-16,S3,Home,HO-274,sale,-5,0
2024-06-16,S3,Electronics,EL-503,sale,-3,0
2024-06-16,S4,Grocery,GR-830,sale,-3,0
2024-06-16,S4,Apparel,AP-630,count,0,-1
2024-06-16,S4,Electronics,EL-663,sale,-4,0
2024-06-16,S4,Grocery,GR-719,count,0,1
2024-06-16,S4,Home,HO-930,count,0,1
2024-06-16,S4,Electronics,EL-674,sale,-4,0
2024-06-16,S4,Home,HO-945,sale,-1,0
2024-06-16,S4,Electronics,EL-625,sale,-5,0
2024-06-16,S4,Electronics,EL-754,count,0,2
2024-06-16,S4,Home,HO-484,count,0,-1
2024-06-16,S4,Grocery,GR-148,sale,-1,0
2024-06-16,S4,Electronics,EL-110,sale,-5,0
2024-06-16,S4,Electronics,EL-438,sale,-3,0
2024-06-16,S4,Electronics,EL-443,count,0,2
2024-06-16,S4,Apparel,AP-882,count,0,1
2024-06-16,S5,Home,HO-143,return,1,0
2024-06-16,S5,Electronics,EL-655,return,2,0
2024-06-16,S5,Grocery,GR-361,count,0,0
2024-06-16,S5,Apparel,AP-373,sale,-2,0
2024-06-16,S5,Apparel,AP-824,count,0,1
2024-06-16,S5,Grocery,GR-596,sale,-3,0
2024-06-16,S5,Home,HO-579,count,0,2
2024-06-16,S5,Apparel,AP-372,return,2,0
2024-06-16,S5,Home,HO-224,return,1,0
2024-06-16,S5,Grocery,GR-391,count,0,2
2024-06-16,S5,Home,HO-243,sale,-5,0
2024-06-16,S5,Home,HO-557,sale,-4,0
2024-06-16,S5,Grocery,GR-973,sale,-2,0
2024-06-16,S5,Apparel,AP-100,sale,-5,0
2024-06-16,S5,Grocery,GR-602,count,0,1
2024-06-17,S1,Grocery,GR-885,sale,-1,0
2024-06-17,S1,Home,HO-466,count,0,-2
2024-06-17,S1,Home,HO-667,sale,-1,0
2024-06-17,S1,Apparel,AP-592,sale,-3,0
2024-06-17,S1,Electronics,EL-374,return,3,0
2024-06-17,S1,Home,HO-233,sale,-1,0
2024-06-17,S1,Apparel,AP-414,sale,-3,0
2024-06-17,S1,Grocery,GR-665,sale,-4,0
2024-06-17,S1,Apparel,AP-854,return,1,0
2024-06-17,S1,Electronics,EL-926,count,0,2
2024-06-17,S1,Apparel,AP-454,sale,-6,0
2024-06-17,S1,Grocery,GR-930,sale,-4,0
2024-06-17,S1,Home,HO-705,receipt,51,0
2024-06-17,S1,Apparel,AP-575,return,3,0
2024-06-17,S1,Grocery,GR-468,sale,-3,0
2024-06-17,S1,Home,HO-273,sale,-6,0
2024-06-17,S2,Electronics,EL-147,receipt,11,0
2024-06-17,S2,Home,HO-743,sale,-1,0
2024-06-17,S2,Grocery,GR-855,sale,-6,0
2024-06-17,S2,Grocery,GR-244,return,3,0
2024-06-17,S2,Electronics,EL-542,return,3,0
2024-06-17,S2,Electronics,EL-913,sale,-4,0
2024-06-17,S2,Apparel,AP-420,count,0,0
2024-06-17,S2,Apparel,AP-543,sale,-1,0
2024-06-17,S3,Apparel,AP-877,return,2,0
2024-06-17,S3,Home,HO-841,sale,-4,0
2024-06-17,S3,Electronics,EL-399,sale,-3,0
2024-06-17,S3,Electronics,EL-273,sale,-3,0
2024-06-17,S3,Electronics,EL-921,return,2,0
2024-06-17,S3,Home,HO-792,receipt,20,0
2024-06-17,S3,Electronics,EL-522,sale,-4,0
2024-06-17,S3,Home,HO-561,sale,-6,0
2024-06-17,S3,Home,HO-709,receipt,59,0
2024-06-17,S3,Apparel,AP-323,sale,-5,0
2024-06-17,S3,Grocery,GR-905,sale,-4,0
2024-06-17,S3,Grocery,GR-390,sale,-3,0
2024-06-17,S3,Electronics,EL-196,sale,-4,0
2024-06-17,S3,Apparel,AP-395,receipt,12,0
2024-06-17,S3,Grocery,GR-933,sale,-3,0
2024-06-17,S3,Home,HO-893,return,3,0
2024-06-17,S4,Apparel,AP-625,return,2,0
2024-06-17,S4,Electronics,EL-144,sale,-3,0
2024-06-17,S4,Apparel,AP-797,sale,-3,0
2024-06-17,S4,Grocery,GR-309,sale,-3,0
2024-06-17,S4,Home,HO-690,sale,-2,0
2024-06-17,S4,Apparel,AP-674,sale,-4,0
2024-06-17,S4,Home,HO-119,sale,-5,0
2024-06-17,S4,Electronics,EL-898,sale,-6,0
2024-06-17,S4,Apparel,AP-754,receipt,49,0
2024-06-17,S4,Apparel,AP-222,receipt,15,0
2024-06-17,S4,Apparel,AP-627,receipt,18,0
2024-06-17,S4,Home,HO-215,sale,-5,0
2024-06-17,S4,Home,HO-175,sale,-2,0
2024-06-17,S4,Apparel,AP-161,receipt,12,0
2024-06-17,S5,Home,HO-337,sale,-6,0
2024-06-17,S5,Apparel,AP-907,sale,-2,0
2024-06-17,S5,Grocery,GR-133,sale,-2,0
2024-06-17,S5,Grocery,GR-234,sale,-5,0
2024-06-17,S5,Electronics,EL-133,count,0,-2
2024-06-17,S5,Home,HO-102,count,0,0
2024-06-17,S5,Grocery,GR-650,return,3,0
2024-06-17,S5,Apparel,AP-369,sale,-3,0
2024-06-17,S5,Grocery,GR-413,sale,-5,0
2024-06-17,S5,Apparel,AP-998,sale,-3,0
2024-06-17,S5,Home,HO-741,sale,-4,0
2024-06-18,S1,Home,HO-574,sale,-6,0
2024-06-18,S1,Electronics,EL-998,return,1,0
2024-06-18,S1,Grocery,GR-711,count,0,1
2024-06-18,S1,Apparel,AP-145,sale,-3,0
2024-06-18,S1,Grocery,GR-788,sale,-6,0
2024-06-18,S1,Home,HO-141,sale,-5,0
2024-06-18,S1,Home,HO-964,sale,-3,0
2024-06-18,S1,Grocery,GR-777,sale,-6,0
2024-06-18,S1,Grocery,GR-731,sale,-2,0
2024-06-18,S1,Apparel,AP-278,receipt,15,0
2024-06-18,S1,Electronics,EL-105,count,0,1
2024-06-18,S1,Home,HO-906,return,1,0
2024-06-18,S2,Apparel,AP-253,count,0,-2
2024-06-18,S2,Electronics,EL-332,count,0,-1
2024-06-18,S2,Apparel,AP-804,sale,-3,0
2024-06-18,S2,Apparel,AP-641,sale,-1,0
2024-06-18,S2,Electronics,EL-697,return,3,0
2024-06-18,S2,Apparel,AP-624,count,0,0
2024-06-18,S2,Electronics,EL-224,sale,-6,0
2024-06-18,S2,Apparel,AP-407,return,2,0
2024-06-18,S2,Electronics,EL-956,sale,-4,0
2024-06-18,S2,Grocery,GR-630,sale,-4,0
2024-06-18,S2,Home,HO-853,sale,-5,0
2024-06-18,S2,Grocery,GR-962,return,1,0
2024-06-18,S2,Home,HO-229,return,2,0
2024-06-18,S2,Home,HO-465,sale,-2,0
2024-06-18,S3,Home,HO-844,receipt,36,0
2024-06-18,S3,Apparel,AP-837,receipt,45,0
2024-06-18,S3,Apparel,AP-800,receipt,45,0
2024-06-18,S3,Electronics,EL-859,sale,-6,0
2024-06-18,S3,Home,HO-349,return,1,0
2024-06-18,S3,Grocery,GR-673,sale,-1,0
2024-06-18,S3,Home,HO-810,sale,-3,0
2024-06-18,S3,Electronics,EL-630,receipt,46,0
2024-06-18,S3,Home,HO-380,sale,-3,0
2024-06-18,S3,Home,HO-240,sale,-6,0
2024-06-18,S3,Home,HO-460,sale,-5,0
2024-06-18,S3,Grocery,GR-140,sale,-3,0
2024-06-18,S3,Home,HO-106,return,1,0
2024-06-18,S3,Grocery,GR-286,receipt,26,0
2024-06-18,S3,Grocery,GR-213,receipt,37,0
2024-06-18,S4,Grocery,GR-719,sale,-4,0
2024-06-18,S4,Grocery,GR-366,return,1,0
2024-06-18,S4,Home,HO-231,sale,-1,0
2024-06-18,S4,Electronics,EL-610,sale,-5,0
2024-06-18,S4,Apparel,AP-797,sale,-1,0
2024-06-18,S4,Grocery,GR-719,sale,-4,0
2024-06-18,S4,Electronics,EL-906,receipt,13,0
2024-06-18,S4,Apparel,AP-382,return,3,0
2024-06-18,S4,Grocery,GR-351,sale,-3,0
2024-06-18,S4,Electronics,EL-209,sale,-1,0
2024-06-18,S4,Electronics,EL-496,sale,-5,0
2024-06-18,S4,Home,HO-682,sale,-3,0
2024-06-18,S4,Grocery,GR-550,return,1,0
2024-06-18,S4,Home,HO-706,sale,-6,0
2024-06-18,S4,Apparel,AP-650,return,2,0
2024-06-18,S4,Electronics,EL-270,sale,-4,0
2024-06-18,S5,Electronics,EL-799,count,0,2
2024-06-18,S5,Apparel,AP-360,sale,-6,0
2024-06-18,S5,Electronics,EL-878,sale,-2,0
2024-06-18,S5,Grocery,GR-277,sale,-2,0
2024-06-18,S5,Grocery,GR-396,sale,-6,0
2024-06-18,S5,Electronics,EL-957,receipt,30,0
2024-06-18,S5,Electronics,EL-640,sale,-5,0
2024-06-18,S5,Electronics,EL-492,sale,-5,0
2024-06-18,S5,Apparel,AP-635,return,3,0
2024-06-19,S1,Grocery,GR-807,sale,-2,0
2024-06-19,S1,Apparel,AP-808,receipt,14,0
2024-06-19,S1,Apparel,AP-797,sale,-2,0
2024-06-19,S1,Grocery,GR-974,return,2,0
2024-06-19,S1,Electronics,EL-496,sale,-3,0
2024-06-19,S1,Grocery,GR-553,return,2,0
2024-06-19,S1,Electronics,EL-601,sale,-1,0
2024-06-19,S1,Grocery,GR-720,sale,-2,0
2024-06-19,S1,Home,HO-766,count,0,1
2024-06-19,S1,Grocery,GR-715,sale,-5,0
2024-06-19,S2,Home,HO-398,sale,-3,0
2024-06-19,S2,Electronics,EL-741,sale,-5,0
2024-06-19,S2,Grocery,GR-936,sale,-2,0
2024-06-19,S2,Apparel,AP-498,receipt,58,0
2024-06-19,S2,Electronics,EL-431,sale,-5,0
2024-06-19,S2,Home,HO-672,sale,-6,0
2024-06-19,S2,Apparel,AP-986,receipt,43,0
2024-06-19,S2,Apparel,AP-410,sale,-1,0
2024-06-19,S2,Home,HO-525,sale,-6,0
2024-06-19,S2,Apparel,AP-887,return,3,0
2024-06-19,S3,Electronics,EL-308,return,2,0
2024-06-19,S3,Home,HO-188,sale,-6,0
2024-06-19,S3,Electronics,EL-321,sale,-3,0
2024-06-19,S3,Grocery,GR-118,count,0,1
2024-06-19,S3,Electronics,EL-155,receipt,39,0
2024-06-19,S3,Home,HO-445,sale,-1,0
2024-06-19,S3,Grocery,GR-162,sale,-1,0
2024-06-19,S3,Electronics,EL-671,receipt,30,0
2024-06-19,S3,Home,HO-363,sale,-6,0
2024-06-19,S3,Home,HO-687,sale,-4,0
2024-06-19,S3,Home,HO-660,count,0,-2
2024-06-19,S4,Apparel,AP-177,sale,-4,0
2024-06-19,S4,Apparel,AP-856,return,2,0
2024-06-19,S4,Home,HO-406,receipt,51,0
2024-06-19,S4,Apparel,AP-145,return,3,0
2024-06-19,S4,Grocery,GR-168,sale,-4,0
2024-06-19,S4,Home,HO-768,return,3,0
2024-06-19,S4,Grocery,GR-906,count,0,1
2024-06-19,S4,Electronics,EL-884,sale,-5,0
2024-06-19,S4,Electronics,EL-421,receipt,10,0
2024-06-19,S4,Electronics,EL-619,sale,-5,0
2024-06-19,S4,Apparel,AP-564,sale,-5,0
2024-06-19,S4,Home,HO-221,sale,-5,0
2024-06-19,S4,Electronics,EL-796,receipt,48,0
2024-06-19,S4,Grocery,GR-289,sale,-2,0
2024-06-19,S5,Electronics,EL-113,sale,-1,0
2024-06-19,S5,Grocery,GR-276,sale,-3,0
2024-06-19,S5,Apparel,AP-297,sale,-2,0
2024-06-19,S5,Apparel,AP-582,count,0,-1
2024-06-19,S5,Grocery,GR-854,sale,-1,0
2024-06-19,S5,Apparel,AP-554,receipt,25,0
2024-06-19,S5,Apparel,AP-248,sale,-1,0
2024-06-19,S5,Home,HO-356,sale,-4,0
2024-06-19,S5,Home,HO-918,sale,-2,0
2024-06-19,S5,Grocery,GR-957,sale,-4,0
2024-06-19,S5,Grocery,GR-707,sale,-3,0
2024-06-19,S5,Apparel,AP-315,sale,-2,0
2024-06-20,S1,Home,HO-949,receipt,34,0
2024-06-20,S1,Electronics,EL-311,receipt,27,0
2024-06-20,S1,Electronics,EL-614,sale,-3,0
2024-06-20,S1,Grocery,GR-295,sale,-5,0
2024-06-20,S1,Apparel,AP-995,return,1,0
2024-06-20,S1,Grocery,GR-277,sale,-3,0
2024-06-20,S1,Apparel,AP-146,return,3,0
2024-06-20,S1,Apparel,AP-414,sale,-2,0
2024-06-20,S1,Electronics,EL-145,sale,-5,0
2024-06-20,S1,Electronics,EL-961,return,3,0
2024-06-20,S1,Home,HO-784,sale,-2,0
2024-06-20,S2,Apparel,AP-990,sale,-1,0
2024-06-20,S2,Home,HO-501,return,1,0
2024-06-20,S2,Home,HO-528,receipt,59,0
2024-06-20,S2,Apparel,AP-467,sale,-3,0
2024-06-20,S2,Apparel,AP-623,return,2,0
2024-06-20,S2,Home,HO-854,count,0,0
2024-06-20,S2,Home,HO-487,sale,-5,0
2024-06-20,S2,Grocery,GR-626,count,0,-1
2024-06-20,S2,Grocery,GR-324,count,0,-2
2024-06-20,S2,Electronics,EL-809,receipt,21,0
2024-06-20,S2,Electronics,EL-670,receipt,13,0
2024-06-20,S2,Home,HO-258,return,1,0
2024-06-20,S2,Home,HO-442,sale,-5,0
2024-06-20,S3,Grocery,GR-178,receipt,57,0
2024-06-20,S3,Electronics,EL-597,sale,-6,0
2024-06-20,S3,Home,HO-401,return,1,0
2024-06-20,S3,Electronics,EL-242,count,0,-4
2024-06-20,S3,Apparel,AP-365,receipt,37,0
2024-06-20,S3,Apparel,AP-397,count,0,-1
2024-06-20,S3,Electronics,EL-106,return,1,0
2024-06-20,S3,Home,HO-212,receipt,50,0
2024-06-20,S3,Grocery,GR-739,sale,-4,0
2024-06-20,S3,Grocery,GR-942,sale,-2,0
2024-06-20,S3,Apparel,AP-710,receipt,59,0
2024-06-20,S3,Electronics,EL-878,sale,-2,0
2024-06-20,S3,Home,HO-993,count,0,0
2024-06-20,S3,Apparel,AP-503,return,2,0
2024-06-20,S3,Home,HO-597,count,0,-2
2024-06-20,S3,Apparel,AP-489,sale,-4,0
2024-06-20,S4,Grocery,GR-157,count,0,-2
2024-06-20,S4,Electronics,EL-492,receipt,41,0
2024-06-20,S4,Apparel,AP-822,count,0,0
2024-06-20,S4,Grocery,GR-649,sale,-5,0
2024-06-20,S4,Electronics,EL-688,return,3,0
2024-06-20,S4,Home,HO-654,receipt,44,0
2024-06-20,S4,Grocery,GR-903,return,1,0
2024-06-20,S4,Electronics,EL-571,receipt,57,0
2024-06-20,S4,Grocery,GR-366,receipt,54,0
2024-06-20,S4,Home,HO-440,count,0,-1
2024-06-20,S4,Electronics,EL-129,return,2,0
2024-06-20,S4,Grocery,GR-325,sale,-6,0
2024-06-20,S4,Grocery,GR-446,return,2,0
2024-06-20,S4,Electronics,EL-197,sale,-6,0
2024-06-20,S5,Apparel,AP-323,sale,-2,0
2024-06-20,S5,Home,HO-843,receipt,35,0
2024-06-20,S5,Home,HO-571,sale,-4,0
2024-06-20,S5,Electronics,EL-541,sale,-1,0
2024-06-20,S5,Grocery,GR-548,sale,-2,0
2024-06-20,S5,Grocery,GR-376,receipt,46,0
2024-06-20,S5,Home,HO-642,receipt,41,0
2024-06-20,S5,Electronics,EL-818,sale,-1,0
2024-06-20,S5,Home,HO-276,sale,-3,0
2024-06-20,S5,Electronics,EL-358,sale,-6,0
2024-06-20,S5,Home,HO-282,return,1,0
2024-06-20,S5,Home,HO-615,sale,-3,0
2024-06-21,S1,Home,HO-105,count,0,-1
2024-06-21,S1,Apparel,AP-665,sale,-2,0
2024-06-21,S1,Electronics,EL-726,sale,-5,0
2024-06-21,S1,Electronics,EL-468,count,0,-2
2024-06-21,S1,Electronics,EL-640,return,3,0
2024-06-21,S1,Apparel,AP-494,count,0,-1
2024-06-21,S1,Grocery,GR-285,sale,-1,0
2024-06-21,S1,Home,HO-629,sale,-2,0
2024-06-21,S1,Apparel,AP-275,sale,-5,0
2024-06-21,S1,Grocery,GR-324,count,0,-1
2024-06-21,S1,Electronics,EL-702,count,0,-1
2024-06-21,S2,Apparel,AP-514,sale,-6,0
2024-06-21,S2,Home,HO-590,return,3,0
2024-06-21,S2,Grocery,GR-671,sale,-3,0
2024-06-21,S2,Apparel,AP-584,sale,-2,0
2024-06-21,S2,Grocery,GR-526,receipt,37,0
2024-06-21,S2,Electronics,EL-405,receipt,58,0
2024-06-21,S2,Home,HO-908,sale,-2,0
2024-06-21,S2,Apparel,AP-578,sale,-3,0
2024-06-21,S2,Grocery,GR-497,count,0,0
2024-06-21,S2,Grocery,GR-511,sale,-1,0
2024-06-21,S3,Apparel,AP-207,count,0,2
2024-06-21,S3,Apparel,AP-515,count,0,0
2024-06-21,S3,Grocery,GR-826,count,0,0
2024-06-21,S3,Apparel,AP-529,receipt,51,0
2024-06-21,S3,Electronics,EL-123,count,0,-4
2024-06-21,S3,Home,HO-429,sale,-2,0
2024-06-21,S3,Home,HO-395,sale,-1,0
2024-06-21,S3,Electronics,EL-998,sale,-1,0
2024-06-21,S3,Electronics,EL-852,return,2,0
2024-06-21,S3,Home,HO-162,sale,-3,0
2024-06-21,S3,Grocery,GR-569,sale,-1,0
2024-06-21,S3,Electronics,EL-668,return,1,0
2024-06-21,S4,Home,HO-638,count,0,1
2024-06-21,S4,Apparel,AP-176,sale,-4,0
2024-06-21,S4,Apparel,AP-174,sale,-2,0
2024-06-21,S4,Electronics,EL-659,return,3,0
2024-06-21,S4,Grocery,GR-699,sale,-5,0
2024-06-21,S4,Electronics,EL-382,sale,-3,0
2024-06-21,S4,Home,HO-749,return,3,0
2024-06-21,S4,Home,HO-729,return,1,0
2024-06-21,S4,Apparel,AP-280,sale,-4,0
2024-06-21,S4,Apparel,AP-213,sale,-1,0
2024-06-21,S4,Grocery,GR-259,sale,-4,0
2024-06-21,S5,Home,HO-832,count,0,1
2024-06-21,S5,Apparel,AP-791,sale,-5,0
2024-06-21,S5,Home,HO-544,sale,-4,0
2024-06-21,S5,Home,HO-614,sale,-6,0
2024-06-21,S5,Apparel,AP-306,sale,-3,0
2024-06-21,S5,Home,HO-442,receipt,48,0
2024-06-21,S5,Home,HO-642,receipt,29,0
2024-06-21,S5,Electronics,EL-303,receipt,25,0
2024-06-21,S5,Apparel,AP-909,return,2,0
2024-06-21,S5,Home,HO-351,count,0,-1
2024-06-21,S5,Home,HO-768,sale,-4,0
2024-06-21,S5,Home,HO-329,return,2,0
2024-06-21,S5,Apparel,AP-800,count,0,1
2024-06-21,S5,Electronics,EL-895,sale,-1,0
2024-06-22,S1,Apparel,AP-128,sale,-3,0
2024-06-22,S1,Electronics,EL-762,sale,-3,0
2024-06-22,S1,Grocery,GR-180,count,0,1
2024-06-22,S1,Home,HO-875,return,2,0
2024-06-22,S1,Apparel,AP-293,return,1,0
2024-06-22,S1,Apparel,AP-978,return,3,0
2024-06-22,S1,Electronics,EL-249,sale,-3,0
2024-06-22,S1,Home,HO-183,sale,-5,0
2024-06-22,S1,Electronics,EL-644,sale,-1,0
2024-06-22,S1,Electronics,EL-389,sale,-1,0
2024-06-22,S1,Apparel,AP-935,receipt,47,0
2024-06-22,S1,Apparel,AP-870,return,3,0
2024-06-22,S2,Home,HO-336,return,3,0
2024-06-22,S2,Electronics,EL-306,return,3,0
2024-06-22,S2,Grocery,GR-126,sale,-2,0
2024-06-22,S2,Home,HO-870,count,0,1
2024-06-22,S2,Electronics,EL-640,count,0,1
2024-06-22,S2,Apparel,AP-534,receipt,20,0
2024-06-22,S2,Apparel,AP-167,receipt,14,0
2024-06-22,S2,Electronics,EL-995,sale,-6,0
2024-06-22,S2,Electronics,EL-798,count,0,1
2024-06-22,S2,Home,HO-721,sale,-1,0
2024-06-22,S2,Apparel,AP-570,sale,-3,0
2024-06-22,S3,Electronics,EL-924,sale,-4,0
2024-06-22,S3,Apparel,AP-775,receipt,33,0
2024-06-22,S3,Grocery,GR-756,sale,-2,0
2024-06-22,S3,Apparel,AP-429,sale,-3,0
2024-06-22,S3,Apparel,AP-346,sale,-2,0
2024-06-22,S3,Apparel,AP-731,receipt,10,0
2024-06-22,S3,Home,HO-543,receipt,27,0
2024-06-22,S3,Grocery,GR-704,sale,-6,0
2024-06-22,S3,Electronics,EL-210,return,2,0
2024-06-22,S3,Grocery,GR-138,receipt,13,0
2024-06-22,S3,Home,HO-230,return,1,0
2024-06-22,S3,Grocery,GR-813,sale,-3,0
2024-06-22,S3,Electronics,EL-588,sale,-1,0
2024-06-22,S3,Apparel,AP-795,sale,-1,0
2024-06-22,S4,Apparel,AP-908,sale,-3,0
2024-06-22,S4,Apparel,AP-313,return,3,0
2024-06-22,S4,Apparel,AP-460,sale,-1,0
2024-06-22,S4,Home,HO-575,return,2,0
2024-06-22,S4,Apparel,AP-383,sale,-4,0
2024-06-22,S4,Grocery,GR-210,sale,-3,0
2024-06-22,S4,Apparel,AP-879,count,0,0
2024-06-22,S4,Apparel,AP-818,sale,-1,0
2024-06-22,S4,Apparel,AP-639,receipt,13,0
2024-06-22,S4,Apparel,AP-459,receipt,42,0
2024-06-22,S4,Home,HO-669,count,0,2
2024-06-22,S4,Apparel,AP-878,sale,-3,0
2024-06-22,S4,Apparel,AP-973,sale,-4,0
2024-06-22,S5,Grocery,GR-163,receipt,26,0
2024-06-22,S5,Electronics,EL-179,count,0,2
2024-06-22,S5,Apparel,AP-550,sale,-2,0
2024-06-22,S5,Apparel,AP-336,receipt,27,0
2024-06-22,S5,Electronics,EL-102,return,3,0
2024-06-22,S5,Grocery,GR-553,sale,-4,0
2024-06-22,S5,Electronics,EL-931,count,0,1
2024-06-22,S5,Apparel,AP-836,sale,-3,0
2024-06-22,S5,Grocery,GR-376,return,1,0
2024-06-22,S5,Home,HO-960,receipt,19,0
2024-06-22,S5,Grocery,GR-279,sale,-6,0
2024-06-22,S5,Home,HO-445,return,2,0
2024-06-22,S5,Electronics,EL-792,sale,-4,0
2024-06-23,S1,Apparel,AP-142,sale,-1,0
2024-06-23,S1,Electronics,EL-577,count,0,-1
2024-06-23,S1,Grocery,GR-369,sale,-6,0
2024-06-23,S1,Grocery,GR-774,sale,-4,0
2024-06-23,S1,Apparel,AP-790,return,3,0
2024-06-23,S1,Home,HO-412,sale,-3,0
2024-06-23,S1,Electronics,EL-923,sale,-3,0
2024-06-23,S1,Home,HO-671,return,2,0
2024-06-23,S2,Home,HO-341,count,0,-1
2024-06-23,S2,Home,HO-666,count,0,2
2024-06-23,S2,Grocery,GR-410,return,3,0
2024-06-23,S2,Grocery,GR-659,return,2,0
2024-06-23,S2,Electronics,EL-216,receipt,58,0
2024-06-23,S2,Grocery,GR-386,receipt,50,0
2024-06-23,S2,Apparel,AP-207,receipt,18,0
2024-06-23,S2,Electronics,EL-527,sale,-1,0
2024-06-23,S2,Grocery,GR-464,sale,-4,0
2024-06-23,S2,Grocery,GR-612,receipt,36,0
2024-06-23,S2,Electronics,EL-563,count,0,0
2024-06-23,S3,Electronics,EL-111,sale,-1,0
2024-06-23,S3,Home,HO-771,sale,-4,0
2024-06-23,S3,Apparel,AP-435,sale,-1,0
2024-06-23,S3,Electronics,EL-791,sale,-6,0
2024-06-23,S3,Grocery,GR-115,receipt,52,0
2024-06-23,S3,Apparel,AP-399,receipt,31,0
2024-06-23,S3,Electronics,EL-973,sale,-5,0
2024-06-23,S3,Apparel,AP-790,receipt,28,0
2024-06-23,S3,Grocery,GR-269,return,3,0
2024-06-23,S4,Electronics,EL-927,sale,-1,0
2024-06-23,S4,Grocery,GR-384,sale,-2,0
2024-06-23,S4,Electronics,EL-516,sale,-2,0
2024-06-23,S4,Home,HO-233,count,0,-2
2024-06-23,S4,Home,HO-439,sale,-1,0
2024-06-23,S4,Grocery,GR-859,sale,-5,0
2024-06-23,S4,Home,HO-700,sale,-4,0
2024-06-23,S4,Home,HO-967,sale,-4,0
2024-06-23,S4,Home,HO-186,sale,-3,0
2024-06-23,S5,Grocery,GR-704,receipt,43,0
2024-06-23,S5,Electronics,EL-556,sale,-4,0
2024-06-23,S5,Apparel,AP-658,sale,-5,0
2024-06-23,S5,Apparel,AP-922,count,0,-1
2024-06-23,S5,Grocery,GR-278,sale,-3,0
2024-06-23,S5,Home,HO-637,sale,-5,0
2024-06-23,S5,Home,HO-551,return,3,0
2024-06-23,S5,Electronics,EL-869,sale,-4,0
2024-06-23,S5,Electronics,EL-788,sale,-3,0
2024-06-23,S5,Electronics,EL-753,return,1,0
2024-06-23,S5,Apparel,AP-956,return,2,0
2024-06-23,S5,Grocery,GR-638,sale,-1,0
2024-06-23,S5,Apparel,AP-897,sale,-5,0
2024-06-23,S5,Grocery,GR-443,sale,-2,0
2024-06-24,S1,Apparel,AP-528,count,0,2
2024-06-24,S1,Grocery,GR-636,count,0,-1
2024-06-24,S1,Grocery,GR-570,count,0,0
2024-06-24,S1,Electronics,EL-128,count,0,2
2024-06-24,S1,Electronics,EL-733,sale,-2,0
2024-06-24,S1,Grocery,GR-663,sale,-4,0
2024-06-24,S1,Apparel,AP-901,return,1,0
2024-06-24,S1,Grocery,GR-440,receipt,16,0
2024-06-24,S1,Grocery,GR-558,sale,-3,0
2024-06-24,S2,Home,HO-805,sale,-6,0
2024-06-24,S2,Electronics,EL-658,sale,-2,0
2024-06-24,S2,Apparel,AP-595,return,2,0
2024-06-24,S2,Home,HO-837,sale,-2,0
2024-06-24,S2,Electronics,EL-101,return,1,0
2024-06-24,S2,Apparel,AP-907,sale,-1,0
2024-06-24,S2,Apparel,AP-599,sale,-1,0
2024-06-24,S2,Electronics,EL-630,receipt,50,0
2024-06-24,S2,Home,HO-245,sale,-6,0
2024-06-24,S2,Grocery,GR-353,sale,-6,0
2024-06-24,S2,Grocery,GR-374,count,0,1
2024-06-24,S2,Home,HO-810,sale,-2,0
2024-06-24,S3,Apparel,AP-526,return,1,0
2024-06-24,S3,Home,HO-815,sale,-2,0
2024-06-24,S3,Grocery,GR-735,sale,-2,0
2024-06-24,S3,Home,HO-257,return,3,0
2024-06-24,S3,Apparel,AP-131,sale,-4,0
2024-06-24,S3,Home,HO-214,sale,-1,0
2024-06-24,S3,Grocery,GR-293,sale,-6,0
2024-06-24,S3,Home,HO-551,sale,-4,0
2024-06-24,S3,Grocery,GR-859,sale,-5,0
2024-06-24,S3,Grocery,GR-967,sale,-2,0
2024-06-24,S3,Apparel,AP-335,sale,-1,0
2024-06-24,S3,Grocery,GR-141,count,0,0
2024-06-24,S3,Home,HO-333,count,0,0
2024-06-24,S3,Grocery,GR-122,count,0,-1
2024-06-24,S4,Apparel,AP-197,receipt,41,0
2024-06-24,S4,Home,HO-596,receipt,40,0
2024-06-24,S4,Electronics,EL-911,return,2,0
2024-06-24,S4,Electronics,EL-948,return,2,0
2024-06-24,S4,Apparel,AP-484,receipt,19,0
2024-06-24,S4,Home,HO-238,return,1,0
2024-06-24,S4,Electronics,EL-215,return,3,0
2024-06-24,S4,Electronics,EL-172,receipt,21,0
2024-06-24,S4,Grocery,GR-862,return,3,0
2024-06-24,S4,Home,HO-451,sale,-6,0
2024-06-24,S4,Electronics,EL-516,count,0,-2
2024-06-24,S4,Apparel,AP-273,return,3,0
2024-06-24,S4,Home,HO-185,sale,-3,0
2024-06-24,S4,Grocery,GR-353,sale,-5,0
2024-06-24,S5,Apparel,AP-174,count,0,2
2024-06-24,S5,Apparel,AP-761,count,0,2
2024-06-24,S5,Grocery,GR-439,sale,-2,0
2024-06-24,S5,Electronics,EL-343,sale,-2,0
2024-06-24,S5,Electronics,EL-586,return,1,0
2024-06-24,S5,Home,HO-836,sale,-1,0
2024-06-24,S5,Electronics,EL-639,return,2,0
2024-06-24,S5,Grocery,GR-357,count,0,1
2024-06-24,S5,Grocery,GR-190,count,0,1
2024-06-24,S5,Grocery,GR-401,return,1,0
2024-06-24,S5,Home,HO-679,sale,-2,0
2024-06-25,S1,Grocery,GR-276,sale,-2,0
2024-06-25,S1,Grocery,GR-147,return,3,0
2024-06-25,S1,Apparel,AP-783,sale,-4,0
2024-06-25,S1,Apparel,AP-824,sale,-6,0
2024-06-25,S1,Apparel,AP-125,receipt,53,0
2024-06-25,S1,Electronics,EL-400,count,0,0
2024-06-25,S1,Grocery,GR-433,sale,-3,0
2024-06-25,S1,Apparel,AP-370,receipt,55,0
2024-06-25,S1,Grocery,GR-144,return,1,0
2024-06-25,S1,Electronics,EL-722,sale,-6,0
2024-06-25,S1,Grocery,GR-862,return,1,0
2024-06-25,S2,Grocery,GR-948,receipt,21,0
2024-06-25,S2,Apparel,AP-204,sale,-5,0
2024-06-25,S2,Electronics,EL-993,sale,-6,0
2024-06-25,S2,Home,HO-562,receipt,48,0
2024-06-25,S2,Home,HO-582,return,1,0
2024-06-25,S2,Electronics,EL-800,sale,-4,0
2024-06-25,S2,Electronics,EL-569,sale,-2,0
2024-06-25,S2,Apparel,AP-687,receipt,37,0
2024-06-25,S2,Apparel,AP-891,return,1,0
2024-06-25,S2,Electronics,EL-270,sale,-5,0
2024-06-25,S2,Electronics,EL-897,sale,-2,0
2024-06-25,S2,Apparel,AP-801,sale,-4,0
2024-06-25,S2,Grocery,GR-416,return,1,0
2024-06-25,S2,Electronics,EL-993,receipt,38,0
2024-06-25,S2,Apparel,AP-650,sale,-1,0
2024-06-25,S2,Apparel,AP-302,sale,-4,0
2024-06-25,S3,Home,HO-146,count,0,-1
2024-06-25,S3,Grocery,GR-993,receipt,18,0
2024-06-25,S3,Apparel,AP-503,return,1,0
2024-06-25,S3,Grocery,GR-567,return,1,0
2024-06-25,S3,Electronics,EL-876,return,1,0
2024-06-25,S3,Electronics,EL-916,sale,-5,0
2024-06-25,S3,Grocery,GR-758,receipt,39,0
2024-06-25,S3,Apparel,AP-213,sale,-6,0
2024-06-25,S3,Apparel,AP-635,sale,-2,0
2024-06-25,S3,Grocery,GR-395,count,0,2
2024-06-25,S4,Grocery,GR-609,receipt,30,0
2024-06-25,S4,Home,HO-873,receipt,44,0
2024-06-25,S4,Grocery,GR-432,sale,-3,0
2024-06-25,S4,Grocery,GR-175,receipt,48,0
2024-06-25,S4,Grocery,GR-515,sale,-2,0
2024-06-25,S4,Grocery,GR-466,receipt,33,0
2024-06-25,S4,Apparel,AP-694,sale,-6,0
2024-06-25,S4,Home,HO-850,return,2,0
2024-06-25,S4,Electronics,EL-561,return,3,0
2024-06-25,S4,Electronics,EL-244,receipt,11,0
2024-06-25,S4,Grocery,GR-773,sale,-2,0
2024-06-25,S4,Electronics,EL-399,receipt,10,0
2024-06-25,S5,Electronics,EL-362,sale,-1,0
2024-06-25,S5,Grocery,GR-421,return,1,0
2024-06-25,S5,Home,HO-983,receipt,12,0
2024-06-25,S5,Grocery,GR-760,count,0,-2
2024-06-25,S5,Home,HO-610,sale,-6,0
2024-06-25,S5,Apparel,AP-565,sale,-5,0
2024-06-25,S5,Grocery,GR-655,return,3,0
2024-06-25,S5,Grocery,GR-740,sale,-3,0
2024-06-25,S5,Electronics,EL-116,count,0,1
2024-06-25,S5,Grocery,GR-644,receipt,22,0
2024-06-25,S5,Electronics,EL-248,receipt,48,0
2024-06-25,S5,Electronics,EL-757,sale,-5,0
2024-06-25,S5,Grocery,GR-291,sale,-3,0
2024-06-25,S5,Electronics,EL-920,receipt,15,0
2024-06-26,S1,Home,HO-190,return,2,0
2024-06-26,S1,Grocery,GR-238,receipt,27,0
2024-06-26,S1,Grocery,GR-152,sale,-3,0
2024-06-26,S1,Apparel,AP-438,sale,-5,0
2024-06-26,S1,Home,HO-858,receipt,47,0
2024-06-26,S1,Electronics,EL-906,sale,-5,0
2024-06-26,S1,Home,HO-181,return,2,0
2024-06-26,S1,Apparel,AP-334,return,2,0
2024-06-26,S1,Grocery,GR-528,sale,-3,0
2024-06-26,S1,Grocery,GR-236,sale,-4,0
2024-06-26,S2,Apparel,AP-887,sale,-6,0
2024-06-26,S2,Grocery,GR-610,sale,-5,0
2024-06-26,S2,Apparel,AP-367,sale,-2,0
2024-06-26,S2,Home,HO-497,sale,-4,0
2024-06-26,S2,Apparel,AP-102,sale,-4,0
2024-06-26,S2,Electronics,EL-301,sale,-6,0
2024-06-26,S2,Apparel,AP-413,return,1,0
2024-06-26,S2,Electronics,EL-819,sale,-2,0
2024-06-26,S2,Home,HO-351,return,3,0
2024-06-26,S2,Electronics,EL-623,return,3,0
2024-06-26,S2,Home,HO-185,sale,-3,0
2024-06-26,S2,Home,HO-375,count,0,0
2024-06-26,S2,Grocery,GR-799,receipt,11,0
2024-06-26,S2,Grocery,GR-455,sale,-5,0
2024-06-26,S2,Grocery,GR-897,sale,-1,0
2024-06-26,S2,Apparel,AP-890,receipt,13,0
2024-06-26,S3,Grocery,GR-268,count,0,-2
2024-06-26,S3,Home,HO-579,count,0,2
2024-06-26,S3,Home,HO-951,count,0,1
2024-06-26,S3,Home,HO-447,sale,-5,0
2024-06-26,S3,Apparel,AP-505,return,2,0
2024-06-26,S3,Apparel,AP-434,return,1,0
2024-06-26,S3,Home,HO-729,receipt,20,0
2024-06-26,S3,Home,HO-227,return,2,0
2024-06-26,S4,Electronics,EL-513,sale,-2,0
2024-06-26,S4,Grocery,GR-355,sale,-6,0
2024-06-26,S4,Electronics,EL-584,sale,-4,0
2024-06-26,S4,Apparel,AP-550,sale,-1,0
2024-06-26,S4,Home,HO-406,return,1,0
2024-06-26,S4,Apparel,AP-747,sale,-5,0
2024-06-26,S4,Apparel,AP-112,return,2,0
2024-06-26,S4,Apparel,AP-150,sale,-2,0
2024-06-26,S5,Grocery,GR-903,return,2,0
2024-06-26,S5,Apparel,AP-709,receipt,31,0
2024-06-26,S5,Electronics,EL-168,sale,-2,0
2024-06-26,S5,Home,HO-993,sale,-2,0
2024-06-26,S5,Home,HO-958,count,0,-2
2024-06-26,S5,Electronics,EL-559,sale,-4,0
2024-06-26,S5,Apparel,AP-927,count,0,1
2024-06-26,S5,Home,HO-684,return,1,0
2024-06-26,S5,Grocery,GR-609,sale,-4,0
2024-06-26,S5,Electronics,EL-874,sale,-5,0
2024-06-26,S5,Apparel,AP-147,sale,-3,0
2024-06-26,S5,Home,HO-686,sale,-3,0
2024-06-26,S5,Home,HO-360,sale,-6,0
2024-06-26,S5,Electronics,EL-483,receipt,59,0
2024-06-26,S5,Apparel,AP-937,sale,-5,0
2024-06-26,S5,Grocery,GR-221,receipt,41,0
2024-06-27,S1,Home,HO-971,receipt,19,0
2024-06-27,S1,Grocery,GR-311,count,0,1
2024-06-27,S1,Home,HO-930,sale,-3,0
2024-06-27,S1,Home,HO-622,receipt,33,0
2024-06-27,S1,Apparel,AP-934,sale,-4,0
2024-06-27,S1,Electronics,EL-247,sale,-6,0
2024-06-27,S1,Grocery,GR-499,sale,-4,0
2024-06-27,S1,Electronics,EL-125,receipt,13,0
2024-06-27,S1,Electronics,EL-895,count,0,-2
2024-06-27,S1,Electronics,EL-770,sale,-5,0
2024-06-27,S1,Home,HO-911,sale,-4,0
2024-06-27,S2,Home,HO-793,sale,-2,0
2024-06-27,S2,Electronics,EL-451,count,0,-1
2024-06-27,S2,Grocery,GR-326,return,1,0
2024-06-27,S2,Apparel,AP-734,sale,-2,0
2024-06-27,S2,Grocery,GR-503,return,3,0
2024-06-27,S2,Home,HO-680,sale,-5,0
2024-06-27,S2,Grocery,GR-247,sale,-1,0
2024-06-27,S2,Home,HO-473,sale,-3,0
2024-06-27,S2,Apparel,AP-513,sale,-5,0
2024-06-27,S3,Home,HO-729,receipt,28,0
2024-06-27,S3,Grocery,GR-583,sale,-1,0
2024-06-27,S3,Apparel,AP-333,sale,-5,0
2024-06-27,S3,Home,HO-618,sale,-5,0
2024-06-27,S3,Apparel,AP-499,return,3,0
2024-06-27,S3,Home,HO-149,sale,-6,0
2024-06-27,S3,Apparel,AP-120,receipt,21,0
2024-06-27,S3,Grocery,GR-930,sale,-3,0
2024-06-27,S3,Apparel,AP-598,receipt,38,0
2024-06-27,S3,Apparel,AP-633,sale,-6,0
2024-06-27,S3,Electronics,EL-552,sale,-4,0
2024-06-27,S3,Apparel,AP-869,sale,-3,0
2024-06-27,S3,Apparel,AP-497,receipt,34,0
2024-06-27,S4,Home,HO-811,receipt,52,0
2024-06-27,S4,Electronics,EL-901,sale,-2,0
2024-06-27,S4,Grocery,GR-795,sale,-1,0
2024-06-27,S4,Apparel,AP-966,sale,-4,0
2024-06-27,S4,Home,HO-218,count,0,0
2024-06-27,S4,Grocery,GR-862,sale,-1,0
2024-06-27,S4,Home,HO-757,return,3,0
2024-06-27,S4,Home,HO-217,sale,-6,0
2024-06-27,S4,Home,HO-645,return,2,0
2024-06-27,S4,Apparel,AP-837,sale,-1,0
2024-06-27,S4,Electronics,EL-691,count,0,2
2024-06-27,S4,Grocery,GR-703,receipt,17,0
2024-06-27,S4,Home,HO-221,receipt,26,0
2024-06-27,S4,Grocery,GR-412,sale,-1,0
2024-06-27,S4,Electronics,EL-954,return,3,0
2024-06-27,S4,Grocery,GR-445,sale,-5,0
2024-06-27,S5,Electronics,EL-103,receipt,50,0
2024-06-27,S5,Grocery,GR-808,sale,-6,0
2024-06-27,S5,Electronics,EL-712,count,0,-2
2024-06-27,S5,Apparel,AP-982,sale,-3,0
2024-06-27,S5,Home,HO-970,sale,-4,0
2024-06-27,S5,Grocery,GR-184,sale,-6,0
2024-06-27,S5,Home,HO-456,sale,-2,0
2024-06-27,S5,Electronics,EL-182,count,0,-1
2024-06-27,S5,Grocery,GR-701,return,2,0
2024-06-27,S5,Home,HO-970,sale,-2,0
2024-06-28,S1,Home,HO-253,return,1,0
2024-06-28,S1,Electronics,EL-731,sale,-4,0
2024-06-28,S1,Home,HO-638,receipt,15,0
2024-06-28,S1,Grocery,GR-952,sale,-3,0
2024-06-28,S1,Apparel,AP-988,count,0,0
2024-06-28,S1,Home,HO-516,return,3,0
2024-06-28,S1,Electronics,EL-377,sale,-1,0
2024-06-28,S1,Apparel,AP-442,sale,-5,0
2024-06-28,S1,Grocery,GR-246,sale,-5,0
2024-06-28,S1,Home,HO-712,sale,-6,0
2024-06-28,S1,Electronics,EL-141,return,2,0
2024-06-28,S1,Home,HO-424,sale,-6,0
2024-06-28,S1,Home,HO-925,sale,-6,0
2024-06-28,S2,Apparel,AP-857,sale,-6,0
2024-06-28,S2,Apparel,AP-317,sale,-1,0
2024-06-28,S2,Grocery,GR-697,return,1,0
2024-06-28,S2,Grocery,GR-611,return,2,0
2024-06-28,S2,Grocery,GR-724,sale,-1,0
2024-06-28,S2,Grocery,GR-236,sale,-5,0
2024-06-28,S2,Apparel,AP-692,return,3,0
2024-06-28,S2,Electronics,EL-401,receipt,13,0
2024-06-28,S2,Electronics,EL-708,sale,-6,0
2024-06-28,S2,Apparel,AP-651,sale,-6,0
2024-06-28,S3,Grocery,GR-434,sale,-5,0
2024-06-28,S3,Grocery,GR-691,count,0,0
2024-06-28,S3,Grocery,GR-417,count,0,0
2024-06-28,S3,Grocery,GR-388,sale,-1,0
2024-06-28,S3,Electronics,EL-459,receipt,47,0
2024-06-28,S3,Grocery,GR-815,return,3,0
2024-06-28,S3,Electronics,EL-150,sale,-6,0
2024-06-28,S3,Grocery,GR-282,count,0,-1
2024-06-28,S3,Home,HO-848,sale,-4,0
2024-06-28,S3,Apparel,AP-356,receipt,18,0
2024-06-28,S3,Apparel,AP-280,return,2,0
2024-06-28,S3,Apparel,AP-138,count,0,-1
2024-06-28,S4,Apparel,AP-777,return,2,0
2024-06-28,S4,Electronics,EL-113,receipt,20,0
2024-06-28,S4,Apparel,AP-142,sale,-1,0
2024-06-28,S4,Electronics,EL-465,sale,-4,0
2024-06-28,S4,Electronics,EL-494,sale,-4,0
2024-06-28,S4,Apparel,AP-710,sale,-5,0
2024-06-28,S4,Grocery,GR-924,sale,-5,0
2024-06-28,S4,Apparel,AP-502,sale,-5,0
2024-06-28,S4,Grocery,GR-335,sale,-5,0
2024-06-28,S4,Apparel,AP-281,return,1,0
2024-06-28,S4,Electronics,EL-408,sale,-4,0
2024-06-28,S4,Apparel,AP-212,count,0,0
2024-06-28,S5,Apparel,AP-206,sale,-6,0
2024-06-28,S5,Home,HO-727,sale,-3,0
2024-06-28,S5,Grocery,GR-357,receipt,28,0
2024-06-28,S5,Home,HO-720,sale,-4,0
2024-06-28,S5,Home,HO-822,sale,-1,0
2024-06-28,S5,Home,HO-160,return,2,0
2024-06-28,S5,Home,HO-124,return,2,0
2024-06-28,S5,Grocery,GR-691,sale,-3,0
2024-06-28,S5,Home,HO-493,sale,-2,0
2024-06-28,S5,Home,HO-432,sale,-4,0
2024-06-28,S5,Electronics,EL-448,sale,-3,0
2024-06-28,S5,Grocery,GR-877,sale,-6,0
2024-06-28,S5,Grocery,GR-261,sale,-1,0
2024-06-28,S5,Apparel,AP-575,sale,-2,0
2024-06-28,S5,Apparel,AP-506,sale,-2,0
2024-06-28,S5,Apparel,AP-790,sale,-4,0
2024-06-29,S1,Grocery,GR-515,return,3,0
2024-06-29,S1,Home,HO-831,return,2,0
2024-06-29,S1,Electronics,EL-137,sale,-1,0
2024-06-29,S1,Electronics,EL-355,sale,-4,0
2024-06-29,S1,Grocery,GR-545,count,0,-1
2024-06-29,S1,Apparel,AP-873,receipt,17,0
2024-06-29,S1,Apparel,AP-110,sale,-4,0
2024-06-29,S1,Apparel,AP-316,count,0,2
2024-06-29,S1,Apparel,AP-141,sale,-6,0
2024-06-29,S2,Grocery,GR-452,sale,-5,0
2024-06-29,S2,Apparel,AP-993,sale,-5,0
2024-06-29,S2,Apparel,AP-417,sale,-2,0
2024-06-29,S2,Electronics,EL-316,sale,-1,0
2024-06-29,S2,Electronics,EL-235,count,0,1
2024-06-29,S2,Home,HO-694,return,1,0
2024-06-29,S2,Apparel,AP-577,sale,-3,0
2024-06-29,S2,Grocery,GR-637,count,0,0
2024-06-29,S3,Electronics,EL-297,sale,-5,0
2024-06-29,S3,Home,HO-653,count,0,-2
2024-06-29,S3,Home,HO-931,sale,-2,0
2024-06-29,S3,Electronics,EL-540,receipt,34,0
2024-06-29,S3,Grocery,GR-698,receipt,55,0
2024-06-29,S3,Grocery,GR-525,count,0,2
2024-06-29,S3,Grocery,GR-467,return,1,0
2024-06-29,S3,Home,HO-444,sale,-1,0
2024-06-29,S4,Apparel,AP-853,sale,-1,0
2024-06-29,S4,Home,HO-150,sale,-2,0
2024-06-29,S4,Home,HO-359,count,0,2
2024-06-29,S4,Electronics,EL-775,sale,-3,0
2024-06-29,S4,Apparel,AP-194,sale,-6,0
2024-06-29,S4,Electronics,EL-821,return,1,0
2024-06-29,S4,Home,HO-359,sale,-5,0
2024-06-29,S4,Home,HO-349,sale,-2,0
2024-06-29,S4,Grocery,GR-586,sale,-2,0
2024-06-29,S4,Home,HO-939,sale,-3,0
2024-06-29,S4,Grocery,GR-622,sale,-6,0
2024-06-29,S5,Home,HO-743,receipt,33,0
2024-06-29,S5,Apparel,AP-162,sale,-5,0
2024-06-29,S5,Home,HO-109,sale,-6,0
2024-06-29,S5,Home,HO-548,sale,-1,0
2024-06-29,S5,Grocery,GR-278,count,0,2
2024-06-29,S5,Electronics,EL-751,sale,-3,0
2024-06-29,S5,Grocery,GR-457,sale,-3,0
2024-06-29,S5,Grocery,GR-941,sale,-6,0
2024-06-29,S5,Grocery,GR-735,sale,-2,0
2024-06-29,S5,Home,HO-486,count,0,-1
2024-06-29,S5,Apparel,AP-534,sale,-6,0
2024-06-29,S5,Home,HO-263,count,0,1
2024-06-29,S5,Home,HO-724,sale,-2,0
2024-06-29,S5,Grocery,GR-521,sale,-1,0
2024-06-29,S5,Electronics,EL-386,sale,-5,0
2024-06-30,S1,Electronics,EL-595,receipt,38,0
2024-06-30,S1,Home,HO-882,receipt,51,0
2024-06-30,S1,Home,HO-789,sale,-3,0
2024-06-30,S1,Electronics,EL-580,sale,-5,0
2024-06-30,S1,Apparel,AP-851,sale,-5,0
2024-06-30,S1,Grocery,GR-380,count,0,-2
2024-06-30,S1,Home,HO-130,count,0,0
2024-06-30,S1,Grocery,GR-659,sale,-2,0
2024-06-30,S1,Grocery,GR-198,return,3,0
2024-06-30,S1,Apparel,AP-899,sale,-4,0
2024-06-30,S1,Grocery,GR-371,return,3,0
2024-06-30,S1,Grocery,GR-749,count,0,-1
2024-06-30,S2,Grocery,GR-693,return,1,0
2024-06-30,S2,Home,HO-488,sale,-6,0
2024-06-30,S2,Apparel,AP-539,count,0,-1
2024-06-30,S2,Apparel,AP-598,sale,-2,0
2024-06-30,S2,Home,HO-871,sale,-5,0
2024-06-30,S2,Grocery,GR-747,receipt,15,0
2024-06-30,S2,Apparel,AP-344,sale,-1,0
2024-06-30,S2,Electronics,EL-140,sale,-6,0
2024-06-30,S2,Apparel,AP-526,sale,-6,0
2024-06-30,S2,Home,HO-592,count,0,0
2024-06-30,S2,Home,HO-240,return,2,0
2024-06-30,S2,Apparel,AP-889,sale,-4,0
2024-06-30,S2,Electronics,EL-299,count,0,0
2024-06-30,S2,Apparel,AP-654,count,0,1
2024-06-30,S2,Home,HO-655,count,0,1
2024-06-30,S2,Electronics,EL-228,receipt,13,0
2024-06-30,S3,Apparel,AP-754,receipt,47,0
2024-06-30,S3,Grocery,GR-446,sale,-1,0
2024-06-30,S3,Home,HO-266,count,0,-1
2024-06-30,S3,Apparel,AP-156,count,0,-2
2024-06-30,S3,Grocery,GR-413,sale,-1,0
2024-06-30,S3,Grocery,GR-127,receipt,60,0
2024-06-30,S3,Apparel,AP-378,sale,-5,0
2024-06-30,S3,Home,HO-450,sale,-6,0
2024-06-30,S3,Apparel,AP-740,sale,-3,0
2024-06-30,S3,Apparel,AP-177,sale,-1,0
2024-06-30,S3,Electronics,EL-475,sale,-4,0
2024-06-30,S3,Electronics,EL-987,sale,-1,0
2024-06-30,S3,Apparel,AP-535,sale,-4,0
2024-06-30,S3,Electronics,EL-331,receipt,18,0
2024-06-30,S3,Grocery,GR-512,sale,-3,0
2024-06-30,S3,Apparel,AP-160,receipt,44,0
2024-06-30,S4,Apparel,AP-398,sale,-6,0
2024-06-30,S4,Apparel,AP-973,return,2,0
2024-06-30,S4,Apparel,AP-642,sale,-5,0
2024-06-30,S4,Home,HO-470,receipt,27,0
2024-06-30,S4,Apparel,AP-324,sale,-3,0
2024-06-30,S4,Apparel,AP-287,sale,-5,0
2024-06-30,S4,Electronics,EL-697,receipt,58,0
2024-06-30,S4,Apparel,AP-259,return,2,0
2024-06-30,S4,Grocery,GR-909,return,2,0
2024-06-30,S4,Home,HO-430,return,2,0
2024-06-30,S4,Grocery,GR-845,return,1,0
2024-06-30,S4,Home,HO-547,sale,-5,0
2024-06-30,S4,Home,HO-427,sale,-1,0
2024-06-30,S4,Apparel,AP-517,return,3,0
2024-06-30,S4,Home,HO-766,sale,-1,0
2024-06-30,S4,Apparel,AP-907,sale,-5,0
2024-06-30,S5,Apparel,AP-715,sale,-6,0
2024-06-30,S5,Electronics,EL-309,sale,-5,0
2024-06-30,S5,Home,HO-724,sale,-5,0
2024-06-30,S5,Electronics,EL-673,sale,-2,0
2024-06-30,S5,Apparel,AP-869,receipt,52,0
2024-06-30,S5,Home,HO-319,sale,-1,0
2024-06-30,S5,Home,HO-567,return,3,0
2024-06-30,S5,Electronics,EL-892,return,2,0
2024-06-30,S5,Apparel,AP-938,receipt,57,0
2024-06-30,S5,Apparel,AP-498,return,1,0
2024-06-30,S5,Apparel,AP-806,receipt,53,0
2024-06-30,S5,Electronics,EL-195,count,0,2
2024-06-30,S5,Apparel,AP-631,receipt,21,0
2024-06-30,S5,Grocery,GR-422,receipt,47,0
2024-06-30,S5,Apparel,AP-874,sale,-4,0
2024-07-01,S1,Grocery,GR-859,sale,-5,0
2024-07-01,S1,Apparel,AP-619,sale,-1,0
2024-07-01,S1,Electronics,EL-707,return,3,0
2024-07-01,S1,Electronics,EL-131,receipt,41,0
2024-07-01,S1,Electronics,EL-351,count,0,-1
2024-07-01,S1,Apparel,AP-469,sale,-1,0
2024-07-01,S1,Home,HO-626,sale,-3,0
2024-07-01,S1,Grocery,GR-796,receipt,21,0
2024-07-01,S1,Apparel,AP-388,return,3,0
2024-07-01,S1,Grocery,GR-694,receipt,39,0
2024-07-01,S2,Apparel,AP-532,count,0,1
2024-07-01,S2,Electronics,EL-112,sale,-5,0
2024-07-01,S2,Apparel,AP-344,sale,-5,0
2024-07-01,S2,Apparel,AP-656,sale,-3,0
2024-07-01,S2,Grocery,GR-430,receipt,21,0
2024-07-01,S2,Electronics,EL-242,sale,-1,0
2024-07-01,S2,Electronics,EL-232,count,0,0
2024-07-01,S2,Grocery,GR-534,sale,-2,0
2024-07-01,S2,Home,HO-758,sale,-3,0
2024-07-01,S2,Electronics,EL-332,return,3,0
2024-07-01,S2,Electronics,EL-739,sale,-5,0
2024-07-01,S2,Electronics,EL-192,receipt,37,0
2024-07-01,S3,Grocery,GR-944,sale,-2,0
2024-07-01,S3,Electronics,EL-195,sale,-1,0
2024-07-01,S3,Apparel,AP-963,return,1,0
2024-07-01,S3,Home,HO-619,sale,-2,0
2024-07-01,S3,Electronics,EL-668,sale,-1,0
2024-07-01,S3,Home,HO-377,sale,-1,0
2024-07-01,S3,Grocery,GR-587,sale,-6,0
2024-07-01,S3,Apparel,AP-509,sale,-4,0
2024-07-01,S3,Grocery,GR-231,receipt,35,0
2024-07-01,S3,Apparel,AP-285,count,0,-1
2024-07-01,S3,Apparel,AP-654,receipt,14,0
2024-07-01,S3,Apparel,AP-919,receipt,33,0
2024-07-01,S3,Home,HO-772,sale,-2,0
2024-07-01,S3,Grocery,GR-345,receipt,44,0
2024-07-01,S4,Home,HO-553,count,0,2
2024-07-01,S4,Grocery,GR-954,sale,-4,0
2024-07-01,S4,Home,HO-216,sale,-2,0
2024-07-01,S4,Home,HO-969,receipt,15,0
2024-07-01,S4,Apparel,AP-306,receipt,22,0
2024-07-01,S4,Apparel,AP-582,sale,-2,0
2024-07-01,S4,Grocery,GR-790,sale,-5,0
2024-07-01,S4,Grocery,GR-977,sale,-4,0
2024-07-01,S4,Home,HO-218,sale,-3,0
2024-07-01,S4,Apparel,AP-336,sale,-1,0
2024-07-01,S5,Apparel,AP-455,sale,-5,0
2024-07-01,S5,Home,HO-896,sale,-3,0
2024-07-01,S5,Apparel,AP-732,sale,-6,0
2024-07-01,S5,Electronics,EL-774,sale,-3,0
2024-07-01,S5,Grocery,GR-181,receipt,35,0
2024-07-01,S5,Home,HO-600,sale,-5,0
2024-07-01,S5,Grocery,GR-728,sale,-4,0
2024-07-01,S5,Electronics,EL-650,receipt,36,0
2024-07-01,S5,Grocery,GR-443,return,1,0
2024-07-01,S5,Apparel,AP-278,sale,-2,0
2024-07-01,S5,Home,HO-434,sale,-5,0
2024-07-01,S5,Electronics,EL-802,count,0,0
2024-07-01,S5,Home,HO-570,sale,-5,0
2024-07-01,S5,Electronics,EL-792,receipt,56,0
2024-07-01,S5,Apparel,AP-194,count,0,-1
2024-07-01,S5,Home,HO-867,count,0,-2
2024-07-02,S1,Home,HO-609,sale,-2,0
2024-07-02,S1,Apparel,AP-351,sale,-6,0
2024-07-02,S1,Electronics,EL-185,sale,-3,0
2024-07-02,S1,Apparel,AP-750,return,2,0
2024-07-02,S1,Apparel,AP-414,count,0,2
2024-07-02,S1,Home,HO-323,receipt,31,0
2024-07-02,S1,Home,HO-741,receipt,48,0
2024-07-02,S1,Apparel,AP-127,sale,-3,0
2024-07-02,S1,Apparel,AP-504,sale,-6,0
2024-07-02,S1,Apparel,AP-402,sale,-6,0
2024-07-02,S1,Electronics,EL-973,return,2,0
2024-07-02,S1,Apparel,AP-732,return,1,0
2024-07-02,S1,Home,HO-459,sale,-3,0
2024-07-02,S1,Electronics,EL-465,sale,-4,0
2024-07-02,S1,Apparel,AP-513,return,2,0
2024-07-02,S1,Electronics,EL-335,sale,-6,0
2024-07-02,S2,Apparel,AP-177,sale,-5,0
2024-07-02,S2,Electronics,EL-577,sale,-5,0
2024-07-02,S2,Electronics,EL-205,sale,-6,0
2024-07-02,S2,Home,HO-461,sale,-2,0
2024-07-02,S2,Apparel,AP-644,receipt,10,0
2024-07-02,S2,Grocery,GR-857,count,0,-1
2024-07-02,S2,Apparel,AP-483,count,0,-1
2024-07-02,S2,Grocery,GR-461,receipt,46,0
2024-07-02,S2,Home,HO-706,sale,-5,0
2024-07-02,S2,Home,HO-463,receipt,59,0
2024-07-02,S2,Grocery,GR-579,return,2,0
2024-07-02,S2,Home,HO-639,sale,-1,0
2024-07-02,S2,Electronics,EL-297,sale,-6,0
2024-07-02,S2,Home,HO-899,count,0,-1
2024-07-02,S2,Grocery,GR-983,receipt,37,0
2024-07-02,S3,Home,HO-479,sale,-1,0
2024-07-02,S3,Electronics,EL-450,sale,-2,0
2024-07-02,S3,Home,HO-981,count,0,2
2024-07-02,S3,Apparel,AP-171,sale,-3,0
2024-07-02,S3,Electronics,EL-923,return,2,0
2024-07-02,S3,Electronics,EL-649,count,0,-4
2024-07-02,S3,Electronics,EL-293,return,1,0
2024-07-02,S3,Electronics,EL-609,sale,-2,0
2024-07-02,S3,Home,HO-783,receipt,56,0
2024-07-02,S3,Home,HO-974,sale,-4,0
2024-07-02,S3,Grocery,GR-797,sale,-3,0
2024-07-02,S3,Home,HO-674,receipt,47,0
2024-07-02,S3,Apparel,AP-426,sale,-3,0
2024-07-02,S3,Grocery,GR-548,sale,-5,0
2024-07-02,S3,Grocery,GR-967,count,0,2
2024-07-02,S3,Home,HO-489,sale,-5,0
2024-07-02,S4,Home,HO-185,return,1,0
2024-07-02,S4,Electronics,EL-244,return,3,0
2024-07-02,S4,Home,HO-960,sale,-3,0
2024-07-02,S4,Electronics,EL-694,return,3,0
2024-07-02,S4,Electronics,EL-879,return,2,0
2024-07-02,S4,Home,HO-367,count,0,2
2024-07-02,S4,Grocery,GR-640,return,1,0
2024-07-02,S4,Electronics,EL-942,sale,-4,0
2024-07-02,S4,Apparel,AP-368,sale,-1,0
2024-07-02,S4,Electronics,EL-799,return,1,0
2024-07-02,S4,Home,HO-304,return,2,0
2024-07-02,S4,Grocery,GR-117,sale,-5,0
2024-07-02,S4,Grocery,GR-870,sale,-4,0
2024-07-02,S4,Grocery,GR-853,sale,-6,0
2024-07-02,S4,Home,HO-312,sale,-6,0
2024-07-02,S4,Apparel,AP-710,receipt,37,0
2024-07-02,S5,Apparel,AP-311,sale,-5,0
2024-07-02,S5,Apparel,AP-193,sale,-6,0
2024-07-02,S5,Apparel,AP-511,receipt,54,0
2024-07-02,S5,Home,HO-116,sale,-3,0
2024-07-02,S5,Grocery,GR-636,return,3,0
2024-07-02,S5,Electronics,EL-766,return,3,0
2024-07-02,S5,Home,HO-301,sale,-4,0
2024-07-02,S5,Electronics,EL-532,sale,-1,0
2024-07-02,S5,Electronics,EL-484,sale,-2,0
2024-07-02,S5,Apparel,AP-338,sale,-6,0
2024-07-02,S5,Apparel,AP-264,count,0,-2
2024-07-02,S5,Electronics,EL-185,receipt,45,0
2024-07-03,S1,Home,HO-564,sale,-5,0
2024-07-03,S1,Electronics,EL-671,sale,-2,0
2024-07-03,S1,Electronics,EL-380,sale,-3,0
2024-07-03,S1,Apparel,AP-434,sale,-2,0
2024-07-03,S1,Home,HO-253,count,0,0
2024-07-03,S1,Grocery,GR-900,return,2,0
2024-07-03,S1,Apparel,AP-581,count,0,1
2024-07-03,S1,Apparel,AP-541,sale,-2,0
2024-07-03,S1,Electronics,EL-718,receipt,19,0
2024-07-03,S1,Home,HO-751,sale,-3,0
2024-07-03,S1,Apparel,AP-567,count,0,1
2024-07-03,S1,Home,HO-384,sale,-6,0
2024-07-03,S2,Apparel,AP-791,sale,-1,0
2024-07-03,S2,Apparel,AP-704,sale,-6,0
2024-07-03,S2,Home,HO-568,sale,-2,0
2024-07-03,S2,Electronics,EL-744,sale,-5,0
2024-07-03,S2,Apparel,AP-388,sale,-2,0
2024-07-03,S2,Grocery,GR-984,sale,-4,0
2024-07-03,S2,Home,HO-430,sale,-4,0
2024-07-03,S2,Grocery,GR-846,receipt,37,0
2024-07-03,S2,Grocery,GR-437,count,0,-1
2024-07-03,S3,Electronics,EL-852,return,1,0
2024-07-03,S3,Home,HO-821,return,1,0
2024-07-03,S3,Grocery,GR-369,count,0,2
2024-07-03,S3,Electronics,EL-987,count,0,-3
2024-07-03,S3,Apparel,AP-437,sale,-6,0
2024-07-03,S3,Electronics,EL-173,receipt,40,0
2024-07-03,S3,Apparel,AP-979,sale,-4,0
2024-07-03,S3,Grocery,GR-246,receipt,28,0
2024-07-03,S3,Grocery,GR-499,sale,-4,0
2024-07-03,S3,Home,HO-421,sale,-1,0
2024-07-03,S3,Electronics,EL-186,sale,-5,0
2024-07-03,S3,Apparel,AP-118,sale,-4,0
2024-07-03,S3,Apparel,AP-651,sale,-1,0
2024-07-03,S3,Apparel,AP-118,sale,-2,0
2024-07-03,S3,Home,HO-641,sale,-1,0
2024-07-03,S4,Apparel,AP-962,sale,-1,0
2024-07-03,S4,Grocery,GR-798,count,0,-1
2024-07-03,S4,Grocery,GR-424,return,1,0
2024-07-03,S4,Apparel,AP-687,count,0,2
2024-07-03,S4,Home,HO-415,sale,-1,0
2024-07-03,S4,Electronics,EL-743,sale,-6,0
2024-07-03,S4,Apparel,AP-307,sale,-5,0
2024-07-03,S4,Apparel,AP-286,count,0,1
2024-07-03,S4,Home,HO-670,sale,-6,0
2024-07-03,S4,Electronics,EL-895,receipt,58,0
2024-07-03,S4,Electronics,EL-172,receipt,20,0
2024-07-03,S4,Grocery,GR-294,sale,-2,0
2024-07-03,S4,Home,HO-410,sale,-1,0
2024-07-03,S4,Grocery,GR-481,receipt,46,0
2024-07-03,S4,Electronics,EL-677,receipt,21,0
2024-07-03,S4,Electronics,EL-374,sale,-2,0
2024-07-03,S5,Apparel,AP-731,sale,-4,0
2024-07-03,S5,Apparel,AP-571,sale,-6,0
2024-07-03,S5,Grocery,GR-289,sale,-1,0
2024-07-03,S5,Home,HO-158,count,0,2
2024-07-03,S5,Home,HO-668,sale,-6,0
2024-07-03,S5,Home,HO-684,receipt,14,0
2024-07-03,S5,Home,HO-912,sale,-1,0
2024-07-03,S5,Home,HO-969,sale,-1,0
2024-07-03,S5,Grocery,GR-199,sale,-1,0
2024-07-03,S5,Home,HO-910,return,3,0
2024-07-03,S5,Grocery,GR-303,receipt,22,0
2024-07-03,S5,Apparel,AP-822,receipt,36,0
2024-07-03,S5,Electronics,EL-461,sale,-6,0
2024-07-03,S5,Apparel,AP-383,sale,-5,0
2024-07-03,S5,Electronics,EL-852,sale,-1,0
2024-07-04,S1,Home,HO-611,count,0,1
2024-07-04,S1,Electronics,EL-784,count,0,-2
2024-07-04,S1,Electronics,EL-689,sale,-1,0
2024-07-04,S1,Apparel,AP-451,sale,-4,0
2024-07-04,S1,Electronics,EL-166,count,0,0
2024-07-04,S1,Apparel,AP-370,receipt,19,0
2024-07-04,S1,Apparel,AP-959,sale,-2,0
2024-07-04,S1,Home,HO-329,count,0,-2
2024-07-04,S1,Electronics,EL-309,return,3,0
2024-07-04,S1,Electronics,EL-204,sale,-4,0
2024-07-04,S1,Apparel,AP-375,sale,-2,0
2024-07-04,S1,Home,HO-919,sale,-4,0
2024-07-04,S1,Electronics,EL-121,receipt,52,0
2024-07-04,S1,Apparel,AP-300,sale,-5,0
2024-07-04,S1,Electronics,EL-973,receipt,60,0
2024-07-04,S1,Apparel,AP-895,count,0,0
2024-07-04,S2,Home,HO-508,sale,-1,0
2024-07-04,S2,Apparel,AP-961,count,0,2
2024-07-04,S2,Grocery,GR-767,sale,-4,0
2024-07-04,S2,Grocery,GR-409,receipt,20,0
2024-07-04,S2,Home,HO-536,count,0,2
2024-07-04,S2,Home,HO-900,sale,-3,0
2024-07-04,S2,Home,HO-623,return,1,0
2024-07-04,S2,Home,HO-135,count,0,1
2024-07-04,S2,Home,HO-860,return,2,0
2024-07-04,S2,Electronics,EL-755,sale,-4,0
2024-07-04,S2,Grocery,GR-236,return,3,0
2024-07-04,S3,Apparel,AP-376,sale,-5,0
2024-07-04,S3,Grocery,GR-348,sale,-5,0
2024-07-04,S3,Home,HO-689,receipt,38,0
2024-07-04,S3,Home,HO-504,sale,-1,0
2024-07-04,S3,Grocery,GR-657,return,1,0
2024-07-04,S3,Electronics,EL-402,sale,-2,0
2024-07-04,S3,Home,HO-506,receipt,46,0
2024-07-04,S3,Grocery,GR-121,return,3,0
2024-07-04,S4,Grocery,GR-187,sale,-6,0
2024-07-04,S4,Apparel,AP-555,sale,-1,0
2024-07-04,S4,Electronics,EL-635,count,0,-1
2024-07-04,S4,Apparel,AP-847,return,2,0
2024-07-04,S4,Grocery,GR-273,sale,-3,0
2024-07-04,S4,Apparel,AP-453,count,0,-2
2024-07-04,S4,Home,HO-549,sale,-5,0
2024-07-04,S4,Home,HO-806,sale,-1,0
2024-07-04,S4,Apparel,AP-783,sale,-3,0
2024-07-04,S5,Grocery,GR-912,sale,-5,0
2024-07-04,S5,Home,HO-845,sale,-2,0
2024-07-04,S5,Apparel,AP-276,sale,-2,0
2024-07-04,S5,Apparel,AP-930,sale,-6,0
2024-07-04,S5,Home,HO-998,sale,-2,0
2024-07-04,S5,Home,HO-977,count,0,-2
2024-07-04,S5,Electronics,EL-216,return,3,0
2024-07-04,S5,Electronics,EL-552,receipt,46,0
2024-07-04,S5,Home,HO-354,receipt,25,0
2024-07-04,S5,Electronics,EL-286,sale,-2,0
2024-07-04,S5,Home,HO-974,sale,-5,0
2024-07-04,S5,Grocery,GR-840,count,0,0
2024-07-04,S5,Electronics,EL-813,sale,-6,0
2024-07-04,S5,Apparel,AP-361,receipt,43,0
2024-07-04,S5,Apparel,AP-992,sale,-3,0
2024-07-05,S1,Electronics,EL-995,sale,-2,0
2024-07-05,S1,Home,HO-133,sale,-3,0
2024-07-05,S1,Apparel,AP-511,count,0,1
2024-07-05,S1,Apparel,AP-127,sale,-3,0
2024-07-05,S1,Grocery,GR-523,count,0,0
2024-07-05,S1,Home,HO-504,sale,-6,0
2024-07-05,S1,Grocery,GR-798,sale,-1,0
2024-07-05,S1,Electronics,EL-211,count,0,1
2024-07-05,S1,Apparel,AP-950,count,0,2
2024-07-05,S1,Grocery,GR-519,sale,-5,0
2024-07-05,S1,Apparel,AP-916,return,1,0
2024-07-05,S1,Grocery,GR-366,sale,-5,0
2024-07-05,S2,Electronics,EL-762,sale,-4,0
2024-07-05,S2,Electronics,EL-102,count,0,1
2024-07-05,S2,Apparel,AP-119,count,0,-1
2024-07-05,S2,Home,HO-935,return,1,0
2024-07-05,S2,Electronics,EL-933,sale,-2,0
2024-07-05,S2,Apparel,AP-651,receipt,48,0
2024-07-05,S2,Grocery,GR-336,receipt,16,0
2024-07-05,S2,Grocery,GR-272,receipt,49,0
2024-07-05,S3,Grocery,GR-330,count,0,0
2024-07-05,S3,Electronics,EL-632,sale,-5,0
2024-07-05,S3,Electronics,EL-608,sale,-4,0
2024-07-05,S3,Grocery,GR-251,sale,-5,0
2024-07-05,S3,Home,HO-601,sale,-3,0
2024-07-05,S3,Grocery,GR-196,count,0,0
2024-07-05,S3,Home,HO-867,sale,-4,0
2024-07-05,S3,Electronics,EL-395,receipt,55,0
2024-07-05,S3,Apparel,AP-159,sale,-2,0
2024-07-05,S3,Home,HO-360,receipt,38,0
2024-07-05,S4,Apparel,AP-982,return,2,0
2024-07-05,S4,Electronics,EL-461,receipt,23,0
2024-07-05,S4,Grocery,GR-595,sale,-4,0
2024-07-05,S4,Home,HO-629,count,0,-2
2024-07-05,S4,Grocery,GR-322,return,2,0
2024-07-05,S4,Grocery,GR-710,receipt,53,0
2024-07-05,S4,Electronics,EL-167,sale,-1,0
2024-07-05,S4,Apparel,AP-793,receipt,27,0
2024-07-05,S4,Apparel,AP-782,receipt,49,0
2024-07-05,S5,Apparel,AP-130,sale,-6,0
2024-07-05,S5,Grocery,GR-268,receipt,55,0
2024-07-05,S5,Grocery,GR-893,count,0,1
2024-07-05,S5,Home,HO-222,sale,-3,0
2024-07-05,S5,Electronics,EL-370,sale,-5,0
2024-07-05,S5,Home,HO-145,sale,-1,0
2024-07-05,S5,Apparel,AP-255,sale,-6,0
2024-07-05,S5,Electronics,EL-562,sale,-2,0
2024-07-05,S5,Apparel,AP-775,return,1,0
2024-07-05,S5,Home,HO-873,return,1,0
2024-07-05,S5,Apparel,AP-491,sale,-6,0
2024-07-06,S1,Home,HO-584,sale,-2,0
2024-07-06,S1,Grocery,GR-135,sale,-4,0
2024-07-06,S1,Apparel,AP-446,count,0,1
2024-07-06,S1,Home,HO-668,sale,-4,0
2024-07-06,S1,Grocery,GR-222,sale,-4,0
2024-07-06,S1,Home,HO-802,receipt,41,0
2024-07-06,S1,Grocery,GR-534,return,2,0
2024-07-06,S1,Apparel,AP-833,return,3,0
2024-07-06,S1,Home,HO-818,receipt,37,0
2024-07-06,S1,Grocery,GR-299,return,3,0
2024-07-06,S1,Apparel,AP-137,count,0,-1
2024-07-06,S1,Home,HO-733,receipt,42,0
2024-07-06,S1,Apparel,AP-520,sale,-4,0
2024-07-06,S2,Electronics,EL-991,sale,-1,0
2024-07-06,S2,Electronics,EL-176,sale,-1,0
2024-07-06,S2,Electronics,EL-255,receipt,50,0
2024-07-06,S2,Home,HO-267,sale,-3,0
2024-07-06,S2,Grocery,GR-482,sale,-5,0
2024-07-06,S2,Apparel,AP-352,return,2,0
2024-07-06,S2,Grocery,GR-577,return,2,0
2024-07-06,S2,Apparel,AP-297,receipt,46,0
2024-07-06,S2,Home,HO-457,sale,-4,0
2024-07-06,S2,Apparel,AP-296,count,0,1
2024-07-06,S2,Apparel,AP-259,receipt,18,0
2024-07-06,S3,Apparel,AP-111,return,2,0
2024-07-06,S3,Home,HO-303,sale,-6,0
2024-07-06,S3,Apparel,AP-452,return,2,0
2024-07-06,S3,Electronics,EL-574,sale,-6,0
2024-07-06,S3,Apparel,AP-487,sale,-4,0
2024-07-06,S3,Electronics,EL-813,sale,-2,0
2024-07-06,S3,Apparel,AP-310,receipt,39,0
2024-07-06,S3,Home,HO-269,sale,-2,0
2024-07-06,S3,Electronics,EL-884,return,1,0
2024-07-06,S3,Apparel,AP-784,sale,-6,0
2024-07-06,S3,Home,HO-367,return,2,0
2024-07-06,S3,Grocery,GR-792,return,2,0
2024-07-06,S3,Home,HO-616,count,0,-2
2024-07-06,S4,Apparel,AP-531,sale,-2,0
2024-07-06,S4,Apparel,AP-100,count,0,0
2024-07-06,S4,Home,HO-760,return,1,0
2024-07-06,S4,Home,HO-977,return,1,0
2024-07-06,S4,Electronics,EL-151,sale,-4,0
2024-07-06,S4,Grocery,GR-141,receipt,27,0
2024-07-06,S4,Grocery,GR-434,return,3,0
2024-07-06,S4,Electronics,EL-111,return,2,0
2024-07-06,S4,Electronics,EL-230,receipt,13,0
2024-07-06,S4,Grocery,GR-434,sale,-1,0
2024-07-06,S4,Electronics,EL-961,sale,-1,0
2024-07-06,S4,Grocery,GR-699,sale,-4,0
2024-07-06,S4,Grocery,GR-219,count,0,1
2024-07-06,S4,Grocery,GR-898,receipt,20,0
2024-07-06,S5,Electronics,EL-432,sale,-3,0
2024-07-06,S5,Apparel,AP-293,return,3,0
2024-07-06,S5,Grocery,GR-371,receipt,48,0
2024-07-06,S5,Electronics,EL-219,sale,-2,0
2024-07-06,S5,Grocery,GR-440,return,1,0
2024-07-06,S5,Grocery,GR-696,return,1,0
2024-07-06,S5,Electronics,EL-289,return,1,0
2024-07-06,S5,Apparel,AP-234,sale,-6,0
2024-07-06,S5,Home,HO-609,sale,-4,0
2024-07-06,S5,Apparel,AP-670,sale,-6,0
2024-07-06,S5,Grocery,GR-455,sale,-6,0
2024-07-06,S5,Grocery,GR-125,sale,-1,0
2024-07-06,S5,Grocery,GR-700,return,2,0
2024-07-06,S5,Grocery,GR-204,sale,-2,0
2024-07-06,S5,Apparel,AP-121,count,0,-1
2024-07-07,S1,Electronics,EL-365,sale,-3,0
2024-07-07,S1,Electronics,EL-497,sale,-2,0
2024-07-07,S1,Apparel,AP-901,sale,-4,0
2024-07-07,S1,Electronics,EL-291,count,0,0
2024-07-07,S1,Apparel,AP-332,sale,-1,0
2024-07-07,S1,Home,HO-172,sale,-3,0
2024-07-07,S1,Electronics,EL-135,return,2,0
2024-07-07,S1,Grocery,GR-619,sale,-2,0
2024-07-07,S1,Apparel,AP-499,sale,-1,0
2024-07-07,S2,Electronics,EL-778,sale,-3,0
2024-07-07,S2,Apparel,AP-294,sale,-4,0
2024-07-07,S2,Home,HO-849,receipt,18,0
2024-07-07,S2,Home,HO-389,sale,-2,0
2024-07-07,S2,Electronics,EL-813,return,3,0
2024-07-07,S2,Electronics,EL-171,sale,-2,0
2024-07-07,S2,Electronics,EL-155,receipt,17,0
2024-07-07,S2,Apparel,AP-911,return,1,0
2024-07-07,S3,Grocery,GR-367,count,0,0
2024-07-07,S3,Home,HO-436,sale,-1,0
2024-07-07,S3,Home,HO-668,sale,-1,0
2024-07-07,S3,Home,HO-490,sale,-6,0
2024-07-07,S3,Grocery,GR-811,sale,-5,0
2024-07-07,S3,Electronics,EL-732,sale,-2,0
2024-07-07,S3,Electronics,EL-807,sale,-6,0
2024-07-07,S3,Electronics,EL-608,receipt,40,0
2024-07-07,S3,Home,HO-180,sale,-2,0
2024-07-07,S3,Electronics,EL-771,return,1,0
2024-07-07,S3,Home,HO-477,receipt,14,0
2024-07-07,S3,Home,HO-446,sale,-1,0
2024-07-07,S4,Grocery,GR-415,sale,-4,0
2024-07-07,S4,Home,HO-985,sale,-1,0
2024-07-07,S4,Home,HO-273,sale,-3,0
2024-07-07,S4,Electronics,EL-510,sale,-3,0
2024-07-07,S4,Home,HO-589,sale,-4,0
2024-07-07,S4,Grocery,GR-548,sale,-5,0
2024-07-07,S4,Apparel,AP-288,count,0,-2
2024-07-07,S4,Electronics,EL-724,sale,-3,0
2024-07-07,S4,Home,HO-432,sale,-4,0
2024-07-07,S4,Electronics,EL-938,sale,-2,0
2024-07-07,S4,Electronics,EL-676,return,1,0
2024-07-07,S4,Apparel,AP-202,sale,-3,0
2024-07-07,S4,Electronics,EL-944,sale,-5,0
2024-07-07,S4,Grocery,GR-717,receipt,56,0
2024-07-07,S4,Apparel,AP-248,count,0,0
2024-07-07,S4,Home,HO-977,sale,-2,0
2024-07-07,S5,Home,HO-927,sale,-5,0
2024-07-07,S5,Grocery,GR-507,sale,-3,0
2024-07-07,S5,Home,HO-441,sale,-5,0
2024-07-07,S5,Home,HO-347,sale,-1,0
2024-07-07,S5,Apparel,AP-231,count,0,-1
2024-07-07,S5,Apparel,AP-663,return,2,0
2024-07-07,S5,Grocery,GR-822,count,0,-1
2024-07-07,S5,Home,HO-734,count,0,1
2024-07-07,S5,Grocery,GR-719,receipt,20,0
2024-07-07,S5,Grocery,GR-341,return,1,0
2024-07-08,S1,Home,HO-675,return,1,0
2024-07-08,S1,Grocery,GR-523,sale,-3,0
2024-07-08,S1,Home,HO-688,count,0,-1
2024-07-08,S1,Grocery,GR-733,count,0,2
2024-07-08,S1,Home,HO-282,receipt,29,0
2024-07-08,S1,Electronics,EL-980,sale,-5,0
2024-07-08,S1,Electronics,EL-372,sale,-5,0
2024-07-08,S1,Electronics,EL-839,return,2,0
2024-07-08,S2,Grocery,GR-949,sale,-1,0
2024-07-08,S2,Grocery,GR-907,receipt,27,0
2024-07-08,S2,Apparel,AP-639,count,0,1
2024-07-08,S2,Electronics,EL-820,return,3,0
2024-07-08,S2,Grocery,GR-378,count,0,2
2024-07-08,S2,Grocery,GR-654,sale,-2,0
2024-07-08,S2,Home,HO-464,receipt,22,0
2024-07-08,S2,Grocery,GR-194,count,0,-1
2024-07-08,S2,Home,HO-868,sale,-2,0
2024-07-08,S2,Apparel,AP-583,count,0,1
2024-07-08,S2,Home,HO-792,return,3,0
2024-07-08,S3,Grocery,GR-387,count,0,2
2024-07-08,S3,Grocery,GR-195,sale,-6,0
2024-07-08,S3,Grocery,GR-182,count,0,1
2024-07-08,S3,Home,HO-442,return,2,0
2024-07-08,S3,Home,HO-283,sale,-2,0
2024-07-08,S3,Grocery,GR-693,receipt,53,0
2024-07-08,S3,Apparel,AP-452,receipt,37,0
2024-07-08,S3,Electronics,EL-825,receipt,44,0
2024-07-08,S3,Grocery,GR-672,count,0,2
2024-07-08,S3,Grocery,GR-953,sale,-4,0
2024-07-08,S3,Home,HO-914,return,3,0
2024-07-08,S3,Home,HO-886,sale,-4,0
2024-07-08,S3,Home,HO-734,count,0,-1
2024-07-08,S4,Electronics,EL-849,sale,-2,0
2024-07-08,S4,Grocery,GR-300,sale,-3,0
2024-07-08,S4,Grocery,GR-700,sale,-4,0
2024-07-08,S4,Apparel,AP-937,sale,-5,0
2024-07-08,S4,Home,HO-361,return,2,0
2024-07-08,S4,Grocery,GR-409,count,0,2
2024-07-08,S4,Home,HO-891,count,0,-2
2024-07-08,S4,Apparel,AP-595,return,3,0
2024-07-08,S4,Electronics,EL-469,sale,-3,0
2024-07-08,S4,Home,HO-576,sale,-2,0
2024-07-08,S4,Electronics,EL-316,receipt,54,0
2024-07-08,S4,Grocery,GR-790,sale,-2,0
2024-07-08,S4,Home,HO-323,count,0,0
2024-07-08,S4,Grocery,GR-486,sale,-6,0
2024-07-08,S4,Electronics,EL-583,sale,-2,0
2024-07-08,S4,Apparel,AP-187,sale,-4,0
2024-07-08,S5,Electronics,EL-940,sale,-5,0
2024-07-08,S5,Home,HO-272,count,0,-2
2024-07-08,S5,Grocery,GR-476,count,0,1
2024-07-08,S5,Apparel,AP-671,count,0,-1
2024-07-08,S5,Apparel,AP-295,count,0,-2
2024-07-08,S5,Electronics,EL-958,receipt,29,0
2024-07-08,S5,Grocery,GR-625,receipt,25,0
2024-07-08,S5,Home,HO-774,count,0,0
2024-07-08,S5,Home,HO-630,receipt,49,0
2024-07-08,S5,Grocery,GR-472,return,3,0
2024-07-08,S5,Electronics,EL-242,sale,-2,0
2024-07-08,S5,Grocery,GR-627,return,2,0
2024-07-08,S5,Apparel,AP-481,sale,-4,0
2024-07-08,S5,Apparel,AP-912,return,3,0
2024-07-09,S1,Grocery,GR-969,sale,-3,0
2024-07-09,S1,Apparel,AP-325,count,0,-2
2024-07-09,S1,Apparel,AP-247,sale,-6,0
2024-07-09,S1,Grocery,GR-611,return,1,0
2024-07-09,S1,Grocery,GR-728,sale,-1,0
2024-07-09,S1,Grocery,GR-467,sale,-6,0
2024-07-09,S1,Electronics,EL-357,receipt,32,0
2024-07-09,S1,Electronics,EL-575,receipt,24,0
2024-07-09,S1,Electronics,EL-763,receipt,39,0
2024-07-09,S1,Grocery,GR-102,sale,-4,0
2024-07-09,S1,Home,HO-934,receipt,49,0
2024-07-09,S1,Apparel,AP-532,receipt,49,0
2024-07-09,S1,Electronics,EL-842,receipt,47,0
2024-07-09,S1,Home,HO-548,sale,-1,0
2024-07-09,S1,Apparel,AP-636,sale,-4,0
2024-07-09,S2,Grocery,GR-964,sale,-6,0
2024-07-09,S2,Grocery,GR-212,receipt,48,0
2024-07-09,S2,Grocery,GR-425,sale,-1,0
2024-07-09,S2,Home,HO-949,sale,-3,0
2024-07-09,S2,Electronics,EL-198,sale,-5,0
2024-07-09,S2,Apparel,AP-358,count,0,0
2024-07-09,S2,Apparel,AP-202,sale,-4,0
2024-07-09,S2,Home,HO-644,sale,-1,0
2024-07-09,S3,Grocery,GR-319,sale,-1,0
2024-07-09,S3,Apparel,AP-844,count,0,-1
2024-07-09,S3,Grocery,GR-808,return,1,0
2024-07-09,S3,Electronics,EL-376,count,0,-5
2024-07-09,S3,Grocery,GR-837,receipt,14,0
2024-07-09,S3,Apparel,AP-697,sale,-3,0
2024-07-09,S3,Home,HO-539,sale,-6,0
2024-07-09,S3,Home,HO-925,count,0,-2
2024-07-09,S3,Apparel,AP-640,count,0,1
2024-07-09,S3,Grocery,GR-821,sale,-5,0
2024-07-09,S3,Apparel,AP-767,sale,-4,0
2024-07-09,S4,Grocery,GR-952,count,0,-2
2024-07-09,S4,Home,HO-904,sale,-5,0
2024-07-09,S4,Home,HO-308,sale,-5,0
2024-07-09,S4,Grocery,GR-599,sale,-4,0
2024-07-09,S4,Grocery,GR-586,sale,-5,0
2024-07-09,S4,Grocery,GR-117,return,2,0
2024-07-09,S4,Home,HO-858,return,1,0
2024-07-09,S4,Home,HO-273,count,0,1
2024-07-09,S4,Home,HO-289,sale,-2,0
2024-07-09,S4,Apparel,AP-197,count,0,2
2024-07-09,S5,Grocery,GR-756,sale,-1,0
2024-07-09,S5,Apparel,AP-473,count,0,-2
2024-07-09,S5,Grocery,GR-902,count,0,2
2024-07-09,S5,Home,HO-594,sale,-4,0
2024-07-09,S5,Home,HO-872,sale,-1,0
2024-07-09,S5,Electronics,EL-650,sale,-1,0
2024-07-09,S5,Apparel,AP-606,sale,-5,0
2024-07-09,S5,Apparel,AP-373,count,0,0
2024-07-09,S5,Apparel,AP-498,sale,-4,0
2024-07-10,S1,Apparel,AP-956,sale,-3,0
2024-07-10,S1,Electronics,EL-801,sale,-4,0
2024-07-10,S1,Electronics,EL-843,receipt,20,0
2024-07-10,S1,Home,HO-623,receipt,46,0
2024-07-10,S1,Electronics,EL-583,sale,-3,0
2024-07-10,S1,Electronics,EL-554,sale,-6,0
2024-07-10,S1,Apparel,AP-618,sale,-1,0
2024-07-10,S1,Apparel,AP-749,sale,-2,0
2024-07-10,S1,Grocery,GR-385,sale,-6,0
2024-07-10,S1,Grocery,GR-178,receipt,28,0
2024-07-10,S1,Apparel,AP-329,receipt,57,0
2024-07-10,S2,Grocery,GR-709,sale,-6,0
2024-07-10,S2,Home,HO-370,sale,-5,0
2024-07-10,S2,Electronics,EL-430,sale,-2,0
2024-07-10,S2,Grocery,GR-124,count,0,1
2024-07-10,S2,Home,HO-969,count,0,2
2024-07-10,S2,Grocery,GR-306,receipt,44,0
2024-07-10,S2,Home,HO-794,sale,-4,0
2024-07-10,S2,Electronics,EL-714,sale,-3,0
2024-07-10,S3,Home,HO-671,receipt,24,0
2024-07-10,S3,Apparel,AP-679,sale,-4,0
2024-07-10,S3,Apparel,AP-324,sale,-5,0
2024-07-10,S3,Grocery,GR-973,sale,-4,0
2024-07-10,S3,Apparel,AP-783,count,0,-2
2024-07-10,S3,Electronics,EL-687,receipt,52,0
2024-07-10,S3,Electronics,EL-496,count,0,-4
2024-07-10,S3,Apparel,AP-795,count,0,1
2024-07-10,S3,Grocery,GR-728,return,1,0
2024-07-10,S3,Electronics,EL-819,sale,-3,0
2024-07-10,S3,Grocery,GR-229,count,0,1
2024-07-10,S4,Apparel,AP-398,sale,-4,0
2024-07-10,S4,Home,HO-727,sale,-3,0
2024-07-10,S4,Grocery,GR-648,sale,-2,0
2024-07-10,S4,Home,HO-356,receipt,13,0
2024-07-10,S4,Electronics,EL-187,sale,-2,0
2024-07-10,S4,Electronics,EL-609,receipt,31,0
2024-07-10,S4,Apparel,AP-735,sale,-4,0
2024-07-10,S4,Grocery,GR-561,receipt,51,0
2024-07-10,S4,Apparel,AP-640,sale,-5,0
2024-07-10,S4,Electronics,EL-330,receipt,16,0
2024-07-10,S5,Grocery,GR-408,sale,-3,0
2024-07-10,S5,Home,HO-611,sale,-2,0
2024-07-10,S5,Apparel,AP-114,return,3,0
2024-07-10,S5,Home,HO-648,sale,-3,0
2024-07-10,S5,Electronics,EL-348,sale,-5,0
2024-07-10,S5,Home,HO-180,count,0,2
2024-07-10,S5,Grocery,GR-533,sale,-4,0
2024-07-10,S5,Apparel,AP-974,receipt,40,0
2024-07-10,S5,Electronics,EL-211,sale,-2,0
2024-07-11,S1,Grocery,GR-380,sale,-5,0
2024-07-11,S1,Home,HO-112,sale,-1,0
2024-07-11,S1,Electronics,EL-696,sale,-5,0
2024-07-11,S1,Home,HO-330,sale,-1,0
2024-07-11,S1,Apparel,AP-230,sale,-4,0
2024-07-11,S1,Electronics,EL-149,count,0,0
2024-07-11,S1,Grocery,GR-562,count,0,-1
2024-07-11,S1,Home,HO-821,sale,-1,0
2024-07-11,S1,Home,HO-840,sale,-3,0
2024-07-11,S1,Home,HO-597,sale,-3,0
2024-07-11,S1,Electronics,EL-930,sale,-4,0
2024-07-11,S2,Grocery,GR-917,receipt,26,0
2024-07-11,S2,Electronics,EL-446,count,0,-2
2024-07-11,S2,Apparel,AP-981,count,0,-1
2024-07-11,S2,Electronics,EL-156,return,2,0
2024-07-11,S2,Home,HO-558,sale,-5,0
2024-07-11,S2,Electronics,EL-298,count,0,1
2024-07-11,S2,Home,HO-173,sale,-4,0
2024-07-11,S2,Grocery,GR-963,sale,-4,0
2024-07-11,S2,Grocery,GR-596,sale,-6,0
2024-07-11,S2,Home,HO-253,return,2,0
2024-07-11,S3,Electronics,EL-503,receipt,50,0
2024-07-11,S3,Electronics,EL-347,return,3,0
2024-07-11,S3,Grocery,GR-789,sale,-2,0
2024-07-11,S3,Grocery,GR-879,return,3,0
2024-07-11,S3,Electronics,EL-995,sale,-2,0
2024-07-11,S3,Electronics,EL-951,return,2,0
2024-07-11,S3,Electronics,EL-120,count,0,-4
2024-07-11,S3,Electronics,EL-894,receipt,10,0
2024-07-11,S3,Electronics,EL-501,sale,-4,0
2024-07-11,S3,Apparel,AP-729,return,1,0
2024-07-11,S3,Home,HO-859,return,2,0
2024-07-11,S3,Electronics,EL-176,count,0,-3
2024-07-11,S3,Home,HO-235,count,0,0
2024-07-11,S3,Grocery,GR-222,count,0,-2
2024-07-11,S3,Apparel,AP-809,receipt,36,0
2024-07-11,S3,Grocery,GR-251,sale,-2,0
2024-07-11,S4,Electronics,EL-210,return,3,0
2024-07-11,S4,Grocery,GR-128,sale,-2,0
2024-07-11,S4,Electronics,EL-784,return,3,0
2024-07-11,S4,Electronics,EL-581,sale,-6,0
2024-07-11,S4,Home,HO-575,sale,-6,0
2024-07-11,S4,Apparel,AP-730,sale,-1,0
2024-07-11,S4,Home,HO-505,sale,-4,0
2024-07-11,S4,Electronics,EL-464,sale,-5,0
2024-07-11,S4,Grocery,GR-932,count,0,-1
2024-07-11,S4,Grocery,GR-236,sale,-3,0
2024-07-11,S4,Grocery,GR-715,count,0,0
2024-07-11,S4,Electronics,EL-273,sale,-3,0
2024-07-11,S4,Home,HO-618,sale,-5,0
2024-07-11,S5,Electronics,EL-837,sale,-3,0
2024-07-11,S5,Home,HO-213,sale,-1,0
2024-07-11,S5,Grocery,GR-517,receipt,25,0
2024-07-11,S5,Home,HO-435,sale,-1,0
2024-07-11,S5,Home,HO-443,sale,-1,0
2024-07-11,S5,Grocery,GR-513,receipt,21,0
2024-07-11,S5,Electronics,EL-502,sale,-3,0
2024-07-11,S5,Home,HO-979,count,0,2
2024-07-11,S5,Home,HO-692,sale,-4,0
2024-07-11,S5,Grocery,GR-577,return,3,0
2024-07-12,S1,Home,HO-161,sale,-1,0
2024-07-12,S1,Grocery,GR-584,count,0,-2
2024-07-12,S1,Grocery,GR-862,return,1,0
2024-07-12,S1,Apparel,AP-144,sale,-4,0
2024-07-12,S1,Apparel,AP-948,return,1,0
2024-07-12,S1,Grocery,GR-779,sale,-1,0
2024-07-12,S1,Grocery,GR-393,return,3,0
2024-07-12,S1,Electronics,EL-987,sale,-6,0
2024-07-12,S1,Home,HO-616,count,0,-2
2024-07-12,S1,Electronics,EL-377,count,0,0
2024-07-12,S1,Electronics,EL-507,count,0,-1
2024-07-12,S1,Apparel,AP-998,sale,-1,0
2024-07-12,S1,Electronics,EL-814,count,0,0
2024-07-12,S1,Home,HO-854,count,0,-1
2024-07-12,S1,Electronics,EL-725,receipt,19,0
2024-07-12,S1,Grocery,GR-293,receipt,42,0
2024-07-12,S2,Electronics,EL-369,receipt,11,0
2024-07-12,S2,Grocery,GR-240,return,2,0
2024-07-12,S2,Apparel,AP-264,receipt,24,0
2024-07-12,S2,Grocery,GR-432,sale,-6,0
2024-07-12,S2,Apparel,AP-750,sale,-4,0
2024-07-12,S2,Grocery,GR-227,count,0,0
2024-07-12,S2,Apparel,AP-453,return,2,0
2024-07-12,S2,Home,HO-860,receipt,16,0
2024-07-12,S2,Electronics,EL-862,count,0,-2
2024-07-12,S2,Home,HO-887,sale,-6,0
2024-07-12,S2,Home,HO-880,count,0,2
2024-07-12,S2,Home,HO-430,return,2,0
2024-07-12,S3,Grocery,GR-848,return,2,0
2024-07-12,S3,Electronics,EL-441,sale,-6,0
2024-07-12,S3,Apparel,AP-936,sale,-3,0
2024-07-12,S3,Apparel,AP-664,sale,-5,0
2024-07-12,S3,Grocery,GR-689,sale,-3,0
2024-07-12,S3,Grocery,GR-340,return,1,0
2024-07-12,S3,Home,HO-272,sale,-3,0
2024-07-12,S3,Apparel,AP-767,count,0,-1
2024-07-12,S3,Apparel,AP-274,count,0,-2
2024-07-12,S3,Home,HO-354,sale,-4,0
2024-07-12,S3,Electronics,EL-886,sale,-1,0
2024-07-12,S4,Home,HO-210,count,0,-2
2024-07-12,S4,Electronics,EL-164,receipt,56,0
2024-07-12,S4,Home,HO-238,sale,-5,0
2024-07-12,S4,Electronics,EL-542,return,1,0
2024-07-12,S4,Apparel,AP-591,return,1,0
2024-07-12,S4,Apparel,AP-172,sale,-1,0
2024-07-12,S4,Apparel,AP-225,sale,-5,0
2024-07-12,S4,Home,HO-150,sale,-3,0
2024-07-12,S4,Apparel,AP-767,sale,-2,0
2024-07-12,S4,Home,HO-803,return,3,0
2024-07-12,S4,Grocery,GR-201,sale,-3,0
2024-07-12,S4,Home,HO-346,sale,-2,0
2024-07-12,S4,Apparel,AP-567,sale,-2,0
2024-07-12,S4,Apparel,AP-363,sale,-3,0
2024-07-12,S4,Home,HO-857,sale,-2,0
2024-07-12,S5,Grocery,GR-486,count,0,2
2024-07-12,S5,Apparel,AP-945,sale,-2,0
2024-07-12,S5,Apparel,AP-287,return,1,0
2024-07-12,S5,Grocery,GR-994,sale,-3,0
2024-07-12,S5,Home,HO-276,sale,-4,0
2024-07-12,S5,Home,HO-870,sale,-3,0
2024-07-12,S5,Electronics,EL-149,receipt,29,0
2024-07-12,S5,Apparel,AP-718,count,0,2
2024-07-12,S5,Electronics,EL-361,return,3,0
2024-07-12,S5,Apparel,AP-466,return,1,0
2024-07-13,S1,Grocery,GR-556,sale,-1,0
2024-07-13,S1,Electronics,EL-207,return,1,0
2024-07-13,S1,Home,HO-133,return,3,0
2024-07-13,S1,Home,HO-328,count,0,-1
2024-07-13,S1,Grocery,GR-184,return,1,0
2024-07-13,S1,Electronics,EL-875,sale,-3,0
2024-07-13,S1,Apparel,AP-102,sale,-4,0
2024-07-13,S1,Apparel,AP-676,count,0,2
2024-07-13,S1,Electronics,EL-695,sale,-2,0
2024-07-13,S1,Grocery,GR-738,return,2,0
2024-07-13,S1,Apparel,AP-778,receipt,23,0
2024-07-13,S1,Electronics,EL-198,return,2,0
2024-07-13,S1,Home,HO-136,sale,-1,0
2024-07-13,S1,Home,HO-434,sale,-4,0
2024-07-13,S2,Apparel,AP-554,count,0,1
2024-07-13,S2,Grocery,GR-766,sale,-1,0
2024-07-13,S2,Apparel,AP-342,sale,-5,0
2024-07-13,S2,Electronics,EL-689,sale,-6,0
2024-07-13,S2,Apparel,AP-822,count,0,0
2024-07-13,S2,Home,HO-616,sale,-4,0
2024-07-13,S2,Home,HO-336,return,3,0
2024-07-13,S2,Electronics,EL-104,count,0,1
2024-07-13,S2,Apparel,AP-504,return,3,0
2024-07-13,S2,Electronics,EL-345,sale,-4,0
2024-07-13,S2,Electronics,EL-423,receipt,52,0
2024-07-13,S2,Apparel,AP-760,receipt,32,0
2024-07-13,S2,Electronics,EL-604,count,0,-1
2024-07-13,S2,Electronics,EL-824,return,1,0
2024-07-13,S3,Apparel,AP-664,sale,-3,0
2024-07-13,S3,Apparel,AP-370,return,3,0
2024-07-13,S3,Electronics,EL-908,sale,-6,0
2024-07-13,S3,Grocery,GR-363,sale,-4,0
2024-07-13,S3,Electronics,EL-951,return,2,0
2024-07-13,S3,Apparel,AP-745,sale,-6,0
2024-07-13,S3,Apparel,AP-341,sale,-3,0
2024-07-13,S3,Grocery,GR-629,sale,-1,0
2024-07-13,S3,Home,HO-459,receipt,43,0
2024-07-13,S4,Apparel,AP-993,receipt,33,0
2024-07-13,S4,Grocery,GR-473,receipt,14,0
2024-07-13,S4,Grocery,GR-357,sale,-2,0
2024-07-13,S4,Home,HO-488,sale,-1,0
2024-07-13,S4,Electronics,EL-543,return,1,0
2024-07-13,S4,Grocery,GR-800,return,1,0
2024-07-13,S4,Electronics,EL-802,sale,-6,0
2024-07-13,S4,Grocery,GR-371,sale,-3,0
2024-07-13,S4,Grocery,GR-457,sale,-1,0
2024-07-13,S5,Grocery,GR-757,receipt,40,0
2024-07-13,S5,Apparel,AP-657,return,1,0
2024-07-13,S5,Apparel,AP-237,receipt,51,0
2024-07-13,S5,Apparel,AP-120,sale,-5,0
2024-07-13,S5,Home,HO-300,return,3,0
2024-07-13,S5,Grocery,GR-791,sale,-5,0
2024-07-13,S5,Grocery,GR-118,sale,-4,0
2024-07-13,S5,Apparel,AP-335,return,3,0
2024-07-13,S5,Grocery,GR-468,sale,-1,0
2024-07-13,S5,Grocery,GR-121,sale,-6,0
2024-07-13,S5,Electronics,EL-974,sale,-2,0
2024-07-13,S5,Home,HO-474,count,0,1
2024-07-13,S5,Home,HO-106,count,0,-1
2024-07-14,S1,Apparel,AP-809,count,0,0
2024-07-14,S1,Electronics,EL-977,sale,-4,0
2024-07-14,S1,Grocery,GR-527,return,2,0
2024-07-14,S1,Home,HO-754,sale,-5,0
2024-07-14,S1,Home,HO-606,sale,-3,0
2024-07-14,S1,Electronics,EL-178,receipt,39,0
2024-07-14,S1,Apparel,AP-775,count,0,-1
2024-07-14,S1,Apparel,AP-280,count,0,0
2024-07-14,S1,Grocery,GR-769,sale,-6,0
2024-07-14,S1,Grocery,GR-540,sale,-5,0
2024-07-14,S1,Electronics,EL-553,receipt,12,0
2024-07-14,S1,Electronics,EL-601,count,0,-1
2024-07-14,S1,Electronics,EL-366,sale,-3,0
2024-07-14,S1,Apparel,AP-907,sale,-6,0
2024-07-14,S1,Electronics,EL-609,receipt,38,0
2024-07-14,S2,Electronics,EL-375,sale,-3,0
2024-07-14,S2,Home,HO-508,sale,-4,0
2024-07-14,S2,Grocery,GR-562,sale,-5,0
2024-07-14,S2,Apparel,AP-510,sale,-1,0
2024-07-14,S2,Electronics,EL-166,count,0,0
2024-07-14,S2,Electronics,EL-322,receipt,28,0
2024-07-14,S2,Home,HO-366,count,0,-1
2024-07-14,S2,Apparel,AP-712,count,0,0
2024-07-14,S2,Grocery,GR-616,sale,-5,0
2024-07-14,S2,Electronics,EL-161,sale,-2,0
2024-07-14,S2,Apparel,AP-125,sale,-4,0
2024-07-14,S2,Home,HO-871,count,0,2
2024-07-14,S2,Home,HO-735,sale,-4,0
2024-07-14,S2,Home,HO-874,sale,-5,0
2024-07-14,S3,Home,HO-989,receipt,28,0
2024-07-14,S3,Grocery,GR-455,sale,-1,0
2024-07-14,S3,Grocery,GR-400,sale,-5,0
2024-07-14,S3,Home,HO-184,sale,-6,0
2024-07-14,S3,Grocery,GR-166,count,0,0
2024-07-14,S3,Electronics,EL-368,count,0,-6
2024-07-14,S3,Home,HO-845,count,0,-2
2024-07-14,S3,Apparel,AP-702,return,2,0
2024-07-14,S3,Electronics,EL-557,sale,-4,0
2024-07-14,S3,Electronics,EL-422,sale,-1,0
2024-07-14,S3,Apparel,AP-272,sale,-6,0
2024-07-14,S3,Apparel,AP-946,count,0,0
2024-07-14,S3,Grocery,GR-541,return,1,0
2024-07-14,S3,Apparel,AP-613,receipt,49,0
2024-07-14,S3,Grocery,GR-709,return,2,0
2024-07-14,S4,Home,HO-378,return,2,0
2024-07-14,S4,Apparel,AP-693,receipt,56,0
2024-07-14,S4,Apparel,AP-171,sale,-1,0
2024-07-14,S4,Apparel,AP-732,sale,-4,0
2024-07-14,S4,Grocery,GR-950,sale,-4,0
2024-07-14,S4,Apparel,AP-301,sale,-2,0
2024-07-14,S4,Electronics,EL-468,return,1,0
2024-07-14,S4,Home,HO-823,sale,-1,0
2024-07-14,S4,Grocery,GR-778,receipt,47,0
2024-07-14,S4,Apparel,AP-287,return,1,0
2024-07-14,S4,Home,HO-824,count,0,-1
2024-07-14,S4,Electronics,EL-386,sale,-1,0
2024-07-14,S4,Home,HO-576,return,1,0
2024-07-14,S5,Home,HO-812,count,0,2
2024-07-14,S5,Home,HO-828,receipt,32,0
2024-07-14,S5,Electronics,EL-801,sale,-1,0
2024-07-14,S5,Electronics,EL-223,receipt,49,0
2024-07-14,S5,Grocery,GR-589,sale,-5,0
2024-07-14,S5,Grocery,GR-997,receipt,38,0
2024-07-14,S5,Home,HO-278,sale,-6,0
2024-07-14,S5,Apparel,AP-281,receipt,33,0
2024-07-14,S5,Grocery,GR-630,sale,-4,0
2024-07-14,S5,Electronics,EL-748,sale,-3,0
2024-07-14,S5,Home,HO-805,receipt,15,0
2024-07-14,S5,Apparel,AP-729,sale,-6,0
2024-07-14,S5,Apparel,AP-205,receipt,46,0
2024-07-14,S5,Home,HO-132,count,0,2
2024-07-14,S5,Home,HO-825,sale,-2,0
2024-07-14,S5,Home,HO-575,receipt,47,0
2024-07-15,S1,Apparel,AP-584,receipt,16,0
2024-07-15,S1,Electronics,EL-776,sale,-4,0
2024-07-15,S1,Apparel,AP-743,return,1,0
2024-07-15,S1,Home,HO-130,sale,-3,0
2024-07-15,S1,Apparel,AP-812,count,0,2
2024-07-15,S1,Grocery,GR-356,return,1,0
2024-07-15,S1,Home,HO-879,receipt,48,0
2024-07-15,S1,Home,HO-197,sale,-4,0
2024-07-15,S1,Apparel,AP-770,return,3,0
2024-07-15,S1,Apparel,AP-162,sale,-1,0
2024-07-15,S1,Apparel,AP-798,receipt,30,0
2024-07-15,S2,Home,HO-933,sale,-3,0
2024-07-15,S2,Home,HO-675,count,0,2
2024-07-15,S2,Home,HO-677,sale,-1,0
2024-07-15,S2,Home,HO-951,sale,-3,0
2024-07-15,S2,Electronics,EL-829,return,1,0
2024-07-15,S2,Electronics,EL-811,receipt,24,0
2024-07-15,S2,Electronics,EL-626,sale,-5,0
2024-07-15,S2,Apparel,AP-148,receipt,27,0
2024-07-15,S2,Grocery,GR-141,sale,-6,0
2024-07-15,S2,Electronics,EL-938,sale,-6,0
2024-07-15,S3,Home,HO-968,receipt,60,0
2024-07-15,S3,Electronics,EL-309,receipt,60,0
2024-07-15,S3,Electronics,EL-719,receipt,48,0
2024-07-15,S3,Electronics,EL-851,sale,-3,0
2024-07-15,S3,Home,HO-908,sale,-2,0
2024-07-15,S3,Electronics,EL-252,sale,-5,0
2024-07-15,S3,Grocery,GR-145,sale,-4,0
2024-07-15,S3,Home,HO-435,receipt,54,0
2024-07-15,S3,Electronics,EL-132,count,0,-6
2024-07-15,S4,Grocery,GR-244,receipt,13,0
2024-07-15,S4,Apparel,AP-616,sale,-2,0
2024-07-15,S4,Electronics,EL-276,return,2,0
2024-07-15,S4,Home,HO-678,sale,-5,0
2024-07-15,S4,Home,HO-216,return,2,0
2024-07-15,S4,Home,HO-961,count,0,1
2024-07-15,S4,Electronics,EL-684,sale,-6,0
2024-07-15,S4,Home,HO-728,sale,-5,0
2024-07-15,S4,Apparel,AP-231,sale,-1,0
2024-07-15,S4,Home,HO-472,count,0,1
2024-07-15,S4,Electronics,EL-213,return,1,0
2024-07-15,S5,Apparel,AP-311,receipt,53,0
2024-07-15,S5,Home,HO-537,count,0,2
2024-07-15,S5,Grocery,GR-892,sale,-1,0
2024-07-15,S5,Grocery,GR-221,sale,-6,0
2024-07-15,S5,Home,HO-946,return,3,0
2024-07-15,S5,Electronics,EL-704,sale,-2,0
2024-07-15,S5,Electronics,EL-296,return,3,0
2024-07-15,S5,Electronics,EL-210,sale,-4,0
2024-07-15,S5,Apparel,AP-426,sale,-4,0
2024-07-15,S5,Home,HO-528,return,1,0
2024-07-15,S5,Electronics,EL-879,count,0,-1
2024-07-15,S5,Home,HO-519,sale,-3,0
2024-07-15,S5,Home,HO-219,sale,-5,0
2024-07-15,S5,Grocery,GR-474,receipt,37,0
2024-07-15,S5,Apparel,AP-641,sale,-1,0
2024-07-15,S5,Apparel,AP-234,return,2,0
2024-07-16,S1,Apparel,AP-865,return,3,0
2024-07-16,S1,Apparel,AP-169,count,0,2
2024-07-16,S1,Grocery,GR-721,return,1,0
2024-07-16,S1,Apparel,AP-520,sale,-4,0
2024-07-16,S1,Grocery,GR-292,return,2,0
2024-07-16,S1,Grocery,GR-591,sale,-4,0
2024-07-16,S1,Apparel,AP-335,sale,-6,0
2024-07-16,S1,Apparel,AP-219,count,0,2
2024-07-16,S1,Grocery,GR-271,sale,-1,0
2024-07-16,S1,Grocery,GR-861,sale,-6,0
2024-07-16,S1,Electronics,EL-459,count,0,2
2024-07-16,S1,Electronics,EL-813,sale,-5,0
2024-07-16,S2,Grocery,GR-582,return,2,0
2024-07-16,S2,Electronics,EL-935,receipt,12,0
2024-07-16,S2,Electronics,EL-136,receipt,25,0
2024-07-16,S2,Home,HO-298,sale,-6,0
2024-07-16,S2,Home,HO-732,sale,-1,0
2024-07-16,S2,Apparel,AP-489,sale,-3,0
2024-07-16,S2,Electronics,EL-788,count,0,-2
2024-07-16,S2,Electronics,EL-810,receipt,28,0
2024-07-16,S2,Electronics,EL-385,sale,-3,0
2024-07-16,S2,Grocery,GR-792,return,1,0
2024-07-16,S2,Electronics,EL-556,sale,-6,0
2024-07-16,S2,Grocery,GR-413,receipt,29,0
2024-07-16,S2,Home,HO-374,sale,-3,0
2024-07-16,S2,Electronics,EL-812,sale,-1,0
2024-07-16,S2,Grocery,GR-848,sale,-1,0
2024-07-16,S2,Apparel,AP-117,return,1,0
2024-07-16,S3,Electronics,EL-275,sale,-2,0
2024-07-16,S3,Home,HO-619,count,0,0
2024-07-16,S3,Electronics,EL-963,count,0,-3
2024-07-16,S3,Home,HO-531,count,0,-2
2024-07-16,S3,Electronics,EL-689,count,0,-5
2024-07-16,S3,Grocery,GR-340,return,1,0
2024-07-16,S3,Grocery,GR-324,count,0,1
2024-07-16,S3,Apparel,AP-428,receipt,22,0
2024-07-16,S3,Electronics,EL-457,sale,-1,0
2024-07-16,S3,Apparel,AP-713,sale,-2,0
2024-07-16,S3,Home,HO-597,return,2,0
2024-07-16,S4,Electronics,EL-639,sale,-5,0
2024-07-16,S4,Home,HO-914,sale,-3,0
2024-07-16,S4,Apparel,AP-233,sale,-2,0
2024-07-16,S4,Grocery,GR-774,sale,-3,0
2024-07-16,S4,Grocery,GR-378,count,0,1
2024-07-16,S4,Apparel,AP-229,receipt,43,0
2024-07-16,S4,Apparel,AP-675,return,2,0
2024-07-16,S4,Apparel,AP-252,sale,-5,0
2024-07-16,S4,Electronics,EL-642,return,2,0
2024-07-16,S4,Apparel,AP-696,receipt,58,0
2024-07-16,S4,Grocery,GR-687,return,1,0
2024-07-16,S4,Home,HO-390,count,0,1
2024-07-16,S4,Home,HO-886,return,2,0
2024-07-16,S4,Electronics,EL-450,sale,-3,0
2024-07-16,S5,Home,HO-299,receipt,19,0
2024-07-16,S5,Home,HO-236,count,0,2
2024-07-16,S5,Electronics,EL-845,sale,-1,0
2024-07-16,S5,Apparel,AP-571,sale,-3,0
2024-07-16,S5,Grocery,GR-665,sale,-1,0
2024-07-16,S5,Grocery,GR-706,receipt,30,0
2024-07-16,S5,Electronics,EL-473,sale,-3,0
2024-07-16,S5,Apparel,AP-493,return,2,0
2024-07-16,S5,Apparel,AP-989,sale,-5,0
2024-07-16,S5,Electronics,EL-982,receipt,56,0
2024-07-16,S5,Grocery,GR-445,receipt,56,0
2024-07-16,S5,Home,HO-494,receipt,23,0
2024-07-16,S5,Grocery,GR-473,receipt,38,0
2024-07-16,S5,Apparel,AP-872,sale,-3,0
2024-07-17,S1,Grocery,GR-294,receipt,36,0
2024-07-17,S1,Home,HO-273,count,0,0
2024-07-17,S1,Electronics,EL-862,sale,-6,0
2024-07-17,S1,Home,HO-371,return,1,0
2024-07-17,S1,Grocery,GR-569,sale,-2,0
2024-07-17,S1,Home,HO-618,sale,-5,0
2024-07-17,S1,Grocery,GR-556,sale,-6,0
2024-07-17,S1,Electronics,EL-260,receipt,31,0
2024-07-17,S1,Electronics,EL-767,count,0,1
2024-07-17,S1,Electronics,EL-673,count,0,-2
2024-07-17,S1,Grocery,GR-311,receipt,11,0
2024-07-17,S1,Electronics,EL-582,sale,-4,0
2024-07-17,S1,Electronics,EL-596,receipt,34,0
2024-07-17,S1,Home,HO-340,count,0,-1
2024-07-17,S1,Grocery,GR-397,count,0,-2
2024-07-17,S2,Apparel,AP-145,count,0,2
2024-07-17,S2,Electronics,EL-504,receipt,55,0
2024-07-17,S2,Electronics,EL-429,sale,-5,0
2024-07-17,S2,Apparel,AP-272,count,0,2
2024-07-17,S2,Apparel,AP-915,count,0,2
2024-07-17,S2,Electronics,EL-403,return,1,0
2024-07-17,S2,Apparel,AP-155,sale,-6,0
2024-07-17,S2,Home,HO-822,count,0,2
2024-07-17,S2,Grocery,GR-433,count,0,-1
2024-07-17,S3,Grocery,GR-111,receipt,35,0
2024-07-17,S3,Grocery,GR-133,count,0,-2
2024-07-17,S3,Home,HO-537,sale,-1,0
2024-07-17,S3,Electronics,EL-368,sale,-1,0
2024-07-17,S3,Grocery,GR-418,count,0,2
2024-07-17,S3,Grocery,GR-326,count,0,-2
2024-07-17,S3,Electronics,EL-971,receipt,42,0
2024-07-17,S3,Grocery,GR-470,sale,-1,0
2024-07-17,S3,Home,HO-232,sale,-4,0
2024-07-17,S3,Apparel,AP-818,sale,-3,0
2024-07-17,S3,Home,HO-909,sale,-6,0
2024-07-17,S3,Grocery,GR-285,count,0,-1
2024-07-17,S3,Grocery,GR-759,sale,-5,0
2024-07-17,S3,Home,HO-134,sale,-2,0
2024-07-17,S4,Grocery,GR-967,sale,-4,0
2024-07-17,S4,Apparel,AP-100,receipt,45,0
2024-07-17,S4,Electronics,EL-902,sale,-6,0
2024-07-17,S4,Grocery,GR-724,return,2,0
2024-07-17,S4,Grocery,GR-614,sale,-2,0
2024-07-17,S4,Electronics,EL-358,return,2,0
2024-07-17,S4,Electronics,EL-352,sale,-3,0
2024-07-17,S4,Electronics,EL-132,sale,-4,0
2024-07-17,S4,Apparel,AP-719,sale,-3,0
2024-07-17,S4,Apparel,AP-157,sale,-5,0
2024-07-17,S4,Home,HO-665,receipt,34,0
2024-07-17,S4,Grocery,GR-120,count,0,2
2024-07-17,S5,Apparel,AP-293,sale,-1,0
2024-07-17,S5,Grocery,GR-860,sale,-1,0
2024-07-17,S5,Home,HO-949,return,3,0
2024-07-17,S5,Home,HO-736,count,0,-2
2024-07-17,S5,Apparel,AP-897,return,1,0
2024-07-17,S5,Home,HO-716,sale,-5,0
2024-07-17,S5,Apparel,AP-932,sale,-5,0
2024-07-17,S5,Home,HO-646,receipt,27,0
2024-07-17,S5,Grocery,GR-363,sale,-6,0
2024-07-17,S5,Grocery,GR-906,sale,-2,0
2024-07-17,S5,Electronics,EL-844,sale,-5,0
2024-07-17,S5,Home,HO-639,sale,-6,0
2024-07-17,S5,Home,HO-356,sale,-6,0
2024-07-17,S5,Electronics,EL-542,sale,-4,0
2024-07-17,S5,Apparel,AP-743,return,2,0
2024-07-17,S5,Apparel,AP-306,return,2,0
2024-07-18,S1,Grocery,GR-700,count,0,2
2024-07-18,S1,Electronics,EL-396,sale,-4,0
2024-07-18,S1,Grocery,GR-472,receipt,54,0
2024-07-18,S1,Home,HO-681,sale,-4,0
2024-07-18,S1,Electronics,EL-710,receipt,32,0
2024-07-18,S1,Electronics,EL-465,sale,-3,0
2024-07-18,S1,Apparel,AP-557,receipt,53,0
2024-07-18,S1,Electronics,EL-123,receipt,46,0
2024-07-18,S1,Electronics,EL-160,return,2,0
2024-07-18,S1,Electronics,EL-960,sale,-2,0
2024-07-18,S1,Grocery,GR-473,count,0,0
2024-07-18,S1,Electronics,EL-642,receipt,59,0
2024-07-18,S1,Home,HO-180,count,0,-2
2024-07-18,S1,Electronics,EL-173,sale,-1,0
2024-07-18,S1,Electronics,EL-559,return,2,0
2024-07-18,S1,Home,HO-790,sale,-5,0
2024-07-18,S2,Apparel,AP-161,sale,-2,0
2024-07-18,S2,Electronics,EL-633,count,0,1
2024-07-18,S2,Apparel,AP-817,count,0,1
2024-07-18,S2,Grocery,GR-406,sale,-4,0
2024-07-18,S2,Home,HO-217,return,3,0
2024-07-18,S2,Home,HO-311,count,0,-2
2024-07-18,S2,Grocery,GR-399,return,2,0
2024-07-18,S2,Electronics,EL-549,count,0,1
2024-07-18,S2,Electronics,EL-383,sale,-3,0
2024-07-18,S2,Home,HO-634,sale,-3,0
2024-07-18,S2,Home,HO-288,receipt,44,0
2024-07-18,S2,Electronics,EL-844,receipt,52,0
2024-07-18,S2,Electronics,EL-562,sale,-4,0
2024-07-18,S2,Grocery,GR-578,sale,-5,0
2024-07-18,S2,Apparel,AP-818,sale,-4,0
2024-07-18,S2,Apparel,AP-820,sale,-1,0
2024-07-18,S3,Apparel,AP-590,sale,-6,0
2024-07-18,S3,Apparel,AP-213,count,0,1
2024-07-18,S3,Home,HO-662,count,0,-2
2024-07-18,S3,Grocery,GR-507,sale,-4,0
2024-07-18,S3,Apparel,AP-549,sale,-6,0
2024-07-18,S3,Home,HO-467,sale,-4,0
2024-07-18,S3,Grocery,GR-846,count,0,-1
2024-07-18,S3,Electronics,EL-642,receipt,30,0
2024-07-18,S3,Grocery,GR-153,sale,-5,0
2024-07-18,S3,Apparel,AP-925,count,0,2
2024-07-18,S3,Electronics,EL-510,sale,-3,0
2024-07-18,S3,Home,HO-944,receipt,34,0
2024-07-18,S3,Home,HO-516,count,0,-1
2024-07-18,S3,Home,HO-753,sale,-4,0
2024-07-18,S3,Home,HO-431,count,0,1
2024-07-18,S3,Electronics,EL-896,sale,-2,0
2024-07-18,S4,Electronics,EL-933,sale,-2,0
2024-07-18,S4,Grocery,GR-861,sale,-6,0
2024-07-18,S4,Grocery,GR-937,sale,-3,0
2024-07-18,S4,Home,HO-328,count,0,-2
2024-07-18,S4,Apparel,AP-750,sale,-5,0
2024-07-18,S4,Grocery,GR-819,count,0,-2
2024-07-18,S4,Electronics,EL-669,return,3,0
2024-07-18,S4,Apparel,AP-996,receipt,40,0
2024-07-18,S4,Apparel,AP-682,return,3,0
2024-07-18,S4,Apparel,AP-127,count,0,-2
2024-07-18,S4,Apparel,AP-498,count,0,-2
2024-07-18,S4,Grocery,GR-157,count,0,0
2024-07-18,S5,Apparel,AP-339,sale,-3,0
2024-07-18,S5,Grocery,GR-608,sale,-4,0
2024-07-18,S5,Apparel,AP-998,sale,-2,0
2024-07-18,S5,Electronics,EL-780,receipt,10,0
2024-07-18,S5,Grocery,GR-485,sale,-1,0
2024-07-18,S5,Apparel,AP-518,count,0,2
2024-07-18,S5,Apparel,AP-873,sale,-2,0
2024-07-18,S5,Electronics,EL-227,return,2,0
2024-07-18,S5,Electronics,EL-113,sale,-3,0
2024-07-18,S5,Home,HO-281,count,0,-1
2024-07-19,S1,Home,HO-248,return,2,0
2024-07-19,S1,Grocery,GR-241,sale,-6,0
2024-07-19,S1,Apparel,AP-162,return,1,0
2024-07-19,S1,Home,HO-910,count,0,0
2024-07-19,S1,Electronics,EL-657,receipt,30,0
2024-07-19,S1,Apparel,AP-394,return,1,0
2024-07-19,S1,Grocery,GR-412,receipt,50,0
2024-07-19,S1,Electronics,EL-757,sale,-1,0
2024-07-19,S1,Apparel,AP-970,sale,-6,0
2024-07-19,S1,Apparel,AP-921,return,1,0
2024-07-19,S1,Apparel,AP-257,return,3,0
2024-07-19,S1,Electronics,EL-566,sale,-1,0
2024-07-19,S2,Home,HO-316,sale,-1,0
2024-07-19,S2,Home,HO-652,return,3,0
2024-07-19,S2,Electronics,EL-586,return,3,0
2024-07-19,S2,Apparel,AP-323,sale,-5,0
2024-07-19,S2,Electronics,EL-854,count,0,0
2024-07-19,S2,Apparel,AP-734,sale,-4,0
2024-07-19,S2,Grocery,GR-351,sale,-1,0
2024-07-19,S2,Electronics,EL-840,return,1,0
2024-07-19,S2,Home,HO-279,receipt,45,0
2024-07-19,S2,Home,HO-864,return,3,0
2024-07-19,S2,Grocery,GR-455,receipt,24,0
2024-07-19,S2,Grocery,GR-649,sale,-1,0
2024-07-19,S3,Electronics,EL-937,count,0,-4
2024-07-19,S3,Home,HO-704,count,0,1
2024-07-19,S3,Apparel,AP-365,return,3,0
2024-07-19,S3,Grocery,GR-903,return,1,0
2024-07-19,S3,Home,HO-915,receipt,25,0
2024-07-19,S3,Home,HO-467,sale,-6,0
2024-07-19,S3,Apparel,AP-203,receipt,41,0
2024-07-19,S3,Apparel,AP-933,sale,-1,0
2024-07-19,S3,Electronics,EL-196,sale,-5,0
2024-07-19,S4,Home,HO-726,return,2,0
2024-07-19,S4,Grocery,GR-711,return,3,0
2024-07-19,S4,Grocery,GR-322,count,0,2
2024-07-19,S4,Apparel,AP-342,sale,-6,0
2024-07-19,S4,Apparel,AP-192,count,0,1
2024-07-19,S4,Home,HO-220,sale,-2,0
2024-07-19,S4,Apparel,AP-116,count,0,-2
2024-07-19,S4,Apparel,AP-669,sale,-1,0
2024-07-19,S4,Grocery,GR-107,sale,-4,0
2024-07-19,S4,Grocery,GR-772,return,3,0
2024-07-19,S5,Apparel,AP-169,receipt,46,0
2024-07-19,S5,Home,HO-817,sale,-6,0
2024-07-19,S5,Grocery,GR-837,sale,-2,0
2024-07-19,S5,Electronics,EL-646,sale,-5,0
2024-07-19,S5,Home,HO-584,receipt,11,0
2024-07-19,S5,Electronics,EL-753,return,2,0
2024-07-19,S5,Apparel,AP-711,receipt,17,0
2024-07-19,S5,Apparel,AP-545,receipt,33,0
2024-07-19,S5,Home,HO-585,sale,-5,0
2024-07-19,S5,Electronics,EL-841,count,0,-2
2024-07-19,S5,Electronics,EL-572,sale,-3,0
2024-07-19,S5,Grocery,GR-419,count,0,1
2024-07-19,S5,Apparel,AP-755,sale,-1,0
2024-07-20,S1,Grocery,GR-221,count,0,2
2024-07-20,S1,Apparel,AP-642,receipt,51,0
2024-07-20,S1,Grocery,GR-403,sale,-3,0
2024-07-20,S1,Apparel,AP-869,sale,-2,0
2024-07-20,S1,Home,HO-190,sale,-6,0
2024-07-20,S1,Apparel,AP-217,return,2,0
2024-07-20,S1,Apparel,AP-498,sale,-4,0
2024-07-20,S1,Grocery,GR-427,sale,-5,0
2024-07-20,S1,Apparel,AP-206,sale,-3,0
2024-07-20,S1,Apparel,AP-533,return,3,0
2024-07-20,S1,Electronics,EL-235,count,0,0
2024-07-20,S1,Home,HO-299,return,2,0
2024-07-20,S1,Home,HO-484,return,1,0
2024-07-20,S1,Home,HO-104,sale,-5,0
2024-07-20,S2,Apparel,AP-502,count,0,-1
2024-07-20,S2,Electronics,EL-514,sale,-6,0
2024-07-20,S2,Electronics,EL-793,return,2,0
2024-07-20,S2,Grocery,GR-811,sale,-4,0
2024-07-20,S2,Electronics,EL-982,sale,-5,0
2024-07-20,S2,Home,HO-756,return,1,0
2024-07-20,S2,Apparel,AP-216,sale,-4,0
2024-07-20,S2,Electronics,EL-295,sale,-3,0
2024-07-20,S3,Grocery,GR-114,sale,-4,0
2024-07-20,S3,Home,HO-761,count,0,2
2024-07-20,S3,Home,HO-345,return,1,0
2024-07-20,S3,Electronics,EL-830,sale,-3,0
2024-07-20,S3,Grocery,GR-225,sale,-5,0
2024-07-20,S3,Apparel,AP-456,sale,-2,0
2024-07-20,S3,Electronics,EL-984,sale,-1,0
2024-07-20,S3,Electronics,EL-238,receipt,24,0
2024-07-20,S3,Apparel,AP-148,receipt,50,0
2024-07-20,S3,Home,HO-294,sale,-5,0
2024-07-20,S3,Home,HO-809,sale,-5,0
2024-07-20,S3,Grocery,GR-105,return,3,0
2024-07-20,S3,Electronics,EL-737,count,0,-5
2024-07-20,S3,Home,HO-281,sale,-4,0
2024-07-20,S4,Electronics,EL-311,receipt,38,0
2024-07-20,S4,Grocery,GR-583,count,0,-1
2024-07-20,S4,Grocery,GR-755,sale,-4,0
2024-07-20,S4,Grocery,GR-732,receipt,28,0
2024-07-20,S4,Apparel,AP-103,sale,-5,0
2024-07-20,S4,Home,HO-523,count,0,0
2024-07-20,S4,Grocery,GR-552,sale,-5,0
2024-07-20,S4,Apparel,AP-615,count,0,2
2024-07-20,S4,Home,HO-892,return,3,0
2024-07-20,S5,Grocery,GR-650,count,0,-1
2024-07-20,S5,Home,HO-429,return,3,0
2024-07-20,S5,Home,HO-421,return,1,0
2024-07-20,S5,Electronics,EL-310,return,3,0
2024-07-20,S5,Grocery,GR-854,sale,-6,0
2024-07-20,S5,Home,HO-323,sale,-2,0
2024-07-20,S5,Apparel,AP-289,sale,-6,0
2024-07-20,S5,Grocery,GR-579,sale,-2,0
2024-07-20,S5,Electronics,EL-348,sale,-4,0
2024-07-20,S5,Home,HO-832,count,0,1
2024-07-20,S5,Grocery,GR-188,count,0,-2
2024-07-20,S5,Home,HO-726,return,2,0
2024-07-20,S5,Home,HO-494,sale,-2,0
2024-07-21,S1,Apparel,AP-382,return,3,0
2024-07-21,S1,Grocery,GR-419,count,0,2
2024-07-21,S1,Home,HO-322,return,2,0
2024-07-21,S1,Apparel,AP-959,count,0,0
2024-07-21,S1,Home,HO-272,count,0,1
2024-07-21,S1,Grocery,GR-263,return,2,0
2024-07-21,S1,Apparel,AP-241,sale,-5,0
2024-07-21,S1,Electronics,EL-431,count,0,2
2024-07-21,S1,Home,HO-658,sale,-1,0
2024-07-21,S1,Home,HO-635,sale,-1,0
2024-07-21,S1,Grocery,GR-534,sale,-5,0
2024-07-21,S2,Grocery,GR-501,receipt,44,0
2024-07-21,S2,Home,HO-361,return,2,0
2024-07-21,S2,Home,HO-800,sale,-5,0
2024-07-21,S2,Electronics,EL-458,count,0,1
2024-07-21,S2,Grocery,GR-506,sale,-2,0
2024-07-21,S2,Home,HO-945,sale,-4,0
2024-07-21,S2,Apparel,AP-864,return,3,0
2024-07-21,S2,Electronics,EL-585,sale,-3,0
2024-07-21,S2,Electronics,EL-258,sale,-2,0
2024-07-21,S2,Grocery,GR-482,sale,-3,0
2024-07-21,S2,Apparel,AP-862,sale,-4,0
2024-07-21,S2,Electronics,EL-744,return,1,0
2024-07-21,S2,Grocery,GR-266,sale,-1,0
2024-07-21,S3,Apparel,AP-131,sale,-1,0
2024-07-21,S3,Electronics,EL-971,count,0,-3
2024-07-21,S3,Grocery,GR-525,sale,-6,0
2024-07-21,S3,Apparel,AP-738,sale,-2,0
2024-07-21,S3,Home,HO-108,receipt,15,0
2024-07-21,S3,Grocery,GR-157,sale,-6,0
2024-07-21,S3,Apparel,AP-304,sale,-1,0
2024-07-21,S3,Apparel,AP-104,receipt,47,0
2024-07-21,S3,Home,HO-150,sale,-3,0
2024-07-21,S3,Electronics,EL-351,sale,-2,0
2024-07-21,S3,Apparel,AP-845,sale,-4,0
2024-07-21,S3,Apparel,AP-205,receipt,27,0
2024-07-21,S4,Electronics,EL-885,sale,-1,0
2024-07-21,S4,Home,HO-971,count,0,1
2024-07-21,S4,Grocery,GR-891,sale,-4,0
2024-07-21,S4,Electronics,EL-471,sale,-5,0
2024-07-21,S4,Electronics,EL-342,count,0,-2
2024-07-21,S4,Grocery,GR-736,return,1,0
2024-07-21,S4,Home,HO-796,return,2,0
2024-07-21,S4,Electronics,EL-211,sale,-6,0
2024-07-21,S4,Apparel,AP-722,receipt,30,0
2024-07-21,S4,Apparel,AP-759,count,0,-1
2024-07-21,S4,Apparel,AP-998,sale,-2,0
2024-07-21,S4,Grocery,GR-147,count,0,-2
2024-07-21,S4,Home,HO-118,receipt,60,0
2024-07-21,S4,Home,HO-323,sale,-1,0
2024-07-21,S4,Grocery,GR-706,sale,-5,0
2024-07-21,S5,Home,HO-808,return,3,0
2024-07-21,S5,Apparel,AP-296,sale,-2,0
2024-07-21,S5,Grocery,GR-464,return,2,0
2024-07-21,S5,Grocery,GR-370,sale,-5,0
2024-07-21,S5,Electronics,EL-373,count,0,0
2024-07-21,S5,Electronics,EL-938,count,0,-2
2024-07-21,S5,Electronics,EL-737,receipt,37,0
2024-07-21,S5,Apparel,AP-310,return,3,0
2024-07-21,S5,Grocery,GR-675,return,2,0
2024-07-21,S5,Grocery,GR-873,count,0,0
2024-07-21,S5,Electronics,EL-512,count,0,-1
2024-07-21,S5,Electronics,EL-941,sale,-3,0
2024-07-22,S1,Grocery,GR-423,return,3,0
2024-07-22,S1,Apparel,AP-299,sale,-2,0
2024-07-22,S1,Grocery,GR-984,sale,-3,0
2024-07-22,S1,Home,HO-990,receipt,20,0
2024-07-22,S1,Electronics,EL-162,sale,-1,0
2024-07-22,S1,Grocery,GR-656,count,0,2
2024-07-22,S1,Apparel,AP-343,receipt,23,0
2024-07-22,S1,Home,HO-606,receipt,25,0
2024-07-22,S1,Electronics,EL-297,sale,-1,0
2024-07-22,S1,Home,HO-960,sale,-6,0
2024-07-22,S1,Home,HO-944,sale,-5,0
2024-07-22,S1,Electronics,EL-366,sale,-2,0
2024-07-22,S1,Home,HO-380,sale,-3,0
2024-07-22,S1,Grocery,GR-283,sale,-3,0
2024-07-22,S1,Grocery,GR-654,count,0,-2
2024-07-22,S1,Home,HO-307,count,0,-2
2024-07-22,S2,Apparel,AP-564,sale,-1,0
2024-07-22,S2,Electronics,EL-953,return,3,0
2024-07-22,S2,Grocery,GR-924,return,3,0
2024-07-22,S2,Apparel,AP-748,sale,-6,0
2024-07-22,S2,Electronics,EL-901,sale,-5,0
2024-07-22,S2,Home,HO-683,return,2,0
2024-07-22,S2,Home,HO-874,return,2,0
2024-07-22,S2,Grocery,GR-595,count,0,-2
2024-07-22,S2,Home,HO-370,return,2,0
2024-07-22,S2,Grocery,GR-197,sale,-4,0
2024-07-22,S2,Grocery,GR-596,sale,-3,0
2024-07-22,S2,Grocery,GR-385,sale,-4,0
2024-07-22,S2,Grocery,GR-490,receipt,52,0
2024-07-22,S2,Home,HO-797,sale,-2,0
2024-07-22,S3,Home,HO-997,sale,-5,0
2024-07-22,S3,Apparel,AP-337,sale,-5,0
2024-07-22,S3,Apparel,AP-481,return,1,0
2024-07-22,S3,Apparel,AP-159,sale,-1,0
2024-07-22,S3,Home,HO-994,receipt,13,0
2024-07-22,S3,Electronics,EL-855,receipt,13,0
2024-07-22,S3,Apparel,AP-484,sale,-4,0
2024-07-22,S3,Electronics,EL-420,sale,-4,0
2024-07-22,S4,Apparel,AP-174,sale,-4,0
2024-07-22,S4,Apparel,AP-335,return,1,0
2024-07-22,S4,Home,HO-655,sale,-1,0
2024-07-22,S4,Home,HO-706,sale,-5,0
2024-07-22,S4,Grocery,GR-521,sale,-5,0
2024-07-22,S4,Grocery,GR-200,sale,-4,0
2024-07-22,S4,Home,HO-934,receipt,59,0
2024-07-22,S4,Grocery,GR-893,sale,-4,0
2024-07-22,S4,Electronics,EL-322,count,0,-2
2024-07-22,S4,Apparel,AP-745,count,0,-2
2024-07-22,S4,Electronics,EL-462,receipt,35,0
2024-07-22,S4,Apparel,AP-499,sale,-1,0
2024-07-22,S4,Home,HO-243,sale,-4,0
2024-07-22,S5,Electronics,EL-122,return,3,0
2024-07-22,S5,Home,HO-101,sale,-3,0
2024-07-22,S5,Electronics,EL-373,receipt,36,0
2024-07-22,S5,Home,HO-814,sale,-1,0
2024-07-22,S5,Home,HO-716,sale,-3,0
2024-07-22,S5,Home,HO-557,receipt,55,0
2024-07-22,S5,Grocery,GR-553,sale,-4,0
2024-07-22,S5,Apparel,AP-813,receipt,41,0
2024-07-22,S5,Home,HO-104,count,0,0
2024-07-23,S1,Apparel,AP-165,sale,-2,0
2024-07-23,S1,Grocery,GR-598,return,2,0
2024-07-23,S1,Apparel,AP-744,count,0,0
2024-07-23,S1,Electronics,EL-975,count,0,2
2024-07-23,S1,Grocery,GR-178,sale,-2,0
2024-07-23,S1,Apparel,AP-237,count,0,1
2024-07-23,S1,Apparel,AP-158,sale,-5,0
2024-07-23,S1,Electronics,EL-845,sale,-1,0
2024-07-23,S1,Home,HO-330,return,1,0
2024-07-23,S1,Home,HO-917,receipt,22,0
2024-07-23,S1,Home,HO-402,receipt,19,0
2024-07-23,S1,Electronics,EL-969,sale,-5,0
2024-07-23,S1,Home,HO-277,sale,-1,0
2024-07-23,S2,Home,HO-360,count,0,0
2024-07-23,S2,Home,HO-367,sale,-6,0
2024-07-23,S2,Electronics,EL-481,sale,-2,0
2024-07-23,S2,Electronics,EL-126,receipt,35,0
2024-07-23,S2,Grocery,GR-173,receipt,53,0
2024-07-23,S2,Apparel,AP-617,count,0,0
2024-07-23,S2,Electronics,EL-878,sale,-4,0
2024-07-23,S2,Grocery,GR-481,return,2,0
2024-07-23,S2,Grocery,GR-827,sale,-3,0
2024-07-23,S2,Grocery,GR-841,return,1,0
2024-07-23,S2,Home,HO-259,sale,-5,0
2024-07-23,S2,Electronics,EL-203,sale,-3,0
2024-07-23,S2,Electronics,EL-844,count,0,1
2024-07-23,S2,Electronics,EL-656,sale,-6,0
2024-07-23,S2,Apparel,AP-215,receipt,48,0
2024-07-23,S3,Electronics,EL-344,sale,-1,0
2024-07-23,S3,Apparel,AP-226,receipt,33,0
2024-07-23,S3,Electronics,EL-716,receipt,48,0
2024-07-23,S3,Electronics,EL-723,sale,-2,0
2024-07-23,S3,Grocery,GR-875,sale,-6,0
2024-07-23,S3,Apparel,AP-835,count,0,0
2024-07-23,S3,Home,HO-405,sale,-6,0
2024-07-23,S3,Grocery,GR-298,sale,-2,0
2024-07-23,S3,Electronics,EL-534,return,1,0
2024-07-23,S4,Home,HO-201,sale,-6,0
2024-07-23,S4,Home,HO-102,return,3,0
2024-07-23,S4,Apparel,AP-457,sale,-6,0
2024-07-23,S4,Electronics,EL-438,return,2,0
2024-07-23,S4,Grocery,GR-682,sale,-6,0
2024-07-23,S4,Apparel,AP-708,receipt,20,0
2024-07-23,S4,Electronics,EL-845,sale,-2,0
2024-07-23,S4,Grocery,GR-711,sale,-4,0
2024-07-23,S4,Home,HO-877,receipt,57,0
2024-07-23,S4,Apparel,AP-204,sale,-3,0
2024-07-23,S5,Grocery,GR-667,count,0,-1
2024-07-23,S5,Home,HO-532,sale,-2,0
2024-07-23,S5,Electronics,EL-273,sale,-4,0
2024-07-23,S5,Apparel,AP-989,sale,-2,0
2024-07-23,S5,Apparel,AP-429,sale,-6,0
2024-07-23,S5,Apparel,AP-162,sale,-2,0
2024-07-23,S5,Grocery,GR-361,sale,-4,0
2024-07-23,S5,Home,HO-516,receipt,51,0
2024-07-23,S5,Grocery,GR-274,return,2,0
2024-07-23,S5,Electronics,EL-270,count,0,0
2024-07-23,S5,Apparel,AP-307,sale,-4,0
2024-07-23,S5,Apparel,AP-589,return,2,0
2024-07-23,S5,Grocery,GR-219,receipt,50,0
2024-07-23,S5,Home,HO-914,sale,-2,0
2024-07-23,S5,Apparel,AP-704,sale,-2,0
2024-07-23,S5,Home,HO-414,receipt,47,0
2024-07-24,S1,Grocery,GR-427,count,0,2
2024-07-24,S1,Home,HO-285,return,1,0
2024-07-24,S1,Apparel,AP-877,count,0,0
2024-07-24,S1,Apparel,AP-903,sale,-5,0
2024-07-24,S1,Home,HO-362,count,0,2
2024-07-24,S1,Grocery,GR-335,sale,-2,0
2024-07-24,S1,Grocery,GR-926,sale,-2,0
2024-07-24,S1,Home,HO-320,count,0,2
2024-07-24,S1,Apparel,AP-797,sale,-4,0
2024-07-24,S1,Electronics,EL-812,count,0,-1
2024-07-24,S1,Home,HO-144,sale,-4,0
2024-07-24,S2,Electronics,EL-165,count,0,-1
2024-07-24,S2,Grocery,GR-556,sale,-1,0
2024-07-24,S2,Apparel,AP-542,sale,-4,0
2024-07-24,S2,Grocery,GR-625,receipt,43,0
2024-07-24,S2,Home,HO-204,sale,-2,0
2024-07-24,S2,Electronics,EL-858,count,0,0
2024-07-24,S2,Grocery,GR-390,return,2,0
2024-07-24,S2,Apparel,AP-325,receipt,46,0
2024-07-24,S2,Apparel,AP-261,count,0,1
2024-07-24,S2,Electronics,EL-404,return,2,0
2024-07-24,S2,Home,HO-561,return,2,0
2024-07-24,S2,Grocery,GR-254,sale,-2,0
2024-07-24,S3,Apparel,AP-241,sale,-2,0
2024-07-24,S3,Grocery,GR-223,sale,-4,0
2024-07-24,S3,Apparel,AP-838,count,0,-1
2024-07-24,S3,Grocery,GR-719,count,0,-2
2024-07-24,S3,Electronics,EL-961,receipt,28,0
2024-07-24,S3,Grocery,GR-824,sale,-2,0
2024-07-24,S3,Home,HO-903,return,1,0
2024-07-24,S3,Electronics,EL-581,count,0,-6
2024-07-24,S3,Electronics,EL-506,sale,-3,0
2024-07-24,S3,Apparel,AP-960,return,1,0
2024-07-24,S3,Grocery,GR-643,receipt,26,0
2024-07-24,S3,Apparel,AP-436,return,1,0
2024-07-24,S3,Home,HO-736,sale,-2,0
2024-07-24,S3,Electronics,EL-502,sale,-6,0
2024-07-24,S3,Electronics,EL-808,return,3,0
2024-07-24,S4,Apparel,AP-276,sale,-4,0
2024-07-24,S4,Home,HO-688,count,0,-1
2024-07-24,S4,Grocery,GR-898,count,0,0
2024-07-24,S4,Electronics,EL-125,receipt,38,0
2024-07-24,S4,Electronics,EL-289,return,3,0
2024-07-24,S4,Electronics,EL-471,sale,-5,0
2024-07-24,S4,Home,HO-899,sale,-2,0
2024-07-24,S4,Grocery,GR-245,sale,-6,0
2024-07-24,S4,Grocery,GR-906,count,0,-1
2024-07-24,S4,Grocery,GR-206,count,0,1
2024-07-24,S4,Electronics,EL-618,receipt,60,0
2024-07-24,S5,Electronics,EL-651,receipt,23,0
2024-07-24,S5,Grocery,GR-177,count,0,-1
2024-07-24,S5,Home,HO-434,return,3,0
2024-07-24,S5,Electronics,EL-730,count,0,1
2024-07-24,S5,Apparel,AP-267,sale,-3,0
2024-07-24,S5,Grocery,GR-605,return,2,0
2024-07-24,S5,Home,HO-853,count,0,1
2024-07-24,S5,Apparel,AP-837,sale,-1,0
2024-07-25,S1,Home,HO-574,count,0,1
2024-07-25,S1,Electronics,EL-968,return,1,0
2024-07-25,S1,Home,HO-886,sale,-4,0
2024-07-25,S1,Home,HO-599,return,1,0
2024-07-25,S1,Electronics,EL-161,count,0,-1
2024-07-25,S1,Apparel,AP-377,receipt,30,0
2024-07-25,S1,Home,HO-592,receipt,36,0
2024-07-25,S1,Apparel,AP-853,count,0,1
2024-07-25,S1,Apparel,AP-920,receipt,28,0
2024-07-25,S1,Apparel,AP-537,sale,-6,0
2024-07-25,S2,Grocery,GR-611,sale,-1,0
2024-07-25,S2,Home,HO-432,sale,-5,0
2024-07-25,S2,Electronics,EL-286,count,0,0
2024-07-25,S2,Grocery,GR-620,receipt,55,0
2024-07-25,S2,Apparel,AP-393,sale,-3,0
2024-07-25,S2,Electronics,EL-561,sale,-2,0
2024-07-25,S2,Grocery,GR-932,count,0,0
2024-07-25,S2,Grocery,GR-821,return,1,0
2024-07-25,S3,Grocery,GR-540,sale,-4,0
2024-07-25,S3,Apparel,AP-813,receipt,54,0
2024-07-25,S3,Home,HO-691,receipt,43,0
2024-07-25,S3,Grocery,GR-211,sale,-5,0
2024-07-25,S3,Apparel,AP-695,sale,-1,0
2024-07-25,S3,Apparel,AP-739,sale,-4,0
2024-07-25,S3,Grocery,GR-226,count,0,-2
2024-07-25,S3,Home,HO-223,count,0,-1
2024-07-25,S3,Home,HO-359,receipt,26,0
2024-07-25,S3,Home,HO-889,sale,-2,0
2024-07-25,S4,Grocery,GR-552,sale,-4,0
2024-07-25,S4,Grocery,GR-990,return,2,0
2024-07-25,S4,Electronics,EL-766,receipt,35,0
2024-07-25,S4,Electronics,EL-326,count,0,-2
2024-07-25,S4,Electronics,EL-309,sale,-5,0
2024-07-25,S4,Electronics,EL-411,count,0,2
2024-07-25,S4,Grocery,GR-655,receipt,31,0
2024-07-25,S4,Grocery,GR-759,count,0,1
2024-07-25,S4,Electronics,EL-693,count,0,1
2024-07-25,S4,Home,HO-379,sale,-4,0
2024-07-25,S4,Electronics,EL-274,sale,-4,0
2024-07-25,S4,Apparel,AP-333,sale,-1,0
2024-07-25,S4,Apparel,AP-446,sale,-1,0
2024-07-25,S4,Grocery,GR-293,sale,-5,0
2024-07-25,S4,Apparel,AP-370,sale,-6,0
2024-07-25,S4,Home,HO-768,sale,-6,0
2024-07-25,S5,Grocery,GR-197,receipt,50,0
2024-07-25,S5,Grocery,GR-511,return,1,0
2024-07-25,S5,Electronics,EL-383,receipt,46,0
2024-07-25,S5,Electronics,EL-707,sale,-3,0
2024-07-25,S5,Grocery,GR-382,return,2,0
2024-07-25,S5,Home,HO-303,sale,-2,0
2024-07-25,S5,Grocery,GR-635,sale,-3,0
2024-07-25,S5,Grocery,GR-970,receipt,36,0
2024-07-25,S5,Home,HO-539,return,1,0
2024-07-25,S5,Home,HO-435,return,3,0
2024-07-25,S5,Electronics,EL-977,sale,-1,0
2024-07-25,S5,Apparel,AP-207,receipt,53,0
2024-07-25,S5,Electronics,EL-607,return,2,0
2024-07-25,S5,Home,HO-778,sale,-2,0
2024-07-25,S5,Apparel,AP-313,count,0,-2
2024-07-26,S1,Apparel,AP-324,count,0,0
2024-07-26,S1,Apparel,AP-931,sale,-3,0
2024-07-26,S1,Grocery,GR-162,receipt,39,0
2024-07-26,S1,Home,HO-867,sale,-2,0
2024-07-26,S1,Grocery,GR-763,receipt,10,0
2024-07-26,S1,Home,HO-495,sale,-1,0
2024-07-26,S1,Electronics,EL-713,sale,-4,0
2024-07-26,S1,Apparel,AP-836,receipt,41,0
2024-07-26,S1,Grocery,GR-691,count,0,-2
2024-07-26,S2,Electronics,EL-888,sale,-1,0
2024-07-26,S2,Apparel,AP-411,receipt,18,0
2024-07-26,S2,Electronics,EL-808,receipt,24,0
2024-07-26,S2,Electronics,EL-680,receipt,48,0
2024-07-26,S2,Grocery,GR-106,return,2,0
2024-07-26,S2,Home,HO-531,return,3,0
2024-07-26,S2,Electronics,EL-127,sale,-3,0
2024-07-26,S2,Home,HO-159,sale,-2,0
2024-07-26,S2,Electronics,EL-313,sale,-5,0
2024-07-26,S2,Apparel,AP-787,count,0,2
2024-07-26,S2,Electronics,EL-356,count,0,-2
2024-07-26,S2,Apparel,AP-542,receipt,54,0
2024-07-26,S2,Home,HO-163,sale,-2,0
2024-07-26,S3,Electronics,EL-393,count,0,-2
2024-07-26,S3,Grocery,GR-916,sale,-4,0
2024-07-26,S3,Home,HO-176,sale,-3,0
2024-07-26,S3,Grocery,GR-463,sale,-3,0
2024-07-26,S3,Home,HO-739,sale,-5,0
2024-07-26,S3,Apparel,AP-779,sale,-2,0
2024-07-26,S3,Electronics,EL-502,return,2,0
2024-07-26,S3,Grocery,GR-893,sale,-2,0
2024-07-26,S3,Electronics,EL-588,receipt,49,0
2024-07-26,S3,Electronics,EL-390,sale,-1,0
2024-07-26,S3,Electronics,EL-319,sale,-1,0
2024-07-26,S4,Apparel,AP-183,sale,-1,0
2024-07-26,S4,Home,HO-135,receipt,54,0
2024-07-26,S4,Apparel,AP-366,sale,-1,0
2024-07-26,S4,Electronics,EL-810,sale,-6,0
2024-07-26,S4,Home,HO-304,count,0,-2
2024-07-26,S4,Grocery,GR-890,return,1,0
2024-07-26,S4,Apparel,AP-152,sale,-2,0
2024-07-26,S4,Home,HO-892,return,2,0
2024-07-26,S4,Apparel,AP-214,count,0,-1
2024-07-26,S4,Home,HO-369,count,0,-2
2024-07-26,S4,Grocery,GR-260,sale,-2,0
2024-07-26,S4,Home,HO-531,receipt,46,0
2024-07-26,S4,Apparel,AP-480,sale,-1,0
2024-07-26,S4,Grocery,GR-376,return,1,0
2024-07-26,S4,Electronics,EL-461,return,1,0
2024-07-26,S4,Apparel,AP-770,sale,-6,0
2024-07-26,S5,Home,HO-988,return,3,0
2024-07-26,S5,Electronics,EL-665,count,0,-2
2024-07-26,S5,Home,HO-690,receipt,25,0
2024-07-26,S5,Home,HO-506,sale,-4,0
2024-07-26,S5,Apparel,AP-986,sale,-2,0
2024-07-26,S5,Electronics,EL-952,sale,-2,0
2024-07-26,S5,Grocery,GR-762,sale,-1,0
2024-07-26,S5,Grocery,GR-825,sale,-1,0
2024-07-26,S5,Apparel,AP-243,receipt,53,0
2024-07-26,S5,Apparel,AP-978,sale,-5,0
2024-07-26,S5,Electronics,EL-703,sale,-4,0
2024-07-27,S1,Grocery,GR-303,sale,-6,0
2024-07-27,S1,Apparel,AP-860,count,0,-2
2024-07-27,S1,Apparel,AP-102,receipt,16,0
2024-07-27,S1,Home,HO-595,return,2,0
2024-07-27,S1,Electronics,EL-686,sale,-6,0
2024-07-27,S1,Home,HO-939,return,1,0
2024-07-27,S1,Electronics,EL-719,sale,-6,0
2024-07-27,S1,Grocery,GR-652,sale,-4,0
2024-07-27,S1,Electronics,EL-784,sale,-5,0
2024-07-27,S1,Electronics,EL-701,return,2,0
2024-07-27,S1,Apparel,AP-889,sale,-5,0
2024-07-27,S2,Grocery,GR-461,sale,-2,0
2024-07-27,S2,Grocery,GR-275,count,0,2
2024-07-27,S2,Home,HO-199,count,0,1
2024-07-27,S2,Electronics,EL-640,sale,-4,0
2024-07-27,S2,Apparel,AP-976,receipt,21,0
2024-07-27,S2,Grocery,GR-424,sale,-4,0
2024-07-27,S2,Electronics,EL-617,sale,-3,0
2024-07-27,S2,Electronics,EL-607,sale,-4,0
2024-07-27,S2,Electronics,EL-365,sale,-4,0
2024-07-27,S2,Electronics,EL-322,sale,-1,0
2024-07-27,S2,Apparel,AP-893,receipt,30,0
2024-07-27,S2,Electronics,EL-766,return,2,0
2024-07-27,S2,Apparel,AP-162,return,3,0
2024-07-27,S2,Electronics,EL-170,sale,-5,0
2024-07-27,S3,Grocery,GR-269,sale,-2,0
2024-07-27,S3,Apparel,AP-903,return,2,0
2024-07-27,S3,Grocery,GR-296,sale,-3,0
2024-07-27,S3,Apparel,AP-669,sale,-5,0
2024-07-27,S3,Home,HO-126,sale,-3,0
2024-07-27,S3,Apparel,AP-802,return,1,0
2024-07-27,S3,Electronics,EL-655,sale,-4,0
2024-07-27,S3,Electronics,EL-272,sale,-2,0
2024-07-27,S3,Electronics,EL-442,sale,-2,0
2024-07-27,S3,Grocery,GR-696,count,0,-1
2024-07-27,S4,Home,HO-326,return,1,0
2024-07-27,S4,Electronics,EL-733,count,0,-2
2024-07-27,S4,Home,HO-220,sale,-1,0
2024-07-27,S4,Electronics,EL-401,receipt,39,0
2024-07-27,S4,Electronics,EL-637,sale,-1,0
2024-07-27,S4,Electronics,EL-136,sale,-1,0
2024-07-27,S4,Grocery,GR-372,sale,-4,0
2024-07-27,S4,Electronics,EL-832,sale,-1,0
2024-07-27,S4,Grocery,GR-278,sale,-5,0
2024-07-27,S4,Electronics,EL-602,sale,-6,0
2024-07-27,S4,Home,HO-691,count,0,-1
2024-07-27,S4,Apparel,AP-339,sale,-4,0
2024-07-27,S5,Grocery,GR-830,count,0,-2
2024-07-27,S5,Grocery,GR-327,count,0,1
2024-07-27,S5,Home,HO-145,sale,-5,0
2024-07-27,S5,Home,HO-505,sale,-6,0
2024-07-27,S5,Home,HO-237,receipt,27,0
2024-07-27,S5,Electronics,EL-834,count,0,1
2024-07-27,S5,Apparel,AP-438,receipt,54,0
2024-07-27,S5,Home,HO-675,count,0,0
2024-07-28,S1,Electronics,EL-925,receipt,53,0
2024-07-28,S1,Grocery,GR-781,count,0,-2
2024-07-28,S1,Grocery,GR-636,sale,-2,0
2024-07-28,S1,Home,HO-796,receipt,44,0
2024-07-28,S1,Grocery,GR-280,return,1,0
2024-07-28,S1,Grocery,GR-611,sale,-1,0
2024-07-28,S1,Electronics,EL-809,sale,-3,0
2024-07-28,S1,Electronics,EL-634,receipt,26,0
2024-07-28,S1,Apparel,AP-467,return,2,0
2024-07-28,S1,Apparel,AP-906,receipt,12,0
2024-07-28,S1,Grocery,GR-839,count,0,2
2024-07-28,S1,Grocery,GR-204,return,2,0
2024-07-28,S1,Home,HO-357,return,1,0
2024-07-28,S1,Home,HO-601,count,0,-2
2024-07-28,S2,Apparel,AP-120,sale,-3,0
2024-07-28,S2,Grocery,GR-928,sale,-2,0
2024-07-28,S2,Grocery,GR-575,sale,-1,0
2024-07-28,S2,Home,HO-767,sale,-3,0
2024-07-28,S2,Electronics,EL-335,sale,-2,0
2024-07-28,S2,Apparel,AP-842,sale,-2,0
2024-07-28,S2,Home,HO-132,return,1,0
2024-07-28,S2,Home,HO-898,sale,-4,0
2024-07-28,S2,Electronics,EL-360,count,0,2
2024-07-28,S2,Grocery,GR-277,sale,-1,0
2024-07-28,S3,Electronics,EL-782,sale,-1,0
2024-07-28,S3,Apparel,AP-905,sale,-2,0
2024-07-28,S3,Home,HO-903,sale,-2,0
2024-07-28,S3,Electronics,EL-568,sale,-4,0
2024-07-28,S3,Electronics,EL-943,receipt,40,0
2024-07-28,S3,Apparel,AP-697,sale,-2,0
2024-07-28,S3,Electronics,EL-711,count,0,-3
2024-07-28,S3,Apparel,AP-997,sale,-5,0
2024-07-28,S3,Electronics,EL-522,sale,-2,0
2024-07-28,S3,Home,HO-940,return,2,0
2024-07-28,S3,Home,HO-846,sale,-6,0
2024-07-28,S3,Electronics,EL-184,sale,-4,0
2024-07-28,S3,Apparel,AP-819,receipt,22,0
2024-07-28,S4,Grocery,GR-730,sale,-5,0
2024-07-28,S4,Grocery,GR-475,return,2,0
2024-07-28,S4,Electronics,EL-691,return,3,0
2024-07-28,S4,Electronics,EL-342,sale,-4,0
2024-07-28,S4,Home,HO-789,receipt,35,0
2024-07-28,S4,Home,HO-256,sale,-4,0
2024-07-28,S4,Home,HO-749,sale,-3,0
2024-07-28,S4,Home,HO-787,sale,-2,0
2024-07-28,S4,Apparel,AP-631,sale,-3,0
2024-07-28,S5,Grocery,GR-621,count,0,2
2024-07-28,S5,Grocery,GR-870,sale,-5,0
2024-07-28,S5,Electronics,EL-110,receipt,25,0
2024-07-28,S5,Home,HO-552,return,3,0
2024-07-28,S5,Home,HO-606,sale,-6,0
2024-07-28,S5,Grocery,GR-726,return,2,0
2024-07-28,S5,Grocery,GR-415,sale,-1,0
2024-07-28,S5,Grocery,GR-197,sale,-2,0
2024-07-28,S5,Apparel,AP-961,count,0,1
2024-07-29,S1,Grocery,GR-934,return,2,0
2024-07-29,S1,Home,HO-977,sale,-1,0
2024-07-29,S1,Grocery,GR-215,receipt,39,0
2024-07-29,S1,Home,HO-182,return,1,0
2024-07-29,S1,Apparel,AP-473,receipt,47,0
2024-07-29,S1,Grocery,GR-545,sale,-1,0
2024-07-29,S1,Apparel,AP-886,sale,-3,0
2024-07-29,S1,Electronics,EL-395,sale,-6,0
2024-07-29,S1,Electronics,EL-594,count,0,1
2024-07-29,S2,Grocery,GR-956,return,2,0
2024-07-29,S2,Home,HO-739,return,3,0
2024-07-29,S2,Apparel,AP-223,sale,-2,0
2024-07-29,S2,Home,HO-570,count,0,-1
2024-07-29,S2,Home,HO-499,sale,-5,0
2024-07-29,S2,Home,HO-680,sale,-1,0
2024-07-29,S2,Home,HO-557,count,0,0
2024-07-29,S2,Home,HO-183,return,1,0
2024-07-29,S2,Grocery,GR-920,sale,-2,0
2024-07-29,S2,Grocery,GR-938,return,3,0
2024-07-29,S2,Grocery,GR-524,sale,-4,0
2024-07-29,S2,Electronics,EL-979,receipt,23,0
2024-07-29,S2,Electronics,EL-865,count,0,1
2024-07-29,S2,Home,HO-827,sale,-6,0
2024-07-29,S2,Apparel,AP-518,sale,-5,0
2024-07-29,S3,Apparel,AP-376,sale,-1,0
2024-07-29,S3,Apparel,AP-519,return,3,0
2024-07-29,S3,Apparel,AP-995,receipt,19,0
2024-07-29,S3,Home,HO-834,return,2,0
2024-07-29,S3,Electronics,EL-903,sale,-1,0
2024-07-29,S3,Home,HO-454,sale,-2,0
2024-07-29,S3,Home,HO-305,receipt,56,0
2024-07-29,S3,Electronics,EL-215,sale,-5,0
2024-07-29,S3,Apparel,AP-685,sale,-6,0
2024-07-29,S3,Grocery,GR-762,count,0,1
2024-07-29,S3,Grocery,GR-760,return,1,0
2024-07-29,S3,Apparel,AP-106,sale,-1,0
2024-07-29,S3,Home,HO-585,receipt,57,0
2024-07-29,S3,Apparel,AP-236,return,2,0
2024-07-29,S3,Home,HO-322,return,3,0
2024-07-29,S3,Apparel,AP-285,count,0,0
2024-07-29,S4,Apparel,AP-402,sale,-6,0
2024-07-29,S4,Electronics,EL-534,receipt,35,0
2024-07-29,S4,Apparel,AP-422,sale,-6,0
2024-07-29,S4,Grocery,GR-123,return,1,0
2024-07-29,S4,Electronics,EL-282,sale,-2,0
2024-07-29,S4,Apparel,AP-939,sale,-6,0
2024-07-29,S4,Electronics,EL-188,receipt,11,0
2024-07-29,S4,Grocery,GR-646,sale,-2,0
2024-07-29,S5,Home,HO-708,return,1,0
2024-07-29,S5,Home,HO-162,count,0,-2
2024-07-29,S5,Electronics,EL-569,return,1,0
2024-07-29,S5,Grocery,GR-921,receipt,55,0
2024-07-29,S5,Apparel,AP-166,count,0,2
2024-07-29,S5,Apparel,AP-439,sale,-5,0
2024-07-29,S5,Home,HO-897,sale,-2,0
2024-07-29,S5,Electronics,EL-833,sale,-3,0
2024-07-29,S5,Apparel,AP-407,sale,-6,0
2024-07-29,S5,Home,HO-104,sale,-3,0
2024-07-29,S5,Apparel,AP-312,sale,-1,0
2024-07-29,S5,Apparel,AP-785,sale,-1,0
2024-07-29,S5,Apparel,AP-924,count,0,-2
2024-07-29,S5,Grocery,GR-200,return,2,0
2024-07-29,S5,Apparel,AP-990,sale,-4,0
2024-07-30,S1,Grocery,GR-320,count,0,-2
2024-07-30,S1,Grocery,GR-448,sale,-4,0
2024-07-30,S1,Electronics,EL-491,count,0,1
2024-07-30,S1,Electronics,EL-207,return,1,0
2024-07-30,S1,Electronics,EL-812,count,0,0
2024-07-30,S1,Electronics,EL-434,sale,-1,0
2024-07-30,S1,Home,HO-605,return,1,0
2024-07-30,S1,Apparel,AP-134,return,1,0
2024-07-30,S1,Home,HO-605,sale,-3,0
2024-07-30,S1,Grocery,GR-308,receipt,36,0
2024-07-30,S1,Apparel,AP-377,sale,-2,0
2024-07-30,S1,Apparel,AP-395,return,3,0
2024-07-30,S1,Electronics,EL-518,count,0,0
2024-07-30,S1,Grocery,GR-384,sale,-2,0
2024-07-30,S2,Electronics,EL-618,return,2,0
2024-07-30,S2,Apparel,AP-764,sale,-3,0
2024-07-30,S2,Electronics,EL-113,sale,-2,0
2024-07-30,S2,Electronics,EL-589,count,0,-1
2024-07-30,S2,Grocery,GR-107,return,2,0
2024-07-30,S2,Electronics,EL-259,sale,-6,0
2024-07-30,S2,Home,HO-255,receipt,10,0
2024-07-30,S2,Electronics,EL-203,receipt,36,0
2024-07-30,S2,Grocery,GR-134,sale,-1,0
2024-07-30,S2,Electronics,EL-287,sale,-3,0
2024-07-30,S2,Grocery,GR-315,sale,-1,0
2024-07-30,S2,Grocery,GR-687,sale,-2,0
2024-07-30,S2,Apparel,AP-784,return,2,0
2024-07-30,S2,Apparel,AP-119,receipt,31,0
2024-07-30,S3,Grocery,GR-747,count,0,-1
2024-07-30,S3,Electronics,EL-845,sale,-3,0
2024-07-30,S3,Apparel,AP-524,return,2,0
2024-07-30,S3,Apparel,AP-382,sale,-3,0
2024-07-30,S3,Apparel,AP-430,return,2,0
2024-07-30,S3,Electronics,EL-529,sale,-4,0
2024-07-30,S3,Electronics,EL-300,sale,-3,0
2024-07-30,S3,Electronics,EL-126,sale,-4,0
2024-07-30,S3,Grocery,GR-649,return,1,0
2024-07-30,S4,Home,HO-409,receipt,11,0
2024-07-30,S4,Electronics,EL-797,return,1,0
2024-07-30,S4,Apparel,AP-649,receipt,20,0
2024-07-30,S4,Electronics,EL-539,receipt,48,0
2024-07-30,S4,Electronics,EL-772,sale,-1,0
2024-07-30,S4,Grocery,GR-102,sale,-6,0
2024-07-30,S4,Apparel,AP-413,sale,-5,0
2024-07-30,S4,Electronics,EL-294,sale,-3,0
2024-07-30,S4,Electronics,EL-225,sale,-1,0
2024-07-30,S4,Electronics,EL-963,sale,-4,0
2024-07-30,S4,Grocery,GR-294,sale,-5,0
2024-07-30,S4,Electronics,EL-784,receipt,46,0
2024-07-30,S4,Grocery,GR-856,receipt,36,0
2024-07-30,S4,Home,HO-258,sale,-4,0
2024-07-30,S5,Apparel,AP-635,sale,-5,0
2024-07-30,S5,Electronics,EL-347,sale,-5,0
2024-07-30,S5,Home,HO-291,sale,-3,0
2024-07-30,S5,Apparel,AP-525,return,1,0
2024-07-30,S5,Electronics,EL-906,return,3,0
2024-07-30,S5,Home,HO-506,sale,-5,0
2024-07-30,S5,Apparel,AP-934,sale,-6,0
2024-07-30,S5,Electronics,EL-689,count,0,2
2024-07-30,S5,Grocery,GR-298,sale,-6,0
2024-07-30,S5,Electronics,EL-438,sale,-4,0
2024-07-30,S5,Apparel,AP-625,receipt,14,0
2024-07-31,S1,Apparel,AP-280,sale,-6,0
2024-07-31,S1,Electronics,EL-212,receipt,24,0
2024-07-31,S1,Grocery,GR-771,sale,-1,0
2024-07-31,S1,Apparel,AP-192,sale,-6,0
2024-07-31,S1,Apparel,AP-668,sale,-6,0
2024-07-31,S1,Electronics,EL-199,return,3,0
2024-07-31,S1,Apparel,AP-753,sale,-1,0
2024-07-31,S1,Apparel,AP-241,sale,-6,0
2024-07-31,S1,Home,HO-836,receipt,41,0
2024-07-31,S1,Electronics,EL-684,sale,-4,0
2024-07-31,S1,Electronics,EL-182,count,0,0
2024-07-31,S1,Apparel,AP-231,sale,-5,0
2024-07-31,S1,Home,HO-686,count,0,2
2024-07-31,S1,Apparel,AP-251,receipt,18,0
2024-07-31,S1,Electronics,EL-210,sale,-3,0
2024-07-31,S2,Electronics,EL-771,receipt,14,0
2024-07-31,S2,Electronics,EL-235,return,1,0
2024-07-31,S2,Apparel,AP-496,count,0,-2
2024-07-31,S2,Home,HO-508,sale,-6,0
2024-07-31,S2,Apparel,AP-212,sale,-6,0
2024-07-31,S2,Home,HO-631,return,2,0
2024-07-31,S2,Apparel,AP-418,sale,-4,0
2024-07-31,S2,Grocery,GR-860,return,2,0
2024-07-31,S2,Grocery,GR-945,sale,-5,0
2024-07-31,S2,Apparel,AP-345,sale,-5,0
2024-07-31,S2,Apparel,AP-484,return,1,0
2024-07-31,S3,Home,HO-619,return,1,0
2024-07-31,S3,Apparel,AP-376,receipt,28,0
2024-07-31,S3,Grocery,GR-158,count,0,-1
2024-07-31,S3,Apparel,AP-567,return,2,0
2024-07-31,S3,Apparel,AP-747,return,2,0
2024-07-31,S3,Home,HO-407,return,1,0
2024-07-31,S3,Electronics,EL-455,count,0,-6
2024-07-31,S3,Home,HO-752,count,0,2
2024-07-31,S3,Apparel,AP-145,sale,-6,0
2024-07-31,S3,Apparel,AP-913,sale,-5,0
2024-07-31,S3,Home,HO-271,sale,-3,0
2024-07-31,S3,Apparel,AP-413,sale,-6,0
2024-07-31,S4,Apparel,AP-299,count,0,-1
2024-07-31,S4,Electronics,EL-418,sale,-5,0
2024-07-31,S4,Apparel,AP-733,receipt,26,0
2024-07-31,S4,Grocery,GR-277,count,0,1
2024-07-31,S4,Grocery,GR-473,receipt,60,0
2024-07-31,S4,Apparel,AP-235,receipt,59,0
2024-07-31,S4,Grocery,GR-172,return,1,0
2024-07-31,S4,Apparel,AP-265,sale,-1,0
2024-07-31,S4,Electronics,EL-821,sale,-2,0
2024-07-31,S5,Apparel,AP-154,count,0,0
2024-07-31,S5,Grocery,GR-538,sale,-6,0
2024-07-31,S5,Home,HO-682,sale,-1,0
2024-07-31,S5,Electronics,EL-339,receipt,28,0
2024-07-31,S5,Grocery,GR-485,receipt,11,0
2024-07-31,S5,Apparel,AP-901,return,1,0
2024-07-31,S5,Home,HO-367,receipt,34,0
2024-07-31,S5,Home,HO-873,receipt,42,0
2024-07-31,S5,Electronics,EL-389,return,2,0
2024-07-31,S5,Electronics,EL-377,sale,-3,0
2024-08-01,S1,Electronics,EL-816,sale,-3,0
2024-08-01,S1,Apparel,AP-270,return,1,0
2024-08-01,S1,Home,HO-784,sale,-4,0
2024-08-01,S1,Apparel,AP-470,sale,-5,0
2024-08-01,S1,Apparel,AP-277,sale,-2,0
2024-08-01,S1,Grocery,GR-636,sale,-6,0
2024-08-01,S1,Apparel,AP-315,count,0,2
2024-08-01,S1,Grocery,GR-187,sale,-6,0
2024-08-01,S1,Home,HO-451,receipt,45,0
2024-08-01,S1,Electronics,EL-775,sale,-5,0
2024-08-01,S2,Home,HO-221,sale,-3,0
2024-08-01,S2,Home,HO-976,sale,-2,0
2024-08-01,S2,Electronics,EL-677,return,2,0
2024-08-01,S2,Home,HO-325,return,1,0
2024-08-01,S2,Apparel,AP-248,sale,-1,0
2024-08-01,S2,Home,HO-882,sale,-3,0
2024-08-01,S2,Electronics,EL-485,return,1,0
2024-08-01,S2,Grocery,GR-300,sale,-2,0
2024-08-01,S2,Grocery,GR-937,sale,-1,0
2024-08-01,S2,Home,HO-951,count,0,2
2024-08-01,S2,Apparel,AP-730,count,0,1
2024-08-01,S2,Electronics,EL-618,count,0,-1
2024-08-01,S3,Electronics,EL-186,sale,-3,0
2024-08-01,S3,Electronics,EL-166,sale,-4,0
2024-08-01,S3,Grocery,GR-656,sale,-4,0
2024-08-01,S3,Home,HO-783,sale,-3,0
2024-08-01,S3,Grocery,GR-562,count,0,1
2024-08-01,S3,Apparel,AP-690,sale,-4,0
2024-08-01,S3,Grocery,GR-778,sale,-4,0
2024-08-01,S3,Home,HO-655,receipt,20,0
2024-08-01,S3,Home,HO-584,sale,-3,0
2024-08-01,S3,Grocery,GR-972,return,1,0
2024-08-01,S4,Apparel,AP-305,return,2,0
2024-08-01,S4,Apparel,AP-166,count,0,0
2024-08-01,S4,Home,HO-354,count,0,-1
2024-08-01,S4,Apparel,AP-878,sale,-5,0
2024-08-01,S4,Electronics,EL-843,sale,-2,0
2024-08-01,S4,Apparel,AP-961,receipt,50,0
2024-08-01,S4,Home,HO-210,sale,-6,0
2024-08-01,S4,Grocery,GR-439,count,0,2
2024-08-01,S4,Apparel,AP-530,sale,-3,0
2024-08-01,S4,Apparel,AP-672,sale,-2,0
2024-08-01,S4,Grocery,GR-617,return,3,0
2024-08-01,S5,Apparel,AP-991,sale,-2,0
2024-08-01,S5,Home,HO-501,return,2,0
2024-08-01,S5,Electronics,EL-388,sale,-6,0
2024-08-01,S5,Apparel,AP-247,sale,-3,0
2024-08-01,S5,Apparel,AP-819,return,3,0
2024-08-01,S5,Grocery,GR-120,receipt,46,0
2024-08-01,S5,Electronics,EL-937,return,2,0
2024-08-01,S5,Grocery,GR-907,sale,-4,0
2024-08-01,S5,Grocery,GR-527,sale,-5,0
2024-08-01,S5,Home,HO-743,sale,-6,0
2024-08-01,S5,Apparel,AP-720,sale,-4,0
2024-08-01,S5,Home,HO-304,count,0,0
2024-08-01,S5,Apparel,AP-209,sale,-2,0
2024-08-01,S5,Electronics,EL-403,receipt,16,0
2024-08-01,S5,Grocery,GR-974,receipt,16,0
2024-08-02,S1,Electronics,EL-773,sale,-6,0
2024-08-02,S1,Home,HO-714,count,0,-2
2024-08-02,S1,Home,HO-517,receipt,43,0
2024-08-02,S1,Grocery,GR-464,sale,-1,0
2024-08-02,S1,Electronics,EL-766,sale,-2,0
2024-08-02,S1,Home,HO-943,sale,-2,0
2024-08-02,S1,Grocery,GR-139,return,3,0
2024-08-02,S1,Electronics,EL-125,sale,-6,0
2024-08-02,S1,Apparel,AP-379,receipt,56,0
2024-08-02,S1,Electronics,EL-945,sale,-6,0
2024-08-02,S2,Electronics,EL-124,sale,-1,0
2024-08-02,S2,Grocery,GR-219,sale,-1,0
2024-08-02,S2,Apparel,AP-850,sale,-1,0
2024-08-02,S2,Grocery,GR-368,receipt,41,0
2024-08-02,S2,Grocery,GR-641,sale,-1,0
2024-08-02,S2,Home,HO-811,sale,-2,0
2024-08-02,S2,Apparel,AP-171,sale,-3,0
2024-08-02,S2,Home,HO-152,receipt,11,0
2024-08-02,S2,Apparel,AP-153,receipt,23,0
2024-08-02,S2,Grocery,GR-166,sale,-5,0
2024-08-02,S2,Apparel,AP-867,sale,-6,0
2024-08-02,S2,Home,HO-179,return,2,0
2024-08-02,S2,Home,HO-836,sale,-4,0
2024-08-02,S2,Apparel,AP-494,receipt,14,0
2024-08-02,S3,Home,HO-443,sale,-6,0
2024-08-02,S3,Electronics,EL-207,sale,-3,0
2024-08-02,S3,Apparel,AP-458,sale,-4,0
2024-08-02,S3,Apparel,AP-834,count,0,-1
2024-08-02,S3,Grocery,GR-363,sale,-1,0
2024-08-02,S3,Grocery,GR-837,count,0,-2
2024-08-02,S3,Apparel,AP-270,sale,-3,0
2024-08-02,S3,Electronics,EL-794,count,0,-5
2024-08-02,S3,Apparel,AP-435,receipt,50,0
2024-08-02,S3,Home,HO-890,sale,-2,0
2024-08-02,S4,Grocery,GR-270,sale,-1,0
2024-08-02,S4,Electronics,EL-226,sale,-3,0
2024-08-02,S4,Electronics,EL-228,receipt,36,0
2024-08-02,S4,Apparel,AP-284,sale,-1,0
2024-08-02,S4,Grocery,GR-930,sale,-1,0
2024-08-02,S4,Grocery,GR-473,sale,-3,0
2024-08-02,S4,Home,HO-467,sale,-3,0
2024-08-02,S4,Electronics,EL-249,sale,-4,0
2024-08-02,S4,Electronics,EL-301,sale,-1,0
2024-08-02,S4,Apparel,AP-214,count,0,1
2024-08-02,S4,Home,HO-664,sale,-4,0
2024-08-02,S4,Apparel,AP-132,return,1,0
2024-08-02,S4,Apparel,AP-731,sale,-5,0
2024-08-02,S5,Electronics,EL-445,sale,-5,0
2024-08-02,S5,Home,HO-544,sale,-6,0
2024-08-02,S5,Apparel,AP-118,sale,-6,0
2024-08-02,S5,Electronics,EL-438,sale,-5,0
2024-08-02,S5,Electronics,EL-138,receipt,17,0
2024-08-02,S5,Apparel,AP-589,count,0,-2
2024-08-02,S5,Apparel,AP-211,sale,-5,0
2024-08-02,S5,Home,HO-586,sale,-5,0
2024-08-02,S5,Grocery,GR-651,count,0,0
2024-08-02,S5,Grocery,GR-465,sale,-4,0
2024-08-02,S5,Home,HO-277,sale,-4,0
2024-08-02,S5,Electronics,EL-657,count,0,0
2024-08-02,S5,Home,HO-654,return,3,0
2024-08-02,S5,Electronics,EL-188,return,1,0
2024-08-02,S5,Grocery,GR-505,count,0,-2
2024-08-02,S5,Electronics,EL-339,sale,-4,0
2024-08-03,S1,Grocery,GR-869,sale,-6,0
2024-08-03,S1,Grocery,GR-629,count,0,-2
2024-08-03,S1,Electronics,EL-213,return,1,0
2024-08-03,S1,Grocery,GR-444,sale,-5,0
2024-08-03,S1,Home,HO-593,receipt,11,0
2024-08-03,S1,Apparel,AP-128,sale,-5,0
2024-08-03,S1,Apparel,AP-562,count,0,-2
2024-08-03,S1,Electronics,EL-268,return,3,0
2024-08-03,S1,Apparel,AP-555,sale,-5,0
2024-08-03,S1,Electronics,EL-122,sale,-5,0
2024-08-03,S1,Apparel,AP-246,return,2,0
2024-08-03,S1,Grocery,GR-959,sale,-6,0
2024-08-03,S1,Apparel,AP-227,sale,-3,0
2024-08-03,S2,Home,HO-549,receipt,17,0
2024-08-03,S2,Grocery,GR-834,sale,-5,0
2024-08-03,S2,Home,HO-992,receipt,54,0
2024-08-03,S2,Apparel,AP-955,sale,-5,0
2024-08-03,S2,Home,HO-409,sale,-4,0
2024-08-03,S2,Grocery,GR-580,count,0,2
2024-08-03,S2,Home,HO-247,return,1,0
2024-08-03,S2,Apparel,AP-619,sale,-1,0
2024-08-03,S2,Apparel,AP-649,return,1,0
2024-08-03,S2,Electronics,EL-563,receipt,39,0
2024-08-03,S2,Grocery,GR-131,receipt,16,0
2024-08-03,S3,Apparel,AP-197,return,3,0
2024-08-03,S3,Home,HO-426,sale,-2,0
2024-08-03,S3,Home,HO-834,sale,-4,0
2024-08-03,S3,Apparel,AP-200,sale,-6,0
2024-08-03,S3,Grocery,GR-440,sale,-4,0
2024-08-03,S3,Home,HO-280,sale,-6,0
2024-08-03,S3,Apparel,AP-498,sale,-3,0
2024-08-03,S3,Electronics,EL-237,receipt,39,0
2024-08-03,S3,Apparel,AP-979,sale,-6,0
2024-08-03,S3,Grocery,GR-827,sale,-5,0
2024-08-03,S3,Apparel,AP-637,sale,-2,0
2024-08-03,S3,Grocery,GR-601,sale,-1,0
2024-08-03,S3,Apparel,AP-275,count,0,1
2024-08-03,S3,Electronics,EL-351,count,0,-6
2024-08-03,S3,Home,HO-979,sale,-6,0
2024-08-03,S4,Electronics,EL-911,sale,-3,0
2024-08-03,S4,Home,HO-786,sale,-1,0
2024-08-03,S4,Electronics,EL-619,sale,-6,0
2024-08-03,S4,Grocery,GR-156,sale,-5,0
2024-08-03,S4,Electronics,EL-531,receipt,34,0
2024-08-03,S4,Home,HO-791,count,0,1
2024-08-03,S4,Home,HO-930,sale,-2,0
2024-08-03,S4,Apparel,AP-708,sale,-6,0
2024-08-03,S5,Grocery,GR-805,sale,-5,0
2024-08-03,S5,Grocery,GR-398,sale,-5,0
2024-08-03,S5,Apparel,AP-885,sale,-6,0
2024-08-03,S5,Apparel,AP-884,sale,-1,0
2024-08-03,S5,Grocery,GR-674,count,0,-1
2024-08-03,S5,Apparel,AP-232,receipt,36,0
2024-08-03,S5,Apparel,AP-545,sale,-4,0
2024-08-03,S5,Grocery,GR-102,receipt,42,0
2024-08-03,S5,Home,HO-315,sale,-2,0
2024-08-03,S5,Home,HO-519,return,3,0
2024-08-03,S5,Grocery,GR-358,return,1,0
2024-08-03,S5,Apparel,AP-557,count,0,-2
2024-08-03,S5,Apparel,AP-524,return,3,0
2024-08-04,S1,Electronics,EL-978,receipt,29,0
2024-08-04,S1,Apparel,AP-800,sale,-3,0
2024-08-04,S1,Apparel,AP-339,sale,-4,0
2024-08-04,S1,Apparel,AP-774,count,0,-1
2024-08-04,S1,Grocery,GR-921,return,3,0
2024-08-04,S1,Apparel,AP-592,count,0,2
2024-08-04,S1,Electronics,EL-237,return,2,0
2024-08-04,S1,Grocery,GR-883,sale,-5,0
2024-08-04,S1,Home,HO-522,sale,-5,0
2024-08-04,S1,Grocery,GR-367,return,2,0
2024-08-04,S1,Grocery,GR-500,receipt,19,0
2024-08-04,S1,Grocery,GR-592,receipt,54,0
2024-08-04,S1,Apparel,AP-936,receipt,22,0
2024-08-04,S1,Apparel,AP-153,sale,-1,0
2024-08-04,S1,Grocery,GR-559,sale,-4,0
2024-08-04,S2,Electronics,EL-911,receipt,54,0
2024-08-04,S2,Electronics,EL-956,count,0,-1
2024-08-04,S2,Apparel,AP-896,receipt,51,0
2024-08-04,S2,Electronics,EL-950,return,1,0
2024-08-04,S2,Grocery,GR-667,sale,-1,0
2024-08-04,S2,Grocery,GR-275,count,0,1
2024-08-04,S2,Grocery,GR-710,sale,-5,0
2024-08-04,S2,Grocery,GR-226,return,3,0
2024-08-04,S2,Electronics,EL-970,sale,-4,0
2024-08-04,S2,Grocery,GR-456,count,0,0
2024-08-04,S2,Home,HO-688,receipt,49,0
2024-08-04,S3,Home,HO-859,return,2,0
2024-08-04,S3,Apparel,AP-561,count,0,2
2024-08-04,S3,Grocery,GR-153,count,0,2
2024-08-04,S3,Grocery,GR-830,sale,-2,0
2024-08-04,S3,Electronics,EL-794,sale,-5,0
2024-08-04,S3,Apparel,AP-986,sale,-5,0
2024-08-04,S3,Apparel,AP-915,count,0,-2
2024-08-04,S3,Apparel,AP-828,return,3,0
2024-08-04,S3,Electronics,EL-639,sale,-3,0
2024-08-04,S4,Apparel,AP-159,sale,-4,0
2024-08-04,S4,Electronics,EL-982,sale,-1,0
2024-08-04,S4,Grocery,GR-270,sale,-4,0
2024-08-04,S4,Apparel,AP-947,sale,-6,0
2024-08-04,S4,Electronics,EL-808,return,1,0
2024-08-04,S4,Home,HO-848,receipt,21,0
2024-08-04,S4,Electronics,EL-444,sale,-4,0
2024-08-04,S4,Grocery,GR-346,sale,-1,0
2024-08-04,S4,Electronics,EL-416,receipt,40,0
2024-08-04,S4,Apparel,AP-937,sale,-1,0
2024-08-04,S4,Grocery,GR-269,receipt,29,0
2024-08-04,S4,Home,HO-824,count,0,2
2024-08-04,S4,Home,HO-402,sale,-3,0
2024-08-04,S5,Home,HO-960,sale,-1,0
2024-08-04,S5,Grocery,GR-302,sale,-4,0
2024-08-04,S5,Electronics,EL-992,receipt,42,0
2024-08-04,S5,Apparel,AP-471,count,0,-2
2024-08-04,S5,Apparel,AP-713,sale,-6,0
2024-08-04,S5,Home,HO-772,return,2,0
2024-08-04,S5,Apparel,AP-198,sale,-3,0
2024-08-04,S5,Apparel,AP-465,count,0,2
2024-08-04,S5,Apparel,AP-757,sale,-1,0
2024-08-04,S5,Electronics,EL-911,sale,-3,0
2024-08-04,S5,Apparel,AP-211,return,3,0
2024-08-04,S5,Home,HO-770,sale,-3,0
2024-08-04,S5,Grocery,GR-163,sale,-2,0
2024-08-04,S5,Electronics,EL-482,receipt,15,0
2024-08-04,S5,Grocery,GR-940,return,3,0
2024-08-04,S5,Home,HO-729,return,1,0
2024-08-05,S1,Apparel,AP-174,receipt,28,0
2024-08-05,S1,Apparel,AP-236,receipt,20,0
2024-08-05,S1,Grocery,GR-609,sale,-2,0
2024-08-05,S1,Grocery,GR-768,count,0,-1
2024-08-05,S1,Home,HO-379,sale,-2,0
2024-08-05,S1,Apparel,AP-791,receipt,38,0
2024-08-05,S1,Home,HO-958,sale,-1,0
2024-08-05,S1,Grocery,GR-550,count,0,2
2024-08-05,S1,Apparel,AP-678,sale,-5,0
2024-08-05,S1,Apparel,AP-125,sale,-4,0
2024-08-05,S1,Apparel,AP-475,sale,-5,0
2024-08-05,S1,Apparel,AP-475,sale,-6,0
2024-08-05,S2,Home,HO-142,sale,-4,0
2024-08-05,S2,Grocery,GR-695,receipt,57,0
2024-08-05,S2,Home,HO-532,sale,-4,0
2024-08-05,S2,Grocery,GR-880,return,1,0
2024-08-05,S2,Home,HO-410,count,0,1
2024-08-05,S2,Apparel,AP-892,count,0,-2
2024-08-05,S2,Grocery,GR-906,sale,-4,0
2024-08-05,S2,Electronics,EL-833,return,1,0
2024-08-05,S2,Electronics,EL-306,count,0,1
2024-08-05,S2,Home,HO-127,sale,-6,0
2024-08-05,S3,Electronics,EL-563,return,1,0
2024-08-05,S3,Grocery,GR-343,sale,-1,0
2024-08-05,S3,Grocery,GR-920,count,0,-1
2024-08-05,S3,Home,HO-932,sale,-3,0
2024-08-05,S3,Home,HO-449,sale,-3,0
2024-08-05,S3,Home,HO-289,return,3,0
2024-08-05,S3,Electronics,EL-177,sale,-5,0
2024-08-05,S3,Apparel,AP-481,receipt,37,0
2024-08-05,S3,Home,HO-790,count,0,0
2024-08-05,S4,Grocery,GR-939,count,0,0
2024-08-05,S4,Home,HO-634,sale,-5,0
2024-08-05,S4,Electronics,EL-891,sale,-6,0
2024-08-05,S4,Electronics,EL-767,receipt,17,0
2024-08-05,S4,Electronics,EL-420,receipt,11,0
2024-08-05,S4,Apparel,AP-956,sale,-3,0
2024-08-05,S4,Electronics,EL-515,receipt,41,0
2024-08-05,S4,Grocery,GR-749,sale,-1,0
2024-08-05,S4,Apparel,AP-234,sale,-6,0
2024-08-05,S4,Grocery,GR-207,receipt,52,0
2024-08-05,S4,Electronics,EL-536,sale,-6,0
2024-08-05,S4,Home,HO-949,return,2,0
2024-08-05,S4,Home,HO-293,return,2,0
2024-08-05,S4,Grocery,GR-285,return,3,0
2024-08-05,S5,Home,HO-648,sale,-4,0
2024-08-05,S5,Apparel,AP-927,count,0,2
2024-08-05,S5,Home,HO-660,receipt,55,0
2024-08-05,S5,Home,HO-898,receipt,20,0
2024-08-05,S5,Home,HO-147,sale,-2,0
2024-08-05,S5,Grocery,GR-969,count,0,1
2024-08-05,S5,Grocery,GR-426,return,1,0
2024-08-05,S5,Home,HO-947,sale,-3,0
2024-08-06,S1,Grocery,GR-782,receipt,10,0
2024-08-06,S1,Grocery,GR-166,sale,-6,0
2024-08-06,S1,Apparel,AP-337,receipt,23,0
2024-08-06,S1,Electronics,EL-194,sale,-4,0
2024-08-06,S1,Grocery,GR-446,count,0,-2
2024-08-06,S1,Apparel,AP-340,return,3,0
2024-08-06,S1,Apparel,AP-467,sale,-1,0
2024-08-06,S1,Electronics,EL-233,return,3,0
2024-08-06,S1,Home,HO-424,sale,-3,0
2024-08-06,S1,Grocery,GR-796,receipt,45,0
2024-08-06,S1,Apparel,AP-871,receipt,54,0
2024-08-06,S1,Apparel,AP-639,sale,-5,0
2024-08-06,S1,Grocery,GR-768,count,0,-1
2024-08-06,S1,Apparel,AP-388,sale,-4,0
2024-08-06,S1,Apparel,AP-604,return,2,0
2024-08-06,S2,Electronics,EL-374,sale,-3,0
2024-08-06,S2,Electronics,EL-653,sale,-5,0
2024-08-06,S2,Home,HO-340,sale,-6,0
2024-08-06,S2,Apparel,AP-969,sale,-1,0
2024-08-06,S2,Home,HO-320,count,0,-2
2024-08-06,S2,Grocery,GR-142,sale,-6,0
2024-08-06,S2,Grocery,GR-795,return,3,0
2024-08-06,S2,Grocery,GR-792,receipt,36,0
2024-08-06,S2,Apparel,AP-609,count,0,1
2024-08-06,S2,Electronics,EL-403,sale,-2,0
2024-08-06,S2,Home,HO-447,sale,-1,0
2024-08-06,S2,Electronics,EL-678,count,0,-2
2024-08-06,S3,Grocery,GR-492,sale,-3,0
2024-08-06,S3,Home,HO-465,return,1,0
2024-08-06,S3,Apparel,AP-381,sale,-3,0
2024-08-06,S3,Grocery,GR-542,sale,-5,0
2024-08-06,S3,Home,HO-448,return,1,0
2024-08-06,S3,Home,HO-425,receipt,19,0
2024-08-06,S3,Grocery,GR-760,sale,-2,0
2024-08-06,S3,Home,HO-336,sale,-2,0
2024-08-06,S3,Grocery,GR-574,sale,-2,0
2024-08-06,S3,Electronics,EL-916,sale,-1,0
2024-08-06,S3,Home,HO-197,receipt,10,0
2024-08-06,S3,Home,HO-509,count,0,-2
2024-08-06,S3,Home,HO-435,sale,-5,0
2024-08-06,S4,Electronics,EL-570,sale,-5,0
2024-08-06,S4,Electronics,EL-733,sale,-3,0
2024-08-06,S4,Grocery,GR-230,sale,-2,0
2024-08-06,S4,Apparel,AP-668,sale,-5,0
2024-08-06,S4,Home,HO-732,receipt,15,0
2024-08-06,S4,Electronics,EL-746,count,0,-1
2024-08-06,S4,Grocery,GR-408,sale,-4,0
2024-08-06,S4,Grocery,GR-434,sale,-2,0
2024-08-06,S4,Home,HO-123,return,2,0
2024-08-06,S4,Grocery,GR-191,return,1,0
2024-08-06,S5,Grocery,GR-818,count,0,1
2024-08-06,S5,Apparel,AP-190,sale,-6,0
2024-08-06,S5,Home,HO-373,receipt,14,0
2024-08-06,S5,Electronics,EL-805,sale,-5,0
2024-08-06,S5,Apparel,AP-533,sale,-4,0
2024-08-06,S5,Home,HO-987,count,0,2
2024-08-06,S5,Apparel,AP-858,sale,-1,0
2024-08-06,S5,Grocery,GR-258,sale,-4,0
2024-08-06,S5,Home,HO-948,sale,-1,0
2024-08-06,S5,Electronics,EL-472,sale,-6,0
2024-08-06,S5,Apparel,AP-714,return,3,0
2024-08-06,S5,Electronics,EL-383,return,1,0
2024-08-06,S5,Electronics,EL-487,count,0,-2
2024-08-06,S5,Home,HO-844,sale,-3,0
2024-08-06,S5,Apparel,AP-956,receipt,18,0
2024-08-06,S5,Apparel,AP-833,receipt,18,0
2024-08-07,S1,Electronics,EL-578,count,0,-2
2024-08-07,S1,Home,HO-145,sale,-3,0
2024-08-07,S1,Grocery,GR-557,sale,-4,0
2024-08-07,S1,Home,HO-147,count,0,0
2024-08-07,S1,Grocery,GR-746,sale,-1,0
2024-08-07,S1,Grocery,GR-959,count,0,-2
2024-08-07,S1,Grocery,GR-900,receipt,33,0
2024-08-07,S1,Grocery,GR-449,sale,-1,0
2024-08-07,S1,Grocery,GR-224,receipt,54,0
2024-08-07,S2,Home,HO-247,sale,-2,0
2024-08-07,S2,Electronics,EL-589,receipt,33,0
2024-08-07,S2,Grocery,GR-408,sale,-6,0
2024-08-07,S2,Apparel,AP-635,sale,-5,0
2024-08-07,S2,Grocery,GR-566,sale,-4,0
2024-08-07,S2,Electronics,EL-919,sale,-4,0
2024-08-07,S2,Electronics,EL-768,return,1,0
2024-08-07,S2,Apparel,AP-459,count,0,2
2024-08-07,S2,Electronics,EL-339,sale,-2,0
2024-08-07,S2,Grocery,GR-657,return,2,0
2024-08-07,S2,Apparel,AP-118,return,2,0
2024-08-07,S2,Apparel,AP-701,return,3,0
2024-08-07,S2,Apparel,AP-470,sale,-4,0
2024-08-07,S2,Apparel,AP-440,count,0,0
2024-08-07,S2,Grocery,GR-477,sale,-6,0
2024-08-07,S2,Electronics,EL-842,return,3,0
2024-08-07,S3,Electronics,EL-511,count,0,-2
2024-08-07,S3,Apparel,AP-737,sale,-4,0
2024-08-07,S3,Home,HO-919,count,0,2
2024-08-07,S3,Apparel,AP-227,return,2,0
2024-08-07,S3,Home,HO-125,receipt,48,0
2024-08-07,S3,Grocery,GR-835,sale,-6,0
2024-08-07,S3,Electronics,EL-279,sale,-4,0
2024-08-07,S3,Home,HO-532,count,0,-2
2024-08-07,S4,Grocery,GR-867,return,3,0
2024-08-07,S4,Grocery,GR-884,sale,-2,0
2024-08-07,S4,Home,HO-299,receipt,18,0
2024-08-07,S4,Grocery,GR-496,return,3,0
2024-08-07,S4,Apparel,AP-733,receipt,37,0
2024-08-07,S4,Apparel,AP-920,count,0,-1
2024-08-07,S4,Home,HO-370,sale,-3,0
2024-08-07,S4,Grocery,GR-216,return,2,0
2024-08-07,S4,Apparel,AP-253,sale,-2,0
2024-08-07,S4,Electronics,EL-144,sale,-4,0
2024-08-07,S4,Grocery,GR-711,count,0,-1
2024-08-07,S4,Electronics,EL-386,sale,-4,0
2024-08-07,S5,Home,HO-318,sale,-1,0
2024-08-07,S5,Apparel,AP-659,sale,-3,0
2024-08-07,S5,Electronics,EL-367,count,0,-1
2024-08-07,S5,Grocery,GR-860,sale,-3,0
2024-08-07,S5,Apparel,AP-117,return,2,0
2024-08-07,S5,Home,HO-599,sale,-1,0
2024-08-07,S5,Grocery,GR-488,sale,-4,0
2024-08-07,S5,Grocery,GR-357,sale,-5,0
2024-08-07,S5,Grocery,GR-955,receipt,26,0
2024-08-07,S5,Apparel,AP-372,sale,-2,0
2024-08-07,S5,Electronics,EL-901,sale,-5,0
2024-08-07,S5,Home,HO-118,sale,-5,0
2024-08-07,S5,Apparel,AP-361,sale,-4,0
2024-08-07,S5,Apparel,AP-757,receipt,29,0
2024-08-07,S5,Home,HO-141,count,0,1
2024-08-07,S5,Electronics,EL-674,count,0,1
2024-08-08,S1,Apparel,AP-857,receipt,28,0
2024-08-08,S1,Grocery,GR-731,sale,-2,0
2024-08-08,S1,Apparel,AP-501,sale,-3,0
2024-08-08,S1,Home,HO-599,count,0,2
2024-08-08,S1,Electronics,EL-726,count,0,2
2024-08-08,S1,Apparel,AP-541,receipt,10,0
2024-08-08,S1,Home,HO-987,sale,-3,0
2024-08-08,S1,Grocery,GR-974,sale,-1,0
2024-08-08,S1,Apparel,AP-576,sale,-2,0
2024-08-08,S1,Home,HO-515,sale,-3,0
2024-08-08,S1,Apparel,AP-535,sale,-4,0
2024-08-08,S1,Electronics,EL-394,count,0,-2
2024-08-08,S1,Grocery,GR-224,count,0,1
2024-08-08,S2,Home,HO-135,sale,-5,0
2024-08-08,S2,Electronics,EL-343,receipt,18,0
2024-08-08,S2,Electronics,EL-104,sale,-1,0
2024-08-08,S2,Home,HO-485,sale,-6,0
2024-08-08,S2,Apparel,AP-206,sale,-2,0
2024-08-08,S2,Apparel,AP-499,receipt,56,0
2024-08-08,S2,Home,HO-904,sale,-5,0
2024-08-08,S2,Electronics,EL-449,count,0,-2
2024-08-08,S2,Home,HO-936,sale,-1,0
2024-08-08,S3,Electronics,EL-340,sale,-1,0
2024-08-08,S3,Home,HO-950,return,2,0
2024-08-08,S3,Home,HO-414,sale,-5,0
2024-08-08,S3,Apparel,AP-134,sale,-3,0
2024-08-08,S3,Grocery,GR-806,return,2,0
2024-08-08,S3,Grocery,GR-888,sale,-6,0
2024-08-08,S3,Grocery,GR-990,sale,-3,0
2024-08-08,S3,Apparel,AP-938,sale,-4,0
2024-08-08,S3,Home,HO-765,receipt,46,0
2024-08-08,S3,Apparel,AP-924,return,3,0
2024-08-08,S4,Grocery,GR-324,count,0,2
2024-08-08,S4,Apparel,AP-691,sale,-3,0
2024-08-08,S4,Apparel,AP-841,sale,-2,0
2024-08-08,S4,Grocery,GR-432,receipt,26,0
2024-08-08,S4,Home,HO-386,receipt,57,0
2024-08-08,S4,Grocery,GR-291,receipt,23,0
2024-08-08,S4,Home,HO-234,return,1,0
2024-08-08,S4,Home,HO-697,return,1,0
2024-08-08,S4,Electronics,EL-729,receipt,39,0
2024-08-08,S4,Apparel,AP-175,return,2,0
2024-08-08,S4,Apparel,AP-311,count,0,-2
2024-08-08,S4,Home,HO-138,sale,-3,0
2024-08-08,S5,Grocery,GR-133,return,1,0
2024-08-08,S5,Apparel,AP-970,sale,-6,0
2024-08-08,S5,Apparel,AP-110,sale,-3,0
2024-08-08,S5,Home,HO-931,sale,-1,0
2024-08-08,S5,Apparel,AP-504,return,2,0
2024-08-08,S5,Grocery,GR-537,sale,-3,0
2024-08-08,S5,Home,HO-817,sale,-6,0
2024-08-08,S5,Grocery,GR-669,sale,-2,0
2024-08-08,S5,Apparel,AP-926,receipt,48,0
2024-08-08,S5,Apparel,AP-907,receipt,39,0
2024-08-08,S5,Grocery,GR-434,sale,-3,0
2024-08-08,S5,Home,HO-929,receipt,45,0
2024-08-08,S5,Apparel,AP-784,count,0,-2
2024-08-08,S5,Grocery,GR-183,count,0,2
2024-08-09,S1,Grocery,GR-693,receipt,17,0
2024-08-09,S1,Home,HO-241,sale,-2,0
2024-08-09,S1,Electronics,EL-382,sale,-3,0
2024-08-09,S1,Home,HO-928,receipt,25,0
2024-08-09,S1,Apparel,AP-119,return,1,0
2024-08-09,S1,Electronics,EL-503,count,0,-1
2024-08-09,S1,Apparel,AP-654,sale,-6,0
2024-08-09,S1,Electronics,EL-247,return,1,0
2024-08-09,S1,Grocery,GR-331,return,2,0
2024-08-09,S1,Electronics,EL-681,count,0,0
2024-08-09,S1,Electronics,EL-814,receipt,15,0
2024-08-09,S1,Grocery,GR-692,sale,-6,0
2024-08-09,S1,Grocery,GR-959,sale,-1,0
2024-08-09,S1,Apparel,AP-984,sale,-4,0
2024-08-09,S2,Electronics,EL-979,receipt,27,0
2024-08-09,S2,Home,HO-742,count,0,-2
2024-08-09,S2,Apparel,AP-555,sale,-2,0
2024-08-09,S2,Apparel,AP-302,receipt,36,0
2024-08-09,S2,Home,HO-964,sale,-1,0
2024-08-09,S2,Home,HO-252,return,1,0
2024-08-09,S2,Home,HO-735,sale,-3,0
2024-08-09,S2,Grocery,GR-783,return,3,0
2024-08-09,S2,Home,HO-950,count,0,-1
2024-08-09,S2,Apparel,AP-180,count,0,-1
2024-08-09,S2,Apparel,AP-504,sale,-1,0
2024-08-09,S2,Home,HO-464,return,2,0
2024-08-09,S2,Grocery,GR-878,sale,-6,0
2024-08-09,S3,Home,HO-631,count,0,2
2024-08-09,S3,Apparel,AP-276,receipt,38,0
2024-08-09,S3,Apparel,AP-502,sale,-2,0
2024-08-09,S3,Electronics,EL-581,sale,-1,0
2024-08-09,S3,Apparel,AP-380,sale,-3,0
2024-08-09,S3,Electronics,EL-587,sale,-1,0
2024-08-09,S3,Grocery,GR-341,sale,-6,0
2024-08-09,S3,Apparel,AP-791,sale,-6,0
2024-08-09,S3,Home,HO-811,sale,-5,0
2024-08-09,S3,Electronics,EL-311,count,0,-2
2024-08-09,S3,Home,HO-514,sale,-1,0
2024-08-09,S3,Apparel,AP-360,sale,-2,0
2024-08-09,S3,Grocery,GR-127,count,0,1
2024-08-09,S3,Apparel,AP-127,count,0,-1
2024-08-09,S3,Grocery,GR-356,count,0,2
2024-08-09,S4,Home,HO-321,receipt,22,0
2024-08-09,S4,Home,HO-538,sale,-1,0
2024-08-09,S4,Apparel,AP-336,count,0,-2
2024-08-09,S4,Apparel,AP-722,sale,-1,0
2024-08-09,S4,Grocery,GR-536,sale,-3,0
2024-08-09,S4,Home,HO-162,receipt,26,0
2024-08-09,S4,Electronics,EL-631,sale,-4,0
2024-08-09,S4,Apparel,AP-196,return,2,0
2024-08-09,S4,Home,HO-616,sale,-2,0
2024-08-09,S4,Apparel,AP-479,sale,-6,0
2024-08-09,S4,Electronics,EL-847,return,3,0
2024-08-09,S4,Home,HO-106,sale,-6,0
2024-08-09,S4,Electronics,EL-153,sale,-5,0
2024-08-09,S4,Electronics,EL-360,sale,-6,0
2024-08-09,S5,Grocery,GR-890,return,3,0
2024-08-09,S5,Electronics,EL-985,return,1,0
2024-08-09,S5,Apparel,AP-547,count,0,2
2024-08-09,S5,Apparel,AP-286,receipt,53,0
2024-08-09,S5,Electronics,EL-940,sale,-5,0
2024-08-09,S5,Apparel,AP-138,sale,-1,0
2024-08-09,S5,Home,HO-338,receipt,60,0
2024-08-09,S5,Grocery,GR-621,receipt,37,0
2024-08-09,S5,Electronics,EL-276,receipt,41,0
2024-08-09,S5,Home,HO-890,return,1,0
2024-08-09,S5,Apparel,AP-227,return,2,0
2024-08-09,S5,Electronics,EL-176,sale,-6,0
2024-08-09,S5,Grocery,GR-878,return,1,0
2024-08-09,S5,Home,HO-189,receipt,43,0
2024-08-10,S1,Home,HO-914,sale,-5,0
2024-08-10,S1,Apparel,AP-968,sale,-5,0
2024-08-10,S1,Home,HO-731,sale,-2,0
2024-08-10,S1,Electronics,EL-123,sale,-6,0
2024-08-10,S1,Home,HO-937,count,0,2
2024-08-10,S1,Electronics,EL-189,sale,-2,0
2024-08-10,S1,Electronics,EL-177,sale,-2,0
2024-08-10,S1,Electronics,EL-564,sale,-5,0
2024-08-10,S1,Apparel,AP-107,sale,-3,0
2024-08-10,S1,Home,HO-801,sale,-6,0
2024-08-10,S1,Home,HO-208,sale,-2,0
2024-08-10,S2,Apparel,AP-404,return,1,0
2024-08-10,S2,Grocery,GR-762,count,0,2
2024-08-10,S2,Home,HO-862,return,3,0
2024-08-10,S2,Electronics,EL-647,count,0,-2
2024-08-10,S2,Home,HO-346,sale,-6,0
2024-08-10,S2,Apparel,AP-970,count,0,-2
2024-08-10,S2,Electronics,EL-684,return,3,0
2024-08-10,S2,Apparel,AP-233,count,0,-1
2024-08-10,S2,Apparel,AP-234,sale,-1,0
2024-08-10,S2,Electronics,EL-348,sale,-2,0
2024-08-10,S2,Grocery,GR-690,return,1,0
2024-08-10,S2,Apparel,AP-652,sale,-3,0
2024-08-10,S3,Home,HO-318,sale,-3,0
2024-08-10,S3,Electronics,EL-829,receipt,59,0
2024-08-10,S3,Apparel,AP-789,return,2,0
2024-08-10,S3,Grocery,GR-139,count,0,-2
2024-08-10,S3,Electronics,EL-967,sale,-2,0
2024-08-10,S3,Electronics,EL-818,receipt,40,0
2024-08-10,S3,Home,HO-798,sale,-6,0
2024-08-10,S3,Home,HO-865,sale,-5,0
2024-08-10,S3,Apparel,AP-822,count,0,2
2024-08-10,S3,Electronics,EL-569,sale,-6,0
2024-08-10,S4,Apparel,AP-268,sale,-4,0
2024-08-10,S4,Home,HO-466,sale,-1,0
2024-08-10,S4,Home,HO-521,sale,-2,0
2024-08-10,S4,Home,HO-226,sale,-5,0
2024-08-10,S4,Grocery,GR-852,sale,-2,0
2024-08-10,S4,Home,HO-469,count,0,-2
2024-08-10,S4,Electronics,EL-128,sale,-6,0
2024-08-10,S4,Grocery,GR-878,sale,-2,0
2024-08-10,S4,Apparel,AP-635,sale,-5,0
2024-08-10,S4,Grocery,GR-143,return,1,0
2024-08-10,S4,Apparel,AP-497,sale,-6,0
2024-08-10,S5,Grocery,GR-592,receipt,10,0
2024-08-10,S5,Home,HO-704,receipt,10,0
2024-08-10,S5,Home,HO-918,sale,-3,0
2024-08-10,S5,Grocery,GR-119,sale,-6,0
2024-08-10,S5,Grocery,GR-722,sale,-4,0
2024-08-10,S5,Grocery,GR-795,sale,-4,0
2024-08-10,S5,Home,HO-979,receipt,20,0
2024-08-10,S5,Electronics,EL-764,sale,-1,0
2024-08-10,S5,Apparel,AP-261,sale,-5,0
2024-08-10,S5,Home,HO-462,return,3,0
2024-08-10,S5,Home,HO-594,sale,-5,0
2024-08-10,S5,Apparel,AP-399,sale,-5,0
2024-08-11,S1,Grocery,GR-202,sale,-6,0
2024-08-11,S1,Grocery,GR-955,count,0,2
2024-08-11,S1,Apparel,AP-719,count,0,-1
2024-08-11,S1,Apparel,AP-432,receipt,29,0
2024-08-11,S1,Grocery,GR-175,return,1,0
2024-08-11,S1,Grocery,GR-108,sale,-2,0
2024-08-11,S1,Apparel,AP-195,return,3,0
2024-08-11,S1,Electronics,EL-615,receipt,41,0
2024-08-11,S1,Home,HO-550,receipt,21,0
2024-08-11,S1,Apparel,AP-384,receipt,54,0
2024-08-11,S1,Electronics,EL-955,count,0,1
2024-08-11,S1,Apparel,AP-851,sale,-2,0
2024-08-11,S1,Apparel,AP-229,sale,-2,0
2024-08-11,S1,Apparel,AP-917,return,3,0
2024-08-11,S1,Grocery,GR-908,sale,-2,0
2024-08-11,S2,Apparel,AP-807,sale,-3,0
2024-08-11,S2,Apparel,AP-278,sale,-3,0
2024-08-11,S2,Grocery,GR-998,receipt,24,0
2024-08-11,S2,Home,HO-166,receipt,21,0
2024-08-11,S2,Electronics,EL-993,sale,-4,0
2024-08-11,S2,Electronics,EL-763,count,0,-2
2024-08-11,S2,Grocery,GR-962,count,0,0
2024-08-11,S2,Apparel,AP-383,return,3,0
2024-08-11,S3,Electronics,EL-857,receipt,47,0
2024-08-11,S3,Electronics,EL-594,sale,-5,0
2024-08-11,S3,Electronics,EL-334,count,0,-4
2024-08-11,S3,Home,HO-741,count,0,0
2024-08-11,S3,Grocery,GR-893,sale,-2,0
2024-08-11,S3,Apparel,AP-624,return,1,0
2024-08-11,S3,Electronics,EL-911,sale,-4,0
2024-08-11,S3,Home,HO-215,return,3,0
2024-08-11,S3,Grocery,GR-664,sale,-3,0
2024-08-11,S3,Grocery,GR-847,sale,-3,0
2024-08-11,S4,Apparel,AP-121,sale,-5,0
2024-08-11,S4,Home,HO-544,sale,-2,0
2024-08-11,S4,Home,HO-277,return,1,0
2024-08-11,S4,Electronics,EL-714,sale,-1,0
2024-08-11,S4,Home,HO-542,count,0,2
2024-08-11,S4,Electronics,EL-925,sale,-2,0
2024-08-11,S4,Home,HO-475,sale,-1,0
2024-08-11,S4,Apparel,AP-424,receipt,51,0
2024-08-11,S4,Apparel,AP-960,receipt,60,0
2024-08-11,S4,Grocery,GR-591,sale,-5,0
2024-08-11,S4,Home,HO-661,receipt,34,0
2024-08-11,S4,Home,HO-302,receipt,32,0
2024-08-11,S4,Apparel,AP-639,count,0,0
2024-08-11,S4,Electronics,EL-344,sale,-4,0
2024-08-11,S5,Home,HO-955,return,3,0
2024-08-11,S5,Grocery,GR-806,sale,-4,0
2024-08-11,S5,Home,HO-757,sale,-5,0
2024-08-11,S5,Home,HO-721,return,2,0
2024-08-11,S5,Apparel,AP-587,count,0,0
2024-08-11,S5,Electronics,EL-136,sale,-1,0
2024-08-11,S5,Grocery,GR-389,return,3,0
2024-08-11,S5,Home,HO-831,receipt,13,0
2024-08-11,S5,Home,HO-684,receipt,53,0
2024-08-11,S5,Electronics,EL-921,sale,-6,0
2024-08-11,S5,Grocery,GR-343,count,0,-1
2024-08-12,S1,Apparel,AP-811,receipt,53,0
2024-08-12,S1,Apparel,AP-380,receipt,32,0
2024-08-12,S1,Apparel,AP-480,return,1,0
2024-08-12,S1,Grocery,GR-101,sale,-1,0
2024-08-12,S1,Electronics,EL-549,sale,-1,0
2024-08-12,S1,Home,HO-134,receipt,43,0
2024-08-12,S1,Grocery,GR-880,sale,-1,0
2024-08-12,S1,Grocery,GR-713,sale,-1,0
2024-08-12,S1,Apparel,AP-621,count,0,-2
2024-08-12,S1,Home,HO-700,sale,-3,0
2024-08-12,S1,Apparel,AP-618,sale,-3,0
2024-08-12,S1,Home,HO-471,sale,-5,0
2024-08-12,S2,Apparel,AP-141,count,0,2
2024-08-12,S2,Grocery,GR-428,sale,-5,0
2024-08-12,S2,Electronics,EL-948,count,0,0
2024-08-12,S2,Home,HO-708,return,2,0
2024-08-12,S2,Home,HO-836,return,3,0
2024-08-12,S2,Grocery,GR-802,count,0,1
2024-08-12,S2,Electronics,EL-965,count,0,-2
2024-08-12,S2,Apparel,AP-361,receipt,53,0
2024-08-12,S2,Home,HO-512,return,2,0
2024-08-12,S3,Electronics,EL-736,return,1,0
2024-08-12,S3,Home,HO-448,count,0,2
2024-08-12,S3,Home,HO-776,sale,-4,0
2024-08-12,S3,Grocery,GR-673,receipt,60,0
2024-08-12,S3,Apparel,AP-499,sale,-6,0
2024-08-12,S3,Electronics,EL-797,sale,-3,0
2024-08-12,S3,Electronics,EL-200,return,1,0
2024-08-12,S3,Grocery,GR-910,sale,-1,0
2024-08-12,S3,Apparel,AP-746,return,3,0
2024-08-12,S3,Electronics,EL-440,receipt,42,0
2024-08-12,S3,Grocery,GR-228,sale,-2,0
2024-08-12,S3,Apparel,AP-466,receipt,26,0
2024-08-12,S3,Home,HO-574,sale,-3,0
2024-08-12,S3,Electronics,EL-679,sale,-1,0
2024-08-12,S4,Grocery,GR-805,sale,-5,0
2024-08-12,S4,Apparel,AP-858,receipt,55,0
2024-08-12,S4,Grocery,GR-838,sale,-4,0
2024-08-12,S4,Home,HO-803,sale,-6,0
2024-08-12,S4,Apparel,AP-410,count,0,2
2024-08-12,S4,Apparel,AP-380,sale,-6,0
2024-08-12,S4,Home,HO-153,return,1,0
2024-08-12,S4,Home,HO-343,receipt,21,0
2024-08-12,S4,Grocery,GR-852,sale,-6,0
2024-08-12,S4,Apparel,AP-100,return,1,0
2024-08-12,S4,Home,HO-177,return,1,0
2024-08-12,S4,Grocery,GR-431,receipt,57,0
2024-08-12,S4,Apparel,AP-942,sale,-5,0
2024-08-12,S4,Home,HO-643,sale,-1,0
2024-08-12,S4,Home,HO-302,return,3,0
2024-08-12,S4,Electronics,EL-958,sale,-1,0
2024-08-12,S5,Apparel,AP-897,sale,-2,0
2024-08-12,S5,Electronics,EL-254,sale,-1,0
2024-08-12,S5,Apparel,AP-430,sale,-5,0
2024-08-12,S5,Grocery,GR-318,sale,-4,0
2024-08-12,S5,Electronics,EL-465,sale,-3,0
2024-08-12,S5,Electronics,EL-504,receipt,48,0
2024-08-12,S5,Apparel,AP-790,count,0,0
2024-08-12,S5,Electronics,EL-600,sale,-4,0
2024-08-12,S5,Home,HO-778,sale,-3,0
2024-08-12,S5,Electronics,EL-953,count,0,0
2024-08-12,S5,Apparel,AP-558,sale,-6,0
2024-08-12,S5,Apparel,AP-515,return,1,0
2024-08-12,S5,Grocery,GR-888,sale,-6,0
2024-08-12,S5,Home,HO-795,sale,-3,0
2024-08-12,S5,Grocery,GR-841,count,0,-2
2024-08-13,S1,Grocery,GR-487,sale,-3,0
2024-08-13,S1,Apparel,AP-321,receipt,32,0
2024-08-13,S1,Home,HO-776,count,0,-2
2024-08-13,S1,Electronics,EL-694,receipt,32,0
2024-08-13,S1,Electronics,EL-980,return,3,0
2024-08-13,S1,Electronics,EL-842,sale,-3,0
2024-08-13,S1,Grocery,GR-280,receipt,23,0
2024-08-13,S1,Grocery,GR-232,return,1,0
2024-08-13,S1,Home,HO-106,sale,-4,0
2024-08-13,S1,Apparel,AP-761,receipt,30,0
2024-08-13,S1,Home,HO-518,return,1,0
2024-08-13,S1,Electronics,EL-803,count,0,-1
2024-08-13,S1,Apparel,AP-469,count,0,-2
2024-08-13,S1,Electronics,EL-335,sale,-5,0
2024-08-13,S1,Home,HO-146,sale,-3,0
2024-08-13,S2,Apparel,AP-755,receipt,57,0
2024-08-13,S2,Home,HO-518,receipt,55,0
2024-08-13,S2,Grocery,GR-493,receipt,45,0
2024-08-13,S2,Electronics,EL-890,sale,-6,0
2024-08-13,S2,Apparel,AP-906,sale,-1,0
2024-08-13,S2,Grocery,GR-478,sale,-2,0
2024-08-13,S2,Apparel,AP-567,sale,-4,0
2024-08-13,S2,Apparel,AP-727,sale,-5,0
2024-08-13,S2,Apparel,AP-199,return,2,0
2024-08-13,S2,Grocery,GR-809,sale,-5,0
2024-08-13,S2,Home,HO-370,sale,-2,0
2024-08-13,S2,Grocery,GR-523,sale,-4,0
2024-08-13,S2,Apparel,AP-146,count,0,0
2024-08-13,S2,Grocery,GR-549,return,1,0
2024-08-13,S2,Apparel,AP-298,sale,-6,0
2024-08-13,S2,Home,HO-961,count,0,-1
2024-08-13,S3,Home,HO-539,sale,-2,0
2024-08-13,S3,Grocery,GR-935,count,0,1
2024-08-13,S3,Grocery,GR-936,count,0,0
2024-08-13,S3,Electronics,EL-507,sale,-4,0
2024-08-13,S3,Home,HO-378,sale,-5,0
2024-08-13,S3,Grocery,GR-699,sale,-4,0
2024-08-13,S3,Grocery,GR-987,sale,-3,0
2024-08-13,S3,Home,HO-760,return,3,0
2024-08-13,S3,Electronics,EL-476,sale,-1,0
2024-08-13,S3,Grocery,GR-824,count,0,2
2024-08-13,S3,Grocery,GR-440,return,3,0
2024-08-13,S4,Apparel,AP-350,sale,-3,0
2024-08-13,S4,Home,HO-116,sale,-6,0
2024-08-13,S4,Home,HO-282,return,2,0
2024-08-13,S4,Apparel,AP-103,return,2,0
2024-08-13,S4,Apparel,AP-232,sale,-4,0
2024-08-13,S4,Electronics,EL-965,return,1,0
2024-08-13,S4,Grocery,GR-326,sale,-5,0
2024-08-13,S4,Home,HO-110,return,1,0
2024-08-13,S4,Home,HO-311,receipt,48,0
2024-08-13,S4,Apparel,AP-411,sale,-4,0
2024-08-13,S4,Electronics,EL-111,return,3,0
2024-08-13,S5,Apparel,AP-620,count,0,-1
2024-08-13,S5,Electronics,EL-544,receipt,54,0
2024-08-13,S5,Electronics,EL-538,receipt,29,0
2024-08-13,S5,Home,HO-481,return,1,0
2024-08-13,S5,Grocery,GR-570,sale,-6,0
2024-08-13,S5,Grocery,GR-534,receipt,47,0
2024-08-13,S5,Home,HO-803,sale,-3,0
2024-08-13,S5,Home,HO-173,sale,-4,0
2024-08-13,S5,Home,HO-964,return,3,0
2024-08-13,S5,Electronics,EL-465,sale,-3,0
2024-08-13,S5,Electronics,EL-805,sale,-3,0
2024-08-13,S5,Electronics,EL-316,receipt,48,0
2024-08-14,S1,Home,HO-113,sale,-5,0
2024-08-14,S1,Electronics,EL-804,sale,-1,0
2024-08-14,S1,Electronics,EL-618,return,1,0
2024-08-14,S1,Grocery,GR-535,receipt,45,0
2024-08-14,S1,Electronics,EL-389,sale,-2,0
2024-08-14,S1,Home,HO-103,count,0,1
2024-08-14,S1,Electronics,EL-735,receipt,26,0
2024-08-14,S1,Electronics,EL-267,receipt,40,0
2024-08-14,S1,Home,HO-937,receipt,35,0
2024-08-14,S2,Grocery,GR-975,receipt,10,0
2024-08-14,S2,Home,HO-968,return,3,0
2024-08-14,S2,Electronics,EL-266,count,0,1
2024-08-14,S2,Apparel,AP-610,sale,-2,0
2024-08-14,S2,Home,HO-736,receipt,35,0
2024-08-14,S2,Apparel,AP-909,receipt,44,0
2024-08-14,S2,Grocery,GR-581,sale,-4,0
2024-08-14,S2,Home,HO-294,receipt,53,0
2024-08-14,S2,Apparel,AP-220,count,0,2
2024-08-14,S3,Apparel,AP-473,receipt,38,0
2024-08-14,S3,Electronics,EL-936,return,2,0
2024-08-14,S3,Apparel,AP-682,sale,-1,0
2024-08-14,S3,Grocery,GR-873,count,0,-1
2024-08-14,S3,Apparel,AP-631,receipt,47,0
2024-08-14,S3,Electronics,EL-639,sale,-6,0
2024-08-14,S3,Grocery,GR-191,sale,-6,0
2024-08-14,S3,Home,HO-769,receipt,48,0
2024-08-14,S4,Grocery,GR-107,sale,-4,0
2024-08-14,S4,Electronics,EL-509,sale,-1,0
2024-08-14,S4,Home,HO-238,receipt,30,0
2024-08-14,S4,Electronics,EL-931,sale,-4,0
2024-08-14,S4,Grocery,GR-914,sale,-6,0
2024-08-14,S4,Grocery,GR-989,sale,-4,0
2024-08-14,S4,Grocery,GR-848,sale,-6,0
2024-08-14,S4,Grocery,GR-251,receipt,50,0
2024-08-14,S5,Electronics,EL-472,return,2,0
2024-08-14,S5,Electronics,EL-917,receipt,24,0
2024-08-14,S5,Electronics,EL-372,sale,-3,0
2024-08-14,S5,Home,HO-309,receipt,16,0
2024-08-14,S5,Electronics,EL-285,return,3,0
2024-08-14,S5,Apparel,AP-118,sale,-3,0
2024-08-14,S5,Home,HO-453,return,1,0
2024-08-14,S5,Home,HO-941,sale,-2,0
2024-08-14,S5,Apparel,AP-870,receipt,53,0
2024-08-14,S5,Grocery,GR-142,count,0,-1
2024-08-14,S5,Apparel,AP-491,count,0,-1
2024-08-14,S5,Home,HO-761,sale,-1,0
2024-08-14,S5,Apparel,AP-108,count,0,1
2024-08-14,S5,Apparel,AP-694,count,0,-1
2024-08-14,S5,Grocery,GR-777,receipt,19,0
2024-08-14,S5,Electronics,EL-822,sale,-1,0
2024-08-15,S1,Grocery,GR-107,sale,-3,0
2024-08-15,S1,Home,HO-264,return,2,0
2024-08-15,S1,Apparel,AP-457,count,0,2
2024-08-15,S1,Home,HO-680,sale,-6,0
2024-08-15,S1,Electronics,EL-745,count,0,-2
2024-08-15,S1,Home,HO-440,sale,-3,0
2024-08-15,S1,Electronics,EL-950,count,0,-1
2024-08-15,S1,Grocery,GR-189,sale,-2,0
2024-08-15,S1,Home,HO-103,count,0,-1
2024-08-15,S1,Electronics,EL-158,receipt,28,0
2024-08-15,S2,Electronics,EL-866,sale,-6,0
2024-08-15,S2,Home,HO-146,count,0,-1
2024-08-15,S2,Apparel,AP-849,sale,-5,0
2024-08-15,S2,Electronics,EL-589,sale,-1,0
2024-08-15,S2,Home,HO-125,sale,-3,0
2024-08-15,S2,Electronics,EL-782,return,1,0
2024-08-15,S2,Home,HO-670,sale,-1,0
2024-08-15,S2,Grocery,GR-717,return,2,0
2024-08-15,S2,Electronics,EL-291,sale,-1,0
2024-08-15,S2,Home,HO-209,sale,-2,0
2024-08-15,S2,Grocery,GR-516,sale,-4,0
2024-08-15,S2,Grocery,GR-519,sale,-3,0
2024-08-15,S2,Grocery,GR-592,sale,-5,0
2024-08-15,S2,Electronics,EL-180,sale,-6,0
2024-08-15,S2,Grocery,GR-989,return,2,0
2024-08-15,S3,Electronics,EL-967,receipt,22,0
2024-08-15,S3,Grocery,GR-586,sale,-1,0
2024-08-15,S3,Electronics,EL-558,return,2,0
2024-08-15,S3,Home,HO-275,receipt,15,0
2024-08-15,S3,Apparel,AP-412,sale,-1,0
2024-08-15,S3,Electronics,EL-146,sale,-4,0
2024-08-15,S3,Home,HO-668,sale,-1,0
2024-08-15,S3,Apparel,AP-766,sale,-4,0
2024-08-15,S3,Electronics,EL-189,sale,-4,0
2024-08-15,S3,Home,HO-630,sale,-3,0
2024-08-15,S3,Apparel,AP-673,sale,-6,0
2024-08-15,S3,Grocery,GR-199,count,0,-1
2024-08-15,S3,Electronics,EL-845,count,0,-2
2024-08-15,S3,Home,HO-434,sale,-5,0
2024-08-15,S3,Grocery,GR-128,receipt,53,0
2024-08-15,S3,Home,HO-168,sale,-2,0
2024-08-15,S4,Home,HO-138,receipt,29,0
2024-08-15,S4,Electronics,EL-640,sale,-1,0
2024-08-15,S4,Electronics,EL-338,count,0,-2
2024-08-15,S4,Grocery,GR-341,receipt,48,0
2024-08-15,S4,Home,HO-697,count,0,-1
2024-08-15,S4,Apparel,AP-518,sale,-6,0
2024-08-15,S4,Grocery,GR-288,count,0,-1
2024-08-15,S4,Grocery,GR-356,return,1,0
2024-08-15,S4,Apparel,AP-641,sale,-5,0
2024-08-15,S4,Home,HO-484,sale,-5,0
2024-08-15,S4,Home,HO-526,count,0,0
2024-08-15,S5,Apparel,AP-865,sale,-4,0
2024-08-15,S5,Apparel,AP-757,sale,-3,0
2024-08-15,S5,Electronics,EL-982,sale,-4,0
2024-08-15,S5,Electronics,EL-576,sale,-6,0
2024-08-15,S5,Electronics,EL-938,receipt,24,0
2024-08-15,S5,Grocery,GR-585,sale,-4,0
2024-08-15,S5,Grocery,GR-553,sale,-5,0
2024-08-15,S5,Home,HO-646,sale,-3,0
2024-08-15,S5,Home,HO-283,return,2,0
2024-08-15,S5,Home,HO-794,sale,-3,0
2024-08-15,S5,Electronics,EL-869,sale,-1,0
2024-08-15,S5,Grocery,GR-462,sale,-4,0
2024-08-15,S5,Home,HO-795,sale,-1,0
2024-08-15,S5,Grocery,GR-922,receipt,40,0
2024-08-15,S5,Home,HO-550,receipt,50,0
2024-08-15,S5,Grocery,GR-121,sale,-4,0
2024-08-16,S1,Home,HO-168,sale,-1,0
2024-08-16,S1,Grocery,GR-473,sale,-4,0
2024-08-16,S1,Home,HO-200,count,0,-2
2024-08-16,S1,Apparel,AP-979,sale,-6,0
2024-08-16,S1,Grocery,GR-228,count,0,1
2024-08-16,S1,Apparel,AP-697,receipt,15,0
2024-08-16,S1,Grocery,GR-580,receipt,54,0
2024-08-16,S1,Grocery,GR-409,count,0,2
2024-08-16,S1,Electronics,EL-110,receipt,20,0
2024-08-16,S1,Home,HO-373,sale,-1,0
2024-08-16,S1,Home,HO-192,count,0,0
2024-08-16,S1,Home,HO-640,sale,-4,0
2024-08-16,S2,Home,HO-712,return,3,0
2024-08-16,S2,Apparel,AP-722,count,0,1
2024-08-16,S2,Electronics,EL-269,sale,-1,0
2024-08-16,S2,Home,HO-350,sale,-4,0
2024-08-16,S2,Home,HO-124,sale,-4,0
2024-08-16,S2,Grocery,GR-344,sale,-5,0
2024-08-16,S2,Apparel,AP-707,receipt,44,0
2024-08-16,S2,Home,HO-684,count,0,-1
2024-08-16,S3,Apparel,AP-278,receipt,12,0
2024-08-16,S3,Grocery,GR-351,sale,-5,0
2024-08-16,S3,Apparel,AP-804,return,3,0
2024-08-16,S3,Home,HO-505,sale,-3,0
2024-08-16,S3,Grocery,GR-635,count,0,-2
2024-08-16,S3,Home,HO-289,return,3,0
2024-08-16,S3,Grocery,GR-347,receipt,54,0
2024-08-16,S3,Apparel,AP-606,sale,-4,0
2024-08-16,S3,Grocery,GR-592,sale,-2,0
2024-08-16,S3,Home,HO-301,return,3,0
2024-08-16,S3,Grocery,GR-939,sale,-3,0
2024-08-16,S4,Home,HO-381,sale,-3,0
2024-08-16,S4,Apparel,AP-517,sale,-2,0
2024-08-16,S4,Grocery,GR-500,sale,-6,0
2024-08-16,S4,Grocery,GR-867,sale,-1,0
2024-08-16,S4,Grocery,GR-154,count,0,2
2024-08-16,S4,Electronics,EL-492,sale,-5,0
2024-08-16,S4,Home,HO-229,return,3,0
2024-08-16,S4,Electronics,EL-567,sale,-1,0
2024-08-16,S4,Grocery,GR-378,count,0,-2
2024-08-16,S4,Grocery,GR-342,count,0,-2
2024-08-16,S4,Apparel,AP-917,sale,-4,0
2024-08-16,S4,Electronics,EL-426,return,2,0
2024-08-16,S4,Home,HO-736,sale,-5,0
2024-08-16,S4,Grocery,GR-264,receipt,23,0
2024-08-16,S5,Home,HO-497,return,1,0
2024-08-16,S5,Grocery,GR-714,return,2,0
2024-08-16,S5,Apparel,AP-542,sale,-1,0
2024-08-16,S5,Home,HO-624,count,0,-1
2024-08-16,S5,Apparel,AP-792,receipt,13,0
2024-08-16,S5,Electronics,EL-481,count,0,1
2024-08-16,S5,Apparel,AP-516,sale,-5,0
2024-08-16,S5,Home,HO-594,return,1,0
2024-08-16,S5,Electronics,EL-524,count,0,0
2024-08-16,S5,Grocery,GR-920,receipt,34,0
2024-08-16,S5,Apparel,AP-131,count,0,0
2024-08-16,S5,Home,HO-657,sale,-2,0
2024-08-16,S5,Apparel,AP-712,return,1,0
2024-08-16,S5,Home,HO-802,return,2,0
2024-08-17,S1,Electronics,EL-530,return,2,0
2024-08-17,S1,Electronics,EL-573,return,3,0
2024-08-17,S1,Electronics,EL-231,receipt,43,0
2024-08-17,S1,Home,HO-323,sale,-2,0
2024-08-17,S1,Electronics,EL-635,sale,-3,0
2024-08-17,S1,Grocery,GR-583,count,0,2
2024-08-17,S1,Electronics,EL-761,count,0,-2
2024-08-17,S1,Grocery,GR-561,sale,-3,0
2024-08-17,S1,Apparel,AP-745,sale,-6,0
2024-08-17,S1,Electronics,EL-322,return,3,0
2024-08-17,S1,Grocery,GR-657,return,2,0
2024-08-17,S1,Grocery,GR-310,count,0,1
2024-08-17,S1,Home,HO-284,return,1,0
2024-08-17,S1,Electronics,EL-933,receipt,15,0
2024-08-17,S1,Apparel,AP-758,sale,-2,0
2024-08-17,S2,Apparel,AP-168,return,1,0
2024-08-17,S2,Grocery,GR-463,sale,-5,0
2024-08-17,S2,Electronics,EL-160,sale,-4,0
2024-08-17,S2,Electronics,EL-757,sale,-3,0
2024-08-17,S2,Apparel,AP-262,sale,-1,0
2024-08-17,S2,Grocery,GR-641,sale,-5,0
2024-08-17,S2,Electronics,EL-410,sale,-2,0
2024-08-17,S2,Grocery,GR-326,receipt,41,0
2024-08-17,S2,Electronics,EL-874,sale,-6,0
2024-08-17,S2,Grocery,GR-179,count,0,2
2024-08-17,S2,Apparel,AP-279,count,0,2
2024-08-17,S2,Electronics,EL-235,sale,-5,0
2024-08-17,S2,Grocery,GR-668,count,0,-1
2024-08-17,S2,Apparel,AP-450,return,2,0
2024-08-17,S2,Grocery,GR-687,sale,-6,0
2024-08-17,S2,Home,HO-773,sale,-5,0
2024-08-17,S3,Electronics,EL-586,sale,-2,0
2024-08-17,S3,Home,HO-543,return,1,0
2024-08-17,S3,Home,HO-669,receipt,53,0
2024-08-17,S3,Home,HO-772,receipt,51,0
2024-08-17,S3,Electronics,EL-492,return,2,0
2024-08-17,S3,Apparel,AP-345,sale,-4,0
2024-08-17,S3,Apparel,AP-971,count,0,2
2024-08-17,S3,Electronics,EL-604,receipt,29,0
2024-08-17,S3,Apparel,AP-909,count,0,1
2024-08-17,S3,Grocery,GR-936,receipt,58,0
2024-08-17,S3,Apparel,AP-591,return,2,0
2024-08-17,S3,Electronics,EL-140,sale,-4,0
2024-08-17,S3,Apparel,AP-472,receipt,38,0
2024-08-17,S3,Grocery,GR-999,count,0,2
2024-08-17,S3,Grocery,GR-378,return,1,0
2024-08-17,S3,Apparel,AP-958,sale,-3,0
2024-08-17,S4,Electronics,EL-773,receipt,10,0
2024-08-17,S4,Grocery,GR-845,sale,-3,0
2024-08-17,S4,Apparel,AP-806,return,2,0
2024-08-17,S4,Home,HO-706,sale,-4,0
2024-08-17,S4,Home,HO-942,receipt,54,0
2024-08-17,S4,Home,HO-762,receipt,45,0
2024-08-17,S4,Home,HO-255,count,0,-1
2024-08-17,S4,Home,HO-593,sale,-4,0
2024-08-17,S4,Apparel,AP-247,count,0,1
2024-08-17,S4,Grocery,GR-404,sale,-2,0
2024-08-17,S4,Home,HO-638,return,2,0
2024-08-17,S5,Apparel,AP-770,sale,-2,0
2024-08-17,S5,Apparel,AP-822,count,0,2
2024-08-17,S5,Grocery,GR-731,sale,-6,0
2024-08-17,S5,Electronics,EL-442,receipt,49,0
2024-08-17,S5,Electronics,EL-709,return,1,0
2024-08-17,S5,Electronics,EL-601,sale,-2,0
2024-08-17,S5,Apparel,AP-897,sale,-5,0
2024-08-17,S5,Electronics,EL-200,count,0,0
2024-08-17,S5,Grocery,GR-567,count,0,1
2024-08-17,S5,Grocery,GR-942,sale,-1,0
2024-08-17,S5,Grocery,GR-128,receipt,15,0
2024-08-17,S5,Grocery,GR-640,return,1,0
2024-08-17,S5,Electronics,EL-531,sale,-2,0
2024-08-18,S1,Home,HO-247,receipt,59,0
2024-08-18,S1,Home,HO-352,sale,-6,0
2024-08-18,S1,Home,HO-371,receipt,56,0
2024-08-18,S1,Grocery,GR-389,sale,-6,0
2024-08-18,S1,Apparel,AP-535,sale,-1,0
2024-08-18,S1,Grocery,GR-450,return,1,0
2024-08-18,S1,Grocery,GR-502,sale,-4,0
2024-08-18,S1,Apparel,AP-535,sale,-4,0
2024-08-18,S1,Apparel,AP-270,receipt,57,0
2024-08-18,S1,Apparel,AP-318,count,0,2
2024-08-18,S1,Grocery,GR-256,sale,-2,0
2024-08-18,S2,Electronics,EL-857,receipt,25,0
2024-08-18,S2,Home,HO-534,count,0,-1
2024-08-18,S2,Electronics,EL-833,receipt,35,0
2024-08-18,S2,Grocery,GR-885,receipt,12,0
2024-08-18,S2,Electronics,EL-910,sale,-6,0
2024-08-18,S2,Grocery,GR-720,return,2,0
2024-08-18,S2,Grocery,GR-302,sale,-3,0
2024-08-18,S2,Home,HO-714,sale,-3,0
2024-08-18,S2,Home,HO-121,sale,-4,0
2024-08-18,S2,Electronics,EL-730,return,1,0
2024-08-18,S3,Grocery,GR-209,sale,-2,0
2024-08-18,S3,Home,HO-103,sale,-5,0
2024-08-18,S3,Grocery,GR-852,sale,-5,0
2024-08-18,S3,Electronics,EL-827,receipt,15,0
2024-08-18,S3,Apparel,AP-463,return,1,0
2024-08-18,S3,Apparel,AP-757,sale,-5,0
2024-08-18,S3,Home,HO-829,sale,-4,0
2024-08-18,S3,Apparel,AP-579,count,0,-2
2024-08-18,S3,Electronics,EL-293,receipt,42,0
2024-08-18,S3,Electronics,EL-991,sale,-6,0
2024-08-18,S3,Home,HO-511,return,2,0
2024-08-18,S3,Home,HO-376,return,1,0
2024-08-18,S4,Apparel,AP-950,count,0,2
2024-08-18,S4,Home,HO-936,sale,-6,0
2024-08-18,S4,Apparel,AP-441,sale,-3,0
2024-08-18,S4,Apparel,AP-937,sale,-1,0
2024-08-18,S4,Electronics,EL-673,return,1,0
2024-08-18,S4,Grocery,GR-312,sale,-3,0
2024-08-18,S4,Home,HO-597,sale,-2,0
2024-08-18,S4,Grocery,GR-268,sale,-5,0
2024-08-18,S4,Home,HO-884,sale,-2,0
2024-08-18,S5,Apparel,AP-136,sale,-1,0
2024-08-18,S5,Grocery,GR-424,sale,-2,0
2024-08-18,S5,Apparel,AP-262,count,0,-1
2024-08-18,S5,Apparel,AP-974,receipt,24,0
2024-08-18,S5,Electronics,EL-816,return,2,0
2024-08-18,S5,Grocery,GR-504,sale,-5,0
2024-08-18,S5,Apparel,AP-460,receipt,60,0
2024-08-18,S5,Electronics,EL-645,count,0,1
2024-08-18,S5,Electronics,EL-567,return,3,0
2024-08-19,S1,Grocery,GR-453,sale,-6,0
2024-08-19,S1,Home,HO-661,receipt,16,0
2024-08-19,S1,Apparel,AP-477,receipt,32,0
2024-08-19,S1,Electronics,EL-415,sale,-6,0
2024-08-19,S1,Home,HO-431,count,0,-2
2024-08-19,S1,Apparel,AP-221,return,1,0
2024-08-19,S1,Grocery,GR-362,sale,-5,0
2024-08-19,S1,Grocery,GR-978,sale,-1,0
2024-08-19,S1,Apparel,AP-160,count,0,1
2024-08-19,S2,Grocery,GR-596,return,3,0
2024-08-19,S2,Home,HO-744,return,3,0
2024-08-19,S2,Grocery,GR-771,receipt,41,0
2024-08-19,S2,Home,HO-189,receipt,47,0
2024-08-19,S2,Electronics,EL-478,receipt,13,0
2024-08-19,S2,Apparel,AP-670,count,0,2
2024-08-19,S2,Home,HO-199,sale,-3,0
2024-08-19,S2,Grocery,GR-670,return,3,0
2024-08-19,S2,Electronics,EL-182,count,0,1
2024-08-19,S2,Grocery,GR-210,receipt,56,0
2024-08-19,S2,Electronics,EL-231,sale,-2,0
2024-08-19,S2,Electronics,EL-549,return,3,0
2024-08-19,S3,Home,HO-784,sale,-4,0
2024-08-19,S3,Apparel,AP-961,receipt,36,0
2024-08-19,S3,Apparel,AP-375,sale,-6,0
2024-08-19,S3,Electronics,EL-356,sale,-4,0
2024-08-19,S3,Electronics,EL-684,return,3,0
2024-08-19,S3,Apparel,AP-138,sale,-2,0
2024-08-19,S3,Electronics,EL-438,sale,-1,0
2024-08-19,S3,Electronics,EL-207,return,2,0
2024-08-19,S3,Apparel,AP-900,sale,-2,0
2024-08-19,S3,Home,HO-972,return,2,0
2024-08-19,S3,Electronics,EL-700,sale,-5,0
2024-08-19,S3,Electronics,EL-675,receipt,11,0
2024-08-19,S3,Grocery,GR-615,sale,-2,0
2024-08-19,S3,Grocery,GR-885,sale,-3,0
2024-08-19,S4,Home,HO-914,sale,-2,0
2024-08-19,S4,Grocery,GR-928,sale,-2,0
2024-08-19,S4,Grocery,GR-381,sale,-3,0
2024-08-19,S4,Home,HO-519,sale,-3,0
2024-08-19,S4,Apparel,AP-336,sale,-6,0
2024-08-19,S4,Apparel,AP-822,receipt,35,0
2024-08-19,S4,Electronics,EL-936,sale,-1,0
2024-08-19,S4,Home,HO-906,sale,-1,0
2024-08-19,S4,Home,HO-765,count,0,-2
2024-08-19,S4,Grocery,GR-292,receipt,13,0
2024-08-19,S4,Apparel,AP-395,count,0,2
2024-08-19,S5,Grocery,GR-264,count,0,2
2024-08-19,S5,Grocery,GR-330,sale,-2,0
2024-08-19,S5,Apparel,AP-610,count,0,0
2024-08-19,S5,Apparel,AP-482,sale,-6,0
2024-08-19,S5,Home,HO-708,receipt,58,0
2024-08-19,S5,Apparel,AP-215,count,0,-1
2024-08-19,S5,Electronics,EL-698,sale,-1,0
2024-08-19,S5,Electronics,EL-160,receipt,49,0
2024-08-20,S1,Apparel,AP-882,sale,-5,0
2024-08-20,S1,Grocery,GR-593,count,0,0
2024-08-20,S1,Apparel,AP-486,sale,-6,0
2024-08-20,S1,Grocery,GR-482,receipt,51,0
2024-08-20,S1,Electronics,EL-420,sale,-2,0
2024-08-20,S1,Grocery,GR-643,return,2,0
2024-08-20,S1,Electronics,EL-928,sale,-6,0
2024-08-20,S1,Grocery,GR-668,sale,-2,0
2024-08-20,S1,Electronics,EL-703,sale,-5,0
2024-08-20,S1,Home,HO-228,receipt,22,0
2024-08-20,S1,Electronics,EL-446,sale,-5,0
2024-08-20,S1,Electronics,EL-743,return,1,0
2024-08-20,S1,Home,HO-393,sale,-2,0
2024-08-20,S1,Apparel,AP-130,sale,-2,0
2024-08-20,S1,Grocery,GR-835,receipt,52,0
2024-08-20,S1,Electronics,EL-435,sale,-1,0
2024-08-20,S2,Apparel,AP-453,sale,-1,0
2024-08-20,S2,Home,HO-120,count,0,-1
2024-08-20,S2,Apparel,AP-873,sale,-4,0
2024-08-20,S2,Home,HO-564,sale,-2,0
2024-08-20,S2,Electronics,EL-962,sale,-3,0
2024-08-20,S2,Electronics,EL-740,sale,-6,0
2024-08-20,S2,Home,HO-208,receipt,14,0
2024-08-20,S2,Apparel,AP-367,return,1,0
2024-08-20,S2,Apparel,AP-680,return,2,0
2024-08-20,S3,Grocery,GR-991,count,0,-2
2024-08-20,S3,Home,HO-888,sale,-4,0
2024-08-20,S3,Electronics,EL-524,sale,-5,0
2024-08-20,S3,Grocery,GR-206,sale,-2,0
2024-08-20,S3,Home,HO-322,sale,-1,0
2024-08-20,S3,Apparel,AP-881,sale,-6,0
2024-08-20,S3,Electronics,EL-222,return,1,0
2024-08-20,S3,Apparel,AP-616,sale,-1,0
2024-08-20,S3,Apparel,AP-791,sale,-2,0
2024-08-20,S3,Home,HO-675,return,3,0
2024-08-20,S3,Electronics,EL-623,sale,-6,0
2024-08-20,S3,Grocery,GR-173,return,3,0
2024-08-20,S3,Electronics,EL-378,count,0,-5
2024-08-20,S3,Apparel,AP-587,sale,-6,0
2024-08-20,S3,Grocery,GR-505,sale,-2,0
2024-08-20,S4,Home,HO-262,return,3,0
2024-08-20,S4,Home,HO-178,sale,-2,0
2024-08-20,S4,Apparel,AP-767,sale,-1,0
2024-08-20,S4,Apparel,AP-507,receipt,40,0
2024-08-20,S4,Electronics,EL-581,count,0,-1
2024-08-20,S4,Home,HO-781,count,0,-2
2024-08-20,S4,Home,HO-374,receipt,19,0
2024-08-20,S4,Grocery,GR-722,sale,-4,0
2024-08-20,S4,Home,HO-401,sale,-2,0
2024-08-20,S4,Home,HO-772,sale,-4,0
2024-08-20,S4,Apparel,AP-589,return,3,0
2024-08-20,S4,Home,HO-748,return,1,0
2024-08-20,S4,Home,HO-914,count,0,-1
2024-08-20,S5,Apparel,AP-989,receipt,37,0
2024-08-20,S5,Home,HO-494,return,1,0
2024-08-20,S5,Home,HO-785,count,0,-1
2024-08-20,S5,Apparel,AP-812,count,0,2
2024-08-20,S5,Apparel,AP-475,receipt,19,0
2024-08-20,S5,Electronics,EL-968,sale,-6,0
2024-08-20,S5,Home,HO-760,sale,-2,0
2024-08-20,S5,Home,HO-822,count,0,1
2024-08-20,S5,Electronics,EL-568,receipt,40,0
2024-08-20,S5,Electronics,EL-370,receipt,56,0
2024-08-20,S5,Apparel,AP-659,sale,-6,0
2024-08-20,S5,Home,HO-444,count,0,2
2024-08-21,S1,Home,HO-617,count,0,2
2024-08-21,S1,Electronics,EL-405,return,3,0
2024-08-21,S1,Apparel,AP-218,sale,-5,0
2024-08-21,S1,Grocery,GR-761,return,3,0
2024-08-21,S1,Home,HO-233,return,2,0
2024-08-21,S1,Apparel,AP-295,sale,-4,0
2024-08-21,S1,Home,HO-148,sale,-4,0
2024-08-21,S1,Home,HO-150,return,3,0
2024-08-21,S1,Apparel,AP-654,receipt,11,0
2024-08-21,S1,Home,HO-854,sale,-1,0
2024-08-21,S1,Electronics,EL-863,sale,-4,0
2024-08-21,S1,Apparel,AP-569,count,0,2
2024-08-21,S1,Apparel,AP-740,count,0,0
2024-08-21,S1,Apparel,AP-370,sale,-4,0
2024-08-21,S1,Home,HO-686,sale,-4,0
2024-08-21,S2,Electronics,EL-888,receipt,25,0
2024-08-21,S2,Grocery,GR-324,sale,-6,0
2024-08-21,S2,Grocery,GR-418,return,1,0
2024-08-21,S2,Electronics,EL-202,return,3,0
2024-08-21,S2,Grocery,GR-518,count,0,1
2024-08-21,S2,Grocery,GR-119,sale,-3,0
2024-08-21,S2,Apparel,AP-179,sale,-4,0
2024-08-21,S2,Grocery,GR-593,receipt,34,0
2024-08-21,S2,Electronics,EL-437,count,0,0
2024-08-21,S2,Home,HO-825,count,0,-1
2024-08-21,S2,Apparel,AP-478,receipt,44,0
2024-08-21,S2,Electronics,EL-686,receipt,55,0
2024-08-21,S2,Electronics,EL-550,count,0,1
2024-08-21,S2,Electronics,EL-505,count,0,1
2024-08-21,S3,Apparel,AP-909,sale,-6,0
2024-08-21,S3,Home,HO-282,receipt,30,0
2024-08-21,S3,Grocery,GR-151,sale,-1,0
2024-08-21,S3,Home,HO-649,sale,-3,0
2024-08-21,S3,Grocery,GR-199,count,0,-2
2024-08-21,S3,Apparel,AP-784,count,0,1
2024-08-21,S3,Apparel,AP-338,sale,-4,0
2024-08-21,S3,Home,HO-318,count,0,1
2024-08-21,S3,Home,HO-980,sale,-5,0
2024-08-21,S3,Grocery,GR-287,count,0,-2
2024-08-21,S3,Grocery,GR-910,sale,-3,0
2024-08-21,S3,Apparel,AP-296,sale,-3,0
2024-08-21,S3,Electronics,EL-223,sale,-2,0
2024-08-21,S3,Electronics,EL-468,sale,-1,0
2024-08-21,S3,Grocery,GR-841,count,0,2
2024-08-21,S3,Home,HO-979,count,0,1
2024-08-21,S4,Apparel,AP-186,receipt,10,0
2024-08-21,S4,Grocery,GR-788,receipt,59,0
2024-08-21,S4,Home,HO-504,sale,-6,0
2024-08-21,S4,Home,HO-103,sale,-3,0
2024-08-21,S4,Home,HO-589,sale,-1,0
2024-08-21,S4,Grocery,GR-553,sale,-4,0
2024-08-21,S4,Electronics,EL-310,sale,-1,0
2024-08-21,S4,Electronics,EL-817,receipt,56,0
2024-08-21,S4,Apparel,AP-851,sale,-3,0
2024-08-21,S4,Apparel,AP-691,count,0,-2
2024-08-21,S4,Apparel,AP-948,sale,-6,0
2024-08-21,S4,Home,HO-720,return,1,0
2024-08-21,S4,Electronics,EL-375,sale,-3,0
2024-08-21,S4,Grocery,GR-990,sale,-3,0
2024-08-21,S4,Home,HO-791,sale,-1,0
2024-08-21,S4,Grocery,GR-880,return,1,0
2024-08-21,S5,Electronics,EL-195,count,0,-1
2024-08-21,S5,Home,HO-866,sale,-4,0
2024-08-21,S5,Electronics,EL-885,sale,-6,0
2024-08-21,S5,Apparel,AP-737,sale,-3,0
2024-08-21,S5,Grocery,GR-415,sale,-1,0
2024-08-21,S5,Electronics,EL-204,sale,-1,0
2024-08-21,S5,Grocery,GR-457,return,2,0
2024-08-21,S5,Electronics,EL-652,sale,-3,0
2024-08-21,S5,Home,HO-943,sale,-1,0
2024-08-21,S5,Home,HO-662,sale,-3,0
2024-08-21,S5,Grocery,GR-139,sale,-2,0
2024-08-21,S5,Apparel,AP-727,sale,-5,0
2024-08-22,S1,Apparel,AP-196,sale,-6,0
2024-08-22,S1,Grocery,GR-858,sale,-4,0
2024-08-22,S1,Home,HO-945,sale,-2,0
2024-08-22,S1,Home,HO-363,receipt,10,0
2024-08-22,S1,Apparel,AP-175,receipt,31,0
2024-08-22,S1,Apparel,AP-755,return,2,0
2024-08-22,S1,Electronics,EL-410,count,0,-1
2024-08-22,S1,Home,HO-120,sale,-6,0
2024-08-22,S1,Electronics,EL-447,count,0,-2
2024-08-22,S1,Electronics,EL-306,return,2,0
2024-08-22,S1,Home,HO-324,count,0,1
2024-08-22,S1,Electronics,EL-206,receipt,10,0
2024-08-22,S1,Home,HO-490,receipt,39,0
2024-08-22,S1,Home,HO-366,count,0,-2
2024-08-22,S2,Grocery,GR-285,count,0,0
2024-08-22,S2,Apparel,AP-381,return,3,0
2024-08-22,S2,Electronics,EL-788,count,0,0
2024-08-22,S2,Home,HO-658,receipt,46,0
2024-08-22,S2,Apparel,AP-705,sale,-2,0
2024-08-22,S2,Grocery,GR-124,sale,-2,0
2024-08-22,S2,Electronics,EL-194,sale,-1,0
2024-08-22,S2,Grocery,GR-100,sale,-4,0
2024-08-22,S2,Grocery,GR-476,return,3,0
2024-08-22,S2,Grocery,GR-651,sale,-2,0
2024-08-22,S3,Home,HO-218,count,0,-2
2024-08-22,S3,Apparel,AP-673,sale,-6,0
2024-08-22,S3,Grocery,GR-176,sale,-6,0
2024-08-22,S3,Apparel,AP-331,return,1,0
2024-08-22,S3,Home,HO-593,sale,-3,0
2024-08-22,S3,Apparel,AP-397,sale,-1,0
2024-08-22,S3,Apparel,AP-398,return,1,0
2024-08-22,S3,Grocery,GR-907,count,0,2
2024-08-22,S3,Grocery,GR-355,receipt,29,0
2024-08-22,S3,Home,HO-447,sale,-6,0
2024-08-22,S3,Electronics,EL-560,sale,-4,0
2024-08-22,S4,Apparel,AP-815,receipt,16,0
2024-08-22,S4,Home,HO-239,return,2,0
2024-08-22,S4,Grocery,GR-819,count,0,2
2024-08-22,S4,Grocery,GR-344,count,0,-1
2024-08-22,S4,Apparel,AP-658,sale,-4,0
2024-08-22,S4,Electronics,EL-329,return,1,0
2024-08-22,S4,Apparel,AP-493,receipt,46,0
2024-08-22,S4,Electronics,EL-738,sale,-6,0
2024-08-22,S4,Electronics,EL-871,sale,-4,0
2024-08-22,S4,Electronics,EL-308,receipt,38,0
2024-08-22,S4,Electronics,EL-548,sale,-4,0
2024-08-22,S5,Apparel,AP-281,return,1,0
2024-08-22,S5,Home,HO-915,receipt,29,0
2024-08-22,S5,Electronics,EL-619,count,0,-2
2024-08-22,S5,Electronics,EL-967,sale,-2,0
2024-08-22,S5,Grocery,GR-891,receipt,29,0
2024-08-22,S5,Electronics,EL-710,count,0,-1
2024-08-22,S5,Apparel,AP-111,sale,-1,0
2024-08-22,S5,Electronics,EL-858,receipt,22,0
2024-08-22,S5,Grocery,GR-995,sale,-2,0
2024-08-22,S5,Home,HO-803,count,0,-1
2024-08-22,S5,Home,HO-489,sale,-3,0
2024-08-22,S5,Home,HO-433,sale,-5,0
2024-08-22,S5,Electronics,EL-624,sale,-3,0
2024-08-22,S5,Grocery,GR-654,sale,-1,0
2024-08-22,S5,Electronics,EL-957,sale,-1,0
2024-08-23,S1,Grocery,GR-836,return,3,0
2024-08-23,S1,Electronics,EL-504,receipt,34,0
2024-08-23,S1,Electronics,EL-991,count,0,-2
2024-08-23,S1,Home,HO-417,receipt,24,0
2024-08-23,S1,Grocery,GR-413,receipt,20,0
2024-08-23,S1,Home,HO-220,receipt,55,0
2024-08-23,S1,Home,HO-839,sale,-4,0
2024-08-23,S1,Home,HO-278,sale,-2,0
2024-08-23,S2,Electronics,EL-788,sale,-5,0
2024-08-23,S2,Apparel,AP-599,count,0,0
2024-08-23,S2,Electronics,EL-354,sale,-3,0
2024-08-23,S2,Electronics,EL-432,sale,-4,0
2024-08-23,S2,Apparel,AP-901,count,0,-1
2024-08-23,S2,Apparel,AP-808,sale,-2,0
2024-08-23,S2,Grocery,GR-820,sale,-1,0
2024-08-23,S2,Grocery,GR-563,return,2,0
2024-08-23,S2,Electronics,EL-236,count,0,2
2024-08-23,S2,Apparel,AP-106,return,3,0
2024-08-23,S2,Electronics,EL-701,sale,-5,0
2024-08-23,S2,Apparel,AP-466,return,1,0
2024-08-23,S3,Grocery,GR-100,sale,-3,0
2024-08-23,S3,Home,HO-843,count,0,0
2024-08-23,S3,Home,HO-255,sale,-3,0
2024-08-23,S3,Apparel,AP-358,count,0,-2
2024-08-23,S3,Grocery,GR-701,return,3,0
2024-08-23,S3,Apparel,AP-661,receipt,23,0
2024-08-23,S3,Home,HO-202,sale,-3,0
2024-08-23,S3,Electronics,EL-971,receipt,53,0
2024-08-23,S3,Grocery,GR-825,sale,-1,0
2024-08-23,S3,Electronics,EL-243,count,0,-3
2024-08-23,S3,Electronics,EL-303,sale,-1,0
2024-08-23,S3,Apparel,AP-527,sale,-2,0
2024-08-23,S3,Grocery,GR-110,sale,-6,0
2024-08-23,S4,Grocery,GR-770,sale,-4,0
2024-08-23,S4,Home,HO-369,sale,-3,0
2024-08-23,S4,Apparel,AP-691,count,0,-2
2024-08-23,S4,Apparel,AP-947,sale,-6,0
2024-08-23,S4,Home,HO-317,count,0,2
2024-08-23,S4,Electronics,EL-311,count,0,2
2024-08-23,S4,Grocery,GR-671,receipt,46,0
2024-08-23,S4,Electronics,EL-919,sale,-3,0
2024-08-23,S4,Home,HO-969,count,0,1
2024-08-23,S4,Apparel,AP-790,count,0,-2
2024-08-23,S4,Home,HO-173,sale,-6,0
2024-08-23,S4,Electronics,EL-827,sale,-5,0
2024-08-23,S4,Electronics,EL-632,sale,-5,0
2024-08-23,S4,Apparel,AP-712,sale,-4,0
2024-08-23,S4,Apparel,AP-297,sale,-2,0
2024-08-23,S5,Home,HO-756,count,0,0
2024-08-23,S5,Electronics,EL-489,sale,-3,0
2024-08-23,S5,Apparel,AP-480,count,0,1
2024-08-23,S5,Apparel,AP-365,count,0,1
2024-08-23,S5,Electronics,EL-808,receipt,43,0
2024-08-23,S5,Home,HO-833,sale,-6,0
2024-08-23,S5,Home,HO-315,sale,-3,0
2024-08-23,S5,Apparel,AP-114,sale,-3,0
2024-08-23,S5,Apparel,AP-645,count,0,1
2024-08-24,S1,Home,HO-430,receipt,50,0
2024-08-24,S1,Home,HO-925,receipt,26,0
2024-08-24,S1,Apparel,AP-611,count,0,2
2024-08-24,S1,Home,HO-426,sale,-4,0
2024-08-24,S1,Grocery,GR-127,return,3,0
2024-08-24,S1,Home,HO-670,sale,-1,0
2024-08-24,S1,Electronics,EL-303,sale,-4,0
2024-08-24,S1,Electronics,EL-188,sale,-4,0
2024-08-24,S1,Home,HO-496,return,2,0
2024-08-24,S1,Home,HO-562,sale,-1,0
2024-08-24,S1,Electronics,EL-669,count,0,0
2024-08-24,S1,Apparel,AP-602,count,0,-2
2024-08-24,S1,Apparel,AP-210,receipt,49,0
2024-08-24,S2,Electronics,EL-171,sale,-1,0
2024-08-24,S2,Home,HO-805,return,1,0
2024-08-24,S2,Grocery,GR-911,receipt,43,0
2024-08-24,S2,Apparel,AP-731,receipt,53,0
2024-08-24,S2,Grocery,GR-812,return,3,0
2024-08-24,S2,Grocery,GR-397,sale,-1,0
2024-08-24,S2,Apparel,AP-186,sale,-2,0
2024-08-24,S2,Apparel,AP-268,count,0,0
2024-08-24,S3,Grocery,GR-265,count,0,-1
2024-08-24,S3,Electronics,EL-250,count,0,-3
2024-08-24,S3,Electronics,EL-680,receipt,29,0
2024-08-24,S3,Apparel,AP-154,sale,-1,0
2024-08-24,S3,Electronics,EL-107,sale,-4,0
2024-08-24,S3,Grocery,GR-615,return,1,0
2024-08-24,S3,Apparel,AP-674,receipt,42,0
2024-08-24,S3,Grocery,GR-504,sale,-1,0
2024-08-24,S3,Apparel,AP-125,count,0,2
2024-08-24,S3,Apparel,AP-439,sale,-1,0
2024-08-24,S4,Apparel,AP-774,receipt,39,0
2024-08-24,S4,Apparel,AP-810,count,0,-2
2024-08-24,S4,Electronics,EL-639,count,0,0
2024-08-24,S4,Home,HO-972,count,0,-2
2024-08-24,S4,Grocery,GR-801,return,1,0
2024-08-24,S4,Grocery,GR-817,sale,-6,0
2024-08-24,S4,Home,HO-995,return,2,0
2024-08-24,S4,Electronics,EL-955,sale,-5,0
2024-08-24,S4,Home,HO-251,return,1,0
2024-08-24,S5,Home,HO-210,sale,-3,0
2024-08-24,S5,Home,HO-523,receipt,25,0
2024-08-24,S5,Electronics,EL-838,sale,-6,0
2024-08-24,S5,Apparel,AP-250,sale,-1,0
2024-08-24,S5,Electronics,EL-677,receipt,38,0
2024-08-24,S5,Apparel,AP-487,return,3,0
2024-08-24,S5,Grocery,GR-548,sale,-3,0
2024-08-24,S5,Home,HO-896,return,3,0
2024-08-24,S5,Apparel,AP-626,receipt,25,0
2024-08-24,S5,Electronics,EL-355,sale,-3,0
2024-08-25,S1,Home,HO-573,receipt,33,0
2024-08-25,S1,Apparel,AP-349,receipt,41,0
2024-08-25,S1,Grocery,GR-648,receipt,45,0
2024-08-25,S1,Electronics,EL-990,sale,-5,0
2024-08-25,S1,Apparel,AP-578,sale,-1,0
2024-08-25,S1,Grocery,GR-242,sale,-6,0
2024-08-25,S1,Grocery,GR-553,count,0,-1
2024-08-25,S1,Home,HO-136,return,3,0
2024-08-25,S1,Grocery,GR-188,receipt,35,0
2024-08-25,S1,Grocery,GR-791,sale,-1,0
2024-08-25,S1,Grocery,GR-869,receipt,56,0
2024-08-25,S1,Electronics,EL-425,count,0,-2
2024-08-25,S1,Grocery,GR-275,sale,-3,0
2024-08-25,S1,Home,HO-141,count,0,-2
2024-08-25,S1,Electronics,EL-685,return,3,0
2024-08-25,S1,Grocery,GR-899,return,1,0
2024-08-25,S2,Apparel,AP-923,receipt,30,0
2024-08-25,S2,Home,HO-814,count,0,1
2024-08-25,S2,Home,HO-850,sale,-1,0
2024-08-25,S2,Apparel,AP-751,count,0,0
2024-08-25,S2,Grocery,GR-164,sale,-2,0
2024-08-25,S2,Grocery,GR-133,return,3,0
2024-08-25,S2,Grocery,GR-567,sale,-2,0
2024-08-25,S2,Electronics,EL-817,sale,-3,0
2024-08-25,S2,Apparel,AP-792,return,2,0
2024-08-25,S2,Electronics,EL-260,receipt,29,0
2024-08-25,S2,Home,HO-510,count,0,0
2024-08-25,S2,Grocery,GR-186,count,0,0
2024-08-25,S2,Home,HO-701,sale,-2,0
2024-08-25,S2,Electronics,EL-906,receipt,47,0
2024-08-25,S3,Electronics,EL-363,sale,-3,0
2024-08-25,S3,Apparel,AP-581,sale,-1,0
2024-08-25,S3,Grocery,GR-681,sale,-1,0
2024-08-25,S3,Home,HO-134,count,0,-1
2024-08-25,S3,Apparel,AP-570,sale,-3,0
2024-08-25,S3,Apparel,AP-950,count,0,1
2024-08-25,S3,Electronics,EL-357,count,0,-4
2024-08-25,S3,Apparel,AP-489,return,3,0
2024-08-25,S4,Grocery,GR-603,return,1,0
2024-08-25,S4,Home,HO-891,sale,-2,0
2024-08-25,S4,Apparel,AP-811,receipt,30,0
2024-08-25,S4,Home,HO-240,return,3,0
2024-08-25,S4,Home,HO-789,count,0,-1
2024-08-25,S4,Grocery,GR-503,count,0,2
2024-08-25,S4,Apparel,AP-870,sale,-3,0
2024-08-25,S4,Apparel,AP-223,sale,-5,0
2024-08-25,S4,Home,HO-938,count,0,-2
2024-08-25,S4,Apparel,AP-470,receipt,15,0
2024-08-25,S4,Electronics,EL-376,sale,-5,0
2024-08-25,S4,Grocery,GR-209,sale,-5,0
2024-08-25,S5,Electronics,EL-888,count,0,-2
2024-08-25,S5,Electronics,EL-776,return,3,0
2024-08-25,S5,Electronics,EL-775,return,1,0
2024-08-25,S5,Electronics,EL-257,sale,-6,0
2024-08-25,S5,Electronics,EL-601,sale,-5,0
2024-08-25,S5,Grocery,GR-255,return,3,0
2024-08-25,S5,Grocery,GR-145,receipt,60,0
2024-08-25,S5,Apparel,AP-189,sale,-4,0
2024-08-25,S5,Grocery,GR-331,sale,-6,0
2024-08-25,S5,Home,HO-815,count,0,0
2024-08-25,S5,Grocery,GR-248,sale,-5,0
2024-08-25,S5,Home,HO-144,return,3,0
2024-08-25,S5,Apparel,AP-526,sale,-5,0
2024-08-26,S1,Grocery,GR-879,return,1,0
2024-08-26,S1,Home,HO-179,sale,-3,0
2024-08-26,S1,Apparel,AP-411,sale,-3,0
2024-08-26,S1,Home,HO-596,sale,-4,0
2024-08-26,S1,Apparel,AP-537,return,1,0
2024-08-26,S1,Electronics,EL-107,count,0,-2
2024-08-26,S1,Home,HO-855,count,0,0
2024-08-26,S1,Home,HO-551,receipt,11,0
2024-08-26,S1,Electronics,EL-314,receipt,45,0
2024-08-26,S1,Home,HO-997,sale,-2,0
2024-08-26,S1,Grocery,GR-812,receipt,32,0
2024-08-26,S1,Electronics,EL-135,return,1,0
2024-08-26,S1,Apparel,AP-719,sale,-5,0
2024-08-26,S1,Home,HO-291,count,0,0
2024-08-26,S2,Apparel,AP-926,sale,-5,0
2024-08-26,S2,Electronics,EL-564,sale,-3,0
2024-08-26,S2,Home,HO-878,sale,-2,0
2024-08-26,S2,Home,HO-117,sale,-6,0
2024-08-26,S2,Apparel,AP-812,sale,-2,0
2024-08-26,S2,Home,HO-606,receipt,31,0
2024-08-26,S2,Grocery,GR-137,receipt,50,0
2024-08-26,S2,Apparel,AP-980,return,2,0
2024-08-26,S2,Apparel,AP-200,sale,-6,0
2024-08-26,S3,Home,HO-638,sale,-6,0
2024-08-26,S3,Apparel,AP-249,count,0,0
2024-08-26,S3,Home,HO-578,return,3,0
2024-08-26,S3,Grocery,GR-607,sale,-2,0
2024-08-26,S3,Electronics,EL-771,sale,-1,0
2024-08-26,S3,Apparel,AP-391,sale,-4,0
2024-08-26,S3,Electronics,EL-174,sale,-6,0
2024-08-26,S3,Apparel,AP-284,sale,-5,0
2024-08-26,S3,Home,HO-931,sale,-3,0
2024-08-26,S3,Apparel,AP-908,sale,-4,0
2024-08-26,S3,Home,HO-594,sale,-1,0
2024-08-26,S3,Home,HO-802,sale,-6,0
2024-08-26,S3,Apparel,AP-820,sale,-3,0
2024-08-26,S3,Electronics,EL-544,count,0,-6
2024-08-26,S3,Grocery,GR-123,sale,-1,0
2024-08-26,S4,Grocery,GR-367,return,3,0
2024-08-26,S4,Home,HO-545,receipt,23,0
2024-08-26,S4,Apparel,AP-217,sale,-5,0
2024-08-26,S4,Apparel,AP-152,count,0,-1
2024-08-26,S4,Home,HO-689,return,2,0
2024-08-26,S4,Home,HO-642,sale,-3,0
2024-08-26,S4,Grocery,GR-140,count,0,-1
2024-08-26,S4,Apparel,AP-495,return,3,0
2024-08-26,S4,Grocery,GR-726,sale,-2,0
2024-08-26,S4,Electronics,EL-474,receipt,40,0
2024-08-26,S4,Home,HO-383,return,3,0
2024-08-26,S4,Home,HO-247,sale,-5,0
2024-08-26,S4,Grocery,GR-835,return,1,0
2024-08-26,S4,Home,HO-240,sale,-2,0
2024-08-26,S5,Apparel,AP-693,return,1,0
2024-08-26,S5,Apparel,AP-403,receipt,39,0
2024-08-26,S5,Grocery,GR-350,sale,-2,0
2024-08-26,S5,Grocery,GR-697,return,3,0
2024-08-26,S5,Electronics,EL-782,sale,-4,0
2024-08-26,S5,Home,HO-956,sale,-6,0
2024-08-26,S5,Grocery,GR-647,sale,-6,0
2024-08-26,S5,Home,HO-538,return,3,0
2024-08-26,S5,Electronics,EL-772,sale,-3,0
2024-08-26,S5,Grocery,GR-828,sale,-5,0
2024-08-26,S5,Apparel,AP-622,receipt,27,0
2024-08-27,S1,Grocery,GR-539,sale,-5,0
2024-08-27,S1,Home,HO-741,return,2,0
2024-08-27,S1,Home,HO-723,return,2,0
2024-08-27,S1,Home,HO-362,sale,-5,0
2024-08-27,S1,Electronics,EL-409,receipt,58,0
2024-08-27,S1,Apparel,AP-268,return,1,0
2024-08-27,S1,Electronics,EL-466,sale,-4,0
2024-08-27,S1,Apparel,AP-541,count,0,2
2024-08-27,S1,Home,HO-411,sale,-1,0
2024-08-27,S1,Grocery,GR-897,return,3,0
2024-08-27,S1,Electronics,EL-223,sale,-4,0
2024-08-27,S2,Apparel,AP-100,receipt,38,0
2024-08-27,S2,Apparel,AP-747,count,0,0
2024-08-27,S2,Grocery,GR-406,sale,-3,0
2024-08-27,S2,Apparel,AP-847,count,0,2
2024-08-27,S2,Grocery,GR-690,sale,-5,0
2024-08-27,S2,Grocery,GR-269,count,0,2
2024-08-27,S2,Electronics,EL-647,receipt,51,0
2024-08-27,S2,Electronics,EL-279,sale,-6,0
2024-08-27,S2,Home,HO-261,receipt,21,0
2024-08-27,S3,Apparel,AP-192,receipt,32,0
2024-08-27,S3,Electronics,EL-815,sale,-6,0
2024-08-27,S3,Grocery,GR-476,sale,-2,0
2024-08-27,S3,Electronics,EL-417,sale,-1,0
2024-08-27,S3,Home,HO-843,return,3,0
2024-08-27,S3,Grocery,GR-473,return,1,0
2024-08-27,S3,Grocery,GR-793,sale,-6,0
2024-08-27,S3,Electronics,EL-451,sale,-4,0
2024-08-27,S3,Electronics,EL-335,count,0,-4
2024-08-27,S3,Home,HO-522,sale,-3,0
2024-08-27,S3,Grocery,GR-776,count,0,2
2024-08-27,S3,Home,HO-626,receipt,21,0
2024-08-27,S3,Home,HO-589,receipt,50,0
2024-08-27,S3,Home,HO-780,count,0,-2
2024-08-27,S3,Home,HO-810,sale,-6,0
2024-08-27,S3,Electronics,EL-764,return,3,0
2024-08-27,S4,Home,HO-642,receipt,36,0
2024-08-27,S4,Apparel,AP-248,sale,-4,0
2024-08-27,S4,Electronics,EL-922,count,0,2
2024-08-27,S4,Grocery,GR-317,sale,-2,0
2024-08-27,S4,Grocery,GR-432,return,2,0
2024-08-27,S4,Home,HO-424,sale,-2,0
2024-08-27,S4,Apparel,AP-868,sale,-1,0
2024-08-27,S4,Electronics,EL-529,sale,-6,0
2024-08-27,S4,Home,HO-228,sale,-2,0
2024-08-27,S4,Electronics,EL-701,sale,-2,0
2024-08-27,S4,Electronics,EL-498,sale,-3,0
2024-08-27,S4,Home,HO-170,sale,-4,0
2024-08-27,S4,Electronics,EL-324,count,0,2
2024-08-27,S4,Electronics,EL-267,return,3,0
2024-08-27,S5,Grocery,GR-828,sale,-4,0
2024-08-27,S5,Apparel,AP-373,return,2,0
2024-08-27,S5,Grocery,GR-914,sale,-1,0
2024-08-27,S5,Home,HO-794,return,3,0
2024-08-27,S5,Electronics,EL-388,count,0,1
2024-08-27,S5,Electronics,EL-412,count,0,1
2024-08-27,S5,Electronics,EL-361,sale,-4,0
2024-08-27,S5,Electronics,EL-547,receipt,35,0
2024-08-27,S5,Home,HO-691,sale,-3,0
2024-08-27,S5,Apparel,AP-798,sale,-3,0
2024-08-27,S5,Electronics,EL-408,sale,-6,0
2024-08-27,S5,Grocery,GR-617,count,0,1
2024-08-27,S5,Home,HO-892,sale,-6,0
2024-08-27,S5,Grocery,GR-942,sale,-5,0
2024-08-27,S5,Home,HO-110,sale,-1,0
2024-08-28,S1,Home,HO-862,sale,-3,0
2024-08-28,S1,Grocery,GR-629,receipt,27,0
2024-08-28,S1,Electronics,EL-843,receipt,15,0
2024-08-28,S1,Apparel,AP-878,receipt,13,0
2024-08-28,S1,Electronics,EL-803,sale,-3,0
2024-08-28,S1,Grocery,GR-983,sale,-5,0
2024-08-28,S1,Apparel,AP-815,sale,-4,0
2024-08-28,S1,Home,HO-525,sale,-2,0
2024-08-28,S1,Grocery,GR-231,return,1,0
2024-08-28,S1,Apparel,AP-620,sale,-2,0
2024-08-28,S1,Grocery,GR-806,sale,-5,0
2024-08-28,S1,Electronics,EL-878,sale,-1,0
2024-08-28,S2,Electronics,EL-719,count,0,0
2024-08-28,S2,Electronics,EL-755,receipt,43,0
2024-08-28,S2,Electronics,EL-755,count,0,0
2024-08-28,S2,Home,HO-452,sale,-2,0
2024-08-28,S2,Grocery,GR-269,receipt,27,0
2024-08-28,S2,Home,HO-308,return,1,0
2024-08-28,S2,Apparel,AP-212,sale,-4,0
2024-08-28,S2,Grocery,GR-127,sale,-3,0
2024-08-28,S2,Apparel,AP-533,sale,-6,0
2024-08-28,S2,Electronics,EL-736,receipt,25,0
2024-08-28,S2,Apparel,AP-530,return,2,0
2024-08-28,S2,Home,HO-769,receipt,40,0
2024-08-28,S2,Home,HO-616,sale,-1,0
2024-08-28,S2,Electronics,EL-254,receipt,50,0
2024-08-28,S3,Home,HO-153,sale,-6,0
2024-08-28,S3,Apparel,AP-348,count,0,-2
2024-08-28,S3,Electronics,EL-117,receipt,47,0
2024-08-28,S3,Grocery,GR-735,sale,-6,0
2024-08-28,S3,Apparel,AP-822,sale,-3,0
2024-08-28,S3,Electronics,EL-255,receipt,50,0
2024-08-28,S3,Home,HO-569,return,1,0
2024-08-28,S3,Home,HO-908,sale,-1,0
2024-08-28,S4,Apparel,AP-528,sale,-3,0
2024-08-28,S4,Apparel,AP-468,sale,-6,0
2024-08-28,S4,Grocery,GR-299,count,0,-1
2024-08-28,S4,Apparel,AP-502,sale,-4,0
2024-08-28,S4,Apparel,AP-922,return,3,0
2024-08-28,S4,Apparel,AP-277,sale,-6,0
2024-08-28,S4,Home,HO-964,count,0,-2
2024-08-28,S4,Apparel,AP-651,return,3,0
2024-08-28,S4,Electronics,EL-902,count,0,1
2024-08-28,S4,Apparel,AP-354,receipt,13,0
2024-08-28,S4,Electronics,EL-460,count,0,0
2024-08-28,S4,Grocery,GR-769,receipt,39,0
2024-08-28,S5,Apparel,AP-961,return,2,0
2024-08-28,S5,Apparel,AP-900,sale,-6,0
2024-08-28,S5,Apparel,AP-770,receipt,27,0
2024-08-28,S5,Electronics,EL-536,sale,-2,0
2024-08-28,S5,Apparel,AP-701,sale,-1,0
2024-08-28,S5,Grocery,GR-322,sale,-6,0
2024-08-28,S5,Electronics,EL-189,sale,-5,0
2024-08-28,S5,Grocery,GR-426,sale,-3,0
2024-08-28,S5,Apparel,AP-926,sale,-2,0
2024-08-28,S5,Apparel,AP-620,count,0,2
2024-08-28,S5,Electronics,EL-840,sale,-4,0
2024-08-28,S5,Electronics,EL-247,receipt,59,0
2024-08-28,S5,Electronics,EL-501,count,0,1
2024-08-28,S5,Electronics,EL-721,sale,-4,0
2024-08-29,S1,Apparel,AP-212,sale,-2,0
2024-08-29,S1,Home,HO-234,count,0,1
2024-08-29,S1,Home,HO-705,sale,-3,0
2024-08-29,S1,Grocery,GR-732,sale,-5,0
2024-08-29,S1,Grocery,GR-338,receipt,21,0
2024-08-29,S1,Electronics,EL-810,sale,-1,0
2024-08-29,S1,Home,HO-530,sale,-3,0
2024-08-29,S1,Apparel,AP-252,return,3,0
2024-08-29,S1,Home,HO-504,sale,-4,0
2024-08-29,S1,Home,HO-149,sale,-5,0
2024-08-29,S1,Apparel,AP-818,return,3,0
2024-08-29,S1,Electronics,EL-608,sale,-1,0
2024-08-29,S1,Electronics,EL-204,receipt,23,0
2024-08-29,S1,Home,HO-767,receipt,39,0
2024-08-29,S1,Electronics,EL-109,sale,-3,0
2024-08-29,S1,Apparel,AP-220,count,0,0
2024-08-29,S2,Grocery,GR-369,sale,-5,0
2024-08-29,S2,Apparel,AP-356,sale,-6,0
2024-08-29,S2,Grocery,GR-368,sale,-2,0
2024-08-29,S2,Grocery,GR-512,sale,-5,0
2024-08-29,S2,Home,HO-360,sale,-2,0
2024-08-29,S2,Apparel,AP-625,return,2,0
2024-08-29,S2,Grocery,GR-748,count,0,-1
2024-08-29,S2,Electronics,EL-236,receipt,19,0
2024-08-29,S2,Grocery,GR-994,receipt,15,0
2024-08-29,S2,Electronics,EL-952,receipt,10,0
2024-08-29,S2,Apparel,AP-976,receipt,21,0
2024-08-29,S2,Apparel,AP-516,count,0,-1
2024-08-29,S2,Home,HO-828,sale,-6,0
2024-08-29,S2,Grocery,GR-669,sale,-4,0
2024-08-29,S3,Home,HO-940,sale,-1,0
2024-08-29,S3,Home,HO-544,count,0,2
2024-08-29,S3,Electronics,EL-939,sale,-2,0
2024-08-29,S3,Grocery,GR-993,sale,-3,0
2024-08-29,S3,Apparel,AP-226,receipt,22,0
2024-08-29,S3,Apparel,AP-239,receipt,11,0
2024-08-29,S3,Home,HO-909,receipt,60,0
2024-08-29,S3,Apparel,AP-906,return,3,0
2024-08-29,S3,Electronics,EL-653,receipt,24,0
2024-08-29,S3,Grocery,GR-637,return,1,0
2024-08-29,S3,Apparel,AP-840,return,3,0
2024-08-29,S4,Grocery,GR-720,count,0,2
2024-08-29,S4,Electronics,EL-200,return,1,0
2024-08-29,S4,Home,HO-126,count,0,2
2024-08-29,S4,Grocery,GR-235,count,0,-1
2024-08-29,S4,Home,HO-118,receipt,31,0
2024-08-29,S4,Grocery,GR-194,receipt,50,0
2024-08-29,S4,Grocery,GR-964,return,3,0
2024-08-29,S4,Electronics,EL-640,receipt,43,0
2024-08-29,S5,Grocery,GR-683,sale,-3,0
2024-08-29,S5,Grocery,GR-823,sale,-6,0
2024-08-29,S5,Grocery,GR-532,count,0,-2
2024-08-29,S5,Grocery,GR-169,return,3,0
2024-08-29,S5,Grocery,GR-304,sale,-6,0
2024-08-29,S5,Apparel,AP-739,receipt,29,0
2024-08-29,S5,Apparel,AP-427,sale,-5,0
2024-08-29,S5,Apparel,AP-126,sale,-5,0
2024-08-29,S5,Electronics,EL-797,sale,-5,0
2024-08-30,S1,Apparel,AP-473,sale,-6,0
2024-08-30,S1,Apparel,AP-316,sale,-5,0
2024-08-30,S1,Grocery,GR-732,receipt,32,0
2024-08-30,S1,Home,HO-197,receipt,33,0
2024-08-30,S1,Grocery,GR-668,count,0,1
2024-08-30,S1,Home,HO-135,count,0,-1
2024-08-30,S1,Apparel,AP-874,sale,-5,0
2024-08-30,S1,Home,HO-515,sale,-1,0
2024-08-30,S1,Apparel,AP-731,sale,-4,0
2024-08-30,S1,Grocery,GR-243,sale,-5,0
2024-08-30,S2,Apparel,AP-488,sale,-1,0
2024-08-30,S2,Grocery,GR-693,sale,-4,0
2024-08-30,S2,Grocery,GR-583,count,0,2
2024-08-30,S2,Electronics,EL-648,sale,-6,0
2024-08-30,S2,Home,HO-813,sale,-4,0
2024-08-30,S2,Electronics,EL-237,return,2,0
2024-08-30,S2,Home,HO-196,return,3,0
2024-08-30,S2,Apparel,AP-474,sale,-1,0
2024-08-30,S2,Electronics,EL-649,count,0,0
2024-08-30,S3,Home,HO-468,count,0,1
2024-08-30,S3,Grocery,GR-893,count,0,1
2024-08-30,S3,Apparel,AP-803,receipt,13,0
2024-08-30,S3,Grocery,GR-828,sale,-1,0
2024-08-30,S3,Home,HO-400,receipt,19,0
2024-08-30,S3,Apparel,AP-935,sale,-6,0
2024-08-30,S3,Home,HO-473,return,1,0
2024-08-30,S3,Electronics,EL-753,receipt,30,0
2024-08-30,S3,Grocery,GR-250,count,0,-1
2024-08-30,S4,Apparel,AP-192,sale,-6,0
2024-08-30,S4,Electronics,EL-227,count,0,2
2024-08-30,S4,Apparel,AP-950,sale,-6,0
2024-08-30,S4,Electronics,EL-756,receipt,12,0
2024-08-30,S4,Grocery,GR-253,receipt,28,0
2024-08-30,S4,Apparel,AP-658,sale,-4,0
2024-08-30,S4,Home,HO-722,sale,-5,0
2024-08-30,S4,Home,HO-733,sale,-1,0
2024-08-30,S4,Home,HO-781,return,3,0
2024-08-30,S4,Electronics,EL-522,sale,-1,0
2024-08-30,S4,Home,HO-656,return,1,0
2024-08-30,S4,Electronics,EL-292,receipt,18,0
2024-08-30,S4,Electronics,EL-796,sale,-4,0
2024-08-30,S4,Home,HO-824,receipt,49,0
2024-08-30,S4,Home,HO-787,count,0,-2
2024-08-30,S4,Apparel,AP-111,count,0,2
2024-08-30,S5,Grocery,GR-147,count,0,0
2024-08-30,S5,Grocery,GR-570,sale,-3,0
2024-08-30,S5,Apparel,AP-320,count,0,-1
2024-08-30,S5,Electronics,EL-952,sale,-5,0
2024-08-30,S5,Grocery,GR-638,sale,-2,0
2024-08-30,S5,Apparel,AP-217,return,1,0
2024-08-30,S5,Grocery,GR-552,count,0,-1
2024-08-30,S5,Apparel,AP-826,count,0,1
2024-08-30,S5,Electronics,EL-416,count,0,2
2024-08-30,S5,Grocery,GR-947,sale,-2,0
2024-08-30,S5,Electronics,EL-827,count,0,2
2024-08-30,S5,Electronics,EL-895,return,1,0
2024-08-31,S1,Home,HO-865,sale,-3,0
2024-08-31,S1,Electronics,EL-711,sale,-6,0
2024-08-31,S1,Electronics,EL-308,sale,-2,0
2024-08-31,S1,Home,HO-552,sale,-5,0
2024-08-31,S1,Electronics,EL-387,receipt,44,0
2024-08-31,S1,Home,HO-357,return,1,0
2024-08-31,S1,Apparel,AP-768,sale,-1,0
2024-08-31,S1,Grocery,GR-891,sale,-6,0
2024-08-31,S1,Home,HO-464,sale,-4,0
2024-08-31,S1,Electronics,EL-456,sale,-6,0
2024-08-31,S1,Grocery,GR-310,sale,-1,0
2024-08-31,S1,Electronics,EL-776,sale,-4,0
2024-08-31,S1,Apparel,AP-999,sale,-5,0
2024-08-31,S1,Apparel,AP-330,return,3,0
2024-08-31,S2,Grocery,GR-844,sale,-2,0
2024-08-31,S2,Electronics,EL-789,sale,-2,0
2024-08-31,S2,Home,HO-744,sale,-6,0
2024-08-31,S2,Grocery,GR-754,return,3,0
2024-08-31,S2,Electronics,EL-628,sale,-1,0
2024-08-31,S2,Electronics,EL-382,sale,-6,0
2024-08-31,S2,Apparel,AP-721,sale,-1,0
2024-08-31,S2,Electronics,EL-279,sale,-3,0
2024-08-31,S3,Grocery,GR-964,sale,-6,0
2024-08-31,S3,Electronics,EL-462,return,1,0
2024-08-31,S3,Grocery,GR-376,sale,-2,0
2024-08-31,S3,Grocery,GR-192,receipt,55,0
2024-08-31,S3,Home,HO-600,receipt,14,0
2024-08-31,S3,Grocery,GR-688,sale,-1,0
2024-08-31,S3,Electronics,EL-886,receipt,21,0
2024-08-31,S3,Electronics,EL-220,sale,-6,0
2024-08-31,S3,Electronics,EL-914,sale,-6,0
2024-08-31,S3,Home,HO-359,count,0,-2
2024-08-31,S3,Home,HO-134,sale,-3,0
2024-08-31,S4,Grocery,GR-692,count,0,2
2024-08-31,S4,Electronics,EL-307,receipt,22,0
2024-08-31,S4,Apparel,AP-471,sale,-2,0
2024-08-31,S4,Home,HO-674,sale,-3,0
2024-08-31,S4,Home,HO-565,return,2,0
2024-08-31,S4,Home,HO-660,sale,-3,0
2024-08-31,S4,Grocery,GR-731,sale,-2,0
2024-08-31,S4,Home,HO-561,return,3,0
2024-08-31,S4,Grocery,GR-771,return,3,0
2024-08-31,S5,Apparel,AP-516,return,3,0
2024-08-31,S5,Grocery,GR-891,sale,-6,0
2024-08-31,S5,Apparel,AP-349,count,0,-2
2024-08-31,S5,Grocery,GR-857,receipt,47,0
2024-08-31,S5,Home,HO-177,sale,-6,0
2024-08-31,S5,Home,HO-761,sale,-1,0
2024-08-31,S5,Apparel,AP-491,sale,-6,0
2024-08-31,S5,Grocery,GR-242,sale,-3,0
2024-08-31,S5,Home,HO-513,sale,-6,0
2024-08-31,S5,Home,HO-966,sale,-5,0
2024-08-31,S5,Electronics,EL-754,sale,-2,0
2024-09-01,S1,Apparel,AP-136,receipt,29,0
2024-09-01,S1,Grocery,GR-601,sale,-1,0
2024-09-01,S1,Electronics,EL-862,count,0,-1
2024-09-01,S1,Electronics,EL-190,return,3,0
2024-09-01,S1,Apparel,AP-461,sale,-1,0
2024-09-01,S1,Home,HO-575,count,0,1
2024-09-01,S1,Electronics,EL-947,sale,-5,0
2024-09-01,S1,Electronics,EL-357,sale,-3,0
2024-09-01,S1,Home,HO-981,receipt,37,0
2024-09-01,S1,Apparel,AP-751,return,3,0
2024-09-01,S2,Apparel,AP-994,receipt,10,0
2024-09-01,S2,Apparel,AP-198,sale,-6,0
2024-09-01,S2,Grocery,GR-751,return,1,0
2024-09-01,S2,Grocery,GR-428,sale,-4,0
2024-09-01,S2,Apparel,AP-552,sale,-6,0
2024-09-01,S2,Grocery,GR-922,sale,-1,0
2024-09-01,S2,Apparel,AP-850,sale,-4,0
2024-09-01,S2,Grocery,GR-724,sale,-2,0
2024-09-01,S2,Grocery,GR-496,return,2,0
2024-09-01,S2,Apparel,AP-735,return,1,0
2024-09-01,S2,Apparel,AP-414,count,0,2
2024-09-01,S2,Apparel,AP-216,return,2,0
2024-09-01,S2,Grocery,GR-575,sale,-1,0
2024-09-01,S2,Grocery,GR-993,sale,-3,0
2024-09-01,S3,Grocery,GR-519,return,1,0
2024-09-01,S3,Grocery,GR-136,sale,-3,0
2024-09-01,S3,Apparel,AP-954,receipt,14,0
2024-09-01,S3,Electronics,EL-949,sale,-3,0
2024-09-01,S3,Electronics,EL-796,sale,-5,0
2024-09-01,S3,Home,HO-791,sale,-2,0
2024-09-01,S3,Grocery,GR-536,sale,-4,0
2024-09-01,S3,Apparel,AP-891,receipt,21,0
2024-09-01,S3,Apparel,AP-727,sale,-4,0
2024-09-01,S3,Apparel,AP-137,sale,-4,0
2024-09-01,S3,Electronics,EL-392,return,1,0
2024-09-01,S3,Apparel,AP-142,sale,-1,0
2024-09-01,S3,Home,HO-206,sale,-4,0
2024-09-01,S3,Electronics,EL-697,sale,-5,0
2024-09-01,S4,Home,HO-357,return,2,0
2024-09-01,S4,Home,HO-794,sale,-6,0
2024-09-01,S4,Grocery,GR-992,return,3,0
2024-09-01,S4,Apparel,AP-159,sale,-4,0
2024-09-01,S4,Home,HO-779,sale,-5,0
2024-09-01,S4,Electronics,EL-138,sale,-2,0
2024-09-01,S4,Home,HO-377,return,3,0
2024-09-01,S4,Electronics,EL-538,sale,-1,0
2024-09-01,S4,Home,HO-874,sale,-3,0
2024-09-01,S4,Apparel,AP-422,sale,-2,0
2024-09-01,S4,Home,HO-563,sale,-6,0
2024-09-01,S4,Home,HO-535,sale,-3,0
2024-09-01,S4,Grocery,GR-758,sale,-3,0
2024-09-01,S4,Electronics,EL-381,sale,-2,0
2024-09-01,S4,Apparel,AP-879,return,2,0
2024-09-01,S4,Home,HO-751,receipt,49,0
2024-09-01,S5,Electronics,EL-499,count,0,1
2024-09-01,S5,Grocery,GR-965,return,3,0
2024-09-01,S5,Home,HO-849,count,0,0
2024-09-01,S5,Apparel,AP-945,receipt,25,0
2024-09-01,S5,Grocery,GR-478,sale,-5,0
2024-09-01,S5,Apparel,AP-678,return,2,0
2024-09-01,S5,Grocery,GR-680,receipt,13,0
2024-09-01,S5,Electronics,EL-242,sale,-6,0
2024-09-01,S5,Home,HO-547,sale,-4,0
2024-09-01,S5,Electronics,EL-936,sale,-3,0
2024-09-01,S5,Home,HO-398,sale,-5,0
2024-09-02,S1,Electronics,EL-288,receipt,21,0
2024-09-02,S1,Grocery,GR-426,sale,-3,0
2024-09-02,S1,Grocery,GR-428,sale,-3,0
2024-09-02,S1,Electronics,EL-674,sale,-5,0
2024-09-02,S1,Apparel,AP-829,sale,-6,0
2024-09-02,S1,Home,HO-321,sale,-3,0
2024-09-02,S1,Home,HO-338,receipt,43,0
2024-09-02,S1,Grocery,GR-820,sale,-5,0
2024-09-02,S1,Grocery,GR-578,sale,-5,0
2024-09-02,S1,Apparel,AP-752,return,2,0
2024-09-02,S2,Electronics,EL-270,sale,-3,0
2024-09-02,S2,Apparel,AP-479,sale,-1,0
2024-09-02,S2,Apparel,AP-416,sale,-5,0
2024-09-02,S2,Grocery,GR-419,sale,-1,0
2024-09-02,S2,Electronics,EL-710,sale,-6,0
2024-09-02,S2,Electronics,EL-423,count,0,-2
2024-09-02,S2,Electronics,EL-363,count,0,-2
2024-09-02,S2,Apparel,AP-880,sale,-6,0
2024-09-02,S2,Apparel,AP-903,sale,-2,0
2024-09-02,S3,Grocery,GR-957,sale,-5,0
2024-09-02,S3,Home,HO-770,return,1,0
2024-09-02,S3,Electronics,EL-178,return,1,0
2024-09-02,S3,Grocery,GR-951,return,1,0
2024-09-02,S3,Apparel,AP-417,receipt,36,0
2024-09-02,S3,Grocery,GR-953,sale,-5,0
2024-09-02,S3,Apparel,AP-767,count,0,2
2024-09-02,S3,Grocery,GR-280,count,0,1
2024-09-02,S3,Electronics,EL-182,sale,-4,0
2024-09-02,S3,Electronics,EL-713,receipt,60,0
2024-09-02,S3,Home,HO-295,count,0,1
2024-09-02,S3,Apparel,AP-825,sale,-2,0
2024-09-02,S3,Grocery,GR-186,sale,-5,0
2024-09-02,S4,Apparel,AP-434,sale,-3,0
2024-09-02,S4,Apparel,AP-119,receipt,16,0
2024-09-02,S4,Grocery,GR-670,return,3,0
2024-09-02,S4,Home,HO-808,sale,-3,0
2024-09-02,S4,Grocery,GR-892,return,2,0
2024-09-02,S4,Electronics,EL-275,receipt,21,0
2024-09-02,S4,Grocery,GR-434,receipt,32,0
2024-09-02,S4,Electronics,EL-450,sale,-2,0
2024-09-02,S4,Electronics,EL-425,receipt,47,0
2024-09-02,S4,Electronics,EL-769,return,2,0
2024-09-02,S4,Grocery,GR-793,sale,-1,0
2024-09-02,S4,Home,HO-278,receipt,22,0
2024-09-02,S5,Home,HO-146,receipt,45,0
2024-09-02,S5,Apparel,AP-229,sale,-3,0
2024-09-02,S5,Electronics,EL-799,sale,-5,0
2024-09-02,S5,Electronics,EL-148,sale,-5,0
2024-09-02,S5,Home,HO-267,sale,-6,0
2024-09-02,S5,Home,HO-224,sale,-6,0
2024-09-02,S5,Apparel,AP-900,count,0,-2
2024-09-02,S5,Electronics,EL-414,count,0,2
2024-09-02,S5,Electronics,EL-274,sale,-6,0
2024-09-02,S5,Home,HO-213,count,0,1
2024-09-02,S5,Home,HO-403,sale,-4,0
2024-09-02,S5,Home,HO-255,sale,-5,0
2024-09-02,S5,Electronics,EL-357,receipt,44,0
2024-09-02,S5,Electronics,EL-801,sale,-1,0
2024-09-03,S1,Grocery,GR-935,return,1,0
2024-09-03,S1,Apparel,AP-798,sale,-5,0
2024-09-03,S1,Electronics,EL-295,sale,-6,0
2024-09-03,S1,Home,HO-390,receipt,46,0
2024-09-03,S1,Apparel,AP-681,receipt,16,0
2024-09-03,S1,Home,HO-453,return,2,0
2024-09-03,S1,Electronics,EL-923,count,0,-2
2024-09-03,S1,Apparel,AP-328,return,1,0
2024-09-03,S1,Electronics,EL-698,sale,-6,0
2024-09-03,S1,Electronics,EL-401,sale,-4,0
2024-09-03,S1,Apparel,AP-771,sale,-2,0
2024-09-03,S1,Electronics,EL-451,receipt,11,0
2024-09-03,S1,Apparel,AP-805,sale,-6,0
2024-09-03,S1,Home,HO-985,sale,-4,0
2024-09-03,S1,Apparel,AP-160,sale,-6,0
2024-09-03,S2,Apparel,AP-584,sale,-2,0
2024-09-03,S2,Grocery,GR-301,sale,-5,0
2024-09-03,S2,Electronics,EL-490,count,0,-2
2024-09-03,S2,Apparel,AP-774,receipt,26,0
2024-09-03,S2,Home,HO-203,sale,-3,0
2024-09-03,S2,Electronics,EL-269,count,0,0
2024-09-03,S2,Apparel,AP-898,count,0,-1
2024-09-03,S2,Home,HO-103,sale,-3,0
2024-09-03,S2,Apparel,AP-142,sale,-6,0
2024-09-03,S2,Grocery,GR-721,sale,-5,0
2024-09-03,S2,Apparel,AP-526,sale,-5,0
2024-09-03,S3,Grocery,GR-414,count,0,1
2024-09-03,S3,Grocery,GR-886,sale,-2,0
2024-09-03,S3,Apparel,AP-552,return,1,0
2024-09-03,S3,Home,HO-351,receipt,38,0
2024-09-03,S3,Grocery,GR-959,sale,-2,0
2024-09-03,S3,Grocery,GR-468,sale,-1,0
2024-09-03,S3,Apparel,AP-215,sale,-5,0
2024-09-03,S3,Home,HO-166,sale,-3,0
2024-09-03,S3,Grocery,GR-566,count,0,-2
2024-09-03,S4,Grocery,GR-871,sale,-5,0
2024-09-03,S4,Home,HO-697,sale,-1,0
2024-09-03,S4,Electronics,EL-584,sale,-5,0
2024-09-03,S4,Grocery,GR-509,sale,-6,0
2024-09-03,S4,Electronics,EL-853,sale,-4,0
2024-09-03,S4,Electronics,EL-119,sale,-4,0
2024-09-03,S4,Electronics,EL-446,sale,-3,0
2024-09-03,S4,Home,HO-690,count,0,0
2024-09-03,S4,Electronics,EL-251,sale,-6,0
2024-09-03,S4,Apparel,AP-172,count,0,-2
2024-09-03,S4,Electronics,EL-840,count,0,-1
2024-09-03,S4,Grocery,GR-353,sale,-2,0
2024-09-03,S5,Electronics,EL-181,return,2,0
2024-09-03,S5,Grocery,GR-592,receipt,55,0
2024-09-03,S5,Apparel,AP-987,sale,-2,0
2024-09-03,S5,Electronics,EL-672,count,0,-2
2024-09-03,S5,Apparel,AP-229,sale,-2,0
2024-09-03,S5,Electronics,EL-864,count,0,0
2024-09-03,S5,Grocery,GR-236,return,3,0
2024-09-03,S5,Apparel,AP-683,sale,-3,0
2024-09-03,S5,Grocery,GR-125,receipt,55,0
2024-09-04,S1,Electronics,EL-762,sale,-6,0
2024-09-04,S1,Electronics,EL-811,sale,-6,0
2024-09-04,S1,Apparel,AP-198,sale,-3,0
2024-09-04,S1,Home,HO-179,sale,-3,0
2024-09-04,S1,Apparel,AP-489,sale,-3,0
2024-09-04,S1,Home,HO-319,count,0,1
2024-09-04,S1,Grocery,GR-974,sale,-6,0
2024-09-04,S1,Home,HO-623,receipt,56,0
2024-09-04,S1,Home,HO-653,count,0,-1
2024-09-04,S1,Apparel,AP-998,sale,-1,0
2024-09-04,S1,Apparel,AP-801,sale,-4,0
2024-09-04,S1,Grocery,GR-230,sale,-5,0
2024-09-04,S2,Electronics,EL-110,count,0,-1
2024-09-04,S2,Electronics,EL-221,receipt,44,0
2024-09-04,S2,Electronics,EL-945,sale,-6,0
2024-09-04,S2,Home,HO-939,return,2,0
2024-09-04,S2,Grocery,GR-174,receipt,28,0
2024-09-04,S2,Grocery,GR-411,return,2,0
2024-09-04,S2,Home,HO-204,return,3,0
2024-09-04,S2,Apparel,AP-700,sale,-3,0
2024-09-04,S3,Electronics,EL-204,return,3,0
2024-09-04,S3,Electronics,EL-626,return,1,0
2024-09-04,S3,Home,HO-922,return,1,0
2024-09-04,S3,Grocery,GR-913,sale,-2,0
2024-09-04,S3,Home,HO-780,sale,-3,0
2024-09-04,S3,Grocery,GR-489,count,0,-2
2024-09-04,S3,Apparel,AP-612,receipt,58,0
2024-09-04,S3,Apparel,AP-983,sale,-5,0
2024-09-04,S3,Apparel,AP-128,return,3,0
2024-09-04,S3,Home,HO-411,return,1,0
2024-09-04,S3,Electronics,EL-718,sale,-2,0
2024-09-04,S3,Electronics,EL-959,sale,-2,0
2024-09-04,S3,Home,HO-658,sale,-2,0
2024-09-04,S4,Apparel,AP-642,receipt,13,0
2024-09-04,S4,Electronics,EL-204,receipt,45,0
2024-09-04,S4,Grocery,GR-846,sale,-4,0
2024-09-04,S4,Electronics,EL-812,return,1,0
2024-09-04,S4,Home,HO-198,sale,-2,0
2024-09-04,S4,Home,HO-967,receipt,55,0
2024-09-04,S4,Electronics,EL-731,count,0,1
2024-09-04,S4,Electronics,EL-491,return,2,0
2024-09-04,S4,Home,HO-888,return,3,0
2024-09-04,S5,Electronics,EL-736,sale,-3,0
2024-09-04,S5,Apparel,AP-335,sale,-1,0
2024-09-04,S5,Home,HO-298,sale,-5,0
2024-09-04,S5,Grocery,GR-414,sale,-5,0
2024-09-04,S5,Electronics,EL-863,sale,-5,0
2024-09-04,S5,Home,HO-784,receipt,44,0
2024-09-04,S5,Apparel,AP-786,receipt,37,0
2024-09-04,S5,Grocery,GR-545,count,0,0
2024-09-04,S5,Home,HO-828,sale,-6,0
2024-09-04,S5,Home,HO-629,count,0,0
2024-09-05,S1,Grocery,GR-779,receipt,10,0
2024-09-05,S1,Apparel,AP-790,sale,-3,0
2024-09-05,S1,Electronics,EL-184,count,0,-2
2024-09-05,S1,Home,HO-782,sale,-6,0
2024-09-05,S1,Apparel,AP-788,return,1,0
2024-09-05,S1,Grocery,GR-433,receipt,29,0
2024-09-05,S1,Grocery,GR-523,return,2,0
2024-09-05,S1,Electronics,EL-492,count,0,-1
2024-09-05,S1,Electronics,EL-992,sale,-1,0
2024-09-05,S1,Home,HO-937,count,0,0
2024-09-05,S1,Electronics,EL-801,sale,-3,0
2024-09-05,S1,Grocery,GR-750,receipt,27,0
2024-09-05,S1,Electronics,EL-421,return,3,0
2024-09-05,S1,Apparel,AP-218,return,2,0
2024-09-05,S1,Home,HO-571,sale,-3,0
2024-09-05,S2,Electronics,EL-223,sale,-2,0
2024-09-05,S2,Grocery,GR-982,receipt,30,0
2024-09-05,S2,Home,HO-155,sale,-3,0
2024-09-05,S2,Apparel,AP-423,receipt,21,0
2024-09-05,S2,Electronics,EL-698,count,0,0
2024-09-05,S2,Electronics,EL-971,receipt,12,0
2024-09-05,S2,Apparel,AP-264,sale,-3,0
2024-09-05,S2,Grocery,GR-277,receipt,20,0
2024-09-05,S2,Grocery,GR-574,return,3,0
2024-09-05,S2,Home,HO-188,receipt,35,0
2024-09-05,S2,Home,HO-906,receipt,41,0
2024-09-05,S2,Home,HO-576,count,0,0
2024-09-05,S3,Grocery,GR-942,sale,-6,0
2024-09-05,S3,Grocery,GR-472,count,0,2
2024-09-05,S3,Electronics,EL-101,sale,-4,0
2024-09-05,S3,Apparel,AP-401,sale,-2,0
2024-09-05,S3,Home,HO-532,return,1,0
2024-09-05,S3,Electronics,EL-734,receipt,27,0
2024-09-05,S3,Electronics,EL-865,sale,-1,0
2024-09-05,S3,Electronics,EL-575,return,1,0
2024-09-05,S3,Apparel,AP-628,sale,-2,0
2024-09-05,S3,Apparel,AP-595,sale,-6,0
2024-09-05,S4,Grocery,GR-566,return,3,0
2024-09-05,S4,Electronics,EL-361,sale,-6,0
2024-09-05,S4,Apparel,AP-870,sale,-2,0
2024-09-05,S4,Apparel,AP-481,receipt,38,0
2024-09-05,S4,Grocery,GR-999,receipt,16,0
2024-09-05,S4,Home,HO-292,count,0,2
2024-09-05,S4,Electronics,EL-359,count,0,-1
2024-09-05,S4,Apparel,AP-356,return,1,0
2024-09-05,S4,Apparel,AP-126,receipt,53,0
2024-09-05,S4,Grocery,GR-412,sale,-5,0
2024-09-05,S4,Grocery,GR-552,sale,-3,0
2024-09-05,S4,Electronics,EL-984,receipt,21,0
2024-09-05,S4,Apparel,AP-118,sale,-6,0
2024-09-05,S5,Electronics,EL-214,receipt,34,0
2024-09-05,S5,Grocery,GR-392,return,1,0
2024-09-05,S5,Electronics,EL-852,return,3,0
2024-09-05,S5,Home,HO-857,return,2,0
2024-09-05,S5,Home,HO-111,receipt,29,0
2024-09-05,S5,Home,HO-648,sale,-4,0
2024-09-05,S5,Grocery,GR-268,return,2,0
2024-09-05,S5,Home,HO-996,sale,-6,0
2024-09-05,S5,Electronics,EL-447,sale,-5,0
2024-09-06,S1,Home,HO-108,count,0,2
2024-09-06,S1,Home,HO-641,sale,-2,0
2024-09-06,S1,Electronics,EL-313,sale,-6,0
2024-09-06,S1,Electronics,EL-789,receipt,42,0
2024-09-06,S1,Home,HO-273,sale,-1,0
2024-09-06,S1,Grocery,GR-549,sale,-5,0
2024-09-06,S1,Apparel,AP-990,sale,-5,0
2024-09-06,S1,Home,HO-483,return,2,0
2024-09-06,S1,Electronics,EL-527,receipt,51,0
2024-09-06,S1,Home,HO-295,receipt,25,0
2024-09-06,S1,Electronics,EL-774,return,1,0
2024-09-06,S1,Electronics,EL-225,sale,-6,0
2024-09-06,S2,Apparel,AP-675,sale,-2,0
2024-09-06,S2,Electronics,EL-491,count,0,-2
2024-09-06,S2,Electronics,EL-726,return,2,0
2024-09-06,S2,Electronics,EL-213,receipt,44,0
2024-09-06,S2,Grocery,GR-482,return,3,0
2024-09-06,S2,Apparel,AP-362,return,2,0
2024-09-06,S2,Home,HO-711,sale,-5,0
2024-09-06,S2,Apparel,AP-778,sale,-3,0
2024-09-06,S2,Electronics,EL-342,return,2,0
2024-09-06,S2,Electronics,EL-373,receipt,20,0
2024-09-06,S2,Apparel,AP-609,receipt,45,0
2024-09-06,S2,Electronics,EL-743,sale,-6,0
2024-09-06,S2,Electronics,EL-473,receipt,13,0
2024-09-06,S3,Grocery,GR-901,receipt,12,0
2024-09-06,S3,Grocery,GR-231,count,0,-1
2024-09-06,S3,Grocery,GR-312,sale,-3,0
2024-09-06,S3,Apparel,AP-167,receipt,21,0
2024-09-06,S3,Electronics,EL-991,return,2,0
2024-09-06,S3,Apparel,AP-969,count,0,2
2024-09-06,S3,Home,HO-805,return,2,0
2024-09-06,S3,Electronics,EL-274,sale,-3,0
2024-09-06,S3,Electronics,EL-559,sale,-1,0
2024-09-06,S3,Home,HO-340,count,0,2
2024-09-06,S3,Home,HO-849,sale,-4,0
2024-09-06,S3,Grocery,GR-202,sale,-5,0
2024-09-06,S3,Apparel,AP-772,receipt,23,0
2024-09-06,S3,Electronics,EL-586,count,0,-4
2024-09-06,S4,Home,HO-311,sale,-1,0
2024-09-06,S4,Home,HO-106,sale,-1,0
2024-09-06,S4,Grocery,GR-942,return,2,0
2024-09-06,S4,Home,HO-205,receipt,28,0
2024-09-06,S4,Electronics,EL-648,receipt,46,0
2024-09-06,S4,Apparel,AP-481,sale,-2,0
2024-09-06,S4,Electronics,EL-690,return,3,0
2024-09-06,S4,Grocery,GR-137,sale,-4,0
2024-09-06,S4,Apparel,AP-493,sale,-3,0
2024-09-06,S4,Grocery,GR-992,sale,-6,0
2024-09-06,S4,Home,HO-140,sale,-1,0
2024-09-06,S4,Home,HO-989,receipt,33,0
2024-09-06,S4,Apparel,AP-667,receipt,51,0
2024-09-06,S5,Electronics,EL-726,sale,-5,0
2024-09-06,S5,Apparel,AP-170,sale,-2,0
2024-09-06,S5,Grocery,GR-378,sale,-2,0
2024-09-06,S5,Electronics,EL-696,count,0,0
2024-09-06,S5,Grocery,GR-260,count,0,0
2024-09-06,S5,Apparel,AP-710,sale,-2,0
2024-09-06,S5,Apparel,AP-649,sale,-2,0
2024-09-06,S5,Home,HO-484,sale,-4,0
2024-09-07,S1,Home,HO-355,sale,-3,0
2024-09-07,S1,Home,HO-606,sale,-3,0
2024-09-07,S1,Apparel,AP-611,sale,-3,0
2024-09-07,S1,Home,HO-590,receipt,49,0
2024-09-07,S1,Home,HO-176,sale,-3,0
2024-09-07,S1,Apparel,AP-159,sale,-2,0
2024-09-07,S1,Apparel,AP-140,sale,-5,0
2024-09-07,S1,Electronics,EL-317,return,2,0
2024-09-07,S1,Apparel,AP-568,receipt,16,0
2024-09-07,S1,Home,HO-982,sale,-4,0
2024-09-07,S1,Home,HO-169,sale,-3,0
2024-09-07,S1,Grocery,GR-453,count,0,0
2024-09-07,S2,Grocery,GR-604,return,2,0
2024-09-07,S2,Apparel,AP-856,receipt,23,0
2024-09-07,S2,Electronics,EL-328,count,0,-1
2024-09-07,S2,Grocery,GR-273,sale,-4,0
2024-09-07,S2,Apparel,AP-104,sale,-1,0
2024-09-07,S2,Home,HO-592,sale,-1,0
2024-09-07,S2,Apparel,AP-613,sale,-6,0
2024-09-07,S2,Apparel,AP-797,return,1,0
2024-09-07,S2,Apparel,AP-655,receipt,23,0
2024-09-07,S2,Grocery,GR-268,sale,-1,0
2024-09-07,S2,Home,HO-768,count,0,-1
2024-09-07,S2,Home,HO-749,sale,-3,0
2024-09-07,S2,Apparel,AP-384,sale,-6,0
2024-09-07,S2,Home,HO-941,count,0,-1
2024-09-07,S3,Electronics,EL-319,return,1,0
2024-09-07,S3,Apparel,AP-904,receipt,51,0
2024-09-07,S3,Grocery,GR-827,sale,-6,0
2024-09-07,S3,Grocery,GR-654,count,0,-1
2024-09-07,S3,Grocery,GR-140,return,1,0
2024-09-07,S3,Grocery,GR-737,receipt,16,0
2024-09-07,S3,Apparel,AP-804,count,0,0
2024-09-07,S3,Apparel,AP-876,count,0,-1
2024-09-07,S3,Apparel,AP-534,return,3,0
2024-09-07,S3,Home,HO-186,return,3,0
2024-09-07,S3,Grocery,GR-557,receipt,29,0
2024-09-07,S4,Apparel,AP-750,receipt,12,0
2024-09-07,S4,Apparel,AP-623,sale,-6,0
2024-09-07,S4,Home,HO-393,sale,-5,0
2024-09-07,S4,Grocery,GR-595,sale,-1,0
2024-09-07,S4,Apparel,AP-101,return,2,0
2024-09-07,S4,Apparel,AP-673,sale,-1,0
2024-09-07,S4,Electronics,EL-661,count,0,2
2024-09-07,S4,Home,HO-505,receipt,54,0
2024-09-07,S4,Home,HO-677,sale,-3,0
2024-09-07,S5,Home,HO-514,sale,-5,0
2024-09-07,S5,Apparel,AP-553,count,0,0
2024-09-07,S5,Electronics,EL-772,receipt,47,0
2024-09-07,S5,Apparel,AP-446,return,2,0
2024-09-07,S5,Home,HO-513,return,3,0
2024-09-07,S5,Electronics,EL-920,sale,-5,0
2024-09-07,S5,Grocery,GR-943,sale,-4,0
2024-09-07,S5,Home,HO-599,sale,-4,0
2024-09-07,S5,Electronics,EL-563,return,3,0
2024-09-07,S5,Electronics,EL-950,return,2,0
2024-09-07,S5,Electronics,EL-432,receipt,44,0
2024-09-07,S5,Home,HO-998,sale,-2,0
2024-09-07,S5,Home,HO-481,count,0,2
2024-09-07,S5,Electronics,EL-198,return,3,0
2024-09-07,S5,Home,HO-390,sale,-6,0
2024-09-07,S5,Apparel,AP-459,return,1,0
2024-09-08,S1,Electronics,EL-550,sale,-3,0
2024-09-08,S1,Grocery,GR-274,sale,-1,0
2024-09-08,S1,Apparel,AP-919,sale,-1,0
2024-09-08,S1,Grocery,GR-207,receipt,40,0
2024-09-08,S1,Home,HO-916,sale,-3,0
2024-09-08,S1,Electronics,EL-559,count,0,0
2024-09-08,S1,Electronics,EL-714,sale,-1,0
2024-09-08,S1,Apparel,AP-514,receipt,44,0
2024-09-08,S1,Grocery,GR-245,count,0,2
2024-09-08,S1,Apparel,AP-723,sale,-5,0
2024-09-08,S1,Electronics,EL-547,sale,-5,0
2024-09-08,S1,Electronics,EL-740,count,0,2
2024-09-08,S1,Home,HO-439,count,0,2
2024-09-08,S1,Apparel,AP-787,count,0,2
2024-09-08,S1,Apparel,AP-231,receipt,55,0
2024-09-08,S1,Grocery,GR-652,sale,-1,0
2024-09-08,S2,Grocery,GR-946,sale,-5,0
2024-09-08,S2,Home,HO-267,count,0,-2
2024-09-08,S2,Grocery,GR-288,sale,-3,0
2024-09-08,S2,Apparel,AP-882,sale,-5,0
2024-09-08,S2,Electronics,EL-827,sale,-2,0
2024-09-08,S2,Apparel,AP-497,count,0,0
2024-09-08,S2,Home,HO-475,return,3,0
2024-09-08,S2,Apparel,AP-159,sale,-1,0
2024-09-08,S2,Grocery,GR-659,sale,-5,0
2024-09-08,S2,Grocery,GR-279,receipt,21,0
2024-09-08,S2,Home,HO-848,sale,-3,0
2024-09-08,S2,Home,HO-142,sale,-3,0
2024-09-08,S2,Electronics,EL-798,count,0,-1
2024-09-08,S3,Home,HO-422,sale,-4,0
2024-09-08,S3,Grocery,GR-520,return,2,0
2024-09-08,S3,Electronics,EL-787,sale,-1,0
2024-09-08,S3,Electronics,EL-174,receipt,19,0
2024-09-08,S3,Grocery,GR-918,count,0,0
2024-09-08,S3,Apparel,AP-833,return,3,0
2024-09-08,S3,Apparel,AP-302,count,0,1
2024-09-08,S3,Electronics,EL-548,sale,-6,0
2024-09-08,S3,Apparel,AP-557,sale,-2,0
2024-09-08,S3,Grocery,GR-267,sale,-2,0
2024-09-08,S3,Grocery,GR-745,receipt,57,0
2024-09-08,S3,Home,HO-422,return,2,0
2024-09-08,S4,Electronics,EL-541,sale,-1,0
2024-09-08,S4,Home,HO-735,sale,-3,0
2024-09-08,S4,Grocery,GR-907,count,0,0
2024-09-08,S4,Apparel,AP-979,count,0,0
2024-09-08,S4,Home,HO-333,receipt,21,0
2024-09-08,S4,Apparel,AP-902,receipt,50,0
2024-09-08,S4,Home,HO-556,receipt,14,0
2024-09-08,S4,Apparel,AP-537,return,2,0
2024-09-08,S4,Home,HO-520,sale,-4,0
2024-09-08,S4,Electronics,EL-108,receipt,22,0
2024-09-08,S4,Apparel,AP-567,sale,-5,0
2024-09-08,S5,Electronics,EL-247,receipt,54,0
2024-09-08,S5,Grocery,GR-384,sale,-2,0
2024-09-08,S5,Home,HO-559,count,0,1
2024-09-08,S5,Apparel,AP-459,count,0,0
2024-09-08,S5,Apparel,AP-376,sale,-1,0
2024-09-08,S5,Apparel,AP-696,receipt,55,0
2024-09-08,S5,Electronics,EL-456,count,0,-1
2024-09-08,S5,Apparel,AP-212,sale,-5,0
2024-09-09,S1,Grocery,GR-801,sale,-2,0
2024-09-09,S1,Home,HO-298,sale,-1,0
2024-09-09,S1,Home,HO-241,count,0,-2
2024-09-09,S1,Electronics,EL-169,receipt,34,0
2024-09-09,S1,Apparel,AP-767,sale,-3,0
2024-09-09,S1,Apparel,AP-668,sale,-2,0
2024-09-09,S1,Apparel,AP-610,sale,-1,0
2024-09-09,S1,Apparel,AP-345,sale,-3,0
2024-09-09,S1,Electronics,EL-921,receipt,13,0
2024-09-09,S1,Home,HO-863,receipt,35,0
2024-09-09,S1,Home,HO-220,sale,-1,0
2024-09-09,S1,Apparel,AP-580,sale,-1,0
2024-09-09,S1,Apparel,AP-146,count,0,0
2024-09-09,S1,Electronics,EL-330,sale,-3,0
2024-09-09,S1,Electronics,EL-919,sale,-2,0
2024-09-09,S2,Grocery,GR-988,sale,-5,0
2024-09-09,S2,Electronics,EL-664,sale,-6,0
2024-09-09,S2,Home,HO-143,receipt,47,0
2024-09-09,S2,Electronics,EL-957,sale,-2,0
2024-09-09,S2,Apparel,AP-814,sale,-5,0
2024-09-09,S2,Home,HO-697,sale,-5,0
2024-09-09,S2,Electronics,EL-617,count,0,-1
2024-09-09,S2,Grocery,GR-868,count,0,-2
2024-09-09,S2,Home,HO-609,count,0,1
2024-09-09,S3,Home,HO-487,count,0,-1
2024-09-09,S3,Grocery,GR-346,sale,-1,0
2024-09-09,S3,Apparel,AP-617,sale,-3,0
2024-09-09,S3,Home,HO-586,sale,-4,0
2024-09-09,S3,Electronics,EL-856,sale,-2,0
2024-09-09,S3,Home,HO-318,receipt,19,0
2024-09-09,S3,Home,HO-237,sale,-4,0
2024-09-09,S3,Electronics,EL-503,return,1,0
2024-09-09,S3,Electronics,EL-328,return,2,0
2024-09-09,S3,Electronics,EL-592,return,1,0
2024-09-09,S3,Apparel,AP-758,sale,-1,0
2024-09-09,S4,Grocery,GR-421,sale,-4,0
2024-09-09,S4,Grocery,GR-727,count,0,-2
2024-09-09,S4,Apparel,AP-839,sale,-4,0
2024-09-09,S4,Home,HO-948,receipt,12,0
2024-09-09,S4,Electronics,EL-970,receipt,60,0
2024-09-09,S4,Grocery,GR-852,sale,-3,0
2024-09-09,S4,Home,HO-777,sale,-3,0
2024-09-09,S4,Grocery,GR-238,sale,-6,0
2024-09-09,S4,Electronics,EL-537,return,2,0
2024-09-09,S4,Apparel,AP-206,return,3,0
2024-09-09,S5,Electronics,EL-360,return,3,0
2024-09-09,S5,Electronics,EL-726,sale,-5,0
2024-09-09,S5,Grocery,GR-558,count,0,0
2024-09-09,S5,Electronics,EL-371,count,0,1
2024-09-09,S5,Grocery,GR-687,receipt,37,0
2024-09-09,S5,Electronics,EL-390,receipt,58,0
2024-09-09,S5,Home,HO-621,return,2,0
2024-09-09,S5,Grocery,GR-937,receipt,34,0
2024-09-09,S5,Electronics,EL-818,sale,-5,0
2024-09-09,S5,Home,HO-893,sale,-4,0
2024-09-09,S5,Electronics,EL-311,sale,-4,0
2024-09-09,S5,Grocery,GR-389,count,0,-1
2024-09-09,S5,Home,HO-606,return,1,0
2024-09-09,S5,Apparel,AP-228,sale,-4,0
2024-09-10,S1,Electronics,EL-317,sale,-1,0
2024-09-10,S1,Apparel,AP-665,sale,-6,0
2024-09-10,S1,Home,HO-182,count,0,-1
2024-09-10,S1,Grocery,GR-673,count,0,-1
2024-09-10,S1,Grocery,GR-759,sale,-3,0
2024-09-10,S1,Apparel,AP-633,count,0,-1
2024-09-10,S1,Grocery,GR-996,sale,-1,0
2024-09-10,S1,Apparel,AP-633,sale,-5,0
2024-09-10,S1,Grocery,GR-914,receipt,13,0
2024-09-10,S1,Apparel,AP-524,sale,-2,0
2024-09-10,S1,Electronics,EL-856,sale,-1,0
2024-09-10,S1,Home,HO-432,receipt,17,0
2024-09-10,S1,Home,HO-119,sale,-2,0
2024-09-10,S1,Grocery,GR-662,count,0,-2
2024-09-10,S1,Home,HO-365,count,0,2
2024-09-10,S1,Grocery,GR-968,sale,-4,0
2024-09-10,S2,Apparel,AP-247,sale,-2,0
2024-09-10,S2,Grocery,GR-910,sale,-1,0
2024-09-10,S2,Electronics,EL-801,return,2,0
2024-09-10,S2,Grocery,GR-242,return,1,0
2024-09-10,S2,Apparel,AP-765,sale,-6,0
2024-09-10,S2,Electronics,EL-411,sale,-4,0
2024-09-10,S2,Grocery,GR-473,sale,-5,0
2024-09-10,S2,Apparel,AP-647,return,3,0
2024-09-10,S2,Home,HO-249,sale,-6,0
2024-09-10,S2,Grocery,GR-914,sale,-2,0
2024-09-10,S2,Electronics,EL-100,sale,-2,0
2024-09-10,S3,Electronics,EL-899,count,0,-4
2024-09-10,S3,Electronics,EL-551,sale,-2,0
2024-09-10,S3,Grocery,GR-588,sale,-2,0
2024-09-10,S3,Apparel,AP-372,receipt,30,0
2024-09-10,S3,Apparel,AP-919,count,0,2
2024-09-10,S3,Electronics,EL-528,sale,-5,0
2024-09-10,S3,Apparel,AP-819,sale,-3,0
2024-09-10,S3,Home,HO-465,sale,-1,0
2024-09-10,S3,Apparel,AP-915,return,1,0
2024-09-10,S3,Home,HO-971,sale,-1,0
2024-09-10,S3,Apparel,AP-462,count,0,2
2024-09-10,S3,Home,HO-221,sale,-1,0
2024-09-10,S3,Electronics,EL-168,sale,-6,0
2024-09-10,S4,Apparel,AP-500,return,1,0
2024-09-10,S4,Apparel,AP-636,receipt,11,0
2024-09-10,S4,Grocery,GR-328,count,0,-1
2024-09-10,S4,Apparel,AP-431,sale,-6,0
2024-09-10,S4,Grocery,GR-423,receipt,13,0
2024-09-10,S4,Home,HO-950,count,0,-2
2024-09-10,S4,Electronics,EL-616,sale,-2,0
2024-09-10,S4,Home,HO-721,sale,-1,0
2024-09-10,S4,Electronics,EL-335,sale,-2,0
2024-09-10,S5,Apparel,AP-674,count,0,-1
2024-09-10,S5,Electronics,EL-387,return,1,0
2024-09-10,S5,Grocery,GR-589,sale,-3,0
2024-09-10,S5,Electronics,EL-235,sale,-4,0
2024-09-10,S5,Apparel,AP-975,return,3,0
2024-09-10,S5,Apparel,AP-299,sale,-4,0
2024-09-10,S5,Grocery,GR-215,return,3,0
2024-09-10,S5,Grocery,GR-750,receipt,30,0
2024-09-10,S5,Grocery,GR-906,receipt,38,0
2024-09-10,S5,Apparel,AP-217,sale,-4,0
2024-09-10,S5,Grocery,GR-601,return,2,0
2024-09-10,S5,Grocery,GR-280,count,0,2
2024-09-10,S5,Apparel,AP-621,sale,-3,0
2024-09-10,S5,Apparel,AP-133,return,2,0
2024-09-10,S5,Electronics,EL-509,sale,-6,0
2024-09-11,S1,Grocery,GR-845,return,1,0
2024-09-11,S1,Home,HO-239,sale,-4,0
2024-09-11,S1,Grocery,GR-577,receipt,60,0
2024-09-11,S1,Grocery,GR-757,count,0,-1
2024-09-11,S1,Apparel,AP-606,count,0,0
2024-09-11,S1,Apparel,AP-225,return,1,0
2024-09-11,S1,Home,HO-845,sale,-2,0
2024-09-11,S1,Electronics,EL-303,receipt,60,0
2024-09-11,S1,Electronics,EL-746,receipt,59,0
2024-09-11,S2,Grocery,GR-366,receipt,33,0
2024-09-11,S2,Grocery,GR-898,count,0,2
2024-09-11,S2,Home,HO-319,count,0,1
2024-09-11,S2,Home,HO-135,return,2,0
2024-09-11,S2,Grocery,GR-527,sale,-2,0
2024-09-11,S2,Apparel,AP-944,count,0,-2
2024-09-11,S2,Grocery,GR-506,count,0,2
2024-09-11,S2,Electronics,EL-483,sale,-2,0
2024-09-11,S2,Home,HO-543,sale,-2,0
2024-09-11,S3,Electronics,EL-825,return,2,0
2024-09-11,S3,Electronics,EL-122,sale,-2,0
2024-09-11,S3,Grocery,GR-721,sale,-6,0
2024-09-11,S3,Home,HO-561,return,1,0
2024-09-11,S3,Apparel,AP-213,sale,-6,0
2024-09-11,S3,Apparel,AP-105,sale,-4,0
2024-09-11,S3,Home,HO-527,count,0,2
2024-09-11,S3,Apparel,AP-786,sale,-3,0
2024-09-11,S3,Home,HO-394,receipt,58,0
2024-09-11,S3,Home,HO-886,return,2,0
2024-09-11,S3,Grocery,GR-813,return,2,0
2024-09-11,S3,Home,HO-964,return,1,0
2024-09-11,S3,Apparel,AP-193,sale,-1,0
2024-09-11,S3,Electronics,EL-268,sale,-6,0
2024-09-11,S4,Grocery,GR-872,count,0,0
2024-09-11,S4,Grocery,GR-257,sale,-4,0
2024-09-11,S4,Apparel,AP-428,receipt,40,0
2024-09-11,S4,Apparel,AP-526,receipt,44,0
2024-09-11,S4,Grocery,GR-531,return,3,0
2024-09-11,S4,Apparel,AP-415,return,2,0
2024-09-11,S4,Electronics,EL-199,sale,-5,0
2024-09-11,S4,Grocery,GR-807,sale,-4,0
2024-09-11,S4,Electronics,EL-453,sale,-5,0
2024-09-11,S4,Grocery,GR-408,sale,-6,0
2024-09-11,S4,Apparel,AP-918,count,0,0
2024-09-11,S4,Electronics,EL-694,return,3,0
2024-09-11,S4,Grocery,GR-972,sale,-4,0
2024-09-11,S5,Apparel,AP-686,sale,-1,0
2024-09-11,S5,Electronics,EL-850,sale,-6,0
2024-09-11,S5,Home,HO-318,sale,-6,0
2024-09-11,S5,Electronics,EL-748,count,0,1
2024-09-11,S5,Apparel,AP-422,sale,-1,0
2024-09-11,S5,Apparel,AP-883,sale,-1,0
2024-09-11,S5,Home,HO-543,return,2,0
2024-09-11,S5,Apparel,AP-315,count,0,0
2024-09-11,S5,Electronics,EL-632,sale,-1,0
2024-09-11,S5,Home,HO-958,return,1,0
2024-09-11,S5,Grocery,GR-503,sale,-6,0
2024-09-11,S5,Electronics,EL-886,count,0,-1
2024-09-11,S5,Grocery,GR-929,sale,-4,0
2024-09-11,S5,Electronics,EL-961,return,2,0
2024-09-12,S1,Home,HO-690,return,3,0
2024-09-12,S1,Home,HO-303,receipt,32,0
2024-09-12,S1,Electronics,EL-245,count,0,0
2024-09-12,S1,Apparel,AP-808,receipt,53,0
2024-09-12,S1,Home,HO-790,return,3,0
2024-09-12,S1,Apparel,AP-753,sale,-5,0
2024-09-12,S1,Electronics,EL-740,count,0,0
2024-09-12,S1,Apparel,AP-779,return,2,0
2024-09-12,S1,Apparel,AP-147,return,2,0
2024-09-12,S1,Apparel,AP-578,return,2,0
2024-09-12,S1,Home,HO-827,sale,-5,0
2024-09-12,S1,Apparel,AP-844,sale,-3,0
2024-09-12,S1,Home,HO-693,sale,-1,0
2024-09-12,S2,Apparel,AP-985,return,1,0
2024-09-12,S2,Home,HO-982,receipt,21,0
2024-09-12,S2,Apparel,AP-211,count,0,1
2024-09-12,S2,Grocery,GR-827,return,3,0
2024-09-12,S2,Apparel,AP-919,sale,-5,0
2024-09-12,S2,Grocery,GR-341,sale,-1,0
2024-09-12,S2,Home,HO-934,sale,-5,0
2024-09-12,S2,Grocery,GR-872,sale,-4,0
2024-09-12,S3,Electronics,EL-967,sale,-1,0
2024-09-12,S3,Grocery,GR-548,return,2,0
2024-09-12,S3,Electronics,EL-897,sale,-6,0
2024-09-12,S3,Apparel,AP-564,sale,-6,0
2024-09-12,S3,Electronics,EL-439,count,0,-5
2024-09-12,S3,Apparel,AP-920,sale,-5,0
2024-09-12,S3,Electronics,EL-394,sale,-1,0
2024-09-12,S3,Apparel,AP-398,sale,-6,0
2024-09-12,S4,Apparel,AP-683,sale,-2,0
2024-09-12,S4,Electronics,EL-240,return,1,0
2024-09-12,S4,Apparel,AP-462,sale,-5,0
2024-09-12,S4,Home,HO-774,return,1,0
2024-09-12,S4,Home,HO-395,sale,-6,0
2024-09-12,S4,Apparel,AP-395,sale,-6,0
2024-09-12,S4,Electronics,EL-844,sale,-3,0
2024-09-12,S4,Apparel,AP-946,receipt,32,0
2024-09-12,S5,Grocery,GR-286,receipt,26,0
2024-09-12,S5,Electronics,EL-989,sale,-2,0
2024-09-12,S5,Electronics,EL-514,receipt,52,0
2024-09-12,S5,Apparel,AP-298,return,1,0
2024-09-12,S5,Home,HO-186,sale,-1,0
2024-09-12,S5,Apparel,AP-843,count,0,2
2024-09-12,S5,Electronics,EL-174,sale,-3,0
2024-09-12,S5,Grocery,GR-820,return,3,0
2024-09-12,S5,Apparel,AP-105,sale,-4,0
2024-09-12,S5,Grocery,GR-651,receipt,60,0
2024-09-12,S5,Apparel,AP-878,receipt,12,0
2024-09-12,S5,Apparel,AP-466,sale,-3,0
2024-09-12,S5,Home,HO-250,sale,-3,0
2024-09-12,S5,Apparel,AP-556,sale,-6,0
2024-09-13,S1,Grocery,GR-797,return,2,0
2024-09-13,S1,Electronics,EL-408,sale,-2,0
2024-09-13,S1,Apparel,AP-870,return,2,0
2024-09-13,S1,Apparel,AP-862,count,0,-2
2024-09-13,S1,Grocery,GR-412,return,2,0
2024-09-13,S1,Grocery,GR-461,sale,-1,0
2024-09-13,S1,Home,HO-849,sale,-1,0
2024-09-13,S1,Apparel,AP-226,receipt,41,0
2024-09-13,S1,Apparel,AP-728,sale,-5,0
2024-09-13,S2,Home,HO-648,receipt,40,0
2024-09-13,S2,Electronics,EL-504,count,0,2
2024-09-13,S2,Electronics,EL-823,sale,-5,0
2024-09-13,S2,Grocery,GR-676,return,2,0
2024-09-13,S2,Grocery,GR-150,sale,-6,0
2024-09-13,S2,Grocery,GR-956,sale,-1,0
2024-09-13,S2,Electronics,EL-716,sale,-2,0
2024-09-13,S2,Apparel,AP-554,receipt,59,0
2024-09-13,S2,Apparel,AP-878,sale,-4,0
2024-09-13,S3,Grocery,GR-216,receipt,57,0
2024-09-13,S3,Home,HO-285,receipt,55,0
2024-09-13,S3,Home,HO-828,receipt,51,0
2024-09-13,S3,Grocery,GR-410,receipt,24,0
2024-09-13,S3,Grocery,GR-166,receipt,57,0
2024-09-13,S3,Electronics,EL-990,receipt,44,0
2024-09-13,S3,Grocery,GR-666,receipt,24,0
2024-09-13,S3,Electronics,EL-877,receipt,36,0
2024-09-13,S3,Grocery,GR-905,sale,-1,0
2024-09-13,S3,Electronics,EL-115,sale,-4,0
2024-09-13,S3,Home,HO-881,return,1,0
2024-09-13,S4,Grocery,GR-910,receipt,21,0
2024-09-13,S4,Grocery,GR-510,receipt,37,0
2024-09-13,S4,Home,HO-453,receipt,56,0
2024-09-13,S4,Apparel,AP-602,sale,-6,0
2024-09-13,S4,Grocery,GR-589,count,0,1
2024-09-13,S4,Grocery,GR-426,sale,-3,0
2024-09-13,S4,Home,HO-912,sale,-4,0
2024-09-13,S4,Electronics,EL-217,count,0,-1
2024-09-13,S5,Home,HO-560,sale,-2,0
2024-09-13,S5,Home,HO-500,sale,-1,0
2024-09-13,S5,Electronics,EL-318,receipt,17,0
2024-09-13,S5,Grocery,GR-831,return,3,0
2024-09-13,S5,Home,HO-577,receipt,17,0
2024-09-13,S5,Home,HO-455,return,2,0
2024-09-13,S5,Home,HO-129,sale,-6,0
2024-09-13,S5,Home,HO-946,sale,-6,0
2024-09-13,S5,Grocery,GR-634,sale,-5,0
2024-09-13,S5,Home,HO-398,sale,-4,0
2024-09-13,S5,Apparel,AP-231,sale,-4,0
2024-09-13,S5,Apparel,AP-791,count,0,-1
2024-09-14,S1,Apparel,AP-259,receipt,45,0
2024-09-14,S1,Home,HO-775,return,1,0
2024-09-14,S1,Home,HO-585,sale,-2,0
2024-09-14,S1,Grocery,GR-723,count,0,1
2024-09-14,S1,Grocery,GR-683,sale,-3,0
2024-09-14,S1,Electronics,EL-533,return,3,0
2024-09-14,S1,Electronics,EL-241,sale,-3,0
2024-09-14,S1,Home,HO-813,sale,-1,0
2024-09-14,S1,Electronics,EL-314,sale,-4,0
2024-09-14,S1,Home,HO-607,sale,-1,0
2024-09-14,S1,Grocery,GR-344,count,0,-2
2024-09-14,S1,Home,HO-396,count,0,1
2024-09-14,S1,Electronics,EL-396,sale,-2,0
2024-09-14,S1,Electronics,EL-435,sale,-4,0
2024-09-14,S2,Electronics,EL-549,return,2,0
2024-09-14,S2,Apparel,AP-545,sale,-5,0
2024-09-14,S2,Grocery,GR-166,return,3,0
2024-09-14,S2,Apparel,AP-709,sale,-5,0
2024-09-14,S2,Grocery,GR-609,receipt,60,0
2024-09-14,S2,Grocery,GR-459,sale,-1,0
2024-09-14,S2,Grocery,GR-295,sale,-4,0
2024-09-14,S2,Electronics,EL-428,sale,-6,0
2024-09-14,S3,Electronics,EL-758,sale,-1,0
2024-09-14,S3,Home,HO-280,return,3,0
2024-09-14,S3,Apparel,AP-213,sale,-6,0
2024-09-14,S3,Electronics,EL-265,sale,-4,0
2024-09-14,S3,Home,HO-657,sale,-3,0
2024-09-14,S3,Electronics,EL-672,return,1,0
2024-09-14,S3,Grocery,GR-389,sale,-2,0
2024-09-14,S3,Apparel,AP-809,sale,-6,0
2024-09-14,S3,Apparel,AP-540,sale,-3,0
2024-09-14,S3,Electronics,EL-928,sale,-3,0
2024-09-14,S4,Grocery,GR-332,sale,-1,0
2024-09-14,S4,Apparel,AP-902,receipt,56,0
2024-09-14,S4,Electronics,EL-967,return,1,0
2024-09-14,S4,Electronics,EL-199,sale,-1,0
2024-09-14,S4,Home,HO-617,sale,-1,0
2024-09-14,S4,Apparel,AP-639,return,1,0
2024-09-14,S4,Grocery,GR-762,count,0,-1
2024-09-14,S4,Home,HO-753,sale,-4,0
2024-09-14,S4,Electronics,EL-844,receipt,39,0
2024-09-14,S5,Electronics,EL-297,count,0,1
2024-09-14,S5,Apparel,AP-321,sale,-4,0
2024-09-14,S5,Grocery,GR-909,sale,-1,0
2024-09-14,S5,Home,HO-399,sale,-3,0
2024-09-14,S5,Grocery,GR-916,sale,-1,0
2024-09-14,S5,Apparel,AP-450,sale,-5,0
2024-09-14,S5,Electronics,EL-650,sale,-4,0
2024-09-14,S5,Grocery,GR-231,return,1,0
2024-09-14,S5,Home,HO-860,count,0,2
2024-09-14,S5,Electronics,EL-381,receipt,34,0
2024-09-14,S5,Electronics,EL-676,return,3,0
2024-09-14,S5,Home,HO-984,sale,-3,0
2024-09-14,S5,Home,HO-817,sale,-4,0
2024-09-14,S5,Electronics,EL-858,sale,-5,0
2024-09-14,S5,Electronics,EL-317,sale,-5,0
2024-09-15,S1,Grocery,GR-234,receipt,20,0
2024-09-15,S1,Home,HO-513,sale,-2,0
2024-09-15,S1,Grocery,GR-955,receipt,51,0
2024-09-15,S1,Grocery,GR-902,sale,-2,0
2024-09-15,S1,Electronics,EL-667,count,0,0
2024-09-15,S1,Electronics,EL-891,return,1,0
2024-09-15,S1,Apparel,AP-397,sale,-6,0
2024-09-15,S1,Electronics,EL-882,count,0,2
2024-09-15,S1,Home,HO-926,sale,-1,0
2024-09-15,S1,Apparel,AP-688,sale,-4,0
2024-09-15,S1,Apparel,AP-214,sale,-3,0
2024-09-15,S1,Electronics,EL-595,sale,-5,0
2024-09-15,S1,Home,HO-334,count,0,2
2024-09-15,S1,Electronics,EL-221,count,0,-2
2024-09-15,S1,Apparel,AP-514,sale,-1,0
2024-09-15,S2,Home,HO-501,sale,-4,0
2024-09-15,S2,Home,HO-980,return,2,0
2024-09-15,S2,Apparel,AP-423,count,0,-1
2024-09-15,S2,Grocery,GR-100,sale,-3,0
2024-09-15,S2,Grocery,GR-693,receipt,54,0
2024-09-15,S2,Electronics,EL-278,sale,-5,0
2024-09-15,S2,Grocery,GR-330,sale,-3,0
2024-09-15,S2,Apparel,AP-156,sale,-3,0
2024-09-15,S2,Apparel,AP-842,sale,-4,0
2024-09-15,S2,Home,HO-467,return,3,0
2024-09-15,S2,Electronics,EL-325,return,2,0
2024-09-15,S2,Apparel,AP-752,receipt,58,0
2024-09-15,S2,Electronics,EL-451,return,1,0
2024-09-15,S2,Grocery,GR-862,sale,-1,0
2024-09-15,S2,Home,HO-229,sale,-5,0
2024-09-15,S2,Grocery,GR-939,sale,-3,0
2024-09-15,S3,Apparel,AP-769,receipt,52,0
2024-09-15,S3,Home,HO-926,sale,-5,0
2024-09-15,S3,Apparel,AP-434,sale,-6,0
2024-09-15,S3,Apparel,AP-359,return,1,0
2024-09-15,S3,Apparel,AP-217,count,0,-2
2024-09-15,S3,Home,HO-337,count,0,1
2024-09-15,S3,Apparel,AP-457,sale,-1,0
2024-09-15,S3,Apparel,AP-497,sale,-2,0
2024-09-15,S3,Electronics,EL-742,sale,-3,0
2024-09-15,S3,Apparel,AP-644,return,3,0
2024-09-15,S3,Electronics,EL-304,count,0,-2
2024-09-15,S3,Apparel,AP-905,count,0,2
2024-09-15,S3,Electronics,EL-521,sale,-3,0
2024-09-15,S3,Home,HO-417,count,0,1
2024-09-15,S4,Electronics,EL-407,count,0,1
2024-09-15,S4,Home,HO-372,sale,-5,0
2024-09-15,S4,Grocery,GR-610,receipt,13,0
2024-09-15,S4,Apparel,AP-290,receipt,45,0
2024-09-15,S4,Electronics,EL-451,receipt,28,0
2024-09-15,S4,Grocery,GR-128,sale,-6,0
2024-09-15,S4,Electronics,EL-861,sale,-4,0
2024-09-15,S4,Grocery,GR-462,receipt,26,0
2024-09-15,S4,Grocery,GR-360,count,0,-1
2024-09-15,S4,Home,HO-665,receipt,12,0
2024-09-15,S4,Apparel,AP-518,return,1,0
2024-09-15,S4,Electronics,EL-801,sale,-4,0
2024-09-15,S4,Electronics,EL-243,sale,-5,0
2024-09-15,S4,Home,HO-437,count,0,0
2024-09-15,S5,Grocery,GR-436,count,0,-1
2024-09-15,S5,Electronics,EL-856,return,2,0
2024-09-15,S5,Electronics,EL-273,sale,-2,0
2024-09-15,S5,Home,HO-883,sale,-2,0
2024-09-15,S5,Apparel,AP-165,sale,-1,0
2024-09-15,S5,Home,HO-830,receipt,39,0
2024-09-15,S5,Grocery,GR-578,return,2,0
2024-09-15,S5,Grocery,GR-768,return,1,0
2024-09-15,S5,Grocery,GR-443,count,0,1
2024-09-15,S5,Apparel,AP-867,return,1,0
2024-09-15,S5,Apparel,AP-951,count,0,1
2024-09-16,S1,Home,HO-733,count,0,-2
2024-09-16,S1,Apparel,AP-791,count,0,1
2024-09-16,S1,Apparel,AP-381,count,0,-2
2024-09-16,S1,Home,HO-360,sale,-5,0
2024-09-16,S1,Electronics,EL-480,count,0,-1
2024-09-16,S1,Electronics,EL-495,sale,-3,0
2024-09-16,S1,Home,HO-754,return,1,0
2024-09-16,S1,Electronics,EL-150,count,0,-2
2024-09-16,S1,Home,HO-325,count,0,2
2024-09-16,S1,Electronics,EL-964,sale,-4,0
2024-09-16,S1,Home,HO-921,receipt,56,0
2024-09-16,S1,Electronics,EL-365,sale,-5,0
2024-09-16,S1,Electronics,EL-236,sale,-2,0
2024-09-16,S1,Grocery,GR-943,receipt,19,0
2024-09-16,S2,Home,HO-989,sale,-4,0
2024-09-16,S2,Grocery,GR-573,sale,-6,0
2024-09-16,S2,Grocery,GR-870,count,0,2
2024-09-16,S2,Electronics,EL-715,sale,-2,0
2024-09-16,S2,Home,HO-675,sale,-3,0
2024-09-16,S2,Home,HO-976,return,3,0
2024-09-16,S2,Home,HO-649,receipt,25,0
2024-09-16,S2,Grocery,GR-419,return,3,0
2024-09-16,S2,Apparel,AP-418,sale,-1,0
2024-09-16,S2,Grocery,GR-222,sale,-3,0
2024-09-16,S2,Apparel,AP-814,count,0,2
2024-09-16,S2,Apparel,AP-242,return,2,0
2024-09-16,S3,Apparel,AP-136,count,0,-2
2024-09-16,S3,Home,HO-818,sale,-5,0
2024-09-16,S3,Apparel,AP-362,receipt,60,0
2024-09-16,S3,Home,HO-854,sale,-5,0
2024-09-16,S3,Home,HO-154,return,3,0
2024-09-16,S3,Home,HO-741,sale,-4,0
2024-09-16,S3,Home,HO-190,sale,-4,0
2024-09-16,S3,Grocery,GR-909,return,2,0
2024-09-16,S3,Electronics,EL-434,sale,-2,0
2024-09-16,S3,Home,HO-316,return,3,0
2024-09-16,S4,Home,HO-980,sale,-5,0
2024-09-16,S4,Grocery,GR-737,sale,-5,0
2024-09-16,S4,Electronics,EL-424,receipt,25,0
2024-09-16,S4,Apparel,AP-536,count,0,0
2024-09-16,S4,Home,HO-133,sale,-1,0
2024-09-16,S4,Apparel,AP-802,sale,-4,0
2024-09-16,S4,Electronics,EL-117,return,2,0
2024-09-16,S4,Apparel,AP-183,receipt,52,0
2024-09-16,S4,Electronics,EL-408,sale,-4,0
2024-09-16,S4,Home,HO-566,receipt,33,0
2024-09-16,S4,Electronics,EL-815,sale,-6,0
2024-09-16,S4,Apparel,AP-899,sale,-4,0
2024-09-16,S4,Grocery,GR-957,sale,-2,0
2024-09-16,S4,Electronics,EL-291,sale,-6,0
2024-09-16,S5,Grocery,GR-873,return,2,0
2024-09-16,S5,Apparel,AP-301,receipt,32,0
2024-09-16,S5,Apparel,AP-640,sale,-1,0
2024-09-16,S5,Apparel,AP-610,return,2,0
2024-09-16,S5,Grocery,GR-601,sale,-6,0
2024-09-16,S5,Grocery,GR-731,sale,-6,0
2024-09-16,S5,Grocery,GR-568,sale,-4,0
2024-09-16,S5,Home,HO-866,count,0,2
2024-09-16,S5,Home,HO-685,sale,-6,0
2024-09-16,S5,Home,HO-604,receipt,13,0
2024-09-16,S5,Apparel,AP-450,return,3,0
2024-09-16,S5,Home,HO-892,return,2,0
2024-09-16,S5,Apparel,AP-485,sale,-4,0
2024-09-17,S1,Home,HO-898,sale,-4,0
2024-09-17,S1,Electronics,EL-689,sale,-5,0
2024-09-17,S1,Electronics,EL-100,sale,-5,0
2024-09-17,S1,Apparel,AP-719,sale,-5,0
2024-09-17,S1,Apparel,AP-396,count,0,-1
2024-09-17,S1,Electronics,EL-624,sale,-2,0
2024-09-17,S1,Apparel,AP-410,sale,-6,0
2024-09-17,S1,Home,HO-347,receipt,52,0
2024-09-17,S1,Electronics,EL-293,sale,-6,0
2024-09-17,S1,Grocery,GR-410,return,2,0
2024-09-17,S1,Apparel,AP-231,count,0,-2
2024-09-17,S1,Apparel,AP-554,return,3,0
2024-09-17,S2,Electronics,EL-832,sale,-4,0
2024-09-17,S2,Home,HO-282,sale,-6,0
2024-09-17,S2,Apparel,AP-628,sale,-6,0
2024-09-17,S2,Apparel,AP-761,receipt,23,0
2024-09-17,S2,Home,HO-872,receipt,47,0
2024-09-17,S2,Electronics,EL-296,return,3,0
2024-09-17,S2,Apparel,AP-903,sale,-1,0
2024-09-17,S2,Home,HO-951,sale,-6,0
2024-09-17,S2,Electronics,EL-586,sale,-4,0
2024-09-17,S2,Home,HO-762,receipt,56,0
2024-09-17,S2,Grocery,GR-106,sale,-4,0
2024-09-17,S2,Electronics,EL-758,receipt,17,0
2024-09-17,S2,Apparel,AP-263,return,3,0
2024-09-17,S3,Home,HO-386,sale,-5,0
2024-09-17,S3,Grocery,GR-550,sale,-4,0
2024-09-17,S3,Apparel,AP-533,receipt,23,0
2024-09-17,S3,Electronics,EL-407,return,2,0
2024-09-17,S3,Electronics,EL-770,sale,-5,0
2024-09-17,S3,Grocery,GR-177,receipt,50,0
2024-09-17,S3,Home,HO-507,count,0,2
2024-09-17,S3,Home,HO-219,sale,-3,0
2024-09-17,S3,Apparel,AP-651,sale,-2,0
2024-09-17,S3,Electronics,EL-334,sale,-3,0
2024-09-17,S3,Electronics,EL-244,receipt,59,0
2024-09-17,S3,Electronics,EL-814,receipt,17,0
2024-09-17,S3,Electronics,EL-571,sale,-2,0
2024-09-17,S3,Apparel,AP-174,return,3,0
2024-09-17,S4,Home,HO-730,count,0,0
2024-09-17,S4,Home,HO-550,sale,-2,0
2024-09-17,S4,Grocery,GR-223,sale,-4,0
2024-09-17,S4,Electronics,EL-190,count,0,0
2024-09-17,S4,Home,HO-684,sale,-1,0
2024-09-17,S4,Grocery,GR-286,return,1,0
2024-09-17,S4,Home,HO-831,sale,-3,0
2024-09-17,S4,Apparel,AP-324,receipt,45,0
2024-09-17,S4,Electronics,EL-784,sale,-1,0
2024-09-17,S4,Grocery,GR-536,sale,-5,0
2024-09-17,S5,Grocery,GR-112,sale,-6,0
2024-09-17,S5,Home,HO-189,sale,-4,0
2024-09-17,S5,Grocery,GR-816,sale,-2,0
2024-09-17,S5,Grocery,GR-159,receipt,28,0
2024-09-17,S5,Home,HO-335,return,2,0
2024-09-17,S5,Home,HO-211,count,0,-1
2024-09-17,S5,Home,HO-503,sale,-6,0
2024-09-17,S5,Apparel,AP-293,count,0,1
2024-09-18,S1,Home,HO-314,return,1,0
2024-09-18,S1,Electronics,EL-242,sale,-1,0
2024-09-18,S1,Home,HO-557,count,0,-1
2024-09-18,S1,Home,HO-789,sale,-5,0
2024-09-18,S1,Grocery,GR-151,receipt,55,0
2024-09-18,S1,Electronics,EL-602,count,0,2
2024-09-18,S1,Electronics,EL-121,sale,-6,0
2024-09-18,S1,Electronics,EL-274,sale,-3,0
2024-09-18,S1,Home,HO-190,sale,-3,0
2024-09-18,S2,Home,HO-186,sale,-4,0
2024-09-18,S2,Grocery,GR-284,count,0,-1
2024-09-18,S2,Electronics,EL-239,return,2,0
2024-09-18,S2,Grocery,GR-136,count,0,2
2024-09-18,S2,Apparel,AP-887,count,0,2
2024-09-18,S2,Apparel,AP-192,sale,-6,0
2024-09-18,S2,Grocery,GR-755,receipt,15,0
2024-09-18,S2,Home,HO-336,sale,-6,0
2024-09-18,S2,Apparel,AP-940,receipt,51,0
2024-09-18,S2,Electronics,EL-894,sale,-1,0
2024-09-18,S2,Apparel,AP-346,sale,-2,0
2024-09-18,S2,Electronics,EL-590,return,1,0
2024-09-18,S2,Apparel,AP-310,sale,-3,0
2024-09-18,S2,Home,HO-183,sale,-4,0
2024-09-18,S2,Electronics,EL-502,count,0,-1
2024-09-18,S3,Apparel,AP-831,sale,-6,0
2024-09-18,S3,Apparel,AP-251,return,2,0
2024-09-18,S3,Electronics,EL-526,sale,-6,0
2024-09-18,S3,Apparel,AP-315,sale,-5,0
2024-09-18,S3,Home,HO-566,sale,-1,0
2024-09-18,S3,Apparel,AP-191,sale,-2,0
2024-09-18,S3,Grocery,GR-145,sale,-5,0
2024-09-18,S3,Electronics,EL-970,sale,-1,0
2024-09-18,S3,Apparel,AP-676,count,0,1
2024-09-18,S3,Grocery,GR-963,count,0,2
2024-09-18,S3,Home,HO-309,sale,-5,0
2024-09-18,S3,Grocery,GR-374,receipt,29,0
2024-09-18,S4,Electronics,EL-206,sale,-1,0
2024-09-18,S4,Home,HO-522,count,0,0
2024-09-18,S4,Electronics,EL-245,sale,-6,0
2024-09-18,S4,Home,HO-666,count,0,-2
2024-09-18,S4,Electronics,EL-567,sale,-6,0
2024-09-18,S4,Grocery,GR-488,sale,-6,0
2024-09-18,S4,Electronics,EL-178,return,3,0
2024-09-18,S4,Grocery,GR-994,return,1,0
2024-09-18,S4,Home,HO-939,return,1,0
2024-09-18,S4,Electronics,EL-866,sale,-3,0
2024-09-18,S4,Home,HO-987,return,2,0
2024-09-18,S4,Electronics,EL-365,return,3,0
2024-09-18,S4,Electronics,EL-575,return,2,0
2024-09-18,S4,Home,HO-566,sale,-2,0
2024-09-18,S5,Apparel,AP-141,sale,-4,0
2024-09-18,S5,Grocery,GR-920,return,2,0
2024-09-18,S5,Home,HO-363,sale,-4,0
2024-09-18,S5,Apparel,AP-217,sale,-2,0
2024-09-18,S5,Grocery,GR-577,receipt,27,0
2024-09-18,S5,Electronics,EL-659,receipt,25,0
2024-09-18,S5,Electronics,EL-395,sale,-4,0
2024-09-18,S5,Apparel,AP-604,sale,-3,0
2024-09-18,S5,Home,HO-662,sale,-1,0
2024-09-18,S5,Apparel,AP-837,count,0,-2
2024-09-18,S5,Apparel,AP-574,count,0,-1
2024-09-18,S5,Electronics,EL-366,sale,-3,0
2024-09-18,S5,Apparel,AP-703,sale,-1,0
2024-09-18,S5,Apparel,AP-830,receipt,42,0
2024-09-19,S1,Home,HO-748,receipt,17,0
2024-09-19,S1,Grocery,GR-751,count,0,0
2024-09-19,S1,Grocery,GR-186,count,0,2
2024-09-19,S1,Grocery,GR-232,sale,-1,0
2024-09-19,S1,Home,HO-948,sale,-2,0
2024-09-19,S1,Grocery,GR-125,sale,-1,0
2024-09-19,S1,Apparel,AP-229,receipt,28,0
2024-09-19,S1,Grocery,GR-216,sale,-1,0
2024-09-19,S1,Apparel,AP-528,sale,-6,0
2024-09-19,S1,Grocery,GR-304,count,0,1
2024-09-19,S1,Home,HO-262,return,3,0
2024-09-19,S1,Home,HO-634,sale,-3,0
2024-09-19,S1,Grocery,GR-864,sale,-4,0
2024-09-19,S1,Electronics,EL-803,sale,-6,0
2024-09-19,S1,Apparel,AP-657,sale,-5,0
2024-09-19,S2,Electronics,EL-563,return,3,0
2024-09-19,S2,Home,HO-354,receipt,45,0
2024-09-19,S2,Grocery,GR-596,sale,-2,0
2024-09-19,S2,Apparel,AP-541,count,0,-2
2024-09-19,S2,Home,HO-962,count,0,0
2024-09-19,S2,Grocery,GR-607,return,1,0
2024-09-19,S2,Electronics,EL-942,count,0,-1
2024-09-19,S2,Apparel,AP-656,sale,-6,0
2024-09-19,S2,Electronics,EL-283,sale,-5,0
2024-09-19,S2,Apparel,AP-652,sale,-4,0
2024-09-19,S2,Grocery,GR-695,sale,-6,0
2024-09-19,S2,Electronics,EL-359,sale,-2,0
2024-09-19,S2,Apparel,AP-197,receipt,46,0
2024-09-19,S2,Electronics,EL-247,sale,-2,0
2024-09-19,S2,Electronics,EL-121,sale,-1,0
2024-09-19,S3,Apparel,AP-307,sale,-4,0
2024-09-19,S3,Apparel,AP-512,sale,-3,0
2024-09-19,S3,Home,HO-827,sale,-6,0
2024-09-19,S3,Electronics,EL-524,sale,-5,0
2024-09-19,S3,Grocery,GR-125,receipt,49,0
2024-09-19,S3,Grocery,GR-844,receipt,53,0
2024-09-19,S3,Home,HO-240,sale,-6,0
2024-09-19,S3,Grocery,GR-107,sale,-1,0
2024-09-19,S3,Electronics,EL-590,sale,-1,0
2024-09-19,S4,Home,HO-868,sale,-4,0
2024-09-19,S4,Apparel,AP-538,count,0,0
2024-09-19,S4,Grocery,GR-546,receipt,17,0
2024-09-19,S4,Grocery,GR-825,count,0,-2
2024-09-19,S4,Grocery,GR-448,count,0,0
2024-09-19,S4,Home,HO-447,sale,-5,0
2024-09-19,S4,Apparel,AP-779,count,0,1
2024-09-19,S4,Apparel,AP-471,sale,-2,0
2024-09-19,S4,Electronics,EL-278,sale,-4,0
2024-09-19,S4,Home,HO-207,return,3,0
2024-09-19,S4,Grocery,GR-713,return,3,0
2024-09-19,S5,Grocery,GR-205,sale,-2,0
2024-09-19,S5,Apparel,AP-585,sale,-1,0
2024-09-19,S5,Grocery,GR-444,count,0,0
2024-09-19,S5,Home,HO-443,return,1,0
2024-09-19,S5,Apparel,AP-420,sale,-1,0
2024-09-19,S5,Grocery,GR-655,return,3,0
2024-09-19,S5,Grocery,GR-532,sale,-5,0
2024-09-19,S5,Grocery,GR-845,sale,-3,0
2024-09-19,S5,Grocery,GR-931,sale,-5,0
2024-09-19,S5,Electronics,EL-941,sale,-1,0
2024-09-19,S5,Grocery,GR-885,count,0,-2
2024-09-19,S5,Apparel,AP-898,receipt,18,0
2024-09-20,S1,Electronics,EL-297,receipt,17,0
2024-09-20,S1,Grocery,GR-695,sale,-5,0
2024-09-20,S1,Electronics,EL-553,sale,-1,0
2024-09-20,S1,Home,HO-780,count,0,1
2024-09-20,S1,Grocery,GR-965,sale,-5,0
2024-09-20,S1,Electronics,EL-490,return,1,0
2024-09-20,S1,Electronics,EL-504,count,0,1
2024-09-20,S1,Home,HO-826,sale,-4,0
2024-09-20,S1,Apparel,AP-452,sale,-3,0
2024-09-20,S1,Grocery,GR-659,sale,-2,0
2024-09-20,S2,Electronics,EL-198,return,3,0
2024-09-20,S2,Electronics,EL-742,receipt,46,0
2024-09-20,S2,Home,HO-705,receipt,19,0
2024-09-20,S2,Apparel,AP-865,receipt,33,0
2024-09-20,S2,Electronics,EL-417,sale,-3,0
2024-09-20,S2,Grocery,GR-483,count,0,0
2024-09-20,S2,Apparel,AP-549,sale,-5,0
2024-09-20,S2,Apparel,AP-944,return,3,0
2024-09-20,S2,Home,HO-409,receipt,45,0
2024-09-20,S3,Apparel,AP-807,count,0,0
2024-09-20,S3,Apparel,AP-279,count,0,-2
2024-09-20,S3,Electronics,EL-598,sale,-3,0
2024-09-20,S3,Home,HO-426,receipt,59,0
2024-09-20,S3,Apparel,AP-434,receipt,28,0
2024-09-20,S3,Grocery,GR-927,receipt,47,0
2024-09-20,S3,Electronics,EL-311,sale,-6,0
2024-09-20,S3,Home,HO-483,sale,-3,0
2024-09-20,S4,Home,HO-487,sale,-2,0
2024-09-20,S4,Home,HO-893,count,0,0
2024-09-20,S4,Grocery,GR-400,receipt,41,0
2024-09-20,S4,Electronics,EL-988,sale,-6,0
2024-09-20,S4,Grocery,GR-883,count,0,-1
2024-09-20,S4,Grocery,GR-673,sale,-1,0
2024-09-20,S4,Home,HO-623,count,0,0
2024-09-20,S4,Apparel,AP-850,count,0,-2
2024-09-20,S4,Home,HO-939,sale,-2,0
2024-09-20,S4,Apparel,AP-309,count,0,0
2024-09-20,S4,Home,HO-865,sale,-2,0
2024-09-20,S5,Apparel,AP-293,count,0,-2
2024-09-20,S5,Apparel,AP-841,sale,-4,0
2024-09-20,S5,Apparel,AP-271,sale,-4,0
2024-09-20,S5,Apparel,AP-885,receipt,53,0
2024-09-20,S5,Electronics,EL-226,sale,-1,0
2024-09-20,S5,Electronics,EL-301,sale,-3,0
2024-09-20,S5,Apparel,AP-117,receipt,43,0
2024-09-20,S5,Grocery,GR-452,receipt,37,0
2024-09-20,S5,Grocery,GR-511,sale,-4,0
2024-09-20,S5,Apparel,AP-548,receipt,45,0
2024-09-20,S5,Home,HO-449,receipt,29,0
2024-09-20,S5,Grocery,GR-711,receipt,30,0
2024-09-20,S5,Home,HO-763,count,0,-1
2024-09-20,S5,Home,HO-602,sale,-2,0
2024-09-20,S5,Electronics,EL-256,sale,-3,0
2024-09-21,S1,Apparel,AP-302,count,0,1
2024-09-21,S1,Apparel,AP-434,sale,-6,0
2024-09-21,S1,Home,HO-727,sale,-4,0
2024-09-21,S1,Grocery,GR-377,sale,-4,0
2024-09-21,S1,Electronics,EL-929,sale,-4,0
2024-09-21,S1,Electronics,EL-758,sale,-3,0
2024-09-21,S1,Grocery,GR-417,receipt,13,0
2024-09-21,S1,Home,HO-472,sale,-4,0
2024-09-21,S1,Apparel,AP-670,sale,-4,0
2024-09-21,S1,Electronics,EL-513,receipt,14,0
2024-09-21,S1,Electronics,EL-628,sale,-6,0
2024-09-21,S1,Grocery,GR-960,sale,-2,0
2024-09-21,S1,Apparel,AP-123,return,2,0
2024-09-21,S2,Grocery,GR-942,sale,-3,0
2024-09-21,S2,Home,HO-861,sale,-3,0
2024-09-21,S2,Electronics,EL-270,receipt,18,0
2024-09-21,S2,Home,HO-569,sale,-1,0
2024-09-21,S2,Electronics,EL-194,sale,-2,0
2024-09-21,S2,Grocery,GR-616,receipt,55,0
2024-09-21,S2,Grocery,GR-349,sale,-2,0
2024-09-21,S2,Electronics,EL-153,count,0,2
2024-09-21,S2,Grocery,GR-565,count,0,1
2024-09-21,S3,Grocery,GR-477,sale,-6,0
2024-09-21,S3,Grocery,GR-525,receipt,44,0
2024-09-21,S3,Apparel,AP-934,sale,-1,0
2024-09-21,S3,Home,HO-675,sale,-1,0
2024-09-21,S3,Electronics,EL-606,return,2,0
2024-09-21,S3,Home,HO-427,receipt,25,0
2024-09-21,S3,Home,HO-984,receipt,17,0
2024-09-21,S3,Electronics,EL-443,count,0,-3
2024-09-21,S3,Grocery,GR-109,sale,-3,0
2024-09-21,S3,Grocery,GR-957,count,0,-1
2024-09-21,S3,Apparel,AP-623,receipt,32,0
2024-09-21,S4,Grocery,GR-116,count,0,-2
2024-09-21,S4,Home,HO-758,sale,-6,0
2024-09-21,S4,Home,HO-408,return,1,0
2024-09-21,S4,Electronics,EL-951,receipt,40,0
2024-09-21,S4,Apparel,AP-456,sale,-4,0
2024-09-21,S4,Electronics,EL-147,sale,-4,0
2024-09-21,S4,Apparel,AP-568,receipt,47,0
2024-09-21,S4,Electronics,EL-491,count,0,0
2024-09-21,S4,Home,HO-682,sale,-3,0
2024-09-21,S4,Grocery,GR-429,receipt,10,0
2024-09-21,S5,Home,HO-904,count,0,-2
2024-09-21,S5,Home,HO-204,sale,-3,0
2024-09-21,S5,Home,HO-679,sale,-2,0
2024-09-21,S5,Apparel,AP-817,sale,-6,0
2024-09-21,S5,Apparel,AP-385,sale,-5,0
2024-09-21,S5,Apparel,AP-901,receipt,57,0
2024-09-21,S5,Electronics,EL-409,sale,-2,0
2024-09-21,S5,Apparel,AP-114,receipt,52,0
2024-09-21,S5,Grocery,GR-165,receipt,55,0
2024-09-21,S5,Apparel,AP-811,return,2,0
2024-09-21,S5,Grocery,GR-157,return,2,0
2024-09-21,S5,Grocery,GR-688,sale,-1,0
2024-09-21,S5,Home,HO-957,sale,-2,0
2024-09-21,S5,Grocery,GR-337,sale,-1,0
2024-09-21,S5,Electronics,EL-889,count,0,2
2024-09-21,S5,Apparel,AP-505,sale,-1,0
2024-09-22,S1,Grocery,GR-603,return,2,0
2024-09-22,S1,Grocery,GR-185,return,3,0
2024-09-22,S1,Electronics,EL-387,return,2,0
2024-09-22,S1,Home,HO-540,sale,-3,0
2024-09-22,S1,Electronics,EL-638,sale,-3,0
2024-09-22,S1,Apparel,AP-107,return,1,0
2024-09-22,S1,Home,HO-542,sale,-1,0
2024-09-22,S1,Home,HO-425,sale,-3,0
2024-09-22,S1,Apparel,AP-697,sale,-2,0
2024-09-22,S1,Apparel,AP-651,sale,-4,0
2024-09-22,S1,Grocery,GR-768,count,0,0
2024-09-22,S1,Grocery,GR-521,count,0,0
2024-09-22,S2,Electronics,EL-966,sale,-1,0
2024-09-22,S2,Apparel,AP-543,count,0,2
2024-09-22,S2,Apparel,AP-842,receipt,31,0
2024-09-22,S2,Electronics,EL-209,count,0,2
2024-09-22,S2,Grocery,GR-837,sale,-6,0
2024-09-22,S2,Apparel,AP-233,return,1,0
2024-09-22,S2,Home,HO-538,sale,-1,0
2024-09-22,S2,Electronics,EL-717,sale,-1,0
2024-09-22,S2,Grocery,GR-778,receipt,55,0
2024-09-22,S2,Apparel,AP-584,sale,-6,0
2024-09-22,S2,Electronics,EL-377,count,0,0
2024-09-22,S2,Home,HO-422,sale,-5,0
2024-09-22,S2,Grocery,GR-140,sale,-2,0
2024-09-22,S2,Electronics,EL-886,sale,-2,0
2024-09-22,S3,Grocery,GR-188,receipt,38,0
2024-09-22,S3,Apparel,AP-238,sale,-1,0
2024-09-22,S3,Electronics,EL-749,count,0,-2
2024-09-22,S3,Apparel,AP-545,sale,-1,0
2024-09-22,S3,Home,HO-655,sale,-4,0
2024-09-22,S3,Grocery,GR-739,sale,-1,0
2024-09-22,S3,Apparel,AP-429,receipt,43,0
2024-09-22,S3,Grocery,GR-609,receipt,16,0
2024-09-22,S3,Grocery,GR-523,sale,-1,0
2024-09-22,S3,Apparel,AP-409,sale,-4,0
2024-09-22,S3,Electronics,EL-664,receipt,40,0
2024-09-22,S3,Electronics,EL-483,return,1,0
2024-09-22,S3,Electronics,EL-937,return,2,0
2024-09-22,S3,Home,HO-577,receipt,38,0
2024-09-22,S3,Electronics,EL-270,count,0,-5
2024-09-22,S3,Apparel,AP-175,receipt,36,0
2024-09-22,S4,Home,HO-645,receipt,21,0
2024-09-22,S4,Home,HO-787,return,1,0
2024-09-22,S4,Apparel,AP-658,return,2,0
2024-09-22,S4,Grocery,GR-222,count,0,-1
2024-09-22,S4,Electronics,EL-736,sale,-2,0
2024-09-22,S4,Apparel,AP-576,count,0,-1
2024-09-22,S4,Electronics,EL-471,count,0,-1
2024-09-22,S4,Apparel,AP-916,sale,-6,0
2024-09-22,S5,Grocery,GR-400,receipt,56,0
2024-09-22,S5,Grocery,GR-110,sale,-1,0
2024-09-22,S5,Home,HO-602,sale,-1,0
2024-09-22,S5,Electronics,EL-662,receipt,31,0
2024-09-22,S5,Home,HO-270,sale,-5,0
2024-09-22,S5,Home,HO-520,sale,-4,0
2024-09-22,S5,Apparel,AP-684,receipt,50,0
2024-09-22,S5,Apparel,AP-143,count,0,2
2024-09-22,S5,Electronics,EL-521,count,0,0
2024-09-22,S5,Grocery,GR-898,sale,-3,0
2024-09-22,S5,Grocery,GR-802,sale,-5,0
2024-09-22,S5,Grocery,GR-688,return,1,0
2024-09-22,S5,Apparel,AP-665,sale,-5,0
2024-09-22,S5,Apparel,AP-225,return,3,0
2024-09-22,S5,Grocery,GR-178,count,0,-1
2024-09-23,S1,Grocery,GR-329,return,1,0
2024-09-23,S1,Apparel,AP-860,sale,-2,0
2024-09-23,S1,Electronics,EL-788,sale,-3,0
2024-09-23,S1,Electronics,EL-973,sale,-5,0
2024-09-23,S1,Electronics,EL-818,sale,-4,0
2024-09-23,S1,Apparel,AP-653,sale,-4,0
2024-09-23,S1,Electronics,EL-705,sale,-3,0
2024-09-23,S1,Apparel,AP-506,return,2,0
2024-09-23,S1,Home,HO-984,sale,-2,0
2024-09-23,S1,Home,HO-944,sale,-5,0
2024-09-23,S1,Home,HO-545,count,0,-1
2024-09-23,S1,Grocery,GR-309,count,0,1
2024-09-23,S1,Grocery,GR-638,sale,-3,0
2024-09-23,S1,Electronics,EL-713,sale,-3,0
2024-09-23,S1,Electronics,EL-397,sale,-3,0
2024-09-23,S1,Apparel,AP-883,count,0,1
2024-09-23,S2,Electronics,EL-629,return,3,0
2024-09-23,S2,Electronics,EL-463,sale,-2,0
2024-09-23,S2,Grocery,GR-838,return,1,0
2024-09-23,S2,Electronics,EL-548,sale,-2,0
2024-09-23,S2,Home,HO-756,count,0,-1
2024-09-23,S2,Home,HO-897,return,1,0
2024-09-23,S2,Electronics,EL-439,count,0,2
2024-09-23,S2,Home,HO-612,sale,-1,0
2024-09-23,S2,Home,HO-420,sale,-6,0
2024-09-23,S3,Electronics,EL-506,sale,-3,0
2024-09-23,S3,Electronics,EL-377,sale,-6,0
2024-09-23,S3,Electronics,EL-116,sale,-3,0
2024-09-23,S3,Apparel,AP-889,return,1,0
2024-09-23,S3,Apparel,AP-239,sale,-5,0
2024-09-23,S3,Home,HO-398,sale,-4,0
2024-09-23,S3,Home,HO-456,receipt,18,0
2024-09-23,S3,Grocery,GR-441,count,0,1
2024-09-23,S4,Electronics,EL-230,return,2,0
2024-09-23,S4,Electronics,EL-966,return,2,0
2024-09-23,S4,Home,HO-617,sale,-2,0
2024-09-23,S4,Apparel,AP-931,receipt,40,0
2024-09-23,S4,Home,HO-847,receipt,42,0
2024-09-23,S4,Apparel,AP-308,count,0,1
2024-09-23,S4,Home,HO-590,sale,-3,0
2024-09-23,S4,Electronics,EL-128,receipt,55,0
2024-09-23,S4,Electronics,EL-292,sale,-5,0
2024-09-23,S4,Apparel,AP-710,sale,-6,0
2024-09-23,S4,Electronics,EL-863,sale,-5,0
2024-09-23,S5,Grocery,GR-554,sale,-4,0
2024-09-23,S5,Electronics,EL-200,sale,-3,0
2024-09-23,S5,Grocery,GR-513,receipt,43,0
2024-09-23,S5,Grocery,GR-480,sale,-2,0
2024-09-23,S5,Home,HO-207,sale,-1,0
2024-09-23,S5,Grocery,GR-600,sale,-5,0
2024-09-23,S5,Home,HO-955,return,1,0
2024-09-23,S5,Apparel,AP-305,receipt,58,0
2024-09-23,S5,Grocery,GR-514,receipt,53,0
2024-09-23,S5,Home,HO-350,sale,-3,0
2024-09-23,S5,Grocery,GR-546,sale,-6,0
2024-09-23,S5,Home,HO-545,sale,-4,0
2024-09-23,S5,Electronics,EL-192,sale,-4,0
2024-09-23,S5,Electronics,EL-106,sale,-4,0
2024-09-24,S1,Electronics,EL-668,count,0,2
2024-09-24,S1,Home,HO-551,sale,-2,0
2024-09-24,S1,Electronics,EL-315,sale,-2,0
2024-09-24,S1,Home,HO-219,sale,-3,0
2024-09-24,S1,Home,HO-963,count,0,1
2024-09-24,S1,Electronics,EL-614,sale,-5,0
2024-09-24,S1,Home,HO-293,sale,-5,0
2024-09-24,S1,Grocery,GR-819,sale,-6,0
2024-09-24,S2,Home,HO-304,sale,-4,0
2024-09-24,S2,Home,HO-723,sale,-5,0
2024-09-24,S2,Home,HO-210,receipt,47,0
2024-09-24,S2,Electronics,EL-549,receipt,36,0
2024-09-24,S2,Grocery,GR-409,sale,-1,0
2024-09-24,S2,Electronics,EL-410,count,0,-2
2024-09-24,S2,Home,HO-299,return,1,0
2024-09-24,S2,Home,HO-520,receipt,56,0
2024-09-24,S2,Grocery,GR-862,sale,-6,0
2024-09-24,S2,Apparel,AP-838,sale,-4,0
2024-09-24,S2,Apparel,AP-325,sale,-1,0
2024-09-24,S2,Apparel,AP-145,sale,-1,0
2024-09-24,S3,Grocery,GR-890,count,0,1
2024-09-24,S3,Apparel,AP-575,count,0,0
2024-09-24,S3,Grocery,GR-653,count,0,2
2024-09-24,S3,Home,HO-168,count,0,0
2024-09-24,S3,Grocery,GR-877,sale,-3,0
2024-09-24,S3,Apparel,AP-399,receipt,55,0
2024-09-24,S3,Electronics,EL-656,sale,-2,0
2024-09-24,S3,Home,HO-414,sale,-2,0
2024-09-24,S3,Grocery,GR-330,receipt,25,0
2024-09-24,S3,Grocery,GR-558,receipt,35,0
2024-09-24,S4,Home,HO-902,receipt,54,0
2024-09-24,S4,Apparel,AP-885,sale,-1,0
2024-09-24,S4,Grocery,GR-532,receipt,33,0
2024-09-24,S4,Electronics,EL-599,sale,-2,0
2024-09-24,S4,Grocery,GR-419,count,0,2
2024-09-24,S4,Grocery,GR-185,count,0,1
2024-09-24,S4,Electronics,EL-879,count,0,-1
2024-09-24,S4,Apparel,AP-714,receipt,14,0
2024-09-24,S4,Apparel,AP-713,receipt,47,0
2024-09-24,S4,Electronics,EL-761,receipt,22,0
2024-09-24,S4,Grocery,GR-995,sale,-1,0
2024-09-24,S5,Electronics,EL-108,sale,-1,0
2024-09-24,S5,Apparel,AP-810,receipt,24,0
2024-09-24,S5,Grocery,GR-484,sale,-1,0
2024-09-24,S5,Grocery,GR-887,sale,-5,0
2024-09-24,S5,Apparel,AP-972,count,0,-2
2024-09-24,S5,Apparel,AP-960,sale,-5,0
2024-09-24,S5,Electronics,EL-577,return,3,0
2024-09-24,S5,Grocery,GR-200,sale,-1,0
2024-09-24,S5,Electronics,EL-348,sale,-3,0
2024-09-24,S5,Electronics,EL-634,count,0,0
2024-09-24,S5,Electronics,EL-348,sale,-2,0
2024-09-24,S5,Apparel,AP-433,sale,-5,0
2024-09-24,S5,Apparel,AP-505,return,3,0
2024-09-25,S1,Electronics,EL-320,count,0,2
2024-09-25,S1,Electronics,EL-262,sale,-5,0
2024-09-25,S1,Apparel,AP-923,sale,-5,0
2024-09-25,S1,Apparel,AP-275,sale,-1,0
2024-09-25,S1,Home,HO-321,sale,-6,0
2024-09-25,S1,Home,HO-749,receipt,43,0
2024-09-25,S1,Apparel,AP-335,sale,-2,0
2024-09-25,S1,Electronics,EL-119,receipt,32,0
2024-09-25,S1,Grocery,GR-856,sale,-2,0
2024-09-25,S1,Electronics,EL-921,return,3,0
2024-09-25,S1,Home,HO-215,sale,-1,0
2024-09-25,S2,Grocery,GR-594,sale,-3,0
2024-09-25,S2,Grocery,GR-305,count,0,-2
2024-09-25,S2,Grocery,GR-861,sale,-5,0
2024-09-25,S2,Home,HO-764,receipt,41,0
2024-09-25,S2,Home,HO-210,sale,-3,0
2024-09-25,S2,Grocery,GR-965,sale,-6,0
2024-09-25,S2,Grocery,GR-695,sale,-3,0
2024-09-25,S2,Grocery,GR-502,count,0,1
2024-09-25,S2,Grocery,GR-521,sale,-4,0
2024-09-25,S2,Grocery,GR-101,count,0,-1
2024-09-25,S2,Electronics,EL-361,sale,-6,0
2024-09-25,S2,Apparel,AP-883,sale,-6,0
2024-09-25,S2,Home,HO-513,receipt,47,0
2024-09-25,S2,Apparel,AP-754,sale,-6,0
2024-09-25,S3,Home,HO-802,sale,-4,0
2024-09-25,S3,Apparel,AP-229,sale,-3,0
2024-09-25,S3,Apparel,AP-838,sale,-5,0
2024-09-25,S3,Apparel,AP-771,sale,-6,0
2024-09-25,S3,Apparel,AP-881,sale,-3,0
2024-09-25,S3,Home,HO-993,count,0,-2
2024-09-25,S3,Apparel,AP-570,return,3,0
2024-09-25,S3,Home,HO-438,receipt,39,0
2024-09-25,S3,Grocery,GR-615,sale,-1,0
2024-09-25,S3,Home,HO-344,sale,-4,0
2024-09-25,S3,Apparel,AP-346,receipt,24,0
2024-09-25,S3,Electronics,EL-818,count,0,-3
2024-09-25,S3,Apparel,AP-939,sale,-2,0
2024-09-25,S3,Home,HO-457,return,3,0
2024-09-25,S3,Home,HO-114,sale,-4,0
2024-09-25,S4,Electronics,EL-904,sale,-4,0
2024-09-25,S4,Electronics,EL-893,sale,-3,0
2024-09-25,S4,Home,HO-781,count,0,-2
2024-09-25,S4,Grocery,GR-378,sale,-5,0
2024-09-25,S4,Apparel,AP-297,sale,-4,0
2024-09-25,S4,Electronics,EL-745,return,3,0
2024-09-25,S4,Home,HO-860,sale,-2,0
2024-09-25,S4,Electronics,EL-967,sale,-4,0
2024-09-25,S4,Grocery,GR-474,sale,-2,0
2024-09-25,S4,Grocery,GR-513,receipt,49,0
2024-09-25,S4,Home,HO-885,sale,-5,0
2024-09-25,S4,Grocery,GR-899,sale,-2,0
2024-09-25,S5,Electronics,EL-108,return,1,0
2024-09-25,S5,Electronics,EL-243,receipt,60,0
2024-09-25,S5,Electronics,EL-159,sale,-1,0
2024-09-25,S5,Apparel,AP-147,sale,-3,0
2024-09-25,S5,Apparel,AP-780,receipt,48,0
2024-09-25,S5,Grocery,GR-383,count,0,1
2024-09-25,S5,Electronics,EL-488,count,0,1
2024-09-25,S5,Home,HO-671,receipt,54,0
2024-09-25,S5,Electronics,EL-389,sale,-5,0
2024-09-26,S1,Apparel,AP-182,sale,-3,0
2024-09-26,S1,Grocery,GR-849,sale,-4,0
2024-09-26,S1,Electronics,EL-255,receipt,57,0
2024-09-26,S1,Grocery,GR-659,sale,-3,0
2024-09-26,S1,Apparel,AP-243,count,0,0
2024-09-26,S1,Apparel,AP-790,count,0,-1
2024-09-26,S1,Electronics,EL-265,return,2,0
2024-09-26,S1,Grocery,GR-466,return,1,0
2024-09-26,S1,Grocery,GR-733,count,0,-1
2024-09-26,S1,Home,HO-229,count,0,1
2024-09-26,S1,Apparel,AP-932,sale,-1,0
2024-09-26,S2,Grocery,GR-469,sale,-1,0
2024-09-26,S2,Grocery,GR-990,receipt,50,0
2024-09-26,S2,Home,HO-756,sale,-6,0
2024-09-26,S2,Apparel,AP-964,receipt,36,0
2024-09-26,S2,Home,HO-214,return,3,0
2024-09-26,S2,Grocery,GR-757,sale,-5,0
2024-09-26,S2,Apparel,AP-304,return,3,0
2024-09-26,S2,Grocery,GR-376,sale,-2,0
2024-09-26,S2,Grocery,GR-352,count,0,1
2024-09-26,S2,Electronics,EL-567,return,3,0
2024-09-26,S2,Grocery,GR-225,count,0,-2
2024-09-26,S2,Electronics,EL-466,receipt,44,0
2024-09-26,S2,Electronics,EL-593,return,3,0
2024-09-26,S3,Grocery,GR-625,sale,-6,0
2024-09-26,S3,Apparel,AP-675,sale,-5,0
2024-09-26,S3,Electronics,EL-305,sale,-6,0
2024-09-26,S3,Electronics,EL-192,sale,-3,0
2024-09-26,S3,Apparel,AP-594,sale,-4,0
2024-09-26,S3,Electronics,EL-473,count,0,-2
2024-09-26,S3,Grocery,GR-292,receipt,33,0
2024-09-26,S3,Home,HO-881,sale,-3,0
2024-09-26,S4,Electronics,EL-290,receipt,20,0
2024-09-26,S4,Grocery,GR-472,receipt,34,0
2024-09-26,S4,Grocery,GR-966,sale,-3,0
2024-09-26,S4,Apparel,AP-750,sale,-2,0
2024-09-26,S4,Home,HO-925,count,0,1
2024-09-26,S4,Home,HO-481,count,0,-1
2024-09-26,S4,Apparel,AP-369,sale,-5,0
2024-09-26,S4,Grocery,GR-394,count,0,2
2024-09-26,S4,Apparel,AP-621,return,1,0
2024-09-26,S4,Apparel,AP-345,sale,-5,0
2024-09-26,S5,Electronics,EL-866,sale,-3,0
2024-09-26,S5,Home,HO-758,sale,-1,0
2024-09-26,S5,Grocery,GR-952,sale,-2,0
2024-09-26,S5,Apparel,AP-323,sale,-2,0
2024-09-26,S5,Electronics,EL-781,sale,-2,0
2024-09-26,S5,Electronics,EL-842,sale,-6,0
2024-09-26,S5,Home,HO-388,sale,-1,0
2024-09-26,S5,Apparel,AP-849,receipt,27,0
2024-09-26,S5,Electronics,EL-508,return,3,0
2024-09-26,S5,Home,HO-211,sale,-5,0
2024-09-27,S1,Electronics,EL-228,receipt,47,0
2024-09-27,S1,Electronics,EL-893,sale,-3,0
2024-09-27,S1,Electronics,EL-935,receipt,49,0
2024-09-27,S1,Home,HO-520,return,3,0
2024-09-27,S1,Grocery,GR-908,count,0,2
2024-09-27,S1,Home,HO-326,sale,-5,0
2024-09-27,S1,Apparel,AP-109,return,3,0
2024-09-27,S1,Grocery,GR-752,sale,-2,0
2024-09-27,S1,Grocery,GR-163,sale,-3,0
2024-09-27,S1,Electronics,EL-309,return,3,0
2024-09-27,S1,Apparel,AP-785,count,0,0
2024-09-27,S1,Apparel,AP-359,count,0,1
2024-09-27,S1,Home,HO-765,sale,-2,0
2024-09-27,S2,Apparel,AP-229,return,3,0
2024-09-27,S2,Home,HO-276,sale,-5,0
2024-09-27,S2,Grocery,GR-704,count,0,-1
2024-09-27,S2,Apparel,AP-258,count,0,-2
2024-09-27,S2,Electronics,EL-445,sale,-5,0
2024-09-27,S2,Electronics,EL-700,sale,-2,0
2024-09-27,S2,Electronics,EL-121,sale,-6,0
2024-09-27,S2,Home,HO-688,count,0,-1
2024-09-27,S2,Grocery,GR-765,sale,-2,0
2024-09-27,S2,Electronics,EL-354,count,0,-1
2024-09-27,S2,Grocery,GR-143,count,0,-2
2024-09-27,S2,Electronics,EL-979,return,1,0
2024-09-27,S2,Grocery,GR-647,sale,-3,0
2024-09-27,S3,Home,HO-180,sale,-3,0
2024-09-27,S3,Apparel,AP-644,return,3,0
2024-09-27,S3,Apparel,AP-393,sale,-1,0
2024-09-27,S3,Electronics,EL-112,receipt,19,0
2024-09-27,S3,Home,HO-187,receipt,17,0
2024-09-27,S3,Electronics,EL-806,sale,-4,0
2024-09-27,S3,Home,HO-685,sale,-4,0
2024-09-27,S3,Apparel,AP-288,return,1,0
2024-09-27,S3,Apparel,AP-335,return,2,0
2024-09-27,S3,Apparel,AP-998,count,0,1
2024-09-27,S3,Electronics,EL-242,sale,-6,0
2024-09-27,S3,Home,HO-763,sale,-1,0
2024-09-27,S3,Home,HO-109,count,0,1
2024-09-27,S3,Grocery,GR-915,return,1,0
2024-09-27,S3,Grocery,GR-973,sale,-4,0
2024-09-27,S4,Grocery,GR-364,count,0,0
2024-09-27,S4,Electronics,EL-560,return,1,0
2024-09-27,S4,Home,HO-381,receipt,59,0
2024-09-27,S4,Home,HO-573,receipt,36,0
2024-09-27,S4,Home,HO-721,receipt,25,0
2024-09-27,S4,Apparel,AP-776,sale,-1,0
2024-09-27,S4,Apparel,AP-348,receipt,59,0
2024-09-27,S4,Grocery,GR-646,count,0,-2
2024-09-27,S4,Home,HO-731,sale,-6,0
2024-09-27,S5,Apparel,AP-794,sale,-4,0
2024-09-27,S5,Electronics,EL-234,receipt,34,0
2024-09-27,S5,Electronics,EL-498,sale,-4,0
2024-09-27,S5,Grocery,GR-802,count,0,0
2024-09-27,S5,Grocery,GR-585,receipt,21,0
2024-09-27,S5,Electronics,EL-833,sale,-3,0
2024-09-27,S5,Electronics,EL-981,sale,-2,0
2024-09-27,S5,Grocery,GR-519,return,2,0
2024-09-27,S5,Electronics,EL-230,return,2,0
2024-09-28,S1,Grocery,GR-245,return,3,0
2024-09-28,S1,Apparel,AP-387,count,0,1
2024-09-28,S1,Apparel,AP-392,count,0,-1
2024-09-28,S1,Apparel,AP-515,sale,-5,0
2024-09-28,S1,Home,HO-841,sale,-4,0
2024-09-28,S1,Home,HO-950,count,0,1
2024-09-28,S1,Grocery,GR-462,count,0,0
2024-09-28,S1,Home,HO-542,return,3,0
2024-09-28,S1,Electronics,EL-343,receipt,39,0
2024-09-28,S1,Electronics,EL-630,sale,-3,0
2024-09-28,S1,Electronics,EL-911,sale,-2,0
2024-09-28,S1,Home,HO-957,return,2,0
2024-09-28,S1,Home,HO-696,sale,-5,0
2024-09-28,S1,Apparel,AP-819,count,0,-1
2024-09-28,S1,Electronics,EL-316,sale,-4,0
2024-09-28,S1,Apparel,AP-944,count,0,-2
2024-09-28,S2,Apparel,AP-558,count,0,2
2024-09-28,S2,Grocery,GR-726,sale,-5,0
2024-09-28,S2,Grocery,GR-702,sale,-3,0
2024-09-28,S2,Apparel,AP-783,sale,-3,0
2024-09-28,S2,Apparel,AP-666,sale,-3,0
2024-09-28,S2,Home,HO-903,receipt,42,0
2024-09-28,S2,Apparel,AP-330,sale,-1,0
2024-09-28,S2,Apparel,AP-255,sale,-3,0
2024-09-28,S2,Grocery,GR-364,sale,-5,0
2024-09-28,S3,Electronics,EL-743,sale,-2,0
2024-09-28,S3,Apparel,AP-380,return,2,0
2024-09-28,S3,Grocery,GR-447,sale,-5,0
2024-09-28,S3,Apparel,AP-840,sale,-3,0
2024-09-28,S3,Grocery,GR-690,sale,-4,0
2024-09-28,S3,Grocery,GR-681,sale,-1,0
2024-09-28,S3,Apparel,AP-814,sale,-2,0
2024-09-28,S3,Grocery,GR-322,sale,-6,0
2024-09-28,S4,Electronics,EL-847,sale,-2,0
2024-09-28,S4,Home,HO-729,sale,-4,0
2024-09-28,S4,Electronics,EL-706,receipt,59,0
2024-09-28,S4,Apparel,AP-352,receipt,23,0
2024-09-28,S4,Apparel,AP-312,sale,-1,0
2024-09-28,S4,Electronics,EL-592,receipt,46,0
2024-09-28,S4,Electronics,EL-561,sale,-6,0
2024-09-28,S4,Grocery,GR-523,count,0,1
2024-09-28,S4,Electronics,EL-520,sale,-6,0
2024-09-28,S4,Grocery,GR-294,sale,-6,0
2024-09-28,S4,Apparel,AP-999,sale,-6,0
2024-09-28,S4,Electronics,EL-458,sale,-3,0
2024-09-28,S4,Apparel,AP-986,count,0,-1
2024-09-28,S4,Home,HO-452,receipt,15,0
2024-09-28,S4,Grocery,GR-427,sale,-2,0
2024-09-28,S5,Electronics,EL-470,sale,-5,0
2024-09-28,S5,Electronics,EL-962,return,1,0
2024-09-28,S5,Electronics,EL-778,sale,-3,0
2024-09-28,S5,Grocery,GR-402,sale,-3,0
2024-09-28,S5,Grocery,GR-369,return,3,0
2024-09-28,S5,Home,HO-894,return,1,0
2024-09-28,S5,Home,HO-437,sale,-4,0
2024-09-28,S5,Home,HO-688,sale,-4,0
2024-09-28,S5,Electronics,EL-491,return,3,0
2024-09-28,S5,Grocery,GR-173,receipt,59,0
2024-09-28,S5,Grocery,GR-114,count,0,0
2024-09-28,S5,Apparel,AP-188,return,1,0
2024-09-28,S5,Apparel,AP-568,count,0,1
2024-09-28,S5,Electronics,EL-158,sale,-1,0
2024-09-29,S1,Grocery,GR-269,sale,-5,0
2024-09-29,S1,Home,HO-787,return,2,0
2024-09-29,S1,Apparel,AP-309,sale,-4,0
2024-09-29,S1,Apparel,AP-848,count,0,1
2024-09-29,S1,Electronics,EL-240,receipt,37,0
2024-09-29,S1,Apparel,AP-411,sale,-1,0
2024-09-29,S1,Apparel,AP-782,receipt,41,0
2024-09-29,S1,Home,HO-903,count,0,-2
2024-09-29,S1,Apparel,AP-645,sale,-4,0
2024-09-29,S1,Apparel,AP-865,receipt,53,0
2024-09-29,S1,Home,HO-534,receipt,48,0
2024-09-29,S2,Electronics,EL-779,sale,-6,0
2024-09-29,S2,Grocery,GR-319,receipt,31,0
2024-09-29,S2,Grocery,GR-559,sale,-6,0
2024-09-29,S2,Electronics,EL-583,return,1,0
2024-09-29,S2,Apparel,AP-242,sale,-1,0
2024-09-29,S2,Home,HO-709,sale,-5,0
2024-09-29,S2,Electronics,EL-679,receipt,22,0
2024-09-29,S2,Electronics,EL-522,return,2,0
2024-09-29,S2,Grocery,GR-863,sale,-3,0
2024-09-29,S2,Home,HO-266,receipt,40,0
2024-09-29,S2,Grocery,GR-525,return,2,0
2024-09-29,S2,Apparel,AP-411,receipt,35,0
2024-09-29,S2,Electronics,EL-309,sale,-5,0
2024-09-29,S2,Apparel,AP-849,return,2,0
2024-09-29,S2,Apparel,AP-431,sale,-4,0
2024-09-29,S2,Apparel,AP-367,sale,-5,0
2024-09-29,S3,Apparel,AP-450,sale,-3,0
2024-09-29,S3,Electronics,EL-153,receipt,55,0
2024-09-29,S3,Grocery,GR-519,count,0,1
2024-09-29,S3,Grocery,GR-637,return,1,0
2024-09-29,S3,Apparel,AP-417,sale,-5,0
2024-09-29,S3,Electronics,EL-134,sale,-1,0
2024-09-29,S3,Home,HO-530,receipt,45,0
2024-09-29,S3,Apparel,AP-935,receipt,39,0
2024-09-29,S3,Electronics,EL-233,sale,-5,0
2024-09-29,S3,Electronics,EL-370,sale,-2,0
2024-09-29,S3,Apparel,AP-588,count,0,1
2024-09-29,S3,Apparel,AP-521,sale,-5,0
2024-09-29,S3,Electronics,EL-807,return,3,0
2024-09-29,S4,Electronics,EL-766,count,0,2
2024-09-29,S4,Apparel,AP-392,sale,-1,0
2024-09-29,S4,Grocery,GR-754,sale,-6,0
2024-09-29,S4,Grocery,GR-779,sale,-6,0
2024-09-29,S4,Electronics,EL-240,sale,-2,0
2024-09-29,S4,Electronics,EL-778,count,0,-2
2024-09-29,S4,Electronics,EL-719,return,1,0
2024-09-29,S4,Apparel,AP-855,sale,-4,0
2024-09-29,S4,Grocery,GR-790,count,0,-1
2024-09-29,S4,Electronics,EL-765,count,0,-2
2024-09-29,S5,Electronics,EL-304,return,3,0
2024-09-29,S5,Apparel,AP-585,return,1,0
2024-09-29,S5,Electronics,EL-136,return,2,0
2024-09-29,S5,Home,HO-518,count,0,-2
2024-09-29,S5,Electronics,EL-102,return,2,0
2024-09-29,S5,Home,HO-145,sale,-3,0
2024-09-29,S5,Grocery,GR-330,count,0,1
2024-09-29,S5,Electronics,EL-430,sale,-1,0
2024-09-30,S1,Electronics,EL-883,sale,-4,0
2024-09-30,S1,Electronics,EL-170,return,3,0
2024-09-30,S1,Home,HO-696,sale,-2,0
2024-09-30,S1,Electronics,EL-895,return,2,0
2024-09-30,S1,Electronics,EL-301,count,0,1
2024-09-30,S1,Grocery,GR-212,return,2,0
2024-09-30,S1,Electronics,EL-650,sale,-2,0
2024-09-30,S1,Grocery,GR-572,sale,-2,0
2024-09-30,S1,Home,HO-369,sale,-5,0
2024-09-30,S1,Grocery,GR-550,sale,-2,0
2024-09-30,S1,Home,HO-608,receipt,15,0
2024-09-30,S1,Grocery,GR-510,count,0,0
2024-09-30,S1,Electronics,EL-266,sale,-4,0
2024-09-30,S1,Apparel,AP-450,count,0,-1
2024-09-30,S2,Grocery,GR-508,count,0,0
2024-09-30,S2,Grocery,GR-269,receipt,50,0
2024-09-30,S2,Grocery,GR-950,receipt,34,0
2024-09-30,S2,Home,HO-707,sale,-6,0
2024-09-30,S2,Electronics,EL-473,return,3,0
2024-09-30,S2,Electronics,EL-843,sale,-2,0
2024-09-30,S2,Electronics,EL-641,receipt,39,0
2024-09-30,S2,Electronics,EL-430,sale,-4,0
2024-09-30,S2,Apparel,AP-978,sale,-2,0
2024-09-30,S2,Home,HO-406,count,0,1
2024-09-30,S2,Electronics,EL-260,sale,-1,0
2024-09-30,S2,Apparel,AP-397,return,1,0
2024-09-30,S2,Electronics,EL-573,sale,-5,0
2024-09-30,S2,Electronics,EL-772,sale,-5,0
2024-09-30,S2,Electronics,EL-616,sale,-5,0
2024-09-30,S3,Apparel,AP-745,count,0,-2
2024-09-30,S3,Apparel,AP-597,receipt,47,0
2024-09-30,S3,Home,HO-994,count,0,1
2024-09-30,S3,Home,HO-939,return,1,0
2024-09-30,S3,Home,HO-964,receipt,44,0
2024-09-30,S3,Grocery,GR-760,sale,-4,0
2024-09-30,S3,Grocery,GR-282,receipt,47,0
2024-09-30,S3,Electronics,EL-790,sale,-1,0
2024-09-30,S3,Grocery,GR-730,count,0,2
2024-09-30,S3,Grocery,GR-471,count,0,1
2024-09-30,S3,Electronics,EL-442,sale,-6,0
2024-09-30,S3,Grocery,GR-848,sale,-5,0
2024-09-30,S3,Apparel,AP-541,receipt,24,0
2024-09-30,S3,Electronics,EL-994,sale,-4,0
2024-09-30,S3,Grocery,GR-797,sale,-4,0
2024-09-30,S3,Apparel,AP-562,sale,-4,0
2024-09-30,S4,Grocery,GR-265,receipt,34,0
2024-09-30,S4,Grocery,GR-973,sale,-2,0
2024-09-30,S4,Apparel,AP-920,sale,-1,0
2024-09-30,S4,Apparel,AP-433,return,1,0
2024-09-30,S4,Grocery,GR-264,sale,-2,0
2024-09-30,S4,Grocery,GR-940,count,0,-1
2024-09-30,S4,Grocery,GR-204,receipt,35,0
2024-09-30,S4,Home,HO-268,count,0,-1
2024-09-30,S4,Apparel,AP-813,sale,-3,0
2024-09-30,S4,Home,HO-700,count,0,-1
2024-09-30,S4,Electronics,EL-990,sale,-1,0
2024-09-30,S4,Grocery,GR-267,sale,-3,0
2024-09-30,S5,Electronics,EL-213,count,0,0
2024-09-30,S5,Home,HO-491,sale,-4,0
2024-09-30,S5,Electronics,EL-882,count,0,2
2024-09-30,S5,Home,HO-853,sale,-4,0
2024-09-30,S5,Grocery,GR-954,sale,-1,0
2024-09-30,S5,Apparel,AP-965,sale,-4,0
2024-09-30,S5,Electronics,EL-675,count,0,-1
2024-09-30,S5,Electronics,EL-780,sale,-5,0
2024-09-30,S5,Grocery,GR-701,sale,-4,0
2024-09-30,S5,Apparel,AP-264,sale,-6,0
2024-09-30,S5,Home,HO-695,sale,-6,0
2024-09-30,S5,Grocery,GR-609,return,2,0
2024-09-30,S5,Grocery,GR-913,return,2,0
2024-09-30,S5,Home,HO-336,sale,-3,0
2024-10-01,S1,Home,HO-146,count,0,0
2024-10-01,S1,Home,HO-827,sale,-4,0
2024-10-01,S1,Home,HO-626,sale,-2,0
2024-10-01,S1,Home,HO-116,return,2,0
2024-10-01,S1,Apparel,AP-170,sale,-4,0
2024-10-01,S1,Apparel,AP-526,sale,-6,0
2024-10-01,S1,Electronics,EL-374,count,0,2
2024-10-01,S1,Apparel,AP-228,count,0,2
2024-10-01,S2,Grocery,GR-608,sale,-6,0
2024-10-01,S2,Grocery,GR-897,receipt,14,0
2024-10-01,S2,Home,HO-949,sale,-4,0
2024-10-01,S2,Electronics,EL-957,count,0,0
2024-10-01,S2,Apparel,AP-580,receipt,33,0
2024-10-01,S2,Electronics,EL-664,receipt,50,0
2024-10-01,S2,Apparel,AP-989,sale,-4,0
2024-10-01,S2,Grocery,GR-194,receipt,49,0
2024-10-01,S2,Apparel,AP-647,sale,-6,0
2024-10-01,S2,Grocery,GR-560,sale,-5,0
2024-10-01,S3,Apparel,AP-359,receipt,53,0
2024-10-01,S3,Grocery,GR-291,sale,-4,0
2024-10-01,S3,Apparel,AP-310,return,3,0
2024-10-01,S3,Home,HO-603,receipt,17,0
2024-10-01,S3,Grocery,GR-675,receipt,49,0
2024-10-01,S3,Grocery,GR-269,return,2,0
2024-10-01,S3,Home,HO-349,return,1,0
2024-10-01,S3,Grocery,GR-811,sale,-2,0
2024-10-01,S3,Home,HO-775,sale,-6,0
2024-10-01,S3,Grocery,GR-338,sale,-6,0
2024-10-01,S3,Grocery,GR-226,return,1,0
2024-10-01,S3,Apparel,AP-453,sale,-5,0
2024-10-01,S3,Electronics,EL-285,sale,-3,0
2024-10-01,S4,Electronics,EL-403,count,0,-2
2024-10-01,S4,Apparel,AP-196,return,1,0
2024-10-01,S4,Apparel,AP-991,count,0,-2
2024-10-01,S4,Apparel,AP-640,return,3,0
2024-10-01,S4,Home,HO-856,sale,-4,0
2024-10-01,S4,Electronics,EL-742,return,1,0
2024-10-01,S4,Apparel,AP-230,return,3,0
2024-10-01,S4,Apparel,AP-575,count,0,2
2024-10-01,S4,Grocery,GR-962,count,0,2
2024-10-01,S5,Home,HO-601,count,0,-1
2024-10-01,S5,Electronics,EL-207,sale,-5,0
2024-10-01,S5,Home,HO-546,receipt,17,0
2024-10-01,S5,Apparel,AP-553,receipt,33,0
2024-10-01,S5,Grocery,GR-739,return,2,0
2024-10-01,S5,Apparel,AP-168,return,2,0
2024-10-01,S5,Electronics,EL-660,sale,-1,0
2024-10-01,S5,Grocery,GR-576,count,0,1
2024-10-01,S5,Home,HO-360,sale,-2,0
2024-10-01,S5,Apparel,AP-840,receipt,59,0
2024-10-01,S5,Apparel,AP-714,receipt,51,0
2024-10-01,S5,Home,HO-772,receipt,22,0
2024-10-01,S5,Home,HO-134,sale,-4,0
2024-10-01,S5,Home,HO-599,sale,-4,0
2024-10-01,S5,Home,HO-338,sale,-5,0
2024-10-01,S5,Home,HO-679,return,2,0
2024-10-02,S1,Grocery,GR-600,sale,-3,0
2024-10-02,S1,Home,HO-206,sale,-2,0
2024-10-02,S1,Apparel,AP-576,receipt,19,0
2024-10-02,S1,Apparel,AP-405,receipt,39,0
2024-10-02,S1,Grocery,GR-197,count,0,1
2024-10-02,S1,Electronics,EL-224,count,0,-2
2024-10-02,S1,Electronics,EL-442,sale,-4,0
2024-10-02,S1,Electronics,EL-616,return,3,0
2024-10-02,S1,Electronics,EL-978,sale,-5,0
2024-10-02,S1,Electronics,EL-309,sale,-5,0
2024-10-02,S1,Grocery,GR-316,sale,-6,0
2024-10-02,S1,Electronics,EL-156,sale,-5,0
2024-10-02,S1,Apparel,AP-310,return,2,0
2024-10-02,S1,Apparel,AP-126,count,0,-2
2024-10-02,S1,Grocery,GR-580,receipt,17,0
2024-10-02,S1,Electronics,EL-616,sale,-5,0
2024-10-02,S2,Home,HO-523,sale,-6,0
2024-10-02,S2,Home,HO-855,receipt,55,0
2024-10-02,S2,Grocery,GR-126,receipt,35,0
2024-10-02,S2,Home,HO-399,sale,-1,0
2024-10-02,S2,Electronics,EL-577,sale,-4,0
2024-10-02,S2,Apparel,AP-903,count,0,1
2024-10-02,S2,Apparel,AP-208,sale,-6,0
2024-10-02,S2,Home,HO-324,return,1,0
2024-10-02,S2,Grocery,GR-807,sale,-4,0
2024-10-02,S2,Electronics,EL-623,count,0,1
2024-10-02,S3,Apparel,AP-911,sale,-2,0
2024-10-02,S3,Home,HO-827,count,0,2
2024-10-02,S3,Grocery,GR-601,sale,-2,0
2024-10-02,S3,Electronics,EL-560,sale,-1,0
2024-10-02,S3,Grocery,GR-704,count,0,1
2024-10-02,S3,Apparel,AP-891,sale,-1,0
2024-10-02,S3,Home,HO-215,return,1,0
2024-10-02,S3,Apparel,AP-672,sale,-5,0
2024-10-02,S3,Electronics,EL-708,sale,-2,0
2024-10-02,S3,Apparel,AP-405,sale,-2,0
2024-10-02,S3,Apparel,AP-725,sale,-4,0
2024-10-02,S3,Grocery,GR-144,sale,-5,0
2024-10-02,S4,Home,HO-659,receipt,23,0
2024-10-02,S4,Grocery,GR-624,count,0,-1
2024-10-02,S4,Apparel,AP-634,sale,-4,0
2024-10-02,S4,Apparel,AP-453,count,0,-1
2024-10-02,S4,Electronics,EL-351,sale,-3,0
2024-10-02,S4,Grocery,GR-420,sale,-1,0
2024-10-02,S4,Apparel,AP-578,sale,-5,0
2024-10-02,S4,Grocery,GR-497,receipt,16,0
2024-10-02,S4,Grocery,GR-685,sale,-2,0
2024-10-02,S5,Electronics,EL-860,sale,-5,0
2024-10-02,S5,Home,HO-314,return,2,0
2024-10-02,S5,Grocery,GR-799,return,3,0
2024-10-02,S5,Home,HO-674,sale,-3,0
2024-10-02,S5,Home,HO-959,sale,-2,0
2024-10-02,S5,Apparel,AP-805,sale,-4,0
2024-10-02,S5,Grocery,GR-988,sale,-1,0
2024-10-02,S5,Grocery,GR-208,count,0,-1
2024-10-02,S5,Electronics,EL-668,count,0,0
2024-10-02,S5,Electronics,EL-981,sale,-6,0
2024-10-02,S5,Apparel,AP-524,receipt,14,0
2024-10-02,S5,Apparel,AP-924,return,1,0
2024-10-03,S1,Electronics,EL-640,sale,-3,0
2024-10-03,S1,Home,HO-832,receipt,53,0
2024-10-03,S1,Home,HO-196,sale,-6,0
2024-10-03,S1,Apparel,AP-456,count,0,-2
2024-10-03,S1,Home,HO-851,sale,-3,0
2024-10-03,S1,Grocery,GR-311,sale,-6,0
2024-10-03,S1,Apparel,AP-652,sale,-6,0
2024-10-03,S1,Home,HO-902,return,2,0
2024-10-03,S1,Apparel,AP-103,sale,-4,0
2024-10-03,S1,Grocery,GR-953,count,0,-2
2024-10-03,S1,Electronics,EL-571,sale,-5,0
2024-10-03,S1,Apparel,AP-802,sale,-6,0
2024-10-03,S1,Apparel,AP-508,sale,-3,0
2024-10-03,S1,Electronics,EL-895,sale,-1,0
2024-10-03,S2,Grocery,GR-196,return,1,0
2024-10-03,S2,Apparel,AP-241,sale,-5,0
2024-10-03,S2,Electronics,EL-962,sale,-2,0
2024-10-03,S2,Electronics,EL-251,return,2,0
2024-10-03,S2,Home,HO-342,sale,-3,0
2024-10-03,S2,Home,HO-895,sale,-2,0
2024-10-03,S2,Electronics,EL-944,count,0,0
2024-10-03,S2,Home,HO-414,return,3,0
2024-10-03,S3,Apparel,AP-715,sale,-2,0
2024-10-03,S3,Home,HO-420,sale,-5,0
2024-10-03,S3,Electronics,EL-415,receipt,58,0
2024-10-03,S3,Home,HO-874,sale,-2,0
2024-10-03,S3,Apparel,AP-630,return,1,0
2024-10-03,S3,Home,HO-771,return,1,0
2024-10-03,S3,Grocery,GR-553,receipt,15,0
2024-10-03,S3,Apparel,AP-145,count,0,1
2024-10-03,S3,Electronics,EL-660,return,3,0
2024-10-03,S4,Electronics,EL-104,sale,-2,0
2024-10-03,S4,Electronics,EL-572,sale,-4,0
2024-10-03,S4,Electronics,EL-215,sale,-2,0
2024-10-03,S4,Apparel,AP-172,sale,-4,0
2024-10-03,S4,Home,HO-888,sale,-5,0
2024-10-03,S4,Grocery,GR-584,sale,-3,0
2024-10-03,S4,Home,HO-808,count,0,1
2024-10-03,S4,Grocery,GR-217,count,0,0
2024-10-03,S4,Electronics,EL-306,sale,-5,0
2024-10-03,S4,Electronics,EL-184,count,0,2
2024-10-03,S5,Home,HO-771,sale,-6,0
2024-10-03,S5,Home,HO-607,sale,-6,0
2024-10-03,S5,Home,HO-966,sale,-3,0
2024-10-03,S5,Electronics,EL-268,receipt,20,0
2024-10-03,S5,Grocery,GR-302,sale,-2,0
2024-10-03,S5,Electronics,EL-364,sale,-6,0
2024-10-03,S5,Electronics,EL-430,receipt,41,0
2024-10-03,S5,Grocery,GR-335,sale,-2,0
2024-10-03,S5,Grocery,GR-133,sale,-5,0
2024-10-03,S5,Grocery,GR-765,return,1,0
2024-10-04,S1,Grocery,GR-979,sale,-5,0
2024-10-04,S1,Apparel,AP-212,sale,-2,0
2024-10-04,S1,Apparel,AP-676,count,0,0
2024-10-04,S1,Grocery,GR-149,sale,-2,0
2024-10-04,S1,Electronics,EL-956,sale,-6,0
2024-10-04,S1,Apparel,AP-315,sale,-6,0
2024-10-04,S1,Grocery,GR-755,sale,-6,0
2024-10-04,S1,Home,HO-290,sale,-2,0
2024-10-04,S1,Grocery,GR-558,sale,-3,0
2024-10-04,S1,Apparel,AP-247,sale,-4,0
2024-10-04,S1,Apparel,AP-782,sale,-3,0
2024-10-04,S1,Home,HO-145,receipt,43,0
2024-10-04,S1,Home,HO-433,sale,-2,0
2024-10-04,S1,Electronics,EL-103,sale,-6,0
2024-10-04,S1,Grocery,GR-543,count,0,-1
2024-10-04,S2,Home,HO-546,sale,-1,0
2024-10-04,S2,Apparel,AP-899,return,2,0
2024-10-04,S2,Apparel,AP-255,sale,-2,0
2024-10-04,S2,Home,HO-745,sale,-2,0
2024-10-04,S2,Electronics,EL-324,sale,-5,0
2024-10-04,S2,Apparel,AP-100,sale,-2,0
2024-10-04,S2,Apparel,AP-238,receipt,60,0
2024-10-04,S2,Apparel,AP-948,sale,-2,0
2024-10-04,S2,Electronics,EL-177,sale,-1,0
2024-10-04,S2,Apparel,AP-465,return,1,0
2024-10-04,S2,Apparel,AP-825,count,0,0
2024-10-04,S2,Grocery,GR-978,return,3,0
2024-10-04,S2,Electronics,EL-528,sale,-3,0
2024-10-04,S2,Grocery,GR-177,receipt,20,0
2024-10-04,S2,Apparel,AP-610,return,3,0
2024-10-04,S2,Apparel,AP-290,sale,-1,0
2024-10-04,S3,Home,HO-122,sale,-6,0
2024-10-04,S3,Electronics,EL-552,return,1,0
2024-10-04,S3,Grocery,GR-913,receipt,28,0
2024-10-04,S3,Apparel,AP-793,receipt,18,0
2024-10-04,S3,Electronics,EL-318,sale,-4,0
2024-10-04,S3,Electronics,EL-542,sale,-5,0
2024-10-04,S3,Electronics,EL-610,sale,-4,0
2024-10-04,S3,Electronics,EL-783,sale,-4,0
2024-10-04,S3,Apparel,AP-787,count,0,-1
2024-10-04,S3,Home,HO-343,sale,-3,0
2024-10-04,S3,Grocery,GR-790,return,2,0
2024-10-04,S3,Apparel,AP-699,sale,-3,0
2024-10-04,S3,Apparel,AP-148,sale,-4,0
2024-10-04,S3,Grocery,GR-708,receipt,51,0
2024-10-04,S4,Electronics,EL-598,return,3,0
2024-10-04,S4,Apparel,AP-797,count,0,-2
2024-10-04,S4,Apparel,AP-381,sale,-5,0
2024-10-04,S4,Apparel,AP-399,sale,-4,0
2024-10-04,S4,Electronics,EL-388,return,2,0
2024-10-04,S4,Grocery,GR-886,receipt,11,0
2024-10-04,S4,Home,HO-469,return,2,0
2024-10-04,S4,Electronics,EL-374,return,2,0
2024-10-04,S4,Apparel,AP-300,count,0,-2
2024-10-04,S4,Grocery,GR-700,count,0,1
2024-10-04,S4,Grocery,GR-102,sale,-3,0
2024-10-04,S4,Grocery,GR-521,receipt,41,0
2024-10-04,S4,Home,HO-964,sale,-4,0
2024-10-04,S5,Electronics,EL-121,sale,-4,0
2024-10-04,S5,Home,HO-159,return,1,0
2024-10-04,S5,Home,HO-798,return,2,0
2024-10-04,S5,Electronics,EL-401,sale,-2,0
2024-10-04,S5,Home,HO-465,receipt,22,0
2024-10-04,S5,Grocery,GR-117,receipt,53,0
2024-10-04,S5,Grocery,GR-525,receipt,21,0
2024-10-04,S5,Electronics,EL-318,return,1,0
2024-10-04,S5,Apparel,AP-165,receipt,15,0
2024-10-04,S5,Home,HO-740,count,0,-2
2024-10-04,S5,Electronics,EL-104,sale,-4,0
2024-10-05,S1,Home,HO-499,count,0,-1
2024-10-05,S1,Home,HO-245,count,0,-1
2024-10-05,S1,Grocery,GR-465,sale,-6,0
2024-10-05,S1,Electronics,EL-155,return,3,0
2024-10-05,S1,Electronics,EL-807,return,2,0
2024-10-05,S1,Electronics,EL-566,receipt,38,0
2024-10-05,S1,Electronics,EL-997,sale,-2,0
2024-10-05,S1,Electronics,EL-500,sale,-1,0
2024-10-05,S1,Grocery,GR-809,receipt,27,0
2024-10-05,S1,Apparel,AP-173,count,0,-1
2024-10-05,S1,Grocery,GR-996,return,1,0
2024-10-05,S1,Grocery,GR-581,receipt,10,0
2024-10-05,S1,Apparel,AP-423,sale,-4,0
2024-10-05,S1,Grocery,GR-428,sale,-6,0
2024-10-05,S2,Grocery,GR-681,sale,-3,0
2024-10-05,S2,Home,HO-415,return,1,0
2024-10-05,S2,Electronics,EL-892,sale,-3,0
2024-10-05,S2,Grocery,GR-989,count,0,1
2024-10-05,S2,Apparel,AP-802,return,1,0
2024-10-05,S2,Grocery,GR-566,count,0,2
2024-10-05,S2,Home,HO-519,count,0,0
2024-10-05,S2,Electronics,EL-224,return,2,0
2024-10-05,S2,Electronics,EL-556,count,0,-1
2024-10-05,S2,Apparel,AP-102,sale,-1,0
2024-10-05,S2,Home,HO-452,sale,-1,0
2024-10-05,S2,Electronics,EL-859,return,2,0
2024-10-05,S2,Grocery,GR-815,count,0,2
2024-10-05,S3,Electronics,EL-193,sale,-3,0
2024-10-05,S3,Apparel,AP-822,receipt,44,0
2024-10-05,S3,Home,HO-273,sale,-4,0
2024-10-05,S3,Home,HO-368,sale,-1,0
2024-10-05,S3,Grocery,GR-600,return,3,0
2024-10-05,S3,Apparel,AP-913,return,1,0
2024-10-05,S3,Apparel,AP-197,sale,-4,0
2024-10-05,S3,Apparel,AP-837,receipt,33,0
2024-10-05,S3,Grocery,GR-236,sale,-2,0
2024-10-05,S3,Grocery,GR-797,return,3,0
2024-10-05,S3,Grocery,GR-821,sale,-2,0
2024-10-05,S4,Electronics,EL-542,return,3,0
2024-10-05,S4,Home,HO-131,sale,-6,0
2024-10-05,S4,Home,HO-212,count,0,1
2024-10-05,S4,Home,HO-963,sale,-6,0
2024-10-05,S4,Home,HO-569,sale,-1,0
2024-10-05,S4,Home,HO-857,return,2,0
2024-10-05,S4,Electronics,EL-284,count,0,-1
2024-10-05,S4,Apparel,AP-770,receipt,18,0
2024-10-05,S4,Home,HO-226,sale,-3,0
2024-10-05,S4,Apparel,AP-430,return,2,0
2024-10-05,S4,Electronics,EL-732,count,0,1
2024-10-05,S4,Grocery,GR-489,sale,-6,0
2024-10-05,S4,Grocery,GR-979,receipt,24,0
2024-10-05,S5,Grocery,GR-777,sale,-3,0
2024-10-05,S5,Grocery,GR-814,sale,-3,0
2024-10-05,S5,Apparel,AP-373,receipt,29,0
2024-10-05,S5,Electronics,EL-309,sale,-3,0
2024-10-05,S5,Grocery,GR-693,receipt,43,0
2024-10-05,S5,Electronics,EL-673,sale,-3,0
2024-10-05,S5,Home,HO-868,sale,-1,0
2024-10-05,S5,Apparel,AP-343,sale,-1,0
2024-10-05,S5,Electronics,EL-207,count,0,-1
2024-10-05,S5,Apparel,AP-908,receipt,45,0
2024-10-05,S5,Grocery,GR-337,count,0,0
2024-10-05,S5,Home,HO-955,return,3,0
2024-10-06,S1,Apparel,AP-676,count,0,-2
2024-10-06,S1,Apparel,AP-910,sale,-5,0
2024-10-06,S1,Apparel,AP-636,receipt,10,0
2024-10-06,S1,Electronics,EL-290,return,3,0
2024-10-06,S1,Electronics,EL-612,sale,-3,0
2024-10-06,S1,Grocery,GR-607,count,0,2
2024-10-06,S1,Home,HO-637,sale,-3,0
2024-10-06,S1,Grocery,GR-612,sale,-2,0
2024-10-06,S2,Home,HO-945,sale,-3,0
2024-10-06,S2,Home,HO-212,sale,-1,0
2024-10-06,S2,Home,HO-385,sale,-4,0
2024-10-06,S2,Electronics,EL-129,receipt,53,0
2024-10-06,S2,Apparel,AP-199,return,2,0
2024-10-06,S2,Electronics,EL-109,sale,-5,0
2024-10-06,S2,Electronics,EL-143,sale,-1,0
2024-10-06,S2,Grocery,GR-387,receipt,14,0
2024-10-06,S2,Home,HO-406,return,1,0
2024-10-06,S2,Home,HO-700,sale,-5,0
2024-10-06,S2,Grocery,GR-104,receipt,30,0
2024-10-06,S2,Grocery,GR-616,sale,-4,0
2024-10-06,S2,Electronics,EL-784,receipt,57,0
2024-10-06,S2,Apparel,AP-363,count,0,0
2024-10-06,S3,Grocery,GR-467,sale,-3,0
2024-10-06,S3,Grocery,GR-176,sale,-2,0
2024-10-06,S3,Grocery,GR-730,sale,-2,0
2024-10-06,S3,Electronics,EL-727,sale,-2,0
2024-10-06,S3,Apparel,AP-162,sale,-5,0
2024-10-06,S3,Apparel,AP-986,count,0,-2
2024-10-06,S3,Electronics,EL-186,sale,-6,0
2024-10-06,S3,Home,HO-996,sale,-1,0
2024-10-06,S3,Grocery,GR-576,sale,-5,0
2024-10-06,S3,Electronics,EL-907,sale,-5,0
2024-10-06,S3,Electronics,EL-793,return,3,0
2024-10-06,S3,Grocery,GR-876,sale,-6,0
2024-10-06,S3,Home,HO-695,sale,-4,0
2024-10-06,S4,Electronics,EL-840,count,0,-1
2024-10-06,S4,Grocery,GR-141,sale,-4,0
2024-10-06,S4,Home,HO-367,return,1,0
2024-10-06,S4,Apparel,AP-568,return,3,0
2024-10-06,S4,Apparel,AP-515,sale,-2,0
2024-10-06,S4,Home,HO-944,return,2,0
2024-10-06,S4,Apparel,AP-703,sale,-6,0
2024-10-06,S4,Grocery,GR-860,sale,-4,0
2024-10-06,S4,Electronics,EL-798,receipt,25,0
2024-10-06,S4,Grocery,GR-401,sale,-3,0
2024-10-06,S4,Apparel,AP-102,count,0,2
2024-10-06,S4,Electronics,EL-745,sale,-6,0
2024-10-06,S4,Grocery,GR-899,sale,-6,0
2024-10-06,S4,Apparel,AP-305,sale,-3,0
2024-10-06,S4,Home,HO-355,sale,-6,0
2024-10-06,S4,Grocery,GR-835,sale,-2,0
2024-10-06,S5,Electronics,EL-598,sale,-3,0
2024-10-06,S5,Apparel,AP-340,sale,-6,0
2024-10-06,S5,Grocery,GR-992,sale,-1,0
2024-10-06,S5,Grocery,GR-595,sale,-5,0
2024-10-06,S5,Apparel,AP-906,sale,-4,0
2024-10-06,S5,Electronics,EL-237,count,0,0
2024-10-06,S5,Grocery,GR-943,receipt,28,0
2024-10-06,S5,Apparel,AP-809,sale,-1,0
2024-10-06,S5,Apparel,AP-800,sale,-1,0
2024-10-06,S5,Electronics,EL-675,sale,-1,0
2024-10-06,S5,Grocery,GR-982,count,0,-2
2024-10-06,S5,Electronics,EL-478,sale,-3,0
2024-10-06,S5,Electronics,EL-746,sale,-4,0
2024-10-06,S5,Apparel,AP-313,sale,-4,0
2024-10-06,S5,Grocery,GR-368,sale,-4,0
2024-10-07,S1,Home,HO-153,receipt,24,0
2024-10-07,S1,Apparel,AP-356,sale,-4,0
2024-10-07,S1,Apparel,AP-185,return,1,0
2024-10-07,S1,Home,HO-108,sale,-5,0
2024-10-07,S1,Electronics,EL-266,receipt,57,0
2024-10-07,S1,Electronics,EL-879,sale,-6,0
2024-10-07,S1,Grocery,GR-710,receipt,51,0
2024-10-07,S1,Apparel,AP-363,sale,-4,0
2024-10-07,S1,Electronics,EL-303,sale,-4,0
2024-10-07,S1,Grocery,GR-811,sale,-6,0
2024-10-07,S1,Grocery,GR-510,receipt,24,0
2024-10-07,S1,Home,HO-227,sale,-4,0
2024-10-07,S1,Apparel,AP-287,sale,-4,0
2024-10-07,S1,Home,HO-247,sale,-5,0
2024-10-07,S2,Electronics,EL-523,sale,-3,0
2024-10-07,S2,Grocery,GR-661,sale,-1,0
2024-10-07,S2,Apparel,AP-334,return,1,0
2024-10-07,S2,Electronics,EL-346,sale,-2,0
2024-10-07,S2,Home,HO-541,sale,-6,0
2024-10-07,S2,Apparel,AP-726,sale,-6,0
2024-10-07,S2,Electronics,EL-837,return,1,0
2024-10-07,S2,Electronics,EL-561,sale,-1,0
2024-10-07,S3,Electronics,EL-470,count,0,-5
2024-10-07,S3,Grocery,GR-127,return,3,0
2024-10-07,S3,Grocery,GR-628,receipt,56,0
2024-10-07,S3,Grocery,GR-703,count,0,-2
2024-10-07,S3,Electronics,EL-203,return,2,0
2024-10-07,S3,Electronics,EL-461,count,0,-5
2024-10-07,S3,Electronics,EL-525,count,0,-6
2024-10-07,S3,Electronics,EL-596,sale,-4,0
2024-10-07,S3,Apparel,AP-314,return,2,0
2024-10-07,S3,Grocery,GR-761,receipt,44,0
2024-10-07,S3,Apparel,AP-708,sale,-4,0
2024-10-07,S3,Electronics,EL-880,sale,-1,0
2024-10-07,S3,Apparel,AP-563,count,0,0
2024-10-07,S4,Electronics,EL-927,receipt,54,0
2024-10-07,S4,Home,HO-101,sale,-3,0
2024-10-07,S4,Home,HO-786,sale,-4,0
2024-10-07,S4,Electronics,EL-988,sale,-3,0
2024-10-07,S4,Home,HO-916,sale,-3,0
2024-10-07,S4,Home,HO-270,receipt,26,0
2024-10-07,S4,Electronics,EL-594,sale,-6,0
2024-10-07,S4,Electronics,EL-250,count,0,0
2024-10-07,S4,Grocery,GR-333,count,0,2
2024-10-07,S4,Apparel,AP-525,sale,-3,0
2024-10-07,S4,Home,HO-985,sale,-4,0
2024-10-07,S4,Electronics,EL-490,return,2,0
2024-10-07,S4,Home,HO-200,return,3,0
2024-10-07,S4,Electronics,EL-100,sale,-2,0
2024-10-07,S4,Home,HO-641,count,0,2
2024-10-07,S4,Home,HO-688,receipt,16,0
2024-10-07,S5,Grocery,GR-547,sale,-2,0
2024-10-07,S5,Grocery,GR-712,receipt,29,0
2024-10-07,S5,Grocery,GR-455,receipt,37,0
2024-10-07,S5,Grocery,GR-697,return,3,0
2024-10-07,S5,Home,HO-243,count,0,1
2024-10-07,S5,Home,HO-674,sale,-5,0
2024-10-07,S5,Apparel,AP-524,count,0,0
2024-10-07,S5,Grocery,GR-182,count,0,0
2024-10-07,S5,Home,HO-491,count,0,2
2024-10-07,S5,Apparel,AP-746,sale,-5,0
2024-10-07,S5,Electronics,EL-192,count,0,-1
2024-10-07,S5,Home,HO-194,count,0,2
2024-10-08,S1,Apparel,AP-402,sale,-5,0
2024-10-08,S1,Apparel,AP-506,return,1,0
2024-10-08,S1,Electronics,EL-848,return,2,0
2024-10-08,S1,Home,HO-659,sale,-5,0
2024-10-08,S1,Grocery,GR-343,receipt,53,0
2024-10-08,S1,Grocery,GR-907,return,1,0
2024-10-08,S1,Apparel,AP-110,sale,-5,0
2024-10-08,S1,Grocery,GR-445,count,0,0
2024-10-08,S1,Home,HO-141,sale,-6,0
2024-10-08,S2,Apparel,AP-226,return,3,0
2024-10-08,S2,Electronics,EL-247,sale,-2,0
2024-10-08,S2,Apparel,AP-684,receipt,27,0
2024-10-08,S2,Apparel,AP-974,sale,-6,0
2024-10-08,S2,Electronics,EL-125,sale,-2,0
2024-10-08,S2,Grocery,GR-462,sale,-4,0
2024-10-08,S2,Home,HO-442,count,0,-1
2024-10-08,S2,Home,HO-129,return,1,0
2024-10-08,S2,Home,HO-841,receipt,30,0
2024-10-08,S2,Apparel,AP-498,sale,-4,0
2024-10-08,S2,Grocery,GR-825,receipt,41,0
2024-10-08,S2,Home,HO-504,count,0,-1
2024-10-08,S3,Grocery,GR-838,sale,-5,0
2024-10-08,S3,Home,HO-806,count,0,1
2024-10-08,S3,Grocery,GR-799,sale,-6,0
2024-10-08,S3,Electronics,EL-356,sale,-2,0
2024-10-08,S3,Grocery,GR-599,sale,-6,0
2024-10-08,S3,Electronics,EL-929,return,1,0
2024-10-08,S3,Grocery,GR-153,count,0,-2
2024-10-08,S3,Apparel,AP-815,return,1,0
2024-10-08,S3,Electronics,EL-436,return,3,0
2024-10-08,S3,Apparel,AP-394,sale,-6,0
2024-10-08,S3,Electronics,EL-386,return,2,0
2024-10-08,S4,Electronics,EL-112,sale,-4,0
2024-10-08,S4,Apparel,AP-775,count,0,-2
2024-10-08,S4,Grocery,GR-485,return,3,0
2024-10-08,S4,Grocery,GR-644,count,0,2
2024-10-08,S4,Home,HO-950,sale,-4,0
2024-10-08,S4,Grocery,GR-175,receipt,51,0
2024-10-08,S4,Electronics,EL-418,sale,-6,0
2024-10-08,S4,Apparel,AP-503,return,2,0
2024-10-08,S4,Apparel,AP-402,sale,-1,0
2024-10-08,S4,Apparel,AP-129,sale,-1,0
2024-10-08,S4,Apparel,AP-121,sale,-1,0
2024-10-08,S4,Electronics,EL-506,receipt,24,0
2024-10-08,S4,Grocery,GR-428,count,0,0
2024-10-08,S4,Electronics,EL-665,return,1,0
2024-10-08,S4,Apparel,AP-378,count,0,-1
2024-10-08,S4,Home,HO-667,count,0,2
2024-10-08,S5,Home,HO-147,count,0,2
2024-10-08,S5,Apparel,AP-512,sale,-2,0
2024-10-08,S5,Apparel,AP-190,sale,-4,0
2024-10-08,S5,Apparel,AP-549,receipt,51,0
2024-10-08,S5,Home,HO-936,sale,-5,0
2024-10-08,S5,Apparel,AP-279,sale,-5,0
2024-10-08,S5,Electronics,EL-371,sale,-4,0
2024-10-08,S5,Electronics,EL-979,sale,-4,0
2024-10-08,S5,Home,HO-492,sale,-5,0
2024-10-08,S5,Electronics,EL-783,count,0,1
2024-10-08,S5,Home,HO-775,return,3,0
2024-10-08,S5,Grocery,GR-323,sale,-4,0
2024-10-09,S1,Electronics,EL-891,sale,-1,0
2024-10-09,S1,Grocery,GR-858,return,3,0
2024-10-09,S1,Home,HO-698,receipt,57,0
2024-10-09,S1,Grocery,GR-719,sale,-4,0
2024-10-09,S1,Electronics,EL-198,sale,-1,0
2024-10-09,S1,Grocery,GR-486,sale,-6,0
2024-10-09,S1,Home,HO-832,return,2,0
2024-10-09,S1,Home,HO-634,count,0,1
2024-10-09,S1,Home,HO-403,return,2,0
2024-10-09,S1,Electronics,EL-298,return,1,0
2024-10-09,S1,Home,HO-668,return,1,0
2024-10-09,S1,Apparel,AP-291,sale,-3,0
2024-10-09,S1,Grocery,GR-828,sale,-3,0
2024-10-09,S1,Electronics,EL-104,sale,-5,0
2024-10-09,S1,Electronics,EL-294,count,0,-1
2024-10-09,S2,Grocery,GR-859,sale,-4,0
2024-10-09,S2,Electronics,EL-658,count,0,2
2024-10-09,S2,Grocery,GR-545,sale,-4,0
2024-10-09,S2,Grocery,GR-120,count,0,2
2024-10-09,S2,Apparel,AP-566,sale,-2,0
2024-10-09,S2,Apparel,AP-305,sale,-6,0
2024-10-09,S2,Electronics,EL-905,count,0,2
2024-10-09,S2,Grocery,GR-215,sale,-3,0
2024-10-09,S2,Home,HO-285,sale,-5,0
2024-10-09,S2,Grocery,GR-294,sale,-4,0
2024-10-09,S2,Electronics,EL-690,return,3,0
2024-10-09,S2,Grocery,GR-912,sale,-2,0
2024-10-09,S3,Grocery,GR-715,sale,-2,0
2024-10-09,S3,Electronics,EL-453,count,0,-5
2024-10-09,S3,Electronics,EL-826,receipt,42,0
2024-10-09,S3,Apparel,AP-131,receipt,44,0
2024-10-09,S3,Grocery,GR-714,return,2,0
2024-10-09,S3,Home,HO-676,return,1,0
2024-10-09,S3,Electronics,EL-906,sale,-4,0
2024-10-09,S3,Electronics,EL-294,count,0,-6
2024-10-09,S3,Home,HO-503,sale,-4,0
2024-10-09,S3,Apparel,AP-715,return,1,0
2024-10-09,S3,Electronics,EL-117,sale,-1,0
2024-10-09,S3,Home,HO-696,count,0,-2
2024-10-09,S3,Grocery,GR-922,sale,-2,0
2024-10-09,S3,Grocery,GR-949,count,0,2
2024-10-09,S4,Grocery,GR-637,sale,-2,0
2024-10-09,S4,Grocery,GR-344,sale,-3,0
2024-10-09,S4,Apparel,AP-786,receipt,17,0
2024-10-09,S4,Apparel,AP-531,receipt,28,0
2024-10-09,S4,Grocery,GR-101,receipt,25,0
2024-10-09,S4,Electronics,EL-640,return,1,0
2024-10-09,S4,Home,HO-508,count,0,2
2024-10-09,S4,Grocery,GR-745,sale,-6,0
2024-10-09,S4,Home,HO-840,receipt,17,0
2024-10-09,S4,Apparel,AP-692,sale,-2,0
2024-10-09,S4,Home,HO-557,count,0,2
2024-10-09,S4,Home,HO-917,return,1,0
2024-10-09,S4,Home,HO-812,return,3,0
2024-10-09,S4,Apparel,AP-619,count,0,2
2024-10-09,S4,Home,HO-180,return,1,0
2024-10-09,S5,Grocery,GR-237,sale,-3,0
2024-10-09,S5,Apparel,AP-664,count,0,-1
2024-10-09,S5,Home,HO-925,receipt,10,0
2024-10-09,S5,Electronics,EL-703,receipt,10,0
2024-10-09,S5,Home,HO-727,sale,-5,0
2024-10-09,S5,Grocery,GR-133,sale,-2,0
2024-10-09,S5,Electronics,EL-426,receipt,19,0
2024-10-09,S5,Home,HO-341,receipt,52,0
2024-10-09,S5,Home,HO-372,sale,-3,0
2024-10-09,S5,Grocery,GR-830,sale,-5,0
2024-10-09,S5,Apparel,AP-921,return,3,0
2024-10-09,S5,Apparel,AP-264,sale,-6,0
2024-10-09,S5,Electronics,EL-914,sale,-6,0
2024-10-09,S5,Apparel,AP-925,sale,-1,0
2024-10-09,S5,Grocery,GR-485,receipt,57,0
2024-10-09,S5,Apparel,AP-416,sale,-2,0
2024-10-10,S1,Electronics,EL-858,receipt,60,0
2024-10-10,S1,Grocery,GR-578,return,1,0
2024-10-10,S1,Home,HO-997,sale,-2,0
2024-10-10,S1,Apparel,AP-527,sale,-1,0
2024-10-10,S1,Home,HO-662,sale,-3,0
2024-10-10,S1,Home,HO-476,sale,-2,0
2024-10-10,S1,Electronics,EL-104,receipt,58,0
2024-10-10,S1,Electronics,EL-167,sale,-3,0
2024-10-10,S1,Home,HO-529,sale,-2,0
2024-10-10,S1,Electronics,EL-200,sale,-1,0
2024-10-10,S1,Electronics,EL-428,receipt,24,0
2024-10-10,S1,Electronics,EL-639,sale,-1,0
2024-10-10,S1,Apparel,AP-515,receipt,42,0
2024-10-10,S1,Grocery,GR-130,sale,-1,0
2024-10-10,S1,Grocery,GR-171,sale,-5,0
2024-10-10,S1,Home,HO-924,count,0,1
2024-10-10,S2,Home,HO-124,sale,-4,0
2024-10-10,S2,Home,HO-325,count,0,2
2024-10-10,S2,Grocery,GR-838,count,0,2
2024-10-10,S2,Apparel,AP-394,return,2,0
2024-10-10,S2,Grocery,GR-143,return,3,0
2024-10-10,S2,Apparel,AP-376,count,0,-1
2024-10-10,S2,Electronics,EL-369,sale,-2,0
2024-10-10,S2,Grocery,GR-163,sale,-5,0
2024-10-10,S2,Electronics,EL-653,count,0,0
2024-10-10,S2,Home,HO-362,sale,-1,0
2024-10-10,S2,Grocery,GR-101,sale,-6,0
2024-10-10,S2,Apparel,AP-869,receipt,23,0
2024-10-10,S2,Electronics,EL-323,count,0,0
2024-10-10,S2,Apparel,AP-625,sale,-3,0
2024-10-10,S2,Electronics,EL-159,sale,-4,0
2024-10-10,S3,Home,HO-632,sale,-2,0
2024-10-10,S3,Grocery,GR-353,return,2,0
2024-10-10,S3,Home,HO-664,receipt,14,0
2024-10-10,S3,Electronics,EL-592,count,0,-4
2024-10-10,S3,Home,HO-352,sale,-3,0
2024-10-10,S3,Home,HO-523,sale,-3,0
2024-10-10,S3,Home,HO-546,receipt,41,0
2024-10-10,S3,Home,HO-576,sale,-3,0
2024-10-10,S4,Apparel,AP-107,receipt,37,0
2024-10-10,S4,Apparel,AP-854,count,0,2
2024-10-10,S4,Grocery,GR-250,sale,-5,0
2024-10-10,S4,Electronics,EL-229,count,0,-1
2024-10-10,S4,Grocery,GR-355,sale,-1,0
2024-10-10,S4,Apparel,AP-681,count,0,2
2024-10-10,S4,Home,HO-654,sale,-1,0
2024-10-10,S4,Electronics,EL-825,receipt,43,0
2024-10-10,S5,Apparel,AP-808,sale,-6,0
2024-10-10,S5,Home,HO-983,sale,-1,0
2024-10-10,S5,Apparel,AP-853,return,1,0
2024-10-10,S5,Electronics,EL-161,sale,-2,0
2024-10-10,S5,Electronics,EL-430,sale,-2,0
2024-10-10,S5,Apparel,AP-254,receipt,39,0
2024-10-10,S5,Apparel,AP-452,sale,-2,0
2024-10-10,S5,Grocery,GR-820,sale,-4,0
2024-10-10,S5,Grocery,GR-131,sale,-6,0
2024-10-10,S5,Electronics,EL-475,sale,-6,0
2024-10-11,S1,Home,HO-589,return,1,0
2024-10-11,S1,Electronics,EL-297,receipt,53,0
2024-10-11,S1,Grocery,GR-925,sale,-4,0
2024-10-11,S1,Grocery,GR-204,count,0,-2
2024-10-11,S1,Electronics,EL-157,sale,-3,0
2024-10-11,S1,Apparel,AP-876,sale,-6,0
2024-10-11,S1,Electronics,EL-255,sale,-3,0
2024-10-11,S1,Grocery,GR-243,count,0,-1
2024-10-11,S1,Grocery,GR-629,sale,-1,0
2024-10-11,S1,Electronics,EL-276,return,2,0
2024-10-11,S2,Grocery,GR-150,return,3,0
2024-10-11,S2,Home,HO-961,count,0,-1
2024-10-11,S2,Grocery,GR-494,sale,-2,0
2024-10-11,S2,Home,HO-310,sale,-1,0
2024-10-11,S2,Home,HO-790,sale,-4,0
2024-10-11,S2,Electronics,EL-336,sale,-4,0
2024-10-11,S2,Grocery,GR-848,count,0,2
2024-10-11,S2,Electronics,EL-414,receipt,53,0
2024-10-11,S2,Grocery,GR-284,sale,-5,0
2024-10-11,S2,Apparel,AP-326,sale,-4,0
2024-10-11,S2,Home,HO-578,sale,-1,0
2024-10-11,S2,Grocery,GR-650,count,0,-1
2024-10-11,S2,Home,HO-643,sale,-1,0
2024-10-11,S2,Electronics,EL-276,receipt,18,0
2024-10-11,S2,Home,HO-344,sale,-5,0
2024-10-11,S2,Apparel,AP-959,receipt,41,0
2024-10-11,S3,Grocery,GR-980,sale,-1,0
2024-10-11,S3,Apparel,AP-756,sale,-6,0
2024-10-11,S3,Grocery,GR-581,return,1,0
2024-10-11,S3,Electronics,EL-502,count,0,-3
2024-10-11,S3,Grocery,GR-988,return,2,0
2024-10-11,S3,Apparel,AP-831,sale,-5,0
2024-10-11,S3,Grocery,GR-548,sale,-4,0
2024-10-11,S3,Apparel,AP-994,receipt,59,0
2024-10-11,S3,Apparel,AP-230,sale,-4,0
2024-10-11,S3,Grocery,GR-376,sale,-4,0
2024-10-11,S4,Home,HO-454,count,0,1
2024-10-11,S4,Electronics,EL-647,count,0,1
2024-10-11,S4,Grocery,GR-346,count,0,1
2024-10-11,S4,Home,HO-599,sale,-5,0
2024-10-11,S4,Grocery,GR-183,receipt,57,0
2024-10-11,S4,Electronics,EL-848,return,1,0
2024-10-11,S4,Electronics,EL-695,sale,-3,0
2024-10-11,S4,Electronics,EL-791,sale,-1,0
2024-10-11,S4,Apparel,AP-834,count,0,1
2024-10-11,S4,Home,HO-447,sale,-5,0
2024-10-11,S5,Electronics,EL-109,receipt,23,0
2024-10-11,S5,Electronics,EL-890,sale,-4,0
2024-10-11,S5,Electronics,EL-204,sale,-3,0
2024-10-11,S5,Home,HO-349,sale,-1,0
2024-10-11,S5,Electronics,EL-973,count,0,1
2024-10-11,S5,Home,HO-761,sale,-1,0
2024-10-11,S5,Electronics,EL-134,sale,-1,0
2024-10-11,S5,Apparel,AP-503,count,0,-2
2024-10-11,S5,Apparel,AP-388,count,0,-1
2024-10-11,S5,Electronics,EL-618,sale,-1,0
2024-10-11,S5,Electronics,EL-462,count,0,0
2024-10-12,S1,Home,HO-451,count,0,2
2024-10-12,S1,Apparel,AP-623,receipt,27,0
2024-10-12,S1,Home,HO-163,sale,-4,0
2024-10-12,S1,Home,HO-255,return,1,0
2024-10-12,S1,Electronics,EL-177,count,0,-2
2024-10-12,S1,Grocery,GR-711,sale,-1,0
2024-10-12,S1,Apparel,AP-184,sale,-4,0
2024-10-12,S1,Grocery,GR-919,sale,-4,0
2024-10-12,S1,Electronics,EL-918,sale,-2,0
2024-10-12,S1,Home,HO-709,sale,-3,0
2024-10-12,S1,Home,HO-629,receipt,13,0
2024-10-12,S1,Electronics,EL-917,sale,-4,0
2024-10-12,S2,Apparel,AP-333,receipt,13,0
2024-10-12,S2,Electronics,EL-358,receipt,26,0
2024-10-12,S2,Grocery,GR-140,receipt,28,0
2024-10-12,S2,Apparel,AP-497,sale,-4,0
2024-10-12,S2,Home,HO-327,sale,-3,0
2024-10-12,S2,Electronics,EL-649,sale,-3,0
2024-10-12,S2,Electronics,EL-466,return,1,0
2024-10-12,S2,Apparel,AP-608,sale,-4,0
2024-10-12,S2,Apparel,AP-432,receipt,49,0
2024-10-12,S2,Apparel,AP-399,sale,-4,0
2024-10-12,S2,Electronics,EL-335,sale,-1,0
2024-10-12,S2,Grocery,GR-574,count,0,-1
2024-10-12,S2,Apparel,AP-721,sale,-1,0
2024-10-12,S3,Electronics,EL-572,return,3,0
2024-10-12,S3,Apparel,AP-191,sale,-2,0
2024-10-12,S3,Grocery,GR-472,count,0,1
2024-10-12,S3,Apparel,AP-440,sale,-4,0
2024-10-12,S3,Apparel,AP-495,sale,-1,0
2024-10-12,S3,Grocery,GR-228,sale,-1,0
2024-10-12,S3,Electronics,EL-255,count,0,-5
2024-10-12,S3,Grocery,GR-395,count,0,1
2024-10-12,S3,Grocery,GR-177,sale,-3,0
2024-10-12,S3,Home,HO-160,receipt,17,0
2024-10-12,S4,Grocery,GR-438,sale,-5,0
2024-10-12,S4,Apparel,AP-985,sale,-4,0
2024-10-12,S4,Electronics,EL-759,receipt,49,0
2024-10-12,S4,Grocery,GR-813,count,0,0
2024-10-12,S4,Apparel,AP-225,sale,-3,0
2024-10-12,S4,Apparel,AP-729,receipt,40,0
2024-10-12,S4,Grocery,GR-424,return,2,0
2024-10-12,S4,Apparel,AP-649,sale,-3,0
2024-10-12,S4,Electronics,EL-845,receipt,12,0
2024-10-12,S4,Apparel,AP-548,sale,-4,0
2024-10-12,S4,Electronics,EL-854,return,1,0
2024-10-12,S4,Electronics,EL-679,sale,-1,0
2024-10-12,S4,Electronics,EL-391,sale,-2,0
2024-10-12,S4,Grocery,GR-490,return,2,0
2024-10-12,S5,Grocery,GR-169,sale,-2,0
2024-10-12,S5,Apparel,AP-818,sale,-5,0
2024-10-12,S5,Electronics,EL-102,count,0,-2
2024-10-12,S5,Electronics,EL-761,return,3,0
2024-10-12,S5,Electronics,EL-530,sale,-3,0
2024-10-12,S5,Home,HO-380,sale,-4,0
2024-10-12,S5,Electronics,EL-962,receipt,17,0
2024-10-12,S5,Grocery,GR-241,receipt,30,0
2024-10-12,S5,Home,HO-172,sale,-5,0
2024-10-12,S5,Home,HO-753,count,0,1
2024-10-12,S5,Electronics,EL-567,return,3,0
2024-10-12,S5,Apparel,AP-593,sale,-5,0
2024-10-12,S5,Electronics,EL-237,sale,-1,0
2024-10-12,S5,Home,HO-829,count,0,-1
2024-10-13,S1,Electronics,EL-351,sale,-4,0
2024-10-13,S1,Apparel,AP-189,return,1,0
2024-10-13,S1,Electronics,EL-318,sale,-5,0
2024-10-13,S1,Electronics,EL-502,sale,-2,0
2024-10-13,S1,Home,HO-785,return,1,0
2024-10-13,S1,Electronics,EL-613,sale,-4,0
2024-10-13,S1,Grocery,GR-790,sale,-5,0
2024-10-13,S1,Grocery,GR-537,sale,-1,0
2024-10-13,S1,Electronics,EL-113,sale,-4,0
2024-10-13,S1,Home,HO-815,receipt,39,0
2024-10-13,S1,Apparel,AP-663,sale,-5,0
2024-10-13,S2,Home,HO-893,return,2,0
2024-10-13,S2,Apparel,AP-605,receipt,44,0
2024-10-13,S2,Electronics,EL-885,receipt,55,0
2024-10-13,S2,Apparel,AP-236,count,0,2
2024-10-13,S2,Home,HO-570,return,2,0
2024-10-13,S2,Electronics,EL-154,receipt,20,0
2024-10-13,S2,Grocery,GR-190,sale,-6,0
2024-10-13,S2,Electronics,EL-585,sale,-6,0
2024-10-13,S2,Electronics,EL-263,receipt,28,0
2024-10-13,S2,Grocery,GR-541,sale,-6,0
2024-10-13,S2,Electronics,EL-360,return,1,0
2024-10-13,S2,Grocery,GR-343,count,0,0
2024-10-13,S2,Electronics,EL-427,sale,-2,0
2024-10-13,S2,Home,HO-382,count,0,-1
2024-10-13,S3,Home,HO-484,receipt,11,0
2024-10-13,S3,Home,HO-107,sale,-4,0
2024-10-13,S3,Home,HO-355,sale,-5,0
2024-10-13,S3,Apparel,AP-606,sale,-5,0
2024-10-13,S3,Grocery,GR-293,return,2,0
2024-10-13,S3,Electronics,EL-372,sale,-2,0
2024-10-13,S3,Electronics,EL-256,receipt,51,0
2024-10-13,S3,Grocery,GR-354,count,0,-1
2024-10-13,S3,Electronics,EL-776,sale,-1,0
2024-10-13,S3,Apparel,AP-501,sale,-4,0
2024-10-13,S3,Home,HO-612,sale,-1,0
2024-10-13,S3,Home,HO-143,sale,-3,0
2024-10-13,S3,Home,HO-308,receipt,39,0
2024-10-13,S4,Electronics,EL-361,sale,-4,0
2024-10-13,S4,Apparel,AP-494,sale,-6,0
2024-10-13,S4,Electronics,EL-380,count,0,1
2024-10-13,S4,Apparel,AP-335,receipt,15,0
2024-10-13,S4,Home,HO-411,receipt,29,0
2024-10-13,S4,Home,HO-127,count,0,2
2024-10-13,S4,Apparel,AP-358,sale,-6,0
2024-10-13,S4,Home,HO-809,sale,-4,0
2024-10-13,S4,Apparel,AP-244,sale,-6,0
2024-10-13,S4,Electronics,EL-539,sale,-5,0
2024-10-13,S4,Electronics,EL-566,count,0,-2
2024-10-13,S4,Home,HO-363,sale,-4,0
2024-10-13,S5,Electronics,EL-370,sale,-1,0
2024-10-13,S5,Electronics,EL-388,sale,-2,0
2024-10-13,S5,Grocery,GR-235,sale,-6,0
2024-10-13,S5,Grocery,GR-921,sale,-5,0
2024-10-13,S5,Grocery,GR-453,receipt,42,0
2024-10-13,S5,Grocery,GR-440,sale,-6,0
2024-10-13,S5,Grocery,GR-842,sale,-6,0
2024-10-13,S5,Home,HO-994,sale,-4,0
2024-10-13,S5,Grocery,GR-951,sale,-3,0
2024-10-13,S5,Electronics,EL-137,count,0,-1
2024-10-14,S1,Home,HO-718,return,1,0
2024-10-14,S1,Electronics,EL-739,sale,-6,0
2024-10-14,S1,Grocery,GR-699,return,1,0
2024-10-14,S1,Electronics,EL-221,sale,-4,0
2024-10-14,S1,Home,HO-619,count,0,-1
2024-10-14,S1,Home,HO-649,return,2,0
2024-10-14,S1,Electronics,EL-188,sale,-4,0
2024-10-14,S1,Home,HO-444,sale,-6,0
2024-10-14,S1,Grocery,GR-297,sale,-1,0
2024-10-14,S1,Home,HO-342,count,0,-2
2024-10-14,S1,Home,HO-283,count,0,-1
2024-10-14,S2,Home,HO-717,count,0,1
2024-10-14,S2,Electronics,EL-522,return,2,0
2024-10-14,S2,Home,HO-174,sale,-6,0
2024-10-14,S2,Electronics,EL-234,receipt,43,0
2024-10-14,S2,Apparel,AP-275,receipt,31,0
2024-10-14,S2,Home,HO-440,return,1,0
2024-10-14,S2,Apparel,AP-930,count,0,0
2024-10-14,S2,Grocery,GR-328,sale,-5,0
2024-10-14,S2,Electronics,EL-205,sale,-5,0
2024-10-14,S3,Electronics,EL-925,sale,-2,0
2024-10-14,S3,Grocery,GR-597,receipt,57,0
2024-10-14,S3,Electronics,EL-362,receipt,50,0
2024-10-14,S3,Home,HO-699,sale,-5,0
2024-10-14,S3,Grocery,GR-142,receipt,26,0
2024-10-14,S3,Electronics,EL-573,sale,-5,0
2024-10-14,S3,Home,HO-263,sale,-5,0
2024-10-14,S3,Grocery,GR-250,receipt,47,0
2024-10-14,S3,Electronics,EL-413,sale,-2,0
2024-10-14,S3,Electronics,EL-475,return,1,0
2024-10-14,S3,Home,HO-735,return,2,0
2024-10-14,S3,Apparel,AP-234,sale,-3,0
2024-10-14,S3,Apparel,AP-175,return,3,0
2024-10-14,S3,Home,HO-874,count,0,2
2024-10-14,S3,Home,HO-512,count,0,1
2024-10-14,S3,Grocery,GR-597,count,0,0
2024-10-14,S4,Electronics,EL-601,sale,-5,0
2024-10-14,S4,Electronics,EL-135,count,0,2
2024-10-14,S4,Home,HO-223,receipt,57,0
2024-10-14,S4,Apparel,AP-279,receipt,56,0
2024-10-14,S4,Apparel,AP-855,receipt,30,0
2024-10-14,S4,Apparel,AP-110,sale,-3,0
2024-10-14,S4,Electronics,EL-790,sale,-5,0
2024-10-14,S4,Grocery,GR-635,count,0,1
2024-10-14,S4,Apparel,AP-532,return,3,0
2024-10-14,S4,Electronics,EL-161,return,2,0
2024-10-14,S4,Electronics,EL-631,return,1,0
2024-10-14,S4,Grocery,GR-478,return,2,0
2024-10-14,S4,Apparel,AP-478,receipt,34,0
2024-10-14,S5,Electronics,EL-319,count,0,0
2024-10-14,S5,Home,HO-597,sale,-5,0
2024-10-14,S5,Grocery,GR-660,return,3,0
2024-10-14,S5,Home,HO-322,receipt,33,0
2024-10-14,S5,Grocery,GR-147,sale,-6,0
2024-10-14,S5,Grocery,GR-289,sale,-5,0
2024-10-14,S5,Home,HO-650,sale,-3,0
2024-10-14,S5,Apparel,AP-405,return,2,0
2024-10-14,S5,Apparel,AP-559,return,3,0
2024-10-14,S5,Home,HO-841,sale,-3,0
2024-10-14,S5,Grocery,GR-435,sale,-3,0
2024-10-14,S5,Grocery,GR-623,sale,-5,0
2024-10-14,S5,Home,HO-383,sale,-6,0
2024-10-14,S5,Grocery,GR-550,receipt,29,0
2024-10-14,S5,Home,HO-866,return,2,0
2024-10-14,S5,Grocery,GR-545,sale,-3,0
2024-10-15,S1,Grocery,GR-217,sale,-4,0
2024-10-15,S1,Home,HO-256,return,2,0
2024-10-15,S1,Grocery,GR-230,count,0,2
2024-10-15,S1,Electronics,EL-118,sale,-4,0
2024-10-15,S1,Grocery,GR-613,receipt,50,0
2024-10-15,S1,Apparel,AP-410,count,0,0
2024-10-15,S1,Home,HO-512,receipt,52,0
2024-10-15,S1,Apparel,AP-951,sale,-6,0
2024-10-15,S1,Grocery,GR-738,sale,-3,0
2024-10-15,S2,Apparel,AP-268,sale,-2,0
2024-10-15,S2,Apparel,AP-358,return,1,0
2024-10-15,S2,Electronics,EL-205,sale,-5,0
2024-10-15,S2,Electronics,EL-737,return,1,0
2024-10-15,S2,Grocery,GR-129,sale,-6,0
2024-10-15,S2,Apparel,AP-478,count,0,2
2024-10-15,S2,Apparel,AP-571,sale,-4,0
2024-10-15,S2,Electronics,EL-142,count,0,-1
2024-10-15,S2,Grocery,GR-703,sale,-3,0
2024-10-15,S2,Home,HO-903,sale,-4,0
2024-10-15,S2,Home,HO-765,sale,-3,0
2024-10-15,S2,Grocery,GR-581,sale,-2,0
2024-10-15,S2,Electronics,EL-277,return,1,0
2024-10-15,S2,Home,HO-776,count,0,2
2024-10-15,S2,Home,HO-126,sale,-6,0
2024-10-15,S2,Electronics,EL-764,sale,-2,0
2024-10-15,S3,Apparel,AP-402,receipt,29,0
2024-10-15,S3,Electronics,EL-650,sale,-4,0
2024-10-15,S3,Home,HO-498,receipt,34,0
2024-10-15,S3,Apparel,AP-725,return,2,0
2024-10-15,S3,Apparel,AP-173,sale,-6,0
2024-10-15,S3,Grocery,GR-492,return,1,0
2024-10-15,S3,Electronics,EL-901,sale,-2,0
2024-10-15,S3,Electronics,EL-672,sale,-2,0
2024-10-15,S3,Apparel,AP-210,count,0,2
2024-10-15,S3,Apparel,AP-873,return,1,0
2024-10-15,S3,Apparel,AP-283,return,1,0
2024-10-15,S3,Grocery,GR-794,count,0,-1
2024-10-15,S3,Electronics,EL-783,count,0,-3
2024-10-15,S3,Apparel,AP-671,sale,-4,0
2024-10-15,S3,Apparel,AP-145,sale,-2,0
2024-10-15,S4,Electronics,EL-127,sale,-4,0
2024-10-15,S4,Home,HO-875,sale,-2,0
2024-10-15,S4,Electronics,EL-401,count,0,0
2024-10-15,S4,Apparel,AP-886,receipt,30,0
2024-10-15,S4,Apparel,AP-647,sale,-6,0
2024-10-15,S4,Home,HO-283,count,0,-2
2024-10-15,S4,Home,HO-885,sale,-3,0
2024-10-15,S4,Apparel,AP-656,return,3,0
2024-10-15,S4,Electronics,EL-946,receipt,17,0
2024-10-15,S4,Apparel,AP-584,count,0,0
2024-10-15,S4,Home,HO-801,sale,-4,0
2024-10-15,S4,Grocery,GR-935,sale,-3,0
2024-10-15,S4,Electronics,EL-489,sale,-4,0
2024-10-15,S4,Grocery,GR-777,count,0,0
2024-10-15,S5,Apparel,AP-982,sale,-4,0
2024-10-15,S5,Home,HO-646,receipt,60,0
2024-10-15,S5,Grocery,GR-171,count,0,-1
2024-10-15,S5,Electronics,EL-343,sale,-2,0
2024-10-15,S5,Grocery,GR-888,sale,-1,0
2024-10-15,S5,Electronics,EL-506,sale,-5,0
2024-10-15,S5,Grocery,GR-177,sale,-5,0
2024-10-15,S5,Electronics,EL-487,receipt,33,0
2024-10-15,S5,Grocery,GR-116,sale,-3,0
2024-10-15,S5,Home,HO-195,return,3,0
2024-10-16,S1,Home,HO-188,sale,-3,0
2024-10-16,S1,Apparel,AP-155,receipt,50,0
2024-10-16,S1,Apparel,AP-294,receipt,53,0
2024-10-16,S1,Home,HO-800,count,0,-1
2024-10-16,S1,Electronics,EL-208,count,0,2
2024-10-16,S1,Home,HO-677,return,2,0
2024-10-16,S1,Home,HO-259,sale,-1,0
2024-10-16,S1,Home,HO-644,sale,-3,0
2024-10-16,S1,Grocery,GR-572,sale,-2,0
2024-10-16,S1,Apparel,AP-249,sale,-4,0
2024-10-16,S1,Apparel,AP-904,count,0,2
2024-10-16,S1,Grocery,GR-976,sale,-1,0
2024-10-16,S1,Electronics,EL-530,sale,-5,0
2024-10-16,S2,Electronics,EL-634,receipt,34,0
2024-10-16,S2,Grocery,GR-558,receipt,55,0
2024-10-16,S2,Apparel,AP-697,count,0,1
2024-10-16,S2,Home,HO-194,return,1,0
2024-10-16,S2,Grocery,GR-406,sale,-5,0
2024-10-16,S2,Electronics,EL-665,sale,-5,0
2024-10-16,S2,Apparel,AP-695,sale,-2,0
2024-10-16,S2,Electronics,EL-290,return,2,0
2024-10-16,S3,Home,HO-264,return,2,0
2024-10-16,S3,Home,HO-685,return,3,0
2024-10-16,S3,Grocery,GR-795,sale,-3,0
2024-10-16,S3,Home,HO-578,sale,-4,0
2024-10-16,S3,Apparel,AP-256,sale,-6,0
2024-10-16,S3,Apparel,AP-313,sale,-6,0
2024-10-16,S3,Electronics,EL-665,count,0,-3
2024-10-16,S3,Home,HO-838,sale,-4,0
2024-10-16,S4,Home,HO-387,sale,-4,0
2024-10-16,S4,Home,HO-279,return,2,0
2024-10-16,S4,Home,HO-752,sale,-3,0
2024-10-16,S4,Apparel,AP-977,receipt,26,0
2024-10-16,S4,Grocery,GR-722,receipt,20,0
2024-10-16,S4,Electronics,EL-327,sale,-5,0
2024-10-16,S4,Grocery,GR-251,count,0,1
2024-10-16,S4,Apparel,AP-297,receipt,49,0
2024-10-16,S4,Grocery,GR-695,count,0,0
2024-10-16,S4,Apparel,AP-195,sale,-3,0
2024-10-16,S5,Apparel,AP-535,return,3,0
2024-10-16,S5,Grocery,GR-881,return,3,0
2024-10-16,S5,Apparel,AP-824,sale,-1,0
2024-10-16,S5,Grocery,GR-964,receipt,13,0
2024-10-16,S5,Electronics,EL-958,return,3,0
2024-10-16,S5,Electronics,EL-352,count,0,2
2024-10-16,S5,Apparel,AP-998,sale,-2,0
2024-10-16,S5,Electronics,EL-530,return,3,0
2024-10-16,S5,Electronics,EL-833,return,3,0
2024-10-16,S5,Home,HO-737,return,1,0
2024-10-16,S5,Electronics,EL-931,return,3,0
2024-10-16,S5,Apparel,AP-654,return,2,0
2024-10-16,S5,Home,HO-227,sale,-5,0
2024-10-16,S5,Home,HO-232,sale,-6,0
2024-10-17,S1,Apparel,AP-246,sale,-1,0
2024-10-17,S1,Grocery,GR-347,sale,-2,0
2024-10-17,S1,Home,HO-212,count,0,-1
2024-10-17,S1,Electronics,EL-288,sale,-6,0
2024-10-17,S1,Electronics,EL-596,sale,-3,0
2024-10-17,S1,Home,HO-934,sale,-1,0
2024-10-17,S1,Grocery,GR-785,sale,-3,0
2024-10-17,S1,Home,HO-537,sale,-3,0
2024-10-17,S1,Grocery,GR-411,sale,-5,0
2024-10-17,S1,Home,HO-946,sale,-4,0
2024-10-17,S1,Grocery,GR-104,count,0,-2
2024-10-17,S1,Home,HO-281,receipt,60,0
2024-10-17,S1,Home,HO-942,return,2,0
2024-10-17,S1,Electronics,EL-515,sale,-3,0
2024-10-17,S2,Grocery,GR-305,return,3,0
2024-10-17,S2,Grocery,GR-220,return,1,0
2024-10-17,S2,Home,HO-449,sale,-2,0
2024-10-17,S2,Apparel,AP-797,sale,-4,0
2024-10-17,S2,Home,HO-856,sale,-5,0
2024-10-17,S2,Apparel,AP-995,sale,-1,0
2024-10-17,S2,Electronics,EL-160,count,0,-2
2024-10-17,S2,Apparel,AP-761,return,1,0
2024-10-17,S2,Home,HO-621,receipt,14,0
2024-10-17,S2,Electronics,EL-699,sale,-4,0
2024-10-17,S2,Home,HO-909,receipt,58,0
2024-10-17,S2,Grocery,GR-617,sale,-5,0
2024-10-17,S2,Electronics,EL-862,sale,-4,0
2024-10-17,S2,Electronics,EL-155,return,3,0
2024-10-17,S2,Apparel,AP-234,count,0,1
2024-10-17,S3,Apparel,AP-914,sale,-4,0
2024-10-17,S3,Electronics,EL-968,sale,-3,0
2024-10-17,S3,Grocery,GR-321,sale,-4,0
2024-10-17,S3,Apparel,AP-788,sale,-1,0
2024-10-17,S3,Grocery,GR-888,return,2,0
2024-10-17,S3,Home,HO-439,sale,-3,0
2024-10-17,S3,Home,HO-525,sale,-4,0
2024-10-17,S3,Apparel,AP-321,sale,-1,0
2024-10-17,S3,Apparel,AP-558,sale,-4,0
2024-10-17,S3,Apparel,AP-279,return,1,0
2024-10-17,S3,Grocery,GR-721,sale,-2,0
2024-10-17,S3,Apparel,AP-701,sale,-2,0
2024-10-17,S3,Grocery,GR-514,count,0,1
2024-10-17,S3,Electronics,EL-970,sale,-3,0
2024-10-17,S4,Grocery,GR-879,sale,-4,0
2024-10-17,S4,Grocery,GR-417,return,2,0
2024-10-17,S4,Electronics,EL-479,receipt,44,0
2024-10-17,S4,Electronics,EL-526,return,3,0
2024-10-17,S4,Apparel,AP-947,count,0,-2
2024-10-17,S4,Apparel,AP-948,sale,-6,0
2024-10-17,S4,Electronics,EL-969,sale,-3,0
2024-10-17,S4,Apparel,AP-462,sale,-6,0
2024-10-17,S4,Home,HO-119,count,0,0
2024-10-17,S4,Electronics,EL-731,sale,-5,0
2024-10-17,S4,Grocery,GR-110,sale,-3,0
2024-10-17,S5,Home,HO-917,return,2,0
2024-10-17,S5,Grocery,GR-306,count,0,0
2024-10-17,S5,Apparel,AP-784,sale,-3,0
2024-10-17,S5,Electronics,EL-500,return,2,0
2024-10-17,S5,Electronics,EL-740,sale,-4,0
2024-10-17,S5,Home,HO-852,sale,-4,0
2024-10-17,S5,Home,HO-408,return,2,0
2024-10-17,S5,Home,HO-969,sale,-3,0
2024-10-17,S5,Home,HO-931,sale,-2,0
2024-10-17,S5,Grocery,GR-586,sale,-3,0
2024-10-17,S5,Home,HO-515,sale,-2,0
2024-10-17,S5,Electronics,EL-991,sale,-4,0
2024-10-17,S5,Electronics,EL-380,count,0,-2
2024-10-17,S5,Grocery,GR-647,sale,-1,0
2024-10-18,S1,Grocery,GR-764,sale,-3,0
2024-10-18,S1,Electronics,EL-426,receipt,23,0
2024-10-18,S1,Apparel,AP-549,sale,-5,0
2024-10-18,S1,Home,HO-532,receipt,43,0
2024-10-18,S1,Electronics,EL-602,sale,-1,0
2024-10-18,S1,Home,HO-986,receipt,18,0
2024-10-18,S1,Electronics,EL-729,sale,-4,0
2024-10-18,S1,Electronics,EL-856,sale,-2,0
2024-10-18,S1,Electronics,EL-567,count,0,-1
2024-10-18,S1,Grocery,GR-613,return,1,0
2024-10-18,S1,Grocery,GR-314,receipt,53,0
2024-10-18,S1,Home,HO-978,sale,-2,0
2024-10-18,S1,Grocery,GR-860,sale,-3,0
2024-10-18,S1,Electronics,EL-266,receipt,56,0
2024-10-18,S1,Apparel,AP-583,return,3,0
2024-10-18,S2,Grocery,GR-920,count,0,-2
2024-10-18,S2,Home,HO-418,receipt,34,0
2024-10-18,S2,Electronics,EL-118,return,2,0
2024-10-18,S2,Electronics,EL-501,sale,-6,0
2024-10-18,S2,Grocery,GR-503,count,0,-1
2024-10-18,S2,Electronics,EL-666,sale,-3,0
2024-10-18,S2,Home,HO-306,sale,-3,0
2024-10-18,S2,Electronics,EL-732,count,0,2
2024-10-18,S2,Home,HO-711,return,1,0
2024-10-18,S3,Apparel,AP-814,count,0,-2
2024-10-18,S3,Apparel,AP-861,count,0,-1
2024-10-18,S3,Electronics,EL-212,sale,-4,0
2024-10-18,S3,Home,HO-534,sale,-5,0
2024-10-18,S3,Home,HO-442,sale,-3,0
2024-10-18,S3,Apparel,AP-469,sale,-6,0
2024-10-18,S3,Electronics,EL-552,sale,-5,0
2024-10-18,S3,Electronics,EL-225,sale,-5,0
2024-10-18,S3,Electronics,EL-957,count,0,-2
2024-10-18,S3,Grocery,GR-421,sale,-1,0
2024-10-18,S3,Home,HO-367,sale,-4,0
2024-10-18,S3,Electronics,EL-694,sale,-2,0
2024-10-18,S3,Apparel,AP-312,sale,-5,0
2024-10-18,S3,Apparel,AP-199,count,0,-1
2024-10-18,S3,Electronics,EL-533,count,0,-4
2024-10-18,S4,Apparel,AP-940,return,3,0
2024-10-18,S4,Apparel,AP-656,count,0,0
2024-10-18,S4,Grocery,GR-654,count,0,2
2024-10-18,S4,Apparel,AP-187,sale,-2,0
2024-10-18,S4,Electronics,EL-490,sale,-5,0
2024-10-18,S4,Apparel,AP-559,receipt,36,0
2024-10-18,S4,Grocery,GR-224,return,3,0
2024-10-18,S4,Grocery,GR-304,receipt,12,0
2024-10-18,S5,Electronics,EL-138,sale,-4,0
2024-10-18,S5,Grocery,GR-721,sale,-4,0
2024-10-18,S5,Home,HO-998,sale,-5,0
2024-10-18,S5,Apparel,AP-702,sale,-4,0
2024-10-18,S5,Apparel,AP-193,sale,-4,0
2024-10-18,S5,Home,HO-920,sale,-5,0
2024-10-18,S5,Grocery,GR-993,return,1,0
2024-10-18,S5,Grocery,GR-540,sale,-5,0
2024-10-19,S1,Grocery,GR-230,sale,-2,0
2024-10-19,S1,Electronics,EL-606,receipt,30,0
2024-10-19,S1,Home,HO-723,sale,-5,0
2024-10-19,S1,Home,HO-424,receipt,19,0
2024-10-19,S1,Home,HO-457,receipt,15,0
2024-10-19,S1,Home,HO-931,sale,-3,0
2024-10-19,S1,Grocery,GR-583,sale,-5,0
2024-10-19,S1,Grocery,GR-685,count,0,1
2024-10-19,S1,Apparel,AP-576,return,2,0
2024-10-19,S2,Electronics,EL-442,sale,-5,0
2024-10-19,S2,Electronics,EL-823,count,0,-2
2024-10-19,S2,Apparel,AP-759,count,0,0
2024-10-19,S2,Apparel,AP-154,sale,-4,0
2024-10-19,S2,Home,HO-279,count,0,0
2024-10-19,S2,Apparel,AP-461,receipt,26,0
2024-10-19,S2,Apparel,AP-416,return,1,0
2024-10-19,S2,Electronics,EL-757,sale,-5,0
2024-10-19,S2,Home,HO-734,count,0,1
2024-10-19,S2,Grocery,GR-593,count,0,-2
2024-10-19,S2,Home,HO-863,sale,-1,0
2024-10-19,S2,Electronics,EL-993,sale,-6,0
2024-10-19,S2,Grocery,GR-908,receipt,42,0
2024-10-19,S3,Electronics,EL-992,return,1,0
2024-10-19,S3,Electronics,EL-571,sale,-2,0
2024-10-19,S3,Apparel,AP-929,receipt,56,0
2024-10-19,S3,Apparel,AP-460,sale,-4,0
2024-10-19,S3,Electronics,EL-736,count,0,-4
2024-10-19,S3,Apparel,AP-479,receipt,40,0
2024-10-19,S3,Grocery,GR-687,receipt,30,0
2024-10-19,S3,Grocery,GR-428,sale,-1,0
2024-10-19,S3,Apparel,AP-757,return,1,0
2024-10-19,S3,Electronics,EL-742,sale,-4,0
2024-10-19,S3,Electronics,EL-506,sale,-5,0
2024-10-19,S3,Grocery,GR-547,return,3,0
2024-10-19,S3,Apparel,AP-348,sale,-4,0
2024-10-19,S4,Apparel,AP-474,return,1,0
2024-10-19,S4,Electronics,EL-413,count,0,-2
2024-10-19,S4,Grocery,GR-947,return,2,0
2024-10-19,S4,Apparel,AP-260,receipt,22,0
2024-10-19,S4,Home,HO-718,sale,-4,0
2024-10-19,S4,Grocery,GR-775,sale,-1,0
2024-10-19,S4,Home,HO-346,receipt,54,0
2024-10-19,S4,Apparel,AP-979,receipt,12,0
2024-10-19,S4,Grocery,GR-403,receipt,19,0
2024-10-19,S4,Apparel,AP-128,return,1,0
2024-10-19,S4,Grocery,GR-923,return,2,0
2024-10-19,S4,Home,HO-797,sale,-3,0
2024-10-19,S4,Electronics,EL-464,sale,-1,0
2024-10-19,S4,Electronics,EL-765,sale,-2,0
2024-10-19,S5,Home,HO-258,sale,-1,0
2024-10-19,S5,Home,HO-987,sale,-5,0
2024-10-19,S5,Electronics,EL-250,sale,-2,0
2024-10-19,S5,Apparel,AP-141,count,0,1
2024-10-19,S5,Grocery,GR-301,sale,-4,0
2024-10-19,S5,Home,HO-594,return,3,0
2024-10-19,S5,Apparel,AP-275,count,0,1
2024-10-19,S5,Apparel,AP-795,return,2,0
2024-10-20,S1,Home,HO-321,sale,-5,0
2024-10-20,S1,Electronics,EL-518,sale,-3,0
2024-10-20,S1,Apparel,AP-443,return,2,0
2024-10-20,S1,Apparel,AP-239,sale,-1,0
2024-10-20,S1,Electronics,EL-266,sale,-1,0
2024-10-20,S1,Grocery,GR-718,sale,-6,0
2024-10-20,S1,Electronics,EL-246,sale,-2,0
2024-10-20,S1,Apparel,AP-258,sale,-1,0
2024-10-20,S2,Electronics,EL-642,count,0,-2
2024-10-20,S2,Apparel,AP-507,return,2,0
2024-10-20,S2,Grocery,GR-603,sale,-6,0
2024-10-20,S2,Apparel,AP-354,receipt,39,0
2024-10-20,S2,Grocery,GR-256,count,0,-2
2024-10-20,S2,Home,HO-333,sale,-6,0
2024-10-20,S2,Electronics,EL-313,sale,-5,0
2024-10-20,S2,Electronics,EL-700,return,2,0
2024-10-20,S2,Apparel,AP-548,receipt,33,0
2024-10-20,S2,Grocery,GR-538,return,2,0
2024-10-20,S2,Grocery,GR-415,count,0,2
2024-10-20,S2,Electronics,EL-762,sale,-1,0
2024-10-20,S2,Grocery,GR-386,sale,-3,0
2024-10-20,S3,Apparel,AP-706,return,2,0
2024-10-20,S3,Electronics,EL-182,return,2,0
2024-10-20,S3,Grocery,GR-178,sale,-3,0
2024-10-20,S3,Home,HO-268,sale,-1,0
2024-10-20,S3,Electronics,EL-536,sale,-4,0
2024-10-20,S3,Apparel,AP-325,return,1,0
2024-10-20,S3,Home,HO-724,count,0,2
2024-10-20,S3,Grocery,GR-225,count,0,0
2024-10-20,S3,Home,HO-216,count,0,1
2024-10-20,S3,Grocery,GR-309,count,0,0
2024-10-20,S3,Home,HO-600,sale,-2,0
2024-10-20,S4,Home,HO-530,count,0,-1
2024-10-20,S4,Electronics,EL-529,sale,-3,0
2024-10-20,S4,Apparel,AP-192,return,2,0
2024-10-20,S4,Apparel,AP-166,sale,-5,0
2024-10-20,S4,Electronics,EL-989,sale,-1,0
2024-10-20,S4,Electronics,EL-909,return,2,0
2024-10-20,S4,Home,HO-169,sale,-1,0
2024-10-20,S4,Grocery,GR-225,sale,-1,0
2024-10-20,S4,Electronics,EL-123,sale,-5,0
2024-10-20,S4,Grocery,GR-552,sale,-1,0
2024-10-20,S4,Home,HO-240,sale,-1,0
2024-10-20,S4,Grocery,GR-173,sale,-6,0
2024-10-20,S4,Grocery,GR-743,count,0,2
2024-10-20,S4,Home,HO-562,receipt,36,0
2024-10-20,S4,Home,HO-498,sale,-5,0
2024-10-20,S4,Electronics,EL-514,receipt,51,0
2024-10-20,S5,Electronics,EL-180,sale,-3,0
2024-10-20,S5,Home,HO-841,sale,-3,0
2024-10-20,S5,Electronics,EL-202,sale,-3,0
2024-10-20,S5,Grocery,GR-905,sale,-5,0
2024-10-20,S5,Apparel,AP-996,receipt,24,0
2024-10-20,S5,Apparel,AP-583,sale,-2,0
2024-10-20,S5,Electronics,EL-438,receipt,39,0
2024-10-20,S5,Home,HO-316,sale,-4,0
2024-10-20,S5,Electronics,EL-502,return,1,0
2024-10-21,S1,Electronics,EL-672,return,1,0
2024-10-21,S1,Apparel,AP-762,sale,-5,0
2024-10-21,S1,Apparel,AP-679,sale,-4,0
2024-10-21,S1,Home,HO-349,sale,-2,0
2024-10-21,S1,Home,HO-674,sale,-5,0
2024-10-21,S1,Electronics,EL-769,return,2,0
2024-10-21,S1,Electronics,EL-662,sale,-4,0
2024-10-21,S1,Grocery,GR-990,return,2,0
2024-10-21,S1,Electronics,EL-421,count,0,-2
2024-10-21,S1,Apparel,AP-784,sale,-6,0
2024-10-21,S2,Apparel,AP-668,sale,-2,0
2024-10-21,S2,Grocery,GR-513,count,0,-1
2024-10-21,S2,Apparel,AP-567,count,0,0
2024-10-21,S2,Home,HO-612,return,1,0
2024-10-21,S2,Home,HO-591,sale,-3,0
2024-10-21,S2,Electronics,EL-176,count,0,0
2024-10-21,S2,Home,HO-940,sale,-3,0
2024-10-21,S2,Apparel,AP-333,sale,-4,0
2024-10-21,S3,Grocery,GR-464,receipt,15,0
2024-10-21,S3,Home,HO-219,receipt,40,0
2024-10-21,S3,Apparel,AP-986,sale,-3,0
2024-10-21,S3,Apparel,AP-354,receipt,18,0
2024-10-21,S3,Home,HO-902,return,2,0
2024-10-21,S3,Home,HO-758,receipt,26,0
2024-10-21,S3,Home,HO-919,sale,-2,0
2024-10-21,S3,Apparel,AP-697,count,0,-1
2024-10-21,S3,Electronics,EL-615,return,3,0
2024-10-21,S4,Electronics,EL-465,return,3,0
2024-10-21,S4,Grocery,GR-156,return,3,0
2024-10-21,S4,Electronics,EL-451,count,0,2
2024-10-21,S4,Apparel,AP-637,sale,-6,0
2024-10-21,S4,Apparel,AP-356,sale,-2,0
2024-10-21,S4,Electronics,EL-796,sale,-2,0
2024-10-21,S4,Apparel,AP-714,receipt,39,0
2024-10-21,S4,Apparel,AP-676,sale,-1,0
2024-10-21,S4,Home,HO-363,count,0,2
2024-10-21,S4,Apparel,AP-970,return,1,0
2024-10-21,S4,Electronics,EL-697,sale,-4,0
2024-10-21,S4,Home,HO-318,sale,-2,0
2024-10-21,S4,Grocery,GR-965,return,2,0
2024-10-21,S4,Home,HO-767,sale,-2,0
2024-10-21,S4,Electronics,EL-836,return,2,0
2024-10-21,S4,Home,HO-686,sale,-1,0
2024-10-21,S5,Apparel,AP-685,sale,-2,0
2024-10-21,S5,Electronics,EL-785,return,1,0
2024-10-21,S5,Home,HO-569,sale,-4,0
2024-10-21,S5,Grocery,GR-390,count,0,-1
2024-10-21,S5,Electronics,EL-179,sale,-4,0
2024-10-21,S5,Apparel,AP-476,sale,-5,0
2024-10-21,S5,Apparel,AP-772,count,0,0
2024-10-21,S5,Grocery,GR-178,receipt,30,0
2024-10-21,S5,Electronics,EL-281,sale,-6,0
2024-10-21,S5,Electronics,EL-334,sale,-6,0
2024-10-21,S5,Home,HO-401,sale,-6,0
2024-10-21,S5,Apparel,AP-357,count,0,2
2024-10-21,S5,Grocery,GR-900,sale,-6,0
2024-10-21,S5,Grocery,GR-339,receipt,17,0
2024-10-21,S5,Apparel,AP-962,return,2,0
2024-10-22,S1,Grocery,GR-899,count,0,-1
2024-10-22,S1,Grocery,GR-810,count,0,-1
2024-10-22,S1,Apparel,AP-606,return,3,0
2024-10-22,S1,Apparel,AP-948,sale,-3,0
2024-10-22,S1,Home,HO-776,receipt,16,0
2024-10-22,S1,Apparel,AP-194,receipt,42,0
2024-10-22,S1,Electronics,EL-336,count,0,-1
2024-10-22,S1,Electronics,EL-465,receipt,39,0
2024-10-22,S1,Grocery,GR-849,return,1,0
2024-10-22,S1,Home,HO-415,sale,-6,0
2024-10-22,S1,Apparel,AP-905,return,2,0
2024-10-22,S1,Apparel,AP-644,sale,-6,0
2024-10-22,S1,Grocery,GR-920,sale,-5,0
2024-10-22,S2,Electronics,EL-794,sale,-3,0
2024-10-22,S2,Home,HO-728,return,1,0
2024-10-22,S2,Electronics,EL-204,receipt,24,0
2024-10-22,S2,Grocery,GR-577,sale,-5,0
2024-10-22,S2,Grocery,GR-807,sale,-6,0
2024-10-22,S2,Electronics,EL-475,return,2,0
2024-10-22,S2,Apparel,AP-408,sale,-6,0
2024-10-22,S2,Grocery,GR-625,sale,-3,0
2024-10-22,S2,Home,HO-984,count,0,0
2024-10-22,S2,Grocery,GR-194,sale,-2,0
2024-10-22,S2,Grocery,GR-815,return,2,0
2024-10-22,S2,Apparel,AP-164,sale,-4,0
2024-10-22,S2,Grocery,GR-399,count,0,-1
2024-10-22,S2,Home,HO-157,receipt,46,0
2024-10-22,S3,Apparel,AP-125,sale,-4,0
2024-10-22,S3,Electronics,EL-277,return,3,0
2024-10-22,S3,Grocery,GR-539,sale,-5,0
2024-10-22,S3,Grocery,GR-282,sale,-6,0
2024-10-22,S3,Apparel,AP-500,return,2,0
2024-10-22,S3,Apparel,AP-431,sale,-2,0
2024-10-22,S3,Electronics,EL-965,sale,-3,0
2024-10-22,S3,Home,HO-127,sale,-2,0
2024-10-22,S3,Electronics,EL-255,count,0,-3
2024-10-22,S3,Home,HO-557,sale,-3,0
2024-10-22,S3,Grocery,GR-578,sale,-3,0
2024-10-22,S4,Home,HO-303,sale,-1,0
2024-10-22,S4,Grocery,GR-656,return,2,0
2024-10-22,S4,Electronics,EL-549,count,0,0
2024-10-22,S4,Electronics,EL-282,return,2,0
2024-10-22,S4,Electronics,EL-697,return,1,0
2024-10-22,S4,Home,HO-575,sale,-6,0
2024-10-22,S4,Electronics,EL-569,sale,-3,0
2024-10-22,S4,Grocery,GR-184,sale,-2,0
2024-10-22,S4,Apparel,AP-644,sale,-4,0
2024-10-22,S4,Electronics,EL-603,receipt,47,0
2024-10-22,S4,Electronics,EL-702,sale,-6,0
2024-10-22,S4,Electronics,EL-779,receipt,24,0
2024-10-22,S4,Apparel,AP-765,sale,-4,0
2024-10-22,S4,Home,HO-342,receipt,11,0
2024-10-22,S4,Electronics,EL-745,sale,-1,0
2024-10-22,S4,Electronics,EL-625,count,0,-2
2024-10-22,S5,Home,HO-389,return,2,0
2024-10-22,S5,Apparel,AP-522,count,0,1
2024-10-22,S5,Apparel,AP-521,sale,-1,0
2024-10-22,S5,Grocery,GR-642,count,0,2
2024-10-22,S5,Grocery,GR-560,sale,-6,0
2024-10-22,S5,Home,HO-928,receipt,29,0
2024-10-22,S5,Home,HO-538,sale,-1,0
2024-10-22,S5,Grocery,GR-969,sale,-1,0
2024-10-22,S5,Home,HO-228,sale,-4,0
2024-10-22,S5,Grocery,GR-316,sale,-6,0
2024-10-22,S5,Home,HO-783,return,1,0
2024-10-22,S5,Home,HO-941,sale,-2,0
2024-10-23,S1,Grocery,GR-571,sale,-2,0
2024-10-23,S1,Home,HO-713,count,0,2
2024-10-23,S1,Grocery,GR-540,return,3,0
2024-10-23,S1,Grocery,GR-583,sale,-3,0
2024-10-23,S1,Home,HO-183,sale,-2,0
2024-10-23,S1,Electronics,EL-946,sale,-5,0
2024-10-23,S1,Apparel,AP-462,sale,-4,0
2024-10-23,S1,Apparel,AP-245,sale,-6,0
2024-10-23,S2,Apparel,AP-974,count,0,2
2024-10-23,S2,Grocery,GR-588,sale,-2,0
2024-10-23,S2,Grocery,GR-754,receipt,12,0
2024-10-23,S2,Apparel,AP-677,sale,-4,0
2024-10-23,S2,Electronics,EL-128,return,2,0
2024-10-23,S2,Grocery,GR-316,receipt,22,0
2024-10-23,S2,Electronics,EL-596,sale,-6,0
2024-10-23,S2,Home,HO-309,sale,-5,0
2024-10-23,S2,Home,HO-873,count,0,-1
2024-10-23,S2,Apparel,AP-765,receipt,60,0
2024-10-23,S2,Apparel,AP-574,sale,-6,0
2024-10-23,S2,Electronics,EL-415,count,0,0
2024-10-23,S2,Grocery,GR-121,receipt,35,0
2024-10-23,S2,Home,HO-265,receipt,24,0
2024-10-23,S2,Electronics,EL-483,sale,-6,0
2024-10-23,S3,Home,HO-574,return,3,0
2024-10-23,S3,Grocery,GR-791,return,3,0
2024-10-23,S3,Grocery,GR-283,sale,-4,0
2024-10-23,S3,Grocery,GR-226,sale,-2,0
2024-10-23,S3,Apparel,AP-947,sale,-1,0
2024-10-23,S3,Grocery,GR-385,receipt,47,0
2024-10-23,S3,Grocery,GR-261,return,3,0
2024-10-23,S3,Home,HO-179,return,1,0
2024-10-23,S3,Grocery,GR-593,sale,-3,0
2024-10-23,S3,Home,HO-703,sale,-6,0
2024-10-23,S3,Electronics,EL-981,sale,-4,0
2024-10-23,S3,Grocery,GR-416,sale,-2,0
2024-10-23,S3,Apparel,AP-445,sale,-5,0
2024-10-23,S3,Apparel,AP-719,sale,-3,0
2024-10-23,S4,Grocery,GR-287,sale,-6,0
2024-10-23,S4,Home,HO-550,count,0,-1
2024-10-23,S4,Apparel,AP-225,count,0,1
2024-10-23,S4,Apparel,AP-318,sale,-1,0
2024-10-23,S4,Electronics,EL-201,receipt,13,0
2024-10-23,S4,Electronics,EL-554,receipt,30,0
2024-10-23,S4,Home,HO-480,sale,-1,0
2024-10-23,S4,Grocery,GR-224,sale,-1,0
2024-10-23,S4,Grocery,GR-444,count,0,-2
2024-10-23,S5,Grocery,GR-554,count,0,2
2024-10-23,S5,Electronics,EL-998,return,3,0
2024-10-23,S5,Grocery,GR-107,count,0,-2
2024-10-23,S5,Grocery,GR-199,count,0,1
2024-10-23,S5,Electronics,EL-130,receipt,20,0
2024-10-23,S5,Grocery,GR-897,return,1,0
2024-10-23,S5,Apparel,AP-930,sale,-2,0
2024-10-23,S5,Grocery,GR-308,sale,-6,0
2024-10-23,S5,Home,HO-991,sale,-3,0
2024-10-23,S5,Home,HO-248,sale,-4,0
2024-10-24,S1,Electronics,EL-688,sale,-5,0
2024-10-24,S1,Electronics,EL-703,sale,-3,0
2024-10-24,S1,Apparel,AP-432,sale,-4,0
2024-10-24,S1,Electronics,EL-400,sale,-6,0
2024-10-24,S1,Electronics,EL-353,count,0,0
2024-10-24,S1,Electronics,EL-232,sale,-4,0
2024-10-24,S1,Apparel,AP-641,receipt,20,0
2024-10-24,S1,Home,HO-655,count,0,-1
2024-10-24,S1,Grocery,GR-886,sale,-3,0
2024-10-24,S1,Grocery,GR-197,sale,-3,0
2024-10-24,S1,Grocery,GR-751,sale,-4,0
2024-10-24,S1,Grocery,GR-316,receipt,33,0
2024-10-24,S1,Home,HO-472,sale,-1,0
2024-10-24,S1,Grocery,GR-192,count,0,1
2024-10-24,S1,Grocery,GR-289,sale,-4,0
2024-10-24,S1,Apparel,AP-352,sale,-3,0
2024-10-24,S2,Electronics,EL-183,receipt,39,0
2024-10-24,S2,Apparel,AP-812,receipt,45,0
2024-10-24,S2,Grocery,GR-395,count,0,-2
2024-10-24,S2,Home,HO-333,count,0,-1
2024-10-24,S2,Grocery,GR-628,count,0,0
2024-10-24,S2,Apparel,AP-777,sale,-2,0
2024-10-24,S2,Apparel,AP-307,sale,-6,0
2024-10-24,S2,Home,HO-317,sale,-5,0
2024-10-24,S2,Home,HO-411,sale,-5,0
2024-10-24,S2,Home,HO-947,receipt,52,0
2024-10-24,S2,Electronics,EL-927,receipt,27,0
2024-10-24,S2,Electronics,EL-108,sale,-6,0
2024-10-24,S3,Electronics,EL-716,return,2,0
2024-10-24,S3,Home,HO-346,count,0,2
2024-10-24,S3,Home,HO-406,sale,-6,0
2024-10-24,S3,Home,HO-753,count,0,1
2024-10-24,S3,Home,HO-955,sale,-1,0
2024-10-24,S3,Apparel,AP-641,sale,-5,0
2024-10-24,S3,Electronics,EL-982,receipt,55,0
2024-10-24,S3,Electronics,EL-758,sale,-6,0
2024-10-24,S3,Home,HO-458,sale,-6,0
2024-10-24,S3,Apparel,AP-192,sale,-4,0
2024-10-24,S3,Grocery,GR-831,sale,-6,0
2024-10-24,S3,Apparel,AP-909,return,3,0
2024-10-24,S3,Electronics,EL-629,count,0,-6
2024-10-24,S3,Home,HO-988,sale,-6,0
2024-10-24,S3,Apparel,AP-278,sale,-2,0
2024-10-24,S4,Apparel,AP-313,count,0,-1
2024-10-24,S4,Apparel,AP-593,sale,-3,0
2024-10-24,S4,Home,HO-606,sale,-2,0
2024-10-24,S4,Grocery,GR-601,return,3,0
2024-10-24,S4,Electronics,EL-705,receipt,22,0
2024-10-24,S4,Home,HO-739,sale,-4,0
2024-10-24,S4,Electronics,EL-379,sale,-2,0
2024-10-24,S4,Home,HO-185,sale,-2,0
2024-10-24,S4,Grocery,GR-650,return,3,0
2024-10-24,S4,Electronics,EL-230,count,0,-2
2024-10-24,S4,Apparel,AP-755,sale,-1,0
2024-10-24,S4,Apparel,AP-936,count,0,1
2024-10-24,S5,Electronics,EL-615,sale,-2,0
2024-10-24,S5,Grocery,GR-930,receipt,21,0
2024-10-24,S5,Home,HO-911,sale,-3,0
2024-10-24,S5,Home,HO-303,sale,-3,0
2024-10-24,S5,Electronics,EL-616,receipt,31,0
2024-10-24,S5,Grocery,GR-866,count,0,-1
2024-10-24,S5,Electronics,EL-742,receipt,48,0
2024-10-24,S5,Home,HO-822,receipt,27,0
2024-10-24,S5,Grocery,GR-567,return,2,0
2024-10-24,S5,Apparel,AP-368,return,2,0
2024-10-24,S5,Apparel,AP-721,sale,-1,0
2024-10-24,S5,Electronics,EL-759,sale,-4,0
2024-10-24,S5,Electronics,EL-469,count,0,1
2024-10-24,S5,Electronics,EL-268,sale,-2,0
2024-10-25,S1,Grocery,GR-855,sale,-6,0
2024-10-25,S1,Electronics,EL-692,count,0,0
2024-10-25,S1,Electronics,EL-476,return,2,0
2024-10-25,S1,Grocery,GR-286,count,0,2
2024-10-25,S1,Apparel,AP-234,receipt,33,0
2024-10-25,S1,Grocery,GR-583,sale,-3,0
2024-10-25,S1,Apparel,AP-113,sale,-6,0
2024-10-25,S1,Home,HO-122,sale,-2,0
2024-10-25,S1,Grocery,GR-956,return,1,0
2024-10-25,S1,Home,HO-719,receipt,25,0
2024-10-25,S1,Home,HO-600,count,0,-1
2024-10-25,S1,Home,HO-816,sale,-2,0
2024-10-25,S1,Electronics,EL-178,count,0,2
2024-10-25,S1,Home,HO-799,return,2,0
2024-10-25,S1,Electronics,EL-817,return,3,0
2024-10-25,S2,Apparel,AP-451,sale,-3,0
2024-10-25,S2,Home,HO-432,sale,-4,0
2024-10-25,S2,Apparel,AP-815,return,2,0
2024-10-25,S2,Apparel,AP-996,count,0,2
2024-10-25,S2,Electronics,EL-339,count,0,1
2024-10-25,S2,Home,HO-500,sale,-6,0
2024-10-25,S2,Home,HO-568,return,1,0
2024-10-25,S2,Home,HO-703,sale,-2,0
2024-10-25,S2,Grocery,GR-412,sale,-2,0
2024-10-25,S2,Home,HO-400,return,1,0
2024-10-25,S2,Apparel,AP-898,sale,-6,0
2024-10-25,S2,Home,HO-429,return,3,0
2024-10-25,S2,Electronics,EL-987,receipt,35,0
2024-10-25,S2,Electronics,EL-634,sale,-6,0
2024-10-25,S2,Electronics,EL-635,sale,-3,0
2024-10-25,S3,Home,HO-830,receipt,31,0
2024-10-25,S3,Electronics,EL-311,sale,-2,0
2024-10-25,S3,Apparel,AP-575,count,0,1
2024-10-25,S3,Electronics,EL-527,sale,-4,0
2024-10-25,S3,Apparel,AP-175,return,1,0
2024-10-25,S3,Home,HO-254,sale,-6,0
2024-10-25,S3,Apparel,AP-349,return,3,0
2024-10-25,S3,Home,HO-776,count,0,-2
2024-10-25,S3,Grocery,GR-185,return,2,0
2024-10-25,S3,Grocery,GR-877,return,3,0
2024-10-25,S3,Grocery,GR-764,receipt,20,0
2024-10-25,S3,Electronics,EL-608,sale,-4,0
2024-10-25,S3,Electronics,EL-514,sale,-5,0
2024-10-25,S3,Electronics,EL-377,return,1,0
2024-10-25,S3,Electronics,EL-292,receipt,27,0
2024-10-25,S4,Electronics,EL-477,sale,-5,0
2024-10-25,S4,Grocery,GR-176,sale,-1,0
2024-10-25,S4,Electronics,EL-927,return,2,0
2024-10-25,S4,Home,HO-349,receipt,47,0
2024-10-25,S4,Home,HO-522,receipt,60,0
2024-10-25,S4,Electronics,EL-417,sale,-1,0
2024-10-25,S4,Electronics,EL-624,sale,-5,0
2024-10-25,S4,Electronics,EL-141,sale,-6,0
2024-10-25,S4,Home,HO-321,receipt,37,0
2024-10-25,S4,Apparel,AP-679,sale,-4,0
2024-10-25,S4,Electronics,EL-304,receipt,36,0
2024-10-25,S5,Apparel,AP-731,receipt,52,0
2024-10-25,S5,Grocery,GR-757,sale,-6,0
2024-10-25,S5,Grocery,GR-888,sale,-1,0
2024-10-25,S5,Grocery,GR-339,sale,-5,0
2024-10-25,S5,Home,HO-353,count,0,0
2024-10-25,S5,Grocery,GR-838,receipt,31,0
2024-10-25,S5,Apparel,AP-282,sale,-4,0
2024-10-25,S5,Home,HO-240,sale,-5,0
2024-10-26,S1,Electronics,EL-604,sale,-4,0
2024-10-26,S1,Electronics,EL-691,count,0,-2
2024-10-26,S1,Grocery,GR-993,count,0,0
2024-10-26,S1,Apparel,AP-363,return,1,0
2024-10-26,S1,Grocery,GR-833,count,0,-1
2024-10-26,S1,Apparel,AP-145,sale,-2,0
2024-10-26,S1,Apparel,AP-315,return,2,0
2024-10-26,S1,Apparel,AP-638,return,2,0
2024-10-26,S1,Apparel,AP-441,count,0,1
2024-10-26,S1,Apparel,AP-257,sale,-3,0
2024-10-26,S1,Apparel,AP-185,receipt,21,0
2024-10-26,S1,Grocery,GR-739,sale,-2,0
2024-10-26,S1,Home,HO-911,receipt,42,0
2024-10-26,S1,Electronics,EL-113,receipt,18,0
2024-10-26,S1,Apparel,AP-947,return,3,0
2024-10-26,S1,Grocery,GR-134,count,0,-2
2024-10-26,S2,Apparel,AP-438,sale,-1,0
2024-10-26,S2,Grocery,GR-219,sale,-2,0
2024-10-26,S2,Apparel,AP-657,sale,-5,0
2024-10-26,S2,Home,HO-719,count,0,1
2024-10-26,S2,Electronics,EL-253,sale,-3,0
2024-10-26,S2,Apparel,AP-945,sale,-6,0
2024-10-26,S2,Home,HO-377,return,3,0
2024-10-26,S2,Electronics,EL-398,return,2,0
2024-10-26,S2,Electronics,EL-844,return,3,0
2024-10-26,S2,Apparel,AP-300,sale,-3,0
2024-10-26,S2,Electronics,EL-575,receipt,29,0
2024-10-26,S3,Home,HO-918,return,1,0
2024-10-26,S3,Grocery,GR-667,sale,-4,0
2024-10-26,S3,Home,HO-445,sale,-2,0
2024-10-26,S3,Home,HO-908,sale,-3,0
2024-10-26,S3,Home,HO-603,sale,-6,0
2024-10-26,S3,Grocery,GR-449,sale,-1,0
2024-10-26,S3,Apparel,AP-262,receipt,59,0
2024-10-26,S3,Grocery,GR-154,sale,-3,0
2024-10-26,S3,Home,HO-958,count,0,1
2024-10-26,S3,Apparel,AP-799,sale,-3,0
2024-10-26,S4,Grocery,GR-197,sale,-2,0
2024-10-26,S4,Electronics,EL-994,receipt,15,0
2024-10-26,S4,Home,HO-624,receipt,48,0
2024-10-26,S4,Home,HO-577,sale,-4,0
2024-10-26,S4,Apparel,AP-890,receipt,47,0
2024-10-26,S4,Electronics,EL-360,return,1,0
2024-10-26,S4,Grocery,GR-552,sale,-1,0
2024-10-26,S4,Home,HO-963,sale,-2,0
2024-10-26,S4,Grocery,GR-840,receipt,14,0
2024-10-26,S4,Apparel,AP-834,count,0,-2
2024-10-26,S4,Apparel,AP-647,sale,-1,0
2024-10-26,S4,Grocery,GR-711,count,0,-2
2024-10-26,S4,Electronics,EL-896,return,2,0
2024-10-26,S4,Apparel,AP-249,sale,-3,0
2024-10-26,S4,Apparel,AP-189,count,0,-1
2024-10-26,S4,Home,HO-337,sale,-6,0
2024-10-26,S5,Electronics,EL-942,sale,-4,0
2024-10-26,S5,Home,HO-435,sale,-2,0
2024-10-26,S5,Home,HO-664,return,2,0
2024-10-26,S5,Apparel,AP-137,count,0,1
2024-10-26,S5,Grocery,GR-446,sale,-3,0
2024-10-26,S5,Apparel,AP-969,sale,-3,0
2024-10-26,S5,Home,HO-471,count,0,0
2024-10-26,S5,Electronics,EL-535,return,3,0
2024-10-26,S5,Home,HO-629,sale,-6,0
2024-10-26,S5,Electronics,EL-878,return,1,0
2024-10-26,S5,Grocery,GR-995,receipt,26,0
2024-10-26,S5,Electronics,EL-210,receipt,31,0
2024-10-26,S5,Electronics,EL-567,sale,-2,0
2024-10-26,S5,Grocery,GR-908,sale,-2,0
2024-10-26,S5,Grocery,GR-556,sale,-5,0
