claim_id,policy_region,claim_date,claim_type,amount
1,W,2024-02-28,auto,833
2,S,2024-01-08,travel,730
3,N,2024-11-09,health,883
4,S,2024-06-07,auto,636
5,E,2024-09-21,travel,674
6,W,2024-05-22,home,707
7,W,2024-03-23,auto,711
8,N,2024-09-24,travel,611
9,E,2024-11-17,home,716
10,W,2024-10-11,auto,518
11,S,2024-02-07,travel,771
12,N,2024-06-01,health,685
13,S,2024-07-19,health,436
14,S,2024-10-06,health,811
15,E,2024-04-26,health,515
16,S,2024-10-31,travel,537
17,W,2024-09-19,travel,737
18,N,2024-01-21,health,990
19,S,2024-04-12,home,756
20,S,2024-04-03,travel,970
21,E,2024-03-13,home,$961
22,E,2024-05-24,home,525
23,N,2024-03-30,health,721
24,S,2024-04-05,travel,666
25,W,2024-10-02,travel,532
26,W,2024-10-17,home,935
27,E,2024-03-05,health,614
29,N,2024-10-20,travel,460
30,W,2024-08-04,health,634
31,W,2024-11-24,auto,537
32,E,2024-01-29,health,572
33,E,2024-06-01,auto,498
34,W,2024-04-30,health,1092
35,W,2024-05-16,travel,598
37,S,2024-06-01,home,584
38,E,2024-11-05,auto,628
39,E,2024-01-07,home,510
40,N,2024-02-13,health,547
41,E,2024-07-24,health,690
42,W,2024-07-23,auto,USD 936
43,W,2024-03-12,travel,718
44,N,2024-11-04,home,516
45,S,2024-06-15,home,552
46,W,2024-11-26,health,552
47,W,2024-03-16,auto,780
48,S,2024-06-03,home,384
49,W,2024-06-15,health,484
50,N,2024-11-23,travel,779
51,N,2024-02-06,health,493
52,E,2024-07-05,auto,634
53,W,2024-10-03,health,807
55,W,2024-09-05,travel,488
56,E,2024-05-03,home,641
57,E,2024-06-30,health,650
58,W,2024-01-25,auto,559
59,E,2024-10-09,home,661
60,W,2024-05-05,health,868
61,N,2024-06-21,travel,1138
62,N,2024-07-28,health,614
63,E,2024-11-15,auto,777
64,S,2024-05-09,travel,753
65,N,2024-05-30,health,856
67,N,2024-05-28,home,$538
68,N,2024-06-28,travel,478
69,W,2024-10-18,health,649
70,N,2024-10-24,auto,909
71,S,2024-06-14,auto,800
72,E,2024-04-09,home,609
73,N,2024-02-23,auto,565
74,E,2024-01-12,auto,838
75,W,2024-02-18,auto,408
76,W,2024-06-02,home,625
77,E,2024-06-08,auto,691
78,E,2024-04-23,health,739
79,N,2024-03-20,auto,670
80,E,2024-02-18,health,1105
81,E,2024-10-11,health,707
82,W,2024-04-28,health,620
83,N,2024-05-31,travel,985
84,W,2024-09-22,auto,471
85,E,2024-02-16,auto,576
86,E,2024-11-08,home,532
87,W,2024-04-13,home,576
88,S,2024-03-09,auto,889
89,S,2024-11-24,health,$574
90,S,2024-08-31,auto,$805
91,W,2024-11-18,home,808
92,N,2024-08-01,travel,564
93,N,2024-02-12,travel,811
94,W,2024-10-31,auto,USD 893
95,S,2024-03-23,auto,765
96,W,2024-02-29,home,691
97,E,2024-07-03,health,781
98,W,2024-08-31,auto,464
99,E,2024-02-19,health,627
101,S,2024-09-22,home,546
102,E,2024-05-07,home,496
103,W,2024-01-05,health,439
104,W,2024-02-22,home,913
105,E,2024-03-22,health,647
106,S,2024-04-03,auto,586
107,N,2024-07-15,auto,800
108,E,2024-02-13,auto,827
109,N,2024-04-16,travel,558
110,W,2024-06-15,health,598
111,S,2024-10-26,health,942
112,N,2024-04-14,health,656
113,E,2024-10-21,health,981
114,E,2024-07-15,health,916
115,W,2024-07-18,auto,648
116,N,2024-04-19,travel,624
117,E,2024-02-14,travel,$516
118,W,2024-04-14,home,633
119,S,2024-05-25,home,478
120,S,2024-11-23,home,701
121,W,2024-11-16,travel,689
123,W,2024-05-08,home,651
124,S,2024-06-28,health,906
125,W,2024-06-12,auto,940
126,S,2024-04-14,health,712
127,N,2024-09-25,auto,$582
128,E,2024-04-12,health,646
129,W,2024-03-22,auto,538
130,E,2024-07-04,auto,928
131,E,2024-10-28,health,USD 529
132,E,2024-08-21,health,692
133,E,2024-11-02,travel,543
134,N,2024-09-22,auto,466
135,W,2024-03-21,health,709
136,S,2024-02-17,home,707
137,S,2024-05-28,health,725
138,N,2024-01-22,auto,$719
139,S,2024-07-09,auto,809
140,W,2024-01-29,travel,620
141,W,2024-02-10,home,785
142,N,2024-10-02,home,670
143,W,2024-09-14,home,562
145,E,2024-06-09,home,670
147,S,2024-01-19,travel,745
148,E,2024-04-23,health,524
149,N,2024-06-01,health,731
150,W,2024-09-29,auto,872
151,N,2024-05-12,home,613
152,S,2024-04-07,auto,800
153,N,2024-10-15,travel,589
154,S,2024-06-08,home,614
155,N,2024-08-24,auto,487
156,N,2024-03-20,home,476
157,E,2024-03-04,health,977
158,E,2024-02-10,auto,483
159,N,2024-06-26,auto,838
160,W,2024-11-08,health,816
161,E,2024-06-22,health,$822
162,W,2024-04-19,auto,516
163,E,2024-01-14,travel,624
164,E,2024-04-10,home,538
165,E,2024-07-25,home,$930
166,N,2024-09-29,home,593
167,S,2024-01-17,travel,642
168,W,2024-04-29,auto,432
169,N,2024-10-17,travel,495
170,E,2024-06-02,home,847
171,S,2024-01-08,travel,576
172,W,2024-04-10,home,589
173,E,2024-04-14,home,695
174,N,2024-03-26,auto,509
175,E,2024-01-20,travel,614
176,E,2024-05-29,auto,558
177,N,2024-07-19,travel,575
178,E,2024-04-24,travel,1047
180,S,2024-03-30,home,487
181,N,2024-01-23,auto,1004
182,E,2024-01-05,auto,1066
183,W,2024-11-06,health,731
184,N,2024-04-30,health,752
185,E,2024-08-02,health,783
186,W,2024-08-14,travel,838
187,E,2024-02-29,travel,605
188,E,2024-06-06,travel,782
190,E,2024-11-02,auto,773
191,E,2024-04-08,auto,726
192,E,2024-06-12,home,672
193,W,2024-02-28,travel,505
194,S,2024-05-27,travel,558
195,E,2024-07-15,health,686
196,S,2024-05-26,home,572
197,N,2024-03-18,auto,907
198,E,2024-01-29,travel,"$1,010"
199,S,2024-01-04,home,599
200,E,2024-06-11,travel,841
201,E,2024-07-26,health,693
202,N,2024-10-04,home,878
203,W,2024-02-15,auto,556
204,W,2024-11-09,home,734
205,S,2024-06-17,health,692
206,E,2024-10-01,home,504
207,S,2024-03-05,travel,916
208,E,2024-03-26,travel,423
210,W,2024-04-18,health,569
211,S,2024-01-18,home,877
212,S,2024-01-05,auto,USD 578
213,W,2024-07-07,home,1013
214,N,2024-09-02,health,744
215,S,2024-03-12,home,$521
216,W,2024-11-07,travel,892
217,W,2024-03-27,auto,754
218,S,2024-07-24,travel,962
219,S,2024-08-14,home,609
220,N,2024-03-20,auto,917
221,W,2024-04-27,auto,921
222,E,2024-11-21,health,USD 620
223,E,2024-02-25,home,737
224,S,2024-06-06,health,805
225,N,2024-08-06,health,676
226,S,2024-10-31,home,583
227,E,2024-07-11,auto,515
228,W,2024-05-31,health,659
229,N,2024-08-28,health,941
230,N,2024-06-06,auto,USD 957
231,N,2024-04-07,home,587
232,S,2024-03-12,health,945
233,N,2024-11-21,auto,783
234,N,2024-07-20,home,USD 766
235,E,2024-03-30,travel,837
236,N,2024-06-18,health,470
237,W,2024-09-01,auto,528
238,S,2024-01-18,health,688
239,N,2024-05-05,home,859
240,W,2024-10-30,health,639
241,N,2024-10-25,auto,695
242,S,2024-08-10,auto,420
243,N,2024-09-08,home,860
244,N,2024-08-10,travel,795
245,W,2024-07-05,travel,658
246,S,2024-09-10,home,807
247,E,2024-05-13,health,$460
248,E,2024-11-26,travel,516
249,S,2024-04-17,home,962
250,W,2024-06-07,travel,816
251,N,2024-01-30,health,578
252,E,2024-08-10,health,652
254,S,2024-10-30,travel,493
256,W,2024-03-18,home,1007
257,W,2024-07-20,travel,722
258,E,2024-06-14,home,709
259,E,2024-01-25,travel,472
260,W,2024-01-16,travel,594
261,S,2024-02-14,health,$424
262,E,2024-01-24,travel,643
263,E,2024-03-02,travel,1008
264,N,2024-07-02,health,404
265,N,2024-08-17,health,438
267,W,2024-09-06,health,772
268,S,2024-02-24,travel,974
269,W,2024-08-07,travel,730
270,N,2024-03-30,travel,700
271,N,2024-06-06,auto,525
272,N,2024-10-31,home,684
273,W,2024-07-06,home,796
274,E,2024-06-10,health,688
275,W,2024-03-04,home,764
276,S,2024-06-18,health,USD 611
277,E,2024-01-20,health,741
278,W,2024-03-24,health,624
280,E,2024-03-28,auto,597
281,E,2024-11-08,health,505
282,E,2024-11-12,travel,808
283,E,2024-08-07,auto,792
284,N,2024-02-18,health,800
285,W,2024-02-21,auto,696
286,S,2024-07-29,auto,680
287,W,2024-06-08,health,853
288,W,2024-05-30,travel,USD 983
289,W,2024-09-24,health,537
290,W,2024-01-31,home,715
291,E,2024-11-24,travel,650
293,N,2024-01-25,travel,912
294,S,2024-04-25,home,606
295,W,2024-03-09,travel,$943
296,W,2024-04-27,auto,686
298,E,2024-02-14,travel,654
299,N,2024-08-13,travel,789
300,E,2024-03-22,home,779
301,N,2024-08-24,health,459
302,S,2024-11-09,travel,$473
303,E,2024-05-01,health,549
304,N,2024-06-10,home,744
305,N,2024-11-23,health,639
306,W,2024-07-09,travel,615
307,S,2024-10-05,health,338
309,N,2024-06-02,auto,552
310,W,2024-05-12,auto,709
311,W,2024-04-12,home,746
312,S,2024-04-15,health,766
313,W,2024-06-21,auto,746
314,S,2024-04-07,travel,736
315,W,2024-02-20,travel,704
316,E,2024-02-26,health,617
317,E,2024-11-18,health,686
318,N,2024-04-03,travel,537
319,S,2024-01-09,auto,877
320,W,2024-01-06,home,641
321,N,2024-03-02,auto,880
322,E,2024-05-06,travel,619
323,N,2024-08-30,auto,588
324,E,2024-07-07,travel,858
325,E,2024-10-28,home,634
326,W,2024-06-18,health,499
327,E,2024-06-08,auto,624
328,S,2024-05-27,travel,646
329,W,2024-04-07,auto,743
330,E,2024-06-06,home,599
331,N,2024-10-10,travel,USD 903
332,N,2024-02-17,travel,$859
333,N,2024-10-17,health,811
334,E,2024-11-18,home,675
335,E,2024-10-06,auto,675
336,W,2024-01-19,home,563
339,N,2024-09-26,home,710
340,N,2024-06-02,auto,545
341,E,2024-08-28,home,542
342,E,2024-09-22,health,711
343,W,2024-06-23,health,843
344,E,2024-06-27,auto,1021
345,E,2024-01-07,travel,USD 473
346,W,2024-11-20,health,1145
347,W,2024-02-17,auto,590
348,E,2024-04-26,health,641
349,E,2024-07-03,travel,1170
350,E,2024-05-05,home,465
351,E,2024-03-07,home,618
352,W,2024-10-07,health,560
353,E,2024-10-03,home,$559
354,N,2024-02-20,health,645
356,E,2024-10-17,health,554
357,S,2024-08-29,auto,621
358,S,2024-07-15,travel,667
359,S,2024-07-26,auto,718
360,N,2024-08-11,home,608
361,W,2024-06-13,auto,545
362,W,2024-03-10,health,773
363,S,2024-03-20,travel,USD 586
364,E,2024-07-11,health,757
365,W,2024-04-20,travel,589
366,N,2024-09-10,home,$750
367,N,2024-11-16,home,693
368,E,2024-01-20,travel,870
369,E,2024-11-06,home,449
370,W,2024-07-30,home,732
371,W,2024-03-06,home,630
372,S,2024-02-14,travel,662
373,W,2024-05-25,home,700
374,E,2024-02-29,home,623
375,W,2024-07-28,auto,690
376,N,2024-11-22,travel,777
377,S,2024-07-20,travel,570
378,W,2024-07-19,home,899
379,E,2024-10-30,auto,669
380,W,2024-02-04,home,487
381,W,2024-01-05,home,832
382,S,2024-04-05,travel,$837
383,N,2024-08-24,travel,656
385,S,2024-03-10,travel,730
386,S,2024-02-15,travel,867
387,W,2024-10-02,home,771
388,N,2024-01-16,travel,846
389,S,2024-05-03,auto,705
390,N,2024-09-09,home,761
391,W,2024-05-11,travel,624
392,E,2024-10-07,home,480
393,W,2024-06-30,travel,447
394,N,2024-07-18,travel,693
395,S,2024-10-15,travel,718
396,S,2024-07-17,auto,703
397,S,2024-01-11,travel,536
398,E,2024-11-03,auto,564
399,E,2024-03-18,health,564
400,S,2024-09-02,home,590
401,E,2024-04-08,health,499
402,W,2024-07-25,travel,856
403,W,2024-08-10,travel,659
404,N,2024-02-14,health,758
405,N,2024-05-18,home,$818
406,W,2024-07-15,home,568
407,N,2024-08-06,health,672
408,W,2024-02-04,auto,803
409,E,2024-09-23,home,835
410,E,2024-03-11,travel,735
411,W,2024-10-14,home,432
412,S,2024-03-13,travel,511
413,E,2024-09-10,auto,502
414,S,2024-06-11,health,982
415,W,2024-07-31,home,698
416,W,2024-09-14,home,650
417,S,2024-02-28,health,602
418,W,2024-06-20,health,1150
419,N,2024-10-24,home,495
420,N,2024-02-22,home,1190
421,S,2024-06-14,travel,476
422,N,2024-05-31,health,USD 726
423,S,2024-02-17,auto,479
424,E,2024-09-26,health,738
425,W,2024-09-13,travel,656
426,E,2024-07-03,health,543
427,W,2024-05-27,home,636
428,S,2024-04-03,travel,644
429,E,2024-07-22,health,604
430,S,2024-02-16,travel,513
431,N,2024-06-02,auto,564
432,E,2024-02-26,auto,480
433,W,2024-03-11,auto,512
434,N,2024-07-19,home,703
435,E,2024-05-22,health,585
436,S,2024-02-27,auto,446
437,N,2024-04-24,home,592
438,N,2024-05-22,auto,521
439,S,2024-02-22,travel,894
440,N,2024-01-20,home,809
441,E,2024-04-28,auto,673
442,N,2024-02-28,travel,922
443,S,2024-01-12,auto,552
444,W,2024-08-09,auto,655
445,E,2024-03-01,auto,580
446,E,2024-06-07,home,1135
447,S,2024-01-09,auto,669
448,S,2024-11-04,travel,645
449,S,2024-07-08,auto,535
450,S,2024-11-10,health,829
453,E,2024-03-29,travel,768
454,N,2024-03-25,travel,542
455,W,2024-07-16,health,506
456,W,2024-03-04,travel,658
457,E,2024-10-12,auto,655
458,S,2024-08-30,home,554
459,N,2024-06-25,health,346
460,S,2024-05-14,health,598
461,E,2024-07-12,home,837
462,W,2024-10-28,home,619
463,N,2024-09-28,auto,653
464,S,2024-04-14,auto,739
465,W,2024-04-01,health,425
466,S,2024-01-10,home,555
467,S,2024-04-08,travel,700
468,E,2024-05-16,travel,955
469,S,2024-10-07,travel,564
470,N,2024-04-17,travel,622
471,W,2024-08-27,home,586
472,S,2024-06-09,home,630
473,S,2024-01-20,health,772
474,N,2024-05-25,home,882
475,N,2024-07-09,auto,578
476,W,2024-10-03,home,USD 628
477,S,2024-06-30,home,699
478,E,2024-08-18,home,432
479,N,2024-04-01,home,563
480,W,2024-09-22,auto,"$1,022"
481,W,2024-07-10,travel,715
482,S,2024-04-02,home,788
483,N,2024-09-06,health,550
484,S,2024-08-01,health,566
485,W,2024-04-11,auto,871
486,E,2024-01-21,auto,805
487,W,2024-07-11,auto,685
488,W,2024-06-24,home,1052
489,N,2024-09-19,travel,400
490,S,2024-11-02,home,$794
491,N,2024-05-18,travel,624
492,E,2024-04-19,travel,976
493,S,2024-03-28,home,627
494,W,2024-04-02,home,653
495,N,2024-01-15,travel,672
496,W,2024-03-12,auto,921
497,S,2024-02-16,home,533
498,N,2024-10-13,health,836
499,E,2024-05-28,auto,744
500,W,2024-07-21,travel,594
501,W,2024-08-10,home,819
502,N,2024-09-26,home,648
503,W,2024-08-02,health,891
504,N,2024-02-08,health,627
505,E,2024-08-07,home,916
506,W,2024-09-09,travel,USD 917
507,E,2024-09-03,health,588
508,N,2024-10-28,auto,560
509,W,2024-11-26,health,719
510,E,2024-11-05,home,701
511,N,2024-10-27,home,582
512,W,2024-09-05,health,788
513,N,2024-08-01,home,612
514,N,2024-02-09,home,684
515,E,2024-05-08,health,762
516,W,2024-11-16,health,706
517,E,2024-07-30,home,$426
518,E,2024-08-18,travel,649
519,N,2024-06-21,home,564
520,W,2024-06-08,health,582
521,S,2024-02-05,health,435
522,S,2024-07-21,auto,USD 1100
523,E,2024-04-20,auto,484
524,W,2024-11-25,auto,662
525,N,2024-08-06,home,844
526,S,2024-01-15,travel,733
527,S,2024-09-08,home,1135
528,E,2024-01-05,home,580
529,E,2024-07-10,auto,649
530,W,2024-04-23,travel,1047
531,S,2024-07-19,health,729
532,E,2024-01-02,home,567
533,S,2024-06-28,auto,760
534,S,2024-06-12,home,580
536,N,2024-06-06,travel,591
537,S,2024-07-13,auto,1049
538,E,2024-02-06,home,675
539,S,2024-06-06,travel,774
540,W,2024-01-11,auto,565
541,N,2024-08-23,travel,$639
542,E,2024-06-17,auto,USD 485
543,N,2024-03-29,auto,624
544,W,2024-01-18,home,674
545,W,2024-01-23,auto,717
546,N,2024-02-16,home,933
547,W,2024-09-13,home,792
548,E,2024-09-10,home,610
549,N,2024-05-01,auto,756
550,N,2024-01-08,auto,466
551,W,2024-08-13,auto,836
552,E,2024-07-31,travel,980
553,E,2024-11-22,travel,868
554,N,2024-07-07,health,695
555,W,2024-07-02,home,562
556,E,2024-06-24,home,581
557,N,2024-03-05,travel,550
558,W,2024-07-11,health,424
559,N,2024-10-10,travel,890
560,W,2024-08-14,travel,632
561,N,2024-02-19,health,704
562,S,2024-03-24,travel,521
563,E,2024-11-07,home,730
564,W,2024-08-31,auto,554
565,E,2024-10-24,auto,589
566,W,2024-02-24,travel,833
567,N,2024-01-19,health,732
568,W,2024-08-26,auto,557
569,E,2024-05-05,home,751
570,N,2024-04-06,travel,734
571,E,2024-04-18,home,623
572,S,2024-01-17,home,597
573,N,2024-05-18,home,670
574,S,2024-11-26,travel,728
575,W,2024-05-27,home,578
576,E,2024-01-16,home,692
577,E,2024-02-21,health,653
578,N,2024-07-05,travel,765
580,S,2024-01-23,travel,808
581,W,2024-06-22,auto,565
582,E,2024-10-03,travel,1006
583,W,2024-01-25,auto,716
584,N,2024-02-02,travel,937
585,E,2024-01-29,auto,799
586,N,2024-04-20,home,635
587,W,2024-05-15,auto,710
588,W,2024-07-14,auto,631
589,W,2024-07-24,travel,736
590,E,2024-09-19,auto,705
591,N,2024-04-18,auto,852
592,W,2024-01-23,auto,517
593,S,2024-06-10,auto,$631
594,S,2024-01-11,home,496
595,N,2024-08-27,health,453
596,N,2024-02-13,travel,777
597,N,2024-07-26,health,776
598,N,2024-11-07,auto,630
599,W,2024-01-25,home,1031
600,S,2024-06-04,health,706
601,N,2024-06-29,travel,684
602,W,2024-06-11,health,902
603,N,2024-05-22,auto,862
604,S,2024-10-05,home,680
605,S,2024-11-01,health,879
606,E,2024-08-18,auto,860
607,N,2024-03-28,health,675
608,W,2024-06-01,auto,830
609,S,2024-04-05,home,767
610,E,2024-11-10,health,706
611,W,2024-05-27,home,618
612,W,2024-08-17,auto,901
613,N,2024-03-24,home,677
615,S,2024-10-08,home,$696
616,N,2024-07-28,health,591
617,N,2024-11-17,home,428
618,E,2024-11-18,health,USD 690
619,N,2024-04-06,travel,907
620,W,2024-05-13,auto,549
621,S,2024-04-01,travel,612
622,E,2024-02-02,travel,546
623,E,2024-01-16,home,509
624,S,2024-02-17,auto,599
625,S,2024-02-20,home,920
626,W,2024-07-05,travel,613
627,E,2024-07-24,health,526
628,E,2024-05-16,home,$957
629,W,2024-01-12,home,628
630,N,2024-09-25,home,594
631,W,2024-07-11,travel,471
632,E,2024-01-12,health,667
633,W,2024-02-11,home,497
634,E,2024-06-30,health,802
635,W,2024-03-28,travel,"$1,015"
636,N,2024-02-02,travel,533
637,E,2024-05-11,health,620
638,E,2024-09-05,travel,587
639,W,2024-09-13,health,713
640,E,2024-11-14,auto,462
641,W,2024-07-11,home,893
642,N,2024-08-03,travel,$534
643,W,2024-11-19,home,432
644,S,2024-03-22,auto,728
645,W,2024-02-28,home,580
646,E,2024-09-07,home,1104
647,W,2024-06-16,health,710
648,E,2024-10-03,home,840
649,E,2024-05-30,health,585
650,W,2024-10-03,auto,688
651,E,2024-09-07,home,486
652,E,2024-10-19,auto,759
653,N,2024-05-26,home,757
654,E,2024-11-02,travel,747
655,E,2024-10-23,health,619
656,N,2024-09-24,home,685
657,W,2024-11-05,auto,832
658,E,2024-04-18,health,591
659,E,2024-10-10,auto,476
660,E,2024-04-08,health,627
661,W,2024-06-14,health,610
663,E,2024-04-18,home,629
664,W,2024-04-07,home,474
665,S,2024-06-02,health,419
666,E,2024-07-15,travel,580
667,E,2024-09-13,health,658
668,N,2024-01-06,auto,426
669,S,2024-10-31,home,996
670,S,2024-11-07,home,548
671,W,2024-05-12,travel,708
672,W,2024-09-29,health,587
673,E,2024-10-09,home,406
674,N,2024-07-05,home,749
675,W,2024-07-08,travel,833
676,N,2024-03-06,health,$539
677,S,2024-03-10,auto,557
678,N,2024-02-11,auto,590
679,E,2024-01-21,health,859
680,W,2024-02-29,health,USD 722
681,E,2024-07-31,health,505
682,N,2024-03-02,home,592
683,S,2024-03-16,travel,799
684,N,2024-06-25,home,USD 716
685,S,2024-05-28,travel,685
686,W,2024-08-24,home,566
687,N,2024-09-28,health,672
688,N,2024-10-30,home,865
689,N,2024-04-17,home,$617
690,S,2024-07-05,home,561
691,W,2024-05-17,home,801
692,W,2024-06-26,health,573
693,S,2024-05-17,health,USD 701
694,S,2024-02-08,home,830
695,N,2024-01-26,auto,555
696,W,2024-08-02,home,981
697,N,2024-10-25,health,917
698,N,2024-09-08,travel,409
699,S,2024-05-31,travel,920
700,N,2024-04-07,travel,692
701,N,2024-08-19,auto,457
702,W,2024-07-29,home,440
703,N,2024-03-30,auto,767
704,N,2024-01-05,travel,474
705,N,2024-09-27,travel,564
706,S,2024-09-30,home,625
707,W,2024-03-16,travel,855
708,S,2024-10-30,home,701
709,N,2024-04-04,auto,700
710,W,2024-11-06,health,642
711,S,2024-03-20,auto,595
712,E,2024-11-20,home,575
713,S,2024-03-16,health,799
714,E,2024-05-17,travel,765
715,N,2024-11-22,home,720
716,N,2024-07-14,home,597
717,W,2024-10-11,health,518
718,S,2024-08-30,home,636
719,W,2024-07-29,health,885
721,S,2024-02-06,health,686
722,W,2024-09-02,home,633
723,W,2024-10-02,home,424
724,E,2024-08-31,travel,649
725,E,2024-03-15,travel,681
726,N,2024-09-08,travel,586
727,E,2024-10-08,health,598
728,W,2024-06-03,auto,532
729,E,2024-06-09,health,638
730,W,2024-03-24,auto,USD 759
731,S,2024-02-23,home,722
732,S,2024-04-13,auto,661
733,N,2024-03-21,auto,594
734,N,2024-08-20,auto,756
735,N,2024-06-11,home,861
736,N,2024-05-09,health,744
737,S,2024-02-07,home,1033
738,N,2024-04-23,home,840
739,S,2024-10-04,travel,626
740,E,2024-05-20,home,827
741,W,2024-09-21,health,979
742,N,2024-04-20,auto,701
743,S,2024-07-30,home,593
744,E,2024-03-24,travel,958
745,N,2024-11-26,auto,596
746,E,2024-10-13,travel,495
748,S,2024-10-18,auto,442
749,E,2024-07-31,home,492
750,E,2024-02-01,home,709
751,E,2024-04-08,health,561
752,W,2024-07-28,home,605
753,N,2024-08-04,auto,1018
754,N,2024-01-02,health,502
755,N,2024-08-18,travel,638
756,S,2024-08-09,travel,619
757,E,2024-08-12,health,1030
758,E,2024-07-12,travel,787
759,E,2024-11-11,auto,467
761,W,2024-04-23,health,672
762,E,2024-10-31,auto,656
763,W,2024-09-07,home,932
764,E,2024-11-19,auto,628
765,N,2024-07-09,auto,651
766,N,2024-06-09,travel,668
767,W,2024-08-22,health,410
768,W,2024-06-17,travel,843
769,E,2024-08-06,auto,585
770,N,2024-09-07,travel,805
771,E,2024-07-16,health,544
772,E,2024-07-23,health,447
773,S,2024-05-12,health,539
774,W,2024-03-17,travel,598
775,W,2024-08-31,travel,646
776,W,2024-07-03,travel,1066
777,E,2024-02-08,health,$670
778,S,2024-05-19,travel,562
779,E,2024-11-11,travel,544
780,S,2024-07-15,travel,573
781,E,2024-09-29,travel,682
782,W,2024-02-04,travel,948
783,E,2024-08-13,travel,356
784,N,2024-03-07,home,701
785,S,2024-05-21,travel,677
786,N,2024-04-24,travel,494
787,E,2024-01-20,health,USD 436
788,N,2024-06-11,health,481
789,N,2024-11-02,travel,569
790,E,2024-04-23,health,861
791,N,2024-07-03,home,875
792,N,2024-03-05,home,634
793,N,2024-05-30,home,USD 599
794,N,2024-08-25,auto,534
795,N,2024-11-01,auto,445
796,E,2024-09-19,travel,652
797,E,2024-10-12,health,464
798,W,2024-04-11,health,606
799,N,2024-07-17,travel,634
800,E,2024-11-17,auto,622
801,E,2024-08-16,health,681
802,N,2024-02-16,home,517
803,N,2024-08-31,home,1009
804,W,2024-07-23,health,862
805,S,2024-03-04,auto,579
806,W,2024-06-01,health,597
807,S,2024-03-01,health,943
808,S,2024-09-27,home,724
809,S,2024-05-19,travel,556
810,E,2024-07-22,travel,USD 537
811,S,2024-02-19,health,568
812,W,2024-06-10,auto,426
813,E,2024-02-01,auto,609
814,E,2024-04-15,travel,595
815,W,2024-10-09,home,716
816,S,2024-09-07,travel,563
817,N,2024-10-08,travel,532
818,W,2024-03-06,home,711
819,W,2024-02-14,health,663
820,N,2024-10-21,health,648
822,N,2024-03-22,health,789
823,N,2024-05-19,auto,731
824,E,2024-08-19,health,810
825,W,2024-10-10,travel,924
826,W,2024-03-05,auto,543
827,W,2024-03-06,home,651
828,S,2024-06-20,travel,679
829,E,2024-03-26,home,706
830,E,2024-07-15,health,615
831,S,2024-08-06,home,764
832,W,2024-07-04,home,823
833,N,2024-03-01,home,450
834,S,2024-11-09,travel,663
835,N,2024-11-13,home,1104
836,S,2024-06-19,health,437
837,W,2024-09-13,health,510
838,S,2024-11-26,health,379
839,S,2024-09-20,health,505
840,S,2024-04-07,travel,740
841,E,2024-08-29,home,USD 1296
842,E,2024-02-19,auto,666
843,E,2024-02-28,travel,$748
844,W,2024-10-09,auto,612
845,S,2024-04-28,travel,$776
846,E,2024-11-24,health,598
847,S,2024-06-21,health,478
848,W,2024-09-23,health,772
850,E,2024-06-19,home,798
851,N,2024-03-08,travel,856
852,N,2024-07-25,health,393
853,W,2024-07-02,auto,944
854,N,2024-03-18,home,532
855,E,2024-03-03,home,805
856,E,2024-04-30,travel,563
857,S,2024-07-07,health,744
858,N,2024-09-13,home,573
859,E,2024-07-24,travel,463
860,E,2024-03-18,auto,$934
861,E,2024-01-08,travel,716
862,N,2024-08-03,health,819
863,S,2024-03-19,home,683
864,E,2024-07-11,travel,737
865,E,2024-06-18,home,646
866,S,2024-03-19,home,736
867,W,2024-09-18,health,787
868,S,2024-06-28,auto,680
869,E,2024-09-07,auto,785
870,E,2024-03-12,auto,748
872,W,2024-09-24,auto,357
873,E,2024-07-30,home,970
874,S,2024-09-18,auto,557
875,N,2024-11-10,auto,620
876,E,2024-10-15,health,USD 547
877,N,2024-01-14,home,564
878,E,2024-10-10,travel,$669
879,S,2024-01-01,travel,689
880,E,2024-08-27,auto,670
881,W,2024-11-04,home,740
882,N,2024-01-28,health,576
883,N,2024-10-24,auto,466
884,N,2024-10-24,home,787
885,N,2024-08-27,health,524
886,W,2024-04-09,home,684
887,N,2024-09-21,health,799
888,W,2024-05-14,travel,723
889,W,2024-10-30,health,USD 952
890,N,2024-02-11,travel,701
891,N,2024-01-19,home,773
892,N,2024-11-17,health,555
893,E,2024-03-13,travel,512
894,E,2024-10-17,home,761
895,E,2024-03-15,home,915
896,E,2024-01-04,health,$748
897,W,2024-06-27,travel,671
898,W,2024-07-11,home,USD 635
899,E,2024-01-24,auto,512
900,W,2024-08-03,home,663
901,S,2024-11-25,health,637
902,W,2024-02-08,health,587
903,E,2024-03-16,home,771
904,E,2024-09-05,travel,830
905,W,2024-01-13,auto,688
906,S,2024-01-12,travel,$704
907,W,2024-01-15,health,694
908,E,2024-01-14,travel,717
909,W,2024-07-14,auto,913
910,N,2024-04-04,health,$853
911,S,2024-09-09,travel,833
912,S,2024-09-12,travel,384
913,S,2024-01-24,auto,659
914,E,2024-05-04,home,601
915,E,2024-09-22,auto,698
916,S,2024-01-26,home,699
917,N,2024-04-25,auto,902
918,W,2024-07-14,auto,419
919,N,2024-01-25,home,551
920,E,2024-10-26,home,575
921,W,2024-07-20,health,590
922,W,2024-09-23,health,904
923,E,2024-10-28,health,655
924,S,2024-11-07,health,408
925,S,2024-07-27,home,727
926,N,2024-03-10,health,764
927,S,2024-01-01,home,511
928,E,2024-09-12,health,618
929,E,2024-04-05,travel,593
930,W,2024-06-05,travel,$570
931,E,2024-04-01,health,781
932,W,2024-10-22,health,1287
933,W,2024-03-26,auto,607
934,S,2024-10-15,travel,432
935,N,2024-01-19,travel,754
936,N,2024-03-10,travel,512
937,W,2024-08-15,auto,456
938,N,2024-05-14,auto,515
939,N,2024-03-21,travel,893
940,S,2024-10-19,travel,USD 838
942,N,2024-05-03,home,707
943,W,2024-10-11,travel,1032
944,S,2024-02-07,home,470
945,S,2024-03-09,home,1035
946,S,2024-06-18,travel,607
947,S,2024-06-29,health,778
948,N,2024-04-24,home,1036
949,S,2024-05-26,health,680
950,E,2024-04-30,auto,730
951,N,2024-08-27,auto,698
952,W,2024-10-11,auto,677
953,E,2024-01-13,home,748
954,E,2024-03-15,auto,992
955,W,2024-05-18,health,597
956,W,2024-06-23,travel,631
958,N,2024-01-16,auto,806
959,E,2024-09-21,travel,569
960,N,2024-10-13,auto,801
961,N,2024-10-06,home,496
962,N,2024-05-16,travel,669
963,E,2024-02-26,health,690
964,E,2024-01-11,travel,858
965,W,2024-02-26,travel,579
966,E,2024-06-30,auto,426
967,W,2024-11-22,travel,532
968,E,2024-09-28,travel,703
969,N,2024-01-30,health,859
970,S,2024-04-14,health,506
971,N,2024-10-02,auto,629
972,N,2024-08-08,travel,USD 865
973,E,2024-01-04,travel,639
974,W,2024-03-16,home,535
975,N,2024-05-24,home,542
976,W,2024-08-02,travel,618
977,W,2024-06-09,home,675
978,W,2024-05-22,auto,780
979,E,2024-08-09,travel,USD 780
980,S,2024-06-09,health,713
981,N,2024-03-07,health,847
982,E,2024-08-22,travel,714
983,W,2024-06-29,home,850
984,S,2024-06-25,travel,731
985,E,2024-11-24,auto,1024
986,N,2024-06-13,home,603
987,S,2024-03-11,travel,461
988,E,2024-09-20,auto,USD 793
989,W,2024-10-01,home,636
990,W,2024-10-11,travel,678
991,E,2024-11-15,travel,589
994,S,2024-06-17,health,USD 949
995,N,2024-03-19,health,499
996,W,2024-02-20,travel,USD 588
997,W,2024-03-17,home,633
998,E,2024-09-20,home,682
999,W,2024-07-16,health,847
1000,E,2024-05-28,auto,504
1001,W,2024-05-26,auto,840
1002,E,2024-08-23,health,501
1004,E,2024-04-28,auto,716
1005,N,2024-11-24,home,586
1006,W,2024-10-20,home,488
1007,E,2024-07-12,travel,723
1008,S,2024-01-29,home,796
1009,E,2024-07-03,travel,746
1011,S,2024-01-22,travel,882
1012,N,2024-06-05,travel,709
1013,S,2024-11-11,travel,$792
1014,S,2024-02-04,home,731
1015,E,2024-11-08,auto,711
1016,W,2024-05-02,auto,649
1017,W,2024-09-06,travel,950
1018,S,2024-06-01,health,872
1019,N,2024-07-26,travel,$564
1020,E,2024-01-07,auto,565
1021,N,2024-11-04,home,472
1022,N,2024-02-21,home,402
1023,N,2024-01-06,health,725
1024,E,2024-06-07,home,618
1025,W,2024-04-04,health,444
1026,N,2024-03-03,home,647
1027,W,2024-03-21,travel,644
1028,N,2024-02-12,auto,762
1029,W,2024-07-10,health,$546
1030,N,2024-10-04,travel,$484
1031,E,2024-03-09,health,668
1032,S,2024-07-26,home,760
1033,S,2024-10-21,health,448
1034,W,2024-02-07,health,592
1035,N,2024-04-25,health,711
1036,N,2024-11-03,health,703
1037,S,2024-04-29,travel,1031
1038,N,2024-02-10,home,764
1039,W,2024-07-20,health,786
1040,E,2024-05-06,health,722
1041,W,2024-09-08,auto,635
1042,W,2024-08-14,home,824
1043,N,2024-11-01,auto,835
1044,N,2024-07-15,health,421
1045,S,2024-11-15,health,573
1046,E,2024-03-26,travel,457
1047,W,2024-11-08,travel,814
1049,W,2024-07-23,health,445
1050,S,2024-10-16,travel,527
1051,E,2024-04-14,auto,427
1052,N,2024-01-04,auto,523
1053,W,2024-08-05,health,789
1054,N,2024-06-07,health,USD 690
1055,E,2024-04-13,auto,638
1056,W,2024-06-21,travel,412
1057,N,2024-08-20,auto,684
1058,W,2024-03-13,auto,625
1059,E,2024-06-21,health,545
1060,S,2024-04-15,travel,USD 593
1061,N,2024-06-24,auto,503
1062,E,2024-01-20,travel,616
1063,W,2024-05-06,health,937
1064,E,2024-11-13,travel,$723
1065,E,2024-05-22,auto,571
1066,N,2024-08-05,auto,524
1067,S,2024-06-28,home,616
1068,W,2024-08-19,home,456
1069,W,2024-10-25,home,723
1070,N,2024-05-02,health,894
1071,E,2024-10-06,travel,634
1072,N,2024-06-13,travel,590
1073,E,2024-07-31,travel,650
1074,E,2024-03-27,auto,848
1075,E,2024-04-22,auto,502
1076,N,2024-01-06,travel,500
1077,W,2024-07-01,travel,348
1078,W,2024-02-02,home,542
1079,S,2024-04-03,home,652
1082,N,2024-04-23,home,831
1083,S,2024-02-13,travel,531
1084,N,2024-05-11,travel,495
1085,E,2024-06-17,home,680
1086,W,2024-02-27,auto,582
1087,W,2024-06-29,auto,1009
1088,W,2024-02-03,travel,$515
1089,W,2024-05-03,health,419
1090,N,2024-06-02,home,768
1091,E,2024-05-07,health,595
1092,S,2024-03-11,home,621
1093,E,2024-01-16,travel,799
1094,S,2024-09-17,health,631
1095,E,2024-01-11,health,776
1096,W,2024-07-02,health,1068
1097,S,2024-08-14,home,587
1098,E,2024-04-12,travel,896
1099,N,2024-08-06,auto,417
1101,E,2024-03-05,auto,604
1102,E,2024-11-21,home,485
1103,N,2024-09-09,auto,860
1104,W,2024-10-29,auto,688
1105,E,2024-11-18,home,586
1106,E,2024-11-05,auto,675
1107,E,2024-07-10,travel,729
1108,E,2024-10-22,health,862
1109,N,2024-06-26,auto,824
1110,S,2024-05-03,travel,746
1111,S,2024-01-24,home,815
1112,E,2024-09-06,health,928
1113,W,2024-08-30,health,798
1114,W,2024-04-02,travel,358
1115,W,2024-06-04,auto,417
1116,W,2024-02-05,health,763
1117,W,2024-08-12,travel,669
1118,N,2024-05-09,health,804
1119,N,2024-03-30,auto,993
1120,E,2024-04-17,travel,510
1121,E,2024-09-04,health,727
1122,E,2024-03-12,health,USD 593
1123,N,2024-03-19,travel,$491
1124,W,2024-06-30,auto,782
1125,W,2024-07-13,auto,$551
1126,S,2024-01-11,home,661
1127,N,2024-05-11,auto,486
1128,E,2024-08-14,auto,1245
1129,E,2024-02-05,health,620
1130,W,2024-10-17,travel,823
1131,E,2024-01-15,auto,452
1132,W,2024-05-14,travel,501
1133,S,2024-06-09,auto,529
1135,S,2024-08-30,travel,USD 732
1136,N,2024-03-18,travel,$623
1137,N,2024-03-08,health,875
1138,E,2024-01-25,home,589
1139,S,2024-05-04,home,445
1140,N,2024-02-27,travel,652
1141,W,2024-03-01,auto,782
1142,S,2024-08-22,travel,855
1144,E,2024-01-15,health,611
1145,E,2024-11-11,auto,564
1146,W,2024-01-16,health,624
1147,E,2024-07-21,home,787
1148,E,2024-03-23,home,566
1151,E,2024-04-04,travel,720
1152,E,2024-01-11,travel,705
1153,W,2024-11-13,auto,731
1154,N,2024-03-31,travel,656
1155,E,2024-07-30,auto,714
1156,N,2024-02-27,auto,675
1157,E,2024-01-03,health,615
1158,E,2024-05-03,health,503
1159,S,2024-04-11,auto,1057
1160,W,2024-10-10,health,922
1161,W,2024-10-24,travel,495
1162,E,2024-06-14,health,1219
1163,N,2024-09-30,health,635
1164,E,2024-08-01,auto,973
1165,N,2024-05-01,auto,752
1166,W,2024-08-06,health,455
1167,W,2024-07-22,auto,1007
1168,E,2024-06-13,travel,938
1169,S,2024-01-10,travel,843
1170,E,2024-03-27,health,748
1172,S,2024-09-09,home,427
1173,W,2024-08-18,auto,660
1175,E,2024-04-01,auto,634
1176,W,2024-07-26,travel,505
1177,N,2024-02-04,home,608
1178,W,2024-08-20,auto,572
1179,E,2024-04-06,travel,618
1180,S,2024-09-28,health,569
1181,W,2024-02-01,home,615
1182,N,2024-03-09,auto,419
1183,E,2024-06-15,home,520
1184,N,2024-05-26,home,937
1185,E,2024-04-24,travel,763
1186,N,2024-09-12,auto,646
1187,E,2024-06-12,health,617
1188,E,2024-11-26,travel,717
1189,S,2024-07-11,auto,626
1190,W,2024-01-18,home,799
1191,E,2024-07-15,travel,819
1192,N,2024-03-23,travel,638
1194,N,2024-11-14,health,572
1195,W,2024-07-10,travel,711
1197,N,2024-03-11,home,934
1198,N,2024-10-02,auto,587
1199,N,2024-03-10,health,743
1200,S,2024-11-05,health,526
1201,N,2024-09-16,health,643
1202,N,2024-07-05,travel,665
1203,E,2024-08-21,auto,759
1204,E,2024-01-22,travel,585
1205,N,2024-10-19,travel,490
1206,S,2024-05-12,home,579
1207,S,2024-06-13,travel,625
1208,N,2024-05-19,health,554
1209,W,2024-07-10,travel,572
1210,W,2024-05-01,travel,699
1211,S,2024-01-31,home,461
1212,E,2024-11-05,health,458
1213,E,2024-11-21,travel,545
1214,W,2024-04-20,home,591
1215,S,2024-03-22,health,879
1216,S,2024-04-28,health,902
1217,E,2024-11-20,auto,602
1218,W,2024-05-24,travel,699
1219,S,2024-06-04,home,608
1220,W,2024-08-23,auto,837
1221,E,2024-03-14,home,583
1222,S,2024-01-27,home,830
1223,E,2024-01-16,travel,627
1224,N,2024-04-02,auto,637
1225,N,2024-02-08,home,668
1226,S,2024-11-03,home,843
1227,N,2024-08-31,health,892
1228,E,2024-07-11,travel,708
1229,W,2024-11-14,travel,786
1230,W,2024-01-31,auto,488
1231,N,2024-09-27,health,$536
1232,E,2024-06-02,home,514
1233,S,2024-06-24,health,811
1234,S,2024-03-03,health,815
1235,N,2024-07-09,auto,819
1236,N,2024-11-01,auto,USD 520
1237,S,2024-06-09,travel,573
1238,S,2024-04-04,home,476
1240,E,2024-08-09,travel,738
1241,S,2024-03-09,health,812
1242,N,2024-01-22,travel,1018
1243,E,2024-08-19,home,598
1244,W,2024-10-13,travel,589
1245,E,2024-01-13,travel,543
1247,N,2024-03-20,health,578
1248,E,2024-02-10,travel,460
1249,W,2024-03-28,health,$585
1251,S,2024-09-24,auto,786
1252,E,2024-04-18,home,883
1253,N,2024-10-01,health,521
1254,N,2024-06-29,travel,655
1255,W,2024-03-28,home,593
1256,E,2024-04-06,home,597
1257,W,2024-09-25,auto,777
1258,E,2024-09-17,health,845
1259,W,2024-06-08,health,910
1260,N,2024-06-09,auto,$577
1261,E,2024-04-16,health,858
1262,W,2024-07-31,health,$723
1263,N,2024-11-10,home,615
1264,W,2024-10-23,health,568
1265,S,2024-02-17,health,998
1266,E,2024-09-21,health,641
1267,N,2024-05-08,auto,853
1268,E,2024-05-15,auto,876
1269,N,2024-05-26,travel,764
1271,W,2024-10-28,home,1004
1272,E,2024-09-21,travel,$963
1273,S,2024-09-16,travel,$776
1274,N,2024-09-29,travel,473
1275,N,2024-04-24,health,704
1276,E,2024-03-20,health,922
1277,N,2024-03-30,home,699
1278,S,2024-03-12,auto,670
1279,E,2024-05-29,travel,510
1280,W,2024-09-26,travel,804
1281,W,2024-10-01,home,405
1282,S,2024-03-04,travel,571
1283,W,2024-07-19,auto,535
1284,S,2024-10-30,health,507
1285,S,2024-01-15,home,675
1286,E,2024-01-18,home,588
1287,S,2024-02-14,health,842
1288,E,2024-10-10,health,673
1289,W,2024-06-21,health,804
1290,E,2024-10-01,auto,856
1291,W,2024-04-16,health,746
1292,N,2024-08-11,health,$636
1293,S,2024-09-14,travel,639
1294,E,2024-09-30,auto,812
1295,N,2024-03-03,auto,491
1296,S,2024-06-09,health,895
1297,N,2024-04-26,home,457
1298,E,2024-02-06,travel,814
1299,E,2024-03-27,home,539
1300,W,2024-07-11,travel,469
1301,E,2024-09-07,home,588
1302,N,2024-07-14,travel,855
1303,E,2024-09-13,health,540
1304,S,2024-03-12,auto,804
1305,S,2024-11-03,auto,431
1306,S,2024-07-22,auto,681
1307,W,2024-07-22,travel,708
1308,S,2024-06-09,travel,557
1309,S,2024-04-27,auto,712
1311,E,2024-08-23,home,917
1312,N,2024-03-15,travel,498
1313,S,2024-05-16,auto,733
1314,W,2024-01-10,home,633
1316,W,2024-05-31,auto,506
1317,W,2024-04-28,travel,565
1318,E,2024-02-08,auto,759
1319,S,2024-10-02,health,USD 781
1320,W,2024-01-12,auto,853
1321,N,2024-04-13,home,744
1322,S,2024-04-15,home,913
1323,S,2024-05-15,home,478
1325,S,2024-03-25,travel,836
1326,N,2024-04-04,auto,790
1327,W,2024-10-13,auto,820
1328,W,2024-08-20,health,877
1330,N,2024-09-13,home,823
1331,E,2024-11-16,home,653
1332,E,2024-05-09,travel,697
1333,W,2024-05-29,health,531
1334,S,2024-04-16,auto,797
1335,E,2024-04-10,travel,662
1336,S,2024-01-05,home,709
1337,N,2024-05-02,home,681
1338,N,2024-05-16,travel,487
1340,N,2024-09-14,health,592
1341,E,2024-05-03,auto,442
1342,E,2024-06-10,health,558
1343,E,2024-03-28,travel,520
1344,E,2024-10-09,travel,757
1345,W,2024-10-31,home,647
1346,W,2024-11-06,auto,636
1347,E,2024-04-17,home,488
1348,E,2024-04-29,auto,$495
1349,W,2024-11-05,auto,765
1350,W,2024-02-06,home,751
1351,N,2024-06-08,health,854
1352,E,2024-04-30,health,USD 803
1353,S,2024-09-18,travel,513
1355,E,2024-04-27,health,693
1356,W,2024-11-03,home,670
1357,S,2024-10-13,travel,567
1358,W,2024-08-06,travel,555
1359,E,2024-06-25,travel,896
1360,S,2024-05-14,travel,595
1361,S,2024-02-28,health,461
1362,S,2024-01-07,home,502
1363,S,2024-06-27,home,511
1364,E,2024-03-09,travel,1041
1365,W,2024-02-08,home,USD 837
1366,W,2024-01-21,travel,571
1367,W,2024-11-02,auto,406
1368,S,2024-05-01,travel,826
1370,S,2024-10-30,auto,592
1371,W,2024-05-23,auto,423
1372,W,2024-02-04,auto,624
1373,E,2024-04-21,travel,468
1374,W,2024-08-19,travel,606
1375,S,2024-01-30,health,$746
1376,E,2024-04-08,home,615
1377,N,2024-08-01,home,665
1378,W,2024-08-04,auto,911
1379,S,2024-09-26,home,597
1380,N,2024-08-16,home,730
1381,N,2024-01-02,auto,791
1382,W,2024-04-03,travel,580
1383,N,2024-02-08,home,600
1384,W,2024-02-06,auto,660
1385,E,2024-04-22,health,722
1386,W,2024-04-30,travel,586
1387,N,2024-09-24,travel,597
1388,E,2024-06-19,auto,682
1389,N,2024-03-17,auto,964
1390,N,2024-10-23,auto,656
1391,N,2024-05-28,auto,621
1392,W,2024-03-22,auto,556
1393,E,2024-11-26,travel,USD 388
1394,W,2024-04-06,home,674
1395,E,2024-08-10,auto,830
1396,E,2024-04-05,health,792
1397,E,2024-01-31,travel,516
1398,S,2024-07-19,auto,765
1399,S,2024-03-12,home,741
1400,S,2024-01-14,health,638
1401,N,2024-07-12,home,533
1402,E,2024-09-04,auto,797
1403,N,2024-09-21,home,667
1404,S,2024-03-16,home,550
1405,W,2024-10-31,home,744
1406,S,2024-07-26,home,581
1407,W,2024-07-28,health,828
1409,N,2024-10-29,auto,653
1410,N,2024-10-02,auto,619
1411,S,2024-05-22,health,321
1412,E,2024-11-01,travel,840
1413,N,2024-07-12,health,1098
1414,E,2024-05-30,health,565
1415,E,2024-02-16,home,816
1416,E,2024-07-31,home,361
1417,W,2024-04-03,health,749
1418,E,2024-08-06,health,401
1419,E,2024-08-16,travel,600
1420,N,2024-08-18,travel,556
1421,E,2024-07-10,health,USD 543
1422,N,2024-01-07,health,814
1423,N,2024-09-14,home,807
1424,W,2024-01-12,travel,505
1425,N,2024-09-19,health,870
1426,N,2024-04-28,auto,$567
1428,E,2024-10-15,travel,865
1429,S,2024-01-09,auto,1039
1430,N,2024-09-15,home,710
1431,N,2024-02-28,auto,713
1432,S,2024-08-15,health,973
1433,N,2024-08-16,auto,840
1434,E,2024-06-21,health,992
1435,E,2024-05-17,home,626
1436,N,2024-07-18,health,$607
1437,E,2024-03-11,auto,796
1438,E,2024-02-17,health,919
1439,N,2024-09-06,travel,662
1440,E,2024-04-22,auto,USD 455
1441,N,2024-06-01,health,529
1442,S,2024-01-14,home,710
1443,N,2024-04-12,health,622
1444,W,2024-07-02,health,502
1445,W,2024-08-04,travel,$699
1446,E,2024-06-06,auto,416
1447,W,2024-01-11,travel,620
1448,E,2024-06-10,health,699
1450,N,2024-02-28,auto,497
1451,E,2024-09-26,travel,"$1,029"
1452,W,2024-10-06,home,624
1453,S,2024-06-24,auto,542
1454,W,2024-04-15,auto,574
1455,W,2024-06-19,travel,535
1456,E,2024-09-13,travel,530
1457,W,2024-05-18,home,613
1458,W,2024-06-26,home,601
1459,S,2024-11-07,travel,527
1460,W,2024-03-12,health,701
1461,S,2024-10-17,home,1094
1462,N,2024-08-03,auto,709
1463,S,2024-02-26,health,882
1464,N,2024-03-27,travel,530
1465,E,2024-05-17,travel,761
1466,S,2024-01-06,travel,951
1467,E,2024-07-28,auto,730
1468,S,2024-05-20,home,682
1469,E,2024-07-02,home,1146
1470,N,2024-08-23,home,913
1471,S,2024-08-07,auto,639
1472,W,2024-09-08,home,794
1473,S,2024-04-12,auto,745
1474,W,2024-03-05,travel,591
1475,E,2024-05-04,travel,754
1476,N,2024-04-29,travel,570
1477,E,2024-05-12,health,628
1478,W,2024-06-24,health,567
1479,S,2024-05-09,auto,460
1480,E,2024-10-23,home,494
1482,N,2024-05-06,home,693
1483,W,2024-08-30,auto,592
1484,S,2024-05-29,home,756
1485,N,2024-11-16,home,478
1486,W,2024-11-05,travel,547
1487,W,2024-07-08,health,645
1488,N,2024-09-28,home,532
1489,S,2024-04-08,travel,$513
1490,E,2024-01-28,home,615
1491,W,2024-04-06,health,701
1492,W,2024-06-10,travel,437
1493,E,2024-10-23,home,660
1494,W,2024-05-17,home,388
1495,S,2024-06-04,auto,527
1497,E,2024-03-05,home,810
1498,E,2024-03-17,auto,784
1499,E,2024-10-22,travel,558
1500,N,2024-03-11,auto,628
1501,E,2024-10-02,home,668
1502,W,2024-06-24,home,700
1503,W,2024-06-30,auto,673
1504,W,2024-09-11,home,764
1505,W,2024-08-03,travel,512
1506,S,2024-01-05,health,824
1507,E,2024-07-27,travel,442
1508,W,2024-07-26,travel,523
1509,S,2024-08-15,home,991
1510,N,2024-11-20,auto,923
1511,E,2024-08-09,home,970
1512,W,2024-04-18,home,USD 364
1513,N,2024-11-12,health,882
1514,W,2024-10-18,travel,937
1515,W,2024-10-19,health,575
1516,W,2024-10-28,travel,495
1517,E,2024-04-24,auto,$761
1518,N,2024-09-30,health,1206
1520,E,2024-08-25,home,547
1521,E,2024-01-24,auto,893
1523,N,2024-05-27,health,714
1524,E,2024-08-19,travel,489
1525,N,2024-08-16,home,518
1526,N,2024-06-25,health,552
1527,S,2024-05-12,home,656
1528,S,2024-11-12,travel,763
1529,S,2024-03-23,health,568
1530,W,2024-11-13,home,905
1531,S,2024-08-16,health,513
1532,W,2024-05-29,auto,521
1533,N,2024-03-17,travel,1006
1534,E,2024-02-12,home,682
1535,N,2024-10-10,home,598
1536,S,2024-03-01,auto,491
1537,S,2024-05-07,travel,734
1538,E,2024-09-17,auto,721
1539,W,2024-05-01,home,776
1540,E,2024-05-13,health,USD 598
1541,W,2024-03-06,travel,770
1542,E,2024-10-12,health,957
1543,S,2024-02-22,health,829
1544,N,2024-05-15,home,927
1545,E,2024-06-07,travel,723
1546,N,2024-09-16,health,$517
1547,E,2024-05-15,health,740
1548,W,2024-03-28,travel,434
1549,E,2024-04-04,travel,677
1550,S,2024-09-03,travel,483
1551,E,2024-07-06,health,713
1552,W,2024-02-10,auto,$645
1553,W,2024-04-02,home,696
1554,E,2024-09-20,auto,470
1555,S,2024-04-16,home,USD 736
1556,E,2024-11-13,health,693
1557,N,2024-07-25,travel,633
1558,S,2024-03-18,health,$743
1559,W,2024-08-20,home,493
1560,N,2024-09-01,travel,531
1561,E,2024-06-07,travel,773
1563,N,2024-02-01,auto,889
1564,N,2024-04-02,auto,705
1565,S,2024-08-24,home,668
1566,E,2024-11-15,home,508
1567,W,2024-11-08,home,$556
1568,S,2024-04-09,health,675
1569,W,2024-04-12,auto,611
1570,N,2024-07-31,health,569
1571,W,2024-02-14,health,726
1572,S,2024-10-06,home,$717
1573,S,2024-08-02,travel,878
1574,N,2024-02-05,health,525
1575,W,2024-08-01,home,575
1576,W,2024-06-07,health,468
1577,S,2024-08-29,auto,595
1578,E,2024-03-01,health,877
1579,N,2024-10-26,home,786
1580,E,2024-06-18,home,468
1581,N,2024-04-24,health,391
1582,E,2024-03-14,auto,659
1583,N,2024-10-13,travel,547
1584,W,2024-07-24,travel,845
1585,S,2024-06-13,auto,791
1586,S,2024-06-23,health,627
1587,E,2024-05-24,auto,626
1588,E,2024-07-19,travel,628
1589,E,2024-05-04,travel,609
1590,E,2024-08-03,home,601
1592,W,2024-11-04,home,528
1593,E,2024-04-23,travel,673
1594,W,2024-06-05,travel,746
1595,S,2024-01-04,auto,513
1596,E,2024-05-09,home,447
1597,N,2024-07-12,health,589
1598,S,2024-03-06,travel,741
1600,S,2024-02-06,auto,817
1601,W,2024-02-09,home,539
1602,W,2024-04-30,home,878
1603,N,2024-02-14,home,446
1604,E,2024-06-26,home,451
1606,E,2024-10-03,auto,894
1607,W,2024-03-21,travel,596
1608,E,2024-05-27,health,620
1609,S,2024-03-30,travel,689
1610,N,2024-09-23,auto,907
1611,N,2024-07-04,auto,943
1612,E,2024-11-08,auto,516
1613,E,2024-01-19,health,737
1614,E,2024-09-18,home,768
1615,E,2024-03-22,home,614
1616,W,2024-06-04,travel,749
1617,S,2024-06-08,travel,483
1618,W,2024-07-30,travel,729
1619,S,2024-04-07,health,676
1620,E,2024-09-16,travel,537
1621,E,2024-08-21,home,555
1622,S,2024-06-25,home,757
1623,W,2024-06-24,health,USD 759
1624,S,2024-11-18,travel,636
1625,E,2024-03-29,health,535
1626,W,2024-09-12,health,494
1627,E,2024-04-26,auto,796
1628,S,2024-03-21,auto,580
1629,S,2024-02-19,travel,617
1630,W,2024-07-21,health,1082
1631,W,2024-05-09,auto,764
1632,W,2024-11-15,home,783
1633,N,2024-01-13,travel,574
1634,N,2024-02-22,travel,513
1635,W,2024-04-28,home,609
1636,E,2024-10-18,travel,838
1637,E,2024-11-17,health,711
1638,E,2024-08-22,travel,406
1639,E,2024-11-02,home,485
1640,W,2024-02-26,auto,812
1641,N,2024-09-05,health,464
1642,W,2024-09-27,home,447
1643,N,2024-06-24,travel,554
1644,N,2024-03-31,home,433
1645,W,2024-11-10,health,555
1646,W,2024-04-12,home,454
1647,N,2024-05-04,travel,698
1648,W,2024-10-24,health,681
1649,E,2024-10-26,home,1020
1650,E,2024-04-02,home,504
1651,N,2024-05-22,auto,593
1652,S,2024-01-06,home,825
1653,N,2024-08-24,home,581
1654,E,2024-01-25,travel,387
1655,W,2024-05-22,health,$553
1656,N,2024-10-14,health,790
1657,S,2024-03-23,auto,900
1658,W,2024-04-17,travel,513
1660,E,2024-11-11,auto,493
1661,N,2024-02-16,home,488
1662,N,2024-10-28,auto,USD 707
1663,E,2024-01-11,home,434
1664,E,2024-01-16,health,653
1665,S,2024-09-17,travel,774
1666,W,2024-04-22,travel,486
1667,W,2024-07-06,home,750
1668,N,2024-10-02,travel,674
1669,S,2024-05-30,health,789
1670,W,2024-07-16,travel,764
1671,S,2024-01-20,health,661
1672,E,2024-10-24,home,1014
1673,W,2024-10-19,home,$607
1674,E,2024-08-23,travel,$826
1675,W,2024-01-25,health,794
1676,N,2024-06-24,auto,787
1677,E,2024-03-05,auto,1100
1678,E,2024-03-09,health,500
1679,W,2024-01-22,home,623
1680,N,2024-08-30,auto,801
1681,E,2024-07-06,travel,428
1682,E,2024-01-23,home,405
1683,S,2024-05-26,health,670
1684,N,2024-11-13,auto,723
1685,W,2024-02-14,auto,774
1686,E,2024-08-30,travel,620
1687,N,2024-07-06,auto,820
1688,S,2024-02-10,home,515
1689,S,2024-11-22,health,462
1690,N,2024-06-05,auto,678
1691,W,2024-06-01,home,984
1692,E,2024-07-03,health,688
1693,N,2024-05-26,travel,628
1694,S,2024-10-03,home,423
1695,S,2024-04-23,auto,$640
1696,E,2024-03-10,health,481
1697,S,2024-04-10,health,562
1698,W,2024-05-02,home,635
1699,N,2024-07-30,auto,904
1700,S,2024-03-07,home,770
1701,W,2024-08-22,travel,588
1702,N,2024-05-09,auto,613
1703,N,2024-05-02,home,861
1704,W,2024-04-07,home,610
1705,S,2024-04-08,auto,599
1706,S,2024-03-20,health,$704
1707,E,2024-04-08,health,581
1708,E,2024-10-05,home,573
1709,N,2024-07-25,travel,530
1710,W,2024-04-12,home,588
1711,W,2024-04-01,travel,471
1713,N,2024-04-17,health,586
1714,W,2024-07-05,travel,USD 781
1715,N,2024-03-15,home,375
1716,E,2024-07-11,home,722
1717,W,2024-02-08,health,565
1718,W,2024-07-01,home,525
1719,N,2024-02-19,auto,860
1720,W,2024-05-01,auto,488
1721,W,2024-09-17,travel,530
1722,W,2024-05-10,health,678
1723,N,2024-02-12,health,733
1724,N,2024-09-17,health,730
1725,S,2024-03-10,auto,585
1726,E,2024-09-20,health,417
1727,E,2024-04-16,travel,789
1728,N,2024-01-28,travel,512
1729,E,2024-04-18,travel,444
1730,S,2024-01-11,home,538
1731,N,2024-11-15,auto,797
1732,S,2024-01-24,auto,$420
1733,E,2024-02-26,auto,724
1734,W,2024-11-16,health,625
1735,W,2024-05-04,health,404
1736,N,2024-02-20,auto,734
1737,E,2024-10-04,travel,772
1738,S,2024-01-11,auto,678
1739,E,2024-11-08,auto,653
1740,S,2024-04-09,home,720
1741,N,2024-06-21,home,589
1742,N,2024-03-21,auto,762
1743,N,2024-02-18,travel,633
1744,E,2024-01-23,auto,559
1745,E,2024-06-04,home,842
1746,W,2024-03-05,travel,1064
1747,S,2024-06-22,travel,548
1748,E,2024-07-12,travel,782
1749,N,2024-01-11,health,578
1750,S,2024-01-18,travel,483
1751,W,2024-08-23,health,457
1752,W,2024-07-06,travel,651
1753,E,2024-07-22,health,864
1754,W,2024-07-07,health,490
1755,N,2024-05-16,home,637
1756,W,2024-04-07,health,569
1757,N,2024-08-26,health,561
1758,S,2024-01-24,home,752
1759,E,2024-05-16,travel,836
1760,N,2024-07-30,auto,669
1761,E,2024-10-31,travel,$561
1762,W,2024-06-01,travel,852
1763,E,2024-07-06,travel,627
1764,S,2024-01-14,health,974
1765,W,2024-10-12,travel,989
1766,S,2024-03-14,health,557
1767,N,2024-09-29,auto,582
1768,N,2024-06-21,home,526
1769,S,2024-04-02,home,516
1770,E,2024-05-18,health,592
1771,E,2024-03-05,travel,473
1772,N,2024-08-14,home,USD 560
1773,E,2024-11-19,travel,526
1774,N,2024-08-15,health,622
1775,E,2024-09-16,health,569
1776,E,2024-08-22,travel,609
1777,N,2024-10-05,auto,USD 675
1778,W,2024-03-22,travel,637
1780,W,2024-04-24,health,844
1781,S,2024-10-02,travel,$511
1782,N,2024-03-21,home,777
1783,W,2024-09-21,travel,637
1784,S,2024-11-05,home,882
1785,E,2024-09-14,home,481
1786,E,2024-03-27,home,557
1787,E,2024-09-07,health,650
1788,S,2024-05-07,travel,1002
1789,E,2024-03-08,home,599
1790,S,2024-02-20,auto,777
1791,E,2024-07-15,health,818
1792,S,2024-05-01,travel,549
1793,E,2024-05-28,auto,670
1794,W,2024-02-19,health,657
1795,W,2024-10-20,travel,554
1796,N,2024-06-18,home,891
1797,E,2024-03-06,health,592
1798,N,2024-10-27,auto,$657
1799,N,2024-05-10,travel,479
1800,N,2024-09-21,home,614
1801,W,2024-09-15,auto,793
1802,S,2024-03-16,health,665
1803,S,2024-06-19,auto,549
1804,W,2024-04-27,auto,614
1805,W,2024-02-25,health,607
1806,E,2024-01-17,travel,568
1807,N,2024-04-04,health,$843
1808,E,2024-05-23,home,899
1809,N,2024-11-14,home,$483
1810,W,2024-05-30,travel,497
1811,S,2024-05-07,travel,771
1812,S,2024-05-26,health,849
1813,S,2024-05-17,health,712
1814,N,2024-08-09,auto,526
1815,S,2024-02-14,home,898
1816,N,2024-10-30,health,1100
1817,W,2024-05-18,auto,679
1818,E,2024-01-16,travel,USD 780
1819,E,2024-06-12,auto,840
1820,E,2024-06-29,travel,550
1821,W,2024-06-14,home,708
1822,E,2024-02-02,home,549
1823,N,2024-01-20,home,USD 862
1824,E,2024-02-19,travel,USD 715
1826,N,2024-06-03,health,667
1827,E,2024-01-26,auto,581
1828,W,2024-08-17,home,645
1829,E,2024-03-15,travel,$658
1830,W,2024-11-03,home,676
1831,S,2024-05-21,auto,$744
1832,S,2024-04-02,auto,779
1833,N,2024-02-13,health,991
1834,S,2024-05-18,auto,887
1835,N,2024-07-29,travel,691
1836,W,2024-02-21,travel,712
1837,N,2024-08-02,travel,630
1838,W,2024-11-26,travel,1031
1839,E,2024-10-11,home,861
1840,E,2024-08-22,auto,607
1841,E,2024-06-14,auto,563
1842,N,2024-10-15,home,707
1843,N,2024-10-26,health,521
1844,N,2024-06-01,health,860
1845,N,2024-01-24,home,687
1846,S,2024-05-09,health,617
1847,W,2024-03-13,health,599
1848,E,2024-01-28,auto,479
1849,S,2024-05-02,auto,491
1850,W,2024-01-13,health,USD 647
1851,S,2024-10-20,home,USD 1005
1852,S,2024-09-05,auto,USD 652
1853,N,2024-09-19,health,653
1854,S,2024-01-24,travel,530
1855,N,2024-01-15,home,620
1856,E,2024-05-10,travel,419
1857,N,2024-05-20,travel,483
1858,W,2024-07-17,home,462
1859,N,2024-10-31,auto,779
1860,E,2024-02-05,travel,860
1861,E,2024-07-17,auto,397
1862,E,2024-04-24,home,754
1863,N,2024-05-26,auto,478
1864,E,2024-06-30,travel,672
1865,N,2024-02-17,health,748
1866,N,2024-07-07,home,834
1867,E,2024-10-30,travel,918
1868,E,2024-08-18,travel,754
1869,W,2024-04-20,health,530
1870,W,2024-06-04,health,669
1871,N,2024-02-03,travel,854
1872,S,2024-06-09,health,$816
1873,N,2024-10-25,travel,505
1874,N,2024-03-09,travel,546
1875,E,2024-03-06,home,578
1876,E,2024-09-19,travel,753
1877,W,2024-01-13,home,611
1878,S,2024-10-22,auto,563
1879,W,2024-11-20,auto,523
1880,S,2024-02-04,auto,478
1881,S,2024-04-14,auto,950
1882,E,2024-05-21,travel,551
1883,N,2024-05-03,auto,646
1884,S,2024-01-23,auto,498
1885,N,2024-10-01,home,767
1886,S,2024-05-03,travel,827
1887,W,2024-04-26,home,824
1888,N,2024-06-06,auto,625
1889,S,2024-02-27,travel,679
1890,N,2024-10-04,health,913
1891,W,2024-07-28,health,544
1892,S,2024-10-01,travel,426
1893,W,2024-04-08,health,669
1894,S,2024-03-26,home,529
1895,W,2024-05-02,travel,477
1896,N,2024-03-26,home,638
1897,W,2024-02-21,auto,427
1898,E,2024-06-10,travel,655
1899,S,2024-09-01,home,685
1900,E,2024-08-18,health,479
1901,W,2024-08-01,travel,855
1902,S,2024-02-16,health,539
1903,W,2024-10-15,home,$482
1904,W,2024-10-05,home,442
1905,W,2024-03-20,health,582
1906,S,2024-05-04,auto,528
1907,N,2024-08-16,home,712
1908,N,2024-09-27,travel,604
1909,W,2024-08-19,auto,642
1910,N,2024-09-22,travel,637
1911,S,2024-04-21,health,649
1912,S,2024-07-16,home,795
1915,W,2024-04-17,auto,1027
1916,E,2024-02-26,travel,476
1917,N,2024-07-07,auto,630
1918,N,2024-04-16,travel,880
1919,E,2024-11-17,health,674
1920,E,2024-05-23,travel,$798
1921,E,2024-03-13,health,638
1922,E,2024-03-02,travel,807
1923,N,2024-10-18,travel,480
1924,E,2024-05-21,travel,705
1926,N,2024-08-31,travel,629
1927,W,2024-06-25,travel,872
1928,N,2024-11-19,home,629
1929,W,2024-02-18,auto,497
1930,S,2024-10-14,home,646
1931,E,2024-02-07,home,689
1932,E,2024-02-17,auto,540
1933,N,2024-08-12,travel,550
1934,N,2024-08-30,travel,962
1935,E,2024-05-21,auto,545
1936,S,2024-04-22,auto,984
1937,E,2024-02-27,auto,808
1938,E,2024-08-29,auto,623
1939,W,2024-03-11,travel,835
1940,W,2024-09-26,travel,588
1941,N,2024-08-02,health,731
1943,N,2024-08-19,auto,694
1944,E,2024-04-16,travel,894
1945,W,2024-01-03,home,877
1946,E,2024-02-06,travel,701
1947,E,2024-11-12,health,469
1948,W,2024-11-08,home,528
1949,S,2024-11-18,health,652
1950,N,2024-11-17,health,484
1951,W,2024-07-27,travel,781
1952,N,2024-04-05,home,674
1953,N,2024-06-14,travel,852
1954,S,2024-08-03,auto,570
1955,W,2024-08-09,health,792
1956,S,2024-10-29,home,680
1957,E,2024-03-20,auto,476
1958,N,2024-11-24,auto,747
1959,E,2024-03-24,auto,411
1960,N,2024-08-24,health,817
1961,E,2024-10-18,auto,500
1962,W,2024-11-08,travel,858
1963,S,2024-11-25,travel,705
1964,E,2024-10-27,home,547
1965,N,2024-06-28,travel,558
1966,N,2024-02-01,health,1033
1967,S,2024-05-06,auto,433
1968,W,2024-06-27,health,662
1969,N,2024-11-06,auto,682
1970,N,2024-03-12,travel,712
1971,W,2024-04-14,health,610
1972,S,2024-07-27,travel,890
1973,N,2024-05-28,auto,825
1974,W,2024-03-17,home,640
1975,W,2024-11-09,home,487
1976,E,2024-05-17,auto,836
1977,S,2024-03-23,health,688
1978,E,2024-05-08,travel,551
1979,N,2024-05-22,auto,USD 575
1980,W,2024-09-18,home,482
1981,N,2024-08-03,travel,640
1982,E,2024-09-04,auto,645
1983,E,2024-11-11,auto,$730
1984,E,2024-08-11,health,594
1985,W,2024-01-25,travel,445
1986,S,2024-01-31,home,668
1987,S,2024-04-01,home,768
1988,S,2024-05-27,health,USD 522
1989,E,2024-02-16,health,676
1990,W,2024-10-27,health,$778
1991,W,2024-05-06,auto,677
1992,N,2024-03-04,auto,$480
1993,N,2024-08-09,health,527
1994,W,2024-05-04,auto,517
1995,S,2024-05-24,home,665
1996,E,2024-08-20,travel,594
1997,W,2024-08-16,travel,715
1998,S,2024-05-09,travel,643
1999,N,2024-09-30,health,USD 575
2000,W,2024-06-02,health,757
2001,S,2024-05-24,auto,1025
2002,S,2024-06-29,health,592
2003,S,2024-02-12,home,674
2004,E,2024-08-12,travel,998
2005,S,2024-04-20,home,829
2006,E,2024-02-15,home,692
2007,W,2024-02-11,auto,660
2008,S,2024-03-20,home,543
2009,S,2024-01-09,health,594
2010,W,2024-02-24,travel,470
2011,E,2024-09-25,home,650
2012,N,2024-09-05,health,USD 704
2013,N,2024-04-24,auto,776
2014,S,2024-04-18,health,555
2015,W,2024-05-03,travel,683
2016,W,2024-06-19,travel,677
2017,N,2024-04-23,travel,680
2018,N,2024-01-13,home,899
2019,E,2024-03-09,home,483
2020,S,2024-06-27,health,654
2021,W,2024-03-26,home,642
2022,W,2024-05-12,health,630
2023,E,2024-10-28,home,943
2024,W,2024-06-26,home,761
2025,E,2024-06-27,health,621
2026,E,2024-03-16,home,583
2027,E,2024-04-02,auto,749
2028,N,2024-10-30,auto,507
2029,S,2024-10-06,health,515
2030,N,2024-03-09,auto,1000
2031,S,2024-01-09,home,659
2032,W,2024-10-27,health,745
2033,N,2024-07-21,health,USD 916
2034,N,2024-01-13,health,759
2035,N,2024-02-15,health,666
2036,N,2024-04-28,auto,771
2037,N,2024-08-08,travel,500
2038,N,2024-02-14,home,552
2039,S,2024-01-21,travel,711
2040,N,2024-08-22,health,861
2041,S,2024-06-25,auto,590
2042,N,2024-01-18,auto,653
2043,E,2024-03-09,auto,742
2044,N,2024-04-21,travel,429
2045,S,2024-08-15,home,755
2046,W,2024-07-28,health,416
2047,W,2024-10-16,travel,633
2048,W,2024-08-29,auto,872
2049,N,2024-06-25,home,$728
2050,N,2024-05-19,travel,450
2051,E,2024-03-05,health,USD 1048
2052,W,2024-03-09,travel,660
2053,S,2024-04-25,home,635
2054,N,2024-01-24,health,526
2055,S,2024-06-12,travel,521
2056,N,2024-06-30,auto,596
2057,E,2024-03-10,auto,658
2058,E,2024-09-14,health,848
2059,N,2024-03-13,auto,466
2060,E,2024-07-10,auto,604
2061,W,2024-05-28,home,716
2062,W,2024-06-15,auto,869
2063,W,2024-01-30,travel,726
2064,W,2024-10-23,auto,766
2065,E,2024-08-07,travel,579
2066,N,2024-11-16,auto,1031
2067,W,2024-01-28,travel,459
2068,W,2024-10-10,travel,726
2069,E,2024-08-24,travel,655
2070,E,2024-08-11,travel,923
2071,S,2024-05-27,travel,800
2072,E,2024-07-13,home,548
2074,N,2024-10-15,home,723
2075,W,2024-08-16,auto,571
2076,S,2024-11-20,auto,621
2077,S,2024-01-09,health,864
2078,S,2024-04-23,health,793
2079,W,2024-03-13,health,790
2080,N,2024-06-24,health,976
2081,W,2024-04-04,health,867
2082,W,2024-11-24,auto,655
2083,W,2024-07-13,auto,1124
2084,S,2024-10-27,travel,717
2085,E,2024-02-13,travel,673
2086,S,2024-09-06,health,945
2087,W,2024-08-27,health,665
2088,W,2024-08-29,auto,736
2089,N,2024-09-10,auto,522
2090,W,2024-07-28,travel,606
2091,N,2024-04-01,auto,783
2092,E,2024-09-13,health,629
2093,W,2024-01-30,health,911
2094,W,2024-08-08,health,743
2095,S,2024-10-01,travel,974
2096,N,2024-02-17,home,954
2097,E,2024-04-20,home,537
2098,E,2024-10-25,home,707
2100,E,2024-01-03,health,937
2101,W,2024-02-19,travel,658
2102,W,2024-07-17,travel,1164
2103,W,2024-08-23,home,686
2104,S,2024-02-26,travel,USD 889
2105,S,2024-10-04,home,794
2106,N,2024-09-23,health,660
2107,W,2024-09-10,travel,601
2108,S,2024-09-06,auto,503
2110,E,2024-08-03,health,494
2111,N,2024-09-09,home,771
2113,N,2024-03-31,home,466
2114,N,2024-08-31,health,550
2115,E,2024-06-27,auto,831
2116,E,2024-06-07,home,572
2117,W,2024-05-19,home,470
2118,W,2024-06-28,health,485
2119,N,2024-05-10,auto,698
2120,W,2024-09-11,travel,550
2121,W,2024-05-04,health,USD 782
2122,S,2024-04-24,home,USD 612
2123,E,2024-06-23,health,728
2124,N,2024-07-22,travel,439
2125,S,2024-01-24,health,433
2127,W,2024-02-02,home,398
2128,N,2024-03-15,travel,971
2129,N,2024-05-08,auto,523
2130,E,2024-04-19,health,458
2131,W,2024-03-13,travel,702
2132,E,2024-03-29,health,481
2133,S,2024-02-26,health,718
2134,N,2024-04-21,travel,712
2135,E,2024-11-11,auto,590
2136,E,2024-10-09,home,USD 690
2137,S,2024-03-08,home,519
2138,E,2024-11-22,home,669
2139,S,2024-04-14,travel,1130
2140,N,2024-07-01,auto,892
2141,S,2024-03-18,auto,594
2142,E,2024-10-01,health,$549
2143,S,2024-04-02,home,569
2144,S,2024-05-06,health,635
2145,S,2024-11-12,auto,578
2146,W,2024-08-20,health,429
2147,W,2024-01-05,health,$446
2148,W,2024-10-05,auto,944
2149,N,2024-05-31,health,USD 738
2150,E,2024-01-02,auto,637
2151,E,2024-03-14,auto,544
2152,W,2024-09-08,health,552
2153,N,2024-01-07,auto,875
2154,E,2024-07-18,travel,696
2155,W,2024-03-31,health,530
2156,E,2024-06-23,health,798
2157,E,2024-08-13,health,881
2158,W,2024-07-09,travel,853
2159,W,2024-09-15,home,844
2160,S,2024-05-18,health,583
2161,N,2024-06-16,home,684
2162,E,2024-10-23,travel,784
2163,W,2024-09-05,auto,593
2164,W,2024-07-17,home,703
2165,N,2024-11-06,auto,$806
2166,S,2024-05-19,auto,782
2167,N,2024-07-10,health,796
2168,S,2024-02-11,home,899
2169,W,2024-09-29,health,834
2170,W,2024-10-25,auto,804
2171,E,2024-01-16,travel,782
2172,W,2024-11-07,auto,766
2173,N,2024-05-09,auto,953
2175,E,2024-04-21,home,467
2176,W,2024-10-21,travel,885
2177,W,2024-03-28,auto,662
2178,N,2024-03-05,home,990
2179,W,2024-01-05,travel,682
2180,E,2024-08-16,health,553
2181,S,2024-05-30,home,742
2182,E,2024-11-14,auto,$630
2183,W,2024-01-13,travel,USD 580
2184,E,2024-11-16,travel,806
2185,N,2024-05-01,home,471
2186,W,2024-07-16,travel,1287
2187,N,2024-09-07,auto,$735
2188,W,2024-03-16,auto,469
2189,N,2024-09-19,travel,955
2190,E,2024-04-09,home,641
2191,W,2024-10-27,health,470
2192,W,2024-10-15,health,445
2193,S,2024-10-31,health,417
2194,N,2024-07-10,health,734
2195,E,2024-10-13,health,819
2196,N,2024-03-13,auto,660
2197,S,2024-06-01,auto,605
2198,N,2024-06-13,health,600
2201,W,2024-10-18,auto,USD 986
2202,S,2024-05-04,auto,875
2203,N,2024-05-06,health,945
2204,S,2024-03-18,home,677
2205,N,2024-11-03,travel,USD 533
2206,N,2024-10-15,home,744
2208,S,2024-10-19,travel,935
2209,N,2024-07-30,home,737
2210,N,2024-03-09,home,881
2212,S,2024-06-08,travel,604
2213,E,2024-10-11,health,869
2214,N,2024-02-26,health,843
2215,N,2024-10-11,home,$475
2216,S,2024-10-12,home,927
2217,N,2024-09-02,home,723
2218,S,2024-06-01,home,697
2219,E,2024-10-27,home,529
2220,N,2024-01-07,health,860
2221,W,2024-06-05,home,880
2222,E,2024-01-23,travel,1017
2223,N,2024-11-11,auto,831
2224,W,2024-08-02,home,438
2225,W,2024-10-17,travel,507
2226,S,2024-03-16,health,687
2227,W,2024-07-18,travel,631
2228,W,2024-06-15,home,465
2229,E,2024-02-09,auto,$766
2230,W,2024-03-12,travel,518
2231,N,2024-10-13,travel,USD 662
2232,W,2024-11-14,home,860
2233,S,2024-07-02,auto,605
2234,S,2024-05-26,travel,798
2235,N,2024-03-28,auto,763
2236,E,2024-08-20,travel,497
2237,W,2024-08-03,home,543
2238,N,2024-01-30,home,915
2239,N,2024-01-24,health,612
2240,E,2024-01-06,home,643
2241,E,2024-04-10,home,725
2242,E,2024-03-08,health,635
2243,W,2024-01-29,auto,815
2244,S,2024-11-21,health,1036
2245,S,2024-05-10,auto,788
2246,E,2024-11-15,travel,734
2247,W,2024-05-23,travel,550
2248,E,2024-04-28,travel,757
2249,N,2024-04-24,home,719
2250,N,2024-05-28,home,$664
2251,S,2024-08-03,home,530
2252,S,2024-09-06,auto,777
2253,N,2024-03-07,travel,586
2254,W,2024-07-06,travel,446
2255,S,2024-09-03,travel,1044
2256,N,2024-11-09,home,611
2257,S,2024-01-06,travel,589
2258,S,2024-06-18,health,703
2259,N,2024-05-31,travel,654
2260,E,2024-07-28,home,779
2261,W,2024-11-13,health,452
2262,W,2024-11-05,travel,800
2263,N,2024-02-16,home,593
2264,W,2024-09-21,travel,534
2265,S,2024-05-13,auto,947
2266,N,2024-05-15,auto,534
2267,E,2024-11-23,home,738
2268,E,2024-10-03,home,494
2269,S,2024-01-16,health,474
2270,E,2024-01-25,travel,$469
2271,W,2024-08-21,travel,727
2272,E,2024-02-15,auto,827
2273,W,2024-02-06,health,720
2274,W,2024-01-30,auto,651
2275,N,2024-06-19,auto,868
2276,S,2024-02-11,travel,811
2277,S,2024-04-17,travel,612
2278,S,2024-07-26,travel,615
2279,N,2024-07-15,health,545
2280,N,2024-06-14,travel,714
2281,W,2024-04-04,home,1332
2282,W,2024-02-05,auto,810
2283,W,2024-10-23,home,771
2284,W,2024-11-07,health,727
2285,E,2024-04-01,auto,650
2286,N,2024-10-31,auto,1109
2288,E,2024-11-22,auto,515
2289,W,2024-07-07,travel,435
2290,S,2024-10-23,home,593
2291,N,2024-11-17,auto,564
2292,N,2024-04-09,health,529
2293,N,2024-02-21,home,$627
2295,W,2024-11-14,health,918
2296,S,2024-09-20,travel,864
2298,E,2024-01-05,home,857
2299,W,2024-05-14,health,831
2300,W,2024-08-08,home,911
2301,E,2024-02-09,health,833
2303,E,2024-04-09,auto,665
2304,N,2024-06-14,travel,1031
2305,N,2024-07-11,auto,802
2306,N,2024-11-09,health,948
2307,S,2024-01-22,auto,764
2308,E,2024-07-08,home,696
2309,W,2024-05-17,travel,825
2310,N,2024-01-28,travel,567
2311,S,2024-10-22,health,727
2312,S,2024-08-31,health,586
2313,E,2024-10-29,health,777
2314,S,2024-05-28,health,1043
2315,S,2024-04-23,health,566
2316,N,2024-07-01,auto,974
2317,S,2024-02-01,health,618
2318,E,2024-06-02,auto,427
2319,W,2024-04-08,travel,$787
2320,W,2024-05-13,home,496
2321,S,2024-01-27,health,628
2322,N,2024-09-04,home,621
2323,S,2024-10-23,health,524
2324,S,2024-01-26,home,984
2325,W,2024-07-01,health,386
2326,W,2024-04-27,home,555
2327,W,2024-01-11,health,660
2328,W,2024-06-19,health,734
2330,W,2024-10-04,health,582
2331,N,2024-01-16,auto,840
2332,S,2024-06-14,auto,663
2333,W,2024-08-23,home,581
2334,S,2024-08-06,home,898
2335,W,2024-03-30,home,934
2336,S,2024-07-08,health,749
2337,E,2024-06-06,home,1006
2338,N,2024-10-13,auto,683
2339,S,2024-06-25,home,654
2340,S,2024-08-16,home,725
2341,E,2024-03-23,home,490
2343,E,2024-07-05,health,796
2344,W,2024-04-09,home,1077
2345,E,2024-02-21,health,854
2346,N,2024-05-04,home,538
2347,N,2024-08-28,travel,1045
2348,W,2024-02-23,travel,711
2349,S,2024-09-23,auto,563
2350,N,2024-08-31,auto,$592
2351,S,2024-09-29,travel,570
2352,N,2024-10-26,health,673
2353,W,2024-07-11,health,772
2354,W,2024-08-09,auto,903
2355,N,2024-08-24,travel,535
2356,E,2024-06-09,health,687
2357,W,2024-10-07,home,USD 509
2358,E,2024-11-13,health,$760
2359,N,2024-09-18,health,918
2360,W,2024-11-07,health,974
2361,W,2024-09-12,travel,699
2362,E,2024-10-10,travel,1074
2363,W,2024-09-01,health,600
2364,W,2024-01-03,home,428
2365,E,2024-08-11,home,1013
2366,N,2024-10-20,home,723
2367,E,2024-10-30,travel,707
2368,E,2024-06-13,home,766
2369,S,2024-05-31,health,844
2370,W,2024-08-05,travel,778
2371,W,2024-03-27,travel,469
2372,S,2024-04-12,travel,652
2373,W,2024-07-14,travel,791
2374,N,2024-10-07,travel,441
2375,N,2024-04-05,health,644
2376,W,2024-05-16,travel,810
2377,N,2024-02-12,auto,789
2378,S,2024-03-12,travel,768
2379,E,2024-01-30,health,445
2380,E,2024-10-09,home,445
2381,N,2024-08-20,travel,571
2382,E,2024-07-19,auto,1051
2383,S,2024-04-20,health,662
2385,S,2024-06-21,auto,492
2386,W,2024-11-04,home,1037
2387,W,2024-03-30,travel,$893
2388,W,2024-04-24,health,$410
2389,S,2024-05-04,travel,894
2390,S,2024-03-03,home,728
2391,W,2024-08-29,home,$735
2392,S,2024-10-20,health,USD 1006
2393,W,2024-09-29,home,856
2395,S,2024-06-05,health,540
2396,S,2024-02-16,auto,444
2397,S,2024-01-24,travel,$465
2399,W,2024-08-21,home,678
2400,E,2024-11-02,health,773
2401,S,2024-03-02,health,602
2402,S,2024-02-06,auto,904
2403,N,2024-10-16,home,512
2404,N,2024-10-31,auto,564
2405,N,2024-06-08,auto,768
2406,E,2024-11-02,health,571
2407,N,2024-10-22,auto,546
2408,W,2024-03-31,auto,716
2409,S,2024-11-17,health,526
2410,N,2024-06-19,home,483
2411,S,2024-06-21,home,903
2412,E,2024-03-02,home,580
2413,E,2024-07-19,health,855
2414,S,2024-07-05,health,712
2416,S,2024-10-29,auto,618
2417,E,2024-08-18,home,752
2418,S,2024-05-18,home,783
2419,W,2024-01-13,auto,516
2420,W,2024-08-13,auto,822
2421,N,2024-02-07,home,879
2422,N,2024-03-18,auto,625
2423,S,2024-05-08,home,560
2424,S,2024-06-06,auto,759
2425,S,2024-10-22,home,771
2426,S,2024-01-08,travel,881
2427,N,2024-02-15,auto,1055
2428,E,2024-10-18,home,611
2429,S,2024-06-18,auto,755
2430,N,2024-10-27,health,598
2431,S,2024-01-13,home,USD 503
2432,E,2024-01-06,home,504
2433,W,2024-08-22,auto,553
2434,W,2024-10-30,travel,552
2435,S,2024-02-04,health,560
2436,E,2024-08-18,travel,526
2437,S,2024-11-10,auto,920
2438,S,2024-09-29,travel,532
2439,N,2024-04-22,auto,637
2440,W,2024-09-21,travel,$828
2441,N,2024-01-04,home,864
2442,S,2024-02-09,home,474
2443,E,2024-04-05,travel,565
2444,N,2024-09-05,home,890
2445,W,2024-07-25,health,625
2446,W,2024-07-10,travel,625
2447,N,2024-04-06,travel,689
2448,E,2024-08-27,auto,660
2449,N,2024-03-08,auto,504
2450,W,2024-04-23,travel,502
2451,W,2024-08-29,auto,546
2452,S,2024-06-02,home,USD 768
2453,W,2024-06-12,auto,814
2454,N,2024-09-11,auto,640
2455,S,2024-03-06,home,579
2456,E,2024-05-21,home,841
2457,E,2024-05-22,auto,845
2459,S,2024-06-09,health,USD 1004
2460,N,2024-09-11,health,USD 689
2461,W,2024-02-23,home,$529
2462,E,2024-06-18,home,557
2463,E,2024-07-13,health,923
2464,N,2024-04-25,home,440
2465,S,2024-01-11,health,549
2466,W,2024-01-16,travel,619
2467,N,2024-08-21,travel,427
2468,E,2024-08-28,home,450
2469,N,2024-07-14,health,690
2470,E,2024-08-12,health,581
2471,E,2024-03-20,home,617
2472,N,2024-02-26,home,598
2473,S,2024-07-16,home,454
2474,W,2024-02-29,travel,680
2475,S,2024-06-24,health,817
2476,E,2024-10-12,auto,750
2477,W,2024-02-01,home,$879
2478,S,2024-05-07,auto,900
2479,E,2024-04-20,travel,557
2480,N,2024-06-28,travel,730
2481,E,2024-06-01,home,USD 601
2482,S,2024-07-02,travel,787
2483,W,2024-04-08,travel,545
2484,S,2024-05-24,travel,535
2485,W,2024-10-28,travel,$930
2486,N,2024-06-28,health,595
2487,S,2024-06-28,home,711
2488,W,2024-01-16,home,545
2489,E,2024-08-24,auto,526
2490,N,2024-05-06,travel,887
2491,S,2024-09-17,home,647
2492,E,2024-04-07,auto,"$1,065"
2493,E,2024-11-01,auto,771
2494,W,2024-10-14,health,541
2495,W,2024-01-12,health,555
2496,S,2024-03-06,health,836
2497,N,2024-03-05,health,623
2498,W,2024-08-02,travel,628
2499,E,2024-03-30,health,701
2500,W,2024-08-27,auto,385
2501,N,2024-01-17,health,681
2502,E,2024-08-02,home,617
2503,N,2024-09-30,auto,602
2504,N,2024-10-29,health,585
2505,E,2024-11-06,auto,564
2506,E,2024-10-10,travel,860
2507,N,2024-04-26,health,967
2508,E,2024-03-08,travel,441
2509,W,2024-03-09,home,643
2510,E,2024-08-04,health,560
2511,W,2024-05-09,home,703
2512,E,2024-05-19,travel,591
2513,E,2024-01-31,home,802
2514,N,2024-09-25,travel,604
2515,N,2024-05-02,home,902
2516,E,2024-09-15,auto,994
2518,E,2024-06-11,home,755
2519,E,2024-07-21,health,703
2520,W,2024-10-20,travel,651
2521,S,2024-02-02,health,582
2522,E,2024-03-21,travel,USD 742
2523,W,2024-04-19,auto,554
2525,S,2024-02-18,health,936
2526,S,2024-01-05,health,568
2527,S,2024-07-26,home,480
2528,E,2024-05-05,health,1006
2529,E,2024-05-18,health,648
2530,N,2024-10-11,travel,605
2531,S,2024-03-27,auto,439
2532,E,2024-08-19,home,825
2533,S,2024-04-01,health,486
2534,S,2024-11-07,travel,508
2535,E,2024-02-26,health,589
2536,E,2024-08-12,health,491
2537,E,2024-03-25,health,666
2539,S,2024-10-29,home,442
2540,N,2024-10-25,home,393
2541,W,2024-11-05,home,657
2542,S,2024-01-28,health,700
2543,E,2024-09-19,health,880
2544,N,2024-04-13,travel,624
2545,N,2024-07-21,health,791
2546,W,2024-01-23,travel,640
2547,S,2024-01-06,health,616
2548,S,2024-01-27,travel,479
2549,S,2024-04-12,travel,571
2550,E,2024-02-24,travel,691
2551,N,2024-03-30,health,840
2552,S,2024-01-07,auto,514
2553,S,2024-11-15,auto,690
2554,N,2024-01-21,travel,481
2555,E,2024-04-19,home,564
2556,N,2024-05-09,health,840
2557,N,2024-05-01,auto,807
2558,E,2024-08-16,travel,903
2559,E,2024-08-10,auto,589
2560,E,2024-07-31,health,397
2562,W,2024-09-12,auto,652
2563,N,2024-10-12,auto,578
2564,N,2024-01-10,travel,762
2565,S,2024-06-25,auto,670
2566,N,2024-04-21,auto,609
2567,E,2024-02-24,auto,798
2568,W,2024-02-23,health,659
2569,S,2024-01-27,home,542
2570,W,2024-01-23,home,724
2571,E,2024-11-20,home,685
2572,N,2024-04-05,health,681
2573,S,2024-06-20,auto,764
2574,E,2024-04-03,health,709
2575,S,2024-10-08,health,521
2576,S,2024-04-13,health,591
2577,N,2024-02-26,health,436
2578,W,2024-06-30,travel,949
2580,E,2024-03-28,travel,887
2581,E,2024-01-14,travel,726
2582,E,2024-04-26,health,797
2583,E,2024-09-09,health,746
2584,E,2024-08-25,auto,420
2585,E,2024-02-26,home,687
2586,E,2024-07-19,travel,652
2587,S,2024-04-05,home,$826
2588,N,2024-10-26,auto,910
2589,E,2024-05-28,health,665
2590,W,2024-06-02,auto,708
2591,E,2024-07-13,health,431
2592,S,2024-05-11,auto,519
2593,E,2024-07-10,travel,576
2594,E,2024-05-15,home,674
2595,W,2024-06-25,home,476
2596,E,2024-01-30,health,590
2597,N,2024-02-06,home,939
2598,S,2024-03-23,home,$597
2599,S,2024-10-02,auto,491
2601,W,2024-07-30,auto,871
2602,S,2024-01-16,auto,720
2603,W,2024-09-29,home,639
2604,N,2024-05-14,health,753
2605,S,2024-10-06,travel,782
2606,S,2024-06-12,auto,562
2607,N,2024-08-10,home,817
2608,E,2024-06-22,home,698
2609,N,2024-08-23,home,559
2610,W,2024-11-06,home,702
2611,N,2024-10-05,travel,398
2612,S,2024-05-10,health,677
2613,E,2024-10-25,health,583
2614,N,2024-06-29,travel,602
2615,N,2024-06-15,auto,809
2616,N,2024-07-20,auto,785
2617,W,2024-07-16,auto,767
2618,W,2024-10-26,health,718
2619,N,2024-01-11,health,760
2620,S,2024-05-29,home,442
2621,S,2024-02-08,travel,464
2622,W,2024-06-13,auto,713
2623,S,2024-03-03,health,589
2624,S,2024-02-02,home,526
2625,W,2024-02-25,health,USD 504
2626,N,2024-08-13,auto,511
2627,S,2024-02-11,travel,655
2628,W,2024-07-20,health,760
2629,W,2024-10-07,health,759
2630,W,2024-08-28,health,498
2631,S,2024-05-09,home,533
2632,W,2024-11-07,travel,502
2633,E,2024-08-02,travel,$537
2634,W,2024-09-13,health,816
2635,N,2024-10-30,auto,784
2636,S,2024-11-05,auto,612
2637,S,2024-04-21,home,694
2638,W,2024-04-26,health,491
2639,N,2024-03-06,auto,USD 717
2640,S,2024-11-22,health,579
2641,W,2024-02-03,travel,646
2642,W,2024-03-29,home,956
2643,N,2024-02-22,travel,838
2645,W,2024-05-08,travel,588
2646,E,2024-10-24,home,664
2647,N,2024-01-14,health,755
2648,N,2024-07-06,health,1006
2649,N,2024-04-13,auto,980
2650,E,2024-03-14,travel,621
2651,E,2024-05-09,health,772
2652,N,2024-03-10,travel,769
2653,E,2024-06-26,health,487
2654,E,2024-11-15,health,1198
2655,S,2024-02-12,travel,431
2656,N,2024-01-27,health,561
2657,N,2024-08-30,travel,761
2658,N,2024-05-01,auto,529
2659,N,2024-02-28,home,833
2660,N,2024-10-31,health,949
2661,N,2024-07-15,travel,578
2662,S,2024-03-01,home,576
2663,N,2024-06-11,health,515
2664,W,2024-11-26,travel,656
2666,E,2024-08-15,health,807
2667,W,2024-01-10,auto,614
2668,E,2024-02-01,home,USD 641
2669,E,2024-02-14,auto,519
2670,S,2024-08-07,travel,908
2671,N,2024-04-21,home,619
2672,S,2024-04-11,home,777
2673,S,2024-05-05,home,531
2674,S,2024-06-28,health,529
2675,S,2024-06-03,auto,459
2676,E,2024-06-03,travel,536
2677,E,2024-01-05,travel,958
2678,W,2024-09-27,travel,568
2679,N,2024-06-06,auto,651
2680,N,2024-08-06,auto,583
2681,E,2024-10-28,auto,890
2682,W,2024-11-07,home,950
2683,W,2024-06-30,home,699
2684,S,2024-01-18,auto,588
2685,N,2024-04-20,auto,678
2686,S,2024-05-10,travel,789
2687,E,2024-06-18,auto,729
2688,W,2024-11-07,home,470
2689,N,2024-02-28,home,654
2690,S,2024-09-20,travel,746
2691,E,2024-02-03,travel,691
2692,S,2024-04-22,travel,640
2693,S,2024-09-20,travel,879
2694,E,2024-11-25,travel,760
2695,N,2024-11-07,health,569
2696,W,2024-10-06,home,572
2697,W,2024-09-17,travel,578
2698,S,2024-02-04,travel,544
2699,S,2024-05-01,travel,484
2700,W,2024-03-10,health,811
2701,S,2024-10-31,home,669
2702,W,2024-01-08,health,544
2703,W,2024-04-13,travel,771
2704,N,2024-04-01,health,706
2705,W,2024-07-01,home,USD 487
2706,S,2024-05-07,auto,924
2707,W,2024-01-19,auto,500
2708,E,2024-10-11,health,"$1,003"
2709,N,2024-08-05,auto,501
2710,E,2024-11-22,health,576
2711,N,2024-08-31,auto,483
2712,N,2024-05-06,home,580
2713,S,2024-09-19,health,988
2714,E,2024-10-22,health,805
2715,N,2024-02-06,travel,729
2716,E,2024-08-28,travel,545
2717,W,2024-08-21,auto,842
2718,S,2024-06-11,health,405
2719,S,2024-03-26,health,783
2720,S,2024-06-12,home,651
2722,E,2024-06-08,travel,1020
2723,S,2024-04-02,travel,711
2724,S,2024-11-14,home,1083
2725,N,2024-02-22,health,719
2726,E,2024-10-17,home,563
2727,N,2024-03-20,health,1068
2728,N,2024-05-17,auto,689
2729,W,2024-04-22,home,856
2730,S,2024-09-05,home,844
2731,S,2024-04-28,travel,729
2732,W,2024-03-03,auto,553
2733,E,2024-03-08,health,674
2734,E,2024-06-10,auto,859
2735,E,2024-08-27,auto,812
2736,N,2024-10-18,travel,615
2737,W,2024-09-09,home,776
2738,E,2024-04-18,auto,1007
2739,N,2024-10-06,health,851
2740,N,2024-10-10,auto,944
2741,W,2024-11-13,home,USD 675
2742,S,2024-05-07,health,707
2743,S,2024-05-12,travel,709
2744,W,2024-06-24,health,601
2745,N,2024-07-07,travel,643
2746,E,2024-05-20,home,758
2747,S,2024-09-14,home,779
2748,E,2024-11-22,travel,982
2749,N,2024-08-17,auto,909
2750,S,2024-05-01,auto,USD 874
2751,N,2024-04-27,health,931
2752,E,2024-05-07,travel,457
2753,E,2024-05-02,travel,783
2754,E,2024-10-02,home,562
2755,N,2024-09-29,travel,997
2756,W,2024-06-06,auto,605
2757,N,2024-01-19,home,697
2758,N,2024-07-26,travel,653
2759,N,2024-03-18,auto,632
2760,E,2024-08-17,auto,678
2761,S,2024-10-25,travel,939
2762,E,2024-04-27,health,928
2763,N,2024-02-04,auto,801
2764,W,2024-11-04,auto,703
2765,W,2024-08-02,travel,623
2766,E,2024-02-13,travel,714
2767,S,2024-06-08,home,732
2768,W,2024-03-24,home,466
2769,N,2024-08-27,auto,$719
2770,S,2024-03-22,health,738
2771,E,2024-08-08,travel,737
2772,N,2024-09-11,auto,627
2774,N,2024-03-18,travel,603
2775,E,2024-01-21,travel,554
2776,S,2024-10-21,auto,735
2777,E,2024-08-30,travel,837
2778,W,2024-01-18,travel,634
2779,W,2024-04-24,home,906
2780,S,2024-06-12,home,888
2781,N,2024-06-24,travel,973
2782,N,2024-10-06,home,468
2783,W,2024-04-02,home,620
2784,W,2024-11-15,home,902
2785,E,2024-01-09,auto,USD 596
2786,E,2024-01-20,health,502
2787,N,2024-05-28,auto,756
2788,W,2024-06-08,health,695
2789,W,2024-04-02,home,524
2790,E,2024-07-01,health,459
2791,E,2024-02-14,auto,568
2792,W,2024-05-03,travel,746
2793,E,2024-04-09,travel,1066
2794,N,2024-07-28,home,$621
2795,N,2024-07-08,auto,594
2796,E,2024-05-21,health,545
2797,N,2024-01-17,home,648
2798,S,2024-01-23,health,846
2799,N,2024-11-11,home,USD 775
2800,W,2024-10-21,health,$578
2801,S,2024-05-26,travel,730
2802,E,2024-01-24,auto,704
2803,E,2024-05-18,health,667
2804,W,2024-05-27,travel,754
2805,E,2024-04-25,home,761
2806,S,2024-04-13,travel,USD 632
2807,S,2024-01-22,auto,879
2808,E,2024-03-22,health,406
2809,S,2024-07-13,health,715
2810,W,2024-01-01,home,735
2811,W,2024-06-01,home,857
2812,W,2024-09-04,travel,544
2813,W,2024-03-06,travel,674
2814,S,2024-09-26,auto,1071
2815,N,2024-06-22,home,659
2816,W,2024-03-24,auto,738
2817,S,2024-01-03,travel,708
2818,W,2024-08-20,home,932
2819,S,2024-10-26,travel,943
2820,W,2024-03-20,home,812
2821,E,2024-10-05,auto,695
2822,N,2024-08-24,health,557
2823,E,2024-02-13,home,624
2824,W,2024-04-11,travel,802
2825,S,2024-06-01,health,573
2826,E,2024-11-08,health,"$1,044"
2827,S,2024-05-20,auto,683
2828,W,2024-02-19,travel,741
2829,N,2024-03-21,home,538
2830,W,2024-02-02,auto,729
2831,N,2024-09-27,travel,571
2832,S,2024-08-18,health,$867
2833,W,2024-10-12,health,594
2834,E,2024-08-22,auto,782
2835,E,2024-05-30,health,592
2836,S,2024-08-13,travel,991
2837,N,2024-07-21,home,603
2838,E,2024-04-24,home,709
2839,S,2024-03-17,auto,717
2840,E,2024-10-10,travel,618
2841,E,2024-08-18,auto,983
2842,E,2024-07-07,home,860
2844,N,2024-01-31,health,585
2845,S,2024-01-25,home,628
2846,S,2024-07-17,home,863
2847,E,2024-01-09,travel,518
2848,S,2024-04-04,home,956
2849,W,2024-04-17,health,USD 811
2850,E,2024-03-23,travel,559
2851,E,2024-04-08,auto,519
2852,N,2024-10-15,auto,681
2853,E,2024-10-22,travel,520
2854,S,2024-06-05,home,499
2855,N,2024-10-22,auto,701
2856,W,2024-10-17,health,905
2857,N,2024-03-14,auto,738
2858,W,2024-08-18,auto,793
2859,E,2024-03-31,travel,1059
2860,S,2024-08-08,auto,$513
2861,S,2024-02-06,travel,589
2862,S,2024-09-19,health,834
2863,N,2024-02-17,health,620
2864,W,2024-02-27,travel,$751
2865,S,2024-11-06,health,478
2867,W,2024-01-29,travel,610
2868,N,2024-01-18,home,898
2869,N,2024-01-30,travel,589
2870,S,2024-05-25,health,704
2871,S,2024-09-12,auto,625
2872,W,2024-10-06,health,USD 637
2873,E,2024-02-18,travel,515
2874,E,2024-05-16,auto,$819
2875,N,2024-08-02,auto,745
2876,W,2024-04-24,home,687
2877,S,2024-10-10,travel,616
2878,N,2024-04-10,health,802
2879,N,2024-03-20,home,738
2880,N,2024-06-13,home,690
2881,N,2024-04-20,home,518
2882,E,2024-04-15,home,700
2883,E,2024-05-19,home,381
2884,E,2024-07-31,travel,583
2885,S,2024-03-15,travel,631
2886,N,2024-05-23,auto,768
2887,E,2024-10-11,health,541
2888,W,2024-04-20,travel,707
2889,S,2024-05-05,health,USD 978
2890,E,2024-03-11,auto,682
2891,S,2024-04-25,travel,902
2892,S,2024-08-26,home,642
2893,W,2024-03-10,travel,778
2894,S,2024-11-13,home,709
2895,N,2024-02-16,home,748
2896,W,2024-10-10,auto,USD 495
2897,N,2024-11-26,home,581
2898,E,2024-01-11,travel,658
2899,S,2024-02-07,home,599
2900,E,2024-09-25,auto,738
2901,S,2024-08-13,health,458
2902,N,2024-05-09,auto,830
2903,N,2024-01-28,auto,432
2904,E,2024-07-09,health,511
2905,N,2024-01-17,home,871
2906,E,2024-01-31,health,629
2907,N,2024-07-29,travel,753
2908,S,2024-03-17,travel,679
2909,N,2024-07-22,auto,858
2911,S,2024-03-09,home,612
2912,S,2024-04-17,auto,865
2913,E,2024-05-06,health,664
2914,S,2024-06-30,travel,877
2915,N,2024-11-15,home,633
2916,E,2024-05-21,auto,610
2917,N,2024-08-28,travel,922
2918,N,2024-04-29,home,576
2919,N,2024-01-09,home,$422
2921,S,2024-01-02,health,647
2922,E,2024-02-08,health,$608
2923,S,2024-05-20,auto,859
2924,S,2024-08-30,health,$600
2925,S,2024-04-02,health,740
2926,W,2024-03-29,auto,872
2927,W,2024-06-04,auto,USD 479
2928,W,2024-07-12,health,612
2930,N,2024-09-06,auto,496
2931,S,2024-05-09,health,562
2932,E,2024-11-14,health,780
2933,N,2024-10-21,auto,570
2934,S,2024-04-03,health,USD 965
2936,N,2024-03-17,home,910
2937,E,2024-03-30,home,642
2938,S,2024-04-21,health,617
2939,W,2024-07-15,health,619
2940,E,2024-08-17,health,831
2941,W,2024-01-06,travel,407
2942,S,2024-06-25,travel,662
2943,N,2024-02-26,health,936
2944,E,2024-09-16,auto,1102
2945,S,2024-08-08,travel,727
2946,E,2024-06-02,health,559
2947,E,2024-02-21,home,571
2948,N,2024-08-24,home,692
2949,S,2024-03-26,health,837
2950,E,2024-04-09,auto,508
2951,W,2024-04-24,health,697
2953,N,2024-04-05,auto,485
2954,S,2024-11-25,auto,$964
2955,E,2024-08-22,home,633
2956,W,2024-03-22,auto,919
2957,S,2024-11-03,health,513
2958,S,2024-02-20,home,523
2959,S,2024-05-18,travel,635
2960,W,2024-11-18,health,481
2961,N,2024-11-16,auto,539
2962,S,2024-10-06,health,535
2963,N,2024-09-30,health,738
2964,W,2024-10-17,auto,USD 526
2965,N,2024-07-22,auto,$594
2966,S,2024-04-07,travel,633
2967,E,2024-04-20,health,$573
2969,W,2024-06-23,travel,USD 590
2971,E,2024-07-01,auto,636
2972,W,2024-04-05,auto,708
2973,W,2024-02-13,auto,471
2974,N,2024-09-30,home,560
2976,S,2024-09-11,auto,555
2977,N,2024-07-14,auto,739
2978,W,2024-01-13,home,975
2979,W,2024-07-14,health,724
2980,N,2024-07-28,travel,470
2981,W,2024-07-10,auto,584
2982,S,2024-07-01,home,683
2983,S,2024-05-18,health,USD 575
2984,N,2024-03-28,travel,744
2985,N,2024-08-08,health,746
2986,W,2024-09-19,health,USD 782
2987,N,2024-05-09,travel,658
2988,W,2024-03-15,health,841
2989,W,2024-07-08,travel,827
2990,E,2024-09-21,travel,996
2991,E,2024-11-16,travel,652
2992,N,2024-07-03,travel,618
2993,N,2024-02-29,health,441
2994,W,2024-05-21,health,631
2995,W,2024-08-26,auto,984
2996,S,2024-03-30,auto,542
2997,S,2024-01-24,health,$877
2998,E,2024-11-12,auto,724
2999,W,2024-09-02,health,641
3000,E,2024-05-14,home,556
3001,E,2024-04-23,auto,742
3002,N,2024-08-11,health,889
3003,N,2024-07-30,auto,670
3004,N,2024-01-03,auto,526
3005,S,2024-07-21,health,595
3006,W,2024-04-02,health,725
3007,E,2024-01-25,travel,759
3008,N,2024-07-13,auto,640
3009,N,2024-07-24,travel,484
3010,W,2024-01-02,travel,591
3011,N,2024-01-10,travel,470
3012,W,2024-07-25,health,763
3013,N,2024-05-18,travel,635
3014,N,2024-07-01,auto,510
3015,S,2024-04-21,auto,523
3016,S,2024-08-27,health,597
3017,N,2024-07-29,health,700
3018,E,2024-11-12,travel,504
3019,N,2024-10-16,health,488
3020,W,2024-11-12,auto,$846
3021,N,2024-04-28,home,557
3022,N,2024-11-06,home,517
3023,W,2024-08-10,travel,672
3024,N,2024-05-06,health,541
3025,E,2024-09-13,travel,874
3026,N,2024-09-20,travel,510
3027,N,2024-04-08,travel,534
3028,E,2024-01-06,health,841
3030,S,2024-06-22,health,637
3031,N,2024-05-08,health,657
3032,N,2024-09-09,auto,586
3033,E,2024-05-17,auto,904
3034,N,2024-05-25,home,954
3035,W,2024-05-14,health,737
3036,S,2024-10-08,auto,896
3037,N,2024-10-02,auto,$609
3038,S,2024-04-22,health,558
3039,N,2024-05-17,travel,518
3040,N,2024-01-15,home,1086
3041,N,2024-07-03,health,824
3042,N,2024-04-29,auto,424
3043,E,2024-06-13,health,783
3044,S,2024-01-05,home,695
3045,S,2024-02-19,home,$598
3046,E,2024-04-16,auto,547
3048,W,2024-01-01,auto,519
3049,S,2024-07-08,travel,736
3050,W,2024-08-07,health,794
3051,W,2024-11-09,travel,901
3052,N,2024-02-27,home,$458
3053,E,2024-10-08,health,426
3054,E,2024-08-19,health,691
3055,E,2024-07-30,health,637
3056,S,2024-04-27,auto,834
3057,E,2024-05-09,auto,440
3058,E,2024-09-30,auto,605
3059,N,2024-06-22,home,354
3060,E,2024-10-28,home,656
3061,E,2024-04-27,health,533
3062,E,2024-01-28,health,720
3063,S,2024-08-08,health,622
3064,N,2024-02-02,auto,803
3065,S,2024-01-08,travel,806
3066,S,2024-04-15,home,493
3067,E,2024-11-02,home,800
3068,W,2024-05-15,health,589
3069,N,2024-02-26,home,628
3070,E,2024-11-07,home,755
3071,W,2024-07-23,home,919
3072,E,2024-05-09,health,687
3073,W,2024-03-06,health,502
3074,S,2024-06-05,travel,476
3075,N,2024-03-15,health,630
3076,W,2024-05-20,travel,872
3077,E,2024-08-18,health,$778
3078,N,2024-04-21,auto,794
3079,W,2024-07-26,home,924
3080,S,2024-06-03,travel,594
3081,N,2024-04-20,travel,646
3082,E,2024-06-26,health,659
3083,W,2024-09-14,health,679
3084,N,2024-01-19,home,$384
3085,N,2024-10-09,travel,USD 632
3087,W,2024-08-23,travel,699
3088,E,2024-04-12,health,999
3089,S,2024-01-25,home,520
3090,N,2024-09-24,health,460
3091,E,2024-06-28,home,612
3092,N,2024-10-31,home,USD 875
3093,W,2024-10-25,health,413
3094,E,2024-09-12,health,733
3095,N,2024-05-30,travel,443
3096,N,2024-02-22,travel,382
3097,E,2024-04-14,auto,873
3098,S,2024-10-06,health,937
3099,S,2024-07-27,health,755
3100,N,2024-02-07,home,532
3101,E,2024-04-26,auto,719
3102,S,2024-05-13,auto,765
3103,W,2024-05-02,auto,772
3104,W,2024-08-13,home,486
3105,W,2024-09-04,home,583
3106,W,2024-02-22,home,545
3107,N,2024-05-27,home,$503
3108,W,2024-05-21,home,"$1,035"
3109,E,2024-01-29,health,608
3110,S,2024-01-11,auto,464
3111,E,2024-06-19,home,584
3112,S,2024-01-07,auto,814
3113,W,2024-05-05,auto,775
3114,E,2024-06-17,auto,667
3115,S,2024-08-08,home,USD 931
3116,E,2024-01-13,home,742
3117,E,2024-11-08,auto,538
3118,S,2024-04-07,health,745
3119,E,2024-07-15,auto,768
3120,S,2024-06-20,auto,857
3121,W,2024-06-18,travel,772
3122,W,2024-05-30,health,663
3123,E,2024-05-02,health,845
3124,S,2024-03-11,travel,751
3125,N,2024-08-27,health,743
3126,N,2024-04-16,auto,555
3127,N,2024-01-31,auto,373
3128,S,2024-09-22,auto,802
3129,N,2024-04-16,auto,646
3130,W,2024-08-12,auto,456
3131,E,2024-07-10,health,948
3132,E,2024-09-19,auto,893
3133,S,2024-08-23,travel,861
3135,W,2024-05-11,auto,767
3136,E,2024-10-14,health,708
3137,N,2024-04-01,travel,529
3138,W,2024-08-24,health,521
3139,N,2024-10-12,home,633
3141,N,2024-05-15,health,636
3142,W,2024-10-30,auto,532
3143,W,2024-04-15,health,696
3145,W,2024-06-06,health,$520
3146,W,2024-09-16,health,749
3148,N,2024-07-10,travel,716
3149,W,2024-04-10,home,646
3151,N,2024-10-31,travel,854
3152,N,2024-08-30,auto,$488
3153,S,2024-04-09,home,595
3155,S,2024-05-05,auto,752
3156,E,2024-06-26,auto,484
3157,W,2024-05-27,auto,USD 710
3158,E,2024-07-20,health,489
3159,W,2024-05-27,home,821
3160,S,2024-03-12,auto,579
3161,W,2024-04-09,travel,927
3162,W,2024-09-07,auto,915
3163,N,2024-03-13,travel,536
3164,N,2024-01-26,travel,1115
3165,E,2024-01-03,auto,809
3166,N,2024-09-12,travel,628
3167,E,2024-05-05,auto,799
3168,N,2024-06-17,auto,672
3169,W,2024-04-02,travel,463
3170,N,2024-04-18,travel,431
3171,S,2024-03-01,auto,687
3172,E,2024-11-17,home,974
3173,E,2024-05-17,travel,410
3174,W,2024-02-28,home,580
3175,W,2024-06-02,health,681
3176,W,2024-01-02,auto,514
3177,N,2024-04-05,home,640
3178,E,2024-02-18,travel,654
3179,W,2024-07-29,health,505
3180,W,2024-03-18,auto,590
3181,E,2024-04-26,health,653
3182,S,2024-02-20,travel,636
3184,W,2024-04-27,auto,578
3185,N,2024-07-28,travel,577
3186,S,2024-02-28,travel,878
3187,S,2024-03-04,auto,$747
3188,E,2024-02-16,auto,1012
3189,N,2024-09-01,travel,941
3190,W,2024-04-03,travel,618
3191,E,2024-04-06,travel,914
3192,W,2024-05-28,travel,433
3193,W,2024-10-10,travel,$590
3194,N,2024-07-23,health,634
3196,N,2024-03-10,home,814
3197,W,2024-09-06,health,526
3198,S,2024-05-13,auto,880
3199,E,2024-09-09,home,723
3200,N,2024-05-24,home,USD 718
3201,N,2024-09-11,auto,1192
3202,N,2024-11-05,health,744
3203,S,2024-04-15,home,1003
3204,N,2024-03-11,auto,563
3205,E,2024-09-29,auto,540
3206,W,2024-07-15,auto,615
3207,N,2024-10-05,auto,418
3208,E,2024-08-23,health,536
3209,W,2024-05-17,travel,752
3210,N,2024-10-02,home,863
3211,N,2024-05-02,health,681
3212,E,2024-02-26,home,613
3214,S,2024-03-03,health,520
3215,S,2024-06-20,home,753
3216,E,2024-10-30,auto,600
3217,W,2024-02-04,auto,USD 857
3218,S,2024-03-30,home,604
3219,E,2024-06-07,travel,776
3220,N,2024-04-26,auto,863
3221,N,2024-01-29,home,890
3222,E,2024-09-12,home,593
3223,W,2024-01-10,auto,741
3224,E,2024-11-11,travel,679
3225,E,2024-05-06,travel,924
3226,N,2024-05-31,health,770
3227,W,2024-06-19,auto,704
3228,N,2024-04-02,health,868
3229,W,2024-05-06,travel,393
3230,E,2024-02-27,auto,676
3231,S,2024-10-12,auto,514
3232,W,2024-06-21,auto,473
3233,N,2024-11-19,health,849
3234,W,2024-04-08,travel,639
3235,E,2024-11-07,home,1090
3236,E,2024-03-02,health,740
3237,W,2024-03-23,health,668
3238,S,2024-06-08,health,551
3239,W,2024-07-24,auto,515
3240,S,2024-02-04,health,877
3241,N,2024-05-26,home,502
3242,N,2024-08-07,travel,725
3243,N,2024-09-26,travel,714
3244,E,2024-06-21,travel,$911
3246,N,2024-10-07,auto,677
3247,E,2024-07-14,health,520
3248,E,2024-08-18,health,766
3249,N,2024-04-28,travel,940
3250,S,2024-01-17,auto,552
3251,E,2024-06-24,auto,693
3253,W,2024-09-03,auto,780
3254,S,2024-04-10,home,575
3255,W,2024-08-31,home,639
3256,N,2024-05-23,health,745
3257,N,2024-05-09,home,761
3258,E,2024-08-05,auto,602
3259,W,2024-09-29,auto,610
3260,E,2024-07-15,auto,792
3261,N,2024-05-19,home,1164
3262,S,2024-02-28,home,591
3263,W,2024-11-01,health,USD 481
3264,S,2024-08-23,home,858
3265,S,2024-02-26,home,$740
3266,W,2024-06-10,home,$689
3267,E,2024-01-05,travel,937
3268,N,2024-04-25,auto,624
3269,E,2024-09-06,auto,528
3270,N,2024-07-28,health,975
3272,N,2024-06-26,travel,501
3273,W,2024-07-07,home,378
3274,E,2024-08-21,auto,893
3275,S,2024-05-08,auto,864
3276,N,2024-01-15,auto,441
3277,W,2024-03-13,travel,704
3278,E,2024-06-27,health,1091
3279,N,2024-06-16,auto,839
3280,E,2024-01-21,health,"$1,010"
3281,E,2024-01-01,health,711
3282,E,2024-03-01,health,655
3283,S,2024-07-01,travel,819
3284,N,2024-11-13,travel,361
3285,S,2024-02-08,travel,553
3286,N,2024-02-22,health,USD 608
3287,N,2024-11-06,home,693
3288,W,2024-02-10,health,523
3289,W,2024-04-29,auto,668
3290,E,2024-09-10,health,677
3291,E,2024-08-21,auto,773
3292,N,2024-10-26,travel,529
3293,S,2024-10-10,auto,589
3294,E,2024-09-14,home,493
3295,E,2024-09-11,health,574
3296,S,2024-02-24,travel,457
3297,E,2024-06-05,auto,926
3299,W,2024-02-13,home,771
3300,E,2024-02-24,health,744
3301,W,2024-03-19,health,858
3302,E,2024-09-15,auto,425
3303,S,2024-03-29,home,611
3304,S,2024-04-07,health,823
3305,N,2024-09-04,travel,813
3306,E,2024-01-09,travel,624
3307,E,2024-04-13,health,897
3308,E,2024-11-06,home,831
3309,N,2024-09-11,auto,548
3311,W,2024-02-23,auto,559
3312,E,2024-09-03,home,549
3313,S,2024-10-03,travel,720
3314,S,2024-05-19,travel,520
3315,S,2024-09-08,health,USD 534
3316,W,2024-06-18,auto,574
3317,W,2024-04-24,health,670
3318,N,2024-11-21,health,650
3319,W,2024-01-15,travel,539
3320,N,2024-09-26,auto,530
3321,S,2024-11-25,health,776
3322,N,2024-10-04,travel,$789
3323,W,2024-03-15,auto,766
3324,E,2024-08-18,home,688
3325,N,2024-06-05,auto,554
3326,W,2024-07-10,health,581
3327,N,2024-03-31,home,912
3328,S,2024-09-28,health,926
3329,E,2024-07-06,home,765
3330,E,2024-10-26,travel,1006
3331,E,2024-04-07,health,$737
3332,E,2024-08-31,auto,622
3333,W,2024-11-23,travel,671
3334,N,2024-10-11,travel,1050
3335,W,2024-03-26,home,424
3336,N,2024-02-12,auto,770
3337,E,2024-02-18,auto,684
3338,N,2024-03-23,travel,757
3339,N,2024-11-17,auto,585
3340,E,2024-07-16,home,994
3341,N,2024-02-10,health,503
3342,W,2024-01-11,travel,754
3343,N,2024-10-17,health,623
3344,S,2024-08-19,health,620
3345,N,2024-06-20,health,767
3346,W,2024-05-11,home,712
3347,E,2024-07-31,health,776
3348,E,2024-10-08,health,627
3349,W,2024-11-23,travel,767
3350,N,2024-11-13,health,488
3351,N,2024-09-06,home,589
3352,E,2024-02-20,travel,671
3353,W,2024-11-22,home,771
3354,W,2024-11-21,health,523
3355,N,2024-02-18,auto,582
3356,W,2024-08-24,home,881
3357,N,2024-08-11,health,432
3358,E,2024-10-10,travel,485
3359,S,2024-07-01,auto,748
3360,E,2024-02-07,health,564
3361,W,2024-09-23,home,632
3362,N,2024-10-08,travel,637
3363,S,2024-03-07,home,691
3364,E,2024-09-14,travel,873
3365,W,2024-08-22,travel,636
3367,E,2024-08-31,auto,709
3368,E,2024-06-28,auto,618
3369,N,2024-09-12,auto,1025
3370,E,2024-11-06,home,878
3371,W,2024-08-19,home,416
3372,W,2024-03-27,auto,567
3373,N,2024-02-07,health,765
3374,S,2024-01-24,travel,578
3375,S,2024-07-26,health,691
3376,W,2024-09-16,auto,$563
3377,S,2024-11-10,auto,928
3378,N,2024-02-06,auto,794
3379,E,2024-08-21,travel,718
3380,N,2024-01-30,travel,587
3381,E,2024-02-19,travel,728
3382,N,2024-05-17,home,697
3383,S,2024-03-09,home,431
3384,E,2024-05-09,auto,525
3385,E,2024-08-11,auto,776
3386,E,2024-06-01,home,1033
3387,E,2024-04-04,home,822
3388,E,2024-09-17,auto,514
3389,S,2024-03-28,travel,399
3390,S,2024-09-20,health,592
3391,W,2024-05-04,health,1060
3392,W,2024-11-13,travel,1040
3393,N,2024-09-18,home,726
3394,S,2024-02-22,auto,811
3395,W,2024-02-15,health,697
3396,N,2024-11-02,home,504
3397,N,2024-05-30,auto,990
3398,S,2024-05-01,travel,720
3399,W,2024-03-23,travel,718
3400,S,2024-03-13,home,778
3401,S,2024-09-25,travel,446
3402,N,2024-07-24,travel,898
3403,E,2024-06-21,travel,$721
3404,N,2024-09-13,health,$764
3405,N,2024-11-25,health,740
3406,E,2024-07-09,travel,631
3407,S,2024-07-05,health,$625
3408,N,2024-08-05,travel,714
3409,W,2024-09-08,home,665
3410,N,2024-07-24,health,535
3411,E,2024-05-25,health,946
3412,E,2024-10-24,travel,1012
3413,N,2024-09-06,auto,606
3414,S,2024-11-16,home,494
3416,N,2024-08-01,health,523
3417,S,2024-05-23,travel,918
3418,N,2024-02-21,travel,738
3419,W,2024-10-05,home,628
3420,W,2024-04-03,auto,673
3421,W,2024-01-18,auto,837
3422,S,2024-10-18,auto,532
3423,S,2024-08-10,health,489
3424,W,2024-11-02,home,471
3426,N,2024-05-10,health,533
3427,E,2024-09-25,home,716
3428,S,2024-11-24,travel,598
3429,W,2024-02-13,auto,583
3430,W,2024-04-14,travel,899
3432,W,2024-09-24,home,731
3433,N,2024-09-24,auto,828
3434,N,2024-02-18,auto,729
3435,W,2024-04-16,home,745
3436,E,2024-03-11,health,766
3437,S,2024-06-27,travel,697
3438,E,2024-07-21,travel,531
3439,N,2024-05-17,health,1100
3440,W,2024-11-21,travel,736
3441,E,2024-02-03,auto,730
3442,N,2024-04-14,travel,742
3443,W,2024-03-25,travel,576
3444,S,2024-03-27,health,528
3445,W,2024-04-25,home,644
3446,N,2024-05-27,travel,$618
3447,N,2024-11-22,home,682
3448,E,2024-09-14,auto,551
3449,E,2024-03-11,home,781
3450,W,2024-09-11,health,509
3451,N,2024-10-02,health,760
3452,N,2024-10-03,auto,531
3453,N,2024-08-22,home,688
3454,E,2024-07-25,home,741
3455,E,2024-01-30,travel,798
3456,E,2024-04-13,auto,720
3457,N,2024-10-30,health,559
3458,N,2024-11-04,travel,1111
3459,W,2024-02-15,auto,571
3460,W,2024-08-10,auto,676
3461,W,2024-01-04,auto,573
3462,W,2024-03-05,health,481
3463,S,2024-05-22,home,1073
3464,E,2024-11-10,auto,779
3465,E,2024-03-17,auto,732
3466,S,2024-06-09,auto,999
3467,W,2024-06-15,travel,$603
3468,S,2024-09-09,health,631
3469,W,2024-09-24,health,693
3470,S,2024-08-12,travel,549
3471,N,2024-05-07,home,643
3472,S,2024-02-14,home,902
3473,E,2024-10-11,home,"$1,032"
3474,S,2024-03-15,health,481
3476,E,2024-05-09,home,524
3477,N,2024-01-03,travel,748
3478,S,2024-10-21,auto,639
3479,E,2024-04-14,home,701
3480,W,2024-05-12,travel,724
3481,W,2024-02-12,health,668
3482,N,2024-04-10,travel,958
3483,N,2024-02-05,home,705
3484,N,2024-02-15,travel,617
3485,S,2024-09-10,health,579
3486,W,2024-08-28,travel,705
3487,S,2024-06-20,health,1154
3488,E,2024-04-02,health,1000
3489,E,2024-01-19,auto,USD 1012
3490,W,2024-04-04,home,531
3492,W,2024-09-24,auto,481
3493,N,2024-01-23,health,709
3494,N,2024-11-16,health,561
3495,W,2024-09-20,home,580
3496,N,2024-11-26,health,718
3497,W,2024-06-26,health,562
3498,W,2024-04-08,auto,862
3499,N,2024-07-01,travel,484
3500,E,2024-06-14,home,511
3501,N,2024-10-13,auto,539
3502,N,2024-06-30,travel,715
3503,S,2024-04-22,health,$890
3504,N,2024-08-29,health,773
3505,W,2024-08-27,health,534
3506,N,2024-09-11,auto,472
3507,E,2024-08-25,travel,677
3508,W,2024-10-13,home,541
3509,S,2024-01-14,health,556
3510,E,2024-09-12,auto,647
3511,W,2024-06-13,travel,788
3512,N,2024-10-08,home,745
3513,N,2024-01-07,health,737
3514,N,2024-02-15,health,520
3516,S,2024-05-12,auto,623
3517,E,2024-02-11,travel,541
3518,E,2024-03-09,auto,609
3519,S,2024-10-10,health,564
3520,W,2024-08-25,health,731
3521,N,2024-09-20,travel,$902
3522,N,2024-08-05,health,706
3523,S,2024-05-09,auto,USD 407
3524,W,2024-04-08,auto,515
3525,W,2024-02-23,home,891
3526,E,2024-04-03,health,732
3527,S,2024-04-30,auto,660
3528,N,2024-03-03,auto,904
3529,W,2024-02-04,travel,927
3530,E,2024-04-24,travel,499
3531,E,2024-02-14,auto,756
3532,N,2024-07-29,travel,725
3533,S,2024-08-11,auto,443
3534,S,2024-02-15,travel,732
3535,N,2024-10-31,auto,430
3536,W,2024-04-06,home,713
3537,S,2024-06-12,travel,518
3538,E,2024-06-29,health,776
3539,E,2024-04-09,travel,$759
3540,W,2024-01-20,travel,$694
3541,N,2024-08-29,auto,846
3542,E,2024-07-11,travel,880
3543,E,2024-06-25,health,669
3544,N,2024-01-06,auto,521
3545,S,2024-05-11,auto,471
3546,E,2024-11-17,travel,1004
3547,S,2024-06-15,auto,1009
3548,N,2024-04-21,travel,$625
3549,W,2024-01-27,auto,676
3550,N,2024-10-02,travel,477
3551,N,2024-11-21,travel,532
3552,S,2024-07-10,auto,487
3553,N,2024-11-24,travel,528
3554,E,2024-01-06,home,USD 564
3555,E,2024-07-19,health,629
3556,E,2024-06-03,travel,425
3558,S,2024-01-13,health,$850
3559,N,2024-05-02,travel,648
3560,N,2024-04-10,auto,496
3561,S,2024-11-23,auto,400
3562,N,2024-01-04,health,571
3563,W,2024-08-19,home,694
3564,W,2024-04-11,health,689
3565,W,2024-08-29,travel,671
3566,E,2024-09-13,health,559
3567,N,2024-02-21,health,668
3568,N,2024-07-05,home,799
3569,W,2024-09-14,home,603
3571,N,2024-06-08,health,606
3572,W,2024-01-20,auto,401
3573,S,2024-04-14,home,$709
3574,E,2024-07-26,auto,607
3575,E,2024-06-28,travel,519
3576,N,2024-04-27,travel,674
3577,W,2024-08-24,health,440
3578,S,2024-04-19,health,738
3579,E,2024-08-26,auto,$747
3580,E,2024-01-07,home,639
3581,N,2024-10-11,auto,758
3582,E,2024-04-15,auto,634
3583,S,2024-10-27,health,519
3584,N,2024-02-05,auto,718
3585,N,2024-08-28,travel,722
3586,W,2024-04-10,health,987
3587,N,2024-08-09,travel,714
3588,N,2024-06-03,health,796
3589,W,2024-10-03,health,575
3590,S,2024-08-19,travel,564
3591,E,2024-05-27,travel,752
3592,N,2024-09-11,health,752
3593,S,2024-03-28,auto,682
3594,W,2024-04-09,home,589
3595,W,2024-09-10,home,417
3596,W,2024-05-13,auto,765
3597,S,2024-06-12,auto,962
3598,N,2024-09-27,home,501
3599,S,2024-11-16,auto,498
3600,W,2024-04-09,auto,503
3601,N,2024-02-05,home,758
3602,N,2024-08-07,home,616
3603,N,2024-02-14,travel,937
3604,W,2024-05-21,travel,569
3605,E,2024-04-14,auto,1004
3606,E,2024-08-16,auto,$802
3607,N,2024-09-25,auto,977
3608,S,2024-08-15,health,1116
3609,S,2024-03-04,auto,809
3610,W,2024-08-09,home,623
3611,W,2024-05-17,auto,830
3612,W,2024-02-26,health,736
3613,N,2024-11-04,travel,577
3614,W,2024-04-19,travel,603
3615,W,2024-09-25,home,635
3616,N,2024-07-25,travel,752
3617,N,2024-07-27,home,601
3618,W,2024-11-01,travel,839
3619,W,2024-03-28,home,413
3620,W,2024-04-16,auto,602
3622,W,2024-11-06,home,723
3623,N,2024-11-08,health,639
3624,W,2024-08-29,home,508
3625,N,2024-07-20,health,515
3626,S,2024-04-14,home,726
3627,S,2024-11-15,health,525
3628,W,2024-09-15,travel,415
3629,E,2024-05-28,home,750
3630,S,2024-02-16,auto,409
3631,S,2024-10-30,travel,533
3632,W,2024-09-24,auto,930
3633,S,2024-05-29,auto,899
3634,E,2024-06-12,home,851
3635,E,2024-05-25,health,632
3636,W,2024-07-14,auto,626
3637,N,2024-07-25,travel,573
3638,W,2024-06-05,health,596
3639,S,2024-06-21,health,538
3640,N,2024-02-10,auto,473
3641,E,2024-05-13,auto,962
3642,S,2024-05-20,auto,536
3643,E,2024-07-19,home,762
3644,E,2024-06-13,home,720
3645,E,2024-10-07,home,576
3646,N,2024-11-22,auto,939
3647,E,2024-06-24,home,686
3648,W,2024-05-08,health,859
3649,N,2024-01-26,auto,657
3650,N,2024-04-30,auto,713
3651,S,2024-03-11,travel,537
3652,W,2024-01-14,auto,750
3653,W,2024-04-09,health,499
3654,S,2024-04-23,travel,413
3655,E,2024-07-31,auto,803
3656,N,2024-04-04,health,1073
3657,N,2024-09-21,auto,706
3658,W,2024-04-07,home,777
3659,W,2024-10-24,health,738
3660,S,2024-06-22,health,823
3662,W,2024-02-22,travel,$883
3663,W,2024-02-12,health,$712
3664,E,2024-09-01,health,396
3665,S,2024-02-23,health,597
3666,E,2024-06-01,health,602
3668,E,2024-06-12,health,745
3669,W,2024-11-19,travel,546
3670,N,2024-04-08,travel,876
3671,W,2024-06-16,home,USD 585
3672,N,2024-11-03,health,USD 678
3674,W,2024-04-25,auto,636
3675,E,2024-04-24,health,641
3676,E,2024-09-07,auto,436
3677,N,2024-10-14,auto,850
3678,N,2024-10-16,auto,951
3679,S,2024-06-30,travel,818
3680,S,2024-02-27,auto,740
3681,S,2024-10-19,health,$892
3682,S,2024-05-24,health,885
3683,N,2024-03-22,home,676
3684,W,2024-07-28,home,USD 577
3685,S,2024-06-19,auto,556
3686,W,2024-01-07,home,642
3687,N,2024-09-21,home,767
3688,S,2024-03-07,health,683
3689,N,2024-03-13,health,572
3690,S,2024-03-30,auto,561
3691,N,2024-09-18,health,918
3692,W,2024-07-23,home,562
3693,E,2024-03-14,auto,783
3694,S,2024-08-28,health,573
3695,E,2024-05-01,auto,676
3696,N,2024-03-17,health,536
3697,W,2024-04-06,health,$641
3698,E,2024-02-09,auto,1152
3699,S,2024-07-02,auto,667
3700,S,2024-02-18,travel,687
3701,E,2024-02-20,travel,562
3702,E,2024-11-17,health,576
3703,W,2024-03-28,travel,518
3704,S,2024-06-26,travel,592
3705,W,2024-10-05,auto,580
3706,W,2024-10-09,health,515
3707,S,2024-03-04,travel,931
3708,S,2024-02-05,health,556
3709,N,2024-05-30,travel,851
3710,N,2024-11-19,health,635
3711,N,2024-10-31,health,USD 585
3712,E,2024-11-06,travel,761
3713,W,2024-04-19,travel,$541
3714,N,2024-07-11,home,675
3715,W,2024-03-08,health,993
3716,W,2024-11-01,health,661
3717,W,2024-02-15,auto,801
3718,E,2024-08-27,home,621
3719,S,2024-02-11,travel,698
3720,W,2024-09-18,home,843
3721,S,2024-10-15,home,657
3722,S,2024-06-19,auto,593
3723,S,2024-03-15,auto,591
3724,N,2024-09-02,travel,459
3725,S,2024-03-24,auto,546
3726,E,2024-07-18,travel,570
3727,N,2024-04-05,auto,566
3728,W,2024-03-25,travel,889
3729,W,2024-06-27,home,557
3731,E,2024-11-05,home,537
3732,W,2024-05-22,health,1186
3733,S,2024-11-03,auto,852
3734,E,2024-08-21,travel,607
3735,S,2024-06-25,home,763
3736,S,2024-06-24,auto,546
3737,N,2024-09-28,auto,792
3738,N,2024-06-08,auto,814
3739,N,2024-03-14,travel,819
3740,N,2024-07-24,auto,890
3741,N,2024-11-03,travel,824
3742,N,2024-05-18,auto,$670
3743,N,2024-04-15,home,475
3744,S,2024-04-09,health,622
3745,S,2024-06-19,home,USD 559
3746,N,2024-03-13,travel,666
3748,E,2024-03-11,travel,541
3749,W,2024-10-19,health,788
3750,W,2024-11-17,auto,1032
3751,N,2024-01-26,health,$535
3752,S,2024-05-10,home,$500
3753,S,2024-03-19,auto,651
3754,N,2024-02-22,health,941
3755,S,2024-07-28,health,612
3756,S,2024-04-01,health,570
3757,E,2024-06-26,home,1083
3758,E,2024-09-03,travel,759
3759,S,2024-03-19,travel,406
3760,E,2024-06-30,health,669
3761,N,2024-01-19,travel,639
3762,E,2024-11-05,travel,656
3763,W,2024-05-12,home,855
3764,W,2024-04-06,health,683
3765,E,2024-11-12,health,949
3766,N,2024-05-27,auto,817
3767,N,2024-01-07,home,509
3768,N,2024-11-19,travel,1255
3769,E,2024-09-18,health,677
3770,E,2024-06-27,travel,520
3771,W,2024-08-16,travel,508
3772,W,2024-02-21,health,837
3773,W,2024-08-14,home,787
3774,W,2024-07-02,travel,710
3775,N,2024-07-12,auto,USD 1102
3776,S,2024-05-31,health,727
3777,N,2024-04-27,home,492
3778,E,2024-10-27,auto,577
3779,W,2024-05-27,auto,$656
3780,S,2024-07-11,health,$640
3781,N,2024-05-29,auto,1025
3782,N,2024-08-27,auto,916
3783,E,2024-07-23,travel,871
3784,S,2024-03-01,travel,902
3785,E,2024-03-01,auto,614
3786,E,2024-10-26,travel,514
3787,W,2024-01-15,health,608
3788,E,2024-07-31,travel,934
3789,W,2024-01-26,auto,735
3790,S,2024-02-19,auto,884
3791,N,2024-03-02,home,655
3792,N,2024-03-22,health,1160
3793,N,2024-05-01,auto,810
3794,W,2024-10-16,travel,676
3795,W,2024-09-13,health,668
3796,N,2024-02-26,health,1110
3797,E,2024-09-16,health,452
3798,W,2024-06-19,health,653
3799,W,2024-01-20,auto,474
3800,W,2024-07-19,auto,627
3801,N,2024-07-15,travel,921
3802,S,2024-06-19,travel,813
3803,W,2024-09-21,travel,676
3804,N,2024-09-06,home,633
3805,E,2024-07-04,auto,723
3806,S,2024-04-21,auto,478
3807,W,2024-04-03,home,908
3808,S,2024-10-05,home,832
3809,W,2024-03-19,health,699
3810,S,2024-09-14,travel,612
3811,S,2024-03-07,travel,777
3812,W,2024-09-01,auto,500
3813,N,2024-10-16,home,940
3814,N,2024-03-29,health,424
3815,N,2024-06-21,health,815
3817,W,2024-04-08,travel,679
3818,W,2024-09-14,home,911
3819,E,2024-01-14,auto,694
3820,E,2024-06-15,auto,823
3821,N,2024-07-08,auto,646
3822,S,2024-03-22,health,740
3823,S,2024-01-08,home,475
3824,W,2024-02-17,travel,695
3825,S,2024-02-11,home,835
3827,N,2024-07-01,health,926
3828,N,2024-08-03,home,633
3829,N,2024-03-08,home,730
3830,W,2024-02-20,home,842
3831,N,2024-06-27,auto,803
3832,W,2024-03-12,health,541
3833,S,2024-10-20,auto,770
3834,S,2024-05-07,home,530
3835,E,2024-08-11,auto,$529
3836,S,2024-04-19,health,1083
3837,N,2024-01-17,travel,$418
3838,S,2024-08-19,health,897
3839,S,2024-08-26,travel,727
3840,N,2024-02-06,travel,745
3841,S,2024-04-17,travel,853
3842,E,2024-10-24,home,459
3843,S,2024-06-25,travel,1156
3844,E,2024-08-20,travel,$839
3845,W,2024-10-15,auto,1165
3846,N,2024-01-01,auto,785
3847,E,2024-05-01,home,646
3848,N,2024-08-18,home,576
3849,E,2024-07-23,travel,"$1,004"
3850,W,2024-05-15,health,818
3851,W,2024-01-31,travel,765
3852,W,2024-09-19,home,494
3853,W,2024-05-31,health,627
3854,E,2024-10-09,auto,607
3855,E,2024-10-22,travel,563
3856,S,2024-03-27,health,528
3857,N,2024-05-05,home,524
3858,E,2024-08-03,travel,604
3859,N,2024-01-13,travel,404
3860,W,2024-11-10,travel,503
3861,S,2024-05-23,home,780
3862,E,2024-08-14,auto,493
3863,S,2024-10-17,home,478
3864,E,2024-06-24,travel,646
3865,N,2024-04-25,home,538
3866,W,2024-06-18,travel,634
3868,W,2024-10-12,health,529
3869,W,2024-11-05,travel,762
3870,N,2024-07-21,home,687
3871,N,2024-03-20,health,736
3872,S,2024-01-06,auto,493
3873,E,2024-01-26,travel,568
3874,S,2024-05-07,auto,1008
3875,N,2024-05-30,auto,512
3876,W,2024-10-16,travel,651
3878,W,2024-04-12,travel,$577
3879,E,2024-11-17,travel,554
3880,S,2024-01-03,auto,401
3881,E,2024-08-15,auto,941
3882,N,2024-07-06,auto,805
3884,E,2024-08-19,health,827
3885,N,2024-06-10,health,630
3886,N,2024-01-12,health,612
3887,E,2024-09-17,travel,643
3888,N,2024-11-05,travel,985
3889,W,2024-06-19,health,733
3890,W,2024-04-10,health,827
3891,W,2024-06-24,home,706
3892,E,2024-05-12,home,510
3893,E,2024-05-27,auto,596
3894,W,2024-08-06,travel,517
3895,N,2024-06-01,health,846
3896,N,2024-06-10,auto,565
3897,N,2024-02-22,health,592
3898,S,2024-01-31,home,566
3899,E,2024-04-14,home,670
3900,W,2024-04-04,travel,786
3901,N,2024-08-30,auto,747
3902,N,2024-04-09,home,732
3903,N,2024-01-09,auto,928
3904,W,2024-07-16,home,$713
3905,W,2024-05-29,travel,734
3906,N,2024-08-13,auto,664
3907,W,2024-08-27,auto,712
3908,N,2024-10-30,auto,639
3909,E,2024-09-24,health,676
3910,N,2024-04-20,health,1098
3911,N,2024-09-06,auto,418
3912,N,2024-05-28,health,760
3913,W,2024-06-11,health,622
3914,N,2024-01-22,health,689
3915,N,2024-08-05,travel,761
3916,N,2024-02-02,home,$426
3917,N,2024-05-10,auto,USD 536
3918,N,2024-05-06,auto,740
3919,S,2024-02-28,auto,627
3920,N,2024-06-06,home,584
3921,E,2024-07-22,health,797
3922,S,2024-06-11,auto,490
3923,W,2024-03-29,health,USD 735
3924,N,2024-10-22,auto,542
3925,W,2024-05-30,auto,672
3926,S,2024-04-13,travel,702
3927,S,2024-01-25,home,692
3928,N,2024-05-01,travel,615
3929,N,2024-05-17,health,1026
3930,E,2024-06-01,auto,$912
3931,N,2024-11-13,health,576
3932,N,2024-07-21,auto,614
3933,S,2024-03-08,travel,726
3934,W,2024-03-24,health,USD 593
3935,S,2024-06-05,travel,$921
3936,W,2024-01-17,health,759
3937,S,2024-08-29,auto,883
3938,E,2024-07-07,home,741
3939,S,2024-03-17,auto,646
3940,W,2024-09-13,auto,670
3941,N,2024-04-19,health,650
3942,E,2024-02-24,auto,538
3943,E,2024-03-06,auto,851
3944,E,2024-02-02,travel,492
3945,E,2024-10-29,home,796
3946,S,2024-03-30,health,579
3947,S,2024-02-22,home,810
3948,S,2024-03-23,health,529
3949,W,2024-09-16,home,$694
3950,W,2024-01-17,home,542
3951,N,2024-05-02,auto,884
3952,W,2024-08-20,auto,879
3953,E,2024-09-13,travel,824
3956,N,2024-01-27,travel,471
3957,S,2024-04-27,travel,750
3958,N,2024-11-15,health,544
3959,E,2024-09-11,travel,542
3960,W,2024-02-17,home,902
3961,W,2024-07-26,health,639
3962,S,2024-02-10,auto,590
3963,S,2024-08-12,health,455
3964,W,2024-08-20,auto,621
3965,S,2024-03-04,home,747
3966,W,2024-04-11,home,$657
3967,S,2024-11-02,auto,869
3968,E,2024-04-17,travel,803
3969,S,2024-06-21,home,990
3970,N,2024-03-21,auto,704
3971,W,2024-11-23,auto,926
3972,E,2024-04-29,home,610
3973,N,2024-05-17,home,848
3974,N,2024-01-22,travel,560
3975,N,2024-06-30,home,714
3976,E,2024-11-18,home,536
3977,E,2024-10-25,auto,677
3978,S,2024-01-04,travel,648
3979,N,2024-09-27,auto,693
3980,N,2024-05-30,auto,602
3981,E,2024-06-22,auto,525
3982,E,2024-01-03,home,590
3983,N,2024-03-12,home,644
3984,N,2024-10-09,health,USD 761
3985,S,2024-01-31,auto,733
3986,W,2024-08-31,auto,605
3987,N,2024-05-25,auto,779
3988,E,2024-11-25,health,510
3990,N,2024-08-04,travel,537
3991,W,2024-05-26,auto,596
3992,W,2024-06-02,auto,753
3993,W,2024-07-25,home,587
3994,E,2024-11-20,travel,563
3995,E,2024-05-28,health,554
3996,N,2024-07-21,home,493
3997,N,2024-06-25,travel,835
3998,E,2024-08-18,home,759
3999,E,2024-11-10,home,647
4000,W,2024-07-02,home,845
4001,E,2024-04-02,travel,537
4002,W,2024-07-02,health,769
4003,W,2024-08-17,home,779
4004,N,2024-02-28,travel,725
4005,N,2024-11-26,home,465
4006,E,2024-01-24,auto,$904
4007,N,2024-08-21,home,635
4008,S,2024-02-12,auto,785
4009,E,2024-01-31,auto,866
4010,N,2024-06-23,health,684
4011,N,2024-03-29,health,610
4012,W,2024-09-28,health,649
4013,N,2024-03-16,auto,598
4014,S,2024-11-17,health,731
4015,W,2024-04-05,health,868
4016,S,2024-06-25,travel,796
4017,S,2024-02-23,auto,521
4018,N,2024-03-22,travel,963
4019,E,2024-10-10,travel,630
4020,W,2024-08-27,health,763
4021,E,2024-09-05,home,557
4022,W,2024-04-12,travel,718
4023,N,2024-05-02,home,868
4024,W,2024-05-17,health,684
4025,E,2024-03-09,auto,633
4026,N,2024-04-16,auto,788
4027,N,2024-06-26,travel,464
4028,N,2024-11-25,health,755
4029,W,2024-03-12,travel,488
4030,S,2024-10-23,travel,1058
4031,E,2024-06-18,home,655
4032,W,2024-07-20,health,684
4033,W,2024-06-02,auto,412
4034,E,2024-04-21,health,1040
4035,W,2024-10-09,auto,618
4036,N,2024-10-15,travel,680
4037,W,2024-10-28,home,565
4038,W,2024-02-13,home,$606
4039,W,2024-10-17,auto,731
4040,N,2024-09-23,home,812
4041,N,2024-06-27,home,463
4042,S,2024-10-31,travel,855
4043,W,2024-08-20,auto,642
4045,S,2024-03-07,home,575
4046,E,2024-03-08,health,560
4047,E,2024-03-21,home,560
4048,N,2024-03-17,home,637
4049,W,2024-11-07,home,USD 524
4050,E,2024-07-12,auto,546
4051,E,2024-08-16,health,606
4052,E,2024-04-09,home,754
4053,N,2024-06-08,home,445
4054,E,2024-02-21,health,741
4055,S,2024-03-14,home,940
4056,N,2024-01-04,home,476
4057,S,2024-01-14,auto,515
4058,E,2024-01-31,travel,766
4059,W,2024-07-17,auto,525
4060,N,2024-04-18,travel,551
4061,S,2024-05-15,health,859
4063,E,2024-02-19,home,702
4064,E,2024-04-07,health,590
4065,N,2024-11-15,travel,711
4066,E,2024-02-18,auto,532
4068,N,2024-01-09,home,705
4069,S,2024-08-06,health,800
4070,N,2024-05-21,auto,829
4071,N,2024-01-13,auto,580
4072,E,2024-01-17,travel,452
4073,N,2024-10-24,auto,$669
4074,E,2024-10-29,travel,702
4075,W,2024-04-24,travel,557
4076,E,2024-05-17,travel,738
4077,N,2024-05-23,auto,655
4078,W,2024-01-03,home,914
4079,N,2024-04-06,health,601
4080,N,2024-04-03,auto,622
4081,W,2024-03-13,auto,$450
4082,W,2024-01-04,travel,646
4083,E,2024-08-31,travel,730
4084,W,2024-03-11,health,629
4085,N,2024-07-28,auto,643
4086,W,2024-03-18,home,769
4087,W,2024-01-20,home,534
4088,W,2024-09-15,travel,951
4089,W,2024-07-04,auto,917
4090,S,2024-01-03,health,771
4091,S,2024-02-23,travel,745
4092,N,2024-07-07,health,$645
4093,W,2024-05-15,travel,745
4094,S,2024-08-13,travel,388
4096,N,2024-01-24,health,572
4097,N,2024-05-16,health,506
4098,E,2024-11-13,home,544
4099,W,2024-06-17,health,562
4100,N,2024-11-11,auto,711
4101,N,2024-05-25,health,719
4102,N,2024-04-15,home,597
4103,W,2024-11-05,health,561
4104,S,2024-03-09,home,841
4105,N,2024-01-09,travel,409
4106,W,2024-06-04,home,713
4107,S,2024-10-04,home,758
4108,E,2024-08-16,home,731
4109,W,2024-09-23,travel,1037
4110,W,2024-08-04,health,708
4111,N,2024-04-25,health,705
4112,N,2024-11-03,health,507
4113,W,2024-07-02,home,426
4114,E,2024-11-14,auto,1120
4115,E,2024-04-02,health,753
4116,N,2024-02-03,auto,587
4117,N,2024-11-05,health,915
4118,W,2024-10-24,health,927
4119,S,2024-09-20,health,421
4120,S,2024-10-15,home,455
4121,S,2024-06-23,travel,970
4122,S,2024-08-09,home,660
4123,N,2024-10-12,auto,854
4124,E,2024-09-10,health,1243
4125,S,2024-04-18,health,603
4126,E,2024-10-15,auto,641
4127,W,2024-07-18,auto,690
4128,N,2024-10-12,health,939
4129,S,2024-08-25,travel,713
4130,W,2024-07-10,health,420
4131,S,2024-01-27,travel,523
4132,N,2024-01-12,health,560
4133,N,2024-11-18,travel,523
4134,N,2024-03-20,home,778
4135,W,2024-07-02,travel,633
4136,N,2024-05-22,travel,685
4137,W,2024-05-05,auto,438
4138,N,2024-11-06,health,613
4139,W,2024-06-18,travel,556
4140,S,2024-01-06,auto,430
4141,W,2024-04-25,travel,702
4142,E,2024-08-04,health,870
4143,N,2024-05-19,travel,536
4144,E,2024-05-05,home,450
4145,W,2024-03-11,home,756
4146,E,2024-01-27,auto,1124
4147,S,2024-11-14,home,753
4148,W,2024-04-17,auto,884
4149,S,2024-02-08,health,573
4150,E,2024-10-19,travel,817
4151,N,2024-01-27,home,640
4153,W,2024-01-25,health,612
4154,S,2024-02-12,travel,708
4155,E,2024-04-27,health,895
4156,E,2024-03-16,home,623
4157,S,2024-05-19,travel,741
4158,N,2024-05-11,health,678
4159,N,2024-06-30,health,590
4160,W,2024-10-24,home,787
4161,N,2024-05-03,auto,642
4162,N,2024-07-26,health,671
4163,N,2024-05-25,travel,1031
4164,E,2024-08-10,auto,693
4166,N,2024-10-20,home,419
4167,W,2024-05-29,travel,713
4168,N,2024-05-26,home,467
4169,W,2024-02-12,auto,$895
4170,E,2024-05-10,auto,486
4171,W,2024-07-31,auto,699
4172,S,2024-03-21,health,855
4173,N,2024-07-02,travel,503
4174,N,2024-06-15,auto,607
4175,E,2024-08-25,travel,684
4176,S,2024-03-23,health,602
4177,N,2024-10-02,health,608
4179,W,2024-01-06,travel,685
4180,N,2024-09-14,auto,824
4181,N,2024-05-02,travel,586
4182,N,2024-07-30,home,592
4183,N,2024-06-23,home,470
4184,N,2024-04-03,travel,654
4185,S,2024-03-16,home,366
4186,N,2024-01-28,home,679
4187,W,2024-10-15,auto,481
4188,W,2024-04-29,health,650
4189,S,2024-01-31,home,$859
4190,E,2024-11-10,health,549
4191,W,2024-04-13,health,696
4192,N,2024-09-06,health,USD 765
4193,N,2024-04-11,health,530
4194,N,2024-04-10,travel,793
4195,E,2024-09-08,health,886
4196,E,2024-04-20,home,658
4197,E,2024-10-05,travel,709
4198,N,2024-04-21,travel,460
4199,N,2024-09-07,auto,602
4200,N,2024-02-10,auto,556
4201,E,2024-04-13,auto,678
4202,S,2024-05-08,auto,575
4203,N,2024-06-10,home,955
4204,E,2024-04-02,health,$898
4205,W,2024-11-20,home,734
4206,N,2024-11-08,home,736
4207,S,2024-09-16,health,411
4208,N,2024-06-16,health,857
4209,E,2024-10-05,travel,566
4210,E,2024-06-22,health,686
4211,N,2024-05-04,auto,830
4212,N,2024-01-18,auto,$758
4213,N,2024-09-12,travel,611
4214,N,2024-04-27,travel,797
4215,E,2024-07-12,auto,596
4216,E,2024-10-13,travel,527
4217,S,2024-03-08,auto,678
4218,E,2024-06-16,travel,924
4219,W,2024-02-26,health,USD 797
4220,E,2024-01-03,home,861
4221,N,2024-06-06,health,780
4222,E,2024-03-11,travel,668
4223,E,2024-10-21,home,628
4224,W,2024-05-07,travel,644
4225,N,2024-03-26,home,456
4226,W,2024-06-26,health,1000
4227,E,2024-09-30,home,732
4228,E,2024-08-27,auto,511
4229,N,2024-06-29,health,527
4230,S,2024-05-02,auto,455
4231,S,2024-05-09,auto,693
4232,E,2024-07-10,health,1078
4233,N,2024-08-08,home,459
4234,E,2024-05-23,home,543
4235,E,2024-04-16,auto,468
4236,S,2024-04-19,home,662
4237,E,2024-03-29,travel,613
4238,S,2024-03-31,auto,957
4239,N,2024-08-14,travel,710
4240,N,2024-03-05,travel,514
4241,S,2024-04-20,health,USD 372
4242,N,2024-03-28,home,682
4244,E,2024-03-10,home,475
4245,W,2024-02-28,health,805
4246,N,2024-07-21,home,640
4247,W,2024-07-24,auto,598
4248,E,2024-03-20,health,794
4249,W,2024-05-22,auto,646
4250,W,2024-04-24,travel,558
4251,N,2024-11-16,travel,435
4252,W,2024-11-22,auto,790
4253,N,2024-01-20,health,786
4254,N,2024-04-19,travel,514
4255,W,2024-04-08,home,549
4256,N,2024-11-17,auto,825
4257,S,2024-04-28,home,582
4258,W,2024-03-22,travel,917
4259,S,2024-04-14,health,499
4260,W,2024-06-29,travel,772
4261,S,2024-11-10,home,559
4262,E,2024-09-18,auto,422
4263,N,2024-03-20,home,527
4264,W,2024-09-02,home,964
4265,W,2024-07-31,health,658
4266,W,2024-06-02,health,701
4267,W,2024-09-10,travel,USD 1009
4268,N,2024-01-15,travel,483
4269,N,2024-08-19,auto,548
4270,W,2024-01-23,home,855
4271,E,2024-06-23,travel,970
4272,W,2024-08-04,auto,534
4273,E,2024-05-22,travel,497
4274,N,2024-06-29,health,982
4275,W,2024-08-27,auto,848
4276,W,2024-02-18,home,$551
4277,N,2024-11-01,travel,651
4278,W,2024-07-20,travel,488
4279,E,2024-09-27,health,651
4280,E,2024-10-14,health,881
4281,N,2024-06-21,auto,582
4282,S,2024-08-31,travel,634
4283,E,2024-02-22,home,564
4284,W,2024-08-14,travel,555
4285,W,2024-03-03,health,456
4286,N,2024-07-14,auto,641
4287,W,2024-09-14,health,661
4288,N,2024-08-09,home,589
4289,W,2024-01-23,auto,485
4290,W,2024-05-02,health,778
4291,N,2024-01-11,travel,USD 553
4292,S,2024-10-23,home,621
4293,S,2024-06-18,health,USD 745
4294,N,2024-04-15,travel,631
4295,W,2024-01-26,health,482
4296,W,2024-03-30,auto,614
4297,S,2024-10-20,health,671
4298,W,2024-05-11,auto,937
4299,E,2024-10-26,travel,613
4300,S,2024-05-16,home,724
4301,S,2024-01-20,health,685
4302,E,2024-01-29,home,924
4303,E,2024-02-02,health,819
4304,E,2024-07-27,health,603
4305,W,2024-01-13,travel,497
4306,E,2024-08-18,auto,1164
4307,W,2024-06-15,travel,476
4308,E,2024-08-19,travel,486
4309,S,2024-01-06,home,538
4310,W,2024-02-07,auto,543
4311,W,2024-04-21,health,583
4312,E,2024-09-21,travel,463
4314,N,2024-04-09,auto,484
4315,W,2024-05-12,home,719
4316,N,2024-02-28,travel,460
4317,N,2024-07-10,health,725
4318,N,2024-04-09,home,616
4319,S,2024-01-21,travel,680
4320,W,2024-02-25,health,678
4321,E,2024-05-14,auto,790
4322,S,2024-03-17,home,USD 609
4323,W,2024-03-31,auto,407
4324,N,2024-02-29,home,683
4325,S,2024-08-29,home,438
4326,E,2024-11-15,health,924
4327,S,2024-04-01,health,459
4328,N,2024-05-10,health,USD 590
4329,E,2024-04-16,travel,737
4330,W,2024-09-22,auto,796
4332,S,2024-09-22,home,578
4333,W,2024-05-09,auto,840
4334,S,2024-03-17,home,USD 637
4335,W,2024-09-02,health,789
4336,S,2024-09-21,home,USD 795
4337,W,2024-03-11,home,690
4338,W,2024-01-30,home,973
4340,N,2024-06-18,home,426
4341,W,2024-02-04,auto,603
4342,N,2024-07-01,home,640
4343,S,2024-08-10,health,611
4344,W,2024-09-10,health,548
4345,W,2024-02-16,home,820
4346,S,2024-09-27,travel,537
4347,E,2024-05-20,travel,614
4348,W,2024-03-04,travel,700
4349,N,2024-06-16,auto,592
4350,E,2024-08-28,auto,455
4351,W,2024-10-30,health,740
4352,E,2024-02-11,home,933
4353,N,2024-03-28,travel,466
4354,S,2024-06-23,travel,810
4355,N,2024-05-03,health,811
4356,S,2024-01-26,health,537
4357,S,2024-10-05,travel,679
4358,S,2024-03-20,auto,654
4359,E,2024-04-24,auto,591
4360,E,2024-01-19,home,913
4361,S,2024-11-16,health,1074
4362,E,2024-09-23,travel,546
4363,N,2024-11-03,travel,454
4364,E,2024-06-04,travel,955
4365,S,2024-02-04,home,759
4366,W,2024-04-09,health,747
4367,W,2024-09-10,auto,703
4368,N,2024-11-09,travel,455
4370,S,2024-04-26,travel,$580
4371,S,2024-06-26,health,707
4372,W,2024-09-20,auto,529
4373,W,2024-11-18,auto,529
4374,E,2024-11-17,travel,495
4375,S,2024-08-17,home,629
4376,N,2024-07-07,auto,799
4377,W,2024-07-30,auto,$456
4378,E,2024-02-19,home,800
4379,E,2024-04-29,travel,580
4380,N,2024-05-04,home,785
4381,S,2024-03-17,travel,572
4382,E,2024-09-22,travel,780
4383,N,2024-06-16,travel,639
4385,W,2024-08-18,auto,731
4386,N,2024-07-03,health,582
4387,S,2024-05-13,home,$964
4388,N,2024-06-22,auto,726
4389,N,2024-02-03,health,USD 556
4390,S,2024-07-16,travel,625
4391,W,2024-06-29,home,676
4392,E,2024-04-26,auto,826
4393,E,2024-03-18,auto,645
4394,W,2024-08-05,home,553
4395,S,2024-01-04,auto,526
4396,S,2024-03-01,home,628
4397,N,2024-08-23,home,$627
4398,W,2024-06-11,home,1057
4399,W,2024-01-09,auto,476
4400,S,2024-04-03,auto,553
4401,E,2024-01-19,health,559
4402,W,2024-11-10,auto,499
4403,W,2024-10-18,travel,509
4404,W,2024-02-22,health,845
4405,E,2024-02-11,home,831
4406,W,2024-05-03,health,778
4407,S,2024-06-16,travel,634
4408,W,2024-06-02,auto,$663
4409,E,2024-05-17,travel,495
4410,E,2024-03-16,home,643
4411,S,2024-06-04,travel,594
4412,S,2024-11-23,health,569
4413,N,2024-11-12,home,861
4414,N,2024-07-09,health,675
4415,W,2024-04-01,auto,440
4416,E,2024-08-01,home,686
4417,W,2024-08-28,health,719
4418,W,2024-05-18,health,621
4419,W,2024-03-15,health,800
4420,E,2024-04-03,auto,561
4421,N,2024-08-24,health,526
4422,N,2024-04-11,travel,546
4423,E,2024-06-04,health,651
4424,W,2024-06-30,home,789
4425,N,2024-05-16,home,661
4426,S,2024-05-03,home,827
4427,E,2024-05-17,travel,719
4428,N,2024-09-04,health,720
4429,E,2024-07-28,travel,608
4430,S,2024-07-10,travel,851
4431,E,2024-06-29,auto,582
4433,E,2024-10-15,health,712
4434,S,2024-01-03,health,576
4435,S,2024-03-13,home,704
4436,S,2024-05-29,health,633
4437,S,2024-06-07,home,482
4438,E,2024-05-31,home,$677
4439,E,2024-04-11,home,715
4440,S,2024-10-17,health,471
4441,W,2024-05-03,home,USD 726
4442,N,2024-04-02,auto,753
4443,N,2024-09-30,travel,913
4444,E,2024-04-03,home,636
4445,E,2024-07-04,auto,$882
4446,E,2024-11-12,auto,726
4447,S,2024-05-31,auto,667
4448,S,2024-07-12,auto,602
4449,W,2024-06-23,home,747
4450,E,2024-05-28,auto,621
4451,N,2024-01-01,auto,642
4452,S,2024-03-13,health,438
4453,W,2024-08-28,health,839
4454,E,2024-09-26,home,806
4455,S,2024-10-03,health,460
4456,W,2024-04-18,auto,616
4457,W,2024-04-01,auto,602
4458,E,2024-01-13,auto,844
4459,W,2024-10-27,travel,662
4460,W,2024-09-17,auto,844
4461,N,2024-07-05,health,USD 678
4462,W,2024-06-28,auto,570
4463,E,2024-11-10,health,573
4464,N,2024-06-17,auto,583
4465,N,2024-01-18,auto,546
4466,W,2024-03-12,health,604
4467,W,2024-03-06,travel,758
4468,E,2024-07-05,auto,$562
4469,N,2024-02-12,home,748
4470,N,2024-10-22,auto,504
4471,W,2024-01-17,health,440
4472,E,2024-01-14,health,"$1,125"
4473,E,2024-08-19,health,664
4474,W,2024-05-17,travel,975
4475,E,2024-05-16,health,630
4476,N,2024-01-16,home,502
4477,E,2024-03-01,home,579
4478,S,2024-08-02,travel,421
4479,E,2024-09-03,home,866
4480,E,2024-01-13,auto,355
4481,E,2024-11-05,auto,517
4482,S,2024-11-19,travel,1028
4484,W,2024-05-20,auto,441
4485,E,2024-10-02,travel,451
4486,N,2024-07-02,home,847
4487,S,2024-03-10,home,741
4489,W,2024-11-20,home,446
4490,W,2024-05-21,home,704
4491,N,2024-01-23,travel,448
4492,W,2024-05-11,health,375
4493,E,2024-11-11,home,611
4494,S,2024-07-11,home,555
4495,N,2024-09-24,health,981
4496,N,2024-01-03,home,489
4497,E,2024-01-11,health,756
4498,S,2024-05-22,health,880
4499,W,2024-08-06,auto,734
4500,E,2024-08-04,travel,749
4501,E,2024-06-13,auto,798
4502,E,2024-02-19,home,706
4503,E,2024-03-09,auto,964
4505,E,2024-05-03,health,867
4506,E,2024-10-15,home,567
4507,S,2024-07-06,auto,533
4508,S,2024-04-26,travel,924
4509,S,2024-06-12,home,481
4510,S,2024-08-11,health,617
4511,N,2024-02-18,auto,690
4512,E,2024-05-27,auto,934
4513,S,2024-02-11,health,627
4514,E,2024-10-31,auto,742
4515,E,2024-04-12,auto,768
4516,S,2024-03-01,travel,581
4517,E,2024-01-29,travel,677
4518,W,2024-01-02,auto,526
4519,S,2024-09-01,home,486
4520,W,2024-04-04,travel,519
4521,N,2024-10-15,health,1217
4522,S,2024-06-03,travel,786
4523,E,2024-03-16,health,485
4524,N,2024-10-11,travel,941
4525,N,2024-02-29,travel,701
4526,W,2024-01-09,health,712
4527,W,2024-05-21,health,$657
4528,S,2024-02-13,home,539
4529,N,2024-05-20,health,545
4530,N,2024-03-26,auto,1152
4531,N,2024-08-19,travel,508
4532,S,2024-08-19,health,580
4533,N,2024-10-19,auto,878
4535,S,2024-06-07,home,920
4536,E,2024-06-16,health,779
4537,W,2024-09-02,travel,703
4538,W,2024-02-01,travel,922
4539,W,2024-09-01,home,850
4540,W,2024-06-08,home,453
4541,E,2024-03-12,home,575
4542,N,2024-05-15,auto,770
4543,E,2024-08-12,travel,621
4544,W,2024-05-13,auto,1062
4545,W,2024-05-23,health,607
4546,N,2024-10-02,health,871
4548,W,2024-11-17,health,587
4549,E,2024-06-27,auto,832
4550,S,2024-01-23,home,USD 770
4551,W,2024-02-18,home,705
4552,N,2024-05-12,health,650
4553,W,2024-08-16,health,536
4554,E,2024-04-23,travel,546
4555,S,2024-06-11,home,710
4556,S,2024-05-21,health,596
4557,S,2024-01-20,auto,771
4558,E,2024-05-12,travel,847
4559,W,2024-02-18,auto,528
4560,N,2024-04-08,auto,1096
4561,S,2024-10-03,home,851
4562,W,2024-02-05,health,1004
4563,W,2024-01-12,travel,671
4564,N,2024-07-03,auto,845
4565,E,2024-04-20,home,662
4566,N,2024-02-27,auto,773
4567,E,2024-11-05,auto,1101
4568,E,2024-11-16,home,559
4569,W,2024-02-20,home,823
4570,S,2024-05-31,health,503
4571,W,2024-02-02,auto,506
4572,W,2024-03-18,health,783
4573,E,2024-03-18,home,875
4574,W,2024-06-20,auto,471
4575,N,2024-11-06,auto,668
4576,W,2024-08-30,home,645
4577,N,2024-01-20,home,890
4578,S,2024-01-18,home,703
4579,E,2024-06-12,auto,688
4580,E,2024-11-21,health,624
4582,W,2024-10-25,travel,817
4583,W,2024-05-29,auto,730
4584,W,2024-07-31,health,929
4585,N,2024-01-10,auto,503
4586,E,2024-01-15,auto,782
4587,S,2024-02-17,auto,685
4588,W,2024-06-19,travel,817
4589,S,2024-04-19,travel,$687
4590,E,2024-07-16,health,635
4591,E,2024-06-26,health,1062
4592,S,2024-06-26,health,788
4593,S,2024-08-13,travel,492
4594,W,2024-10-19,auto,USD 578
4595,N,2024-08-10,health,720
4596,W,2024-10-13,health,1020
4597,W,2024-10-05,auto,557
4598,N,2024-07-23,travel,$863
4599,S,2024-06-02,travel,419
4600,S,2024-09-24,home,572
4601,N,2024-10-17,auto,USD 683
4602,S,2024-10-27,auto,595
4603,N,2024-01-23,health,$491
4604,W,2024-07-25,health,354
4605,N,2024-01-01,health,599
4607,N,2024-03-11,health,653
4608,N,2024-06-06,auto,581
4609,E,2024-11-14,health,630
4610,S,2024-06-18,travel,1055
4611,S,2024-01-24,home,587
4612,W,2024-10-31,home,714
4613,S,2024-06-06,health,575
4614,S,2024-08-05,travel,421
4615,W,2024-07-21,health,658
4616,N,2024-07-26,home,$765
4617,W,2024-04-05,health,639
4618,W,2024-11-24,health,748
4619,S,2024-07-28,health,761
4620,N,2024-03-07,home,452
4621,S,2024-02-07,auto,806
4622,E,2024-10-29,travel,748
4623,N,2024-01-14,health,668
4624,S,2024-01-15,home,608
4625,W,2024-04-26,travel,604
4626,W,2024-01-23,auto,770
4627,E,2024-10-13,home,$701
4628,E,2024-10-27,health,529
4629,W,2024-10-13,health,631
4630,N,2024-11-19,health,820
4631,N,2024-02-26,home,616
4632,E,2024-03-27,travel,719
4633,W,2024-03-05,auto,572
4634,E,2024-05-02,home,588
4635,N,2024-01-03,auto,838
4636,E,2024-07-16,home,889
4637,W,2024-05-10,health,742
4638,W,2024-11-24,home,$729
4639,W,2024-11-04,travel,783
4640,E,2024-05-16,home,464
4641,W,2024-01-11,home,547
4642,N,2024-07-17,health,650
4643,S,2024-01-07,travel,593
4644,S,2024-03-16,travel,623
4645,N,2024-03-03,home,803
4646,N,2024-11-17,health,684
4647,W,2024-10-13,auto,761
4648,N,2024-07-09,auto,638
4649,S,2024-06-04,health,592
4650,N,2024-10-24,home,744
4651,N,2024-07-09,health,835
4652,S,2024-01-01,health,581
4653,N,2024-11-21,auto,490
4654,N,2024-03-03,home,877
4655,W,2024-09-12,auto,699
4656,N,2024-01-25,home,659
4657,E,2024-05-01,health,808
4658,W,2024-08-06,travel,$935
4659,N,2024-07-16,home,711
4660,W,2024-05-03,travel,1036
4661,S,2024-09-09,auto,764
4662,W,2024-09-08,health,549
4663,S,2024-07-30,health,488
4664,N,2024-06-23,travel,1015
4665,N,2024-09-22,health,471
4666,S,2024-01-05,auto,556
4667,S,2024-11-03,health,515
4668,S,2024-04-08,travel,534
4669,W,2024-04-19,health,841
4670,S,2024-11-01,health,737
4671,N,2024-07-02,health,593
4672,S,2024-11-26,health,502
4673,W,2024-11-13,health,948
4674,S,2024-03-09,home,885
4675,E,2024-02-02,health,927
4676,S,2024-11-12,health,684
4677,N,2024-08-04,home,610
4678,E,2024-01-19,home,639
4679,W,2024-08-05,travel,445
4680,E,2024-02-28,health,691
4681,W,2024-05-03,travel,812
4682,N,2024-05-20,travel,594
4683,N,2024-05-02,travel,475
4684,E,2024-07-20,home,552
4685,N,2024-06-04,health,682
4686,N,2024-10-01,home,778
4687,N,2024-09-24,auto,496
4688,E,2024-06-21,home,659
4689,W,2024-10-22,auto,552
4690,W,2024-06-25,health,838
4691,E,2024-08-11,home,690
4692,S,2024-03-01,health,918
4693,S,2024-07-19,auto,777
4694,S,2024-04-30,home,584
4695,E,2024-07-22,home,874
4696,S,2024-03-08,health,722
4697,E,2024-03-17,health,897
4699,E,2024-06-28,health,758
4700,S,2024-06-12,auto,676
4701,W,2024-01-31,travel,677
4702,W,2024-06-12,home,743
4703,N,2024-06-16,home,683
4704,N,2024-04-28,home,593
4705,S,2024-04-08,travel,933
4706,E,2024-11-18,home,808
4707,N,2024-08-11,travel,637
4708,W,2024-04-20,home,473
4709,N,2024-05-01,travel,812
4710,W,2024-04-23,home,788
4711,N,2024-05-19,health,544
4712,S,2024-08-02,auto,652
4713,N,2024-04-29,home,937
4714,S,2024-03-05,home,773
4715,W,2024-04-28,auto,USD 615
4716,N,2024-05-14,auto,590
4717,S,2024-04-15,travel,644
4718,S,2024-10-25,home,470
4719,E,2024-03-23,auto,894
4720,N,2024-10-02,travel,$892
4721,W,2024-06-10,home,677
4722,W,2024-01-22,travel,745
4723,W,2024-08-24,home,702
4724,S,2024-08-14,auto,866
4725,N,2024-10-26,auto,569
4726,W,2024-01-18,home,722
4727,W,2024-08-21,travel,886
4728,N,2024-08-27,travel,530
4729,W,2024-08-12,home,740
4730,N,2024-07-14,auto,599
4731,E,2024-03-16,auto,895
4732,S,2024-11-12,auto,995
4733,N,2024-07-12,health,607
4734,S,2024-03-19,home,557
4735,S,2024-06-24,auto,697
4736,W,2024-08-31,auto,566
4737,N,2024-06-27,auto,684
4738,E,2024-02-05,auto,793
4739,N,2024-06-01,home,691
4740,E,2024-03-07,health,$750
4741,S,2024-06-09,health,513
4742,W,2024-05-04,travel,USD 802
4743,S,2024-06-03,auto,795
4744,W,2024-09-26,auto,680
4745,N,2024-03-16,travel,718
4746,E,2024-09-28,home,$901
4747,E,2024-10-21,travel,763
4748,S,2024-02-15,health,564
4749,N,2024-02-23,health,515
4750,N,2024-04-01,travel,857
4751,W,2024-08-07,travel,1052
4752,W,2024-09-23,auto,615
4753,E,2024-03-22,home,617
4754,N,2024-08-11,health,378
4755,S,2024-04-07,health,783
4756,N,2024-06-24,auto,613
4757,W,2024-01-12,home,876
4758,N,2024-01-06,auto,506
4759,E,2024-10-13,travel,628
4760,N,2024-02-03,health,626
4761,W,2024-08-02,home,USD 756
4762,E,2024-05-06,home,876
4763,N,2024-01-13,auto,788
4764,E,2024-05-10,home,530
4765,E,2024-09-17,home,487
4766,E,2024-11-04,travel,607
4767,E,2024-01-19,home,724
4768,W,2024-04-26,travel,723
4769,N,2024-08-30,home,1033
4770,E,2024-10-24,home,619
4771,E,2024-08-31,auto,551
4772,E,2024-01-01,auto,669
4773,N,2024-04-22,travel,626
4775,W,2024-06-07,home,$420
4776,N,2024-05-28,auto,636
4777,N,2024-01-17,health,554
4778,N,2024-05-23,health,601
4779,S,2024-03-24,home,$629
4780,N,2024-10-17,health,455
4781,W,2024-10-16,health,797
4782,E,2024-10-12,home,683
4783,W,2024-07-23,auto,784
4784,W,2024-06-28,home,640
4785,W,2024-05-14,home,451
4786,E,2024-05-26,home,489
4787,W,2024-08-20,travel,373
4788,E,2024-09-16,health,678
4789,S,2024-09-27,health,644
4790,W,2024-08-25,auto,593
4791,N,2024-01-25,travel,579
4792,N,2024-10-04,health,692
4793,W,2024-07-13,auto,667
4794,E,2024-06-06,travel,USD 762
4795,S,2024-09-01,health,547
4796,S,2024-04-17,travel,662
4797,N,2024-05-13,health,414
4798,E,2024-07-25,home,575
4799,S,2024-03-06,health,950
4800,W,2024-09-18,health,842
4801,W,2024-10-28,travel,776
4802,S,2024-02-16,auto,787
4803,E,2024-02-18,auto,642
4804,N,2024-06-19,travel,806
4805,E,2024-05-19,home,735
4806,E,2024-01-24,auto,870
4807,N,2024-11-23,travel,696
4808,S,2024-02-04,home,481
4810,W,2024-10-11,health,740
4811,W,2024-06-27,auto,748
4812,W,2024-04-26,auto,647
4813,E,2024-11-25,auto,514
4814,N,2024-02-24,travel,604
4815,W,2024-04-14,health,$966
4816,E,2024-03-28,travel,850
4817,E,2024-07-14,auto,558
4818,S,2024-10-02,health,781
4819,S,2024-06-29,auto,514
4820,N,2024-05-09,home,1104
4821,W,2024-02-10,travel,758
4823,N,2024-02-27,auto,587
4824,N,2024-02-08,home,558
4825,E,2024-03-08,health,USD 669
4826,S,2024-06-13,health,538
4827,W,2024-05-30,auto,546
4828,N,2024-01-20,health,572
4829,S,2024-03-12,health,903
4830,N,2024-06-11,health,564
4831,S,2024-02-19,health,816
4832,S,2024-06-15,home,USD 795
4833,E,2024-07-12,home,1148
4834,S,2024-02-12,travel,824
4835,S,2024-10-08,home,838
4836,N,2024-01-29,travel,588
4837,E,2024-08-24,home,631
4838,W,2024-03-06,travel,432
4839,W,2024-02-21,health,1079
4840,E,2024-05-06,auto,775
4841,S,2024-11-20,travel,709
4842,E,2024-01-13,travel,$607
4843,E,2024-07-23,health,$546
4844,W,2024-05-04,health,471
4845,E,2024-04-25,travel,564
4846,E,2024-04-04,home,$669
4847,S,2024-07-13,home,891
4848,N,2024-11-08,travel,466
4849,S,2024-03-15,auto,452
4850,E,2024-11-15,travel,452
4851,E,2024-02-09,travel,498
4852,W,2024-04-02,health,694
4853,N,2024-02-24,health,664
4854,E,2024-08-11,health,756
4855,N,2024-06-11,health,$929
4856,S,2024-03-24,health,643
4857,E,2024-04-10,health,373
4858,N,2024-11-19,auto,697
4859,E,2024-06-03,auto,613
4860,N,2024-03-21,travel,640
4861,S,2024-01-17,auto,618
4862,S,2024-05-26,auto,898
4863,W,2024-10-25,auto,1091
4864,W,2024-06-20,travel,518
4865,N,2024-03-09,auto,414
4866,N,2024-06-25,home,811
4867,W,2024-01-16,home,710
4868,W,2024-03-17,home,561
4869,E,2024-11-16,home,821
4870,E,2024-07-18,health,835
4871,E,2024-06-27,travel,817
4872,E,2024-05-24,home,585
4873,E,2024-10-30,auto,422
4874,E,2024-10-22,home,695
4875,N,2024-05-14,health,1066
4876,E,2024-01-22,travel,616
4877,E,2024-01-09,travel,586
4878,N,2024-06-27,home,1079
4879,E,2024-01-23,home,659
4880,N,2024-11-11,health,$668
4881,W,2024-08-06,auto,607
4882,W,2024-07-06,home,636
4883,S,2024-04-19,travel,580
4884,E,2024-09-26,travel,744
4885,N,2024-07-08,auto,627
4886,E,2024-10-20,home,695
4887,W,2024-05-11,travel,646
4888,N,2024-03-28,auto,555
4889,W,2024-10-28,travel,564
4890,N,2024-04-12,health,606
4891,N,2024-10-11,home,783
4892,N,2024-09-22,auto,585
4893,S,2024-03-10,auto,840
4894,S,2024-06-23,auto,590
4895,N,2024-08-19,auto,585
4896,S,2024-09-28,auto,806
4898,N,2024-11-07,auto,639
4899,S,2024-08-08,health,664
4900,E,2024-03-30,travel,959
4901,N,2024-08-14,health,617
4902,W,2024-10-20,home,645
4903,N,2024-06-12,home,714
4905,N,2024-02-07,home,624
4906,N,2024-06-04,auto,947
4907,E,2024-11-18,auto,652
4908,W,2024-07-04,home,560
4909,N,2024-09-29,home,384
4910,W,2024-09-21,auto,612
4911,W,2024-09-13,health,589
4912,S,2024-02-18,auto,634
4913,W,2024-05-08,home,534
4914,N,2024-01-10,auto,549
4915,W,2024-08-28,auto,522
4916,S,2024-05-12,home,809
4917,N,2024-05-15,travel,448
4918,S,2024-09-26,health,522
4919,S,2024-06-04,home,444
4920,S,2024-04-15,home,540
4921,W,2024-04-08,home,$788
4922,S,2024-03-18,health,540
4923,E,2024-07-10,auto,918
4924,W,2024-04-30,home,716
4925,N,2024-08-25,home,635
4926,N,2024-11-05,auto,744
4927,S,2024-02-18,home,486
4928,S,2024-06-12,home,470
4929,W,2024-10-30,travel,643
4930,N,2024-06-04,home,553
4931,N,2024-03-17,auto,USD 782
4932,E,2024-09-01,health,541
4933,N,2024-01-10,travel,711
4934,E,2024-03-03,auto,636
4935,N,2024-06-25,health,543
4936,S,2024-04-01,home,766
4937,N,2024-09-30,home,490
4938,N,2024-07-15,health,642
4939,E,2024-05-11,home,555
4940,E,2024-05-19,home,611
4942,E,2024-04-13,home,700
4943,N,2024-09-24,travel,833
4944,N,2024-07-27,health,606
4945,W,2024-09-12,travel,945
4946,W,2024-02-11,health,660
4947,S,2024-05-08,travel,$541
4948,S,2024-06-13,health,726
4949,W,2024-08-08,travel,508
4950,N,2024-11-10,home,630
4951,S,2024-05-13,health,478
4952,N,2024-09-09,auto,$445
4953,N,2024-09-03,health,762
4954,S,2024-10-06,auto,695
4955,W,2024-03-08,auto,USD 688
4957,W,2024-10-23,auto,619
4958,N,2024-02-22,travel,896
4959,W,2024-01-26,travel,638
4960,N,2024-03-12,health,620
4961,W,2024-02-02,auto,524
4962,W,2024-06-07,auto,623
4963,S,2024-11-13,home,794
4964,W,2024-03-16,auto,496
4965,E,2024-09-02,health,$635
4966,W,2024-04-16,health,438
4967,S,2024-06-18,home,417
4968,S,2024-05-21,travel,656
4969,W,2024-11-17,auto,789
4970,S,2024-02-10,auto,490
4971,W,2024-04-01,health,522
4972,W,2024-08-05,home,594
4974,S,2024-01-09,auto,USD 473
4975,E,2024-02-18,health,569
4976,E,2024-01-05,health,613
4977,S,2024-04-09,health,924
4978,S,2024-03-29,home,$719
4980,N,2024-04-27,auto,642
4981,W,2024-10-12,home,520
4982,E,2024-10-02,home,503
4983,S,2024-05-11,auto,629
4984,W,2024-04-10,health,728
4985,W,2024-02-06,travel,456
4986,W,2024-06-08,travel,418
4987,N,2024-06-27,home,643
4988,E,2024-03-25,auto,506
4989,N,2024-11-04,auto,501
4990,S,2024-09-02,home,383
4991,N,2024-01-20,home,$474
4992,W,2024-10-05,home,633
4993,W,2024-08-27,travel,986
4994,N,2024-01-26,auto,586
4995,S,2024-05-30,health,723
4996,N,2024-01-20,auto,921
4997,E,2024-09-22,auto,821
4999,N,2024-02-10,health,954
5000,N,2024-05-02,travel,382
5001,E,2024-02-15,travel,743
5002,W,2024-04-06,auto,698
5003,S,2024-06-15,health,1142
5004,W,2024-03-25,auto,1045
5005,W,2024-05-01,auto,755
5006,E,2024-02-09,home,660
5007,E,2024-11-02,home,850
5009,N,2024-01-03,auto,871
5010,S,2024-08-22,health,655
5011,N,2024-02-28,health,395
5013,W,2024-05-18,travel,648
5014,S,2024-10-22,travel,604
5015,W,2024-10-21,auto,832
5016,S,2024-09-13,health,733
5017,E,2024-08-25,auto,638
5018,E,2024-06-13,home,469
5019,N,2024-01-01,home,613
5020,S,2024-05-24,health,580
5021,S,2024-10-19,auto,615
5022,W,2024-10-18,travel,739
5023,W,2024-02-26,travel,511
5024,S,2024-03-13,health,605
5025,N,2024-04-09,home,674
5026,E,2024-02-23,auto,740
5027,W,2024-11-01,health,593
5028,E,2024-04-16,home,672
5029,S,2024-03-22,auto,499
5030,S,2024-07-13,home,609
5031,W,2024-01-25,home,672
5032,W,2024-09-16,travel,570
5033,W,2024-11-15,auto,562
5034,N,2024-04-19,home,630
5035,N,2024-01-22,home,642
5036,N,2024-11-11,health,634
5037,W,2024-04-05,home,850
5038,E,2024-08-01,auto,511
5039,W,2024-05-16,health,703
5040,E,2024-02-29,travel,707
5041,N,2024-10-26,health,554
5042,E,2024-10-31,auto,$724
5043,E,2024-08-28,health,1094
5044,N,2024-07-27,home,703
5045,E,2024-02-20,auto,603
5046,N,2024-04-06,home,1006
5047,N,2024-07-08,home,534
5048,E,2024-10-30,travel,730
5049,S,2024-04-15,auto,505
5050,N,2024-04-27,auto,1011
5051,W,2024-06-03,travel,583
5052,N,2024-02-05,auto,549
5053,S,2024-08-03,home,657
5054,N,2024-09-16,health,523
5055,W,2024-02-21,auto,726
5056,E,2024-08-30,travel,543
5057,S,2024-04-09,health,581
5058,N,2024-11-07,auto,588
5059,N,2024-06-21,auto,687
5060,E,2024-09-01,home,840
5061,E,2024-08-31,travel,398
5062,S,2024-03-28,health,664
5063,W,2024-05-25,auto,963
5064,E,2024-01-07,auto,898
5065,S,2024-04-04,home,648
5066,N,2024-05-26,health,527
5067,N,2024-07-28,home,380
5068,N,2024-06-01,home,$459
5069,W,2024-02-09,auto,703
5070,S,2024-01-19,travel,671
5071,S,2024-03-12,home,637
5072,E,2024-10-02,home,838
5073,N,2024-09-20,home,687
5074,S,2024-07-08,travel,613
5075,E,2024-07-29,auto,600
5076,W,2024-06-06,travel,USD 734
5077,S,2024-08-14,home,641
5078,E,2024-05-23,auto,459
5079,E,2024-09-03,travel,903
5080,E,2024-11-08,auto,677
5081,N,2024-02-28,auto,620
5082,E,2024-01-11,health,834
5083,W,2024-06-12,home,700
5084,W,2024-08-28,home,513
5085,N,2024-08-02,home,776
5086,S,2024-04-25,health,611
5087,E,2024-04-05,home,512
5088,W,2024-04-19,home,392
5089,E,2024-07-10,travel,832
5090,W,2024-01-07,health,666
5091,W,2024-01-01,home,694
5092,W,2024-06-12,health,577
5093,S,2024-03-02,health,518
5094,N,2024-05-04,home,709
5095,S,2024-08-20,auto,910
5096,E,2024-07-28,home,675
5097,W,2024-09-09,health,441
5098,S,2024-02-15,health,853
5099,E,2024-07-24,travel,536
5100,W,2024-10-06,travel,589
5102,N,2024-04-15,travel,610
5103,S,2024-04-04,health,604
5104,N,2024-06-21,travel,934
5105,S,2024-05-10,travel,528
5106,S,2024-04-24,health,450
5107,E,2024-10-21,home,737
5108,W,2024-03-08,home,777
5109,W,2024-03-30,home,594
5110,W,2024-07-10,home,$879
5111,N,2024-05-09,health,615
5112,E,2024-07-11,travel,704
5113,S,2024-01-06,home,621
5114,S,2024-06-21,auto,464
5115,W,2024-05-09,auto,1063
5116,W,2024-06-04,travel,424
5117,N,2024-09-21,home,668
5119,S,2024-02-13,health,461
5120,E,2024-10-04,home,747
5121,E,2024-05-23,home,533
5122,W,2024-03-24,health,656
5123,N,2024-06-11,home,719
5124,W,2024-09-18,health,673
5125,N,2024-05-03,health,USD 737
5127,W,2024-11-26,travel,692
5128,N,2024-07-07,home,868
5129,S,2024-08-21,travel,547
5130,S,2024-05-31,home,1002
5131,W,2024-09-24,travel,418
5132,E,2024-05-16,health,371
5133,N,2024-05-09,home,566
5134,S,2024-07-04,health,572
5137,S,2024-06-27,travel,461
5138,N,2024-02-11,auto,425
5140,W,2024-08-01,health,791
5141,N,2024-11-25,travel,544
5142,W,2024-05-25,home,645
5143,E,2024-07-19,travel,742
5145,W,2024-01-29,home,636
5146,W,2024-03-05,travel,685
5147,N,2024-06-16,home,519
5148,E,2024-09-28,home,732
5149,N,2024-08-22,health,790
5150,W,2024-02-27,auto,628
5151,N,2024-05-01,auto,470
5152,S,2024-05-01,travel,630
5153,E,2024-01-13,auto,595
5154,N,2024-11-02,auto,1091
5155,W,2024-03-19,home,$765
5156,E,2024-10-14,home,597
5157,E,2024-06-14,home,617
5158,S,2024-09-08,home,571
5159,S,2024-06-28,travel,456
5160,W,2024-10-05,travel,779
5161,W,2024-07-09,home,446
5162,W,2024-01-13,travel,581
5163,E,2024-04-27,auto,634
5164,S,2024-05-22,travel,419
5165,W,2024-08-15,home,698
5166,W,2024-07-22,auto,$703
5167,S,2024-02-20,travel,1157
5168,S,2024-10-13,auto,$768
5169,W,2024-03-23,home,USD 898
5170,W,2024-02-19,auto,510
5171,E,2024-04-24,travel,861
5172,W,2024-01-25,health,845
5173,W,2024-02-18,travel,735
5174,N,2024-08-22,auto,406
5175,W,2024-06-21,auto,713
5176,E,2024-09-30,health,627
5177,W,2024-09-12,health,USD 905
5178,N,2024-05-12,auto,807
5179,S,2024-03-05,health,634
5180,S,2024-03-03,travel,582
5181,N,2024-07-31,health,848
5182,N,2024-04-02,health,550
5183,N,2024-01-28,auto,1007
5184,N,2024-08-07,travel,679
5185,W,2024-02-25,travel,447
5186,E,2024-09-17,home,630
5187,W,2024-09-18,health,935
5188,S,2024-02-13,travel,652
5189,S,2024-08-01,travel,473
5190,W,2024-02-05,home,606
5191,W,2024-01-02,travel,815
5192,W,2024-03-26,health,980
5193,S,2024-02-23,home,931
5194,S,2024-02-06,auto,789
5195,E,2024-08-29,travel,502
5196,E,2024-04-19,auto,$585
5197,N,2024-08-04,home,569
5198,S,2024-11-15,auto,929
5199,S,2024-02-01,home,597
5200,E,2024-04-05,auto,856
5201,S,2024-05-15,health,461
5202,S,2024-05-03,travel,677
5203,W,2024-04-24,home,793
5204,N,2024-01-25,auto,USD 512
5205,N,2024-03-24,health,647
5206,S,2024-11-17,health,698
5207,N,2024-01-12,travel,575
5208,S,2024-04-06,home,USD 787
5209,N,2024-05-27,health,$785
5210,S,2024-03-08,home,755
5211,S,2024-08-22,auto,617
5212,W,2024-05-05,travel,437
5213,E,2024-07-16,home,451
5214,S,2024-02-11,home,371
5215,E,2024-09-20,auto,949
5216,N,2024-09-16,home,836
5217,S,2024-06-22,health,596
5218,W,2024-11-05,home,779
5219,E,2024-11-14,home,557
5220,E,2024-05-22,home,427
5221,S,2024-03-10,health,504
5222,N,2024-08-20,health,483
5223,S,2024-07-23,travel,367
5224,N,2024-07-12,home,940
5225,N,2024-02-24,travel,686
5226,N,2024-09-13,travel,691
5228,W,2024-06-12,travel,500
5230,N,2024-09-30,travel,852
5231,E,2024-10-29,auto,761
5232,N,2024-03-23,health,530
5233,N,2024-10-20,auto,816
5235,S,2024-05-04,auto,USD 499
5236,E,2024-07-16,home,692
5237,S,2024-02-06,travel,1000
5238,W,2024-11-24,auto,703
5239,N,2024-11-03,auto,773
5240,E,2024-06-30,auto,549
5241,E,2024-10-05,home,672
5242,S,2024-07-28,auto,565
5243,E,2024-03-13,home,655
5244,N,2024-09-14,auto,560
5245,N,2024-01-30,travel,809
5246,W,2024-05-20,auto,685
5248,W,2024-10-27,auto,622
5249,W,2024-07-14,travel,774
5250,N,2024-10-25,auto,457
5251,W,2024-08-23,auto,1032
5252,N,2024-10-19,home,723
5253,W,2024-01-03,home,567
5255,W,2024-06-06,travel,601
5256,S,2024-02-16,home,918
5257,S,2024-09-27,home,447
5258,W,2024-07-27,auto,515
5259,E,2024-03-21,auto,911
5260,S,2024-01-27,travel,587
5261,W,2024-11-18,health,551
5262,S,2024-06-16,health,$672
5263,S,2024-01-27,health,757
5264,W,2024-01-14,home,651
5265,N,2024-10-12,travel,798
5266,E,2024-05-14,auto,946
5267,N,2024-03-18,home,961
5268,W,2024-11-22,auto,932
5269,E,2024-09-25,auto,717
5270,E,2024-10-18,home,$716
5271,N,2024-11-09,travel,434
5273,E,2024-09-29,travel,920
5274,W,2024-11-26,travel,571
5275,N,2024-06-08,home,477
5276,S,2024-07-13,health,632
5277,W,2024-03-14,travel,645
5278,S,2024-11-11,health,530
5279,E,2024-08-07,health,499
5280,S,2024-10-21,home,821
5281,E,2024-03-02,home,667
5282,W,2024-03-28,travel,513
5283,N,2024-03-03,auto,759
5284,S,2024-07-15,travel,585
5285,E,2024-02-06,auto,568
5286,E,2024-05-23,home,878
5287,N,2024-05-27,auto,$991
5288,E,2024-06-27,home,387
5289,E,2024-03-05,home,542
5290,W,2024-10-29,travel,680
5291,W,2024-11-18,travel,738
5292,W,2024-11-16,home,943
5293,W,2024-03-02,home,595
5294,W,2024-09-19,health,580
5295,N,2024-09-27,travel,739
5296,S,2024-11-16,travel,756
5297,S,2024-03-12,health,502
5298,S,2024-06-05,auto,569
5299,N,2024-07-13,home,685
5300,N,2024-01-08,health,507
5301,N,2024-02-05,home,934
5302,N,2024-10-26,auto,545
5303,S,2024-07-29,travel,890
5304,E,2024-09-26,health,$848
5305,N,2024-08-01,travel,798
5306,E,2024-10-01,travel,518
5307,E,2024-02-25,travel,516
5309,N,2024-05-10,home,623
5310,E,2024-03-26,travel,1125
5311,E,2024-11-02,auto,781
5312,N,2024-08-18,home,USD 599
5313,E,2024-01-08,home,678
5314,N,2024-05-30,home,548
5316,S,2024-03-23,auto,883
5317,E,2024-02-11,travel,1105
5318,S,2024-03-17,travel,591
5319,E,2024-09-13,auto,616
5320,E,2024-04-13,home,980
5321,E,2024-10-20,home,628
5322,W,2024-06-04,auto,611
5323,W,2024-08-26,home,638
5324,N,2024-01-21,health,671
5325,W,2024-01-21,health,1146
5326,W,2024-02-14,home,629
5327,E,2024-06-30,home,1152
5328,N,2024-09-04,home,832
5329,E,2024-11-21,health,818
5330,E,2024-03-29,health,721
5331,N,2024-07-28,auto,559
5332,W,2024-08-19,auto,797
5333,E,2024-07-05,home,735
5334,N,2024-11-23,auto,500
5335,E,2024-11-02,auto,444
5336,E,2024-04-19,health,904
5337,S,2024-04-07,home,869
5338,E,2024-06-12,auto,407
5339,S,2024-11-12,travel,766
5340,N,2024-05-11,travel,512
5341,N,2024-02-17,health,440
5342,N,2024-06-30,home,USD 456
5343,W,2024-09-08,travel,820
5344,E,2024-08-23,travel,878
5345,N,2024-05-05,home,893
5346,N,2024-02-01,health,937
5347,N,2024-11-01,travel,724
5348,E,2024-02-02,auto,USD 847
5349,W,2024-06-24,travel,638
5350,W,2024-05-01,travel,723
5351,S,2024-07-25,health,621
5352,W,2024-06-06,travel,761
5353,W,2024-06-28,auto,545
5354,W,2024-05-11,home,540
5355,W,2024-02-14,home,568
5356,S,2024-07-30,health,625
5357,W,2024-10-23,home,469
5358,W,2024-09-29,home,560
5359,W,2024-10-24,home,578
5360,E,2024-08-12,health,592
5361,W,2024-02-19,health,775
5362,W,2024-07-13,travel,523
5363,N,2024-08-27,travel,687
5364,E,2024-03-12,travel,573
5365,S,2024-05-27,home,703
5366,E,2024-07-23,auto,520
5367,W,2024-03-02,travel,510
5368,N,2024-07-04,home,529
5369,W,2024-02-28,home,842
5370,E,2024-10-01,travel,671
5371,W,2024-04-21,travel,881
5372,N,2024-06-27,travel,USD 877
5373,W,2024-07-05,travel,1041
5374,W,2024-05-30,home,USD 443
5375,S,2024-01-22,auto,581
5376,E,2024-04-09,home,719
5377,W,2024-08-04,health,502
5378,W,2024-01-22,home,1050
5379,W,2024-01-26,health,424
5380,S,2024-04-18,home,639
5381,E,2024-04-16,home,948
5382,W,2024-07-02,travel,556
5383,W,2024-10-31,auto,483
5384,S,2024-05-21,auto,$975
5385,N,2024-03-30,health,621
5386,S,2024-02-18,travel,USD 537
5387,N,2024-11-11,health,583
5388,S,2024-09-02,home,590
5389,N,2024-06-19,health,803
5390,S,2024-05-21,travel,446
5391,S,2024-08-29,auto,443
5392,E,2024-08-06,home,466
5393,S,2024-11-11,health,598
5394,E,2024-07-02,auto,574
5395,S,2024-01-26,health,530
5396,E,2024-03-01,travel,529
5397,W,2024-11-20,health,663
5398,S,2024-05-01,health,692
5399,N,2024-10-20,travel,484
5400,S,2024-10-02,health,954
5401,E,2024-09-23,travel,808
5402,N,2024-02-16,home,483
5403,S,2024-07-13,home,833
5406,W,2024-10-27,health,USD 858
5407,E,2024-05-18,health,464
5408,N,2024-08-30,auto,701
5409,N,2024-11-11,health,799
5410,S,2024-06-25,home,563
5411,E,2024-06-29,travel,579
5412,E,2024-06-18,home,"$1,024"
5413,N,2024-09-21,home,954
5414,E,2024-07-06,travel,641
5415,N,2024-04-07,health,542
5416,W,2024-10-08,home,744
5417,S,2024-02-19,auto,545
5418,W,2024-04-23,health,691
5419,W,2024-07-14,auto,563
5420,E,2024-05-12,travel,876
5421,W,2024-06-16,auto,588
5422,E,2024-04-20,travel,835
5423,W,2024-01-04,travel,624
5424,W,2024-11-11,home,482
5425,W,2024-01-03,health,934
5426,E,2024-02-19,health,587
5427,N,2024-09-07,auto,693
5428,W,2024-05-25,auto,USD 572
5429,E,2024-05-23,health,746
5430,E,2024-06-29,auto,601
5431,N,2024-08-14,home,706
5432,W,2024-11-05,auto,600
5433,S,2024-03-08,auto,735
5434,S,2024-05-16,home,660
5435,E,2024-04-03,auto,881
5436,W,2024-08-04,travel,737
5437,E,2024-05-06,health,646
5438,W,2024-09-17,travel,558
5439,W,2024-08-14,auto,785
5440,E,2024-11-10,home,615
5441,S,2024-08-09,travel,533
5442,E,2024-06-05,health,397
5443,S,2024-08-05,travel,555
5444,W,2024-09-23,auto,585
5445,S,2024-07-25,health,888
5446,N,2024-09-22,auto,536
5447,N,2024-06-10,auto,$894
5448,S,2024-03-09,home,844
5449,S,2024-06-27,health,738
5450,N,2024-01-23,home,866
5451,E,2024-09-14,travel,1028
5452,S,2024-09-03,health,564
5453,N,2024-07-13,home,891
5454,E,2024-01-11,health,$717
5455,W,2024-10-03,auto,674
5456,S,2024-01-05,travel,907
5457,N,2024-01-09,auto,$672
5458,N,2024-03-14,health,472
5459,W,2024-04-26,health,588
5460,E,2024-02-07,auto,566
5461,N,2024-09-20,auto,691
5462,W,2024-11-11,auto,524
5463,N,2024-02-28,auto,473
5464,N,2024-10-20,health,829
5465,N,2024-03-15,health,$513
5466,E,2024-11-23,home,542
5467,N,2024-07-30,travel,553
5468,W,2024-04-26,health,634
5469,E,2024-02-20,auto,858
5470,N,2024-02-07,health,513
5471,E,2024-07-15,auto,$786
5472,E,2024-07-02,health,736
5473,W,2024-11-07,travel,732
5474,N,2024-02-12,auto,521
5475,W,2024-05-13,home,914
5476,S,2024-06-30,home,410
5477,E,2024-06-28,travel,775
5478,S,2024-11-19,travel,644
5479,N,2024-09-20,auto,367
5480,N,2024-03-03,health,545
5481,W,2024-09-26,health,642
5482,N,2024-07-09,home,718
5483,S,2024-09-09,auto,$810
5484,E,2024-01-28,home,703
5486,E,2024-11-12,health,579
5487,W,2024-06-09,travel,423
5488,N,2024-06-09,home,796
5489,E,2024-08-30,auto,528
5490,E,2024-09-28,health,758
5491,E,2024-05-26,travel,819
5492,W,2024-09-04,auto,729
5493,W,2024-09-04,home,764
5494,S,2024-09-12,auto,665
5495,S,2024-10-30,auto,815
5496,S,2024-01-08,travel,1118
5498,N,2024-07-14,travel,654
5499,E,2024-03-07,health,634
5500,E,2024-03-06,health,869
5501,E,2024-07-28,auto,693
5502,E,2024-07-08,travel,826
5503,N,2024-01-24,auto,755
5504,S,2024-05-17,home,425
5505,E,2024-08-20,home,593
5506,S,2024-08-25,travel,437
5507,N,2024-01-08,auto,895
5508,N,2024-10-20,travel,523
5509,W,2024-09-03,auto,706
5510,W,2024-08-19,health,881
5511,N,2024-04-05,travel,661
5512,N,2024-04-29,auto,683
5513,W,2024-01-05,health,627
5514,W,2024-07-15,travel,542
5515,E,2024-09-12,auto,561
5516,N,2024-08-05,travel,1015
5517,E,2024-11-23,travel,435
5518,S,2024-05-11,auto,587
5519,S,2024-08-21,home,793
5520,N,2024-10-23,health,662
5521,N,2024-08-25,health,839
5522,E,2024-09-19,home,801
5523,N,2024-01-21,home,865
5524,E,2024-08-31,auto,674
5525,E,2024-09-24,home,1084
5526,S,2024-02-12,travel,718
5527,E,2024-01-21,health,861
5528,E,2024-08-14,auto,468
5529,S,2024-06-30,health,628
5530,N,2024-01-19,auto,723
5531,N,2024-10-15,travel,624
5532,N,2024-03-03,auto,520
5533,S,2024-10-24,auto,422
5534,N,2024-08-29,home,680
5535,E,2024-10-02,health,USD 796
5536,N,2024-02-09,health,546
5537,W,2024-02-19,home,827
5538,E,2024-08-17,home,752
5539,N,2024-01-18,travel,453
5540,S,2024-06-11,travel,335
5541,S,2024-08-15,travel,532
5542,S,2024-10-26,home,527
5544,W,2024-02-27,home,931
5545,N,2024-06-30,health,607
5546,E,2024-04-25,auto,508
5547,E,2024-03-06,home,499
5548,S,2024-01-24,health,USD 796
5549,N,2024-11-09,auto,$344
5550,W,2024-09-05,travel,$845
5551,S,2024-07-21,travel,457
5552,S,2024-06-23,travel,570
5553,W,2024-09-02,travel,695
5554,N,2024-09-05,health,$638
5555,N,2024-01-02,travel,630
5556,N,2024-05-15,health,705
5557,W,2024-01-29,health,823
5558,N,2024-03-02,home,867
5559,W,2024-09-08,health,648
5560,W,2024-08-22,travel,484
5561,W,2024-09-13,auto,725
5562,N,2024-07-21,travel,$604
5563,N,2024-10-27,home,571
5564,E,2024-07-12,home,737
5565,E,2024-01-12,home,728
5566,S,2024-05-28,health,515
5567,N,2024-03-02,auto,591
5568,E,2024-03-10,home,717
5569,W,2024-07-20,home,682
5570,N,2024-02-13,auto,$460
5571,S,2024-10-03,health,1167
5572,W,2024-04-03,health,511
5573,E,2024-08-29,health,736
5574,N,2024-05-26,auto,760
5575,E,2024-10-08,travel,780
5577,N,2024-10-13,health,394
5578,W,2024-07-16,auto,656
5579,W,2024-09-11,travel,603
5580,E,2024-06-28,home,556
5582,W,2024-03-11,travel,649
5583,S,2024-03-09,travel,683
5584,N,2024-07-14,health,483
5585,W,2024-02-15,health,475
5587,N,2024-05-07,auto,725
5588,W,2024-06-04,travel,522
5589,N,2024-03-16,auto,656
5590,S,2024-06-09,health,$797
5591,S,2024-03-19,home,911
5593,N,2024-01-31,health,809
5594,N,2024-11-18,home,$989
5595,S,2024-05-09,travel,453
5596,S,2024-07-16,travel,694
5598,E,2024-09-01,auto,946
5599,N,2024-04-04,home,859
5600,W,2024-11-11,home,407
5601,W,2024-04-12,travel,700
5602,W,2024-02-13,home,593
5603,E,2024-05-06,auto,603
5604,E,2024-08-19,auto,569
5605,N,2024-06-14,auto,514
5606,N,2024-07-22,travel,713
5607,E,2024-06-10,auto,535
5608,W,2024-11-10,auto,585
5609,E,2024-06-30,home,449
5610,E,2024-05-24,auto,591
5611,S,2024-10-02,auto,713
5612,W,2024-05-06,travel,784
5613,W,2024-07-26,home,637
5614,E,2024-09-26,travel,711
5615,W,2024-08-28,travel,659
5616,N,2024-03-10,health,564
5617,S,2024-06-05,home,685
5618,E,2024-05-19,travel,518
5619,E,2024-01-23,auto,695
5620,N,2024-01-03,travel,698
5621,E,2024-11-09,auto,612
5622,E,2024-04-08,health,687
5623,N,2024-10-04,auto,765
5624,N,2024-05-25,home,639
5626,W,2024-06-09,travel,520
5627,N,2024-05-31,home,708
5628,S,2024-05-21,health,492
5629,N,2024-08-19,auto,494
5630,W,2024-04-06,health,623
5631,S,2024-02-06,travel,792
5632,W,2024-02-25,auto,960
5633,W,2024-10-09,auto,921
5634,E,2024-04-07,travel,525
5635,E,2024-09-06,health,822
5636,N,2024-02-07,auto,697
5637,E,2024-05-07,auto,547
5638,N,2024-04-19,travel,549
5639,N,2024-02-05,auto,724
5640,E,2024-11-22,home,541
5641,W,2024-02-18,health,513
5642,N,2024-06-17,auto,$672
5643,N,2024-08-03,auto,878
5644,N,2024-09-14,home,461
5645,E,2024-09-06,home,606
5646,S,2024-03-06,health,488
5647,S,2024-07-30,health,574
5648,E,2024-10-10,health,515
5649,W,2024-06-27,auto,394
5650,N,2024-10-13,auto,USD 569
5651,N,2024-09-28,home,969
5652,N,2024-04-02,travel,683
5653,W,2024-02-04,travel,799
5654,E,2024-09-27,travel,949
5656,N,2024-04-09,home,488
5657,N,2024-05-04,auto,963
5658,W,2024-03-20,auto,660
5659,N,2024-06-23,auto,569
5660,E,2024-05-09,travel,555
5661,W,2024-02-10,travel,370
5662,W,2024-04-12,travel,559
5663,S,2024-07-13,health,944
5664,W,2024-04-09,health,1088
5665,S,2024-02-09,travel,692
5666,N,2024-01-23,auto,653
5667,N,2024-10-27,home,795
5668,N,2024-04-15,home,602
5669,N,2024-04-24,home,650
5670,E,2024-02-24,travel,711
5671,E,2024-02-19,health,817
5672,N,2024-03-26,home,588
5673,E,2024-08-28,health,782
5674,S,2024-01-30,health,548
5675,W,2024-06-11,home,650
5676,N,2024-04-17,auto,746
5677,W,2024-02-28,health,740
5678,E,2024-01-30,home,931
5679,S,2024-02-16,home,465
5680,N,2024-04-11,health,439
5681,W,2024-08-15,travel,813
5682,E,2024-11-24,auto,706
5683,E,2024-05-04,health,560
5685,S,2024-04-20,health,739
5686,N,2024-03-07,auto,577
5687,E,2024-07-06,travel,690
5688,N,2024-01-22,health,716
5689,E,2024-03-30,auto,428
5690,S,2024-08-20,auto,$890
5691,S,2024-02-29,home,658
5692,W,2024-07-25,health,782
5693,E,2024-07-24,auto,475
5694,E,2024-08-30,health,463
5695,S,2024-04-07,home,738
5696,W,2024-11-05,travel,797
5697,E,2024-10-26,home,375
5698,W,2024-03-20,health,875
5699,E,2024-08-25,auto,954
5700,W,2024-07-29,home,643
5701,E,2024-05-10,home,518
5702,W,2024-10-27,travel,435
5703,E,2024-09-21,home,704
5704,N,2024-05-27,health,655
5706,E,2024-01-19,travel,516
5707,E,2024-02-02,home,432
5709,N,2024-01-10,home,723
5710,N,2024-08-23,travel,712
5711,W,2024-05-05,home,627
5712,N,2024-09-15,auto,643
5713,S,2024-03-06,health,541
5716,W,2024-03-26,travel,$846
5717,E,2024-07-22,home,576
5718,E,2024-02-18,health,USD 705
5719,E,2024-11-07,auto,1045
5720,S,2024-09-05,travel,788
5721,E,2024-07-02,home,801
5722,S,2024-09-17,home,656
5723,E,2024-03-14,health,604
5724,N,2024-01-19,home,678
5725,N,2024-10-01,health,$599
5726,N,2024-06-11,travel,638
5727,S,2024-10-08,travel,540
5728,S,2024-09-18,auto,701
5729,S,2024-08-19,auto,517
5730,S,2024-04-25,auto,620
5731,E,2024-02-25,travel,484
5732,N,2024-03-24,auto,727
5733,E,2024-02-14,home,898
5734,E,2024-10-16,home,500
5735,W,2024-01-29,home,547
5736,N,2024-09-17,home,580
5737,N,2024-01-12,health,557
5738,E,2024-05-11,travel,817
5739,W,2024-03-14,home,423
5740,N,2024-09-01,auto,509
5741,S,2024-11-05,travel,690
5742,S,2024-04-10,home,731
5743,S,2024-03-19,health,$580
5744,W,2024-09-19,home,669
5745,N,2024-09-11,health,776
5746,N,2024-08-15,travel,623
5747,W,2024-10-15,home,676
5748,N,2024-01-28,health,575
5749,W,2024-09-02,travel,515
5750,W,2024-08-12,home,429
5751,W,2024-06-04,travel,821
5752,S,2024-04-21,auto,792
5753,E,2024-07-14,travel,638
5754,N,2024-08-03,health,690
5756,S,2024-06-16,auto,552
5757,N,2024-09-01,home,690
5758,E,2024-07-28,auto,663
5759,W,2024-02-12,auto,505
5760,E,2024-03-02,travel,USD 664
5762,S,2024-04-05,travel,472
5763,E,2024-09-27,home,590
5764,E,2024-07-19,travel,924
5765,S,2024-04-23,home,569
5766,N,2024-10-29,auto,992
5767,W,2024-08-31,auto,774
5768,E,2024-08-01,auto,650
5769,S,2024-04-26,travel,622
5770,S,2024-06-01,home,660
5771,E,2024-01-18,home,598
5772,S,2024-09-27,auto,732
5773,W,2024-03-09,health,899
5774,E,2024-06-25,travel,657
5775,N,2024-06-05,health,677
5776,S,2024-02-25,auto,530
5777,E,2024-01-23,travel,551
5779,N,2024-06-13,travel,558
5780,W,2024-07-06,home,489
5782,E,2024-09-09,auto,490
5783,N,2024-07-02,travel,631
5784,W,2024-09-17,auto,652
5786,N,2024-02-10,home,693
5787,E,2024-09-26,home,676
5788,E,2024-06-22,health,438
5789,N,2024-07-01,travel,786
5790,W,2024-04-22,home,997
5791,S,2024-04-02,travel,762
5792,E,2024-09-21,home,412
5794,E,2024-04-26,auto,849
5796,N,2024-11-13,auto,731
5797,W,2024-01-18,auto,649
5798,W,2024-05-19,home,599
5799,W,2024-11-13,travel,499
5800,S,2024-08-13,health,481
5801,E,2024-02-17,health,630
5802,N,2024-07-27,home,619
5803,S,2024-01-25,auto,$931
5804,W,2024-06-27,health,912
5805,E,2024-04-14,health,993
5806,S,2024-02-17,travel,617
5807,N,2024-06-10,home,632
5808,N,2024-10-22,home,723
5809,N,2024-05-07,home,447
5810,E,2024-11-08,home,720
5811,E,2024-01-13,auto,893
5812,W,2024-03-11,auto,581
5813,W,2024-09-10,health,957
5814,W,2024-05-27,auto,631
5815,E,2024-03-25,travel,583
5816,N,2024-04-04,home,493
5817,E,2024-07-24,travel,$713
5818,W,2024-04-17,health,705
5819,N,2024-05-30,travel,768
5820,S,2024-02-27,travel,551
5821,E,2024-10-23,travel,878
5822,N,2024-06-21,auto,611
5823,E,2024-08-19,auto,$962
5824,N,2024-03-06,home,537
5825,S,2024-04-06,auto,922
5826,S,2024-03-20,home,664
5827,E,2024-10-01,travel,645
5828,N,2024-11-10,auto,806
5829,W,2024-03-31,health,755
5830,W,2024-11-13,auto,525
5831,S,2024-05-26,health,766
5832,N,2024-04-05,health,530
5833,W,2024-01-27,travel,525
5834,S,2024-05-16,home,691
5835,W,2024-10-28,health,861
5836,S,2024-04-18,health,$569
5837,E,2024-08-23,home,896
5838,E,2024-07-20,home,USD 836
5839,S,2024-04-30,home,583
5840,N,2024-06-02,home,600
5841,N,2024-11-03,home,785
5843,S,2024-08-20,health,894
5844,S,2024-09-02,home,522
5845,N,2024-09-17,health,USD 770
5846,E,2024-05-27,health,561
5847,S,2024-10-25,travel,694
5848,W,2024-04-22,travel,$591
5849,N,2024-03-05,home,421
5850,N,2024-10-09,health,371
5851,E,2024-11-09,travel,418
5852,E,2024-09-13,auto,486
5853,N,2024-10-19,auto,525
5854,N,2024-11-10,auto,682
5855,E,2024-11-22,home,706
5856,E,2024-10-02,health,691
5857,W,2024-11-24,home,591
5858,E,2024-09-12,auto,610
5860,N,2024-04-27,home,410
5861,S,2024-04-17,home,$600
5862,E,2024-08-19,health,600
5863,E,2024-08-23,travel,577
5866,W,2024-08-16,auto,714
5867,N,2024-08-04,health,1078
5868,S,2024-01-22,health,USD 522
5869,W,2024-03-20,auto,443
5870,W,2024-04-03,auto,548
5871,E,2024-04-03,auto,485
5872,W,2024-09-30,home,473
5873,N,2024-09-25,auto,701
5874,S,2024-07-15,home,768
5875,N,2024-07-26,auto,629
5876,S,2024-11-21,home,777
5877,N,2024-01-21,health,496
5878,N,2024-08-25,home,665
5879,S,2024-06-08,health,541
5880,E,2024-10-12,auto,654
5881,N,2024-08-31,health,560
5883,W,2024-03-30,home,970
5884,E,2024-06-20,auto,651
5885,E,2024-05-08,health,561
5886,N,2024-06-17,auto,630
5887,E,2024-09-20,travel,601
5888,N,2024-05-08,travel,701
5889,W,2024-03-01,auto,615
5890,W,2024-10-29,home,1001
5891,S,2024-09-16,auto,952
5892,E,2024-03-17,home,642
5893,W,2024-09-20,travel,773
5894,E,2024-08-02,travel,757
5895,E,2024-06-18,travel,684
5896,E,2024-02-01,travel,880
5897,N,2024-04-13,health,1129
5898,S,2024-09-25,home,693
5899,W,2024-04-20,auto,602
5900,S,2024-06-01,health,954
5901,W,2024-03-14,travel,478
5902,S,2024-08-24,health,668
5903,S,2024-01-31,auto,638
5904,N,2024-05-29,health,815
5905,N,2024-02-05,home,775
5906,N,2024-11-24,auto,727
5907,E,2024-08-06,travel,897
5908,S,2024-09-28,health,$706
5909,W,2024-11-24,home,556
5910,N,2024-01-09,home,672
5911,S,2024-02-17,auto,517
5912,N,2024-08-12,health,871
5913,N,2024-01-15,auto,513
5914,W,2024-08-20,auto,553
5915,E,2024-05-15,home,USD 492
5916,N,2024-09-19,auto,736
5917,W,2024-03-21,auto,603
5918,S,2024-02-01,auto,903
5919,N,2024-02-19,travel,496
5920,S,2024-06-13,travel,692
5921,E,2024-08-01,home,853
5922,S,2024-11-15,travel,1035
5923,S,2024-10-23,travel,506
5924,N,2024-01-18,travel,568
5925,N,2024-10-22,auto,928
5927,E,2024-06-07,travel,USD 1021
5928,W,2024-02-22,auto,1099
5929,W,2024-04-09,health,695
5930,E,2024-11-15,auto,697
5931,W,2024-10-13,auto,888
5932,N,2024-01-23,home,714
5933,E,2024-06-25,auto,694
5934,S,2024-05-25,home,632
5935,N,2024-04-21,home,855
5936,E,2024-02-09,health,714
5937,E,2024-09-18,auto,558
5938,S,2024-01-17,home,772
5939,E,2024-08-19,home,938
5940,W,2024-10-10,auto,605
5941,E,2024-11-19,health,636
5942,E,2024-08-17,home,799
5943,N,2024-06-01,home,716
5944,E,2024-01-09,auto,695
5945,E,2024-08-21,health,719
5946,W,2024-06-03,home,866
5947,W,2024-09-30,travel,455
5948,E,2024-07-09,travel,$690
5949,E,2024-04-04,health,744
5950,S,2024-08-10,health,1071
5951,E,2024-01-08,health,1167
5952,E,2024-08-13,health,828
5953,E,2024-02-08,health,750
5954,W,2024-06-16,home,898
5955,E,2024-10-03,auto,800
5956,E,2024-08-04,health,507
5957,W,2024-05-20,auto,477
5958,E,2024-05-13,auto,474
5959,N,2024-01-30,travel,422
5960,N,2024-03-25,travel,718
5961,W,2024-06-23,home,USD 436
5962,W,2024-06-18,home,722
5963,N,2024-06-21,travel,$803
5964,E,2024-09-28,auto,813
5965,W,2024-06-07,home,652
5966,W,2024-09-03,health,594
5967,S,2024-01-03,health,685
5968,S,2024-04-17,health,823
5969,N,2024-06-07,health,USD 799
5970,W,2024-07-31,auto,794
5971,N,2024-07-08,travel,784
5972,E,2024-05-06,home,812
5973,E,2024-10-13,health,582
5974,S,2024-05-10,auto,683
5975,W,2024-05-03,home,474
5976,S,2024-03-24,home,558
5977,N,2024-02-09,health,$594
5978,N,2024-09-30,health,485
5979,W,2024-08-21,auto,640
5980,E,2024-10-02,auto,413
5981,N,2024-10-12,travel,587
5982,W,2024-05-15,health,532
5983,S,2024-01-05,travel,USD 726
5984,E,2024-08-07,home,497
5985,S,2024-10-08,auto,565
5986,N,2024-06-07,auto,676
5987,W,2024-03-13,travel,531
5988,W,2024-08-27,home,498
5989,W,2024-05-25,health,462
5990,N,2024-09-27,auto,636
5991,N,2024-03-12,home,880
5992,S,2024-02-14,auto,622
5993,S,2024-09-08,home,637
5994,W,2024-04-21,home,539
5995,E,2024-05-21,health,680
5996,N,2024-04-07,auto,675
5997,S,2024-08-08,health,$577
5998,E,2024-04-12,home,696
5999,E,2024-03-20,health,741
6000,S,2024-07-02,health,582
6001,N,2024-06-08,travel,830
6002,W,2024-01-07,travel,596
6003,E,2024-08-09,auto,730
6004,S,2024-02-09,home,491
6005,N,2024-04-13,auto,592
6006,E,2024-04-28,auto,572
6007,E,2024-01-08,home,660
6008,E,2024-09-16,auto,$559
6009,W,2024-05-22,home,525
6010,N,2024-03-24,home,674
6011,N,2024-09-07,auto,$802
6012,W,2024-11-22,travel,441
6013,E,2024-05-01,health,"$1,223"
6014,S,2024-02-16,travel,1023
6015,S,2024-04-23,travel,554
6016,S,2024-04-28,travel,826
6017,E,2024-01-13,home,634
6018,S,2024-04-25,health,USD 918
6019,N,2024-07-31,travel,664
6020,S,2024-05-22,health,503
6021,N,2024-09-05,auto,490
6022,E,2024-02-03,auto,485
6023,W,2024-10-29,auto,556
6025,E,2024-03-10,travel,745
6026,N,2024-06-17,health,728
6027,W,2024-09-23,travel,633
6028,E,2024-03-10,health,712
6029,W,2024-06-16,home,864
6030,W,2024-07-07,travel,593
6031,E,2024-04-24,travel,559
6032,N,2024-05-20,home,448
6033,S,2024-02-10,health,645
6034,W,2024-02-27,auto,539
6036,W,2024-04-21,travel,815
6037,E,2024-11-02,travel,842
6038,N,2024-02-06,home,494
6039,W,2024-06-10,home,471
6040,S,2024-11-03,home,517
6041,N,2024-06-05,auto,726
6042,N,2024-04-11,health,769
6043,N,2024-04-29,health,609
6044,N,2024-05-25,auto,602
6045,E,2024-06-28,health,779
6046,E,2024-05-07,health,609
6047,S,2024-03-14,home,626
6048,E,2024-11-17,travel,454
6049,N,2024-08-10,travel,598
6050,N,2024-03-21,home,761
6051,S,2024-06-30,travel,489
6052,W,2024-04-21,auto,719
6053,N,2024-06-02,travel,992
6054,N,2024-09-08,health,631
6055,W,2024-09-15,travel,983
6056,E,2024-01-10,health,596
6057,E,2024-04-01,home,646
6058,E,2024-11-01,health,595
6059,N,2024-05-30,health,737
6060,E,2024-11-04,travel,703
6061,N,2024-07-05,health,563
6062,N,2024-04-18,home,770
6063,N,2024-08-09,health,542
6064,W,2024-03-18,auto,852
6065,E,2024-08-23,health,741
6066,E,2024-08-12,travel,885
6067,S,2024-07-06,travel,875
6068,E,2024-11-11,travel,700
6069,N,2024-11-13,home,836
6070,N,2024-10-09,travel,477
6071,S,2024-02-06,home,917
6072,S,2024-01-06,auto,499
6073,N,2024-09-11,health,581
6074,E,2024-04-29,travel,762
6075,N,2024-04-12,auto,635
6076,N,2024-02-25,health,574
6077,S,2024-10-15,auto,666
6078,W,2024-05-23,auto,517
6079,N,2024-04-02,home,629
6080,W,2024-04-21,auto,688
6082,E,2024-07-28,home,531
6083,E,2024-01-19,health,653
6084,E,2024-02-17,travel,798
6085,N,2024-02-02,auto,682
6086,N,2024-07-25,home,510
6087,S,2024-11-04,travel,469
6088,S,2024-07-18,home,665
6089,S,2024-03-18,health,486
6090,W,2024-10-23,health,595
6091,S,2024-01-15,home,387
6092,W,2024-01-12,auto,669
6093,E,2024-10-14,auto,656
6094,E,2024-07-13,travel,557
6095,W,2024-09-05,home,759
6096,N,2024-11-17,auto,$569
6097,E,2024-06-15,home,830
6098,E,2024-10-26,health,657
6099,N,2024-09-08,health,USD 627
6100,N,2024-06-02,auto,USD 882
6101,S,2024-01-19,home,565
6102,E,2024-02-18,travel,645
6103,N,2024-10-16,home,1008
6104,N,2024-11-07,health,543
6105,S,2024-08-24,health,697
6106,S,2024-08-31,auto,582
6107,W,2024-03-20,health,603
6108,W,2024-01-17,travel,873
6109,E,2024-04-23,home,465
6110,W,2024-02-20,travel,912
6111,S,2024-06-26,home,797
6112,N,2024-08-22,home,737
6113,W,2024-08-17,travel,678
6114,N,2024-07-10,travel,1146
6115,N,2024-04-11,auto,472
6116,N,2024-01-11,auto,737
6117,N,2024-01-17,auto,888
6118,W,2024-04-05,health,884
6119,W,2024-04-22,auto,744
6120,N,2024-02-01,home,943
6121,W,2024-10-24,auto,556
6122,S,2024-04-07,health,994
6123,S,2024-04-15,travel,497
6124,E,2024-05-01,health,$733
6125,E,2024-07-23,auto,641
6126,N,2024-01-04,auto,511
6127,W,2024-09-25,auto,532
6128,N,2024-08-19,health,790
6129,N,2024-06-03,home,$462
6130,N,2024-03-20,health,604
6131,N,2024-04-02,travel,684
6132,S,2024-04-23,home,795
6133,E,2024-07-21,health,511
6134,E,2024-02-28,home,490
6135,S,2024-01-27,health,516
6136,S,2024-11-05,health,731
6137,N,2024-02-10,health,812
6138,S,2024-09-16,home,822
6139,E,2024-08-21,health,696
6140,W,2024-02-04,travel,804
6141,N,2024-01-02,travel,482
6142,N,2024-07-01,health,$676
6143,N,2024-09-09,home,619
6144,E,2024-04-22,health,555
6145,S,2024-06-30,travel,522
6146,N,2024-03-04,health,774
6147,S,2024-05-12,home,658
6148,N,2024-02-16,home,596
6149,W,2024-09-09,travel,726
6150,N,2024-08-20,home,734
6151,N,2024-08-30,home,776
6152,N,2024-01-21,auto,513
6153,N,2024-03-18,auto,457
6154,E,2024-10-05,travel,811
6155,N,2024-01-18,auto,1100
6157,E,2024-07-31,home,473
6158,E,2024-04-16,health,794
6159,E,2024-11-06,travel,620
6160,N,2024-10-06,travel,USD 697
6161,E,2024-02-26,auto,1012
6162,S,2024-01-20,auto,687
6163,N,2024-08-11,auto,665
6164,E,2024-01-14,health,USD 736
6165,E,2024-08-20,auto,$673
6166,S,2024-02-29,home,1032
6167,N,2024-03-20,health,1163
6168,S,2024-01-02,health,517
6169,W,2024-09-28,health,676
6170,S,2024-11-26,home,630
6172,S,2024-04-25,travel,770
6173,W,2024-10-03,health,930
6174,N,2024-03-14,auto,618
6176,N,2024-05-16,health,870
6177,E,2024-02-11,auto,510
6178,N,2024-06-22,travel,685
6179,S,2024-04-04,auto,527
6180,S,2024-09-27,auto,539
6181,E,2024-02-26,travel,778
6182,W,2024-06-08,auto,583
6183,E,2024-09-14,auto,584
6184,E,2024-08-24,home,541
6185,N,2024-06-22,travel,499
6186,N,2024-06-13,auto,572
6187,S,2024-09-09,travel,USD 539
6188,S,2024-05-16,home,393
6189,W,2024-11-03,health,820
6190,W,2024-09-25,travel,659
6191,E,2024-01-16,health,707
6192,W,2024-06-01,auto,737
6193,E,2024-05-01,health,518
6194,S,2024-04-08,auto,680
6195,N,2024-09-11,auto,838
6196,E,2024-02-19,home,454
6197,E,2024-06-30,auto,711
6198,E,2024-09-20,health,618
6199,N,2024-06-08,home,761
6200,N,2024-01-13,health,566
6202,S,2024-09-05,travel,1002
6203,W,2024-01-03,auto,USD 708
6204,W,2024-04-14,auto,1245
6205,E,2024-04-12,health,$755
6206,W,2024-09-10,health,664
6207,W,2024-01-18,health,853
6208,W,2024-10-12,health,514
6209,E,2024-09-16,travel,655
6210,N,2024-08-02,travel,993
6211,N,2024-08-30,travel,621
6212,S,2024-09-03,travel,738
6213,E,2024-05-06,health,585
6214,N,2024-10-31,auto,689
6215,E,2024-01-07,auto,635
6216,N,2024-07-11,health,1329
6217,E,2024-05-08,auto,710
6218,N,2024-05-14,health,758
6219,W,2024-08-02,health,537
6220,N,2024-07-13,home,712
6221,N,2024-02-24,home,769
6222,E,2024-04-13,auto,$678
6223,W,2024-01-28,home,914
6224,S,2024-04-15,travel,663
6225,N,2024-10-19,auto,620
6226,S,2024-06-04,health,451
6227,S,2024-11-10,health,519
6228,S,2024-11-13,home,765
6229,W,2024-06-10,health,546
6230,W,2024-08-25,home,552
6231,W,2024-04-03,auto,364
6233,S,2024-04-27,home,652
6234,S,2024-04-12,home,591
6235,W,2024-04-27,auto,623
6236,S,2024-09-21,home,668
6237,E,2024-04-11,auto,556
6238,E,2024-02-23,auto,572
6239,S,2024-06-08,health,730
6240,N,2024-08-18,health,382
6241,W,2024-10-10,health,$689
6242,N,2024-11-22,health,869
6243,W,2024-11-17,auto,794
6244,W,2024-11-26,home,584
6245,W,2024-07-16,travel,587
6246,W,2024-03-07,health,536
6247,N,2024-04-08,home,$670
6248,E,2024-02-15,home,551
6249,E,2024-11-23,auto,717
6251,W,2024-06-14,travel,740
6252,S,2024-02-08,auto,538
6253,E,2024-02-14,health,773
6255,S,2024-03-21,health,794
6256,W,2024-01-26,travel,892
6257,W,2024-09-13,health,440
6258,W,2024-08-18,travel,741
6259,E,2024-10-05,auto,598
6260,S,2024-04-10,home,543
6261,E,2024-04-05,auto,570
6262,E,2024-08-16,travel,589
6263,E,2024-03-22,auto,495
6264,S,2024-03-14,travel,628
6265,E,2024-08-20,home,958
6266,E,2024-05-10,home,775
6267,S,2024-01-18,home,463
6268,N,2024-05-12,travel,941
6269,S,2024-08-11,health,522
6270,E,2024-06-09,health,722
6272,E,2024-05-04,health,624
6273,E,2024-02-24,health,684
6274,E,2024-09-29,travel,733
6275,S,2024-11-12,home,800
6276,W,2024-03-11,auto,999
6277,W,2024-06-16,home,777
6278,E,2024-05-30,home,569
6279,E,2024-06-02,auto,897
6280,W,2024-02-04,auto,836
6281,E,2024-04-20,auto,USD 697
6282,W,2024-09-11,health,443
6283,N,2024-01-16,travel,777
6284,W,2024-03-15,travel,656
6285,W,2024-03-22,home,762
6286,W,2024-06-08,health,783
6287,E,2024-04-18,travel,526
6288,W,2024-10-09,auto,891
6289,E,2024-06-24,travel,794
6290,W,2024-01-03,auto,573
6291,E,2024-11-17,home,788
6292,N,2024-01-13,auto,620
6294,N,2024-06-22,auto,$620
6295,W,2024-10-29,travel,537
6296,N,2024-07-15,home,388
6297,E,2024-08-12,home,671
6298,E,2024-11-20,home,572
6299,N,2024-04-25,home,669
6300,W,2024-02-01,health,681
6301,N,2024-05-27,auto,798
6302,S,2024-01-28,auto,$459
6303,W,2024-09-04,health,445
6304,E,2024-10-20,home,$505
6305,N,2024-05-05,travel,877
6306,W,2024-04-13,health,1303
6307,E,2024-10-04,home,404
6308,E,2024-01-27,home,469
6309,E,2024-02-01,health,503
6310,E,2024-10-27,auto,347
6311,E,2024-07-23,travel,$690
6312,S,2024-07-01,auto,581
6313,S,2024-09-09,travel,677
6314,E,2024-06-26,home,$839
6315,E,2024-08-10,travel,602
6316,E,2024-11-24,health,426
6317,E,2024-02-08,travel,1026
6318,E,2024-05-31,health,741
6319,E,2024-10-29,health,529
6320,E,2024-01-29,auto,568
6321,N,2024-02-01,travel,574
6322,E,2024-11-03,auto,575
6323,S,2024-05-04,travel,743
6324,S,2024-06-14,home,598
6325,N,2024-08-22,health,534
6326,E,2024-04-22,travel,573
6328,S,2024-07-07,home,716
6329,W,2024-06-23,travel,668
6330,S,2024-01-27,home,903
6331,N,2024-04-28,home,721
6332,N,2024-03-19,health,804
6333,E,2024-01-24,auto,663
6334,S,2024-02-15,travel,$622
6335,E,2024-05-17,auto,943
6336,W,2024-07-29,auto,881
6337,E,2024-08-14,travel,496
6338,W,2024-04-03,health,1104
6339,E,2024-01-04,travel,504
6340,W,2024-07-26,health,911
6341,E,2024-08-19,home,1245
6342,W,2024-06-30,travel,512
6343,N,2024-06-20,auto,621
6344,E,2024-06-29,health,847
6345,N,2024-01-11,auto,618
6346,S,2024-01-20,health,827
6347,W,2024-10-21,travel,439
6348,E,2024-09-19,home,487
6349,E,2024-02-26,travel,700
6350,S,2024-01-04,home,818
6351,N,2024-08-05,home,781
6352,E,2024-10-12,health,948
6353,S,2024-03-01,home,614
6354,N,2024-08-13,home,695
6355,W,2024-11-02,home,455
6356,S,2024-04-14,home,453
6357,E,2024-08-26,home,506
6358,W,2024-05-20,home,1143
6359,W,2024-05-06,auto,984
6360,E,2024-09-21,auto,1121
6361,S,2024-01-03,home,514
6362,E,2024-08-10,auto,803
6363,E,2024-04-06,home,536
6364,W,2024-01-11,travel,1212
6365,N,2024-10-06,health,905
6366,E,2024-11-04,home,631
6367,W,2024-06-13,auto,652
6368,W,2024-09-26,auto,854
6369,N,2024-07-22,home,570
6370,E,2024-09-21,travel,472
6371,N,2024-05-18,home,461
6372,E,2024-01-07,auto,631
6373,S,2024-04-02,home,1042
6374,W,2024-11-04,auto,459
6375,N,2024-01-18,health,878
6376,W,2024-07-21,health,568
6377,W,2024-05-03,travel,594
6378,S,2024-01-27,travel,574
6379,E,2024-11-19,auto,614
6381,W,2024-01-05,health,668
6382,S,2024-01-23,home,660
6383,N,2024-04-25,auto,$568
6384,S,2024-02-20,auto,668
6385,W,2024-10-22,auto,614
6386,N,2024-09-19,health,536
6387,N,2024-10-24,home,813
6388,W,2024-05-14,auto,770
6389,S,2024-04-04,health,1021
6390,W,2024-03-18,health,$846
6391,N,2024-11-06,health,683
6393,S,2024-01-13,health,665
6394,N,2024-05-29,travel,1044
6395,N,2024-04-28,health,684
6396,N,2024-03-12,health,450
6398,N,2024-07-10,travel,651
6399,E,2024-07-26,health,$801
6400,N,2024-06-29,auto,702
6401,W,2024-11-03,health,796
6402,E,2024-10-01,travel,707
6403,E,2024-09-16,auto,522
6404,S,2024-02-14,health,856
6405,S,2024-08-03,health,738
6406,S,2024-02-09,health,843
6407,S,2024-03-21,auto,546
6408,E,2024-10-12,home,551
6409,W,2024-07-14,auto,628
6410,W,2024-10-17,auto,559
6411,W,2024-07-27,health,821
6412,S,2024-10-25,home,692
6413,E,2024-07-27,health,$450
6414,E,2024-09-20,health,712
6415,W,2024-09-02,health,$719
6416,S,2024-01-21,health,734
6417,S,2024-10-14,travel,USD 412
6418,E,2024-10-03,health,710
6419,W,2024-08-27,travel,541
6420,E,2024-05-08,home,826
6421,S,2024-10-06,travel,709
6422,W,2024-05-14,auto,729
6423,E,2024-01-04,health,$623
6424,E,2024-02-13,home,987
6425,S,2024-01-29,auto,1191
6426,W,2024-06-09,health,550
6427,W,2024-07-30,home,605
6428,W,2024-01-14,auto,566
6429,W,2024-10-18,health,USD 569
6430,W,2024-08-03,travel,568
6431,W,2024-09-25,auto,522
6432,S,2024-06-12,travel,515
6433,N,2024-04-09,auto,608
6434,W,2024-02-16,travel,621
6435,N,2024-02-15,auto,534
6436,N,2024-07-21,home,939
6437,S,2024-02-01,health,635
6438,N,2024-05-27,health,661
6439,E,2024-11-25,auto,687
6440,W,2024-09-10,travel,1036
6441,E,2024-09-11,health,753
6442,N,2024-04-19,travel,751
6443,S,2024-06-21,auto,633
6444,W,2024-07-19,travel,827
6445,S,2024-07-15,home,629
6446,W,2024-01-02,health,560
6447,E,2024-03-09,health,837
6448,N,2024-02-15,travel,470
6449,E,2024-01-24,travel,730
6450,N,2024-09-26,auto,656
6451,W,2024-06-15,health,666
6452,N,2024-03-13,travel,611
6453,E,2024-05-23,auto,545
6454,N,2024-03-21,auto,912
6455,N,2024-05-20,auto,719
6456,E,2024-04-13,auto,780
6457,N,2024-06-04,auto,708
6458,N,2024-03-04,home,450
6459,W,2024-09-23,home,617
6460,N,2024-09-20,health,412
6461,E,2024-08-30,travel,590
6462,E,2024-01-05,health,513
6463,E,2024-05-20,travel,484
6464,N,2024-06-16,home,819
6465,N,2024-08-31,travel,758
6466,W,2024-06-22,travel,1048
6467,N,2024-01-07,home,525
6468,E,2024-08-28,health,604
6469,E,2024-11-07,auto,643
6470,E,2024-11-22,travel,530
6471,E,2024-04-02,health,706
6472,E,2024-03-07,auto,786
6473,S,2024-09-08,home,674
6474,N,2024-01-29,home,484
6475,W,2024-02-11,travel,786
6476,N,2024-07-18,auto,861
6477,E,2024-03-09,health,783
6478,N,2024-10-31,health,670
6479,S,2024-03-23,travel,569
6480,N,2024-01-08,auto,627
6481,E,2024-09-08,health,799
6483,N,2024-08-21,home,667
6484,S,2024-06-13,travel,811
6485,S,2024-01-25,auto,584
6486,S,2024-06-10,auto,690
6487,N,2024-05-29,home,USD 670
6489,W,2024-07-03,auto,795
6490,S,2024-11-14,home,577
6491,W,2024-03-25,travel,684
6492,W,2024-08-26,home,508
6493,N,2024-08-31,health,651
6494,N,2024-05-18,home,713
6495,E,2024-03-11,travel,886
6496,W,2024-03-28,auto,522
6497,E,2024-02-12,auto,547
6498,S,2024-09-15,travel,679
6499,W,2024-01-25,health,638
6500,E,2024-04-25,travel,955
6501,S,2024-03-08,home,$553
6502,N,2024-07-26,auto,593
6503,W,2024-07-08,home,625
6504,W,2024-05-24,travel,502
6505,E,2024-08-02,travel,830
6506,S,2024-03-31,home,$708
6507,E,2024-08-25,home,518
6508,E,2024-06-05,travel,576
6510,S,2024-04-03,travel,875
6511,E,2024-05-13,home,814
6512,N,2024-10-30,travel,559
6513,N,2024-03-13,home,615
6514,N,2024-07-24,home,578
6515,E,2024-06-27,home,588
6516,N,2024-09-02,health,702
6517,W,2024-08-06,home,974
6518,E,2024-09-12,travel,621
6519,E,2024-01-17,travel,417
6520,W,2024-05-24,health,$628
6521,E,2024-05-25,health,612
6522,N,2024-08-31,health,533
6523,N,2024-10-15,travel,494
6524,S,2024-01-05,home,582
6525,W,2024-09-08,auto,516
6526,W,2024-01-08,auto,USD 477
6527,S,2024-11-13,auto,597
6528,W,2024-06-26,home,573
6529,W,2024-10-08,auto,622
6530,E,2024-11-03,auto,495
6531,S,2024-05-06,home,491
6532,S,2024-10-30,travel,636
6533,S,2024-10-16,travel,1021
6534,W,2024-07-02,auto,543
6535,N,2024-04-06,auto,545
6536,W,2024-08-17,health,411
6537,E,2024-07-30,auto,777
6538,N,2024-09-26,home,732
6539,W,2024-05-24,travel,821
6540,E,2024-04-08,travel,584
6541,W,2024-02-06,health,1041
6542,S,2024-03-05,travel,625
6543,S,2024-05-20,home,575
6544,E,2024-06-30,travel,469
6545,W,2024-09-14,health,556
6546,W,2024-08-21,travel,745
6547,S,2024-06-25,travel,694
6548,E,2024-07-24,travel,$487
6549,E,2024-04-17,travel,679
6550,N,2024-03-01,health,597
6551,W,2024-05-02,home,523
6552,E,2024-06-19,travel,488
6553,S,2024-09-14,home,478
6554,S,2024-07-17,home,1051
6555,E,2024-08-18,home,442
6556,W,2024-06-09,home,734
6557,N,2024-10-29,travel,649
6558,W,2024-06-15,travel,616
6559,W,2024-02-07,auto,1082
6560,E,2024-07-26,health,550
6561,E,2024-11-19,travel,493
6562,E,2024-05-31,home,440
6563,W,2024-04-27,auto,649
6564,S,2024-10-28,travel,$823
6565,E,2024-05-23,auto,924
6566,E,2024-10-24,travel,$511
6567,E,2024-02-15,health,381
6568,W,2024-10-21,auto,592
6569,N,2024-08-09,auto,752
6570,E,2024-05-27,auto,741
6571,N,2024-05-12,home,705
6572,W,2024-09-05,auto,505
6573,N,2024-07-21,auto,647
6575,W,2024-06-29,home,618
6576,W,2024-02-16,travel,1041
6577,E,2024-06-07,health,1010
6578,W,2024-06-28,health,614
6579,N,2024-09-18,home,588
6580,E,2024-06-04,home,752
6581,S,2024-01-03,home,791
6582,N,2024-05-21,auto,USD 603
6584,E,2024-02-27,auto,541
6585,N,2024-05-25,home,754
6586,N,2024-09-16,travel,613
6587,W,2024-01-22,travel,544
6588,W,2024-08-19,health,591
6589,W,2024-06-28,health,513
6590,N,2024-09-26,auto,$878
6591,S,2024-02-10,auto,601
6592,S,2024-06-18,home,535
6593,E,2024-07-15,health,859
6595,N,2024-04-21,travel,$622
6596,N,2024-01-29,travel,581
6597,W,2024-05-09,health,593
6598,S,2024-09-23,auto,757
6599,E,2024-02-14,home,793
6600,W,2024-06-04,auto,681
6601,N,2024-08-20,home,840
6602,S,2024-06-24,travel,991
6603,W,2024-10-04,auto,495
6604,E,2024-03-28,home,$863
6605,W,2024-07-23,health,935
6606,S,2024-01-26,home,908
6607,E,2024-03-14,travel,711
6609,W,2024-09-03,auto,479
6610,S,2024-10-24,health,710
6611,N,2024-08-08,auto,696
6612,E,2024-10-24,travel,792
6613,S,2024-07-24,auto,548
6614,N,2024-01-27,health,1020
6615,E,2024-09-10,health,593
6616,S,2024-02-22,health,577
6617,W,2024-02-21,travel,795
6619,E,2024-02-23,travel,537
6620,E,2024-01-03,home,476
6621,W,2024-02-20,travel,986
6622,E,2024-07-18,travel,884
6623,E,2024-11-26,travel,626
6624,W,2024-03-17,health,519
6625,E,2024-04-28,home,748
6626,E,2024-09-29,health,632
6627,E,2024-01-04,auto,877
6628,S,2024-01-29,travel,525
6629,N,2024-02-24,travel,501
6631,S,2024-09-09,home,664
6632,N,2024-06-21,home,551
6633,W,2024-06-09,auto,395
6634,N,2024-10-14,travel,460
6635,E,2024-05-25,travel,912
6636,S,2024-08-11,home,830
6637,S,2024-08-10,health,659
6639,W,2024-01-07,auto,420
6640,N,2024-11-26,auto,532
6641,N,2024-11-16,travel,1079
6642,E,2024-03-24,health,743
6643,S,2024-09-05,home,669
6644,N,2024-09-13,home,647
6645,S,2024-02-19,travel,$537
6646,E,2024-07-27,auto,665
6647,N,2024-10-15,health,563
6648,E,2024-03-01,health,$541
6649,E,2024-04-24,travel,689
6650,E,2024-09-04,travel,554
6651,S,2024-10-01,home,473
6652,W,2024-02-16,home,671
6653,W,2024-03-25,health,USD 631
6654,E,2024-07-18,health,538
6655,N,2024-06-29,auto,779
6656,W,2024-02-14,travel,557
6657,E,2024-04-13,health,966
6658,E,2024-02-20,travel,654
6659,W,2024-02-26,home,597
6660,E,2024-08-26,travel,648
6661,E,2024-05-17,travel,546
6662,S,2024-07-28,health,690
6663,N,2024-02-23,travel,452
6664,S,2024-04-10,travel,738
6665,N,2024-05-17,auto,962
6666,E,2024-05-02,travel,781
6667,N,2024-05-20,health,952
6668,S,2024-07-22,travel,816
6669,W,2024-01-04,auto,501
6670,E,2024-10-29,travel,919
6671,S,2024-01-23,auto,572
6672,W,2024-05-29,auto,551
6673,S,2024-06-03,travel,USD 444
6674,E,2024-06-21,home,602
6675,E,2024-02-25,travel,731
6676,E,2024-09-26,health,575
6677,W,2024-11-21,travel,910
6678,N,2024-02-20,auto,609
6679,W,2024-02-16,auto,512
6680,S,2024-01-21,health,977
6681,N,2024-10-07,travel,397
6682,E,2024-04-16,auto,640
6683,E,2024-10-07,auto,798
6684,W,2024-06-24,auto,665
6685,W,2024-11-23,auto,598
6686,W,2024-08-12,home,460
6688,W,2024-08-16,home,476
6689,W,2024-11-19,travel,606
6690,W,2024-01-04,home,719
6691,S,2024-01-31,auto,1145
6692,E,2024-02-20,auto,618
6693,S,2024-01-07,health,578
6694,N,2024-03-26,home,687
6695,W,2024-07-01,auto,623
6696,E,2024-08-09,auto,735
6697,E,2024-11-16,travel,476
6698,N,2024-06-10,travel,$813
6699,E,2024-07-12,health,586
6700,S,2024-02-15,travel,591
6701,S,2024-04-14,travel,671
6702,N,2024-10-30,auto,475
6703,E,2024-03-23,auto,690
6705,N,2024-03-05,health,635
6706,S,2024-10-25,home,USD 588
6707,W,2024-09-15,auto,402
6708,W,2024-11-07,home,731
6709,N,2024-06-21,travel,487
6710,S,2024-08-29,travel,626
6711,E,2024-07-02,auto,955
6712,E,2024-05-17,auto,490
6713,E,2024-07-06,home,674
6714,N,2024-09-14,auto,590
6715,N,2024-02-20,home,407
6716,E,2024-08-13,home,773
6717,S,2024-07-18,health,800
6718,N,2024-02-20,travel,622
6719,N,2024-01-26,health,994
6720,N,2024-08-12,auto,642
6721,S,2024-09-10,health,586
6722,E,2024-07-30,home,785
6723,E,2024-06-04,health,831
6724,N,2024-01-11,health,1046
6725,E,2024-10-18,health,554
6726,N,2024-02-07,travel,583
6727,W,2024-06-19,health,972
6728,E,2024-06-20,auto,483
6729,E,2024-11-17,travel,USD 732
6730,N,2024-09-04,auto,715
6731,E,2024-02-12,auto,556
6732,S,2024-01-08,travel,696
6733,W,2024-11-21,travel,795
6734,S,2024-01-20,auto,747
6735,E,2024-05-26,auto,575
6736,S,2024-10-29,auto,830
6737,E,2024-11-11,travel,883
6738,N,2024-07-17,home,1043
6739,N,2024-03-16,travel,725
6740,W,2024-08-22,home,USD 367
6741,W,2024-03-13,travel,1023
6742,S,2024-04-29,auto,737
6744,N,2024-10-06,home,738
6745,W,2024-09-18,home,600
6747,N,2024-07-05,health,838
6748,W,2024-05-02,home,668
6749,S,2024-01-24,health,510
6750,E,2024-10-06,travel,471
6751,N,2024-04-04,travel,665
6752,E,2024-07-27,health,612
6753,W,2024-04-08,auto,875
6754,E,2024-09-03,home,435
6755,E,2024-07-26,home,524
6756,W,2024-04-05,health,414
6757,S,2024-06-25,travel,613
6758,S,2024-09-05,auto,$866
6759,S,2024-01-06,health,461
6760,S,2024-02-02,auto,USD 589
6761,E,2024-02-15,health,692
6762,S,2024-05-03,auto,893
6763,W,2024-08-05,auto,529
6764,N,2024-02-26,health,972
6765,S,2024-03-15,home,757
6766,N,2024-02-01,health,$948
6767,W,2024-11-02,auto,686
6768,S,2024-08-23,home,447
6769,S,2024-03-23,auto,693
6770,E,2024-10-28,auto,697
6771,E,2024-07-08,travel,555
6772,S,2024-05-23,travel,528
6773,N,2024-01-24,travel,USD 515
6774,W,2024-10-27,auto,745
6775,W,2024-06-21,travel,628
6776,N,2024-09-15,auto,595
6777,E,2024-09-06,home,532
6778,E,2024-06-03,home,727
6779,N,2024-06-03,home,773
6780,S,2024-02-24,auto,817
6781,E,2024-01-17,auto,822
6782,W,2024-08-04,travel,749
6783,E,2024-05-07,auto,$701
6784,S,2024-02-11,health,667
6785,E,2024-08-10,health,1217
6786,W,2024-11-21,auto,557
6787,E,2024-03-15,home,$627
6788,W,2024-08-04,health,464
6789,S,2024-04-06,travel,973
6790,E,2024-05-17,auto,897
6791,W,2024-10-15,travel,653
6792,N,2024-03-04,home,517
6793,E,2024-06-21,health,1036
6794,W,2024-05-03,home,748
6795,W,2024-02-26,health,551
6796,N,2024-07-28,home,690
6797,E,2024-11-05,health,432
6798,E,2024-08-29,health,1123
6799,N,2024-11-02,health,770
6800,E,2024-04-18,health,488
6801,E,2024-01-21,auto,$672
6802,S,2024-09-24,travel,USD 845
6803,W,2024-08-29,home,520
6804,N,2024-01-06,health,785
6805,S,2024-05-11,auto,628
6806,S,2024-04-10,health,764
6807,W,2024-01-08,home,1086
6808,N,2024-03-26,auto,501
6809,S,2024-03-16,home,498
6810,E,2024-04-26,travel,1039
6811,N,2024-06-04,home,958
6812,N,2024-08-08,travel,USD 589
6813,N,2024-07-19,travel,956
6814,S,2024-06-05,home,USD 578
6815,W,2024-05-29,home,581
6816,E,2024-09-15,auto,689
6817,E,2024-04-27,home,436
6818,E,2024-10-27,auto,774
6819,N,2024-09-02,health,577
6820,E,2024-01-11,health,424
6822,N,2024-09-13,travel,583
6823,W,2024-06-12,auto,978
6824,E,2024-09-03,auto,773
6825,N,2024-03-13,health,593
6826,W,2024-02-02,travel,622
6827,N,2024-03-29,home,863
6828,W,2024-02-11,health,633
6829,N,2024-11-07,health,549
6830,N,2024-09-15,home,1033
6831,E,2024-01-01,auto,874
6832,S,2024-04-02,auto,841
6833,N,2024-03-20,home,635
6834,N,2024-07-25,home,580
6835,E,2024-01-10,auto,442
6836,W,2024-03-06,health,578
6837,E,2024-10-23,auto,589
6838,N,2024-04-13,home,853
6839,E,2024-01-25,travel,776
6840,N,2024-09-11,travel,473
6841,S,2024-01-26,travel,905
6842,N,2024-05-21,home,677
6843,E,2024-03-24,home,588
6844,N,2024-09-10,travel,467
6845,S,2024-04-24,auto,631
6846,N,2024-05-25,travel,960
6847,W,2024-01-23,travel,573
6848,N,2024-10-09,health,$545
6849,N,2024-08-03,auto,USD 585
6850,S,2024-08-22,travel,477
6851,S,2024-10-02,health,978
6852,S,2024-05-23,home,522
6853,S,2024-02-03,home,688
6854,W,2024-02-15,health,826
6855,W,2024-07-06,home,519
6856,N,2024-03-01,auto,575
6857,E,2024-05-02,travel,649
6858,N,2024-11-20,auto,790
6859,N,2024-04-01,health,537
6860,W,2024-11-02,auto,668
6861,W,2024-01-21,auto,$941
6862,E,2024-05-22,home,831
6863,N,2024-07-03,health,451
6864,E,2024-01-05,travel,1026
6865,S,2024-08-27,home,USD 827
6866,S,2024-06-08,health,836
6867,N,2024-06-22,home,955
6868,S,2024-04-09,travel,654
6869,E,2024-01-16,auto,525
6870,E,2024-08-08,auto,717
6871,N,2024-03-27,auto,760
6872,N,2024-03-06,auto,569
6873,W,2024-09-07,health,635
6874,N,2024-04-22,travel,490
6875,E,2024-03-17,health,623
6876,S,2024-11-02,auto,824
6877,N,2024-07-28,home,610
6878,E,2024-01-15,travel,656
6879,W,2024-11-01,health,1139
6880,N,2024-08-29,travel,877
6881,W,2024-03-08,health,627
6882,N,2024-06-30,auto,743
6883,W,2024-10-21,travel,500
6884,N,2024-01-25,home,466
6886,N,2024-11-01,home,$441
6887,W,2024-05-10,auto,869
6888,N,2024-01-29,home,610
6889,S,2024-03-29,health,575
6890,S,2024-03-15,auto,763
6891,S,2024-03-28,auto,686
6892,N,2024-11-23,home,464
6893,N,2024-10-26,home,$550
6894,W,2024-04-20,home,631
6895,N,2024-08-04,home,1113
6896,W,2024-10-01,home,572
6897,S,2024-03-27,travel,713
6898,W,2024-11-15,auto,724
6899,E,2024-01-16,health,739
6900,N,2024-06-07,auto,468
6901,N,2024-03-17,auto,859
6902,N,2024-08-05,home,1087
6903,N,2024-03-22,health,707
6904,E,2024-08-02,auto,825
6905,S,2024-01-13,home,710
6906,E,2024-09-14,auto,438
6907,S,2024-05-09,auto,747
6908,S,2024-10-12,travel,447
6909,N,2024-09-14,home,613
6910,E,2024-01-01,health,779
6911,W,2024-09-02,travel,574
6913,E,2024-09-21,home,437
6914,W,2024-11-01,home,458
6915,E,2024-07-03,travel,732
6916,E,2024-10-11,travel,864
6917,E,2024-03-26,auto,698
6918,W,2024-10-05,travel,425
6919,W,2024-10-08,health,703
6920,E,2024-03-05,travel,777
6921,E,2024-01-19,auto,803
6922,W,2024-06-27,travel,766
6923,E,2024-05-16,travel,593
6924,W,2024-10-12,health,726
6925,S,2024-04-29,health,847
6926,E,2024-07-05,auto,799
6927,N,2024-04-05,travel,611
6928,N,2024-06-27,home,1129
6929,S,2024-07-20,home,833
6930,N,2024-07-08,auto,930
6931,W,2024-02-27,home,761
6932,E,2024-03-30,travel,744
6933,S,2024-04-25,home,903
6934,E,2024-02-09,home,777
6935,E,2024-07-28,home,539
6936,S,2024-03-12,health,669
6937,W,2024-03-11,health,780
6938,E,2024-06-25,home,421
6939,S,2024-01-14,home,588
6940,W,2024-08-25,auto,728
6941,S,2024-08-09,travel,814
6942,S,2024-03-06,auto,685
6943,W,2024-03-02,health,815
6944,N,2024-02-03,home,786
6945,W,2024-02-13,home,590
6946,E,2024-11-22,travel,1161
6947,S,2024-09-19,health,760
6948,S,2024-04-04,travel,992
6949,S,2024-05-13,auto,860
6950,E,2024-10-02,auto,478
6952,S,2024-09-04,travel,553
6953,N,2024-08-31,health,631
6954,S,2024-08-12,home,566
6955,E,2024-01-18,travel,454
6956,N,2024-08-12,home,700
6957,N,2024-09-14,travel,1170
6958,E,2024-06-15,home,609
6959,E,2024-01-25,travel,478
6960,E,2024-11-01,auto,434
6961,N,2024-05-11,auto,648
6962,W,2024-01-08,travel,532
6963,N,2024-04-22,auto,890
6964,S,2024-04-06,health,535
6965,E,2024-03-02,travel,407
6966,E,2024-03-08,travel,720
6967,E,2024-06-09,auto,727
6968,N,2024-09-11,travel,587
6969,N,2024-07-18,health,641
6970,N,2024-02-03,health,818
6971,E,2024-04-05,home,694
6972,E,2024-11-19,home,$837
6973,W,2024-03-20,home,495
6974,N,2024-05-14,travel,616
6975,S,2024-08-07,auto,606
6976,N,2024-01-05,auto,590
6977,W,2024-09-18,auto,724
6978,S,2024-03-26,home,583
6979,E,2024-06-29,health,600
6980,S,2024-06-30,home,671
6981,S,2024-07-26,travel,727
6982,E,2024-03-19,auto,605
6983,N,2024-09-27,home,766
6984,N,2024-07-14,health,572
6985,W,2024-08-01,auto,588
6986,W,2024-03-11,home,629
6987,N,2024-10-20,home,$561
6988,N,2024-07-12,home,705
6989,N,2024-05-03,travel,$482
6990,S,2024-01-28,travel,634
6991,N,2024-09-02,auto,626
6992,N,2024-09-26,travel,651
6993,S,2024-03-26,travel,876
6994,W,2024-05-12,travel,800
6995,N,2024-07-21,health,806
6996,N,2024-09-24,auto,548
6997,E,2024-09-05,home,511
6998,N,2024-02-24,health,$649
6999,W,2024-08-12,health,808
7001,W,2024-03-28,health,990
7002,W,2024-10-05,travel,761
7003,S,2024-01-24,health,829
7004,N,2024-06-08,health,516
7005,S,2024-02-21,health,718
7006,W,2024-04-22,home,515
7007,N,2024-10-19,home,682
7008,S,2024-06-09,travel,456
7009,E,2024-09-02,health,475
7010,E,2024-01-08,home,784
7011,W,2024-02-20,auto,687
7012,W,2024-10-24,health,514
7013,W,2024-04-04,auto,411
7014,W,2024-08-23,travel,833
7015,S,2024-10-15,home,517
7016,E,2024-06-28,auto,677
7017,N,2024-01-19,auto,761
7018,E,2024-01-27,travel,493
7019,W,2024-02-06,travel,809
7020,E,2024-09-30,travel,610
7021,N,2024-07-01,home,$428
7022,E,2024-04-18,home,767
7023,S,2024-06-17,home,434
7024,W,2024-11-08,auto,431
7025,E,2024-08-21,health,1022
7026,W,2024-05-10,travel,1171
7027,W,2024-01-02,auto,871
7028,S,2024-04-21,travel,829
7029,W,2024-11-24,travel,592
7030,E,2024-10-30,health,548
7031,E,2024-06-20,home,551
7032,W,2024-04-20,auto,601
7033,S,2024-03-31,auto,567
7034,E,2024-05-16,auto,586
7035,E,2024-04-27,home,494
7036,S,2024-02-21,health,544
7037,W,2024-09-25,travel,537
7038,W,2024-04-10,health,632
7039,S,2024-03-13,health,557
7040,N,2024-10-28,health,890
7041,E,2024-03-22,auto,659
7042,E,2024-10-23,travel,987
7043,N,2024-03-07,travel,679
7044,E,2024-07-18,home,752
7045,W,2024-07-22,health,889
7046,N,2024-05-05,home,USD 628
7047,E,2024-09-15,health,506
7048,W,2024-02-10,travel,676
7049,S,2024-04-23,travel,738
7050,S,2024-10-06,home,738
7051,W,2024-08-06,travel,1063
7052,N,2024-03-13,travel,524
7053,S,2024-08-12,home,655
7054,N,2024-02-03,health,$529
7055,N,2024-03-24,health,612
7056,E,2024-02-24,health,726
7057,E,2024-10-13,health,USD 655
7058,S,2024-05-24,travel,930
7059,N,2024-07-06,travel,787
7060,W,2024-03-02,travel,$652
7061,S,2024-02-22,home,452
7062,E,2024-01-09,home,680
7063,W,2024-09-29,home,773
7064,E,2024-11-17,auto,$492
7065,N,2024-03-02,home,543
7066,E,2024-06-18,travel,438
7067,E,2024-05-01,health,578
7068,W,2024-08-10,health,591
7069,E,2024-01-17,home,456
7070,N,2024-01-22,auto,628
7071,W,2024-06-29,travel,580
7072,E,2024-11-14,home,515
7073,S,2024-10-10,travel,422
7074,S,2024-08-14,health,USD 664
7075,N,2024-07-10,auto,"$1,045"
7076,E,2024-01-27,health,748
7077,W,2024-07-21,health,644
7078,E,2024-04-08,home,626
7079,S,2024-04-17,health,779
7080,E,2024-02-24,travel,537
7081,E,2024-04-16,home,528
7082,E,2024-08-12,health,589
7083,E,2024-05-04,travel,478
7084,N,2024-04-01,home,744
7085,E,2024-11-20,auto,634
7086,W,2024-05-14,home,633
7087,S,2024-11-03,home,564
7088,N,2024-06-23,health,979
7089,W,2024-04-27,auto,718
7090,S,2024-03-20,auto,417
7091,W,2024-07-08,home,700
7092,S,2024-01-10,auto,USD 519
7093,W,2024-03-30,travel,492
7094,N,2024-01-04,auto,601
7095,E,2024-04-29,home,676
7096,N,2024-06-09,travel,653
7097,E,2024-07-16,home,735
7098,S,2024-03-19,home,580
7099,N,2024-10-17,home,858
7100,E,2024-10-07,home,641
7101,N,2024-07-02,health,596
7102,W,2024-01-08,health,636
7103,E,2024-09-06,health,553
7104,W,2024-10-20,home,869
7105,S,2024-08-14,home,$775
7106,S,2024-10-31,home,632
7107,W,2024-10-09,home,643
7108,E,2024-03-15,travel,984
7109,E,2024-03-05,health,776
7110,E,2024-07-01,auto,662
7111,N,2024-07-27,health,535
7112,W,2024-06-27,travel,737
7113,E,2024-11-13,health,783
7114,E,2024-06-17,health,655
7115,E,2024-08-07,travel,738
7116,E,2024-03-19,auto,642
7117,W,2024-05-30,health,825
7118,S,2024-06-24,home,498
7119,W,2024-10-14,travel,994
7120,W,2024-09-14,health,513
7121,E,2024-09-20,health,528
7122,E,2024-06-21,travel,504
7123,N,2024-01-21,auto,752
7124,S,2024-01-04,home,647
7125,S,2024-11-23,auto,$579
7126,W,2024-08-28,travel,618
7127,W,2024-04-27,home,525
7128,N,2024-10-17,health,963
7129,W,2024-06-18,health,578
7130,W,2024-02-14,auto,769
7131,N,2024-04-05,home,366
7132,W,2024-06-15,home,1024
7134,N,2024-04-11,travel,626
7135,N,2024-02-28,health,USD 771
7136,N,2024-06-15,auto,668
7137,N,2024-06-24,auto,492
7138,W,2024-11-22,home,733
7139,N,2024-07-17,home,667
7140,S,2024-10-28,health,745
7141,S,2024-08-19,home,379
7144,W,2024-08-04,auto,739
7145,S,2024-05-06,health,722
7146,E,2024-07-15,auto,837
7147,S,2024-09-05,auto,502
7148,N,2024-05-11,auto,725
7149,E,2024-08-29,health,872
7150,S,2024-04-26,auto,738
7151,S,2024-04-28,home,530
7152,S,2024-05-22,home,640
7154,S,2024-06-09,travel,598
7155,E,2024-05-26,auto,400
7156,E,2024-07-05,auto,692
7157,E,2024-07-11,travel,708
7158,W,2024-03-21,auto,629
7159,W,2024-11-24,health,760
7160,S,2024-11-04,auto,703
7161,S,2024-01-14,auto,662
7162,N,2024-05-14,auto,651
7163,W,2024-08-02,auto,692
7164,N,2024-08-20,health,533
7165,E,2024-02-28,auto,850
7166,S,2024-07-10,travel,555
7167,S,2024-10-23,health,764
7168,W,2024-03-17,travel,471
7169,W,2024-05-13,home,550
7170,N,2024-05-05,travel,638
7171,E,2024-01-04,travel,643
7172,E,2024-06-30,home,477
7173,S,2024-06-02,health,758
7174,E,2024-04-13,travel,461
7175,N,2024-08-15,home,929
7176,E,2024-03-12,health,1034
7177,S,2024-07-21,home,596
7178,W,2024-03-28,health,593
7179,N,2024-04-13,travel,484
7180,W,2024-03-24,auto,520
7181,E,2024-01-05,auto,533
7182,N,2024-09-08,auto,713
7183,N,2024-07-21,travel,605
7184,E,2024-02-26,home,529
7186,E,2024-01-13,health,871
7187,N,2024-01-17,travel,814
7188,W,2024-10-25,travel,764
7189,E,2024-10-29,auto,812
7190,E,2024-01-31,travel,828
7191,E,2024-04-27,auto,716
7192,N,2024-06-29,health,917
7193,N,2024-04-04,home,925
7194,E,2024-07-22,home,614
7195,N,2024-05-31,travel,729
7196,W,2024-10-22,home,474
7197,W,2024-03-23,auto,811
7198,N,2024-01-03,auto,703
7199,E,2024-06-13,auto,606
7200,N,2024-05-27,home,1187
7201,W,2024-04-07,home,$441
7202,S,2024-04-30,home,436
7204,N,2024-05-14,auto,785
7205,E,2024-02-06,home,527
7206,W,2024-06-13,health,750
7207,N,2024-11-09,travel,$731
7208,S,2024-08-12,home,539
7209,E,2024-05-10,auto,953
7210,W,2024-05-04,health,396
7211,E,2024-04-23,auto,785
7212,W,2024-10-26,travel,636
7213,W,2024-05-05,health,$527
7214,W,2024-06-17,health,921
7215,W,2024-08-21,home,$741
7216,S,2024-10-25,travel,668
7217,E,2024-01-25,health,556
7218,E,2024-09-01,health,1026
7219,N,2024-01-20,travel,690
7220,S,2024-05-14,auto,$783
7221,E,2024-01-02,travel,619
7223,E,2024-03-16,travel,807
7224,S,2024-10-15,auto,697
7225,S,2024-09-19,health,750
7226,W,2024-08-18,travel,USD 555
7227,W,2024-05-14,auto,721
7228,S,2024-03-05,travel,466
7229,N,2024-06-23,auto,587
7230,N,2024-09-04,home,1082
7231,W,2024-05-07,auto,566
7232,W,2024-01-04,health,618
7233,S,2024-08-08,health,487
7234,W,2024-03-13,travel,621
7235,N,2024-05-15,home,647
7236,W,2024-07-31,home,404
7237,W,2024-08-03,health,656
7238,N,2024-04-22,health,760
7239,S,2024-02-25,travel,761
7240,E,2024-10-05,travel,845
7241,S,2024-04-17,auto,448
7242,S,2024-02-27,auto,579
7243,E,2024-02-19,travel,786
7244,W,2024-03-02,travel,788
7245,N,2024-07-29,home,712
7246,N,2024-10-10,travel,786
7247,N,2024-01-26,home,932
7249,N,2024-04-25,health,883
7250,N,2024-07-22,travel,792
7251,W,2024-03-25,travel,806
7252,E,2024-02-09,health,689
7253,S,2024-09-24,travel,686
7254,E,2024-06-20,home,698
7255,E,2024-04-05,auto,834
7256,W,2024-06-14,home,399
7257,W,2024-05-14,health,678
7258,E,2024-04-16,travel,751
7259,S,2024-10-21,travel,658
7261,N,2024-04-27,health,$760
7262,W,2024-01-09,auto,927
7263,N,2024-03-03,home,709
7264,S,2024-05-13,health,674
7265,W,2024-08-27,health,804
7266,W,2024-08-09,travel,USD 577
7267,W,2024-01-01,travel,$531
7268,E,2024-04-07,auto,$920
7269,N,2024-04-28,health,632
7270,S,2024-05-25,travel,888
7271,W,2024-03-21,travel,671
7272,N,2024-09-16,health,USD 767
7273,W,2024-01-07,travel,748
7274,N,2024-04-18,home,1092
7275,W,2024-09-15,home,669
7276,S,2024-03-12,auto,719
7277,E,2024-02-24,travel,716
7278,N,2024-06-27,home,686
7279,S,2024-02-26,home,725
7280,S,2024-02-18,auto,554
7281,S,2024-11-13,home,587
7283,E,2024-04-29,auto,648
7284,S,2024-08-12,home,621
7285,W,2024-10-29,health,710
7286,N,2024-06-14,home,740
7287,S,2024-06-24,health,485
7288,S,2024-10-31,health,419
7289,S,2024-03-15,travel,679
7290,S,2024-01-03,health,693
7291,W,2024-02-14,auto,586
7292,E,2024-01-26,auto,568
7293,S,2024-06-02,auto,522
7294,N,2024-04-14,auto,624
7295,E,2024-04-13,health,1111
7296,S,2024-02-21,auto,588
7297,E,2024-11-14,home,798
7298,W,2024-09-01,travel,650
7299,S,2024-11-01,travel,616
7300,S,2024-06-06,auto,472
7301,N,2024-07-23,health,364
7302,S,2024-06-03,home,641
7303,W,2024-10-14,auto,703
7304,E,2024-10-26,health,597
7305,W,2024-05-04,home,662
7306,W,2024-10-09,travel,897
7307,S,2024-04-04,health,418
7308,N,2024-03-01,health,514
7309,N,2024-04-21,travel,571
7310,S,2024-02-14,home,650
7311,S,2024-05-16,travel,697
7312,W,2024-10-17,health,577
7313,S,2024-02-05,home,402
7314,E,2024-01-26,home,1027
7315,N,2024-04-06,travel,745
7316,N,2024-05-27,travel,705
7317,S,2024-08-09,travel,577
7318,S,2024-07-23,travel,582
7319,S,2024-11-22,auto,746
7320,S,2024-08-24,travel,956
7321,W,2024-04-14,home,560
7322,N,2024-05-03,health,897
7323,S,2024-01-26,auto,666
7324,W,2024-09-27,auto,747
7325,W,2024-05-20,travel,835
7326,N,2024-05-31,home,698
7327,N,2024-07-02,home,564
7328,S,2024-10-02,home,913
7329,S,2024-05-12,auto,USD 747
7330,E,2024-03-06,health,927
7331,E,2024-01-23,health,969
7332,N,2024-02-09,auto,716
7333,E,2024-07-04,auto,USD 556
7334,E,2024-10-19,auto,1186
7335,W,2024-10-06,travel,769
7336,N,2024-04-08,health,772
7337,E,2024-09-17,home,760
7338,E,2024-11-24,auto,417
7339,S,2024-11-17,auto,642
7340,S,2024-05-21,health,941
7341,W,2024-03-20,health,546
7342,N,2024-03-19,travel,836
7343,W,2024-03-25,auto,763
7344,N,2024-06-06,health,597
7345,N,2024-07-06,travel,634
7346,E,2024-02-09,home,384
7347,E,2024-05-20,health,845
7348,S,2024-06-22,home,701
7349,N,2024-07-23,health,432
7350,E,2024-09-02,health,528
7351,E,2024-09-17,home,443
7352,N,2024-09-29,health,606
7354,S,2024-02-16,travel,733
7355,E,2024-08-25,auto,USD 624
7356,N,2024-08-19,health,1216
7357,S,2024-09-25,auto,471
7358,S,2024-04-28,health,654
7359,N,2024-03-03,home,693
7360,E,2024-10-03,health,389
7361,S,2024-07-24,travel,823
7362,S,2024-03-06,health,767
7363,W,2024-09-26,travel,722
7364,S,2024-11-16,auto,833
7365,N,2024-08-10,home,580
7366,S,2024-03-10,health,850
7367,S,2024-01-03,health,681
7368,E,2024-05-17,travel,745
7369,S,2024-02-24,home,1151
7370,W,2024-06-17,travel,559
7371,E,2024-11-03,travel,776
7372,S,2024-05-12,health,544
7373,N,2024-03-13,auto,759
7374,W,2024-05-14,health,790
7375,N,2024-08-03,travel,568
7376,N,2024-10-02,health,902
7377,N,2024-02-02,home,829
7378,N,2024-06-18,travel,$592
7379,W,2024-03-24,home,718
7380,W,2024-05-08,travel,453
7381,E,2024-03-06,home,661
7382,E,2024-01-24,auto,623
7383,E,2024-11-13,auto,561
7384,N,2024-05-09,travel,1090
7385,E,2024-01-22,auto,821
7386,N,2024-11-19,travel,481
7387,W,2024-02-12,home,694
7388,W,2024-09-21,home,482
7389,W,2024-05-06,travel,666
7390,N,2024-09-07,auto,686
7391,N,2024-03-28,health,689
7392,W,2024-03-12,auto,880
7393,N,2024-11-17,health,713
7394,W,2024-07-12,health,898
7395,S,2024-01-05,travel,$602
7396,E,2024-10-17,health,801
7397,N,2024-09-20,travel,601
7398,N,2024-03-31,health,USD 522
7399,S,2024-02-22,travel,741
7400,E,2024-08-10,health,473
7401,W,2024-11-14,auto,515
7402,E,2024-03-30,home,704
7403,E,2024-07-26,auto,602
7404,S,2024-02-08,auto,$763
7405,W,2024-08-23,auto,565
7406,E,2024-08-10,home,677
7407,N,2024-06-07,health,732
7408,N,2024-05-04,health,839
7409,W,2024-05-24,health,655
7410,N,2024-03-10,home,694
7411,N,2024-11-01,home,USD 595
7412,W,2024-03-25,auto,759
7413,N,2024-08-05,home,642
7414,E,2024-03-26,auto,USD 740
7415,E,2024-04-11,home,697
7416,W,2024-03-06,auto,663
7417,W,2024-01-16,auto,624
7418,W,2024-10-03,health,779
7419,E,2024-02-09,home,500
7420,E,2024-04-05,travel,959
7421,W,2024-05-14,health,685
7422,W,2024-07-15,home,751
7423,S,2024-11-22,travel,671
7424,S,2024-07-31,auto,1061
7425,N,2024-08-17,health,563
7426,W,2024-08-27,home,644
7427,E,2024-10-18,travel,472
7428,W,2024-07-29,travel,492
7429,E,2024-02-29,health,949
7430,N,2024-05-18,travel,686
7432,S,2024-09-20,health,534
7433,N,2024-11-14,auto,625
7434,E,2024-06-14,home,826
7435,N,2024-03-21,health,482
7437,S,2024-08-29,health,808
7438,E,2024-10-22,home,754
7439,N,2024-07-28,health,948
7440,W,2024-04-28,auto,686
7441,W,2024-01-03,home,638
7442,E,2024-07-30,auto,737
7443,E,2024-05-04,auto,859
7444,S,2024-05-14,auto,824
7445,S,2024-01-17,travel,572
7446,S,2024-10-16,health,587
7447,W,2024-05-10,home,USD 676
7448,W,2024-11-14,auto,744
7449,S,2024-08-30,travel,662
7450,N,2024-10-16,travel,640
7451,W,2024-11-26,travel,718
7452,W,2024-08-09,auto,560
7453,W,2024-03-22,auto,838
7454,W,2024-08-08,travel,770
7455,N,2024-11-14,auto,562
7456,E,2024-04-23,health,657
7457,S,2024-10-03,home,604
7458,E,2024-09-26,auto,431
7459,W,2024-05-23,travel,720
7460,E,2024-08-01,home,391
7461,W,2024-05-08,home,857
7462,W,2024-10-11,health,$658
7463,E,2024-06-02,home,602
7464,W,2024-10-13,health,811
7465,N,2024-01-26,health,742
7466,W,2024-07-24,home,537
7467,N,2024-08-31,health,511
7468,E,2024-08-15,travel,770
7469,E,2024-01-28,auto,491
7470,N,2024-04-10,health,889
7471,E,2024-11-14,auto,712
7472,W,2024-05-26,auto,624
7473,S,2024-06-10,travel,656
7474,E,2024-10-16,health,$553
7475,E,2024-02-06,health,633
7476,N,2024-03-18,travel,$644
7477,W,2024-08-05,home,502
7478,S,2024-01-24,health,696
7479,E,2024-05-18,auto,$821
7480,E,2024-11-03,health,673
7481,W,2024-03-08,travel,820
7482,W,2024-05-09,home,694
7483,E,2024-05-10,health,859
7484,N,2024-02-22,home,678
7485,E,2024-01-07,travel,774
7486,S,2024-02-03,travel,846
7487,N,2024-09-23,home,708
7488,S,2024-04-17,auto,744
7489,S,2024-03-24,auto,674
7490,S,2024-03-18,health,700
7491,W,2024-08-15,travel,538
7492,S,2024-07-14,auto,538
7494,E,2024-11-14,travel,650
7495,S,2024-09-20,travel,499
7496,E,2024-07-08,travel,564
7497,N,2024-01-13,health,847
7498,W,2024-08-17,home,546
7499,S,2024-09-15,home,614
7500,W,2024-09-26,travel,742
7501,E,2024-06-03,health,630
7502,S,2024-04-02,travel,674
7503,E,2024-07-28,home,648
7504,E,2024-04-03,health,717
7505,W,2024-03-17,auto,617
7506,N,2024-08-08,auto,639
7507,W,2024-11-16,travel,678
7508,W,2024-09-11,home,556
7509,S,2024-01-28,home,$503
7510,S,2024-06-13,home,810
7511,E,2024-05-16,home,678
7512,S,2024-05-04,health,911
7513,S,2024-05-26,travel,517
7514,E,2024-07-26,travel,655
7515,W,2024-05-09,travel,586
7516,W,2024-03-13,health,604
7517,W,2024-03-22,health,542
7518,N,2024-11-06,travel,949
7520,S,2024-05-25,home,607
7521,W,2024-11-08,auto,836
7522,E,2024-04-15,auto,501
7523,N,2024-03-22,home,681
7524,N,2024-02-29,health,831
7525,S,2024-06-14,health,655
7526,N,2024-08-13,health,$573
7527,N,2024-07-02,home,811
7528,N,2024-07-22,travel,501
7529,N,2024-05-13,health,533
7530,E,2024-11-10,auto,611
7531,S,2024-03-29,auto,975
7532,E,2024-10-30,health,564
7533,E,2024-08-01,auto,734
7534,W,2024-01-20,home,466
7535,N,2024-05-08,health,775
7536,N,2024-04-06,travel,811
7537,W,2024-09-03,home,671
7538,N,2024-11-17,home,USD 514
7539,W,2024-05-25,travel,708
7540,S,2024-11-10,home,815
7541,E,2024-10-06,health,648
7542,E,2024-03-11,health,655
7543,S,2024-11-17,auto,696
7544,W,2024-07-22,auto,800
7545,E,2024-04-27,auto,429
7546,E,2024-01-22,auto,$943
7547,S,2024-06-15,auto,1040
7548,E,2024-08-30,auto,706
7549,E,2024-01-30,home,767
7550,W,2024-08-16,auto,628
7551,N,2024-06-19,travel,699
7552,E,2024-01-17,auto,767
7553,E,2024-06-12,home,$844
7554,W,2024-06-23,home,563
7555,E,2024-07-29,auto,520
7556,S,2024-01-02,auto,904
7557,W,2024-11-21,auto,1115
7558,E,2024-01-29,auto,722
7559,N,2024-07-15,auto,677
7560,W,2024-08-10,auto,666
7561,E,2024-02-02,health,681
7562,W,2024-06-19,home,620
7563,E,2024-03-27,health,714
7564,S,2024-09-13,travel,574
7565,E,2024-07-17,home,681
7566,E,2024-07-25,auto,728
7567,E,2024-07-11,auto,1020
7568,E,2024-05-16,health,488
7569,N,2024-09-24,travel,494
7570,W,2024-03-02,home,952
7571,W,2024-11-21,travel,464
7572,S,2024-03-27,home,615
7573,W,2024-07-23,home,535
7574,N,2024-05-17,health,499
7575,S,2024-04-19,auto,754
7576,S,2024-03-06,travel,712
7577,W,2024-02-28,health,834
7578,S,2024-03-19,health,841
7579,S,2024-11-07,home,595
7580,E,2024-04-20,auto,396
7581,S,2024-10-07,travel,777
7582,N,2024-05-31,travel,566
7583,W,2024-09-02,travel,754
7584,N,2024-08-08,home,734
7585,N,2024-06-29,travel,577
7586,E,2024-04-06,home,719
7587,S,2024-07-14,home,441
7588,W,2024-06-14,home,441
7589,S,2024-04-08,health,663
7590,N,2024-07-23,travel,788
7591,W,2024-01-04,auto,474
7592,W,2024-07-29,health,683
7593,S,2024-01-05,home,679
7594,N,2024-04-13,health,596
7595,W,2024-03-10,travel,647
7596,W,2024-04-19,health,658
7597,N,2024-03-10,travel,856
7599,E,2024-10-24,auto,774
7600,W,2024-02-23,travel,897
7601,W,2024-01-01,health,548
7602,S,2024-01-20,home,638
7603,N,2024-07-29,travel,494
7604,N,2024-07-17,home,518
7605,W,2024-10-21,health,791
7606,E,2024-07-02,home,600
7607,N,2024-05-01,auto,736
7608,E,2024-01-02,auto,612
7609,N,2024-09-11,home,454
7610,S,2024-10-25,health,755
7611,S,2024-03-31,auto,827
7612,E,2024-06-26,travel,626
7613,W,2024-07-25,home,538
7614,E,2024-01-26,travel,702
7615,E,2024-06-26,health,855
7616,E,2024-06-05,home,951
7617,N,2024-04-04,travel,659
7618,W,2024-08-10,auto,577
7619,W,2024-04-20,auto,613
7620,W,2024-11-20,home,849
7621,N,2024-08-04,home,532
7622,N,2024-04-29,home,537
7623,W,2024-01-09,auto,689
7624,E,2024-09-04,auto,687
7625,W,2024-05-02,auto,542
7626,N,2024-05-01,health,742
7627,E,2024-01-14,travel,595
7628,E,2024-01-13,home,835
7629,W,2024-02-21,auto,966
7630,S,2024-06-12,auto,647
7631,N,2024-10-22,travel,464
7632,N,2024-08-17,auto,823
7633,S,2024-09-25,auto,608
7634,S,2024-10-19,health,629
7635,N,2024-01-06,health,487
7636,E,2024-03-03,home,471
7637,W,2024-01-05,home,613
7638,W,2024-07-08,auto,416
7639,W,2024-09-07,home,642
7640,E,2024-11-14,home,946
7641,W,2024-04-27,travel,562
7643,W,2024-09-28,travel,1036
7644,W,2024-05-11,auto,675
7645,E,2024-08-03,home,633
7646,N,2024-04-18,auto,925
7647,N,2024-05-04,auto,USD 457
7648,E,2024-02-17,health,625
7649,N,2024-02-15,health,781
7650,S,2024-05-02,health,$550
7651,E,2024-03-18,auto,973
7652,W,2024-11-19,home,539
7653,N,2024-08-19,home,922
7654,W,2024-11-09,home,490
7655,S,2024-10-08,home,430
7656,W,2024-07-31,home,448
7657,W,2024-07-09,auto,926
7658,S,2024-02-25,auto,632
7659,S,2024-02-07,auto,558
7660,W,2024-01-04,travel,424
7661,W,2024-01-25,health,574
7662,W,2024-03-05,auto,550
7663,S,2024-04-02,home,951
7664,W,2024-11-01,auto,$489
7665,S,2024-05-07,travel,USD 803
7666,N,2024-10-19,travel,669
7667,S,2024-03-06,auto,544
7668,W,2024-07-09,auto,751
7669,W,2024-11-19,auto,422
7670,E,2024-07-18,auto,580
7671,S,2024-09-06,travel,662
7672,W,2024-01-31,home,932
7673,E,2024-11-07,home,792
7674,E,2024-05-18,travel,610
7675,N,2024-06-10,health,667
7676,N,2024-04-07,travel,579
7678,E,2024-05-20,home,566
7679,W,2024-05-22,travel,625
7681,N,2024-10-04,home,949
7682,W,2024-09-16,travel,579
7683,W,2024-08-04,home,853
7684,E,2024-02-21,auto,878
7685,W,2024-08-02,travel,USD 717
7686,W,2024-02-29,health,USD 705
7687,S,2024-07-16,travel,776
7688,E,2024-08-13,home,841
7689,S,2024-08-30,auto,459
7690,E,2024-10-19,travel,638
7691,N,2024-03-15,home,858
7693,E,2024-03-26,health,838
7694,W,2024-07-20,health,$633
7695,S,2024-09-02,travel,649
7696,E,2024-08-20,auto,777
7697,E,2024-09-14,travel,549
7698,N,2024-02-27,home,$598
7699,S,2024-01-15,auto,779
7700,N,2024-02-22,travel,959
7701,E,2024-06-26,health,781
7702,S,2024-05-08,health,685
7703,E,2024-05-08,auto,774
7704,N,2024-03-16,health,433
7705,W,2024-06-21,travel,USD 1039
7707,E,2024-11-10,travel,464
7708,E,2024-03-08,home,445
7709,S,2024-02-03,home,496
7710,S,2024-01-08,health,$740
7711,S,2024-02-12,health,604
7712,S,2024-05-26,travel,630
7713,E,2024-03-14,health,581
7714,E,2024-08-07,auto,573
7716,W,2024-05-07,travel,803
7717,E,2024-05-13,health,743
7718,N,2024-02-13,travel,704
7720,N,2024-07-01,auto,437
7721,E,2024-09-03,health,501
7722,W,2024-09-01,travel,552
7723,W,2024-02-06,travel,492
7724,S,2024-06-26,auto,382
7725,W,2024-11-02,health,"$1,018"
7726,W,2024-10-13,health,885
7727,S,2024-05-06,travel,802
7728,N,2024-01-06,home,974
7729,W,2024-03-08,health,704
7730,N,2024-11-19,health,USD 607
7731,W,2024-11-16,health,802
7732,N,2024-09-02,home,583
7733,E,2024-05-16,health,496
7734,N,2024-07-22,health,444
7735,N,2024-09-04,auto,560
7736,S,2024-06-28,auto,575
7737,S,2024-11-15,health,767
7738,S,2024-11-11,home,831
7739,N,2024-09-15,travel,580
7740,N,2024-01-10,health,636
7741,S,2024-11-15,health,757
7742,N,2024-09-17,travel,840
7743,E,2024-03-01,travel,580
7744,N,2024-06-26,auto,453
7745,N,2024-06-02,auto,446
7747,E,2024-02-10,travel,915
7748,E,2024-09-11,health,835
7749,E,2024-07-13,travel,460
7750,S,2024-03-02,travel,635
7751,W,2024-03-11,health,604
7752,E,2024-10-09,auto,663
7753,W,2024-07-15,travel,521
7754,E,2024-04-26,health,678
7755,N,2024-10-15,auto,639
7756,S,2024-06-04,home,976
7757,W,2024-01-20,auto,770
7758,S,2024-06-20,health,474
7759,E,2024-04-22,home,404
7760,N,2024-07-29,health,752
7761,S,2024-05-10,auto,579
7762,N,2024-02-06,health,699
7764,W,2024-08-15,travel,457
7765,S,2024-10-01,health,1020
7766,W,2024-07-17,auto,548
7767,W,2024-01-25,travel,804
7769,S,2024-01-15,home,739
7770,W,2024-02-25,travel,827
7771,S,2024-02-12,home,860
7772,S,2024-10-25,auto,571
7773,W,2024-11-20,health,944
7774,N,2024-01-26,auto,1006
7775,W,2024-04-19,home,642
7776,S,2024-02-29,health,721
7777,E,2024-08-26,travel,815
7778,N,2024-08-18,home,673
7779,S,2024-04-12,auto,$677
7780,N,2024-10-04,home,694
7781,S,2024-01-22,home,668
7782,N,2024-06-24,auto,545
7783,N,2024-07-09,auto,601
7784,N,2024-03-16,health,$820
7785,N,2024-10-13,travel,483
7786,W,2024-08-28,health,795
7787,W,2024-03-09,auto,585
7788,S,2024-11-19,auto,500
7789,W,2024-08-24,travel,627
7790,W,2024-06-05,home,676
7791,N,2024-06-01,travel,636
7792,N,2024-02-28,auto,615
7793,N,2024-02-18,health,629
7794,N,2024-10-07,auto,$678
7795,E,2024-03-05,home,732
7796,S,2024-07-17,travel,653
7797,E,2024-03-16,travel,$670
7798,W,2024-08-24,home,762
7799,S,2024-05-28,health,635
7800,W,2024-02-03,auto,515
7801,N,2024-05-09,auto,649
7802,E,2024-07-14,home,515
7803,W,2024-04-26,auto,631
7805,N,2024-03-03,home,478
7806,E,2024-03-21,home,807
7807,N,2024-08-01,travel,968
7808,N,2024-03-11,auto,653
7809,E,2024-08-02,home,559
7810,S,2024-06-23,auto,845
7811,N,2024-07-30,home,553
7812,W,2024-07-22,auto,723
7813,W,2024-10-15,home,474
7814,W,2024-10-18,health,911
7815,W,2024-08-30,home,501
7816,E,2024-01-07,health,741
7817,S,2024-01-15,home,706
7818,W,2024-04-15,home,505
7819,N,2024-05-09,auto,448
7821,N,2024-05-20,health,656
7822,W,2024-05-23,home,575
7823,W,2024-02-26,home,589
7825,W,2024-04-26,health,720
7826,S,2024-05-10,health,522
7827,S,2024-08-17,home,1233
7828,E,2024-02-13,home,596
7829,N,2024-02-03,home,443
7830,W,2024-08-05,home,570
7831,E,2024-02-15,travel,$417
7833,E,2024-03-11,auto,755
7834,S,2024-03-11,auto,589
7835,W,2024-03-28,auto,547
7836,E,2024-05-07,home,543
7837,W,2024-02-06,health,486
7838,E,2024-05-08,home,669
7839,N,2024-06-16,home,587
7840,W,2024-02-01,health,641
7841,N,2024-03-07,travel,783
7842,S,2024-05-14,health,958
7843,E,2024-01-06,health,$923
7844,S,2024-04-16,health,850
7846,S,2024-11-25,travel,1066
7847,W,2024-05-20,auto,772
7848,W,2024-11-20,auto,508
7849,E,2024-09-14,home,$550
7851,E,2024-07-28,travel,516
7852,W,2024-08-25,travel,812
7853,W,2024-06-01,health,905
7855,W,2024-11-03,auto,$857
7856,N,2024-07-22,travel,789
7857,N,2024-08-29,travel,$582
7858,S,2024-07-07,home,761
7859,S,2024-08-16,health,599
7860,E,2024-05-28,auto,614
7861,S,2024-01-09,health,592
7862,N,2024-01-31,auto,522
7863,N,2024-07-30,home,551
7864,E,2024-01-24,travel,649
7865,N,2024-04-10,auto,518
7866,W,2024-02-29,travel,673
7867,E,2024-03-09,travel,USD 617
7868,E,2024-07-10,auto,USD 777
7869,N,2024-07-01,auto,963
7870,N,2024-02-02,auto,575
7871,N,2024-10-19,travel,679
7872,S,2024-07-05,home,1003
7873,E,2024-01-20,auto,663
7874,W,2024-09-29,auto,528
7875,W,2024-03-29,home,876
7876,N,2024-07-26,health,625
7877,N,2024-04-18,home,$704
7878,N,2024-01-14,auto,546
7880,N,2024-05-27,travel,786
7881,N,2024-07-16,health,606
7882,E,2024-06-05,home,652
7883,N,2024-03-29,health,514
7884,S,2024-09-26,auto,559
7885,S,2024-06-28,auto,752
7886,N,2024-04-18,travel,655
7887,S,2024-08-15,home,675
7888,S,2024-06-22,health,603
7890,S,2024-04-05,home,537
7891,W,2024-06-20,health,1023
7892,N,2024-03-18,home,612
7893,E,2024-06-08,travel,594
7894,S,2024-03-05,travel,1256
7895,S,2024-02-07,home,533
7897,E,2024-10-24,travel,946
7898,W,2024-06-16,home,761
7899,W,2024-09-01,travel,687
7900,W,2024-06-06,health,567
7901,N,2024-03-23,auto,504
7902,E,2024-04-18,health,798
7903,W,2024-01-30,home,407
7904,N,2024-08-29,travel,632
7905,E,2024-03-27,auto,521
7906,E,2024-10-08,auto,636
7907,E,2024-05-24,travel,816
7908,S,2024-08-14,home,771
7909,S,2024-07-04,home,765
7911,E,2024-01-21,home,884
7912,E,2024-03-21,health,875
7913,N,2024-05-31,health,706
7914,W,2024-08-26,travel,775
7915,S,2024-10-22,health,$706
7916,S,2024-02-04,auto,730
7917,W,2024-07-28,home,897
7918,S,2024-04-08,auto,975
7919,E,2024-05-09,home,794
7920,W,2024-03-29,health,1004
7921,W,2024-03-26,travel,501
7922,W,2024-10-24,health,625
7923,W,2024-06-04,auto,513
7924,E,2024-10-08,home,505
7926,S,2024-10-12,health,845
7927,S,2024-01-23,health,677
7928,N,2024-04-02,health,818
7929,W,2024-09-03,travel,359
7931,W,2024-04-08,travel,634
7932,S,2024-07-19,auto,717
7933,W,2024-09-23,health,714
7934,W,2024-06-17,auto,496
7935,W,2024-04-29,travel,1122
7936,S,2024-08-08,home,1308
7937,S,2024-03-23,home,1103
7938,N,2024-01-14,health,692
7939,E,2024-04-30,home,587
7940,S,2024-01-25,home,798
7941,E,2024-07-07,home,460
7942,N,2024-01-29,health,723
7943,N,2024-07-04,travel,659
7944,S,2024-01-19,home,732
7945,N,2024-09-03,travel,556
7946,N,2024-06-01,home,647
7947,W,2024-09-24,travel,509
7948,N,2024-10-02,travel,641
7949,W,2024-03-29,home,$442
7950,E,2024-04-15,travel,912
7951,S,2024-01-14,travel,668
7952,W,2024-03-24,home,652
7953,W,2024-01-05,travel,838
7954,N,2024-08-19,travel,735
7955,E,2024-07-14,home,1076
7956,N,2024-01-16,health,614
7957,E,2024-03-26,auto,549
7958,E,2024-06-26,health,592
7959,E,2024-02-24,travel,678
7960,S,2024-10-06,health,620
7961,S,2024-03-09,health,USD 722
7962,S,2024-04-13,travel,753
7963,N,2024-02-19,auto,692
7964,E,2024-06-28,home,700
7965,S,2024-10-27,home,526
7966,S,2024-02-05,auto,426
7967,S,2024-03-20,health,535
7969,N,2024-02-11,home,516
7970,N,2024-03-02,auto,594
7971,E,2024-07-06,home,940
7972,E,2024-05-16,travel,629
7973,E,2024-02-13,health,967
7975,N,2024-02-15,health,767
7976,W,2024-05-02,health,680
7977,S,2024-06-09,home,534
7978,S,2024-04-26,health,530
7979,E,2024-05-30,home,622
7980,S,2024-04-02,health,813
7981,S,2024-06-26,home,709
7982,E,2024-02-27,travel,658
7983,N,2024-03-15,travel,635
7984,W,2024-06-01,home,887
7985,W,2024-10-06,travel,665
7986,W,2024-09-25,travel,372
7987,S,2024-04-28,auto,612
7988,E,2024-11-05,travel,641
7989,E,2024-02-27,travel,843
7990,E,2024-05-11,auto,588
7991,W,2024-11-16,home,820
7992,E,2024-05-22,auto,653
7993,N,2024-06-09,auto,735
7994,S,2024-09-06,home,579
7996,S,2024-02-11,home,1061
7997,W,2024-10-10,health,546
7998,S,2024-08-30,auto,641
7999,S,2024-06-22,travel,680
8000,W,2024-05-15,travel,422
8001,S,2024-07-23,travel,691
8002,W,2024-09-20,auto,541
8003,E,2024-06-14,travel,626
8004,S,2024-05-02,auto,$995
8005,W,2024-06-15,travel,499
8006,E,2024-01-20,health,436
8008,W,2024-07-22,travel,734
8009,W,2024-08-30,travel,USD 515
8010,S,2024-06-22,auto,580
8011,W,2024-11-11,travel,644
8012,N,2024-01-26,home,356
8013,E,2024-09-04,home,843
8014,S,2024-05-18,auto,700
8015,E,2024-11-15,home,728
8016,S,2024-07-23,travel,749
8017,N,2024-08-29,health,556
8018,S,2024-05-05,home,757
8019,S,2024-03-16,travel,656
8020,E,2024-07-25,travel,719
8021,N,2024-02-21,auto,460
8022,W,2024-06-24,home,828
8023,S,2024-11-17,auto,571
8024,N,2024-10-10,health,582
8025,N,2024-09-07,home,878
8026,E,2024-01-23,travel,551
8027,E,2024-03-17,home,874
8028,N,2024-08-13,travel,811
8029,E,2024-03-10,health,613
8031,W,2024-01-05,home,878
8032,E,2024-06-27,home,586
8034,N,2024-07-08,home,754
8035,N,2024-11-18,auto,808
8036,N,2024-03-08,health,514
8037,S,2024-04-17,auto,651
8038,N,2024-04-11,auto,760
8039,N,2024-06-17,travel,620
8040,N,2024-06-19,travel,927
8041,N,2024-03-29,auto,551
8042,E,2024-06-20,auto,737
8043,W,2024-07-10,health,867
8044,S,2024-05-11,health,567
8045,W,2024-11-10,auto,911
8046,E,2024-10-31,health,479
8047,W,2024-08-31,home,706
8049,E,2024-05-29,auto,797
8050,W,2024-04-10,auto,519
8051,W,2024-02-02,auto,847
8052,N,2024-11-19,home,664
8053,N,2024-05-26,home,535
8054,S,2024-06-27,home,758
8055,N,2024-05-01,health,373
8056,S,2024-10-28,travel,830
8057,N,2024-02-02,auto,813
8058,E,2024-04-04,health,935
8059,W,2024-08-15,home,650
8060,W,2024-09-30,travel,395
8061,S,2024-01-02,home,USD 714
8062,S,2024-05-02,travel,897
8063,S,2024-01-18,health,669
8064,N,2024-04-24,auto,545
8065,E,2024-11-10,health,690
8066,N,2024-04-10,travel,480
8067,S,2024-11-11,home,860
8068,W,2024-11-01,travel,663
8069,E,2024-06-18,auto,748
8070,S,2024-08-09,auto,827
8071,S,2024-03-21,home,848
8072,N,2024-09-02,travel,675
8073,E,2024-04-20,auto,565
8074,E,2024-02-09,auto,747
8075,E,2024-11-06,travel,680
8076,E,2024-05-03,travel,995
8077,N,2024-01-05,travel,538
8078,S,2024-01-25,travel,901
8079,S,2024-04-13,travel,588
8080,N,2024-03-24,travel,633
8081,W,2024-08-25,travel,594
8082,S,2024-08-19,health,484
8083,E,2024-01-31,home,581
8084,S,2024-03-31,travel,788
8085,W,2024-04-21,auto,980
8086,S,2024-06-03,auto,736
8087,E,2024-09-30,travel,783
8088,W,2024-01-14,home,1117
8089,S,2024-08-23,health,919
8090,N,2024-10-01,auto,699
8091,S,2024-03-20,auto,510
8092,S,2024-06-02,home,600
8093,W,2024-07-17,health,613
8094,E,2024-06-22,auto,683
8095,N,2024-08-17,health,873
8096,W,2024-09-08,home,$557
8097,W,2024-01-05,home,$513
8099,W,2024-08-14,auto,671
8100,S,2024-02-03,health,$682
8101,S,2024-03-26,travel,549
8102,E,2024-06-22,auto,526
8103,N,2024-06-28,auto,$671
8104,S,2024-05-02,travel,691
8105,E,2024-05-10,auto,921
8106,W,2024-01-29,travel,541
8107,E,2024-07-01,travel,452
8108,N,2024-10-24,auto,USD 479
8109,S,2024-05-21,auto,528
8110,N,2024-07-24,health,898
8112,E,2024-06-05,travel,548
8113,N,2024-04-17,health,729
8114,S,2024-10-21,travel,494
8115,W,2024-03-08,home,791
8116,S,2024-03-30,travel,617
8117,W,2024-07-25,auto,677
8118,N,2024-09-20,auto,896
8119,E,2024-06-23,auto,633
8120,N,2024-04-12,health,801
8121,S,2024-06-13,health,468
8122,W,2024-11-23,home,$737
8123,N,2024-05-29,home,690
8124,N,2024-02-12,travel,778
8125,N,2024-03-08,home,656
8126,E,2024-08-23,home,USD 639
8127,S,2024-01-13,health,$557
8128,W,2024-11-13,home,503
8129,N,2024-03-25,auto,451
8130,S,2024-10-22,health,516
8131,E,2024-04-12,home,$825
8132,W,2024-03-06,auto,595
8133,E,2024-03-24,health,720
8134,S,2024-09-12,auto,690
8135,N,2024-05-09,home,$382
8136,S,2024-06-24,health,887
8138,E,2024-04-26,home,813
8139,N,2024-06-09,travel,569
8140,W,2024-03-16,travel,603
8141,E,2024-10-23,auto,718
8142,W,2024-07-19,health,USD 914
8143,N,2024-08-29,health,949
8144,S,2024-02-25,home,627
8145,E,2024-05-30,health,789
8146,N,2024-07-30,health,928
8147,E,2024-01-03,auto,837
8149,S,2024-07-07,health,949
8150,S,2024-10-23,auto,575
8151,E,2024-10-24,auto,612
8152,N,2024-02-26,home,835
8153,W,2024-06-08,auto,827
8154,N,2024-09-12,travel,533
8155,W,2024-01-22,travel,654
8156,W,2024-03-23,auto,668
8157,E,2024-11-07,travel,623
8158,W,2024-05-02,home,612
8159,W,2024-04-30,travel,947
8160,N,2024-05-06,home,693
8161,W,2024-07-17,travel,799
8162,S,2024-01-28,home,612
8163,E,2024-11-24,travel,757
8164,N,2024-10-18,home,658
8165,E,2024-01-10,health,522
8166,W,2024-10-11,auto,612
8167,S,2024-05-13,health,806
8168,N,2024-10-04,auto,"$1,063"
8169,N,2024-01-25,travel,679
8170,N,2024-05-20,home,834
8171,E,2024-04-17,home,443
8172,W,2024-02-03,home,590
8173,N,2024-10-03,auto,502
8174,S,2024-03-27,home,USD 760
8175,W,2024-09-01,travel,$431
8176,W,2024-04-06,health,663
8177,N,2024-08-15,travel,786
8178,N,2024-07-23,health,895
8179,E,2024-10-26,travel,408
8180,N,2024-09-17,home,$959
8181,E,2024-03-28,travel,472
8182,W,2024-06-18,home,634
8183,N,2024-04-22,home,823
8184,E,2024-09-02,auto,609
8185,N,2024-06-05,travel,576
8186,W,2024-08-27,auto,743
8187,W,2024-10-01,home,556
8188,S,2024-01-22,home,758
8189,E,2024-06-06,home,548
8190,E,2024-09-21,auto,428
8191,E,2024-05-20,home,USD 869
8192,W,2024-05-25,auto,895
8193,W,2024-08-23,travel,617
8194,W,2024-01-18,travel,$472
8195,S,2024-05-26,health,704
8196,W,2024-04-12,home,578
8197,E,2024-10-16,health,USD 447
8199,W,2024-06-03,home,582
8200,S,2024-10-21,travel,693
8201,W,2024-09-12,auto,515
8203,S,2024-01-13,auto,728
8204,E,2024-04-11,auto,502
8205,W,2024-06-20,home,732
8206,N,2024-05-06,auto,655
8207,N,2024-05-15,travel,604
8208,N,2024-06-20,travel,614
8209,W,2024-03-11,travel,778
8210,E,2024-04-18,home,973
8211,N,2024-04-10,home,603
8212,N,2024-01-26,auto,528
8213,W,2024-06-08,health,717
8214,S,2024-03-23,health,USD 627
8215,S,2024-06-29,home,556
8216,W,2024-01-31,health,490
8217,E,2024-10-05,home,434
8218,N,2024-03-07,health,590
8219,S,2024-10-05,health,528
8220,N,2024-05-31,auto,$498
8221,E,2024-10-28,health,660
8222,E,2024-02-16,home,580
8223,W,2024-02-10,auto,1069
8224,W,2024-08-13,health,430
8226,S,2024-11-19,travel,765
8227,E,2024-07-30,travel,617
8228,S,2024-04-20,travel,552
8229,E,2024-03-30,health,697
8230,W,2024-04-04,health,793
8231,E,2024-03-11,health,959
8232,W,2024-08-19,health,584
8233,E,2024-01-23,auto,809
8234,W,2024-03-31,auto,802
8235,E,2024-10-24,auto,800
8236,W,2024-03-11,home,740
8237,E,2024-04-10,health,825
8238,N,2024-03-31,home,806
8239,S,2024-06-07,travel,741
8241,E,2024-03-31,health,613
8242,W,2024-01-07,travel,698
8243,S,2024-03-26,travel,843
8244,E,2024-07-21,home,651
8245,W,2024-09-17,auto,729
8246,N,2024-03-28,home,804
8247,S,2024-01-19,home,698
8248,W,2024-06-15,travel,482
8249,W,2024-02-26,auto,494
8251,N,2024-03-08,health,$661
8253,N,2024-03-28,auto,595
8254,N,2024-04-21,home,621
8255,W,2024-07-01,auto,896
8256,S,2024-09-19,home,592
8257,N,2024-08-28,health,559
8258,N,2024-09-11,home,807
8259,W,2024-11-24,home,938
8260,S,2024-01-12,health,452
8261,E,2024-11-09,travel,563
8262,N,2024-08-29,travel,325
8263,W,2024-05-12,auto,508
8264,N,2024-07-29,travel,802
8265,S,2024-11-21,auto,770
8266,E,2024-01-03,health,$731
8267,E,2024-06-29,auto,691
8269,E,2024-05-08,home,938
8270,S,2024-05-31,home,804
8271,W,2024-01-29,health,554
8272,S,2024-03-05,travel,793
8273,E,2024-10-28,home,473
8274,N,2024-01-14,travel,549
8276,E,2024-03-22,travel,655
8277,W,2024-01-07,health,1025
8278,S,2024-09-07,auto,606
8279,W,2024-07-07,home,592
8280,E,2024-03-25,travel,1015
8281,S,2024-06-02,health,1087
8282,W,2024-06-03,auto,572
8283,E,2024-08-10,home,952
8284,W,2024-05-26,health,664
8285,N,2024-01-08,auto,664
8286,N,2024-06-12,home,855
8287,E,2024-09-30,health,844
8288,N,2024-11-11,health,573
8289,E,2024-11-09,home,745
8290,E,2024-03-16,travel,366
8291,E,2024-10-10,travel,433
8292,N,2024-10-14,home,646
8293,W,2024-08-18,health,529
8295,E,2024-04-24,home,535
8296,W,2024-06-22,health,506
8297,W,2024-06-09,home,723
8298,N,2024-10-28,home,698
8299,E,2024-08-02,auto,712
8300,N,2024-06-24,home,578
8301,N,2024-04-08,home,USD 624
8302,W,2024-07-08,health,560
8304,N,2024-09-05,health,724
8305,N,2024-10-20,home,657
8306,N,2024-04-29,health,505
8307,E,2024-10-31,auto,509
8308,N,2024-04-18,auto,895
8309,E,2024-09-09,health,588
8310,N,2024-04-08,health,502
8311,N,2024-05-20,health,653
8312,E,2024-08-07,home,525
8313,N,2024-03-11,travel,552
8314,W,2024-08-08,home,958
8315,N,2024-09-22,travel,699
8316,W,2024-05-20,travel,616
8317,S,2024-04-03,health,535
8318,W,2024-01-08,health,443
8319,E,2024-03-18,home,671
8320,S,2024-06-30,travel,987
8321,W,2024-09-15,travel,655
8322,N,2024-07-27,health,785
8323,E,2024-05-09,home,440
8324,N,2024-10-31,auto,808
8325,S,2024-01-14,auto,769
8326,N,2024-08-12,auto,877
8327,W,2024-09-11,home,493
8328,W,2024-01-09,travel,722
8329,N,2024-06-07,health,561
8331,N,2024-09-08,health,639
8333,S,2024-08-20,health,702
8334,S,2024-10-12,home,506
8335,N,2024-09-16,health,580
8336,N,2024-08-27,home,403
8337,N,2024-10-20,home,652
8338,N,2024-03-16,home,918
8339,W,2024-04-23,home,1200
8340,E,2024-02-05,home,582
8341,S,2024-04-24,travel,USD 507
8342,E,2024-07-19,travel,1012
8343,E,2024-11-13,travel,747
8344,E,2024-10-17,auto,739
8345,N,2024-03-01,health,857
8346,E,2024-01-14,home,654
8347,E,2024-01-10,home,USD 418
8348,W,2024-03-25,travel,USD 633
8349,S,2024-07-03,travel,511
8350,W,2024-03-28,home,785
8351,W,2024-04-22,auto,532
8352,W,2024-07-18,travel,529
8353,E,2024-08-01,home,701
8354,E,2024-07-17,health,684
8355,N,2024-06-07,home,629
8356,S,2024-04-17,auto,751
8357,E,2024-02-27,home,723
8358,E,2024-10-01,home,665
8359,N,2024-05-29,health,1006
8360,W,2024-11-14,health,590
8361,E,2024-03-20,travel,734
8362,E,2024-02-27,health,517
8363,S,2024-06-05,travel,555
8364,N,2024-04-20,home,702
8365,N,2024-10-26,auto,715
8366,W,2024-07-01,auto,676
8368,W,2024-11-16,auto,614
8369,N,2024-05-22,travel,574
8370,E,2024-07-13,auto,556
8371,S,2024-06-07,travel,782
8372,S,2024-01-28,health,565
8373,W,2024-04-02,travel,642
8374,E,2024-07-21,travel,704
8375,N,2024-10-24,travel,346
8377,W,2024-02-08,auto,1000
8378,W,2024-08-04,travel,596
8379,N,2024-03-13,auto,430
8380,N,2024-03-05,health,553
8381,N,2024-09-27,travel,857
8382,W,2024-05-27,auto,957
8383,W,2024-08-07,health,1019
8384,W,2024-02-21,auto,640
8385,W,2024-05-30,auto,702
8386,N,2024-05-22,auto,989
8387,N,2024-08-04,travel,556
8388,E,2024-06-27,travel,415
8389,W,2024-04-10,travel,562
8390,E,2024-09-02,health,652
8391,N,2024-09-29,travel,605
8392,E,2024-01-29,health,851
8393,N,2024-10-06,auto,592
8394,E,2024-03-15,travel,799
8395,E,2024-01-01,travel,614
8396,W,2024-03-20,travel,503
8397,W,2024-09-09,home,657
8398,N,2024-05-22,travel,632
8399,N,2024-03-15,travel,793
8400,S,2024-02-19,travel,837
8401,W,2024-11-07,health,362
8403,S,2024-08-28,health,705
8404,E,2024-03-26,auto,746
8405,S,2024-02-23,home,615
8406,E,2024-04-28,travel,714
8407,W,2024-06-01,travel,522
8408,S,2024-11-22,health,551
8409,N,2024-05-27,home,$706
8410,N,2024-05-01,health,903
8411,W,2024-09-24,home,604
8412,W,2024-07-03,travel,605
8413,W,2024-06-02,travel,684
8414,W,2024-11-12,home,576
8415,S,2024-10-27,travel,638
8416,W,2024-03-02,auto,569
8417,W,2024-01-12,health,USD 448
8418,W,2024-07-26,home,762
8419,S,2024-05-31,home,USD 658
8420,E,2024-05-22,health,456
8421,S,2024-11-19,travel,588
8424,E,2024-11-01,travel,761
8425,E,2024-08-02,auto,694
8426,N,2024-10-07,health,$617
8428,E,2024-02-11,auto,647
8430,W,2024-09-15,health,710
8431,N,2024-03-09,home,557
8432,S,2024-06-07,travel,823
8433,S,2024-04-20,health,497
8434,W,2024-09-26,travel,524
8435,W,2024-09-08,auto,705
8436,S,2024-07-31,auto,722
8437,E,2024-05-30,health,888
8438,S,2024-03-16,auto,445
8439,N,2024-06-07,auto,544
8440,S,2024-02-12,auto,616
8441,W,2024-07-25,health,577
8442,N,2024-01-06,auto,1005
8443,E,2024-01-28,home,488
8444,S,2024-06-18,travel,527
8445,N,2024-02-22,home,1047
8446,S,2024-04-27,travel,531
8447,S,2024-04-07,travel,626
8448,W,2024-06-04,auto,671
8449,S,2024-02-26,health,718
8450,N,2024-01-15,travel,507
8451,E,2024-08-31,auto,685
8452,S,2024-07-06,auto,797
8453,S,2024-03-30,travel,900
8454,W,2024-10-07,health,635
8455,E,2024-07-26,auto,694
8456,S,2024-09-20,travel,558
8457,E,2024-03-24,auto,852
8458,N,2024-06-28,travel,610
8459,N,2024-10-03,home,571
8460,N,2024-01-06,travel,815
8461,N,2024-01-11,home,576
8462,N,2024-09-02,health,612
8463,E,2024-01-28,auto,620
8464,S,2024-06-28,auto,663
8465,N,2024-11-14,health,$648
8466,S,2024-07-26,auto,539
8467,E,2024-07-31,home,388
8468,W,2024-10-13,home,678
8469,E,2024-05-01,home,USD 358
8471,W,2024-01-23,home,593
8472,N,2024-10-20,auto,687
8473,E,2024-09-01,auto,756
8474,S,2024-07-26,auto,539
8475,W,2024-08-02,travel,795
8476,E,2024-03-19,auto,763
8477,N,2024-03-23,health,625
8478,N,2024-05-15,travel,689
8479,S,2024-02-08,health,700
8480,W,2024-04-18,home,701
8481,N,2024-03-19,auto,346
8482,N,2024-09-08,home,634
8483,E,2024-10-09,home,$661
8484,W,2024-07-25,auto,537
8485,S,2024-03-28,home,550
8486,S,2024-09-22,health,547
8487,S,2024-07-17,health,890
8488,N,2024-08-05,travel,550
8489,S,2024-01-15,auto,490
8490,E,2024-06-24,travel,364
8491,N,2024-06-07,auto,648
8492,S,2024-01-06,home,713
8493,S,2024-04-21,travel,984
8494,W,2024-01-31,travel,483
8495,E,2024-09-28,travel,799
8496,W,2024-05-30,home,831
8497,N,2024-10-19,health,873
8498,N,2024-07-11,travel,752
8499,N,2024-04-07,home,642
8500,S,2024-09-20,auto,516
8501,E,2024-09-04,home,493
8502,S,2024-02-29,health,776
8503,E,2024-09-22,home,484
8504,S,2024-10-05,travel,465
8505,E,2024-01-23,auto,628
8506,E,2024-11-06,health,$685
8507,S,2024-03-30,auto,398
8508,W,2024-01-19,auto,841
8509,W,2024-01-18,home,578
8510,E,2024-06-14,home,705
8511,S,2024-05-06,auto,534
8512,N,2024-03-24,auto,886
8513,S,2024-07-31,home,USD 486
8514,W,2024-07-13,travel,861
8515,N,2024-03-19,home,890
8516,E,2024-07-25,health,621
8517,W,2024-04-27,home,827
8518,W,2024-02-23,home,USD 425
8519,W,2024-10-18,home,820
8520,N,2024-09-03,health,947
8521,E,2024-11-21,home,421
8522,N,2024-08-30,health,510
8523,S,2024-04-02,health,813
8524,W,2024-07-13,auto,934
8525,S,2024-02-23,auto,648
8526,E,2024-03-08,travel,647
8527,W,2024-02-03,auto,635
8528,W,2024-03-10,travel,597
8529,W,2024-11-16,auto,690
8530,W,2024-04-08,home,608
8531,E,2024-04-23,auto,682
8532,S,2024-06-17,health,$597
8533,W,2024-09-27,auto,618
8534,E,2024-07-07,auto,707
8535,S,2024-04-18,auto,855
8536,N,2024-03-06,health,729
8537,E,2024-05-28,travel,612
8538,W,2024-05-15,auto,825
8539,E,2024-08-23,travel,767
8540,E,2024-10-01,auto,916
8541,S,2024-11-02,travel,948
8542,N,2024-06-28,auto,659
8543,S,2024-02-23,health,721
8544,W,2024-10-10,health,614
8545,E,2024-03-04,health,563
8546,S,2024-07-19,travel,642
8547,W,2024-02-29,travel,668
8548,E,2024-05-18,home,675
8549,W,2024-03-20,auto,588
8550,E,2024-05-13,home,674
8551,W,2024-09-28,health,745
8552,N,2024-11-07,home,$758
8553,S,2024-08-08,health,654
8554,W,2024-07-23,health,670
8555,S,2024-04-15,health,904
8558,N,2024-11-16,health,569
8559,W,2024-11-04,health,550
8560,W,2024-06-20,auto,811
8561,E,2024-06-08,travel,$620
8562,N,2024-06-01,health,507
8563,E,2024-02-04,auto,432
8564,W,2024-06-23,health,691
8565,W,2024-01-20,travel,447
8566,E,2024-04-20,health,$780
8567,N,2024-08-02,health,732
8568,S,2024-08-15,home,702
8569,E,2024-11-17,auto,729
8570,W,2024-02-27,health,524
8571,W,2024-10-23,home,562
8572,N,2024-02-03,health,674
8573,S,2024-10-14,travel,547
8574,W,2024-09-18,health,$451
8575,E,2024-06-14,health,531
8576,E,2024-09-13,auto,876
8577,E,2024-08-06,travel,910
8578,W,2024-09-10,travel,761
8579,W,2024-04-25,travel,483
8580,W,2024-11-10,health,617
8581,E,2024-07-18,health,510
8582,S,2024-07-20,health,817
8583,W,2024-05-02,health,672
8584,E,2024-08-25,home,639
8585,S,2024-04-22,auto,467
8586,S,2024-10-29,home,580
8587,S,2024-03-06,health,646
8588,N,2024-08-22,home,USD 767
8589,N,2024-01-08,travel,746
8590,N,2024-06-30,auto,633
8591,W,2024-11-01,auto,563
8592,W,2024-05-01,home,734
8593,W,2024-01-25,auto,631
8594,S,2024-08-17,travel,481
8595,E,2024-08-02,travel,$608
8596,W,2024-11-10,auto,665
8597,S,2024-01-13,travel,755
8598,E,2024-04-09,health,665
8599,N,2024-06-11,travel,569
8600,N,2024-08-06,auto,733
8601,E,2024-07-31,travel,549
8602,S,2024-02-04,home,756
8603,E,2024-02-20,health,746
8604,S,2024-06-20,auto,681
8605,S,2024-04-02,home,740
8606,N,2024-02-23,auto,744
8607,W,2024-05-17,auto,588
8608,N,2024-03-13,travel,832
8609,S,2024-08-12,home,525
8611,N,2024-01-30,home,792
8612,S,2024-07-04,health,820
8613,S,2024-05-12,auto,577
8614,W,2024-10-26,auto,665
8615,E,2024-06-21,home,619
8616,W,2024-10-11,home,1005
8617,S,2024-01-14,health,423
8618,N,2024-04-06,travel,808
8619,S,2024-01-24,travel,505
8620,N,2024-09-18,auto,715
8621,S,2024-01-24,travel,484
8622,E,2024-07-10,auto,773
8623,N,2024-05-18,health,435
8624,W,2024-01-26,home,545
8625,N,2024-11-15,travel,648
8626,S,2024-06-03,travel,649
8628,W,2024-03-21,home,597
8629,W,2024-10-04,travel,742
8630,W,2024-09-19,home,772
8631,N,2024-04-17,auto,821
8632,W,2024-11-08,home,823
8633,W,2024-05-29,home,518
8634,E,2024-06-26,home,619
8635,W,2024-10-25,auto,614
8637,N,2024-03-07,auto,761
8638,W,2024-09-27,auto,$515
8639,W,2024-04-09,health,622
8640,N,2024-04-06,health,1093
8641,E,2024-02-10,travel,717
8642,N,2024-10-24,travel,994
8643,E,2024-02-14,health,698
8644,N,2024-11-14,home,478
8645,N,2024-10-24,auto,639
8646,W,2024-02-29,auto,592
8647,S,2024-08-02,health,693
8648,N,2024-02-21,auto,978
8649,W,2024-05-20,health,658
8650,N,2024-01-19,health,670
8651,E,2024-10-07,travel,1103
8652,S,2024-06-26,travel,802
8653,W,2024-04-09,auto,497
8654,E,2024-06-27,auto,$723
8655,W,2024-11-17,travel,808
8656,N,2024-01-21,travel,548
8657,E,2024-09-02,travel,711
8658,S,2024-06-02,travel,616
8659,S,2024-06-24,travel,1022
8660,W,2024-09-16,travel,778
8661,E,2024-07-09,travel,491
8662,S,2024-01-17,travel,722
8663,W,2024-09-10,auto,884
8664,S,2024-07-14,auto,562
8665,W,2024-01-17,home,820
8666,S,2024-06-19,auto,661
8667,N,2024-07-03,health,749
8668,N,2024-03-31,auto,713
8670,N,2024-10-19,health,594
8671,W,2024-08-11,travel,590
8672,N,2024-08-12,travel,603
8673,E,2024-11-13,auto,682
8674,S,2024-08-27,travel,486
8675,S,2024-10-12,health,753
8677,S,2024-07-14,home,685
8678,E,2024-07-31,home,895
8679,E,2024-01-22,health,717
8680,E,2024-04-29,home,593
8681,N,2024-07-17,auto,652
8682,E,2024-03-11,health,755
8686,N,2024-03-04,auto,549
8687,W,2024-10-20,travel,USD 1214
8688,W,2024-02-07,home,585
8689,N,2024-02-06,travel,490
8690,W,2024-10-16,auto,464
8691,S,2024-04-29,health,670
8692,E,2024-03-25,home,799
8693,S,2024-04-10,travel,USD 722
8694,N,2024-03-06,travel,599
8695,E,2024-01-16,travel,765
8696,S,2024-05-03,health,$663
8697,S,2024-08-23,home,646
8698,E,2024-01-29,auto,902
8699,W,2024-03-26,travel,421
8700,N,2024-05-05,home,521
8701,E,2024-08-29,home,849
8702,E,2024-05-11,home,563
8703,S,2024-08-09,travel,873
8704,W,2024-02-13,travel,551
8705,W,2024-05-18,travel,1119
8706,E,2024-11-11,health,497
8707,E,2024-04-21,home,USD 716
8708,N,2024-04-22,health,772
8709,N,2024-08-21,auto,1007
8710,N,2024-11-20,travel,503
8711,E,2024-05-24,auto,677
8712,S,2024-01-10,auto,USD 528
8713,W,2024-05-23,auto,716
8714,N,2024-02-18,home,402
8715,E,2024-07-30,health,652
8716,W,2024-07-10,travel,586
8717,E,2024-02-07,travel,467
8718,E,2024-03-10,auto,$920
8719,N,2024-01-28,health,809
8720,E,2024-07-28,home,568
8721,E,2024-01-05,health,860
8722,W,2024-03-08,health,715
8723,S,2024-08-10,health,876
8724,N,2024-09-11,home,614
8725,N,2024-10-06,auto,858
8726,S,2024-02-21,home,871
8727,N,2024-08-11,home,607
8728,N,2024-09-25,auto,832
8730,S,2024-03-24,home,1054
8731,E,2024-07-13,home,818
8732,S,2024-06-23,home,772
8733,S,2024-06-03,health,867
8734,W,2024-01-10,health,$702
8735,W,2024-05-02,health,909
8736,N,2024-04-08,health,684
8737,N,2024-03-12,home,953
8738,S,2024-10-07,home,751
8739,W,2024-10-28,health,490
8740,W,2024-06-22,auto,851
8741,E,2024-09-30,health,652
8742,E,2024-04-18,auto,491
8743,E,2024-10-07,auto,634
8744,W,2024-07-05,travel,524
8745,N,2024-07-30,health,984
8746,S,2024-05-05,health,579
8747,E,2024-11-15,auto,758
8748,E,2024-09-14,home,551
8749,N,2024-03-17,auto,632
8750,W,2024-03-11,travel,757
8751,N,2024-01-20,home,716
8752,S,2024-02-07,health,925
8753,N,2024-10-03,home,483
8754,E,2024-06-05,auto,682
8755,N,2024-04-08,health,661
8756,N,2024-05-13,home,684
8757,S,2024-01-24,travel,802
8758,W,2024-08-17,auto,850
8759,W,2024-03-24,health,722
8760,S,2024-05-05,travel,656
8761,W,2024-11-12,auto,698
8762,E,2024-04-08,home,578
8763,N,2024-10-18,travel,495
8764,S,2024-08-05,home,711
8765,W,2024-10-31,travel,$743
8766,E,2024-02-07,auto,710
8767,E,2024-03-18,health,585
8768,E,2024-02-03,health,614
8769,E,2024-06-27,auto,638
8770,W,2024-02-07,home,640
8771,W,2024-03-11,travel,$487
8772,N,2024-05-27,travel,763
8773,S,2024-04-15,home,744
8774,W,2024-03-26,auto,586
8775,S,2024-11-03,travel,606
8776,N,2024-10-30,home,626
8777,N,2024-06-20,auto,725
8778,W,2024-07-17,travel,605
8779,S,2024-01-27,home,726
8780,N,2024-10-19,auto,482
8781,W,2024-04-07,health,553
8782,S,2024-01-28,home,$777
8783,E,2024-06-11,health,1006
8784,N,2024-11-23,health,810
8786,E,2024-08-17,home,510
8787,N,2024-05-07,travel,478
8788,S,2024-05-08,health,708
8789,S,2024-05-21,travel,662
8790,W,2024-03-02,home,769
8791,W,2024-09-08,health,$618
8792,N,2024-11-05,auto,747
8793,S,2024-04-01,travel,806
8794,N,2024-01-08,auto,USD 646
8795,E,2024-09-26,health,624
8796,E,2024-03-06,auto,877
8797,N,2024-11-19,health,829
8798,E,2024-05-02,health,710
8800,W,2024-05-24,auto,932
8801,E,2024-04-05,auto,463
8802,N,2024-01-30,health,639
8803,N,2024-09-11,travel,975
8804,E,2024-07-25,travel,643
8805,W,2024-02-24,auto,592
8806,S,2024-09-07,health,861
8807,N,2024-09-18,health,538
8808,S,2024-03-10,health,767
8809,W,2024-05-30,travel,487
8810,E,2024-03-13,auto,764
8811,W,2024-09-21,health,411
8812,N,2024-10-25,health,998
8813,S,2024-01-15,health,483
8814,E,2024-06-19,health,788
8816,N,2024-01-29,auto,560
8817,W,2024-01-20,health,554
8818,E,2024-11-12,auto,702
8819,N,2024-10-27,auto,408
8820,W,2024-04-27,travel,729
8821,E,2024-11-06,health,648
8822,W,2024-11-12,home,473
8823,E,2024-05-06,home,615
8824,W,2024-05-25,health,699
8825,E,2024-09-08,auto,663
8826,S,2024-01-21,travel,459
8827,E,2024-05-27,travel,868
8828,S,2024-03-10,auto,762
8829,S,2024-03-19,health,746
8830,N,2024-11-15,home,535
8831,N,2024-10-23,travel,USD 522
8833,N,2024-08-30,health,506
8834,S,2024-06-13,travel,609
8835,E,2024-02-22,travel,653
8836,S,2024-11-22,auto,886
8837,E,2024-05-26,health,779
8838,W,2024-09-04,home,668
8839,N,2024-10-22,home,736
8840,E,2024-01-21,home,565
8841,N,2024-06-17,home,707
8842,W,2024-08-23,auto,USD 817
8843,W,2024-07-16,home,496
8844,N,2024-09-27,health,751
8845,W,2024-02-04,home,640
8846,E,2024-08-09,health,816
8847,E,2024-08-14,health,749
8848,E,2024-09-21,home,537
8849,E,2024-09-06,home,755
8850,N,2024-01-10,home,1003
8851,E,2024-07-05,health,$490
8852,N,2024-06-30,travel,758
8853,S,2024-03-25,health,543
8854,N,2024-11-14,home,822
8855,N,2024-10-30,home,525
8856,E,2024-05-01,travel,835
8857,E,2024-08-06,auto,658
8858,W,2024-05-13,health,959
8859,E,2024-08-12,travel,560
8860,E,2024-04-18,home,753
8861,E,2024-04-09,auto,600
8862,E,2024-01-21,home,551
8863,E,2024-01-21,auto,964
8864,E,2024-03-29,health,466
8865,E,2024-09-09,health,486
8866,W,2024-05-12,home,704
8867,N,2024-06-25,health,695
8868,E,2024-09-16,auto,980
8869,N,2024-10-24,home,493
8870,N,2024-08-05,travel,658
8872,N,2024-03-23,health,754
8873,S,2024-10-03,travel,471
8874,S,2024-02-19,travel,779
8875,N,2024-01-18,travel,716
8876,W,2024-01-24,travel,659
8877,W,2024-02-21,health,484
8878,E,2024-11-16,auto,USD 574
8879,W,2024-05-19,home,466
8880,W,2024-09-20,travel,1014
8881,S,2024-05-14,travel,587
8883,S,2024-09-15,health,886
8884,S,2024-04-25,travel,782
8885,W,2024-01-08,auto,843
8886,W,2024-07-18,travel,605
8887,S,2024-03-19,travel,1006
8888,N,2024-06-11,health,600
8889,E,2024-07-17,home,567
8890,S,2024-01-18,auto,843
8891,S,2024-06-02,home,851
8892,N,2024-09-13,travel,637
8893,N,2024-09-12,auto,USD 692
8894,S,2024-10-22,home,500
8895,N,2024-04-15,health,966
8896,E,2024-03-03,home,635
8897,W,2024-05-30,travel,767
8898,N,2024-04-22,home,USD 964
8899,N,2024-10-16,travel,1156
8900,S,2024-09-01,health,675
8901,W,2024-06-11,auto,$541
8902,N,2024-02-17,auto,567
8903,N,2024-01-05,home,622
8904,W,2024-05-27,health,555
8905,N,2024-09-16,auto,738
8906,E,2024-08-05,travel,546
8908,E,2024-05-17,auto,500
8909,W,2024-03-13,auto,748
8910,W,2024-10-07,auto,903
8911,S,2024-01-04,travel,564
8912,E,2024-02-05,travel,853
8913,E,2024-05-24,travel,620
8914,S,2024-11-13,health,464
8915,W,2024-03-30,home,694
8916,S,2024-05-16,auto,882
8917,W,2024-08-24,travel,682
8918,S,2024-07-01,home,366
8919,S,2024-03-01,travel,641
8920,N,2024-05-04,home,634
8921,E,2024-11-05,travel,627
8922,E,2024-01-18,travel,591
8923,W,2024-06-20,auto,953
8924,S,2024-03-19,auto,719
8925,N,2024-06-20,health,694
8926,W,2024-03-06,home,696
8927,N,2024-07-09,home,574
8928,W,2024-02-21,travel,882
8929,W,2024-03-08,health,808
8930,W,2024-02-09,auto,793
8931,S,2024-07-20,travel,502
8932,E,2024-05-03,home,678
8933,S,2024-06-14,health,470
8934,W,2024-01-02,health,772
8935,W,2024-09-13,travel,577
8936,W,2024-03-14,auto,716
8937,W,2024-01-07,home,570
8938,W,2024-05-08,home,863
8940,N,2024-04-04,health,USD 876
8941,E,2024-07-25,health,628
8942,N,2024-08-17,home,882
8945,N,2024-03-21,home,$779
8946,N,2024-06-18,travel,504
8947,N,2024-03-29,health,970
8948,N,2024-06-16,auto,650
8949,E,2024-03-04,home,882
8950,E,2024-04-13,health,710
8951,S,2024-06-08,auto,$490
8952,W,2024-02-09,health,1037
8953,S,2024-03-01,auto,722
8954,W,2024-06-05,health,963
8955,W,2024-06-10,auto,474
8956,N,2024-10-10,auto,808
8957,W,2024-04-12,auto,732
8958,E,2024-03-22,health,714
8959,N,2024-10-01,auto,447
8960,W,2024-08-10,auto,572
8961,W,2024-01-22,home,464
8962,N,2024-09-15,auto,794
8963,W,2024-05-24,health,456
8964,W,2024-05-15,home,668
8965,W,2024-04-18,health,999
8966,N,2024-02-10,auto,480
8967,E,2024-07-30,travel,812
8968,W,2024-09-23,auto,686
8969,E,2024-05-01,health,705
8970,E,2024-03-06,auto,613
8971,S,2024-02-19,auto,537
8972,N,2024-06-08,travel,718
8973,N,2024-10-06,travel,565
8974,N,2024-10-01,auto,851
8975,W,2024-01-27,home,1003
8976,W,2024-11-14,auto,580
8977,E,2024-09-27,home,779
8978,W,2024-08-29,health,643
8979,W,2024-10-31,home,718
8980,S,2024-08-03,travel,595
8981,E,2024-04-28,auto,$643
8982,E,2024-11-17,travel,609
8983,E,2024-06-01,auto,554
8984,W,2024-03-23,health,$600
8985,S,2024-11-08,auto,528
8986,E,2024-06-04,auto,565
8987,W,2024-07-14,auto,682
8988,N,2024-10-30,health,USD 641
8989,E,2024-02-08,travel,1059
8990,W,2024-10-18,travel,801
8991,N,2024-06-13,travel,1162
8992,W,2024-03-29,auto,831
8993,N,2024-08-23,auto,527
8994,E,2024-07-15,health,$637
8995,E,2024-09-09,home,872
8996,N,2024-09-19,home,512
8997,E,2024-06-04,auto,713
8998,N,2024-01-12,health,888
8999,E,2024-04-08,travel,718
9000,S,2024-06-21,travel,USD 541
9001,E,2024-02-20,travel,681
9002,S,2024-04-17,health,815
9003,S,2024-03-11,auto,639
9004,S,2024-02-28,health,627
9005,W,2024-08-28,home,519
9006,S,2024-04-07,home,540
9008,S,2024-03-03,health,451
9009,E,2024-04-28,health,702
9010,N,2024-06-05,health,556
9011,N,2024-08-06,home,485
9012,N,2024-08-15,auto,743
9013,N,2024-05-17,home,669
9014,W,2024-02-01,travel,762
9015,S,2024-05-23,home,715
9016,S,2024-06-17,auto,828
9017,S,2024-06-06,home,520
9018,W,2024-02-02,health,470
9019,S,2024-01-24,health,689
9020,S,2024-03-05,travel,806
9021,S,2024-04-15,auto,751
9022,N,2024-02-09,home,430
9023,N,2024-08-20,home,761
9024,W,2024-11-21,health,780
9025,E,2024-10-30,home,821
9026,E,2024-06-16,health,764
9027,E,2024-08-06,travel,669
9028,W,2024-09-29,health,755
9029,W,2024-05-31,health,807
9030,E,2024-04-10,home,613
9031,N,2024-06-06,home,956
9032,W,2024-04-29,health,434
9033,E,2024-04-18,travel,503
9034,S,2024-03-27,travel,504
9035,S,2024-10-22,travel,804
9036,S,2024-10-08,travel,1121
9037,S,2024-01-30,health,730
9038,E,2024-05-22,home,599
9039,W,2024-06-24,travel,394
9040,E,2024-05-08,home,628
9041,E,2024-09-29,travel,968
9042,E,2024-04-05,health,641
9043,W,2024-08-19,health,1004
9044,N,2024-04-22,auto,586
9045,E,2024-10-06,auto,960
9046,W,2024-03-15,home,601
9047,N,2024-11-15,home,USD 724
9048,S,2024-03-01,auto,717
9049,E,2024-10-07,home,646
9050,N,2024-01-20,health,772
9051,N,2024-05-15,home,727
9052,E,2024-05-03,auto,881
9053,W,2024-09-16,auto,710
9054,S,2024-05-04,home,513
9055,E,2024-05-01,health,804
9056,E,2024-02-11,home,669
9057,N,2024-10-19,travel,497
9058,W,2024-06-24,health,583
9059,W,2024-05-27,health,925
9060,N,2024-05-20,travel,508
9061,S,2024-07-27,auto,506
9062,E,2024-05-30,travel,811
9063,E,2024-08-07,home,802
9064,N,2024-07-27,health,USD 717
9065,W,2024-11-04,home,830
9066,E,2024-05-20,travel,526
9067,E,2024-08-22,auto,744
9068,S,2024-06-01,health,616
9069,S,2024-06-27,home,664
9070,W,2024-10-31,home,$702
9071,S,2024-05-26,home,553
9072,W,2024-04-28,home,664
9073,E,2024-08-24,health,660
9074,S,2024-06-19,auto,569
9076,E,2024-02-11,auto,$554
9077,N,2024-09-23,travel,803
9078,E,2024-08-30,home,538
9079,S,2024-11-01,auto,831
9080,E,2024-02-04,travel,438
9081,E,2024-02-13,auto,681
9082,N,2024-11-20,travel,673
9083,W,2024-04-25,home,649
9084,N,2024-04-05,health,558
9086,W,2024-09-11,auto,$415
9087,E,2024-11-20,home,667
9088,W,2024-01-03,travel,1086
9089,W,2024-03-07,health,USD 651
9090,E,2024-11-22,travel,454
9091,W,2024-09-28,home,682
9092,N,2024-08-02,auto,714
9093,N,2024-11-18,home,441
9094,E,2024-05-31,auto,638
9095,W,2024-02-03,auto,823
9096,E,2024-11-18,health,839
9097,W,2024-06-19,travel,846
9098,S,2024-05-12,auto,545
9100,E,2024-02-19,auto,824
9101,S,2024-02-19,home,478
9102,E,2024-05-18,home,968
9103,N,2024-05-09,travel,698
9104,W,2024-08-28,auto,460
9105,E,2024-01-30,health,USD 655
9106,W,2024-06-17,travel,723
9107,E,2024-04-17,auto,410
9108,W,2024-08-02,health,718
9109,N,2024-05-22,travel,714
9110,S,2024-01-21,home,738
9111,W,2024-06-29,health,655
9112,E,2024-03-22,travel,909
9113,W,2024-02-27,home,655
9114,N,2024-10-09,health,659
9115,E,2024-09-05,health,603
9116,E,2024-03-22,travel,590
9117,N,2024-03-07,travel,525
9118,N,2024-01-19,health,USD 478
9119,S,2024-06-18,travel,729
9120,N,2024-09-08,health,599
9121,W,2024-04-04,auto,824
9122,E,2024-03-16,travel,569
9123,S,2024-04-10,health,773
9124,E,2024-04-06,travel,572
9125,N,2024-01-31,auto,751
9126,N,2024-04-14,auto,661
9127,E,2024-06-08,travel,697
9128,W,2024-09-02,health,$449
9129,N,2024-02-28,home,569
9130,W,2024-08-08,health,432
9131,N,2024-04-10,auto,508
9132,S,2024-05-10,home,1222
9133,E,2024-11-22,home,502
9134,E,2024-01-03,home,$665
9135,E,2024-10-27,auto,615
9136,N,2024-11-01,health,584
9138,S,2024-06-01,auto,595
9139,S,2024-04-17,home,1115
9140,N,2024-05-12,travel,652
9141,E,2024-01-08,auto,618
9142,W,2024-06-28,auto,823
9143,W,2024-06-08,home,538
9144,S,2024-04-02,health,605
9145,E,2024-07-15,auto,669
9146,S,2024-02-20,health,617
9147,N,2024-03-03,home,654
9148,W,2024-05-17,health,537
9149,E,2024-07-11,home,504
9150,S,2024-07-13,home,948
9151,N,2024-02-27,home,$673
9152,N,2024-01-27,auto,535
9153,W,2024-05-23,health,701
9154,E,2024-08-29,auto,513
9155,W,2024-02-16,auto,677
9156,W,2024-09-27,travel,883
9157,S,2024-06-29,home,674
9158,N,2024-08-09,home,752
9159,N,2024-05-04,home,559
9160,E,2024-03-20,home,542
9161,S,2024-02-16,auto,680
9162,E,2024-05-22,travel,433
9163,W,2024-05-30,home,850
9164,N,2024-05-07,auto,769
9165,N,2024-04-22,travel,615
9166,N,2024-10-02,auto,769
9167,W,2024-06-26,health,$778
9168,W,2024-04-30,travel,685
9169,S,2024-10-02,travel,688
9170,W,2024-03-09,travel,676
9172,S,2024-02-21,travel,642
9173,W,2024-09-08,auto,1004
9174,N,2024-05-25,travel,693
9175,N,2024-03-12,travel,524
9176,E,2024-10-05,travel,569
9177,S,2024-04-12,home,482
9178,S,2024-05-14,auto,577
9179,N,2024-04-27,home,772
9180,E,2024-06-09,home,521
9181,E,2024-01-03,travel,602
9182,N,2024-09-24,home,596
9183,N,2024-04-21,home,892
9184,E,2024-06-28,health,669
9185,W,2024-10-16,home,683
9186,E,2024-04-27,home,926
9187,W,2024-08-17,health,842
9188,N,2024-06-08,auto,879
9189,S,2024-05-28,home,657
9190,E,2024-09-13,health,633
9191,E,2024-06-03,home,539
9192,W,2024-09-18,auto,687
9193,E,2024-09-15,travel,591
9194,N,2024-09-27,health,490
9195,E,2024-03-13,travel,768
9196,S,2024-11-16,home,491
9197,E,2024-06-14,auto,528
9198,W,2024-09-18,auto,660
9199,W,2024-07-19,health,624
9200,N,2024-05-18,health,511
9201,S,2024-09-06,auto,706
9202,N,2024-05-17,home,570
9203,N,2024-10-18,health,$852
9204,S,2024-04-02,health,650
9205,W,2024-09-06,home,492
9206,N,2024-03-20,health,USD 984
9207,W,2024-07-20,home,706
9208,N,2024-10-26,home,644
9209,N,2024-07-22,auto,634
9210,W,2024-01-09,travel,698
9211,S,2024-07-24,health,671
9212,E,2024-08-26,travel,849
9213,N,2024-11-12,auto,951
9214,E,2024-06-05,auto,624
9215,W,2024-01-05,home,631
9216,N,2024-09-10,travel,802
9217,E,2024-06-28,auto,704
9218,E,2024-09-13,home,470
9219,E,2024-04-16,travel,$944
9220,E,2024-01-28,health,485
9221,S,2024-05-24,home,511
9222,N,2024-06-07,health,555
9223,E,2024-01-30,auto,389
9224,E,2024-09-17,auto,490
9225,N,2024-05-20,travel,831
9226,N,2024-08-10,home,758
9227,W,2024-04-19,auto,468
9228,S,2024-05-28,auto,572
9229,N,2024-03-25,home,828
9230,S,2024-10-24,auto,522
9231,E,2024-05-19,auto,430
9232,N,2024-10-27,health,542
9233,E,2024-09-14,auto,472
9234,S,2024-02-17,auto,663
9235,E,2024-05-07,auto,566
9237,N,2024-06-18,travel,669
9238,E,2024-09-17,home,577
9240,E,2024-04-17,health,569
9241,N,2024-04-30,auto,757
9242,S,2024-03-13,health,826
9243,W,2024-06-25,travel,560
9244,N,2024-03-01,auto,982
9245,S,2024-08-27,home,661
9246,N,2024-08-02,health,555
9247,W,2024-06-19,home,613
9248,E,2024-11-13,home,632
9249,N,2024-04-13,health,753
9250,W,2024-08-28,auto,549
9251,E,2024-05-01,auto,799
9253,W,2024-07-07,auto,770
9254,S,2024-01-24,auto,839
9255,S,2024-06-13,auto,572
9256,N,2024-01-23,home,569
9257,W,2024-06-07,health,452
9258,W,2024-06-11,travel,879
9259,N,2024-08-04,auto,518
9260,E,2024-01-13,home,1098
9261,E,2024-01-16,home,698
9262,E,2024-04-13,home,743
9263,W,2024-07-21,health,729
9264,E,2024-10-21,home,$695
9265,N,2024-04-11,health,629
9266,W,2024-05-04,home,712
9267,S,2024-02-19,health,705
9268,W,2024-06-05,travel,599
9269,W,2024-04-06,auto,964
9270,S,2024-01-13,health,581
9271,S,2024-01-23,home,549
9272,E,2024-02-20,travel,705
9273,N,2024-01-21,health,531
9274,E,2024-02-28,home,539
9275,E,2024-02-29,travel,714
9276,W,2024-09-26,home,607
9277,W,2024-08-17,auto,$435
9278,E,2024-02-28,health,604
9279,E,2024-04-14,health,522
9280,E,2024-10-07,health,811
9281,W,2024-03-29,health,787
9282,W,2024-11-08,health,699
9283,E,2024-04-16,auto,942
9284,N,2024-02-26,auto,$575
9285,W,2024-10-21,home,USD 504
9286,S,2024-10-24,auto,380
9287,N,2024-06-15,health,456
9288,N,2024-03-03,home,840
9289,E,2024-08-07,health,USD 687
9290,W,2024-07-20,health,458
9291,S,2024-02-26,travel,1077
9292,W,2024-08-28,home,635
9293,W,2024-06-09,auto,835
9294,E,2024-10-17,travel,630
9296,E,2024-06-16,travel,732
9297,S,2024-08-24,travel,560
9298,W,2024-01-15,health,608
9299,S,2024-01-19,health,788
9300,S,2024-05-28,home,670
9301,E,2024-07-30,auto,506
9302,S,2024-07-13,travel,698
9303,N,2024-10-30,travel,530
9304,S,2024-07-05,auto,940
9305,W,2024-04-11,health,722
9306,S,2024-03-17,travel,669
9307,S,2024-05-08,home,500
9308,E,2024-06-21,health,721
9309,E,2024-04-30,auto,526
9310,W,2024-04-10,auto,417
9311,N,2024-01-30,home,722
9312,W,2024-07-25,auto,777
9313,W,2024-09-22,travel,792
9314,N,2024-05-23,home,773
9315,W,2024-03-06,home,610
9316,N,2024-08-14,travel,685
9317,E,2024-06-11,health,836
9318,N,2024-05-02,home,USD 749
9319,S,2024-06-03,travel,823
9320,N,2024-07-14,auto,700
9321,N,2024-07-05,health,555
9322,W,2024-07-26,home,873
9323,E,2024-10-30,auto,523
9324,S,2024-11-23,home,USD 627
9325,W,2024-10-05,home,522
9326,N,2024-10-04,travel,$618
9327,E,2024-11-11,home,824
9328,W,2024-02-21,health,615
9329,S,2024-08-04,home,$582
9330,S,2024-06-18,auto,796
9331,N,2024-04-24,health,900
9332,W,2024-03-29,travel,546
9333,W,2024-08-03,health,901
9334,N,2024-10-29,health,880
9335,S,2024-01-09,home,461
9336,W,2024-01-24,auto,528
9337,N,2024-10-14,home,951
9338,S,2024-08-09,health,676
9339,W,2024-08-22,auto,620
9340,N,2024-10-08,health,533
9341,S,2024-09-30,travel,447
9342,W,2024-04-29,health,676
9343,E,2024-09-02,home,503
9344,N,2024-03-07,auto,536
9345,W,2024-03-13,health,551
9346,N,2024-08-29,home,1013
9347,E,2024-08-21,health,899
9348,S,2024-04-06,travel,USD 635
9349,W,2024-06-21,travel,766
9350,W,2024-07-11,travel,841
9351,W,2024-07-27,auto,1052
9352,N,2024-03-10,travel,464
9353,W,2024-03-01,auto,1046
9354,W,2024-03-28,auto,787
9355,N,2024-01-31,auto,734
9356,W,2024-10-16,travel,767
9357,E,2024-07-15,auto,693
9358,W,2024-09-12,travel,498
9359,W,2024-09-23,auto,899
9360,N,2024-10-08,travel,626
9361,W,2024-04-06,auto,791
9362,E,2024-08-31,health,918
9363,N,2024-07-25,health,USD 505
9364,N,2024-04-22,travel,877
9366,N,2024-05-21,travel,568
9367,S,2024-06-27,travel,810
9368,W,2024-03-01,auto,653
9369,E,2024-05-04,home,829
9370,S,2024-09-09,health,$324
9371,E,2024-06-28,health,501
9372,W,2024-07-07,travel,$794
9373,E,2024-01-01,travel,568
9374,S,2024-03-25,travel,733
9376,E,2024-07-28,home,504
9377,E,2024-06-04,auto,501
9378,N,2024-08-15,auto,579
9379,W,2024-01-06,travel,635
9380,W,2024-02-23,home,618
9381,E,2024-11-15,travel,697
9382,S,2024-10-22,auto,565
9383,W,2024-09-19,home,649
9384,N,2024-07-02,auto,908
9385,N,2024-10-28,auto,USD 420
9386,E,2024-02-11,home,517
9387,E,2024-01-05,auto,767
9388,W,2024-06-24,health,865
9389,S,2024-05-25,travel,USD 901
9390,S,2024-01-09,health,$766
9392,E,2024-09-13,health,508
9393,W,2024-06-11,auto,557
9394,E,2024-10-19,travel,763
9395,N,2024-10-09,home,646
9396,W,2024-06-06,auto,621
9397,E,2024-02-14,home,387
9398,W,2024-09-08,home,847
9399,S,2024-02-03,home,635
9400,E,2024-01-28,travel,862
9401,W,2024-03-06,health,938
9402,E,2024-11-24,auto,623
9403,W,2024-07-15,travel,556
9404,E,2024-04-11,home,$879
9405,N,2024-03-30,home,1201
9406,N,2024-02-28,health,712
9407,W,2024-01-19,health,789
9408,E,2024-02-14,home,760
9409,N,2024-08-24,home,1082
9410,E,2024-02-27,health,715
9411,W,2024-11-21,auto,USD 532
9412,W,2024-09-23,home,765
9413,N,2024-08-04,auto,728
9414,W,2024-02-08,health,635
9415,E,2024-07-27,home,656
9416,W,2024-10-03,travel,659
9418,E,2024-05-11,home,USD 596
9419,S,2024-01-08,travel,617
9420,W,2024-01-01,health,634
9421,W,2024-04-27,travel,626
9422,E,2024-08-12,travel,842
9423,E,2024-11-09,travel,726
9424,W,2024-04-25,auto,710
9425,E,2024-03-04,travel,976
9426,N,2024-10-19,home,615
9427,N,2024-11-14,travel,633
9428,S,2024-02-29,health,$518
9430,S,2024-03-09,travel,469
9431,E,2024-05-07,travel,954
9432,E,2024-01-26,auto,808
9434,E,2024-02-04,auto,604
9435,N,2024-04-10,home,627
9436,S,2024-10-15,home,644
9437,N,2024-04-05,home,595
9438,S,2024-03-06,auto,657
9439,E,2024-06-27,health,553
9440,E,2024-08-30,home,$819
9441,S,2024-04-13,health,534
9442,W,2024-06-29,travel,820
9443,W,2024-10-12,travel,555
9444,W,2024-02-03,home,578
9445,E,2024-07-07,travel,900
9446,W,2024-10-24,health,611
9447,S,2024-09-03,auto,853
9448,S,2024-02-04,auto,580
9449,S,2024-08-14,auto,569
9450,E,2024-04-04,home,792
9451,E,2024-03-20,auto,986
9452,N,2024-09-14,home,476
9453,S,2024-08-11,auto,518
9454,W,2024-02-28,home,612
9455,E,2024-07-31,auto,488
9456,S,2024-07-24,travel,681
9457,E,2024-08-09,auto,515
9458,S,2024-07-01,health,599
9459,E,2024-06-24,home,488
9460,S,2024-02-01,home,500
9461,N,2024-02-28,health,577
9462,N,2024-04-07,home,696
9463,S,2024-03-29,travel,507
9464,E,2024-07-23,home,722
9465,E,2024-04-12,health,749
9466,S,2024-09-18,home,404
9467,N,2024-02-05,health,727
9468,N,2024-08-15,auto,617
9469,W,2024-08-20,travel,664
9470,N,2024-02-27,travel,656
9471,E,2024-03-16,auto,577
9472,N,2024-11-04,travel,476
9473,N,2024-10-21,home,677
9474,N,2024-08-12,home,1065
9475,N,2024-02-03,health,553
9476,W,2024-03-19,travel,574
9477,S,2024-04-13,auto,885
9478,N,2024-05-05,travel,602
9479,S,2024-09-26,home,1047
9480,E,2024-03-31,health,511
9481,E,2024-01-03,home,687
9482,N,2024-01-06,auto,704
9483,W,2024-11-10,home,1090
9484,N,2024-05-19,home,466
9485,E,2024-09-24,travel,760
9486,S,2024-07-19,home,600
9488,N,2024-07-03,travel,459
9489,E,2024-05-07,travel,580
9490,E,2024-11-12,health,744
9491,S,2024-04-23,health,$626
9492,S,2024-09-26,travel,612
9493,E,2024-11-07,home,565
9494,E,2024-03-17,home,557
9495,W,2024-09-01,auto,740
9496,E,2024-07-28,auto,610
9497,S,2024-07-09,travel,397
9498,E,2024-07-08,home,883
9499,E,2024-01-22,home,$850
9500,S,2024-04-27,home,685
9501,E,2024-02-06,home,519
9502,E,2024-01-28,auto,847
9503,W,2024-09-10,auto,588
9504,N,2024-10-03,health,501
9505,N,2024-05-28,home,763
9506,E,2024-04-15,travel,527
9507,W,2024-07-24,health,916
9508,W,2024-08-18,travel,507
9509,S,2024-07-15,home,651
9510,E,2024-07-22,home,476
9511,E,2024-06-28,travel,972
9512,W,2024-09-08,home,694
9513,W,2024-11-17,health,669
9514,W,2024-03-04,home,834
9515,S,2024-05-12,health,$587
9516,E,2024-06-20,home,USD 854
9517,S,2024-08-23,auto,978
9518,W,2024-01-18,travel,573
9519,N,2024-10-08,home,792
9520,W,2024-05-12,health,748
9521,S,2024-02-09,home,475
9522,S,2024-10-01,travel,739
9523,W,2024-10-14,health,400
9525,N,2024-08-10,auto,749
9526,W,2024-01-22,auto,487
9528,E,2024-09-09,home,718
9529,W,2024-10-21,auto,790
9530,W,2024-10-29,health,571
9531,W,2024-07-08,travel,435
9532,N,2024-03-06,auto,665
9533,N,2024-02-02,home,$506
9534,W,2024-06-05,home,836
9535,W,2024-10-20,home,842
9536,N,2024-04-23,home,688
9537,W,2024-10-15,health,706
9538,N,2024-08-26,health,817
9539,E,2024-01-26,auto,816
9540,E,2024-05-06,health,933
9541,N,2024-02-28,travel,682
9542,E,2024-06-26,home,413
9543,S,2024-01-18,auto,616
9544,W,2024-05-07,travel,852
9545,E,2024-05-01,health,1042
9546,E,2024-08-15,auto,900
9547,N,2024-02-08,home,816
9548,E,2024-04-14,auto,585
9549,E,2024-03-04,travel,511
9550,E,2024-09-30,auto,846
9551,S,2024-11-12,auto,567
9552,N,2024-09-15,travel,546
9553,W,2024-05-15,home,1058
9554,E,2024-01-16,auto,589
9555,E,2024-01-14,home,843
9556,S,2024-05-21,home,663
9557,E,2024-02-17,travel,692
9558,N,2024-06-18,health,763
9559,E,2024-01-31,health,740
9560,E,2024-09-20,travel,476
9561,W,2024-04-21,travel,USD 814
9562,N,2024-11-26,home,456
9563,W,2024-08-20,health,614
9564,E,2024-05-06,auto,837
9565,S,2024-08-21,health,802
9566,N,2024-01-18,health,585
9567,W,2024-07-04,travel,553
9569,N,2024-09-14,travel,578
9570,W,2024-03-13,home,$600
9571,E,2024-09-09,home,599
9572,N,2024-07-17,health,753
9573,N,2024-11-26,health,663
9574,W,2024-11-05,home,701
9575,S,2024-09-17,auto,830
9576,N,2024-05-20,auto,586
9577,S,2024-11-15,travel,551
9578,E,2024-02-02,health,958
9579,W,2024-03-05,travel,795
9580,E,2024-10-25,travel,772
9581,N,2024-05-02,auto,479
9582,N,2024-02-11,home,809
9583,W,2024-04-13,auto,1133
9584,S,2024-03-15,home,711
9585,N,2024-02-23,health,388
9586,W,2024-07-13,health,$718
9587,E,2024-07-26,home,476
9588,S,2024-10-04,home,444
9589,S,2024-10-15,auto,570
9590,W,2024-10-24,auto,1064
9591,S,2024-03-25,health,772
9592,W,2024-02-18,auto,565
9593,W,2024-09-20,home,533
9594,N,2024-03-25,travel,$775
9595,S,2024-09-09,health,USD 961
9596,W,2024-09-02,travel,536
9597,W,2024-10-02,health,541
9598,S,2024-02-07,auto,611
9599,W,2024-05-01,auto,621
9600,N,2024-06-28,auto,434
9601,N,2024-10-29,health,558
9602,W,2024-10-03,home,745
9603,N,2024-01-11,travel,553
9604,N,2024-05-29,home,693
9605,E,2024-08-21,home,515
9606,S,2024-01-17,home,741
9607,S,2024-11-02,auto,699
9608,N,2024-06-26,auto,953
9609,N,2024-10-19,auto,665
9610,S,2024-08-08,home,673
9611,S,2024-03-16,home,1043
9612,N,2024-02-03,home,USD 881
9613,E,2024-07-06,health,619
9614,N,2024-09-19,auto,648
9615,W,2024-05-21,travel,845
9616,N,2024-10-27,travel,577
9617,W,2024-10-06,auto,698
9618,S,2024-05-29,health,653
9619,E,2024-01-22,auto,781
9620,E,2024-08-14,health,USD 721
9621,W,2024-07-24,health,553
9622,S,2024-02-28,home,876
9623,S,2024-05-09,health,804
9624,S,2024-10-16,auto,USD 790
9625,E,2024-11-11,home,661
9626,N,2024-08-25,auto,552
9627,N,2024-08-22,home,598
9628,W,2024-10-24,auto,546
9629,N,2024-03-26,health,575
9630,E,2024-03-05,home,570
9631,E,2024-10-03,health,730
9632,S,2024-02-10,health,952
9633,N,2024-08-22,health,402
9634,W,2024-08-07,health,530
9635,W,2024-01-02,auto,611
9636,E,2024-01-15,auto,1030
9637,E,2024-06-22,home,716
9638,N,2024-07-12,health,502
9639,W,2024-06-29,home,576
9640,S,2024-06-08,health,897
9641,W,2024-07-30,home,555
9642,S,2024-07-28,home,722
9643,S,2024-02-26,travel,655
9645,E,2024-08-11,home,760
9646,E,2024-08-24,auto,496
9647,E,2024-04-14,travel,614
9648,N,2024-09-03,auto,848
9649,W,2024-01-01,home,862
9650,W,2024-01-25,travel,1003
9651,N,2024-09-14,health,568
9652,N,2024-02-19,travel,772
9653,E,2024-05-08,auto,560
9654,N,2024-05-09,travel,555
9655,E,2024-09-29,auto,521
9656,W,2024-09-10,home,741
9657,S,2024-10-28,health,563
9659,W,2024-05-15,auto,607
9660,W,2024-08-27,home,752
9661,W,2024-06-22,home,788
9662,N,2024-03-04,home,578
9663,S,2024-01-16,auto,616
9664,S,2024-03-05,auto,922
9665,S,2024-08-16,auto,479
9666,N,2024-11-18,auto,348
9667,W,2024-03-20,health,711
9668,S,2024-03-05,auto,543
9669,N,2024-02-05,home,657
9670,E,2024-09-29,travel,532
9671,S,2024-04-06,travel,746
9672,N,2024-02-29,travel,539
9673,W,2024-06-21,home,515
9674,E,2024-05-21,health,492
9675,E,2024-10-20,auto,877
9676,E,2024-07-18,home,557
9677,N,2024-10-26,auto,619
9678,S,2024-08-24,health,697
9679,E,2024-01-06,health,978
9680,W,2024-09-24,auto,612
9681,S,2024-02-22,home,469
9682,W,2024-04-30,health,640
9683,E,2024-10-02,travel,864
9685,N,2024-06-14,home,691
9686,S,2024-07-05,health,959
9688,S,2024-02-05,travel,524
9689,N,2024-03-17,auto,662
9690,S,2024-04-28,travel,526
9691,W,2024-09-24,travel,942
9692,S,2024-10-19,health,650
9693,N,2024-10-11,auto,710
9694,S,2024-07-02,health,688
9695,W,2024-01-19,health,561
9696,S,2024-04-12,health,866
9697,E,2024-07-19,health,535
9698,S,2024-05-28,auto,719
9699,E,2024-03-28,home,$460
9700,N,2024-06-23,auto,773
9701,S,2024-09-04,home,490
9702,N,2024-06-24,auto,828
9703,E,2024-10-06,travel,614
9704,E,2024-06-12,auto,567
9705,S,2024-08-27,health,476
9706,W,2024-09-21,health,507
9707,N,2024-02-18,auto,1059
9708,N,2024-05-22,home,586
9709,N,2024-07-13,home,815
9710,N,2024-11-08,home,875
9711,S,2024-01-31,auto,804
9712,W,2024-01-13,home,628
9713,N,2024-08-16,home,619
9714,W,2024-08-02,travel,518
9715,W,2024-04-11,health,759
9716,W,2024-03-28,travel,$918
9717,E,2024-01-23,travel,822
9718,S,2024-03-20,health,624
9720,S,2024-02-04,home,685
9721,E,2024-06-09,auto,803
9722,S,2024-10-17,health,886
9723,S,2024-11-26,auto,615
9724,E,2024-06-22,auto,$647
9725,S,2024-03-12,home,980
9726,S,2024-03-28,travel,681
9727,E,2024-01-08,travel,698
9728,W,2024-02-22,home,721
9729,N,2024-11-17,auto,USD 720
9730,N,2024-03-16,health,771
9732,N,2024-08-18,auto,719
9733,S,2024-06-12,home,$676
9734,N,2024-07-07,home,1301
9735,W,2024-08-24,home,601
9736,E,2024-03-02,home,651
9737,S,2024-06-12,health,607
9738,W,2024-09-16,home,664
9739,N,2024-08-31,home,969
9740,W,2024-01-23,home,793
9741,S,2024-07-10,travel,$566
9742,W,2024-09-19,health,512
9743,W,2024-10-30,health,765
9744,N,2024-08-24,health,870
9745,N,2024-04-23,auto,690
9746,W,2024-08-29,travel,439
9747,E,2024-01-26,health,765
9748,E,2024-08-15,home,965
9749,W,2024-01-30,health,579
9750,E,2024-06-14,travel,467
9751,E,2024-07-07,health,598
9752,S,2024-06-02,home,572
9753,E,2024-03-22,home,741
9754,N,2024-07-06,auto,638
9755,S,2024-08-16,auto,1282
9756,W,2024-08-15,travel,568
9757,E,2024-09-07,health,565
9760,E,2024-06-16,health,822
9761,E,2024-11-26,health,498
9762,W,2024-08-14,auto,893
9763,W,2024-10-14,health,841
9764,E,2024-07-25,travel,540
9765,S,2024-07-01,home,805
9766,E,2024-01-07,home,505
9767,W,2024-11-11,travel,499
9768,W,2024-02-14,home,836
9769,W,2024-07-01,travel,449
9771,W,2024-03-01,health,563
9772,W,2024-03-22,health,738
9773,S,2024-11-24,home,USD 572
9775,E,2024-01-10,health,556
9776,N,2024-11-18,auto,505
9777,N,2024-11-11,auto,$549
9778,S,2024-11-10,travel,$704
9779,S,2024-05-17,home,543
9780,E,2024-08-06,travel,849
9781,W,2024-06-27,home,632
9782,N,2024-07-02,auto,918
9783,E,2024-10-02,travel,USD 514
9784,E,2024-02-02,home,707
9785,E,2024-11-18,travel,825
9786,N,2024-07-10,health,764
9787,E,2024-05-26,home,784
9788,S,2024-09-01,travel,419
9789,W,2024-01-02,auto,471
9790,N,2024-05-07,home,699
9791,N,2024-03-15,health,817
9792,N,2024-10-19,auto,501
9793,N,2024-04-15,home,492
9794,N,2024-05-27,home,676
9795,E,2024-06-27,auto,667
9796,E,2024-08-19,auto,885
9797,W,2024-05-08,home,736
9798,S,2024-01-10,home,754
9799,E,2024-08-06,home,979
9800,N,2024-08-04,auto,732
9801,E,2024-06-16,home,1166
9802,N,2024-08-12,auto,1010
9803,N,2024-06-16,health,936
9804,E,2024-02-25,travel,USD 718
9805,N,2024-08-27,home,519
9806,E,2024-03-07,health,609
9807,W,2024-09-10,auto,561
9808,W,2024-11-05,auto,758
9810,S,2024-08-10,home,812
9811,W,2024-01-05,auto,560
9812,W,2024-09-26,auto,582
9813,E,2024-08-25,auto,700
9814,S,2024-03-04,travel,1169
9815,N,2024-03-10,home,1020
9817,N,2024-05-05,travel,739
9818,N,2024-05-20,auto,682
9819,S,2024-07-19,health,435
9820,N,2024-01-07,home,$706
9821,E,2024-07-21,health,740
9822,N,2024-08-20,health,620
9823,N,2024-03-08,health,593
9824,E,2024-04-19,travel,649
9825,N,2024-06-07,travel,693
9826,W,2024-07-27,travel,580
9827,E,2024-04-23,home,947
9828,S,2024-04-13,health,860
9829,S,2024-06-04,home,$631
9830,E,2024-08-05,auto,614
9831,N,2024-10-14,auto,663
9832,N,2024-01-17,home,452
9833,W,2024-05-30,auto,682
9834,W,2024-07-06,travel,USD 663
9835,N,2024-07-16,home,547
9836,S,2024-06-21,home,416
9837,S,2024-08-18,auto,703
9838,N,2024-11-26,travel,769
9839,E,2024-10-01,travel,524
9840,E,2024-05-21,home,655
9841,W,2024-08-26,auto,657
9842,E,2024-10-06,home,751
9843,W,2024-11-18,travel,595
9844,N,2024-05-30,home,806
9845,W,2024-03-21,travel,604
9846,W,2024-08-12,travel,410
9847,N,2024-07-01,auto,901
9848,S,2024-06-08,home,537
9850,W,2024-08-10,health,USD 536
9851,E,2024-03-02,health,882
9852,S,2024-03-14,travel,708
9853,N,2024-04-03,travel,852
9854,N,2024-07-09,home,473
9855,N,2024-07-12,home,648
9856,S,2024-11-14,home,657
9857,E,2024-10-02,health,561
9858,E,2024-10-19,auto,722
9859,E,2024-08-13,health,776
9860,E,2024-04-29,home,511
9862,W,2024-05-24,auto,574
9863,W,2024-04-13,home,694
9864,S,2024-11-19,health,598
9865,E,2024-11-21,travel,686
9867,N,2024-02-11,auto,900
9868,E,2024-06-10,home,529
9869,N,2024-11-12,travel,765
9870,E,2024-05-02,travel,584
9871,E,2024-06-13,health,653
9872,E,2024-10-15,auto,600
9873,W,2024-02-28,travel,659
9874,E,2024-03-11,travel,463
9875,N,2024-05-13,travel,636
9876,S,2024-10-17,health,702
9877,N,2024-03-15,home,828
9878,N,2024-06-11,home,620
9879,S,2024-03-09,auto,472
9880,W,2024-09-12,travel,502
9881,W,2024-01-08,travel,917
9882,S,2024-02-18,health,795
9883,E,2024-10-27,health,826
9884,N,2024-03-05,travel,438
9885,S,2024-10-12,travel,637
9886,W,2024-08-07,auto,807
9887,W,2024-07-02,auto,637
9888,N,2024-01-20,travel,502
9889,E,2024-10-30,home,778
9890,S,2024-05-12,auto,917
9891,N,2024-09-23,travel,385
9892,N,2024-11-19,home,904
9893,W,2024-10-26,home,646
9894,N,2024-05-06,health,1204
9895,W,2024-08-28,travel,990
9896,W,2024-07-06,health,369
9897,W,2024-08-12,auto,589
9898,N,2024-10-26,travel,542
9899,E,2024-02-09,home,916
9900,W,2024-03-27,travel,898
9901,E,2024-05-20,travel,892
9902,E,2024-01-12,travel,$726
9903,N,2024-01-17,home,506
9904,S,2024-03-24,home,684
9905,E,2024-07-15,auto,550
9906,S,2024-07-17,travel,548
9907,S,2024-04-06,health,431
9908,E,2024-07-07,travel,588
9909,E,2024-01-29,auto,819
9910,W,2024-06-27,auto,663
9911,E,2024-11-19,health,USD 699
9912,S,2024-02-25,home,625
9913,S,2024-06-19,auto,729
9914,W,2024-07-01,health,816
9916,E,2024-04-13,auto,387
9917,E,2024-11-22,health,USD 469
9918,E,2024-02-24,travel,994
9919,E,2024-11-23,travel,520
9920,W,2024-06-03,health,728
9921,S,2024-10-19,health,562
9922,W,2024-05-28,travel,825
9923,E,2024-02-14,travel,614
9924,S,2024-09-15,home,776
9925,E,2024-04-07,auto,785
9926,S,2024-04-06,auto,417
9927,N,2024-03-11,health,884
9928,E,2024-06-29,travel,636
9929,W,2024-05-23,health,879
9930,N,2024-10-18,auto,860
9931,S,2024-11-22,health,621
9932,S,2024-08-06,auto,459
9933,W,2024-07-23,travel,713
9934,S,2024-02-16,auto,1012
9936,N,2024-11-08,health,854
9937,S,2024-09-13,travel,711
9938,E,2024-03-19,auto,568
9939,N,2024-03-27,auto,450
9940,N,2024-02-28,home,571
9941,S,2024-04-04,travel,840
9942,W,2024-01-16,travel,552
9943,W,2024-05-06,travel,USD 833
9944,N,2024-03-30,home,662
9945,N,2024-08-09,auto,635
9946,W,2024-09-01,health,516
9947,E,2024-05-05,home,380
9948,N,2024-02-03,travel,$564
9949,N,2024-02-26,home,868
9950,S,2024-02-03,travel,USD 921
9951,S,2024-05-26,health,864
9952,W,2024-10-16,health,488
9953,N,2024-07-31,health,823
9954,S,2024-03-28,health,607
9955,N,2024-07-12,auto,783
9956,E,2024-02-12,home,955
9957,W,2024-09-09,home,497
9958,W,2024-08-09,home,760
9959,E,2024-08-04,health,602
9960,N,2024-08-28,health,612
9961,N,2024-01-14,travel,630
9962,N,2024-02-03,auto,USD 607
9963,S,2024-04-15,travel,604
9964,W,2024-10-11,auto,740
9966,W,2024-08-06,health,828
9967,W,2024-01-28,home,875
9968,E,2024-01-17,auto,635
9969,E,2024-03-21,health,798
9970,N,2024-09-16,auto,753
9971,N,2024-03-31,auto,660
9972,E,2024-02-17,travel,519
9973,W,2024-04-18,home,764
9974,W,2024-03-19,travel,639
9975,S,2024-01-17,auto,498
9976,W,2024-04-15,health,588
9977,N,2024-10-19,auto,633
9978,W,2024-02-04,home,511
9979,N,2024-05-10,health,USD 523
9980,N,2024-01-26,travel,435
9981,S,2024-07-05,auto,656
9982,W,2024-01-31,auto,543
9983,N,2024-05-14,home,762
9984,S,2024-04-05,travel,805
9985,W,2024-01-08,health,620
9986,N,2024-02-02,travel,670
9987,W,2024-09-01,auto,599
9988,N,2024-06-14,health,897
9989,N,2024-11-06,travel,$878
9990,N,2024-04-12,auto,587
9991,N,2024-05-03,auto,$561
9992,W,2024-03-14,auto,669
9993,N,2024-03-10,travel,746
9994,N,2024-10-25,health,618
9995,N,2024-02-07,auto,549
9996,E,2024-01-05,travel,620
9997,S,2024-04-02,health,364
9998,W,2024-04-13,health,479
9999,N,2024-06-24,travel,882
10000,S,2024-08-18,home,USD 709
10001,S,2024-08-02,home,840
10002,W,2024-02-24,travel,729
10003,S,2024-03-08,home,761
10004,W,2024-03-15,home,578
10005,W,2024-08-07,health,849
10006,E,2024-11-26,health,761
10007,S,2024-02-05,home,USD 464
10008,E,2024-03-07,auto,843
10009,S,2024-04-10,travel,637
10010,W,2024-04-09,auto,488
10011,N,2024-07-01,home,$794
10012,S,2024-01-21,auto,743
10013,N,2024-03-17,home,$757
10014,N,2024-02-12,auto,612
10015,E,2024-05-04,auto,662
10016,E,2024-07-04,home,559
10017,S,2024-03-16,travel,815
10018,W,2024-05-20,home,945
10019,W,2024-09-25,travel,755
10020,E,2024-04-21,home,1103
10021,N,2024-06-07,auto,984
10022,W,2024-01-11,health,736
10023,E,2024-06-09,auto,433
10024,N,2024-11-02,health,697
10025,E,2024-06-29,auto,725
10026,E,2024-08-11,auto,854
10027,S,2024-05-13,home,740
10028,W,2024-09-04,health,916
10029,E,2024-05-08,travel,855
10030,N,2024-11-17,home,578
10031,S,2024-11-18,auto,594
10032,E,2024-01-25,home,1072
10033,E,2024-02-28,home,573
10034,W,2024-01-31,travel,752
10035,N,2024-03-16,auto,727
10036,E,2024-03-22,auto,607
10038,W,2024-06-13,health,706
10039,N,2024-01-19,auto,850
10040,N,2024-04-20,auto,USD 688
10041,W,2024-07-09,home,471
10043,S,2024-04-19,travel,682
10045,N,2024-09-18,auto,$642
10046,E,2024-06-29,health,614
10047,W,2024-02-26,health,356
10048,N,2024-05-29,auto,806
10049,S,2024-06-17,home,"$1,134"
10050,N,2024-07-04,auto,556
10051,W,2024-08-24,home,674
10052,E,2024-10-14,health,651
10054,S,2024-04-22,travel,651
10055,S,2024-02-06,health,843
10056,E,2024-11-18,health,642
10057,S,2024-01-21,home,572
10058,E,2024-10-11,auto,678
10059,N,2024-06-22,home,747
10060,N,2024-03-23,travel,474
10061,W,2024-08-27,travel,624
10062,E,2024-07-21,home,515
10063,N,2024-02-15,home,598
10064,E,2024-08-18,home,639
10065,N,2024-07-03,travel,781
10066,N,2024-07-18,home,621
10067,N,2024-02-19,health,661
10068,W,2024-10-01,health,616
10069,S,2024-06-20,health,687
10070,E,2024-04-25,health,621
10072,E,2024-08-10,travel,659
10073,S,2024-07-10,travel,687
10074,N,2024-10-30,auto,783
10075,E,2024-11-01,travel,511
10076,S,2024-10-05,auto,862
10077,S,2024-03-11,travel,599
10079,S,2024-04-10,travel,567
10080,N,2024-06-02,health,537
10081,S,2024-07-19,auto,747
10082,E,2024-04-29,health,788
10083,S,2024-06-17,auto,670
10084,N,2024-01-05,auto,627
10085,W,2024-01-29,auto,834
10086,E,2024-07-20,auto,USD 916
10087,E,2024-11-26,auto,738
10088,S,2024-02-05,auto,811
10089,S,2024-03-05,travel,809
10090,W,2024-11-15,home,649
10091,E,2024-08-03,travel,753
10092,N,2024-03-02,home,580
10093,E,2024-05-16,auto,USD 710
10094,E,2024-05-04,travel,798
10095,W,2024-08-09,health,579
10096,N,2024-09-30,health,477
10097,E,2024-09-27,auto,744
10098,E,2024-07-02,home,$784
10099,N,2024-06-19,health,484
10100,W,2024-05-04,home,506
10101,S,2024-09-07,home,USD 659
10102,W,2024-08-03,health,646
10103,W,2024-07-25,home,780
10104,W,2024-01-27,travel,431
10105,W,2024-05-06,health,USD 594
10106,W,2024-02-09,travel,789
10107,W,2024-04-26,auto,596
10108,S,2024-08-07,auto,625
10109,W,2024-10-13,health,626
10110,S,2024-06-14,travel,917
10111,W,2024-08-22,home,487
10112,W,2024-05-08,health,455
10113,N,2024-09-08,auto,469
10114,E,2024-09-28,auto,836
10115,S,2024-02-04,health,652
10116,W,2024-09-04,health,705
10117,W,2024-10-16,auto,673
10118,N,2024-04-09,home,$937
10119,W,2024-06-27,health,524
10120,S,2024-02-09,auto,943
10121,S,2024-03-18,health,829
10122,E,2024-08-08,auto,1069
10123,W,2024-01-23,home,708
10124,W,2024-06-22,health,515
10125,S,2024-05-24,travel,628
10126,S,2024-08-28,travel,499
10127,S,2024-01-14,auto,742
10128,N,2024-06-29,auto,590
10129,E,2024-02-25,travel,869
10130,S,2024-01-14,auto,562
10131,E,2024-08-31,auto,544
10132,W,2024-03-06,auto,917
10133,E,2024-09-05,health,857
10134,E,2024-02-20,home,458
10135,E,2024-09-03,home,"$1,007"
10137,W,2024-10-07,health,546
10139,E,2024-10-09,travel,789
10140,E,2024-01-04,health,673
10141,W,2024-03-29,home,822
10142,W,2024-09-01,home,654
10143,W,2024-05-05,travel,575
10144,N,2024-08-05,auto,944
10145,E,2024-04-17,auto,523
10146,N,2024-03-13,home,549
10147,E,2024-02-17,travel,$460
10149,W,2024-10-09,home,734
10150,E,2024-10-07,health,667
10151,N,2024-06-12,home,565
10152,N,2024-09-12,health,576
10153,S,2024-03-08,home,575
10154,W,2024-02-26,health,1028
10155,W,2024-04-03,home,539
10156,W,2024-09-28,travel,641
10157,S,2024-03-21,home,559
10158,W,2024-09-03,health,633
10159,S,2024-10-19,home,532
10160,E,2024-08-31,home,702
10161,E,2024-03-22,auto,542
10162,W,2024-09-18,auto,735
10163,E,2024-10-06,home,588
10164,S,2024-03-30,home,476
10165,E,2024-08-01,travel,593
10166,E,2024-02-20,health,535
10167,N,2024-01-16,travel,394
10168,W,2024-08-03,travel,606
10169,E,2024-11-13,travel,590
10170,E,2024-09-08,auto,827
10171,N,2024-04-29,home,USD 544
10172,S,2024-10-03,auto,612
10173,W,2024-07-05,travel,622
10174,N,2024-04-02,health,780
10175,S,2024-08-19,home,413
10176,N,2024-11-25,auto,483
10177,W,2024-06-24,home,684
10178,N,2024-07-21,home,663
10179,E,2024-04-09,health,1077
10180,W,2024-09-03,travel,425
10181,W,2024-11-14,health,799
10182,S,2024-08-16,home,584
10183,W,2024-05-26,health,744
10184,W,2024-05-16,health,638
10185,N,2024-05-12,auto,886
10186,S,2024-01-07,home,897
10187,N,2024-04-24,auto,805
10188,W,2024-03-22,home,384
10189,S,2024-03-11,auto,580
10190,N,2024-09-24,health,661
10191,E,2024-07-30,auto,$663
10192,N,2024-10-28,travel,605
10193,W,2024-06-28,auto,837
10194,W,2024-09-30,travel,705
10195,E,2024-08-13,travel,USD 572
10196,E,2024-05-24,travel,756
10197,W,2024-03-08,health,727
10198,W,2024-09-21,home,725
10199,W,2024-03-16,home,1027
10200,N,2024-08-29,health,738
10201,E,2024-05-10,home,USD 749
10202,S,2024-04-21,home,700
10203,S,2024-05-22,home,1013
10204,N,2024-07-18,travel,807
10205,N,2024-08-22,auto,530
10206,E,2024-11-06,auto,601
10207,N,2024-09-27,travel,698
10208,W,2024-09-04,health,$416
10209,W,2024-02-10,home,482
10210,E,2024-11-25,auto,USD 633
10211,W,2024-04-16,home,417
10212,N,2024-09-07,travel,1015
10213,S,2024-01-05,home,"$1,030"
10214,W,2024-09-18,auto,1102
10215,E,2024-03-26,auto,580
10216,S,2024-02-03,auto,636
10217,N,2024-02-16,travel,837
10218,N,2024-06-13,auto,562
10219,E,2024-04-20,home,669
10220,W,2024-02-21,travel,657
10221,W,2024-08-06,auto,670
10222,E,2024-02-29,health,533
10223,N,2024-08-03,health,735
10224,W,2024-02-27,health,948
10225,E,2024-02-08,health,896
10226,W,2024-09-18,home,526
10227,S,2024-08-18,travel,389
10229,S,2024-03-19,health,423
10230,N,2024-03-20,home,536
10231,S,2024-09-04,health,626
10232,N,2024-04-17,travel,814
10233,E,2024-11-05,auto,814
10234,E,2024-01-06,travel,597
10235,E,2024-05-25,travel,829
10236,W,2024-10-25,home,611
10237,N,2024-06-11,auto,632
10238,N,2024-04-15,travel,614
10239,W,2024-03-10,home,613
10240,S,2024-05-28,travel,601
10241,E,2024-07-17,travel,773
10242,E,2024-05-05,health,480
10244,S,2024-02-26,travel,448
10245,S,2024-02-22,health,$603
10246,E,2024-10-30,home,728
10247,W,2024-04-01,home,659
10248,W,2024-09-21,auto,864
10249,E,2024-01-29,health,USD 481
10250,N,2024-02-23,travel,885
10253,E,2024-04-14,home,1111
10254,N,2024-10-13,health,631
10255,S,2024-03-03,auto,504
10256,N,2024-03-20,health,545
10257,W,2024-09-18,health,690
10258,N,2024-04-05,travel,513
10259,E,2024-09-27,home,633
10260,W,2024-01-27,home,674
10261,E,2024-06-06,home,1035
10262,E,2024-03-11,auto,737
10263,E,2024-06-21,auto,480
10264,W,2024-10-18,auto,836
10265,E,2024-04-25,health,734
10267,N,2024-01-12,health,943
10269,S,2024-05-14,home,944
10270,N,2024-03-26,home,643
10271,E,2024-02-05,health,1001
10272,N,2024-01-28,travel,703
10273,E,2024-08-05,health,915
10274,S,2024-06-20,home,1012
10275,S,2024-06-17,auto,"$1,053"
10276,N,2024-07-29,health,661
10277,N,2024-02-11,home,1095
10279,N,2024-01-09,health,486
10280,S,2024-05-30,auto,$805
10281,W,2024-10-09,travel,$953
10282,W,2024-08-24,health,$711
10283,E,2024-05-28,health,848
10285,S,2024-10-24,health,941
10286,W,2024-09-11,auto,1002
10287,E,2024-01-27,health,466
10288,W,2024-01-27,auto,1119
10289,S,2024-02-13,auto,686
10290,S,2024-11-01,health,588
10291,E,2024-09-17,auto,417
10292,E,2024-05-26,health,597
10293,W,2024-09-10,auto,517
10294,S,2024-05-29,home,979
10295,N,2024-09-29,auto,998
10296,N,2024-05-11,home,504
10298,N,2024-06-30,home,901
10299,E,2024-04-11,home,602
10300,N,2024-10-27,health,977
10301,N,2024-10-01,home,507
10302,W,2024-06-28,health,652
10303,W,2024-03-19,travel,532
10304,N,2024-10-14,travel,636
10305,E,2024-06-15,travel,575
10306,W,2024-11-22,health,622
10307,E,2024-11-04,home,872
10308,E,2024-11-24,home,538
10309,W,2024-06-07,auto,768
10310,N,2024-03-30,health,425
10311,S,2024-01-17,travel,729
10312,N,2024-10-02,health,498
10313,N,2024-09-30,health,514
10314,N,2024-07-18,home,605
10315,S,2024-07-07,health,USD 682
10316,W,2024-08-28,auto,657
10317,W,2024-09-23,health,729
10318,N,2024-09-30,travel,765
10319,W,2024-03-09,health,$629
10320,W,2024-09-07,health,589
10321,E,2024-03-29,auto,1099
10322,S,2024-03-02,home,722
10323,S,2024-04-19,health,452
10324,E,2024-08-06,travel,768
10325,E,2024-02-15,health,983
10326,S,2024-07-28,home,581
10327,W,2024-02-04,home,590
10328,E,2024-02-22,health,577
10329,S,2024-03-03,health,715
10330,W,2024-03-09,travel,860
10331,E,2024-04-15,travel,513
10332,S,2024-05-05,home,380
10333,W,2024-06-19,home,1136
10334,E,2024-05-18,health,866
10335,E,2024-06-01,travel,664
10336,E,2024-07-28,travel,687
10337,S,2024-04-06,travel,867
10338,W,2024-08-21,home,657
10339,N,2024-05-22,health,956
10340,W,2024-06-13,auto,1006
10341,N,2024-05-08,travel,1106
10342,W,2024-10-13,travel,513
10343,E,2024-07-10,auto,$676
10344,N,2024-06-10,home,690
10345,S,2024-02-13,health,656
10346,N,2024-08-04,auto,745
10347,W,2024-08-20,travel,453
10348,E,2024-01-31,auto,$559
10349,S,2024-04-08,health,730
10350,E,2024-09-12,health,646
10351,N,2024-01-21,auto,733
10352,W,2024-08-30,auto,800
10353,S,2024-02-09,auto,736
10354,E,2024-10-18,home,700
10355,W,2024-04-30,health,583
10356,N,2024-09-22,health,805
10357,N,2024-04-04,travel,636
10358,N,2024-07-13,travel,$529
10359,S,2024-09-12,auto,672
10360,E,2024-07-13,travel,632
10361,W,2024-11-23,travel,490
10362,S,2024-11-02,travel,487
10363,E,2024-01-14,health,1002
10364,E,2024-03-02,health,439
10365,S,2024-03-16,auto,942
10366,W,2024-05-08,travel,947
10367,N,2024-08-27,health,671
10369,S,2024-03-22,health,1150
10370,S,2024-03-25,auto,523
10371,S,2024-06-28,home,601
10372,W,2024-03-22,travel,627
10373,E,2024-08-24,travel,875
10374,S,2024-09-21,auto,858
10375,E,2024-08-11,home,957
10376,W,2024-05-18,travel,834
10377,E,2024-01-06,auto,700
10378,N,2024-06-09,travel,931
10379,S,2024-05-28,travel,496
10380,E,2024-08-23,auto,538
10381,W,2024-10-18,home,965
10382,N,2024-01-17,auto,492
10383,W,2024-07-05,auto,556
10384,W,2024-09-28,travel,589
10385,S,2024-02-21,home,477
10386,N,2024-09-15,travel,913
10387,S,2024-09-17,travel,705
10388,N,2024-06-03,travel,650
10389,N,2024-05-20,home,720
10390,W,2024-01-26,health,761
10391,S,2024-05-17,travel,723
10392,S,2024-09-02,health,746
10393,E,2024-01-17,health,$669
10394,S,2024-10-22,travel,599
10395,W,2024-07-20,travel,975
10396,S,2024-02-08,travel,580
10397,S,2024-01-03,health,684
10398,N,2024-07-08,auto,662
10399,W,2024-09-19,health,650
10400,E,2024-08-19,health,442
10401,E,2024-01-16,travel,"$1,069"
10402,E,2024-04-03,auto,657
10403,W,2024-10-06,home,681
10404,E,2024-09-08,auto,752
10405,S,2024-07-04,travel,482
10406,E,2024-02-10,health,589
10407,N,2024-11-04,health,668
10408,N,2024-02-16,auto,459
10409,E,2024-03-08,health,489
10410,N,2024-02-05,auto,800
10411,N,2024-08-09,health,588
10413,N,2024-03-29,auto,381
10414,S,2024-06-06,travel,685
10415,E,2024-08-12,travel,977
10416,W,2024-03-22,auto,591
10417,W,2024-05-04,home,$496
10418,E,2024-09-30,home,$868
10419,E,2024-08-17,auto,753
10420,E,2024-03-25,travel,675
10421,E,2024-10-20,auto,643
10422,W,2024-01-09,health,920
10423,W,2024-03-07,auto,584
10424,E,2024-02-17,auto,$853
10425,S,2024-11-02,auto,593
10426,W,2024-02-15,home,$980
10427,S,2024-06-02,home,488
10428,W,2024-10-23,home,750
10429,W,2024-03-28,health,721
10430,S,2024-03-14,home,607
10431,N,2024-04-24,travel,709
10432,S,2024-09-26,health,691
10433,E,2024-06-19,auto,570
10434,S,2024-04-13,home,618
10435,W,2024-03-02,auto,659
10436,E,2024-05-22,home,382
10437,E,2024-06-11,home,478
10439,N,2024-08-08,auto,458
10440,E,2024-08-07,travel,546
10441,W,2024-01-26,travel,694
10442,W,2024-10-06,travel,389
10443,S,2024-06-28,home,454
10444,E,2024-10-25,health,"$1,134"
10446,S,2024-06-21,auto,715
10447,W,2024-11-12,health,921
10448,S,2024-07-21,health,680
10450,W,2024-10-31,auto,1180
10451,S,2024-11-03,home,742
10452,W,2024-04-23,health,602
10454,E,2024-02-28,travel,635
10455,E,2024-03-18,health,572
10456,E,2024-04-30,travel,866
10457,S,2024-03-17,auto,1135
10458,E,2024-06-30,auto,864
10459,E,2024-02-18,home,1005
10460,W,2024-05-22,home,624
10461,E,2024-01-24,health,580
10462,N,2024-01-25,travel,506
10463,S,2024-02-09,travel,867
10464,N,2024-03-15,travel,460
10465,S,2024-08-31,health,606
10466,E,2024-07-22,travel,547
10467,N,2024-02-17,health,533
10468,S,2024-04-27,travel,540
10469,W,2024-04-02,travel,600
10470,W,2024-02-17,health,690
10471,N,2024-05-30,auto,$473
10472,W,2024-02-26,health,698
10473,W,2024-10-28,auto,$767
10474,N,2024-03-19,travel,574
10475,E,2024-01-07,auto,726
10476,N,2024-09-26,travel,879
10477,N,2024-04-30,travel,543
10478,N,2024-02-06,health,716
10479,W,2024-09-20,health,562
10480,S,2024-02-12,home,807
10481,N,2024-06-12,health,746
10482,E,2024-09-01,home,736
10483,E,2024-01-08,home,838
10484,W,2024-08-27,auto,1071
10485,N,2024-05-14,auto,754
10486,W,2024-10-11,auto,605
10487,E,2024-03-03,health,997
10488,E,2024-11-17,auto,658
10489,E,2024-06-09,health,USD 841
10490,S,2024-11-22,home,690
10491,N,2024-03-26,auto,839
10492,N,2024-10-22,auto,767
10493,S,2024-04-10,home,718
10494,S,2024-08-29,health,735
10495,W,2024-02-01,travel,719
10496,S,2024-04-11,travel,768
10497,N,2024-02-16,auto,661
10498,E,2024-08-03,home,867
10499,N,2024-11-09,travel,819
10500,N,2024-08-09,home,724
10501,E,2024-01-13,travel,861
10502,S,2024-06-02,home,810
10503,W,2024-08-29,travel,1179
10504,N,2024-08-26,home,698
10505,E,2024-08-26,home,975
10506,S,2024-04-01,auto,559
10507,E,2024-07-27,travel,676
10508,N,2024-08-14,auto,435
10509,E,2024-07-08,auto,447
10510,N,2024-09-09,auto,590
10511,W,2024-08-27,health,525
10512,N,2024-02-27,auto,534
10513,E,2024-10-15,travel,921
10514,N,2024-11-19,auto,863
10515,S,2024-11-21,health,820
10516,N,2024-07-12,travel,666
10517,W,2024-02-28,auto,767
10519,S,2024-11-18,auto,664
10520,N,2024-10-13,home,688
10521,N,2024-02-26,travel,726
10522,N,2024-08-23,home,541
10523,S,2024-01-29,travel,631
10524,W,2024-02-25,health,760
10525,S,2024-10-09,travel,494
10526,W,2024-04-06,travel,723
10527,E,2024-05-21,travel,686
10528,S,2024-03-20,health,679
10529,W,2024-07-12,auto,$672
10530,S,2024-04-11,home,680
10531,S,2024-10-20,home,531
10532,W,2024-03-13,travel,754
10533,S,2024-06-26,home,767
10534,E,2024-02-24,travel,460
10535,E,2024-06-03,travel,1080
10536,W,2024-07-01,health,577
10537,S,2024-02-02,health,670
10538,N,2024-09-07,home,695
10539,W,2024-02-04,travel,967
10540,N,2024-02-18,health,573
10541,N,2024-05-19,health,679
10542,N,2024-07-24,travel,710
10543,N,2024-09-25,auto,703
10544,S,2024-03-02,home,490
10545,S,2024-05-16,auto,525
10546,E,2024-06-17,auto,872
10547,S,2024-04-13,auto,$492
10548,W,2024-06-10,travel,517
10549,E,2024-02-06,home,984
10551,N,2024-06-04,auto,850
10552,S,2024-06-17,health,425
10553,N,2024-08-18,home,USD 843
10554,N,2024-06-30,health,817
10555,W,2024-04-05,travel,553
10556,W,2024-04-27,home,$554
10557,W,2024-06-14,home,669
10558,W,2024-05-13,home,782
10559,E,2024-10-27,home,737
10562,E,2024-08-14,health,943
10563,W,2024-07-22,home,649
10564,N,2024-02-10,home,472
10565,S,2024-09-01,home,672
10566,N,2024-08-05,travel,760
10567,E,2024-08-18,home,357
10568,N,2024-06-13,health,594
10569,E,2024-03-26,travel,886
10570,N,2024-08-05,auto,901
10571,S,2024-03-29,home,592
10572,N,2024-01-06,auto,821
10573,S,2024-08-29,health,565
10574,E,2024-10-11,travel,534
10575,S,2024-03-05,health,542
10576,N,2024-02-07,travel,417
10577,N,2024-02-14,auto,877
10578,S,2024-04-26,auto,492
10579,N,2024-03-10,health,USD 470
10580,E,2024-02-16,auto,384
10581,S,2024-11-23,health,859
10583,N,2024-04-23,auto,628
10584,E,2024-07-15,health,1150
10585,S,2024-08-15,health,441
10586,N,2024-08-24,travel,612
10587,N,2024-05-25,health,494
10588,N,2024-08-06,travel,632
10589,E,2024-02-08,health,570
10590,N,2024-09-10,home,471
10591,E,2024-10-12,home,587
10592,S,2024-04-19,auto,598
10593,E,2024-06-08,home,774
10594,N,2024-01-02,home,1215
10595,W,2024-04-06,home,583
10596,W,2024-01-29,health,900
10597,E,2024-05-18,auto,770
10598,N,2024-10-13,health,USD 660
10599,N,2024-02-10,auto,419
10600,W,2024-10-25,health,853
10601,E,2024-02-05,health,614
10602,N,2024-04-30,health,620
10603,E,2024-10-01,travel,997
10604,E,2024-04-18,travel,716
10605,E,2024-09-24,auto,460
10606,N,2024-02-01,home,543
10607,W,2024-11-12,home,715
10608,E,2024-06-14,travel,544
10609,W,2024-10-12,home,616
10610,N,2024-03-15,auto,574
10611,E,2024-02-13,travel,825
10612,S,2024-02-10,health,913
10613,S,2024-08-14,health,903
10614,E,2024-01-30,auto,519
10615,N,2024-01-04,auto,601
10616,S,2024-04-22,auto,687
10617,W,2024-01-22,home,805
10619,E,2024-03-11,health,740
10620,S,2024-04-06,auto,689
10621,E,2024-08-02,auto,527
10622,S,2024-07-31,home,786
10623,S,2024-01-23,home,735
10624,N,2024-03-31,auto,637
10625,W,2024-04-24,home,563
10626,S,2024-05-02,health,$734
10627,N,2024-11-20,health,706
10628,S,2024-07-25,auto,538
10629,E,2024-03-30,travel,1138
10630,N,2024-10-02,travel,1032
10631,W,2024-10-13,health,541
10632,E,2024-01-23,travel,633
10634,E,2024-01-14,home,477
10635,E,2024-10-17,travel,645
10636,W,2024-07-21,health,633
10637,S,2024-05-13,travel,439
10638,W,2024-05-31,health,840
10639,W,2024-09-25,home,361
10640,S,2024-08-01,auto,505
10641,N,2024-10-28,home,706
10642,N,2024-08-05,travel,673
10643,W,2024-11-01,home,441
10644,E,2024-09-30,health,526
10645,W,2024-11-15,auto,695
10646,S,2024-07-08,auto,871
10647,W,2024-07-26,health,757
10648,S,2024-02-08,home,$707
10649,W,2024-07-26,home,463
10650,E,2024-02-03,auto,1033
10651,N,2024-04-07,auto,976
10652,E,2024-08-19,home,739
10653,E,2024-04-10,home,699
10654,W,2024-02-11,health,573
10655,S,2024-07-18,health,675
10656,W,2024-01-09,travel,635
10657,N,2024-02-27,home,641
10658,N,2024-07-24,home,560
10659,N,2024-07-01,health,572
10660,N,2024-02-20,auto,506
10661,N,2024-09-19,auto,582
10662,W,2024-09-07,auto,786
10663,W,2024-06-29,travel,615
10664,S,2024-08-29,health,674
10666,N,2024-03-06,health,797
10668,N,2024-01-13,health,895
10669,E,2024-04-27,travel,486
10670,W,2024-07-01,auto,923
10671,W,2024-05-26,health,801
10672,W,2024-06-13,travel,831
10673,N,2024-10-07,health,710
10674,E,2024-07-25,health,428
10675,N,2024-07-08,travel,377
10676,N,2024-01-04,travel,853
10677,S,2024-01-31,auto,715
10678,S,2024-05-01,auto,458
10679,S,2024-08-10,home,519
10680,S,2024-11-22,health,538
10681,W,2024-11-09,travel,985
10682,S,2024-03-05,travel,783
10683,W,2024-11-01,home,575
10684,E,2024-10-01,health,783
10685,W,2024-07-13,auto,569
10686,N,2024-01-20,travel,699
10687,N,2024-04-17,travel,780
10688,E,2024-06-16,auto,611
10689,E,2024-05-23,home,864
10690,E,2024-02-04,travel,714
10691,N,2024-11-10,health,654
10692,S,2024-11-05,auto,514
10693,S,2024-03-27,home,607
10694,N,2024-06-25,home,774
10695,W,2024-11-04,health,697
10696,N,2024-04-04,health,$887
10697,S,2024-02-23,travel,USD 643
10698,E,2024-05-06,travel,749
10699,W,2024-02-02,auto,968
10700,S,2024-05-23,home,901
10701,S,2024-08-18,home,578
10702,N,2024-06-12,home,781
10703,S,2024-04-28,home,737
10704,W,2024-08-16,health,663
10705,N,2024-08-12,auto,736
10706,S,2024-03-13,health,593
10707,N,2024-05-28,auto,463
10708,E,2024-07-21,auto,656
10709,N,2024-03-09,health,728
10710,W,2024-06-08,auto,786
10711,E,2024-03-14,home,$889
10712,S,2024-10-06,home,603
10713,W,2024-07-11,health,563
10714,S,2024-05-20,health,550
10715,E,2024-04-13,home,737
10716,W,2024-02-23,auto,714
10717,N,2024-04-15,travel,621
10718,S,2024-03-30,travel,792
10719,E,2024-05-29,health,733
10720,E,2024-01-22,travel,826
10721,W,2024-11-26,health,806
10722,S,2024-09-22,travel,574
10723,E,2024-03-02,home,502
10724,W,2024-02-14,auto,756
10725,W,2024-04-13,home,553
10726,S,2024-05-17,travel,659
10727,E,2024-01-21,health,664
10728,W,2024-04-04,auto,666
10729,N,2024-10-05,health,642
10730,S,2024-04-20,travel,513
10731,N,2024-02-12,travel,857
10732,E,2024-02-08,travel,1190
10733,E,2024-03-27,auto,515
10734,W,2024-11-17,auto,657
10735,E,2024-03-31,travel,429
10736,N,2024-09-28,home,553
10737,W,2024-08-14,auto,528
10738,N,2024-11-24,home,551
10739,S,2024-04-20,health,481
10740,E,2024-01-10,auto,615
10741,S,2024-02-27,health,507
10742,N,2024-06-17,travel,793
10743,S,2024-02-02,auto,557
10744,N,2024-10-04,home,811
10745,W,2024-09-04,health,657
10746,E,2024-01-30,travel,906
10747,E,2024-04-13,health,900
10748,W,2024-09-19,travel,825
10749,W,2024-05-03,auto,977
10750,E,2024-09-07,travel,503
10751,N,2024-08-11,health,731
10752,E,2024-10-20,home,555
10753,E,2024-11-18,health,564
10755,E,2024-10-02,travel,700
10756,S,2024-07-08,home,926
10757,E,2024-09-10,health,1057
10758,S,2024-07-21,health,851
10759,N,2024-10-07,home,834
10760,N,2024-01-18,home,954
10761,E,2024-11-11,health,697
10762,N,2024-01-12,health,445
10763,W,2024-07-17,health,676
10764,E,2024-07-28,home,784
10765,N,2024-09-03,home,561
10766,E,2024-02-24,health,904
10767,S,2024-10-01,health,709
10768,S,2024-08-22,health,1017
10769,E,2024-02-15,travel,$849
10770,N,2024-07-20,auto,673
10771,W,2024-11-12,health,711
10772,W,2024-11-11,travel,USD 726
10773,E,2024-09-02,home,550
10774,N,2024-07-25,travel,558
10775,W,2024-02-22,home,600
10776,E,2024-07-16,home,641
10777,S,2024-07-12,auto,857
10778,W,2024-11-26,home,666
10779,E,2024-06-02,health,585
10780,N,2024-04-04,home,711
10781,S,2024-03-24,home,459
10782,S,2024-11-25,travel,475
10783,S,2024-01-22,home,USD 490
10784,W,2024-04-10,home,729
10785,N,2024-02-10,home,873
10786,E,2024-01-19,auto,759
10787,W,2024-01-16,health,503
10788,W,2024-01-14,travel,660
10789,E,2024-10-14,auto,870
10790,N,2024-05-22,auto,666
10791,W,2024-03-15,home,1016
10792,E,2024-02-20,home,502
10793,S,2024-08-06,auto,USD 716
10794,W,2024-07-28,travel,USD 498
10795,E,2024-09-23,travel,448
10796,N,2024-01-18,home,USD 751
10797,E,2024-01-19,home,566
10798,E,2024-10-23,auto,937
10799,E,2024-08-15,travel,873
10800,E,2024-01-22,home,697
10801,E,2024-05-26,home,736
10802,W,2024-02-03,home,831
10803,W,2024-02-04,auto,$654
10804,W,2024-11-25,auto,588
10805,S,2024-04-16,auto,943
10806,S,2024-11-24,health,418
10807,S,2024-01-16,health,786
10808,S,2024-06-07,auto,780
10809,N,2024-07-19,travel,$463
10810,E,2024-01-03,home,427
10811,E,2024-10-29,home,744
10812,N,2024-11-15,home,879
10813,N,2024-07-02,health,474
10814,W,2024-08-23,travel,848
10815,E,2024-07-04,health,685
10816,N,2024-04-22,auto,542
10817,W,2024-11-19,health,760
10818,N,2024-03-18,travel,665
10819,E,2024-05-17,health,641
10820,E,2024-07-27,health,771
10822,S,2024-02-27,travel,469
10823,N,2024-01-15,auto,621
10824,N,2024-06-13,auto,631
10825,E,2024-05-05,auto,502
10826,W,2024-09-09,travel,USD 664
10827,E,2024-02-20,home,$619
10828,N,2024-03-22,travel,359
10829,E,2024-03-30,health,678
10830,E,2024-10-17,travel,824
10831,N,2024-07-13,health,412
10832,N,2024-09-28,auto,827
10833,N,2024-06-02,home,936
10834,N,2024-01-09,auto,853
10835,S,2024-04-20,auto,576
10836,E,2024-09-22,home,801
10837,N,2024-03-29,health,453
10838,S,2024-05-02,health,684
10839,W,2024-06-22,home,699
10840,W,2024-05-20,health,545
10841,S,2024-02-12,health,633
10842,N,2024-08-20,health,856
10843,W,2024-05-20,health,987
10844,W,2024-06-29,health,945
10845,N,2024-07-29,health,833
10846,N,2024-06-01,home,987
10847,N,2024-05-26,travel,640
10849,W,2024-06-21,auto,732
10851,S,2024-02-13,home,541
10853,N,2024-08-04,auto,$443
10854,W,2024-03-09,health,821
10855,E,2024-02-29,travel,741
10856,W,2024-03-08,auto,741
10857,E,2024-01-16,travel,919
10858,S,2024-03-29,health,407
10859,S,2024-05-18,health,601
10860,W,2024-09-25,health,962
10861,W,2024-10-07,auto,869
10862,W,2024-10-28,home,434
10863,E,2024-09-29,travel,762
10864,W,2024-10-13,travel,1019
10865,S,2024-04-25,travel,799
10866,W,2024-09-11,home,522
10867,S,2024-06-14,home,782
10868,W,2024-01-24,travel,554
10869,W,2024-11-22,health,664
10870,E,2024-02-12,travel,799
10872,N,2024-09-15,travel,702
10873,N,2024-04-19,travel,680
10874,W,2024-10-27,health,519
10875,W,2024-10-04,home,1021
10877,W,2024-02-02,travel,510
10878,W,2024-08-09,health,512
10879,E,2024-05-20,auto,687
10880,N,2024-04-16,auto,803
10881,E,2024-02-16,auto,805
10882,N,2024-07-21,auto,$805
10883,E,2024-02-16,health,1152
10884,S,2024-01-19,auto,801
10885,E,2024-05-30,travel,$456
10886,E,2024-07-12,travel,624
10887,N,2024-09-23,health,990
10888,S,2024-02-04,home,684
10889,S,2024-02-28,travel,842
10890,W,2024-01-22,travel,790
10891,S,2024-05-03,auto,964
10892,S,2024-01-07,home,603
10893,N,2024-07-11,auto,822
10894,E,2024-03-01,auto,717
10895,N,2024-11-07,auto,692
10896,N,2024-11-25,health,646
10897,S,2024-01-30,health,740
10898,N,2024-08-18,travel,987
10899,W,2024-09-03,auto,768
10900,N,2024-10-15,health,$647
10901,N,2024-03-25,health,469
10902,N,2024-01-06,travel,575
10903,W,2024-02-24,auto,816
10904,E,2024-02-08,auto,677
10905,E,2024-09-14,health,774
10906,W,2024-03-03,health,637
10907,N,2024-08-26,health,500
10908,S,2024-10-09,auto,541
10909,S,2024-01-29,auto,728
10910,W,2024-06-20,auto,572
10911,N,2024-05-25,auto,767
10912,W,2024-03-30,travel,718
10915,N,2024-02-01,home,$502
10916,S,2024-01-20,travel,636
10917,E,2024-11-18,travel,$684
10918,W,2024-11-21,health,915
10919,S,2024-04-12,travel,623
10920,W,2024-11-24,health,678
10922,E,2024-03-10,travel,615
10923,E,2024-09-29,home,816
10925,N,2024-06-09,health,806
10926,S,2024-03-16,health,846
10927,E,2024-03-08,health,680
10928,W,2024-08-15,travel,502
10929,N,2024-05-06,auto,692
10930,S,2024-04-06,travel,753
10931,E,2024-10-09,auto,774
10932,W,2024-05-29,travel,854
10933,E,2024-03-02,travel,499
10934,E,2024-11-19,home,731
10935,S,2024-11-26,travel,841
10937,S,2024-02-14,auto,616
10938,N,2024-05-26,health,689
10939,E,2024-07-15,health,676
10940,S,2024-04-03,home,709
10941,W,2024-07-09,health,480
10942,N,2024-09-06,travel,476
10943,W,2024-03-13,travel,741
10944,S,2024-06-06,travel,756
10945,N,2024-02-19,travel,467
10946,E,2024-02-01,home,806
10947,N,2024-06-28,health,682
10948,N,2024-04-19,health,640
10949,E,2024-03-01,health,890
10950,N,2024-01-16,travel,667
10951,N,2024-06-21,health,604
10952,N,2024-04-12,auto,695
10953,S,2024-09-06,auto,563
10954,S,2024-01-10,auto,904
10955,W,2024-03-26,travel,831
10956,N,2024-02-21,travel,586
10957,E,2024-01-18,auto,521
10958,S,2024-07-13,auto,426
10959,E,2024-04-21,travel,1106
10960,S,2024-11-06,health,667
10961,W,2024-02-19,health,555
10962,E,2024-05-12,health,987
10963,W,2024-10-17,health,532
10964,S,2024-07-20,home,979
10965,W,2024-11-08,travel,627
10966,W,2024-10-27,auto,604
10967,S,2024-03-07,auto,1222
10968,E,2024-07-03,auto,1112
10969,W,2024-05-21,home,745
10971,W,2024-05-20,auto,593
10972,W,2024-03-18,auto,717
10973,E,2024-11-25,home,566
10974,N,2024-02-14,travel,838
10975,E,2024-01-01,health,876
10976,N,2024-02-04,home,624
10977,S,2024-05-24,travel,537
10978,N,2024-10-07,auto,535
10979,N,2024-06-07,travel,626
10980,E,2024-04-03,auto,734
10981,S,2024-07-04,travel,446
10982,E,2024-06-10,health,814
10983,S,2024-03-13,health,809
10985,N,2024-05-10,home,$677
10986,E,2024-03-26,travel,1041
10987,S,2024-02-09,travel,590
10988,E,2024-02-10,health,543
10989,N,2024-08-14,health,489
10990,S,2024-02-17,home,607
10991,N,2024-03-12,home,648
10992,E,2024-04-03,home,685
10993,S,2024-06-03,health,$786
10994,N,2024-06-29,travel,476
10995,W,2024-08-02,auto,506
10997,E,2024-03-16,auto,684
10998,W,2024-07-06,auto,875
10999,E,2024-09-07,auto,579
11000,W,2024-10-13,health,604
11001,E,2024-08-06,health,763
11002,N,2024-01-02,auto,784
11003,W,2024-01-27,health,795
11004,N,2024-05-11,home,$669
11005,W,2024-08-05,auto,460
11006,S,2024-05-04,health,692
11007,S,2024-04-30,auto,634
11008,N,2024-01-01,travel,699
11009,E,2024-04-13,auto,614
11010,N,2024-10-19,travel,723
11011,W,2024-07-04,health,415
11012,E,2024-11-22,travel,USD 636
11013,N,2024-11-04,travel,597
11014,W,2024-05-27,health,631
11015,E,2024-09-28,travel,931
11016,W,2024-05-03,home,609
11017,N,2024-01-06,travel,905
11018,N,2024-08-12,home,642
11019,W,2024-06-14,auto,714
11020,W,2024-10-16,auto,659
11021,W,2024-03-31,travel,816
11022,N,2024-10-24,auto,626
11023,W,2024-02-21,auto,606
11024,E,2024-10-29,home,759
11026,N,2024-02-14,health,634
11027,E,2024-06-30,home,731
11028,N,2024-07-23,travel,521
11029,N,2024-02-17,health,639
11030,N,2024-02-05,health,952
11031,W,2024-07-31,travel,$637
11032,S,2024-09-26,health,519
11033,N,2024-04-11,travel,555
11034,N,2024-02-26,home,529
11035,E,2024-09-16,health,860
11036,N,2024-09-05,travel,951
11037,S,2024-03-26,health,1028
11038,E,2024-06-21,travel,790
11039,W,2024-09-23,travel,752
11040,E,2024-01-03,health,951
11041,N,2024-09-20,health,821
11042,S,2024-04-13,auto,619
11043,W,2024-05-27,health,$824
11044,N,2024-08-06,auto,717
11045,E,2024-05-08,travel,789
11046,E,2024-11-21,auto,705
11047,S,2024-03-19,auto,514
11048,E,2024-06-03,home,611
11049,W,2024-02-17,health,745
11050,E,2024-02-08,health,636
11051,E,2024-04-30,home,598
11052,S,2024-04-18,health,579
11053,S,2024-09-26,home,1231
11054,S,2024-05-26,health,790
11055,N,2024-06-20,home,537
11056,E,2024-03-04,travel,672
11057,N,2024-11-17,travel,919
11058,W,2024-11-20,health,538
11059,W,2024-02-19,health,715
11060,N,2024-06-21,auto,960
11061,N,2024-07-14,auto,822
11062,S,2024-08-21,travel,826
11063,E,2024-05-30,travel,579
11064,E,2024-10-24,travel,744
11065,N,2024-11-05,home,739
11066,W,2024-02-23,home,751
11067,W,2024-02-24,auto,676
11068,W,2024-08-10,home,$666
11069,W,2024-07-08,home,763
11070,N,2024-08-22,home,739
11071,E,2024-06-13,travel,739
11072,N,2024-05-01,health,684
11073,W,2024-11-24,home,517
11074,S,2024-04-29,health,495
11075,N,2024-07-29,home,802
11076,E,2024-10-04,travel,501
11077,W,2024-04-24,travel,761
11078,N,2024-03-06,home,977
11079,W,2024-03-08,health,542
11081,E,2024-03-22,auto,644
11082,S,2024-03-24,home,591
11083,W,2024-04-05,travel,626
11084,N,2024-04-05,home,644
11085,E,2024-09-03,home,806
11086,S,2024-06-18,health,370
11087,E,2024-05-21,travel,602
11088,W,2024-09-02,health,1161
11089,E,2024-04-29,travel,685
11090,E,2024-10-29,auto,713
11091,E,2024-07-20,health,463
11092,E,2024-10-28,auto,713
11093,W,2024-01-21,auto,531
11094,W,2024-04-26,travel,674
11095,N,2024-03-31,auto,800
11096,W,2024-05-19,health,816
11097,E,2024-03-27,travel,446
11098,N,2024-08-10,travel,486
11099,E,2024-04-16,auto,1043
11100,W,2024-10-06,home,514
11101,E,2024-10-04,travel,634
11102,E,2024-08-10,travel,812
11103,S,2024-02-03,home,676
11104,S,2024-08-20,travel,508
11105,N,2024-09-04,auto,629
11106,N,2024-10-28,auto,779
11107,S,2024-11-22,home,586
11108,S,2024-10-04,home,$446
11109,W,2024-04-08,travel,489
11110,N,2024-01-06,travel,583
11111,N,2024-08-20,travel,821
11112,E,2024-08-18,home,496
11113,W,2024-09-14,auto,572
11114,S,2024-05-08,health,795
11115,W,2024-08-03,home,501
11116,E,2024-03-08,travel,400
11117,W,2024-10-13,travel,803
11118,W,2024-01-25,health,712
11119,W,2024-03-04,home,672
11121,E,2024-05-30,health,807
11122,N,2024-08-22,auto,655
11123,E,2024-04-17,health,910
11124,N,2024-09-13,travel,427
11125,S,2024-02-19,home,677
11126,E,2024-02-12,auto,575
11127,E,2024-09-06,auto,501
11128,S,2024-01-05,travel,USD 723
11129,E,2024-03-25,health,729
11130,E,2024-05-05,auto,586
11131,S,2024-10-18,health,658
11132,E,2024-04-10,travel,544
11133,W,2024-05-06,travel,668
11134,E,2024-11-13,travel,443
11135,W,2024-03-08,auto,757
11137,S,2024-04-28,travel,635
11138,E,2024-04-04,home,714
11139,S,2024-01-01,home,538
11140,W,2024-08-02,travel,777
11141,E,2024-11-20,travel,456
11142,E,2024-10-14,travel,973
11143,N,2024-05-12,travel,$553
11144,N,2024-06-19,travel,574
11145,S,2024-03-06,travel,1216
11146,E,2024-03-28,travel,607
11147,N,2024-08-13,auto,661
11148,E,2024-05-31,travel,448
11149,W,2024-02-06,auto,711
11150,W,2024-08-08,auto,679
11151,S,2024-03-26,home,718
11152,S,2024-03-23,home,780
11153,N,2024-11-12,travel,635
11155,E,2024-08-15,home,543
11156,S,2024-04-05,health,381
11157,E,2024-02-08,home,800
11158,E,2024-06-06,home,499
11159,N,2024-08-09,health,708
11160,N,2024-07-25,travel,777
11161,S,2024-02-03,auto,574
11162,S,2024-06-05,health,598
11163,W,2024-01-15,home,773
11164,E,2024-11-07,auto,789
11165,W,2024-07-09,travel,1018
11166,E,2024-08-07,auto,859
11167,E,2024-09-18,health,750
11169,E,2024-04-22,health,347
11170,N,2024-05-25,auto,1029
11171,E,2024-01-09,home,665
11172,W,2024-06-05,auto,593
11173,S,2024-04-20,auto,463
11174,S,2024-10-06,home,468
11175,N,2024-11-18,home,607
11176,S,2024-03-08,auto,$681
11177,E,2024-11-26,travel,738
11178,E,2024-09-08,health,824
11179,N,2024-06-29,travel,605
11180,N,2024-08-03,auto,503
11181,S,2024-06-26,auto,819
11182,W,2024-01-19,health,683
11183,W,2024-11-25,home,639
11184,N,2024-11-03,health,1012
11185,N,2024-05-06,home,708
11186,W,2024-04-12,travel,598
11187,N,2024-10-21,auto,481
11188,E,2024-07-26,home,569
11189,S,2024-09-09,travel,497
11190,N,2024-07-29,health,673
11191,E,2024-09-23,travel,970
11192,E,2024-09-12,health,762
11193,E,2024-08-05,home,722
11194,N,2024-08-12,auto,802
11195,S,2024-10-29,auto,505
11196,N,2024-05-11,auto,456
11197,W,2024-09-18,home,453
11198,W,2024-06-06,home,USD 660
11199,N,2024-06-10,travel,439
11200,W,2024-04-27,travel,668
11201,N,2024-02-23,travel,559
11202,E,2024-05-20,auto,589
11203,W,2024-09-11,health,679
11204,S,2024-05-19,auto,837
11205,W,2024-06-21,travel,657
11206,N,2024-03-18,health,640
11207,N,2024-08-14,health,982
11208,E,2024-08-22,health,528
11209,N,2024-05-12,health,841
11210,S,2024-06-08,home,696
11211,W,2024-06-11,health,646
11212,E,2024-09-13,home,646
11213,W,2024-04-03,travel,537
11214,N,2024-03-10,health,827
11215,S,2024-05-14,travel,610
11216,W,2024-07-27,home,701
11218,W,2024-10-26,travel,1027
11219,E,2024-07-14,home,697
11220,N,2024-09-03,health,609
11221,S,2024-09-13,health,560
11222,N,2024-03-01,auto,701
11223,S,2024-02-24,auto,555
11224,W,2024-08-13,auto,1158
11225,W,2024-09-21,home,768
11226,E,2024-06-21,auto,525
11227,E,2024-06-05,travel,464
11228,W,2024-10-28,travel,612
11229,N,2024-01-21,health,545
11230,W,2024-08-28,health,840
11231,S,2024-03-26,auto,696
11232,N,2024-09-23,health,674
11233,W,2024-10-19,auto,$457
11234,N,2024-04-01,health,760
11235,E,2024-03-09,travel,615
11236,S,2024-10-14,auto,519
11237,N,2024-02-25,auto,1103
11238,W,2024-04-25,auto,348
11239,E,2024-02-24,auto,579
11241,W,2024-07-31,auto,1037
11242,S,2024-07-06,health,519
11243,W,2024-03-20,travel,708
11244,S,2024-05-09,health,679
11245,N,2024-10-01,auto,641
11246,S,2024-05-01,auto,443
11247,W,2024-03-12,auto,693
11248,S,2024-02-28,travel,484
11249,E,2024-02-01,home,566
11250,S,2024-08-10,auto,443
11251,E,2024-02-19,auto,633
11252,W,2024-10-16,auto,522
11253,S,2024-07-16,health,712
11254,E,2024-01-20,auto,557
11255,E,2024-02-03,health,447
11256,S,2024-03-01,auto,574
11257,W,2024-08-07,auto,557
11258,S,2024-06-21,travel,480
11259,E,2024-04-05,home,800
11260,N,2024-06-22,health,624
11261,N,2024-10-16,travel,679
11262,W,2024-08-09,travel,562
11263,N,2024-02-08,auto,641
11264,N,2024-01-06,travel,548
11265,E,2024-01-27,home,847
11267,E,2024-09-11,health,537
11268,W,2024-10-18,home,813
11269,E,2024-08-09,travel,751
11270,E,2024-06-21,health,700
11271,E,2024-04-18,travel,716
11272,N,2024-08-30,home,565
11273,N,2024-10-28,health,$711
11274,W,2024-11-11,travel,939
11275,N,2024-09-10,auto,1014
11276,W,2024-07-09,health,548
11277,N,2024-11-19,home,474
11278,N,2024-06-23,home,817
11279,N,2024-11-06,auto,USD 996
11280,W,2024-09-24,auto,647
11281,W,2024-10-30,health,711
11282,W,2024-01-28,travel,594
11283,E,2024-07-18,auto,643
11284,S,2024-03-12,home,532
11285,W,2024-08-13,auto,676
11286,E,2024-10-09,health,676
11287,E,2024-05-10,auto,837
11289,S,2024-02-04,health,555
11290,E,2024-06-01,auto,664
11291,E,2024-10-07,travel,891
11294,N,2024-10-30,auto,1000
11295,W,2024-05-08,auto,457
11296,E,2024-03-09,home,568
11297,N,2024-08-29,auto,731
11298,N,2024-07-26,home,545
11299,N,2024-04-18,auto,715
11300,E,2024-11-23,travel,736
11301,E,2024-01-20,travel,1288
11302,S,2024-05-06,home,$605
11303,W,2024-10-14,auto,862
11304,W,2024-08-31,travel,457
11305,W,2024-04-11,home,711
11306,E,2024-05-02,auto,679
11307,E,2024-02-05,health,653
11308,W,2024-07-09,travel,737
11309,N,2024-09-06,home,491
11310,W,2024-02-24,travel,836
11311,E,2024-01-11,home,820
11312,E,2024-01-11,health,667
11313,N,2024-07-14,health,743
11315,N,2024-06-19,travel,891
11316,E,2024-01-06,travel,783
11317,E,2024-10-18,health,568
11318,N,2024-05-20,health,604
11319,E,2024-04-16,auto,632
11320,N,2024-10-01,health,545
11321,W,2024-07-14,health,544
11322,W,2024-11-26,travel,814
11323,E,2024-02-08,home,719
11324,N,2024-02-24,health,495
11325,E,2024-07-08,auto,711
11326,E,2024-07-12,home,574
11327,E,2024-05-25,travel,633
11328,W,2024-02-04,health,567
11329,N,2024-07-06,home,605
11330,S,2024-08-24,auto,672
11331,E,2024-08-05,home,536
11332,N,2024-02-28,health,590
11333,N,2024-11-01,travel,USD 687
11334,S,2024-10-27,home,775
11335,N,2024-10-22,auto,646
11336,N,2024-06-15,auto,787
11337,N,2024-08-20,health,778
11338,S,2024-03-29,home,813
11339,N,2024-10-30,auto,604
11340,N,2024-06-14,home,1087
11341,N,2024-03-26,home,533
11342,N,2024-02-11,auto,381
11343,W,2024-02-07,auto,539
11344,S,2024-09-04,health,1031
11345,S,2024-08-22,auto,USD 778
11346,N,2024-03-13,auto,781
11347,S,2024-06-28,home,430
11348,E,2024-04-23,health,628
11349,E,2024-04-11,travel,638
11350,W,2024-02-15,auto,671
11351,N,2024-03-14,home,$515
11352,N,2024-04-23,travel,600
11353,S,2024-06-01,auto,445
11354,W,2024-07-09,health,667
11355,E,2024-07-23,auto,549
11356,N,2024-05-19,health,592
11357,N,2024-09-10,travel,795
11358,E,2024-06-03,auto,778
11359,N,2024-06-26,travel,612
11360,S,2024-05-10,auto,669
11361,W,2024-02-23,health,631
11362,S,2024-01-04,health,868
11363,W,2024-07-03,health,996
11364,W,2024-04-23,auto,514
11365,S,2024-04-30,travel,1130
11367,S,2024-01-10,health,534
11368,E,2024-07-23,auto,944
11369,E,2024-10-07,home,504
11370,S,2024-03-01,travel,658
11371,N,2024-01-19,travel,623
11372,S,2024-10-02,travel,1051
11373,W,2024-04-14,auto,536
11374,E,2024-02-14,home,904
11375,E,2024-09-10,home,682
11376,W,2024-08-24,health,603
11377,S,2024-01-18,auto,982
11378,W,2024-11-03,travel,737
11379,N,2024-10-15,auto,674
11380,W,2024-10-27,health,618
11381,N,2024-06-11,auto,715
11382,N,2024-03-22,home,799
11383,N,2024-06-26,travel,$724
11384,N,2024-09-27,auto,792
11385,W,2024-10-01,auto,821
11386,E,2024-07-12,health,661
11387,E,2024-03-01,auto,946
11388,E,2024-05-17,auto,1020
11389,W,2024-03-13,home,471
11390,E,2024-10-22,auto,471
11391,W,2024-03-01,home,670
11392,N,2024-02-13,health,422
11393,W,2024-09-08,home,624
11395,E,2024-10-16,auto,745
11396,E,2024-10-05,health,580
11397,W,2024-06-18,auto,470
11398,E,2024-06-12,travel,658
11399,W,2024-06-25,auto,673
11400,W,2024-10-19,home,978
11401,E,2024-06-08,auto,$724
11402,N,2024-11-11,auto,395
11403,N,2024-05-12,health,1113
11404,E,2024-01-15,health,990
11405,E,2024-07-29,travel,654
11406,W,2024-08-24,health,703
11408,E,2024-07-04,health,578
11410,E,2024-01-01,auto,450
11411,S,2024-06-01,health,647
11412,S,2024-02-11,auto,814
11413,S,2024-02-03,travel,781
11414,E,2024-06-07,auto,914
11415,W,2024-10-22,home,621
11417,N,2024-02-04,auto,750
11418,W,2024-03-30,health,557
11419,E,2024-01-02,travel,$738
11420,S,2024-05-27,health,846
11421,N,2024-08-10,travel,494
11422,W,2024-11-10,travel,1037
11423,S,2024-09-22,health,881
11424,W,2024-10-04,home,731
11425,E,2024-01-08,health,648
11426,E,2024-08-11,home,632
11427,N,2024-04-01,auto,544
11428,E,2024-10-06,travel,726
11429,S,2024-01-14,auto,946
11430,E,2024-10-07,health,$671
11431,N,2024-09-22,health,629
11432,E,2024-09-21,home,452
11433,W,2024-05-28,home,690
11434,W,2024-01-01,auto,601
11435,E,2024-10-02,travel,626
11436,S,2024-06-12,home,705
11437,S,2024-04-17,health,606
11438,W,2024-07-25,home,802
11439,N,2024-05-08,home,571
11440,W,2024-07-20,home,972
11441,W,2024-02-14,auto,1007
11442,E,2024-01-31,travel,832
11443,W,2024-10-19,auto,744
11444,N,2024-08-24,auto,609
11445,S,2024-08-30,auto,658
11446,E,2024-01-29,auto,625
11447,N,2024-07-29,auto,$522
11448,S,2024-11-10,home,650
11449,W,2024-03-08,health,1110
11450,W,2024-10-05,home,967
11451,W,2024-01-20,health,617
11452,N,2024-06-29,health,$857
11453,S,2024-05-18,health,USD 641
11454,S,2024-07-13,auto,626
11455,N,2024-11-24,auto,USD 814
11456,N,2024-03-09,travel,826
11457,E,2024-10-29,health,817
11458,E,2024-04-19,home,636
11459,W,2024-04-07,auto,580
11460,W,2024-01-13,health,430
11461,S,2024-09-11,auto,714
11462,N,2024-11-16,auto,433
11463,E,2024-01-19,travel,481
11464,N,2024-01-24,home,1151
11465,N,2024-06-04,auto,USD 645
11466,N,2024-08-11,travel,678
11467,S,2024-04-13,health,USD 984
11468,E,2024-09-07,auto,668
11469,N,2024-11-21,travel,$739
11470,E,2024-08-29,auto,484
11471,S,2024-11-19,home,651
11472,E,2024-02-25,home,588
11473,N,2024-06-07,auto,717
11474,W,2024-03-30,home,609
11475,N,2024-01-19,travel,830
11476,N,2024-01-10,home,635
11477,E,2024-08-03,travel,539
11478,N,2024-04-14,travel,713
11479,S,2024-01-21,health,552
11480,S,2024-04-30,health,464
11481,N,2024-11-17,auto,540
11482,E,2024-09-30,health,471
11483,S,2024-01-09,travel,653
11484,W,2024-10-08,auto,552
11485,W,2024-10-16,health,493
11486,W,2024-02-09,home,458
11487,N,2024-03-27,health,685
11488,S,2024-11-04,home,USD 613
11489,N,2024-01-19,auto,USD 576
11490,S,2024-03-22,auto,694
11492,W,2024-02-09,health,796
11494,N,2024-02-25,home,556
11495,N,2024-09-18,travel,785
11496,E,2024-04-06,health,597
11497,S,2024-05-23,travel,648
11498,S,2024-10-23,travel,577
11499,W,2024-01-05,health,788
11500,E,2024-04-25,home,473
11501,E,2024-06-25,auto,478
11503,N,2024-03-03,travel,788
11504,N,2024-03-07,travel,645
11505,E,2024-05-17,travel,671
11506,W,2024-10-21,auto,593
11507,W,2024-07-26,home,$756
11508,N,2024-08-09,home,660
11509,E,2024-09-22,auto,$641
11510,S,2024-09-06,home,514
11511,N,2024-02-13,travel,903
11512,S,2024-04-19,travel,590
11513,N,2024-07-02,home,$427
11514,W,2024-02-15,travel,835
11515,N,2024-09-30,health,454
11516,W,2024-08-22,health,695
11517,E,2024-06-12,auto,710
11518,E,2024-01-23,home,1049
11519,N,2024-05-09,travel,700
11520,E,2024-08-14,auto,613
11521,E,2024-11-10,health,820
11522,W,2024-09-15,home,502
11523,E,2024-06-17,health,USD 773
11524,E,2024-07-31,health,872
11525,W,2024-07-29,auto,USD 645
11526,W,2024-11-08,health,828
11527,W,2024-05-22,auto,USD 511
11528,S,2024-01-16,health,419
11529,E,2024-10-07,health,546
11530,E,2024-04-14,health,561
11531,W,2024-11-25,travel,USD 602
11532,E,2024-05-24,health,562
11533,W,2024-06-01,travel,846
11534,E,2024-08-28,health,1100
11535,W,2024-07-22,auto,552
11536,S,2024-05-24,home,513
11537,N,2024-11-03,home,596
11538,E,2024-01-28,auto,581
11539,W,2024-04-02,home,916
11541,W,2024-04-01,travel,840
11542,W,2024-05-02,travel,674
11543,E,2024-07-03,auto,626
11544,E,2024-02-11,auto,$927
11545,N,2024-02-08,travel,683
11546,E,2024-08-06,travel,922
11547,W,2024-07-17,home,476
11548,N,2024-05-27,travel,527
11549,W,2024-07-28,travel,737
11550,S,2024-01-30,home,857
11551,W,2024-02-11,health,786
11552,N,2024-07-28,health,613
11553,E,2024-07-13,home,527
11554,W,2024-10-18,travel,751
11555,W,2024-05-26,health,540
11556,E,2024-08-19,health,774
11557,E,2024-04-18,health,448
11558,S,2024-04-20,health,925
11559,E,2024-05-22,auto,776
11560,E,2024-08-29,travel,604
11561,E,2024-09-12,auto,$583
11562,E,2024-10-01,health,1157
11563,E,2024-06-30,health,$519
11564,E,2024-10-23,health,887
11565,N,2024-05-18,auto,728
11566,S,2024-09-28,auto,769
11567,W,2024-09-30,travel,595
11568,S,2024-02-12,travel,1028
11570,W,2024-05-26,auto,534
11571,W,2024-11-18,home,578
11572,E,2024-01-23,auto,531
11573,N,2024-03-10,home,572
11574,E,2024-07-19,health,970
11575,W,2024-03-01,home,551
11576,N,2024-08-04,home,1018
11577,N,2024-07-31,health,890
11579,W,2024-05-22,home,790
11580,W,2024-01-19,home,703
11581,N,2024-06-29,auto,789
11582,E,2024-02-27,health,698
11583,E,2024-03-09,home,628
11584,N,2024-05-31,auto,742
11585,E,2024-10-30,home,650
11586,E,2024-05-26,home,1004
11587,E,2024-06-20,home,601
11588,W,2024-01-17,health,550
11589,S,2024-03-28,health,965
11590,E,2024-07-29,auto,516
11591,N,2024-10-19,auto,541
11592,N,2024-01-18,auto,518
11593,W,2024-07-26,travel,543
11594,S,2024-08-26,home,510
11596,E,2024-03-05,health,548
11597,S,2024-01-07,health,$600
11598,E,2024-06-17,home,535
11600,E,2024-09-29,auto,703
11601,W,2024-06-29,health,665
11602,E,2024-03-09,home,699
11603,W,2024-01-12,travel,661
11604,S,2024-09-12,auto,609
11605,W,2024-11-04,home,397
11606,N,2024-11-07,home,599
11607,E,2024-08-20,health,437
11610,N,2024-05-10,home,834
11611,N,2024-03-04,home,633
11612,N,2024-04-02,travel,704
11613,E,2024-09-06,health,735
11614,W,2024-04-29,home,690
11615,E,2024-04-03,home,563
11616,N,2024-03-23,auto,531
11617,S,2024-11-10,health,394
11618,W,2024-11-18,travel,464
11619,W,2024-05-21,auto,598
11621,N,2024-05-14,health,592
11622,W,2024-05-17,auto,716
11623,S,2024-05-19,auto,761
11624,W,2024-05-15,health,928
11627,E,2024-11-10,health,698
11628,S,2024-11-08,auto,475
11629,N,2024-07-26,travel,632
11631,N,2024-04-23,travel,546
11632,W,2024-03-13,auto,1054
11633,N,2024-02-10,travel,632
11634,E,2024-09-14,travel,943
11635,S,2024-10-07,health,$526
11636,E,2024-06-03,auto,612
11637,W,2024-06-24,home,439
11640,S,2024-06-17,auto,559
11641,N,2024-01-17,health,567
11643,N,2024-11-14,home,719
11644,E,2024-06-28,home,552
11645,N,2024-05-27,health,783
11646,E,2024-01-31,health,$532
11647,W,2024-05-14,health,538
11648,S,2024-03-27,home,617
11649,E,2024-05-28,travel,489
11650,E,2024-03-18,home,884
11651,N,2024-06-02,health,959
11652,W,2024-03-21,health,535
11653,E,2024-02-26,home,630
11654,E,2024-02-15,health,513
11655,E,2024-08-16,auto,1114
11656,N,2024-11-11,home,535
11657,E,2024-02-07,travel,672
11658,E,2024-06-03,auto,756
11659,E,2024-01-15,auto,745
11660,N,2024-09-08,health,402
11661,S,2024-02-28,travel,520
11662,N,2024-09-15,health,548
11663,E,2024-10-10,auto,552
11664,N,2024-10-27,auto,480
11665,S,2024-07-31,auto,554
11666,E,2024-03-29,health,730
11667,W,2024-04-06,health,627
11668,E,2024-11-14,health,762
11669,N,2024-10-31,home,894
11670,N,2024-02-08,health,414
11671,N,2024-06-15,health,803
11672,E,2024-01-13,auto,634
11673,W,2024-01-04,home,781
11674,E,2024-08-14,home,$724
11675,S,2024-03-17,travel,593
11676,S,2024-11-25,auto,$872
11677,N,2024-07-25,auto,601
11678,N,2024-06-05,auto,810
11679,W,2024-11-19,auto,595
11680,N,2024-04-08,travel,USD 868
11681,W,2024-07-31,travel,784
11682,S,2024-01-09,auto,509
11683,N,2024-01-27,travel,741
11684,N,2024-11-09,home,799
11685,N,2024-03-06,health,724
11686,W,2024-10-04,travel,765
11687,N,2024-05-09,home,772
11688,E,2024-01-01,auto,524
11689,E,2024-07-28,auto,935
11690,S,2024-04-18,auto,937
11691,N,2024-06-18,health,800
11692,E,2024-05-04,home,553
11693,E,2024-04-13,auto,540
11694,S,2024-05-18,travel,849
11695,S,2024-01-22,health,779
11696,E,2024-06-18,auto,USD 510
11697,W,2024-07-22,home,391
11699,N,2024-08-13,auto,539
11700,E,2024-04-28,health,590
11701,W,2024-11-03,travel,533
11702,E,2024-08-18,travel,680
11703,W,2024-01-05,home,531
11704,S,2024-05-06,travel,661
11705,N,2024-08-07,home,739
11706,E,2024-04-15,travel,794
11707,W,2024-08-28,health,799
11708,E,2024-07-06,home,981
11709,E,2024-03-22,auto,670
11710,N,2024-05-15,auto,536
11711,N,2024-06-16,health,707
11712,W,2024-05-15,auto,425
11713,S,2024-02-06,auto,676
11714,E,2024-06-06,health,1014
11715,E,2024-01-15,home,$560
11716,E,2024-11-01,travel,519
11717,E,2024-08-25,auto,692
11718,N,2024-06-27,home,567
11719,W,2024-01-19,home,720
11720,W,2024-07-30,health,557
11721,N,2024-06-26,health,523
11722,N,2024-02-15,travel,961
11723,W,2024-03-30,home,439
11724,S,2024-07-17,health,973
11725,N,2024-05-01,auto,353
11726,S,2024-10-11,home,USD 936
11727,N,2024-04-13,home,827
11728,N,2024-04-03,travel,905
11729,N,2024-07-02,health,958
11730,W,2024-01-19,home,785
11731,W,2024-06-05,auto,533
11732,N,2024-05-26,auto,669
11733,W,2024-04-24,auto,621
11734,N,2024-07-20,health,646
11735,N,2024-07-22,auto,USD 676
11736,W,2024-02-22,travel,880
11737,N,2024-05-30,health,700
11738,W,2024-08-25,home,$618
11739,W,2024-04-16,travel,650
11740,E,2024-06-07,home,532
11741,N,2024-06-23,auto,639
11742,E,2024-09-08,travel,711
11743,N,2024-09-23,travel,595
11744,E,2024-07-14,auto,909
11746,E,2024-03-22,health,USD 663
11747,E,2024-11-03,auto,632
11748,N,2024-09-30,auto,721
11749,S,2024-05-01,health,649
11750,N,2024-09-29,travel,732
11751,E,2024-03-03,home,622
11752,S,2024-08-06,home,700
11753,E,2024-05-18,travel,516
11755,E,2024-08-26,home,664
11756,E,2024-08-01,home,529
11757,W,2024-05-15,health,888
11758,E,2024-10-14,auto,657
11759,S,2024-09-29,health,785
11760,S,2024-01-10,travel,461
11761,N,2024-04-04,health,914
11762,W,2024-11-07,home,361
11763,N,2024-02-22,health,647
11764,S,2024-07-17,home,953
11765,N,2024-11-16,auto,$715
11766,E,2024-04-12,travel,$390
11767,W,2024-06-04,health,466
11768,N,2024-10-06,health,$572
11769,E,2024-04-05,auto,687
11770,S,2024-06-27,auto,696
11771,S,2024-05-29,home,611
11772,W,2024-01-25,travel,$464
11773,S,2024-06-15,health,475
11774,N,2024-07-08,travel,1059
11775,E,2024-04-21,travel,693
11776,S,2024-05-10,travel,488
11777,W,2024-11-24,travel,493
11778,E,2024-11-15,health,757
11779,E,2024-06-08,auto,399
11780,N,2024-07-12,auto,511
11781,N,2024-07-13,home,632
11782,E,2024-03-18,auto,409
11783,E,2024-08-17,health,450
11784,S,2024-05-07,home,364
11785,S,2024-07-10,home,490
11786,W,2024-07-09,health,674
11787,N,2024-07-25,home,638
11788,S,2024-05-28,home,940
11789,E,2024-02-08,travel,883
11790,N,2024-08-28,auto,749
11791,W,2024-10-08,home,625
11792,E,2024-06-21,health,640
11793,N,2024-09-10,health,691
11794,E,2024-08-29,home,853
11795,E,2024-04-25,home,809
11796,N,2024-07-12,auto,817
11797,E,2024-03-11,home,456
11798,E,2024-03-10,auto,547
11800,W,2024-03-09,home,712
11801,N,2024-03-04,home,748
11802,N,2024-03-01,home,526
11803,W,2024-02-28,home,899
11804,W,2024-04-24,travel,746
11805,N,2024-04-14,auto,536
11806,W,2024-01-16,travel,397
11807,W,2024-03-21,home,870
11808,S,2024-04-26,home,725
11809,W,2024-02-01,home,1051
11811,S,2024-01-19,auto,943
11812,N,2024-11-15,travel,732
11813,W,2024-11-03,auto,629
11814,S,2024-01-08,auto,878
11815,E,2024-08-21,travel,626
11816,E,2024-04-13,auto,$843
11817,E,2024-02-05,home,USD 1023
11818,E,2024-10-22,home,623
11819,E,2024-02-28,health,1004
11820,N,2024-10-30,home,792
11821,W,2024-09-26,travel,717
11822,S,2024-02-28,travel,498
11823,W,2024-04-25,auto,609
11824,S,2024-08-15,home,631
11825,N,2024-06-29,home,938
11826,N,2024-08-14,travel,374
11827,W,2024-03-09,travel,528
11828,W,2024-06-02,auto,379
11829,W,2024-08-11,travel,398
11830,W,2024-07-23,auto,750
11831,W,2024-08-01,home,428
11832,S,2024-01-01,auto,657
11833,N,2024-06-04,home,561
11834,N,2024-04-07,auto,595
11835,N,2024-06-06,health,830
11836,W,2024-04-10,health,731
11837,E,2024-04-01,auto,845
11838,S,2024-04-01,auto,825
11839,E,2024-01-29,auto,711
11840,S,2024-03-12,travel,592
11841,W,2024-01-10,travel,709
11842,W,2024-03-05,health,581
11843,E,2024-05-28,home,$586
11845,S,2024-03-16,travel,915
11846,W,2024-09-09,travel,481
11847,S,2024-02-04,travel,493
11848,N,2024-08-01,home,800
11849,E,2024-11-15,health,736
11850,W,2024-09-13,home,525
11851,W,2024-02-28,auto,721
11852,S,2024-03-22,auto,505
11853,W,2024-10-23,auto,1187
11854,N,2024-02-02,travel,608
11855,W,2024-05-03,home,678
11856,N,2024-07-25,health,543
11857,E,2024-03-29,home,$810
11858,N,2024-08-13,auto,655
11859,W,2024-11-15,auto,543
11860,W,2024-01-05,home,739
11861,S,2024-10-22,health,876
11862,S,2024-07-14,home,837
11863,W,2024-06-24,travel,641
11864,N,2024-08-10,home,763
11865,W,2024-05-14,travel,787
11866,S,2024-01-17,auto,742
11867,E,2024-01-03,auto,617
11868,S,2024-01-24,travel,843
11869,W,2024-03-14,health,790
11870,S,2024-01-12,auto,904
11871,N,2024-07-27,home,916
11872,S,2024-03-07,auto,509
11873,N,2024-01-26,travel,779
11874,N,2024-05-05,auto,853
11875,W,2024-03-15,auto,767
11876,E,2024-06-08,auto,551
11877,W,2024-02-10,travel,497
11878,W,2024-01-29,home,741
11879,S,2024-09-09,travel,639
11880,N,2024-08-24,health,531
11881,W,2024-07-21,travel,691
11882,W,2024-01-14,home,496
11883,E,2024-08-09,home,609
11884,N,2024-07-21,auto,537
11885,W,2024-08-22,travel,541
11886,N,2024-10-16,home,766
11887,W,2024-06-19,auto,605
11888,W,2024-11-22,auto,705
11889,S,2024-02-11,travel,652
11890,N,2024-10-11,travel,595
11891,N,2024-10-10,auto,638
11892,W,2024-03-22,auto,514
11893,E,2024-05-12,travel,$599
11894,S,2024-09-16,travel,806
11895,W,2024-11-23,auto,901
11896,S,2024-06-05,travel,$548
11897,N,2024-03-15,health,666
11899,W,2024-07-23,home,808
11900,N,2024-03-13,health,935
11901,W,2024-03-02,travel,648
11902,W,2024-06-22,home,984
11903,E,2024-08-09,home,590
11904,W,2024-01-09,home,447
11905,N,2024-01-26,auto,545
11906,S,2024-01-26,auto,600
11907,E,2024-03-27,health,481
11908,E,2024-08-06,health,991
11909,E,2024-06-02,auto,538
11910,N,2024-11-04,travel,508
11911,W,2024-10-23,travel,585
11912,N,2024-09-19,auto,911
11913,E,2024-04-05,travel,821
11914,E,2024-05-28,health,583
11915,W,2024-06-03,travel,623
11916,E,2024-11-19,travel,741
11917,N,2024-10-24,auto,752
11918,E,2024-10-18,auto,574
11919,E,2024-03-29,auto,738
11920,N,2024-08-06,home,500
11921,E,2024-01-09,auto,775
11922,E,2024-05-01,travel,671
11923,N,2024-11-16,auto,542
11924,S,2024-02-29,travel,849
11925,W,2024-09-17,travel,737
11926,S,2024-11-08,health,838
11927,E,2024-09-29,travel,528
11928,W,2024-05-23,auto,1111
11929,E,2024-10-07,travel,780
11930,E,2024-03-20,travel,893
11931,E,2024-01-13,home,550
11932,E,2024-09-17,travel,961
11933,E,2024-05-04,travel,775
11934,W,2024-06-22,auto,627
11935,N,2024-07-20,health,852
11936,S,2024-09-23,health,446
11937,E,2024-02-18,auto,678
11938,S,2024-11-05,home,733
11939,N,2024-02-15,travel,679
11940,N,2024-06-05,auto,486
11941,W,2024-08-25,home,697
11942,N,2024-10-08,health,572
11943,W,2024-05-25,travel,861
11944,S,2024-03-09,travel,604
11945,W,2024-02-29,auto,USD 839
11946,W,2024-05-10,travel,634
11947,N,2024-02-23,home,792
11948,S,2024-10-26,home,871
11949,E,2024-09-25,travel,USD 667
11950,S,2024-01-17,auto,570
11951,W,2024-08-07,auto,758
11952,S,2024-02-07,health,437
11953,W,2024-03-14,health,556
11954,E,2024-10-06,health,665
11955,W,2024-10-08,travel,725
11956,E,2024-05-12,health,724
11957,N,2024-07-05,home,629
11958,E,2024-03-17,health,785
11959,N,2024-04-21,home,611
11960,E,2024-05-14,travel,835
11961,W,2024-05-14,home,615
11962,E,2024-10-30,health,820
11963,W,2024-07-18,health,445
11964,W,2024-01-02,health,USD 606
11965,W,2024-08-01,auto,793
11966,S,2024-05-28,home,714
11967,E,2024-06-01,auto,989
11968,E,2024-10-24,auto,605
11969,N,2024-06-14,health,667
11970,S,2024-03-02,home,786
11971,W,2024-01-16,health,1039
11972,S,2024-07-25,travel,874
11973,E,2024-08-24,health,723
11974,S,2024-06-15,auto,555
11975,W,2024-11-08,health,478
11976,E,2024-04-07,auto,564
11977,E,2024-01-21,travel,486
11978,W,2024-02-24,health,476
11979,E,2024-02-24,health,617
11980,W,2024-06-24,health,694
11981,W,2024-11-26,travel,381
11982,W,2024-11-20,auto,746
11983,S,2024-01-07,travel,698
11984,E,2024-04-22,home,512
11985,N,2024-05-24,auto,829
11986,E,2024-08-29,travel,535
11987,W,2024-04-07,health,806
11988,S,2024-07-29,travel,680
11989,E,2024-11-13,travel,763
11990,W,2024-05-25,health,709
11991,N,2024-09-13,home,463
11992,N,2024-09-04,home,774
11993,E,2024-11-14,travel,968
11994,W,2024-10-21,travel,630
11995,E,2024-09-02,health,570
11996,N,2024-02-21,home,663
11997,E,2024-08-12,auto,932
11998,W,2024-01-27,travel,817
11999,S,2024-06-07,home,685
12000,N,2024-03-27,health,496
12002,E,2024-02-26,health,975
12003,E,2024-03-05,home,542
12004,W,2024-11-12,home,637
12005,N,2024-07-23,travel,441
12006,S,2024-03-30,auto,598
12007,N,2024-07-01,auto,835
12008,N,2024-01-24,travel,492
12009,S,2024-08-08,auto,571
12010,S,2024-01-21,home,818
12011,E,2024-07-04,home,558
12012,S,2024-06-08,travel,$729
12013,N,2024-09-12,health,614
12014,E,2024-09-12,travel,473
12015,N,2024-09-07,travel,538
12016,E,2024-01-21,health,610
12017,S,2024-09-01,travel,$712
12018,N,2024-09-22,auto,1044
12019,E,2024-04-14,home,774
12020,W,2024-05-05,travel,437
12021,N,2024-08-23,health,610
12022,N,2024-01-01,auto,543
12023,E,2024-02-24,home,610
12024,N,2024-08-09,auto,580
12025,W,2024-10-23,auto,751
12026,W,2024-07-12,home,922
12027,S,2024-04-22,home,$845
12028,N,2024-03-03,auto,831
12029,N,2024-03-12,home,671
12030,E,2024-03-21,auto,790
12031,S,2024-07-14,travel,902
12032,S,2024-06-19,travel,573
12033,N,2024-10-17,health,$520
12034,N,2024-09-12,auto,895
12035,E,2024-01-13,health,676
12036,N,2024-04-08,travel,647
12037,E,2024-05-25,health,USD 544
12038,N,2024-07-19,travel,$471
12039,E,2024-09-18,health,474
12040,W,2024-11-21,auto,701
12041,N,2024-10-14,travel,683
12042,W,2024-01-30,auto,$488
12043,W,2024-01-28,health,403
12044,W,2024-06-07,travel,1010
12045,S,2024-01-15,travel,947
12046,S,2024-03-06,health,743
12047,W,2024-02-07,travel,463
12048,N,2024-04-18,auto,787
12049,S,2024-11-20,home,586
12050,E,2024-07-26,health,690
12051,N,2024-04-18,home,1009
12052,E,2024-04-15,travel,591
12053,W,2024-02-17,health,499
12054,S,2024-04-18,home,USD 424
12055,W,2024-11-03,auto,821
12056,S,2024-05-06,home,659
12057,W,2024-08-09,health,482
12058,E,2024-09-19,home,578
12059,E,2024-07-10,health,759
12060,N,2024-09-10,home,552
12061,E,2024-05-21,auto,518
12062,W,2024-08-22,auto,456
12063,S,2024-10-08,health,639
12064,N,2024-02-08,health,660
12065,N,2024-11-16,auto,591
12066,W,2024-03-03,auto,732
12068,W,2024-10-15,home,650
12069,W,2024-01-23,home,899
12070,W,2024-06-22,health,760
12071,N,2024-02-22,home,854
12072,S,2024-08-28,home,704
12073,W,2024-04-14,health,469
12074,N,2024-07-08,auto,632
12075,N,2024-08-31,auto,869
12076,N,2024-04-06,home,USD 823
12077,E,2024-03-18,home,$561
12078,E,2024-07-27,travel,887
12079,E,2024-08-26,travel,488
12080,E,2024-07-16,health,640
12081,E,2024-05-25,travel,698
12082,E,2024-04-14,health,827
12083,E,2024-06-27,travel,573
12084,E,2024-07-16,auto,628
12085,N,2024-07-26,travel,894
12086,S,2024-06-09,travel,828
12087,W,2024-04-21,auto,618
12088,W,2024-10-04,health,837
12089,N,2024-10-19,auto,USD 512
12090,E,2024-10-18,travel,635
12091,S,2024-07-29,travel,585
12092,N,2024-01-07,health,811
12093,W,2024-05-24,auto,696
12094,N,2024-10-09,home,495
12095,W,2024-08-24,health,734
12096,E,2024-09-13,travel,547
12097,S,2024-01-13,travel,761
12098,E,2024-09-08,travel,733
12099,N,2024-06-17,travel,721
12100,W,2024-04-12,health,371
12101,N,2024-09-22,auto,856
12102,E,2024-06-22,health,757
12103,N,2024-03-09,home,1041
12104,W,2024-02-23,travel,466
12105,N,2024-08-23,travel,576
12106,E,2024-08-19,auto,603
12107,E,2024-01-17,auto,516
12108,S,2024-05-10,home,720
12109,S,2024-09-11,travel,533
12110,S,2024-06-05,home,861
12111,S,2024-02-11,travel,666
12112,E,2024-07-20,health,473
12113,W,2024-03-12,home,719
12114,N,2024-01-02,health,841
12115,N,2024-08-04,travel,789
12116,W,2024-02-03,health,558
12117,S,2024-01-06,home,784
12118,W,2024-01-24,home,562
12119,N,2024-01-08,auto,708
12120,E,2024-07-27,auto,621
12121,N,2024-04-23,auto,591
12122,E,2024-10-09,auto,430
12123,S,2024-05-15,home,429
12124,S,2024-11-21,auto,565
12125,N,2024-04-05,auto,648
12126,N,2024-11-21,auto,469
12127,N,2024-05-02,health,869
12128,E,2024-11-10,home,933
12129,W,2024-06-10,home,819
12130,W,2024-04-22,travel,604
12131,W,2024-04-23,auto,717
12132,W,2024-03-31,home,700
12133,W,2024-10-11,auto,532
12134,W,2024-05-04,travel,708
12136,S,2024-04-24,travel,596
12137,E,2024-02-07,home,824
12138,E,2024-06-21,health,$474
12139,E,2024-10-26,home,437
12140,N,2024-05-20,auto,967
12141,W,2024-07-16,home,$843
12142,S,2024-04-25,auto,816
12143,W,2024-08-17,travel,604
12144,W,2024-10-25,auto,663
12145,N,2024-04-09,home,507
12146,E,2024-07-10,home,648
12147,S,2024-08-16,auto,798
12148,S,2024-09-02,travel,644
12149,N,2024-11-11,auto,556
12150,W,2024-03-17,auto,579
12151,S,2024-09-20,travel,1052
12152,S,2024-02-01,travel,901
12153,W,2024-02-24,travel,782
12155,E,2024-08-17,travel,664
12156,W,2024-08-09,travel,491
12157,E,2024-01-18,travel,502
12158,W,2024-06-10,travel,760
12160,S,2024-01-06,auto,489
12161,W,2024-10-01,auto,400
12162,W,2024-08-11,travel,584
12163,S,2024-04-04,health,677
12164,E,2024-05-04,travel,606
12165,N,2024-04-01,travel,645
12166,W,2024-04-25,travel,397
12167,S,2024-03-20,home,1057
12168,S,2024-11-06,travel,836
12169,E,2024-03-30,auto,366
12170,S,2024-02-25,auto,458
12171,W,2024-03-07,home,375
12172,W,2024-04-30,health,439
12173,E,2024-05-11,home,745
12174,W,2024-10-27,travel,472
12175,E,2024-01-14,auto,651
12176,N,2024-08-25,travel,432
12177,S,2024-05-22,home,622
12178,N,2024-07-20,health,541
12179,E,2024-06-27,travel,656
12180,N,2024-10-11,health,574
12182,E,2024-09-14,travel,1232
12183,W,2024-07-24,auto,749
12184,S,2024-03-24,home,814
12185,W,2024-01-05,auto,672
12186,S,2024-04-16,travel,589
12187,W,2024-02-01,auto,833
12188,N,2024-09-01,auto,638
12189,N,2024-08-16,auto,641
12190,E,2024-06-25,home,496
12191,S,2024-08-09,auto,754
12192,E,2024-03-16,home,424
12193,E,2024-02-21,health,541
12194,N,2024-06-02,home,797
12195,W,2024-03-26,home,657
12196,S,2024-07-28,home,609
12197,S,2024-06-18,auto,651
12198,E,2024-02-11,home,692
12199,E,2024-03-03,auto,775
12200,E,2024-07-23,health,455
12201,W,2024-01-17,travel,756
12202,S,2024-05-04,home,548
12203,E,2024-05-12,home,669
12204,S,2024-06-14,home,650
12205,N,2024-05-11,health,USD 559
12206,W,2024-11-13,auto,816
12207,E,2024-01-31,health,389
12208,W,2024-08-07,health,936
12209,E,2024-06-19,auto,506
12210,W,2024-06-21,auto,621
12211,S,2024-08-27,health,865
12212,E,2024-01-08,home,713
12213,W,2024-03-13,home,1055
12214,E,2024-08-30,auto,683
12215,S,2024-08-10,home,487
12216,S,2024-03-30,home,631
12217,E,2024-05-09,home,834
12218,N,2024-08-09,home,599
12219,E,2024-01-04,travel,895
12220,E,2024-07-11,travel,$613
12221,E,2024-10-17,travel,566
12222,N,2024-05-01,health,588
12223,E,2024-08-19,health,564
12224,S,2024-06-06,travel,857
12226,W,2024-01-12,auto,705
12227,E,2024-06-27,home,900
12228,E,2024-05-10,home,411
12229,S,2024-02-18,travel,671
12231,E,2024-01-05,home,694
12232,W,2024-05-20,auto,572
12233,W,2024-05-12,travel,702
12234,N,2024-11-24,home,664
12235,W,2024-09-07,travel,529
12236,W,2024-04-04,travel,523
12237,E,2024-04-06,travel,728
12238,N,2024-03-17,auto,438
12239,W,2024-06-25,home,536
12240,E,2024-04-26,home,510
12241,S,2024-10-25,auto,811
12243,S,2024-06-03,auto,562
12244,E,2024-09-20,home,603
12246,W,2024-02-01,health,674
12247,W,2024-03-15,travel,470
12248,W,2024-11-14,health,586
12249,S,2024-08-14,auto,560
12250,E,2024-10-08,travel,438
12251,W,2024-02-28,auto,675
12252,S,2024-03-16,auto,617
12253,W,2024-07-03,travel,$647
12254,N,2024-06-20,home,492
12255,W,2024-11-02,home,858
12256,E,2024-09-13,home,831
12257,S,2024-01-08,health,759
12258,E,2024-05-25,health,485
12259,S,2024-06-18,home,482
12260,W,2024-05-16,health,559
12261,N,2024-01-14,health,722
12262,N,2024-02-05,health,576
12263,S,2024-04-11,auto,628
12264,E,2024-06-21,home,934
12265,S,2024-02-08,health,964
12266,W,2024-04-04,auto,903
12267,S,2024-05-29,travel,$725
12269,S,2024-06-22,travel,751
12271,E,2024-10-08,health,749
12272,E,2024-11-22,travel,540
12273,W,2024-04-10,health,840
12274,N,2024-06-27,health,723
12275,S,2024-02-29,health,835
12276,S,2024-05-23,auto,674
12277,W,2024-03-27,home,794
12278,W,2024-06-04,travel,714
12279,S,2024-10-16,health,646
12280,E,2024-04-21,health,674
12281,W,2024-04-22,health,863
12282,E,2024-01-19,health,993
12283,N,2024-06-09,home,591
12284,W,2024-04-01,auto,936
12285,W,2024-08-12,auto,656
12286,N,2024-03-25,health,880
12287,W,2024-06-04,travel,507
12288,E,2024-01-10,auto,638
12289,E,2024-01-30,travel,740
12290,N,2024-03-16,health,902
12291,N,2024-03-28,travel,579
12292,N,2024-10-18,home,769
12293,E,2024-01-12,home,531
12294,E,2024-03-18,auto,732
12295,W,2024-07-04,health,789
12297,S,2024-11-05,auto,676
12298,W,2024-06-11,travel,593
12299,N,2024-08-24,health,751
12300,S,2024-03-20,auto,689
12301,N,2024-06-13,travel,472
12302,E,2024-08-18,health,511
12303,N,2024-01-27,health,775
12304,E,2024-08-25,home,545
12305,N,2024-10-08,health,656
12306,W,2024-10-06,health,USD 511
12307,E,2024-08-02,travel,533
12308,W,2024-10-12,health,700
12309,W,2024-04-21,health,600
12310,E,2024-04-28,travel,520
12311,W,2024-05-03,travel,955
12312,S,2024-04-07,health,$854
12313,E,2024-04-28,travel,934
12314,E,2024-07-02,travel,693
12315,S,2024-07-19,auto,696
12316,E,2024-02-19,travel,$532
12317,E,2024-09-06,travel,761
12318,E,2024-10-21,health,596
12319,N,2024-06-27,travel,856
12320,W,2024-10-25,health,$713
12321,E,2024-01-28,health,662
12322,E,2024-02-01,health,766
12323,W,2024-03-07,auto,$694
12324,W,2024-06-24,travel,743
12325,E,2024-01-12,health,813
12326,E,2024-09-04,auto,475
12327,E,2024-04-26,health,743
12328,S,2024-01-23,travel,711
12329,E,2024-10-11,health,933
12330,E,2024-10-31,home,476
12331,S,2024-06-21,travel,592
12332,E,2024-02-14,home,USD 536
12333,W,2024-10-16,auto,715
12334,N,2024-03-30,auto,560
12335,W,2024-04-18,home,708
12336,W,2024-10-31,home,653
12337,S,2024-06-09,health,627
12338,W,2024-01-10,auto,607
12339,S,2024-05-30,health,557
12340,S,2024-03-06,health,574
12341,S,2024-02-25,home,521
12342,S,2024-01-03,auto,763
12343,W,2024-08-11,travel,674
12344,N,2024-04-15,home,582
12345,N,2024-06-07,auto,547
12346,N,2024-07-16,auto,681
12347,S,2024-10-02,travel,USD 641
12348,N,2024-01-10,home,616
12349,N,2024-03-20,health,$473
12350,W,2024-10-28,home,691
12351,W,2024-04-12,auto,1146
12352,S,2024-05-29,travel,642
12353,E,2024-03-01,health,1056
12354,N,2024-04-02,travel,420
12355,E,2024-08-06,home,USD 922
12356,W,2024-07-23,auto,510
12357,W,2024-02-22,travel,512
12358,E,2024-04-26,home,$772
12359,E,2024-09-18,health,722
12360,S,2024-01-27,home,757
12361,W,2024-05-16,travel,1025
12362,N,2024-03-03,auto,574
12363,E,2024-08-20,home,569
12364,S,2024-10-26,auto,837
12365,W,2024-10-28,home,553
12366,N,2024-06-14,home,726
12367,S,2024-03-23,health,614
12368,E,2024-01-25,travel,475
12369,W,2024-01-27,travel,631
12370,N,2024-01-12,travel,754
12371,S,2024-05-05,home,828
12373,S,2024-05-19,health,792
12374,W,2024-05-15,home,947
12375,N,2024-04-21,travel,878
12376,S,2024-11-15,health,557
12377,E,2024-01-05,health,827
12378,S,2024-04-27,health,759
12379,W,2024-04-15,health,736
12380,E,2024-03-22,auto,698
12381,N,2024-01-21,health,$703
12382,E,2024-11-06,auto,786
12383,E,2024-04-04,home,495
12384,E,2024-01-07,auto,716
12385,W,2024-03-02,auto,394
12386,N,2024-10-14,auto,610
12387,S,2024-05-16,travel,494
12388,W,2024-11-21,health,592
12389,E,2024-05-09,travel,505
12390,N,2024-04-05,auto,764
12391,W,2024-07-25,health,536
12392,N,2024-05-28,health,592
12393,S,2024-01-04,travel,506
12394,W,2024-02-29,travel,722
12395,E,2024-02-23,auto,740
12396,S,2024-07-04,auto,519
12397,E,2024-05-08,travel,707
12399,E,2024-01-13,auto,525
12400,S,2024-02-16,travel,477
12401,S,2024-08-26,home,546
12402,S,2024-03-01,travel,701
12403,S,2024-02-04,home,634
12404,N,2024-07-02,health,763
12405,E,2024-08-05,travel,756
12407,E,2024-04-15,health,902
12408,S,2024-07-08,home,659
12409,N,2024-02-01,health,906
12410,W,2024-06-23,auto,$841
12411,W,2024-05-11,travel,678
12412,N,2024-06-06,home,857
12413,N,2024-04-06,health,606
12414,N,2024-04-28,auto,411
12415,S,2024-11-26,health,894
12416,E,2024-03-17,travel,$668
12417,S,2024-04-08,travel,691
12418,S,2024-10-30,health,620
12419,N,2024-06-24,travel,519
12420,E,2024-09-18,home,950
12421,E,2024-05-14,auto,889
12422,S,2024-05-25,home,1039
12423,N,2024-05-10,auto,531
12425,E,2024-02-23,auto,616
12426,W,2024-04-19,travel,682
12427,W,2024-10-14,health,683
12428,W,2024-10-02,home,642
12429,S,2024-11-12,health,690
12430,W,2024-02-06,travel,994
12431,W,2024-02-28,health,869
12432,E,2024-05-26,auto,$786
12433,S,2024-03-31,health,697
12434,W,2024-10-03,travel,617
12435,S,2024-08-10,auto,508
12436,W,2024-08-31,travel,884
12437,E,2024-05-24,home,824
12438,W,2024-09-09,travel,1003
12439,E,2024-08-02,travel,655
12440,W,2024-08-21,home,784
12441,E,2024-07-26,travel,740
12444,W,2024-03-31,health,551
12445,E,2024-04-26,home,589
12446,E,2024-06-05,auto,633
12447,N,2024-01-28,health,634
12448,N,2024-05-01,home,666
12449,S,2024-02-28,auto,557
12450,S,2024-03-27,health,1042
12451,E,2024-09-19,home,566
12452,W,2024-03-19,auto,652
12453,E,2024-06-16,travel,901
12454,E,2024-05-29,health,803
12455,S,2024-07-31,auto,531
12456,S,2024-09-13,health,773
12458,E,2024-09-20,auto,610
12459,E,2024-04-28,travel,856
12460,W,2024-07-28,home,427
12461,N,2024-04-25,home,454
12462,W,2024-11-10,auto,816
12463,E,2024-09-18,travel,568
12464,N,2024-02-09,travel,737
12465,E,2024-10-24,auto,797
12466,W,2024-05-17,auto,537
12467,E,2024-08-21,auto,USD 617
12468,W,2024-09-29,travel,439
12469,W,2024-10-12,auto,911
12470,S,2024-10-12,home,612
12471,S,2024-06-05,travel,508
12472,S,2024-03-07,health,635
12473,W,2024-05-20,home,532
12475,S,2024-05-28,travel,940
12476,W,2024-06-12,travel,565
12477,S,2024-05-21,travel,504
12478,E,2024-10-07,home,602
12479,E,2024-07-29,auto,766
12480,N,2024-10-15,auto,792
12481,W,2024-04-15,health,727
12482,E,2024-06-11,travel,561
12483,E,2024-03-19,health,$542
12484,E,2024-11-08,home,510
12485,W,2024-03-22,auto,$628
12486,W,2024-04-22,auto,952
12487,N,2024-10-06,home,639
12488,S,2024-03-12,travel,476
12489,E,2024-09-03,health,921
12490,S,2024-02-02,travel,830
12491,W,2024-05-23,travel,710
12492,W,2024-01-25,home,888
12493,E,2024-09-01,home,856
12494,S,2024-04-25,auto,757
12495,S,2024-05-07,travel,908
12496,W,2024-09-23,home,899
12497,N,2024-07-01,travel,610
12498,E,2024-07-08,health,USD 642
12499,W,2024-05-30,home,482
12500,W,2024-07-11,auto,648
12501,N,2024-10-20,health,874
12502,E,2024-02-14,health,656
12503,S,2024-09-20,home,612
12505,W,2024-06-23,home,894
12506,S,2024-03-03,travel,814
12507,W,2024-06-17,travel,447
12508,S,2024-01-09,health,796
12509,W,2024-11-15,health,661
12510,N,2024-08-03,auto,520
12511,W,2024-02-28,travel,786
12512,S,2024-05-25,auto,666
12513,W,2024-05-23,auto,699
12514,W,2024-10-31,travel,534
12515,W,2024-04-23,health,603
12516,W,2024-02-05,travel,681
12517,S,2024-02-16,auto,823
12519,E,2024-01-01,health,664
12520,E,2024-10-10,travel,575
12521,E,2024-04-30,home,905
12523,S,2024-03-16,auto,749
12524,N,2024-01-31,auto,965
12525,W,2024-06-04,home,844
12526,S,2024-04-26,travel,969
12527,S,2024-02-25,home,666
12528,W,2024-09-22,health,762
12529,S,2024-10-24,health,$650
12530,E,2024-08-31,travel,1045
12531,N,2024-11-26,auto,599
12532,E,2024-03-22,home,608
12533,N,2024-09-08,travel,485
12534,N,2024-08-08,health,754
12535,N,2024-06-23,travel,631
12537,W,2024-04-13,auto,$742
12538,N,2024-05-26,travel,USD 499
12539,W,2024-06-15,health,586
12540,N,2024-10-04,auto,587
12541,E,2024-10-30,home,928
12542,S,2024-04-20,home,786
12543,W,2024-10-18,auto,869
12544,N,2024-08-06,health,874
12545,S,2024-04-04,health,692
12546,N,2024-02-13,health,822
12548,S,2024-08-27,health,568
12549,N,2024-08-28,home,510
12550,N,2024-06-05,auto,669
12551,W,2024-03-14,travel,942
12552,W,2024-08-15,health,$473
12554,N,2024-01-29,travel,820
12555,S,2024-01-30,travel,477
12557,S,2024-11-03,health,639
12558,W,2024-07-28,home,415
12559,E,2024-03-30,home,$470
12560,W,2024-04-21,health,679
12561,S,2024-06-20,auto,683
12562,S,2024-01-10,health,841
12563,E,2024-05-31,health,597
12564,E,2024-11-08,health,624
12565,W,2024-08-02,travel,902
12566,N,2024-06-30,auto,629
12567,N,2024-06-28,health,USD 616
12570,S,2024-09-11,health,689
12571,E,2024-04-24,travel,784
12572,S,2024-02-03,health,792
12573,W,2024-07-17,travel,744
12574,N,2024-07-08,health,834
12575,N,2024-03-02,health,1138
12576,S,2024-11-07,health,955
12577,S,2024-02-10,health,536
12578,N,2024-10-27,auto,697
12579,E,2024-03-24,health,$644
12580,N,2024-01-13,auto,536
12581,N,2024-05-06,travel,587
12582,S,2024-06-20,auto,523
12583,W,2024-03-11,health,543
12584,W,2024-09-02,travel,649
12585,E,2024-05-28,travel,830
12586,S,2024-10-12,travel,536
12587,S,2024-04-18,auto,564
12588,S,2024-03-15,auto,701
12589,S,2024-05-27,travel,USD 818
12590,E,2024-09-07,auto,924
12591,S,2024-11-26,health,$707
12592,S,2024-04-19,health,830
12593,N,2024-07-03,auto,553
12594,E,2024-04-17,health,728
12595,S,2024-06-10,health,613
12596,S,2024-05-08,health,621
12597,E,2024-04-25,health,882
12598,S,2024-03-22,travel,619
12599,E,2024-02-16,health,542
12600,W,2024-11-08,home,575
12601,W,2024-03-09,home,1081
12602,E,2024-10-23,auto,525
12603,W,2024-04-09,travel,552
12604,W,2024-11-12,travel,896
12605,S,2024-08-03,travel,794
12606,S,2024-11-26,health,$696
12607,E,2024-05-11,health,523
12608,N,2024-11-19,home,421
12609,W,2024-01-14,travel,713
12610,E,2024-02-23,auto,414
12611,S,2024-11-04,home,844
12612,S,2024-01-31,auto,929
12613,N,2024-10-10,travel,556
12614,S,2024-11-19,home,663
12615,W,2024-04-03,health,584
12618,N,2024-10-19,travel,683
12619,W,2024-02-24,travel,566
12620,N,2024-06-26,auto,652
12621,W,2024-10-07,travel,425
12622,W,2024-10-31,home,1204
12623,N,2024-04-22,travel,586
12624,E,2024-01-27,health,$532
12625,E,2024-11-05,travel,587
12626,E,2024-09-10,travel,1024
12628,W,2024-03-28,travel,USD 637
12629,E,2024-06-29,health,668
12630,N,2024-03-07,travel,511
12631,N,2024-06-18,auto,USD 438
12632,W,2024-04-25,travel,575
12633,S,2024-02-06,health,627
12634,N,2024-05-31,travel,797
12635,N,2024-10-16,home,473
12636,N,2024-01-14,auto,396
12637,S,2024-01-05,health,954
12638,N,2024-03-13,home,497
12639,N,2024-03-23,auto,822
12640,W,2024-06-14,travel,612
12641,W,2024-07-16,home,USD 827
12642,S,2024-07-25,auto,1144
12643,N,2024-08-23,home,717
12644,S,2024-04-16,auto,928
12645,N,2024-06-01,auto,522
12646,S,2024-05-20,health,812
12647,S,2024-02-21,home,767
12648,E,2024-09-16,health,817
12649,W,2024-09-01,health,758
12650,N,2024-05-23,auto,487
12651,W,2024-06-09,travel,873
12652,W,2024-06-24,auto,980
12653,N,2024-07-09,travel,USD 580
12654,W,2024-10-30,travel,624
12656,N,2024-08-09,health,785
12657,W,2024-04-27,auto,1133
12658,S,2024-08-11,travel,550
12659,E,2024-01-14,auto,641
12660,E,2024-09-25,travel,743
12661,E,2024-09-07,home,583
12662,E,2024-05-01,auto,816
12663,E,2024-02-13,travel,760
12664,W,2024-04-03,home,721
12665,W,2024-07-21,health,429
12666,N,2024-04-24,home,632
12667,E,2024-01-29,travel,630
12668,N,2024-09-25,auto,522
12669,N,2024-11-06,travel,642
12670,S,2024-06-01,auto,598
12671,W,2024-02-11,home,592
12673,W,2024-03-12,health,385
12674,N,2024-06-17,auto,574
12675,S,2024-06-09,auto,817
12676,W,2024-08-20,home,752
12677,W,2024-11-07,travel,1172
12678,N,2024-09-22,travel,824
12679,N,2024-05-17,health,767
12680,N,2024-03-03,travel,981
12681,S,2024-07-23,auto,684
12682,W,2024-06-15,auto,572
12683,E,2024-11-07,travel,$581
12684,N,2024-08-13,travel,729
12685,S,2024-03-06,travel,923
12686,W,2024-03-21,auto,730
12687,W,2024-10-17,home,533
12688,S,2024-01-10,travel,USD 490
12689,N,2024-08-05,travel,551
12690,W,2024-05-27,home,551
12691,W,2024-01-24,home,565
12692,N,2024-01-13,health,929
12693,W,2024-01-22,health,543
12694,W,2024-01-16,home,681
12695,W,2024-07-06,auto,1045
12696,N,2024-11-17,health,675
12697,N,2024-01-11,travel,725
12698,E,2024-02-13,health,750
12699,E,2024-01-13,travel,671
12700,S,2024-03-17,home,614
12701,E,2024-09-24,auto,701
12702,E,2024-10-31,auto,873
12703,S,2024-09-23,health,714
12704,S,2024-10-24,home,872
12705,N,2024-02-03,travel,635
12706,N,2024-01-16,travel,724
12707,N,2024-08-21,auto,626
12708,W,2024-08-26,travel,1038
12709,S,2024-05-22,auto,722
12710,S,2024-04-07,health,662
12711,W,2024-04-22,auto,830
12712,W,2024-08-21,auto,$552
12713,E,2024-03-23,travel,1052
12714,S,2024-03-03,health,989
12715,W,2024-09-29,home,USD 573
12716,N,2024-04-19,home,630
12718,S,2024-02-18,health,USD 877
12719,W,2024-01-28,home,$780
12720,W,2024-02-17,home,409
12721,E,2024-09-17,auto,601
12722,E,2024-04-29,auto,662
12723,E,2024-04-12,travel,571
12724,E,2024-06-03,auto,$787
12725,W,2024-05-08,health,USD 646
12726,E,2024-09-16,home,727
12727,E,2024-11-15,home,USD 543
12728,S,2024-05-07,home,507
12729,N,2024-03-21,home,608
12730,S,2024-02-14,travel,712
12731,S,2024-09-10,health,863
12732,W,2024-03-27,travel,544
12733,S,2024-02-15,home,668
12734,W,2024-03-23,home,836
12735,E,2024-01-01,health,USD 502
12736,N,2024-06-03,auto,650
12737,S,2024-07-26,home,560
12738,N,2024-06-17,health,"$1,071"
12739,S,2024-08-31,travel,755
12740,S,2024-10-21,health,1022
12741,E,2024-01-23,home,733
12742,S,2024-05-10,travel,503
12743,W,2024-05-13,home,651
12744,W,2024-03-14,auto,632
12745,N,2024-09-12,auto,873
12746,W,2024-11-17,health,593
12747,E,2024-09-08,auto,856
12748,W,2024-11-11,health,602
12749,E,2024-10-15,health,1048
12750,N,2024-09-27,health,1183
12751,W,2024-04-22,auto,803
12752,W,2024-04-22,home,826
12754,E,2024-03-25,health,628
12756,S,2024-01-20,health,980
12757,W,2024-04-06,auto,843
12758,W,2024-09-26,home,670
12759,N,2024-07-24,travel,542
12760,S,2024-11-22,travel,530
12762,E,2024-08-04,travel,888
12763,S,2024-04-25,auto,822
12764,S,2024-08-13,home,709
12765,S,2024-07-12,auto,824
12766,S,2024-06-29,auto,493
12767,W,2024-10-16,auto,651
12768,S,2024-02-05,health,607
12769,N,2024-11-14,health,711
12770,W,2024-09-25,auto,510
12771,W,2024-04-22,travel,714
12772,E,2024-01-24,travel,$669
12773,N,2024-08-01,health,680
12774,W,2024-11-11,home,566
12775,S,2024-01-24,health,663
12776,E,2024-11-23,home,515
12777,S,2024-03-03,travel,453
12778,E,2024-11-25,travel,918
12779,N,2024-09-08,home,624
12780,N,2024-10-13,home,787
12781,E,2024-06-23,auto,1167
12782,W,2024-05-14,travel,528
12783,S,2024-01-19,health,USD 933
12784,S,2024-02-17,travel,545
12785,N,2024-06-23,home,701
12786,S,2024-02-10,auto,564
12787,N,2024-07-05,home,621
12788,S,2024-08-29,auto,843
12789,N,2024-01-13,travel,724
12790,E,2024-11-26,auto,658
12791,W,2024-06-30,home,559
12792,W,2024-05-20,travel,616
12793,W,2024-02-07,auto,799
12794,S,2024-07-28,home,971
12795,W,2024-09-20,health,593
12796,E,2024-02-08,health,1004
12797,N,2024-08-31,auto,595
12798,E,2024-04-20,health,787
12799,S,2024-02-04,auto,571
12800,N,2024-01-04,auto,611
12801,S,2024-04-24,home,753
12802,E,2024-07-31,auto,693
12803,E,2024-10-05,auto,1004
12804,E,2024-09-30,travel,454
12805,W,2024-03-15,home,462
12806,N,2024-07-06,auto,599
12807,N,2024-08-20,health,849
12808,S,2024-07-15,home,814
12810,E,2024-04-03,home,621
12811,S,2024-03-06,home,630
12812,W,2024-09-08,travel,550
12813,W,2024-08-30,travel,676
12814,N,2024-08-15,home,809
12815,W,2024-04-03,travel,660
12816,W,2024-08-10,home,838
12817,E,2024-11-03,health,663
12818,E,2024-06-30,health,444
12819,N,2024-01-04,home,845
12820,E,2024-05-19,health,669
12821,S,2024-02-29,home,747
12822,S,2024-09-04,auto,907
12824,S,2024-04-28,travel,710
12825,S,2024-07-20,health,768
12826,E,2024-01-27,health,779
12827,S,2024-10-12,home,481
12828,S,2024-05-17,auto,836
12829,N,2024-08-07,auto,864
12830,E,2024-02-25,travel,490
12831,W,2024-03-27,travel,682
12832,N,2024-06-06,auto,810
12833,E,2024-01-08,auto,604
12834,W,2024-07-14,travel,USD 662
12835,S,2024-05-26,travel,662
12836,W,2024-09-30,health,899
12837,E,2024-08-25,health,900
12838,N,2024-10-09,home,653
12839,N,2024-01-26,travel,562
12840,E,2024-01-07,auto,860
12841,W,2024-01-24,auto,730
12842,W,2024-08-09,home,USD 547
12843,N,2024-10-26,auto,816
12844,W,2024-05-26,travel,575
12845,S,2024-09-01,health,655
12846,E,2024-08-14,health,605
12847,W,2024-05-01,travel,953
12849,E,2024-01-07,auto,610
12850,W,2024-01-13,auto,422
12851,E,2024-11-10,auto,USD 533
12852,E,2024-06-03,health,512
12853,S,2024-02-23,home,USD 535
12854,N,2024-11-24,travel,1029
12855,W,2024-10-31,home,672
12856,S,2024-06-28,auto,749
12857,N,2024-09-30,auto,608
12858,W,2024-10-24,health,533
12860,N,2024-09-14,auto,452
12861,N,2024-06-17,travel,921
12862,S,2024-10-16,health,767
12863,S,2024-02-29,travel,607
12864,S,2024-04-06,travel,534
12865,W,2024-08-02,travel,619
12866,N,2024-04-18,health,597
12867,W,2024-11-26,health,635
12868,W,2024-10-28,auto,616
12869,E,2024-05-27,home,570
12870,S,2024-03-13,health,810
12871,N,2024-09-09,travel,646
12873,E,2024-10-05,travel,596
12874,N,2024-11-10,travel,753
12875,S,2024-03-25,travel,578
12876,W,2024-08-05,home,585
12878,N,2024-09-15,home,857
12879,E,2024-02-18,home,596
12880,W,2024-09-23,travel,689
12881,E,2024-03-18,home,580
12882,W,2024-04-30,health,USD 624
12883,W,2024-01-01,home,907
12884,S,2024-09-23,travel,750
12885,E,2024-04-27,health,483
12886,W,2024-08-30,home,727
12888,W,2024-08-12,home,755
12889,N,2024-08-30,home,713
12890,W,2024-07-11,home,973
12891,W,2024-09-09,health,625
12892,W,2024-01-01,auto,934
12893,S,2024-06-06,auto,714
12894,N,2024-02-11,home,797
12895,S,2024-01-08,travel,853
12896,S,2024-09-29,home,580
12897,E,2024-09-09,health,737
12898,N,2024-11-23,travel,1017
12899,E,2024-05-04,home,712
12900,S,2024-02-05,home,633
12901,W,2024-04-03,travel,566
12902,N,2024-07-12,travel,721
12903,E,2024-06-02,home,709
12904,N,2024-10-28,home,$779
12905,W,2024-09-17,health,640
12906,W,2024-08-28,health,$470
12907,W,2024-07-07,health,1021
12908,E,2024-05-14,home,706
12909,N,2024-02-13,travel,620
12910,E,2024-07-21,home,$660
12911,N,2024-05-02,travel,449
12912,S,2024-10-12,home,598
12913,S,2024-01-13,home,765
12914,N,2024-03-20,travel,420
12915,E,2024-04-15,health,626
12916,N,2024-03-21,travel,754
12917,S,2024-06-21,auto,838
12918,E,2024-07-03,travel,696
12919,S,2024-04-14,health,457
12920,W,2024-04-10,home,812
12921,W,2024-10-11,travel,799
12922,S,2024-09-06,travel,399
12923,N,2024-11-16,home,557
12924,E,2024-07-20,travel,542
12925,N,2024-03-20,auto,USD 675
12926,S,2024-01-19,travel,995
12927,S,2024-06-25,auto,784
12928,W,2024-08-09,auto,996
12929,S,2024-03-19,auto,576
12930,E,2024-02-23,auto,736
12931,N,2024-10-27,travel,$595
12932,E,2024-11-12,home,779
12933,N,2024-04-22,health,785
12934,E,2024-03-18,home,601
12935,N,2024-07-24,travel,669
12936,S,2024-01-03,home,1003
12937,S,2024-03-09,auto,463
12938,W,2024-03-02,health,691
12939,N,2024-11-17,home,494
12940,E,2024-07-25,auto,890
12941,N,2024-03-31,home,633
12942,S,2024-03-07,auto,763
12943,N,2024-01-07,home,627
12944,W,2024-10-15,health,903
12945,W,2024-08-29,health,517
12946,E,2024-08-30,travel,USD 656
12947,N,2024-07-16,home,576
12948,W,2024-01-28,home,927
12949,E,2024-06-28,auto,576
12950,W,2024-06-11,health,426
12951,E,2024-04-06,home,637
12952,W,2024-10-10,home,682
12953,S,2024-05-23,health,715
12954,S,2024-06-01,travel,534
12955,N,2024-06-04,health,508
12956,S,2024-01-18,health,453
12957,E,2024-10-23,health,432
12958,N,2024-10-20,health,1193
12959,S,2024-03-24,auto,USD 690
12960,N,2024-09-22,health,903
12961,N,2024-03-04,auto,731
12962,W,2024-04-02,travel,704
12963,S,2024-06-25,home,909
12964,S,2024-06-14,home,588
12965,S,2024-04-22,home,648
12966,E,2024-05-18,auto,710
12967,S,2024-11-15,health,528
12968,W,2024-04-08,auto,750
12969,N,2024-06-26,auto,528
12970,S,2024-01-10,travel,636
12971,W,2024-02-15,health,1020
12972,E,2024-07-03,auto,570
12973,N,2024-08-31,health,525
12974,S,2024-02-12,auto,501
12975,E,2024-03-19,home,550
12976,N,2024-06-16,health,661
12977,E,2024-11-18,home,469
12978,N,2024-09-21,auto,594
12979,N,2024-06-26,auto,1102
12980,W,2024-03-30,health,1097
12981,E,2024-07-03,auto,689
12982,S,2024-02-19,health,927
12983,N,2024-07-05,health,854
12984,E,2024-05-26,health,647
12985,S,2024-09-03,auto,807
12986,E,2024-11-04,travel,921
12987,W,2024-05-21,auto,526
12988,N,2024-02-10,travel,858
12989,E,2024-02-20,travel,515
12990,E,2024-02-29,auto,924
12991,E,2024-02-11,travel,860
12992,E,2024-06-03,auto,825
12993,E,2024-02-03,home,622
12994,N,2024-09-11,auto,589
12995,E,2024-01-13,auto,700
12996,N,2024-10-12,travel,884
12997,W,2024-08-11,home,691
12998,S,2024-01-28,home,491
12999,W,2024-01-30,auto,526
13000,E,2024-10-21,travel,434
13001,N,2024-03-23,travel,578
13002,E,2024-05-16,auto,718
13003,N,2024-07-15,home,441
13004,S,2024-01-10,home,642
13005,E,2024-07-12,health,968
13006,E,2024-11-02,health,$730
13007,W,2024-03-28,health,725
13008,E,2024-08-03,home,501
13009,N,2024-10-02,home,765
13010,W,2024-08-15,travel,660
13011,N,2024-03-06,auto,$812
13012,N,2024-01-04,home,USD 582
13013,W,2024-06-27,travel,720
13014,W,2024-08-03,auto,987
13015,E,2024-10-18,travel,694
13016,W,2024-03-26,auto,557
13017,E,2024-07-31,auto,403
13018,W,2024-08-07,health,896
13019,S,2024-03-07,auto,740
13020,E,2024-05-24,home,786
13021,N,2024-06-01,auto,716
13022,E,2024-05-31,travel,586
13023,E,2024-05-19,travel,704
13024,E,2024-06-05,travel,863
13026,N,2024-08-06,travel,712
13027,E,2024-03-08,auto,417
13028,S,2024-03-04,health,842
13029,W,2024-06-18,travel,722
13030,W,2024-09-18,travel,546
13031,W,2024-07-19,travel,$775
13032,W,2024-04-10,travel,547
13033,E,2024-04-25,auto,$630
13034,W,2024-03-24,auto,649
13035,S,2024-01-22,travel,605
13036,E,2024-05-15,auto,572
13037,W,2024-02-06,home,835
13038,W,2024-04-25,home,577
13039,S,2024-05-17,travel,426
13040,S,2024-01-03,home,459
13041,S,2024-01-25,health,721
13042,S,2024-03-27,travel,893
13043,S,2024-10-19,health,849
13044,S,2024-01-07,travel,447
13045,W,2024-01-04,travel,USD 582
13046,N,2024-02-25,home,616
13047,N,2024-10-31,home,662
13048,N,2024-02-03,travel,698
13049,E,2024-07-27,auto,424
13050,W,2024-06-24,travel,620
13051,N,2024-03-24,travel,511
13052,N,2024-04-12,health,492
13053,W,2024-03-14,health,486
13054,N,2024-09-14,travel,643
13055,N,2024-07-19,health,USD 430
13056,S,2024-01-19,health,504
13057,N,2024-05-14,travel,475
13058,N,2024-04-30,health,845
13059,N,2024-10-21,auto,605
13060,W,2024-04-19,auto,785
13061,N,2024-10-18,auto,767
13062,N,2024-04-14,travel,562
13063,N,2024-01-30,health,706
13064,E,2024-08-21,health,630
13065,W,2024-05-18,travel,581
13066,E,2024-03-21,home,897
13067,W,2024-03-31,health,814
13068,S,2024-04-17,home,473
13069,W,2024-10-17,home,693
13070,S,2024-04-19,home,480
13071,N,2024-07-12,home,536
13072,S,2024-10-30,home,647
13073,N,2024-01-28,health,437
13074,S,2024-06-21,health,789
13075,N,2024-03-30,health,$609
13076,W,2024-07-03,home,410
13077,S,2024-11-20,health,591
13079,W,2024-07-16,travel,521
13080,S,2024-05-18,home,629
13081,W,2024-04-03,auto,672
13082,W,2024-10-19,travel,582
13083,E,2024-11-04,home,670
13084,W,2024-05-18,health,514
13085,E,2024-08-21,home,761
13086,N,2024-05-23,health,686
13087,W,2024-03-13,health,446
13088,N,2024-03-07,home,524
13089,E,2024-04-26,auto,924
13090,N,2024-08-05,health,460
13091,N,2024-01-18,home,707
13092,E,2024-03-14,health,403
13093,N,2024-02-23,health,575
13094,E,2024-07-19,travel,600
13095,N,2024-03-14,home,657
13096,N,2024-07-29,travel,916
13097,W,2024-04-03,home,573
13098,S,2024-01-15,health,622
13099,S,2024-08-26,auto,575
13101,N,2024-07-26,travel,844
13103,W,2024-10-13,travel,925
13104,W,2024-08-18,home,692
13105,N,2024-10-19,home,518
13106,W,2024-08-19,travel,611
13107,E,2024-05-22,health,510
13108,S,2024-05-23,health,545
13109,W,2024-09-21,travel,569
13110,S,2024-06-28,home,652
13111,N,2024-05-06,health,579
13112,W,2024-01-21,travel,745
13113,W,2024-03-21,health,731
13114,S,2024-11-16,auto,621
13115,E,2024-02-04,home,588
13116,E,2024-01-21,travel,531
13117,E,2024-07-31,auto,510
13118,W,2024-07-15,home,837
13119,W,2024-02-22,health,980
13120,W,2024-10-10,auto,662
13121,S,2024-07-17,health,549
13122,N,2024-05-29,auto,$595
13123,E,2024-05-08,health,632
13124,W,2024-09-28,auto,556
13125,W,2024-01-20,home,619
13126,W,2024-07-18,health,631
13127,S,2024-10-04,travel,563
13128,S,2024-02-04,auto,729
13129,N,2024-10-26,auto,936
13131,E,2024-02-16,auto,624
13132,W,2024-01-23,health,662
13133,E,2024-02-24,health,768
13134,W,2024-11-15,health,931
13135,S,2024-01-30,home,503
13136,N,2024-02-04,health,693
13137,N,2024-11-13,health,751
13138,S,2024-11-12,travel,$588
13139,S,2024-03-27,health,708
13140,S,2024-08-11,health,651
13141,E,2024-03-07,health,793
13142,E,2024-06-17,home,930
13143,S,2024-10-17,travel,743
13144,N,2024-06-12,auto,839
13145,S,2024-07-24,travel,542
13146,S,2024-08-16,home,475
13147,W,2024-07-20,auto,456
13148,S,2024-03-25,auto,937
13150,N,2024-05-29,health,628
13151,W,2024-11-18,home,USD 635
13152,S,2024-06-21,health,738
13153,N,2024-03-06,health,801
13154,E,2024-11-08,health,437
13155,N,2024-07-17,health,711
13156,S,2024-03-16,home,507
13157,N,2024-09-25,health,431
13158,N,2024-03-10,home,671
13159,W,2024-05-31,auto,745
13160,E,2024-05-01,home,594
13161,W,2024-05-30,health,726
13162,S,2024-02-18,health,623
13163,S,2024-04-23,home,616
13164,N,2024-03-25,home,756
13165,W,2024-07-12,travel,452
13167,N,2024-10-18,auto,813
13168,S,2024-06-26,health,480
13169,N,2024-06-11,auto,1081
13170,N,2024-04-06,auto,602
13171,W,2024-06-24,health,752
13172,S,2024-02-29,home,556
13173,E,2024-04-06,home,615
13174,S,2024-11-10,auto,759
13175,E,2024-09-22,travel,USD 614
13176,S,2024-04-03,auto,384
13177,W,2024-01-18,home,706
13178,N,2024-08-06,home,632
13179,N,2024-02-29,travel,575
13180,N,2024-04-16,home,585
13181,N,2024-07-11,health,796
13182,E,2024-06-02,travel,706
13183,N,2024-09-11,health,678
13184,W,2024-11-02,home,USD 824
13185,E,2024-05-20,health,645
13186,W,2024-03-25,health,666
13187,S,2024-06-03,home,763
13188,S,2024-09-06,auto,515
13189,S,2024-05-25,health,814
13190,W,2024-05-16,travel,559
13191,W,2024-02-08,health,732
13192,W,2024-05-13,travel,767
13193,W,2024-06-05,auto,672
13194,S,2024-10-28,home,774
13195,S,2024-10-07,home,611
13196,W,2024-02-21,auto,1131
13197,E,2024-01-24,travel,550
13198,W,2024-10-05,auto,$514
13199,N,2024-10-09,auto,546
13200,S,2024-10-09,health,621
13201,E,2024-06-16,auto,837
13202,W,2024-05-21,travel,451
13203,E,2024-05-23,health,787
13204,W,2024-02-25,auto,786
13205,E,2024-07-04,auto,745
13206,S,2024-10-06,home,1209
13208,S,2024-01-06,auto,637
13209,S,2024-01-20,travel,632
13210,N,2024-09-08,travel,876
13211,N,2024-07-19,travel,859
13212,W,2024-07-10,travel,715
13213,E,2024-05-29,home,910
13214,S,2024-07-14,auto,832
13215,S,2024-03-26,health,744
13216,N,2024-10-02,health,358
13217,E,2024-06-29,home,644
13218,N,2024-03-22,health,USD 527
13220,N,2024-01-01,home,512
13221,E,2024-01-20,home,791
13222,E,2024-05-05,auto,1063
13223,E,2024-10-30,home,518
13224,E,2024-11-12,travel,729
13225,E,2024-04-16,auto,$565
13226,E,2024-11-02,travel,661
13227,S,2024-07-28,home,778
13228,W,2024-10-06,travel,609
13229,N,2024-03-01,travel,885
13230,W,2024-01-10,health,826
13231,W,2024-03-18,travel,883
13232,W,2024-07-04,home,787
13234,E,2024-08-22,home,1024
13235,W,2024-09-01,travel,629
13236,W,2024-07-21,auto,673
13237,S,2024-08-11,travel,892
13238,N,2024-09-18,travel,$796
13239,W,2024-06-09,home,728
13240,S,2024-03-03,auto,986
13241,W,2024-10-02,home,779
13242,S,2024-03-05,auto,741
13243,E,2024-01-24,health,612
13244,E,2024-01-09,health,816
13245,W,2024-08-12,auto,688
13246,W,2024-07-05,auto,608
13247,S,2024-07-06,home,587
13248,W,2024-04-17,home,635
13249,E,2024-05-05,home,1002
13250,W,2024-10-23,auto,666
13251,S,2024-01-09,auto,798
13252,E,2024-06-03,auto,841
13253,S,2024-10-06,health,623
13254,S,2024-11-08,auto,700
13255,E,2024-08-16,health,561
13256,S,2024-02-26,home,841
13257,W,2024-05-07,health,681
13258,S,2024-02-14,auto,872
13259,W,2024-05-31,health,888
13260,S,2024-04-26,travel,639
13261,N,2024-04-06,home,644
13262,W,2024-07-06,health,419
13263,S,2024-05-26,home,476
13264,E,2024-02-04,travel,577
13265,S,2024-05-28,health,639
13266,W,2024-08-08,health,597
13267,W,2024-07-30,auto,728
13268,S,2024-02-23,auto,837
13269,E,2024-11-11,health,583
13270,S,2024-06-17,travel,531
13271,S,2024-09-03,health,961
13272,S,2024-03-30,home,USD 437
13273,E,2024-07-03,home,942
13275,N,2024-07-04,travel,508
13276,N,2024-04-26,auto,736
13277,W,2024-01-17,health,596
13278,W,2024-06-13,travel,625
13279,W,2024-07-21,health,508
13280,E,2024-10-30,home,773
13281,N,2024-07-18,auto,504
13282,S,2024-03-01,home,953
13283,W,2024-08-16,health,552
13284,N,2024-05-31,health,1005
13285,W,2024-05-23,health,504
13286,N,2024-01-27,auto,590
13287,E,2024-10-02,home,696
13288,W,2024-02-06,auto,634
13289,N,2024-10-23,travel,772
13290,W,2024-10-22,auto,$517
13291,S,2024-03-10,travel,"$1,068"
13293,N,2024-06-10,home,687
13294,S,2024-11-15,travel,441
13295,N,2024-11-10,auto,611
13296,S,2024-08-11,travel,787
13297,W,2024-07-20,home,441
13298,W,2024-05-30,auto,807
13299,N,2024-03-06,health,399
13300,E,2024-03-09,health,1021
13301,E,2024-10-18,home,553
13302,N,2024-06-11,health,412
13303,E,2024-01-30,travel,678
13304,N,2024-06-06,auto,541
13305,W,2024-03-19,travel,582
13306,N,2024-10-04,health,557
13307,E,2024-09-16,home,507
13308,E,2024-10-04,travel,635
13309,E,2024-04-11,auto,1087
13310,S,2024-05-06,health,802
13311,E,2024-07-01,home,855
13312,N,2024-01-23,health,727
13313,S,2024-06-12,auto,825
13314,S,2024-04-01,travel,592
13315,N,2024-05-18,home,813
13316,S,2024-03-07,auto,636
13317,N,2024-11-13,health,761
13318,S,2024-11-05,auto,634
13319,N,2024-09-18,home,560
13320,E,2024-03-21,auto,584
13321,E,2024-05-16,auto,553
13322,N,2024-04-22,auto,720
13323,S,2024-01-22,travel,512
13324,E,2024-06-11,health,559
13325,N,2024-01-23,auto,736
13326,E,2024-04-05,health,517
13328,S,2024-06-07,health,650
13329,N,2024-06-01,home,647
13330,E,2024-09-13,health,$688
13331,S,2024-11-18,health,992
13332,E,2024-02-17,health,835
13333,E,2024-04-17,travel,491
13334,N,2024-10-03,travel,710
13336,W,2024-06-18,travel,722
13337,W,2024-05-21,travel,494
13338,E,2024-11-13,travel,712
13339,E,2024-10-28,home,USD 512
13340,E,2024-10-01,home,828
13341,N,2024-10-13,travel,$520
13342,N,2024-03-08,health,558
13343,E,2024-01-16,auto,632
13344,W,2024-02-23,health,967
13345,S,2024-11-25,health,877
13346,S,2024-07-26,health,528
13347,W,2024-11-21,home,783
13348,E,2024-02-01,health,659
13349,W,2024-03-20,auto,656
13350,N,2024-05-10,auto,851
13351,N,2024-02-19,health,511
13352,W,2024-11-07,health,704
13353,E,2024-05-05,travel,USD 617
13354,S,2024-07-21,auto,626
13355,W,2024-07-20,health,738
13356,S,2024-03-22,health,493
13357,S,2024-05-27,travel,879
13358,W,2024-07-07,travel,888
13359,W,2024-04-27,travel,659
13360,W,2024-08-13,health,721
13361,E,2024-02-21,health,564
13362,W,2024-06-22,travel,626
13363,N,2024-10-13,travel,683
13365,N,2024-06-18,auto,598
13366,E,2024-01-01,health,713
13367,W,2024-11-10,auto,537
13368,N,2024-09-20,auto,498
13370,E,2024-03-31,travel,639
13371,W,2024-07-22,travel,USD 613
13372,E,2024-06-22,home,917
13373,N,2024-11-24,health,380
13374,W,2024-04-15,auto,958
13375,N,2024-01-27,health,$517
13376,N,2024-10-25,travel,684
13377,N,2024-01-16,health,648
13378,N,2024-09-26,auto,$611
13379,W,2024-09-08,auto,715
13380,N,2024-08-22,health,991
13382,N,2024-02-18,home,612
13383,W,2024-04-01,health,USD 644
13384,E,2024-05-21,health,USD 717
13385,S,2024-07-27,health,701
13386,S,2024-02-13,home,624
13387,S,2024-04-03,home,593
13388,N,2024-05-04,home,574
13389,S,2024-04-19,auto,868
13392,N,2024-05-20,home,752
13393,N,2024-02-03,travel,434
13394,E,2024-03-18,health,917
13395,N,2024-01-15,health,539
13397,S,2024-10-26,travel,USD 615
13398,W,2024-01-27,auto,606
13399,E,2024-11-14,travel,647
13400,S,2024-06-05,home,$899
13401,W,2024-02-17,travel,730
13402,E,2024-08-31,auto,922
13403,S,2024-05-30,auto,658
13404,E,2024-03-20,travel,540
13405,N,2024-02-02,home,1203
13406,W,2024-06-22,travel,502
13407,S,2024-11-17,home,659
13408,E,2024-02-24,health,613
13409,N,2024-01-19,travel,775
13410,E,2024-08-08,travel,556
13411,W,2024-01-15,home,522
13412,N,2024-02-10,travel,745
13413,S,2024-07-25,travel,701
13414,E,2024-03-10,health,659
13415,N,2024-11-16,health,420
13416,W,2024-08-07,auto,460
13417,N,2024-08-22,health,801
13418,N,2024-06-01,home,763
13419,N,2024-01-28,auto,727
13420,E,2024-09-08,home,476
13421,S,2024-03-08,health,976
13422,W,2024-06-04,travel,666
13423,S,2024-02-04,health,438
13424,W,2024-07-07,home,473
13425,W,2024-01-12,home,590
13426,N,2024-05-17,health,358
13427,W,2024-09-17,home,849
13428,W,2024-01-20,travel,1039
13429,N,2024-11-26,home,415
13430,E,2024-06-30,auto,777
13431,S,2024-06-03,travel,643
13432,W,2024-03-27,health,767
13433,S,2024-06-03,home,582
13434,E,2024-03-07,travel,873
13435,N,2024-01-19,home,915
13436,W,2024-04-11,home,511
13437,N,2024-05-10,health,599
13438,W,2024-09-14,home,779
13439,N,2024-01-16,home,769
13440,N,2024-05-07,home,889
13441,N,2024-04-12,health,601
13442,N,2024-09-11,auto,USD 610
13443,N,2024-06-17,home,643
13444,N,2024-09-13,health,766
13445,E,2024-04-16,travel,841
13446,N,2024-09-02,home,500
13447,E,2024-01-29,health,435
13448,N,2024-10-01,home,737
13449,W,2024-02-08,travel,510
13450,S,2024-04-20,home,820
13451,W,2024-01-02,travel,464
13452,W,2024-11-21,travel,866
13453,N,2024-11-12,auto,738
13454,W,2024-03-30,home,755
13455,E,2024-01-24,travel,742
13456,N,2024-09-03,health,657
13457,S,2024-08-14,travel,617
13458,S,2024-02-06,auto,593
13459,E,2024-05-19,home,1014
13460,E,2024-01-09,auto,602
13461,E,2024-05-24,auto,662
13462,S,2024-06-05,health,1091
13463,E,2024-06-27,home,591
13464,E,2024-10-30,travel,542
13465,N,2024-02-21,auto,551
13466,E,2024-06-18,auto,743
13467,W,2024-05-25,auto,$700
13468,W,2024-02-24,auto,846
13469,S,2024-04-14,travel,739
13470,E,2024-07-17,home,526
13471,N,2024-07-05,auto,820
13472,W,2024-05-15,auto,$778
13473,E,2024-10-13,travel,691
13474,W,2024-02-13,health,869
13475,N,2024-10-16,travel,816
13476,N,2024-04-09,travel,566
13477,E,2024-03-31,auto,775
13478,S,2024-06-19,auto,543
13479,S,2024-10-05,health,710
13480,S,2024-11-20,health,916
13481,E,2024-08-23,auto,762
13482,E,2024-08-13,home,616
13483,E,2024-02-29,health,947
13484,W,2024-10-01,auto,850
13485,S,2024-06-14,health,676
13486,N,2024-09-21,auto,$459
13487,S,2024-03-01,health,462
13488,N,2024-07-07,auto,758
13489,W,2024-07-06,auto,661
13490,N,2024-03-14,auto,690
13491,N,2024-05-02,travel,700
13492,E,2024-06-17,travel,776
13493,E,2024-03-27,home,USD 463
13494,W,2024-05-11,travel,499
13495,E,2024-05-16,home,779
13497,N,2024-01-24,health,728
13498,E,2024-05-15,home,660
13499,W,2024-02-07,health,486
13500,W,2024-08-13,travel,659
13501,E,2024-07-24,health,478
13503,E,2024-05-20,health,936
13504,W,2024-10-13,health,684
13505,W,2024-08-14,health,USD 873
13506,W,2024-06-09,auto,655
13507,W,2024-05-24,travel,367
13508,N,2024-02-21,health,574
13509,S,2024-02-25,home,783
13510,S,2024-11-01,travel,853
13511,S,2024-08-12,auto,$591
13513,N,2024-03-06,travel,485
13514,N,2024-02-19,health,901
13515,W,2024-06-17,travel,776
13516,E,2024-04-18,health,570
13517,W,2024-04-27,travel,498
13518,S,2024-06-19,health,675
13519,W,2024-05-25,health,600
13520,N,2024-01-21,home,530
13521,W,2024-03-31,health,$713
13522,E,2024-08-02,auto,847
13523,N,2024-03-13,home,731
13524,S,2024-04-22,home,817
13525,W,2024-07-06,health,572
13526,E,2024-08-06,travel,672
13527,S,2024-07-14,health,916
13528,E,2024-05-26,home,594
13529,E,2024-01-02,home,560
13530,W,2024-02-05,health,604
13531,N,2024-01-17,auto,734
13532,W,2024-06-02,home,786
13533,E,2024-07-17,travel,828
13534,N,2024-05-31,home,USD 663
13535,W,2024-08-27,auto,711
13536,E,2024-06-13,health,736
13537,S,2024-10-13,auto,863
13538,S,2024-06-16,auto,790
13539,E,2024-02-22,health,643
13540,E,2024-01-29,home,792
13541,E,2024-07-23,auto,635
13542,W,2024-08-05,health,791
13543,E,2024-04-12,home,664
13544,N,2024-01-15,health,812
13545,N,2024-05-21,home,627
13546,E,2024-05-24,travel,592
13547,W,2024-04-11,health,650
13548,W,2024-11-13,travel,636
13549,E,2024-11-25,auto,767
13550,S,2024-03-17,auto,513
13552,S,2024-10-30,home,USD 580
13553,W,2024-08-31,home,932
13555,W,2024-11-20,health,1259
13556,W,2024-10-29,travel,751
13557,N,2024-08-26,health,441
13558,W,2024-07-07,home,611
13559,N,2024-07-30,health,615
13560,E,2024-05-03,travel,682
13561,S,2024-01-18,travel,813
13562,W,2024-08-17,travel,568
13563,W,2024-03-13,travel,412
13564,N,2024-11-26,auto,845
13565,W,2024-08-02,health,$814
13566,S,2024-02-26,home,581
13567,N,2024-05-17,auto,734
13568,W,2024-09-27,auto,852
13569,S,2024-06-09,auto,728
13570,N,2024-07-10,travel,492
13571,W,2024-01-03,home,985
13572,S,2024-05-25,home,669
13573,N,2024-07-29,health,1037
13574,W,2024-01-20,health,626
13575,S,2024-10-06,auto,676
13576,N,2024-03-11,travel,405
13577,N,2024-01-21,home,850
13578,S,2024-03-29,auto,475
13579,W,2024-02-06,home,596
13581,E,2024-01-31,auto,929
13582,E,2024-03-03,health,782
13583,N,2024-05-15,home,863
13584,W,2024-02-11,home,463
13585,W,2024-10-25,auto,510
13586,N,2024-06-13,home,801
13587,E,2024-10-29,auto,742
13588,S,2024-06-28,travel,709
13589,S,2024-04-23,auto,618
13590,W,2024-02-02,health,866
13591,S,2024-08-27,home,671
13592,E,2024-06-08,travel,793
13593,S,2024-02-10,auto,586
13594,S,2024-03-17,auto,575
13595,W,2024-08-19,travel,723
13596,S,2024-05-15,health,846
13597,E,2024-03-10,health,476
13598,S,2024-08-14,health,661
13599,S,2024-08-15,auto,$620
13600,S,2024-03-18,home,611
13601,S,2024-10-21,home,545
13602,E,2024-05-28,auto,735
13603,S,2024-09-15,auto,478
13604,N,2024-04-15,home,742
13605,N,2024-05-28,health,USD 777
13606,N,2024-04-26,health,903
13607,E,2024-06-22,travel,680
13608,N,2024-08-20,home,783
13609,S,2024-02-17,travel,484
13610,S,2024-06-11,travel,374
13611,N,2024-03-09,auto,554
13612,N,2024-06-30,auto,719
13613,S,2024-02-08,health,737
13615,S,2024-04-16,home,909
13618,W,2024-02-08,auto,923
13619,N,2024-01-30,travel,$604
13620,W,2024-06-04,home,USD 414
13621,N,2024-10-24,auto,458
13622,S,2024-07-21,health,892
13623,S,2024-02-07,home,562
13624,E,2024-10-14,home,790
13625,N,2024-06-29,health,458
13626,N,2024-08-08,travel,453
13627,W,2024-05-31,health,587
13628,W,2024-06-30,health,622
13629,W,2024-08-22,home,486
13630,W,2024-08-14,travel,582
13631,E,2024-01-20,health,673
13632,S,2024-03-04,health,939
13633,N,2024-03-18,auto,625
13634,N,2024-03-01,auto,656
13635,E,2024-01-01,auto,USD 536
13636,N,2024-10-02,health,805
13637,E,2024-03-13,travel,549
13638,E,2024-05-28,health,571
13639,N,2024-10-25,auto,495
13640,S,2024-06-20,auto,684
13641,N,2024-04-03,home,735
13642,N,2024-09-18,travel,599
13643,N,2024-10-17,health,474
13644,N,2024-04-14,auto,805
13645,N,2024-07-01,home,538
13646,E,2024-06-24,auto,631
13647,E,2024-07-07,home,749
13648,E,2024-04-10,travel,655
13649,W,2024-08-11,travel,457
13650,S,2024-01-03,travel,667
13651,N,2024-02-14,travel,748
13652,W,2024-07-10,health,$489
13653,W,2024-09-26,home,512
13654,W,2024-07-09,home,560
13655,W,2024-03-19,travel,1063
13656,W,2024-03-23,auto,790
13657,W,2024-08-01,travel,683
13658,S,2024-07-18,auto,789
13659,N,2024-05-07,health,486
13660,S,2024-05-26,home,669
13661,S,2024-08-07,home,$551
13662,E,2024-06-29,home,1097
13663,N,2024-03-12,home,530
13665,W,2024-05-25,health,987
13666,W,2024-04-18,auto,787
13667,W,2024-06-20,auto,1069
13668,W,2024-09-10,travel,818
13669,W,2024-02-18,home,590
13670,E,2024-03-04,health,784
13671,E,2024-07-17,health,633
13672,N,2024-06-12,health,880
13673,N,2024-03-31,auto,814
13674,S,2024-11-21,health,501
13676,W,2024-03-27,home,$495
13677,W,2024-04-05,auto,641
13678,N,2024-01-17,auto,682
13679,E,2024-09-02,health,789
13680,E,2024-07-21,health,576
13681,S,2024-03-15,auto,USD 504
13682,W,2024-02-01,health,603
13683,S,2024-07-09,auto,564
13684,N,2024-08-13,health,712
13685,W,2024-07-12,auto,695
13686,W,2024-11-17,auto,378
13687,N,2024-01-16,home,675
13688,W,2024-03-15,travel,780
13689,N,2024-09-25,travel,682
13690,N,2024-06-12,travel,566
13692,N,2024-06-09,auto,645
13693,S,2024-10-31,travel,566
13694,S,2024-10-18,home,584
13695,E,2024-07-21,health,698
13696,W,2024-03-11,health,781
13697,N,2024-11-14,health,616
13698,S,2024-05-25,auto,670
13699,N,2024-07-06,auto,635
13700,N,2024-03-14,auto,$688
13701,S,2024-03-09,auto,820
13702,W,2024-06-13,travel,804
13703,W,2024-09-23,home,540
13704,W,2024-06-09,health,667
13705,W,2024-08-24,health,621
13706,S,2024-01-04,travel,483
13707,S,2024-01-18,home,USD 595
13708,E,2024-09-24,travel,$672
13709,N,2024-11-25,health,702
13710,N,2024-10-01,health,862
13711,S,2024-02-05,home,570
13712,E,2024-07-08,travel,718
13714,N,2024-05-03,home,537
13715,N,2024-10-06,travel,USD 763
13716,N,2024-08-31,travel,599
13717,N,2024-04-10,health,505
13718,W,2024-07-29,health,539
13719,W,2024-03-14,health,500
13720,E,2024-10-04,home,$690
13721,E,2024-09-03,travel,968
13722,S,2024-03-07,home,590
13723,W,2024-04-01,travel,667
13724,W,2024-11-25,auto,940
13725,W,2024-09-15,auto,USD 1019
13726,N,2024-03-13,auto,763
13727,N,2024-02-07,health,737
13728,N,2024-10-24,health,627
13729,N,2024-04-13,auto,678
13730,S,2024-05-19,travel,914
13731,E,2024-11-03,travel,659
13732,E,2024-09-29,auto,675
13733,E,2024-04-16,travel,783
13734,N,2024-02-10,travel,858
13735,W,2024-11-22,home,746
13736,N,2024-07-23,health,846
13737,W,2024-10-12,health,633
13738,N,2024-03-11,travel,857
13739,N,2024-07-29,auto,816
13740,S,2024-08-23,auto,638
13741,N,2024-04-13,home,549
13742,N,2024-01-25,health,607
13744,N,2024-02-19,home,591
13745,N,2024-06-13,health,835
13746,W,2024-06-07,auto,616
13747,S,2024-06-02,auto,575
13749,S,2024-11-09,home,545
13750,N,2024-01-06,travel,671
13751,E,2024-05-06,health,518
13752,S,2024-06-21,auto,817
13753,S,2024-02-05,home,577
13754,W,2024-10-15,travel,$451
13755,S,2024-07-07,travel,620
13756,W,2024-06-17,home,613
13757,S,2024-08-31,health,527
13758,W,2024-05-11,auto,699
13759,E,2024-03-29,health,401
13761,S,2024-01-12,home,723
13762,N,2024-05-13,travel,669
13763,E,2024-06-21,health,620
13764,W,2024-09-29,health,714
13765,N,2024-06-19,home,520
13766,S,2024-09-07,auto,512
13767,W,2024-05-15,home,856
13768,E,2024-09-03,auto,$695
13769,E,2024-08-31,travel,510
13770,E,2024-07-08,home,539
13771,W,2024-04-07,health,523
13773,N,2024-02-17,health,733
13774,E,2024-11-26,home,957
13775,S,2024-02-08,home,823
13776,W,2024-11-16,auto,444
13777,E,2024-07-30,home,640
13778,E,2024-08-01,auto,461
13779,E,2024-06-28,travel,599
13780,W,2024-04-29,auto,796
13781,S,2024-10-12,health,633
13782,E,2024-10-25,travel,795
13783,E,2024-11-04,auto,751
13784,E,2024-06-08,auto,614
13785,W,2024-06-06,home,610
13786,W,2024-09-03,health,586
13787,N,2024-06-28,travel,$496
13788,E,2024-08-16,auto,694
13789,S,2024-03-16,auto,933
13791,W,2024-09-07,travel,382
13792,N,2024-10-24,home,432
13793,N,2024-01-09,auto,784
13794,N,2024-02-03,home,645
13795,S,2024-02-28,auto,558
13796,S,2024-11-25,health,1069
13797,N,2024-09-16,travel,890
13798,W,2024-09-18,health,696
13799,S,2024-04-05,home,878
13800,S,2024-06-02,travel,922
13801,W,2024-09-08,home,829
13802,S,2024-08-31,auto,836
13803,N,2024-11-21,health,584
13804,S,2024-10-08,auto,771
13805,W,2024-11-04,auto,898
13806,S,2024-10-01,travel,$432
13807,N,2024-05-26,auto,684
13808,E,2024-05-24,travel,880
13809,N,2024-07-06,auto,776
13810,W,2024-01-21,health,625
13811,E,2024-01-05,health,768
13812,E,2024-03-23,health,552
13813,N,2024-06-05,home,618
13814,N,2024-09-11,home,916
13815,N,2024-05-03,home,724
13816,S,2024-09-17,health,592
13817,N,2024-10-07,travel,804
13818,N,2024-05-22,health,424
13819,W,2024-01-06,health,624
13820,W,2024-01-28,travel,517
13821,E,2024-08-09,auto,697
13822,W,2024-01-28,home,644
13824,E,2024-09-13,travel,576
13825,E,2024-05-14,travel,595
13826,N,2024-05-29,home,829
13827,W,2024-07-16,travel,550
13828,S,2024-05-23,auto,507
13829,E,2024-07-23,home,588
13830,S,2024-02-04,health,USD 673
13831,S,2024-05-19,auto,$579
13832,W,2024-01-03,health,952
13833,S,2024-07-29,travel,942
13834,W,2024-07-03,auto,485
13835,E,2024-05-02,home,570
13836,E,2024-02-22,health,805
13837,E,2024-10-14,travel,607
13838,W,2024-06-23,travel,671
13839,S,2024-05-12,home,1114
13840,N,2024-11-26,health,629
13841,N,2024-10-21,health,594
13842,S,2024-04-11,health,600
13843,W,2024-07-12,home,876
13844,E,2024-05-14,health,949
13845,S,2024-10-07,auto,883
13846,S,2024-07-22,travel,485
13847,W,2024-10-08,health,844
13848,E,2024-02-01,auto,694
13849,S,2024-09-17,travel,993
13850,S,2024-04-28,home,502
13851,W,2024-09-21,health,616
13852,W,2024-04-29,auto,860
13853,S,2024-08-01,auto,542
13855,W,2024-11-07,health,608
13856,E,2024-04-01,home,974
13857,S,2024-10-24,health,901
13858,S,2024-05-10,auto,USD 470
13859,N,2024-01-21,travel,394
13860,S,2024-01-27,auto,658
13861,E,2024-11-08,travel,476
13862,S,2024-09-16,travel,594
13863,S,2024-02-26,travel,845
13864,W,2024-09-16,home,413
13865,N,2024-08-19,health,475
13866,N,2024-11-09,health,397
13867,S,2024-06-27,home,445
13868,S,2024-02-16,home,915
13869,W,2024-09-17,health,597
13870,N,2024-08-04,auto,826
13871,W,2024-11-03,home,704
13872,N,2024-08-18,health,$533
13873,W,2024-10-30,auto,640
13874,W,2024-06-02,auto,917
13875,S,2024-03-10,auto,511
13876,S,2024-03-06,health,526
13877,E,2024-10-08,health,1068
13878,N,2024-03-25,health,771
13879,E,2024-06-20,travel,754
13880,E,2024-02-23,home,610
13881,E,2024-07-18,home,819
13882,S,2024-08-12,home,828
13883,S,2024-10-29,travel,595
13884,S,2024-03-01,home,702
13885,W,2024-10-24,auto,611
13886,S,2024-10-26,travel,637
13887,W,2024-04-22,auto,765
13888,S,2024-02-20,health,757
13889,E,2024-04-18,auto,1063
13890,S,2024-02-21,auto,648
13891,S,2024-11-20,home,550
13892,W,2024-01-28,auto,$814
13893,W,2024-08-05,health,$524
13894,W,2024-10-26,travel,603
13895,E,2024-05-21,auto,569
13896,W,2024-03-28,home,775
13897,N,2024-07-25,auto,744
13898,E,2024-08-26,auto,538
13899,W,2024-07-29,home,670
13900,N,2024-03-30,home,832
13901,W,2024-04-19,auto,601
13902,W,2024-05-14,health,525
13903,W,2024-02-02,travel,543
13904,W,2024-03-05,auto,895
13905,N,2024-11-05,home,698
13906,N,2024-04-14,auto,990
13907,E,2024-06-08,health,685
13908,N,2024-02-19,auto,685
13909,W,2024-02-07,home,706
13910,E,2024-09-27,home,690
13911,N,2024-11-19,auto,489
13912,E,2024-03-28,health,470
13913,N,2024-01-22,home,674
13914,S,2024-04-08,health,664
13915,N,2024-04-02,home,942
13916,N,2024-08-11,health,650
13917,N,2024-06-12,health,778
13918,S,2024-02-21,home,534
13919,E,2024-07-21,health,763
13920,S,2024-06-30,home,439
13921,E,2024-06-20,travel,732
13922,W,2024-02-28,home,953
13923,E,2024-08-01,travel,615
13924,N,2024-06-09,travel,623
13925,N,2024-09-22,health,860
13926,E,2024-07-07,auto,654
13927,W,2024-09-23,home,883
13928,S,2024-06-18,home,622
13929,S,2024-06-02,home,$425
13930,N,2024-09-17,auto,509
13931,E,2024-05-01,auto,$589
13932,E,2024-01-21,home,513
13933,N,2024-08-26,auto,468
13934,W,2024-01-10,travel,847
13935,E,2024-02-19,home,499
13936,S,2024-03-05,auto,759
13937,E,2024-06-14,travel,728
13938,N,2024-08-22,auto,458
13940,S,2024-02-26,health,USD 777
13941,W,2024-05-19,travel,598
13942,E,2024-05-25,health,584
13943,S,2024-02-25,travel,892
13944,S,2024-05-29,auto,623
13945,W,2024-09-26,auto,635
13946,E,2024-01-12,travel,461
13947,N,2024-07-04,auto,683
13948,N,2024-08-23,auto,871
13950,W,2024-06-20,auto,577
13951,S,2024-06-09,health,644
13952,N,2024-09-27,auto,563
13953,N,2024-10-05,travel,798
13954,E,2024-02-05,travel,772
13955,W,2024-04-01,travel,736
13956,W,2024-10-05,auto,968
13957,W,2024-08-01,home,409
13958,W,2024-03-17,health,990
13959,W,2024-11-18,travel,879
13960,E,2024-01-21,home,412
13961,W,2024-03-28,health,556
13962,E,2024-06-19,travel,641
13963,N,2024-04-15,health,563
13964,S,2024-11-14,travel,643
13965,E,2024-01-10,auto,1047
13966,W,2024-04-18,home,814
13967,W,2024-03-19,travel,537
13968,N,2024-05-29,travel,528
13969,N,2024-09-26,home,799
13970,N,2024-06-08,health,876
13972,E,2024-08-02,auto,616
13973,W,2024-02-11,home,640
13974,E,2024-01-30,travel,843
13975,N,2024-01-12,travel,644
13976,E,2024-05-21,home,644
13977,S,2024-09-17,travel,730
13978,S,2024-03-03,health,711
13979,N,2024-01-27,auto,505
13980,N,2024-10-15,health,820
13981,W,2024-04-26,health,505
13982,W,2024-03-12,travel,677
13983,E,2024-11-19,health,807
13984,S,2024-03-05,health,675
13985,N,2024-01-08,home,613
13986,E,2024-01-18,auto,752
13987,E,2024-06-10,auto,463
13988,W,2024-07-22,travel,435
13989,N,2024-07-17,home,633
13990,N,2024-07-16,travel,668
13991,N,2024-02-20,auto,667
13992,W,2024-11-05,home,773
13993,S,2024-09-18,home,USD 813
13994,N,2024-03-30,home,808
13995,S,2024-05-07,travel,454
13996,S,2024-06-02,auto,934
13997,N,2024-03-06,health,769
13998,N,2024-06-23,home,488
13999,N,2024-06-28,health,457
14000,N,2024-06-02,travel,675
14001,W,2024-08-10,auto,712
14002,S,2024-09-22,travel,USD 516
14003,W,2024-11-15,home,509
14004,E,2024-09-19,home,848
14005,E,2024-02-01,auto,795
14006,E,2024-08-16,auto,609
14007,S,2024-03-11,travel,581
14008,E,2024-03-18,health,811
14009,N,2024-03-03,auto,986
14010,N,2024-02-12,health,624
14011,N,2024-03-28,home,740
14012,W,2024-04-26,home,702
14014,S,2024-11-20,auto,870
14015,S,2024-04-25,travel,476
14016,W,2024-02-07,travel,595
14017,N,2024-06-19,travel,1091
14018,N,2024-09-15,auto,858
14019,W,2024-08-16,health,1030
14020,S,2024-10-08,travel,605
14021,E,2024-07-19,health,USD 409
14022,S,2024-01-22,travel,$660
14023,E,2024-07-30,health,589
14024,E,2024-04-23,home,746
14025,S,2024-01-17,health,672
14026,S,2024-03-27,health,490
14027,S,2024-02-28,home,484
14028,E,2024-01-30,auto,923
14029,W,2024-01-20,travel,659
14030,E,2024-11-10,home,596
14031,S,2024-08-29,health,711
14032,N,2024-09-03,home,759
14033,E,2024-06-09,auto,932
14035,E,2024-11-24,travel,864
14036,N,2024-09-17,health,740
14037,E,2024-05-16,auto,616
14038,S,2024-06-02,auto,930
14039,W,2024-09-05,auto,703
14040,W,2024-01-14,health,709
14041,N,2024-10-19,home,719
14042,S,2024-06-07,travel,749
14043,W,2024-07-26,auto,443
14044,W,2024-08-24,travel,861
14045,S,2024-09-20,home,598
14046,E,2024-03-31,home,USD 935
14047,S,2024-10-30,health,472
14048,N,2024-10-19,auto,614
14049,S,2024-06-16,home,465
14050,E,2024-06-25,home,692
14051,S,2024-05-22,health,746
14053,N,2024-02-16,home,604
14054,W,2024-01-28,health,765
14055,S,2024-07-21,health,600
14056,W,2024-09-08,travel,597
14057,S,2024-03-21,home,494
14058,E,2024-03-28,travel,637
14059,W,2024-05-22,travel,681
14060,N,2024-05-24,health,702
14061,W,2024-08-03,health,734
14062,N,2024-01-18,travel,604
14063,N,2024-05-26,home,564
14065,E,2024-02-09,health,516
14066,W,2024-07-14,auto,603
14067,E,2024-01-25,auto,700
14068,W,2024-10-20,health,$782
14069,W,2024-02-03,auto,789
14070,W,2024-11-22,auto,808
14071,S,2024-08-19,home,563
14072,S,2024-02-12,auto,955
14073,S,2024-01-09,home,770
14074,N,2024-01-07,travel,623
14075,N,2024-11-06,travel,567
14076,E,2024-02-23,home,530
14077,N,2024-06-08,auto,874
14078,W,2024-11-24,home,$677
14079,N,2024-01-26,home,703
14080,S,2024-05-22,health,613
14081,E,2024-02-23,travel,$701
14082,E,2024-11-09,travel,762
14083,N,2024-03-25,home,733
14085,W,2024-01-06,health,719
14086,N,2024-03-12,health,557
14087,N,2024-04-11,auto,850
14088,S,2024-03-09,auto,646
14089,W,2024-03-26,home,910
14091,E,2024-04-19,home,776
14092,W,2024-05-14,health,735
14093,W,2024-05-03,health,494
14095,S,2024-08-16,auto,470
14096,W,2024-05-28,auto,737
14097,S,2024-04-07,health,609
14098,S,2024-06-27,auto,$690
14099,S,2024-02-21,home,904
14100,E,2024-03-11,home,728
14101,W,2024-04-17,travel,663
14102,S,2024-07-20,health,581
14103,S,2024-11-03,health,527
14104,S,2024-11-16,auto,483
14105,W,2024-07-28,auto,713
14106,E,2024-08-04,home,890
14107,W,2024-06-25,auto,764
14108,N,2024-06-18,health,477
14109,E,2024-04-06,auto,510
14110,W,2024-06-06,home,920
14112,E,2024-07-05,home,656
14113,N,2024-09-22,travel,900
14114,E,2024-08-31,travel,$663
14115,N,2024-11-06,travel,842
14116,S,2024-08-28,health,1013
14117,S,2024-03-11,health,$859
14118,W,2024-05-20,home,980
14119,W,2024-05-11,health,$956
14120,W,2024-09-15,travel,822
14121,E,2024-02-22,travel,634
14123,W,2024-01-07,home,591
14124,E,2024-01-14,auto,576
14125,E,2024-06-03,home,883
14126,N,2024-04-06,home,910
14127,E,2024-06-09,home,474
14128,S,2024-02-12,travel,427
14129,N,2024-02-13,travel,$661
14130,N,2024-06-08,travel,477
14131,S,2024-02-02,health,838
14132,E,2024-03-06,travel,693
14133,S,2024-03-31,travel,544
14134,W,2024-07-17,travel,1101
14135,W,2024-04-11,auto,491
14136,E,2024-01-16,travel,448
14137,N,2024-02-25,travel,987
14138,N,2024-06-16,travel,500
14139,E,2024-08-21,health,765
14140,S,2024-02-05,auto,754
14141,E,2024-03-13,home,699
14142,N,2024-08-23,home,779
14143,S,2024-01-06,travel,676
14144,W,2024-06-02,travel,857
14145,W,2024-11-20,auto,548
14146,S,2024-04-30,health,875
14147,W,2024-02-08,health,779
14148,N,2024-10-01,health,550
14149,W,2024-02-15,auto,592
14150,N,2024-03-23,health,716
14151,W,2024-01-05,auto,USD 788
14152,E,2024-07-05,travel,365
14153,W,2024-06-23,health,481
14154,S,2024-09-21,health,630
14155,W,2024-11-17,travel,823
14156,E,2024-05-27,auto,622
14157,N,2024-04-02,health,712
14158,N,2024-10-15,travel,USD 577
14159,W,2024-11-01,health,713
14160,W,2024-04-10,travel,490
14161,N,2024-03-07,health,1176
14162,W,2024-07-24,home,396
14163,E,2024-02-20,auto,1185
14164,N,2024-02-02,auto,713
14165,E,2024-10-14,auto,702
14166,S,2024-08-26,travel,550
14167,N,2024-05-08,home,532
14168,N,2024-02-13,auto,742
14169,W,2024-10-23,health,493
14170,S,2024-10-17,auto,968
14171,E,2024-09-23,auto,531
14173,E,2024-04-14,health,895
14174,N,2024-02-17,travel,483
14175,N,2024-03-09,auto,594
14176,S,2024-05-13,auto,580
14177,W,2024-01-23,auto,964
14178,W,2024-10-09,travel,378
14179,N,2024-11-03,auto,739
14180,E,2024-06-10,auto,753
14181,W,2024-07-08,travel,587
14182,N,2024-03-10,home,851
14183,N,2024-10-10,home,661
14184,E,2024-02-20,health,807
14185,W,2024-01-02,auto,549
14186,W,2024-11-18,auto,625
14187,S,2024-11-10,home,442
14188,N,2024-04-02,auto,567
14189,E,2024-09-28,health,USD 835
14190,S,2024-05-02,auto,731
14191,S,2024-07-18,travel,486
14192,S,2024-06-14,travel,801
14193,E,2024-02-24,home,606
14194,E,2024-04-28,auto,713
14195,W,2024-09-12,auto,830
14196,S,2024-06-14,auto,706
14197,E,2024-06-24,auto,792
14198,W,2024-10-09,auto,USD 899
14199,S,2024-01-28,health,866
14200,S,2024-08-10,travel,$678
14201,E,2024-07-10,auto,635
14202,N,2024-08-02,home,427
14203,E,2024-05-09,travel,810
14204,E,2024-06-18,home,659
14206,N,2024-05-21,auto,$509
14207,N,2024-04-07,auto,711
14208,S,2024-08-17,auto,467
14209,N,2024-11-25,travel,599
14210,S,2024-05-25,health,767
14211,S,2024-09-21,health,675
14212,W,2024-01-17,health,645
14213,W,2024-07-15,travel,786
14214,W,2024-08-12,auto,$421
14215,S,2024-03-01,home,1079
14216,N,2024-07-02,auto,640
14217,N,2024-03-07,auto,538
14218,S,2024-03-01,home,968
14219,S,2024-03-18,auto,666
14220,W,2024-01-24,health,641
14221,W,2024-01-13,health,689
14222,E,2024-01-15,health,840
14223,N,2024-10-03,travel,715
14224,N,2024-07-03,travel,754
14225,E,2024-07-30,travel,881
14226,S,2024-01-02,travel,903
14227,W,2024-07-05,auto,901
14228,E,2024-01-15,health,586
14229,S,2024-02-11,health,$644
14231,W,2024-07-08,health,650
14232,E,2024-08-01,home,607
14233,S,2024-03-02,auto,826
14234,N,2024-07-16,travel,828
14235,E,2024-07-16,auto,468
14236,E,2024-06-30,home,548
14237,E,2024-02-01,health,555
14238,W,2024-02-06,auto,1004
14239,W,2024-11-09,home,634
14240,S,2024-01-09,home,676
14241,N,2024-08-21,travel,698
14242,W,2024-06-08,travel,615
14243,W,2024-06-19,travel,660
14244,S,2024-05-19,home,581
14245,S,2024-05-25,travel,$570
14246,E,2024-10-08,travel,608
14247,W,2024-09-09,travel,774
14248,S,2024-02-23,travel,$945
14249,E,2024-04-11,auto,838
14250,W,2024-05-22,auto,675
14251,N,2024-09-01,home,726
14252,W,2024-09-03,home,520
14253,E,2024-10-22,health,602
14254,E,2024-06-17,auto,634
14255,N,2024-01-23,home,621
14256,S,2024-09-07,home,679
14257,S,2024-03-24,health,601
14259,W,2024-10-28,auto,577
14260,W,2024-06-01,health,716
14261,S,2024-03-31,travel,565
14262,E,2024-03-26,travel,911
14263,N,2024-05-15,travel,592
14264,W,2024-09-07,travel,668
14265,S,2024-04-30,travel,537
14266,W,2024-05-07,health,708
14267,N,2024-03-10,home,$525
14268,S,2024-07-28,home,802
14269,N,2024-01-28,home,USD 748
14270,N,2024-10-01,health,995
14271,S,2024-01-28,home,465
14272,E,2024-08-03,health,454
14273,E,2024-09-28,auto,336
14275,E,2024-04-26,travel,771
14277,E,2024-08-25,health,909
14278,E,2024-02-14,auto,779
14279,N,2024-09-02,auto,574
14280,S,2024-02-16,health,1179
14281,N,2024-10-13,auto,531
14282,N,2024-03-15,auto,758
14283,S,2024-11-08,auto,428
14284,E,2024-08-30,travel,947
14285,N,2024-11-08,home,740
14286,N,2024-09-27,health,652
14287,S,2024-01-02,home,852
14288,S,2024-01-17,auto,541
14289,W,2024-03-21,health,949
14290,E,2024-11-20,health,585
14291,N,2024-09-05,travel,757
14292,W,2024-07-28,auto,609
14293,S,2024-05-07,home,694
14294,S,2024-01-26,home,624
14295,W,2024-04-12,auto,465
14296,S,2024-11-18,health,541
14297,E,2024-08-02,auto,493
14298,W,2024-02-26,health,1103
14299,S,2024-03-15,auto,771
14300,W,2024-02-18,auto,531
14301,S,2024-01-07,travel,617
14302,E,2024-09-15,auto,1150
14303,S,2024-05-01,auto,503
14304,N,2024-11-09,health,395
14305,N,2024-03-07,travel,622
14306,E,2024-08-08,travel,725
14307,E,2024-02-15,auto,527
14308,S,2024-02-22,travel,848
14309,W,2024-06-23,health,629
14310,W,2024-10-29,home,726
14311,W,2024-06-18,auto,808
14312,E,2024-09-06,auto,613
14313,E,2024-02-03,auto,639
14314,E,2024-10-19,home,730
14315,W,2024-03-14,auto,596
14316,W,2024-11-17,travel,$761
14317,E,2024-09-17,health,518
14318,N,2024-03-06,home,USD 830
14319,E,2024-09-10,auto,USD 611
14320,W,2024-04-15,health,600
14321,S,2024-03-15,health,711
14322,N,2024-09-01,home,958
14323,N,2024-05-15,home,$604
14324,N,2024-07-04,auto,656
14325,E,2024-09-23,home,838
14326,N,2024-08-05,health,803
14327,S,2024-03-03,home,711
14328,S,2024-08-30,travel,777
14329,E,2024-05-14,home,454
14331,W,2024-09-04,travel,649
14332,N,2024-05-28,auto,766
14333,W,2024-10-01,auto,768
14334,E,2024-09-03,health,601
14335,N,2024-01-16,health,655
14336,S,2024-05-27,health,508
14337,W,2024-03-11,health,667
14338,N,2024-08-02,home,878
14339,N,2024-05-12,home,694
14340,N,2024-07-14,home,712
14342,S,2024-06-11,travel,832
14343,N,2024-03-13,auto,729
14344,E,2024-04-22,travel,639
14345,S,2024-06-25,auto,667
14346,W,2024-08-24,home,484
14347,W,2024-10-11,home,629
14348,S,2024-07-19,health,728
14349,W,2024-02-03,auto,863
14350,W,2024-02-18,health,677
14351,E,2024-09-19,travel,532
14352,W,2024-10-19,home,581
14353,W,2024-01-02,home,726
14354,S,2024-11-19,health,536
14355,S,2024-07-29,home,890
14356,S,2024-05-25,home,617
14357,N,2024-11-01,home,627
14358,W,2024-07-01,travel,722
14359,S,2024-05-23,travel,790
14360,W,2024-05-21,auto,584
14361,S,2024-01-14,health,996
14362,N,2024-10-11,auto,$562
14364,N,2024-07-27,home,725
14365,E,2024-03-11,health,782
14366,N,2024-02-05,health,832
14367,S,2024-10-23,health,466
14368,W,2024-08-10,travel,527
14369,N,2024-07-05,auto,652
14370,W,2024-02-19,auto,698
14371,N,2024-06-03,health,487
14372,W,2024-06-06,health,525
14373,E,2024-05-14,auto,810
14374,W,2024-05-19,health,791
14375,N,2024-07-17,travel,858
14376,E,2024-03-17,travel,658
14377,N,2024-05-16,home,825
14378,W,2024-11-16,travel,720
14379,E,2024-08-10,home,625
14380,E,2024-09-20,auto,528
14381,W,2024-11-15,home,$593
14382,W,2024-04-14,home,USD 623
14383,S,2024-11-18,travel,831
14384,W,2024-10-17,auto,1147
14385,W,2024-08-10,auto,919
14386,W,2024-10-18,home,942
14387,N,2024-11-10,travel,476
14388,W,2024-09-05,home,565
14389,W,2024-02-27,travel,777
14390,E,2024-09-19,travel,649
14391,N,2024-07-10,home,756
14392,S,2024-08-14,health,570
14393,S,2024-10-25,health,678
14394,S,2024-08-22,home,961
14395,E,2024-01-21,health,751
14396,S,2024-03-03,travel,679
14397,W,2024-10-02,auto,702
14398,S,2024-07-22,travel,853
14399,E,2024-10-29,auto,748
14400,W,2024-01-07,travel,631
14401,N,2024-09-19,travel,691
14402,E,2024-09-20,health,498
14403,E,2024-09-15,health,806
14404,W,2024-06-10,travel,USD 898
14405,W,2024-06-24,travel,674
14406,W,2024-04-21,health,624
14407,W,2024-02-20,home,588
14408,W,2024-01-31,travel,749
14409,N,2024-04-05,home,539
14410,S,2024-01-22,home,625
14411,E,2024-03-02,auto,734
14412,W,2024-03-02,auto,645
14413,W,2024-08-31,health,535
14414,S,2024-01-29,home,$792
14415,S,2024-07-04,auto,638
14416,S,2024-10-12,home,USD 695
14418,E,2024-01-19,auto,452
14419,W,2024-04-11,auto,898
14420,E,2024-07-09,auto,538
14421,N,2024-03-17,auto,854
14422,N,2024-01-09,auto,728
14423,E,2024-05-07,health,628
14424,S,2024-01-05,travel,538
14425,N,2024-09-27,travel,638
14426,W,2024-02-06,auto,1045
14427,N,2024-03-02,home,USD 761
14428,W,2024-02-19,health,577
14429,N,2024-01-28,auto,864
14430,S,2024-06-29,travel,885
14431,E,2024-04-21,health,653
14433,E,2024-04-17,home,896
14434,S,2024-10-21,home,"$1,044"
14435,S,2024-10-26,home,823
14436,N,2024-08-03,health,556
14438,N,2024-06-26,home,922
14439,E,2024-10-15,travel,$624
14441,N,2024-05-21,auto,661
14442,E,2024-10-07,health,1206
14443,S,2024-02-05,home,404
14444,N,2024-02-29,auto,992
14445,N,2024-10-19,travel,886
14446,E,2024-09-01,travel,430
14448,E,2024-05-28,travel,886
14449,E,2024-01-31,auto,727
14450,S,2024-10-23,health,865
14451,S,2024-05-04,health,741
14452,N,2024-03-22,travel,686
14453,N,2024-03-16,home,470
14454,S,2024-01-29,health,857
14455,N,2024-01-03,home,$621
14457,N,2024-02-10,health,582
14458,N,2024-01-01,travel,432
14459,E,2024-11-25,home,757
14460,E,2024-07-10,auto,649
14461,W,2024-08-01,auto,564
14462,E,2024-09-23,health,558
14463,E,2024-03-19,health,470
14464,N,2024-02-13,auto,611
14465,E,2024-08-02,auto,732
14466,W,2024-06-14,health,701
14467,W,2024-01-11,health,560
14468,N,2024-10-29,home,763
14469,N,2024-05-03,auto,430
14470,E,2024-11-23,travel,711
14471,W,2024-01-20,home,641
14472,W,2024-06-22,auto,USD 690
14473,S,2024-05-27,auto,622
14474,S,2024-01-21,health,697
14475,S,2024-05-12,auto,509
14476,S,2024-05-27,health,803
14477,W,2024-10-20,auto,$476
14478,W,2024-05-11,home,776
14479,W,2024-06-19,home,657
14480,W,2024-01-20,health,418
14481,E,2024-02-06,health,667
14482,E,2024-07-07,auto,504
14483,E,2024-03-28,travel,429
14484,N,2024-07-25,travel,546
14486,N,2024-01-13,home,708
14487,S,2024-10-22,home,469
14488,W,2024-01-28,home,729
14489,E,2024-04-21,auto,655
14490,W,2024-01-29,auto,679
14491,N,2024-07-28,auto,495
14492,S,2024-01-27,home,USD 679
14493,E,2024-09-05,auto,498
14494,E,2024-08-26,health,569
14495,E,2024-04-26,auto,595
14496,S,2024-11-08,auto,722
14497,S,2024-10-20,auto,429
14498,S,2024-02-05,home,954
14499,W,2024-03-28,health,864
14500,N,2024-07-31,travel,507
14501,W,2024-10-09,auto,585
14502,S,2024-04-06,auto,653
14503,S,2024-01-06,travel,720
14504,E,2024-03-14,home,519
14505,S,2024-03-18,home,746
14506,N,2024-02-05,health,466
14507,W,2024-09-10,home,417
14508,W,2024-08-18,health,511
14509,N,2024-03-17,travel,USD 499
14510,E,2024-05-01,health,589
14511,E,2024-02-24,auto,519
14512,N,2024-08-18,travel,663
14513,E,2024-07-08,home,649
14514,E,2024-01-06,travel,983
14515,N,2024-06-17,travel,839
14516,W,2024-11-22,travel,685
14517,W,2024-07-25,health,807
14518,W,2024-02-18,travel,707
14519,W,2024-08-31,home,700
14520,W,2024-06-07,auto,737
14521,N,2024-05-09,health,682
14522,W,2024-11-21,health,516
14523,S,2024-05-20,home,576
14524,S,2024-03-15,auto,473
14525,S,2024-06-21,home,608
14526,N,2024-10-25,travel,588
14527,S,2024-09-18,home,587
14528,S,2024-08-01,home,705
14530,S,2024-04-23,health,901
14531,E,2024-11-08,home,555
14532,E,2024-05-28,health,836
14533,W,2024-06-11,auto,723
14534,N,2024-02-27,health,597
14536,W,2024-04-11,auto,647
14537,N,2024-03-08,travel,406
14538,N,2024-07-25,health,861
14539,W,2024-11-03,health,675
14540,E,2024-11-09,auto,631
14541,S,2024-03-08,health,682
14542,S,2024-03-09,travel,633
14543,W,2024-09-17,home,431
14544,W,2024-06-16,auto,657
14545,S,2024-02-16,home,$557
14546,N,2024-03-03,home,489
14547,E,2024-06-13,home,571
14548,W,2024-10-22,travel,738
14549,N,2024-10-31,health,700
14550,N,2024-07-23,auto,652
14551,W,2024-04-29,auto,739
14552,S,2024-09-14,home,724
14553,E,2024-09-17,health,668
14554,S,2024-03-06,travel,632
14555,W,2024-05-13,travel,663
14556,E,2024-08-14,home,644
14557,W,2024-10-16,travel,760
14558,W,2024-01-13,home,444
14559,N,2024-11-16,health,532
14560,E,2024-06-13,health,USD 1212
14561,S,2024-07-18,home,796
14562,S,2024-04-07,travel,769
14563,E,2024-09-12,health,491
14564,W,2024-04-12,travel,645
14565,W,2024-10-30,home,522
14566,E,2024-01-01,home,920
14567,S,2024-04-11,health,$597
14568,S,2024-05-08,travel,USD 465
14569,W,2024-08-06,home,677
14570,S,2024-01-06,travel,497
14571,N,2024-11-24,travel,1160
14572,W,2024-06-20,travel,USD 945
14573,N,2024-03-05,auto,617
14574,N,2024-02-28,health,773
14575,W,2024-07-11,health,692
14576,W,2024-06-09,home,930
14577,S,2024-06-03,auto,552
14578,W,2024-08-24,travel,395
14579,E,2024-08-24,auto,579
14580,W,2024-06-04,home,820
14581,W,2024-04-13,home,660
14582,S,2024-03-25,home,895
14583,N,2024-11-01,auto,613
14584,W,2024-01-13,health,784
14585,W,2024-05-31,travel,631
14586,E,2024-09-24,health,$438
14587,E,2024-07-27,auto,485
14588,W,2024-02-17,home,643
14589,W,2024-06-22,auto,623
14590,W,2024-09-13,health,885
14591,N,2024-02-20,home,815
14592,E,2024-02-16,home,776
14593,E,2024-01-07,auto,805
14594,S,2024-11-12,auto,763
14595,E,2024-07-25,home,$642
14596,W,2024-11-13,auto,1027
14598,E,2024-05-26,travel,592
14599,S,2024-02-09,health,531
14600,N,2024-02-10,travel,502
14601,W,2024-01-11,travel,666
14602,N,2024-09-08,auto,634
14603,N,2024-09-16,home,663
14604,W,2024-09-04,home,678
14605,E,2024-04-17,health,682
14606,E,2024-05-19,home,890
14607,W,2024-08-19,home,$840
14608,E,2024-05-03,home,641
14609,E,2024-05-01,auto,516
14610,S,2024-09-07,home,525
14611,E,2024-04-14,auto,610
14612,E,2024-06-06,auto,615
14613,S,2024-04-07,auto,546
14614,N,2024-08-08,auto,415
14615,S,2024-05-14,health,1065
14616,N,2024-05-21,health,1064
14617,N,2024-11-25,auto,995
14618,N,2024-01-16,travel,$862
14619,S,2024-07-04,health,911
14620,N,2024-09-16,travel,815
14621,W,2024-09-28,auto,763
14622,N,2024-02-11,health,578
14623,W,2024-10-03,home,986
14624,N,2024-11-10,health,530
14625,W,2024-02-07,travel,715
14626,W,2024-03-07,auto,$628
14627,E,2024-08-25,health,USD 568
14628,W,2024-01-05,travel,652
14629,S,2024-04-14,auto,764
14630,E,2024-06-30,health,553
14631,W,2024-01-01,travel,862
14632,W,2024-09-16,travel,445
14633,E,2024-02-02,health,588
14634,E,2024-04-20,travel,659
14635,S,2024-11-15,home,753
14636,S,2024-04-12,travel,1039
14637,E,2024-04-11,travel,685
14638,S,2024-11-02,health,817
14641,N,2024-07-29,health,672
14642,W,2024-08-10,health,856
14643,E,2024-06-08,auto,609
14644,S,2024-07-01,health,$991
14645,N,2024-10-13,home,943
14646,E,2024-08-22,auto,492
14647,E,2024-07-08,travel,USD 637
14648,N,2024-01-21,home,495
14649,E,2024-07-14,travel,915
14650,S,2024-08-01,travel,577
14651,S,2024-01-01,health,506
14652,S,2024-05-13,health,736
14653,N,2024-02-18,travel,586
14654,N,2024-02-03,health,680
14655,W,2024-08-13,auto,586
14656,E,2024-11-13,home,521
14657,E,2024-02-14,travel,643
14658,S,2024-03-31,health,679
14659,W,2024-05-14,travel,556
14660,N,2024-10-19,home,609
14661,S,2024-02-02,auto,USD 463
14662,S,2024-06-05,health,669
14663,E,2024-09-23,home,695
14664,W,2024-10-20,travel,862
14665,S,2024-05-30,travel,665
14666,E,2024-05-27,travel,906
14667,S,2024-07-13,home,597
14668,E,2024-01-17,health,588
14669,N,2024-10-23,health,1050
14670,N,2024-04-09,health,$811
14671,W,2024-04-05,travel,608
14672,N,2024-03-22,home,732
14673,E,2024-06-17,health,$590
14674,E,2024-09-08,health,572
14675,N,2024-03-23,auto,658
14676,W,2024-09-27,auto,606
14677,E,2024-08-26,auto,534
14678,S,2024-04-12,home,975
14679,S,2024-05-31,auto,553
14680,N,2024-10-13,travel,777
14681,W,2024-02-13,home,647
14682,W,2024-08-05,home,649
14683,S,2024-04-30,home,514
14684,S,2024-03-10,auto,637
14685,W,2024-06-27,health,512
14686,E,2024-03-13,home,592
14687,N,2024-07-23,auto,659
14688,W,2024-04-29,auto,605
14689,E,2024-11-08,home,569
14690,N,2024-02-06,health,691
14691,E,2024-01-25,auto,579
14692,E,2024-06-28,home,712
14693,N,2024-07-04,auto,753
14694,W,2024-02-20,home,569
14696,E,2024-08-09,auto,657
14697,W,2024-09-18,health,595
14698,E,2024-10-13,travel,535
14699,E,2024-01-11,health,379
14700,W,2024-05-02,travel,USD 591
14701,W,2024-03-24,travel,618
14702,W,2024-06-08,travel,548
14703,S,2024-03-27,health,914
14704,W,2024-11-18,auto,569
14705,W,2024-09-08,travel,491
14706,N,2024-11-01,home,517
14707,W,2024-02-18,health,958
14708,W,2024-06-17,health,USD 568
14709,S,2024-04-19,auto,764
14710,W,2024-09-30,home,USD 745
14711,W,2024-07-02,home,857
14712,W,2024-08-22,health,748
14713,N,2024-03-04,auto,708
14714,W,2024-06-23,auto,721
14715,N,2024-07-06,auto,760
14716,S,2024-01-04,health,659
14718,E,2024-01-21,health,$605
14719,S,2024-05-29,home,684
14720,W,2024-07-03,travel,855
14721,W,2024-08-12,health,793
14722,W,2024-02-27,health,749
14723,E,2024-08-17,travel,843
14724,N,2024-03-04,home,USD 644
14725,N,2024-09-10,auto,784
14726,N,2024-04-12,travel,414
14728,E,2024-05-31,home,1080
14729,W,2024-01-20,auto,686
14730,S,2024-07-22,travel,670
14731,N,2024-02-22,home,531
14732,E,2024-02-03,health,767
14733,W,2024-05-05,auto,$713
14734,W,2024-08-05,health,404
14735,S,2024-01-26,travel,647
14736,E,2024-04-18,auto,711
14737,S,2024-04-06,travel,$635
14738,W,2024-03-24,auto,567
14739,W,2024-08-06,travel,609
14740,N,2024-05-30,travel,803
14741,E,2024-11-20,health,867
14742,E,2024-05-15,home,779
14743,S,2024-09-16,home,859
14744,E,2024-04-28,auto,1004
14745,W,2024-04-21,auto,705
14746,N,2024-01-18,auto,623
14747,W,2024-06-25,health,$793
14748,W,2024-02-29,auto,834
14749,N,2024-10-15,auto,632
14750,N,2024-05-10,home,USD 565
14751,S,2024-02-20,health,613
14752,W,2024-03-15,health,529
14753,S,2024-08-21,home,683
14754,N,2024-09-13,health,622
14755,W,2024-01-26,auto,527
14756,N,2024-04-09,home,486
14757,W,2024-07-29,auto,603
14758,E,2024-10-18,health,666
14759,W,2024-01-23,travel,844
14760,N,2024-10-23,travel,608
14761,E,2024-11-15,travel,696
14762,E,2024-10-08,health,657
14763,N,2024-11-09,auto,590
14764,W,2024-03-01,auto,572
14765,N,2024-06-06,auto,597
14766,E,2024-01-26,auto,USD 703
14767,S,2024-08-07,auto,753
14768,S,2024-04-03,health,422
14769,N,2024-09-26,travel,$615
14770,W,2024-11-08,home,710
14771,E,2024-10-09,travel,925
14772,S,2024-09-18,auto,720
14773,W,2024-08-22,health,539
14774,N,2024-01-20,health,747
14775,S,2024-05-06,auto,616
14777,S,2024-06-20,health,573
14778,N,2024-03-03,auto,623
14779,N,2024-11-26,travel,1042
14780,W,2024-09-13,health,682
14781,W,2024-04-09,travel,719
14782,S,2024-02-18,health,434
14783,W,2024-09-25,health,716
14784,S,2024-02-18,travel,913
14785,E,2024-02-17,health,$575
14786,W,2024-11-22,home,USD 560
14787,N,2024-05-27,travel,USD 677
14788,S,2024-07-09,health,817
14789,E,2024-09-17,travel,762
14790,W,2024-08-02,health,732
14791,N,2024-02-14,home,463
14792,W,2024-08-11,auto,617
14793,S,2024-07-15,travel,572
14794,E,2024-02-03,health,676
14795,W,2024-01-25,home,888
14796,W,2024-08-24,health,761
14797,W,2024-11-07,home,692
14798,W,2024-06-14,home,425
14799,E,2024-09-06,travel,407
14800,W,2024-03-27,auto,$531
14801,W,2024-03-03,travel,481
14802,N,2024-06-18,auto,926
14803,S,2024-01-15,home,727
14804,E,2024-03-30,travel,580
14805,N,2024-01-06,health,640
14806,N,2024-10-20,health,685
14807,W,2024-07-01,home,717
14808,S,2024-10-05,travel,820
14809,E,2024-01-17,home,698
14810,E,2024-06-26,health,870
14811,E,2024-04-08,health,794
14813,W,2024-08-24,health,$672
14814,E,2024-07-09,travel,854
14815,N,2024-08-26,health,USD 818
14816,N,2024-06-13,travel,$568
14817,E,2024-07-03,health,USD 737
14818,E,2024-07-29,home,479
14819,N,2024-10-09,auto,669
14820,W,2024-08-01,auto,598
14821,W,2024-02-29,auto,600
14822,N,2024-05-14,health,597
14823,E,2024-07-23,home,757
14824,W,2024-07-15,auto,788
14825,W,2024-04-14,travel,1134
14826,S,2024-03-16,auto,574
14827,W,2024-01-22,auto,607
14828,E,2024-03-23,home,540
14829,N,2024-10-07,health,417
14830,N,2024-01-26,health,474
14831,W,2024-05-12,home,855
14832,N,2024-02-23,health,579
14833,N,2024-09-17,auto,979
14834,W,2024-07-05,home,550
14835,N,2024-11-12,home,689
14836,S,2024-06-17,health,$574
14837,S,2024-04-09,travel,785
14838,S,2024-11-10,health,637
14839,N,2024-09-16,home,585
14840,N,2024-01-14,auto,482
14841,E,2024-10-12,auto,837
14842,N,2024-07-20,health,512
14843,W,2024-11-15,travel,560
14844,S,2024-01-11,home,567
14845,S,2024-09-03,health,848
14846,S,2024-07-09,home,618
14847,E,2024-07-16,auto,699
14848,W,2024-05-05,travel,642
14849,N,2024-01-14,home,668
14850,N,2024-10-16,health,592
14851,N,2024-07-31,health,488
14852,S,2024-06-09,health,643
14853,S,2024-05-22,auto,502
14854,W,2024-05-23,health,606
14856,W,2024-03-26,health,898
14857,W,2024-10-31,auto,589
14858,N,2024-04-28,auto,764
14859,W,2024-07-06,health,433
14860,W,2024-07-08,health,909
14861,N,2024-05-19,home,$506
14862,W,2024-08-28,home,408
14863,S,2024-09-12,auto,598
14864,W,2024-06-06,auto,726
14865,S,2024-06-18,home,978
14866,S,2024-03-22,home,842
14867,S,2024-10-04,auto,802
14868,W,2024-02-14,home,USD 549
14869,E,2024-09-10,auto,665
14870,W,2024-10-04,auto,738
14871,W,2024-09-18,travel,546
14872,E,2024-09-01,auto,608
14873,W,2024-03-06,health,608
14874,S,2024-07-13,travel,805
14875,E,2024-04-06,travel,702
14876,S,2024-05-13,auto,662
14877,N,2024-09-18,travel,474
14878,W,2024-07-02,health,$870
14879,S,2024-01-05,auto,530
14880,E,2024-11-02,travel,747
14881,N,2024-03-18,auto,646
14882,S,2024-05-19,home,807
14883,S,2024-05-07,home,641
14885,N,2024-07-27,travel,589
14886,W,2024-08-25,travel,626
14888,W,2024-04-13,home,728
14889,N,2024-07-04,health,614
14890,W,2024-09-04,health,691
14891,W,2024-09-12,health,920
14892,W,2024-04-06,home,548
14893,S,2024-03-24,health,368
14894,S,2024-11-14,home,542
14895,E,2024-02-03,auto,600
14896,N,2024-03-18,travel,609
14897,E,2024-02-22,home,937
14898,W,2024-03-06,travel,613
14900,N,2024-08-07,travel,1027
14901,N,2024-06-27,travel,$657
14902,S,2024-03-09,home,681
14903,S,2024-02-05,auto,654
14904,N,2024-04-24,health,445
14905,W,2024-03-02,health,544
14907,W,2024-06-18,home,696
14909,E,2024-01-12,travel,462
14910,E,2024-10-19,home,821
14911,N,2024-03-10,travel,1088
14912,N,2024-11-16,travel,718
14913,W,2024-04-23,travel,378
14914,S,2024-01-13,travel,617
14915,W,2024-10-17,health,732
14916,W,2024-08-27,travel,602
14917,E,2024-08-22,home,449
14918,W,2024-09-12,home,813
14919,N,2024-06-18,home,$495
14920,S,2024-04-29,auto,533
14921,W,2024-01-15,health,$378
14922,W,2024-05-12,health,568
14923,N,2024-05-30,auto,567
14924,S,2024-10-10,health,774
14925,E,2024-10-08,home,895
14926,N,2024-01-04,health,715
14927,S,2024-06-23,home,633
14928,N,2024-03-22,auto,816
14929,W,2024-06-11,health,727
14930,E,2024-09-27,auto,638
14931,N,2024-10-17,travel,725
14932,S,2024-04-18,health,543
14933,W,2024-09-17,home,717
14934,N,2024-10-18,travel,732
14935,S,2024-04-18,travel,467
14936,E,2024-02-06,travel,568
14937,W,2024-08-14,home,778
14938,N,2024-03-30,travel,761
14939,S,2024-03-05,travel,829
14940,W,2024-04-06,health,720
14941,S,2024-05-08,travel,452
14942,W,2024-10-01,home,894
14943,S,2024-01-24,travel,435
14944,S,2024-04-23,auto,453
14945,S,2024-05-02,home,901
14946,W,2024-02-20,travel,796
14947,S,2024-09-25,home,704
14948,E,2024-02-16,home,1125
14949,E,2024-04-11,health,$708
14950,W,2024-07-25,health,731
14951,W,2024-10-06,travel,560
14952,W,2024-10-08,home,451
14953,E,2024-11-14,home,694
14954,E,2024-09-18,health,521
14955,W,2024-08-09,travel,616
14956,W,2024-07-27,health,575
14957,E,2024-11-13,auto,486
14958,E,2024-04-15,travel,536
14959,W,2024-05-09,home,464
14960,N,2024-02-20,travel,391
14961,E,2024-07-30,travel,736
14962,E,2024-04-17,travel,654
14963,N,2024-01-17,health,717
14964,S,2024-06-11,health,USD 570
14965,S,2024-03-14,travel,647
14966,W,2024-04-17,auto,507
14968,W,2024-02-02,auto,633
14969,W,2024-10-02,home,$951
14970,W,2024-03-15,travel,650
14971,N,2024-09-01,auto,USD 521
14972,N,2024-10-01,health,$616
14973,E,2024-06-06,auto,401
14974,N,2024-04-13,travel,702
14975,S,2024-04-06,auto,872
14976,E,2024-10-30,health,590
14977,E,2024-01-18,auto,440
14978,S,2024-04-02,auto,708
14979,W,2024-09-25,home,692
14980,W,2024-11-25,home,907
14981,S,2024-04-27,travel,$457
14982,S,2024-03-05,auto,722
14983,N,2024-09-16,home,688
14984,E,2024-01-29,home,$721
14985,E,2024-01-21,home,783
14986,S,2024-06-24,travel,525
14987,W,2024-07-12,travel,USD 666
14988,W,2024-07-16,health,686
14989,E,2024-09-03,travel,512
14990,N,2024-02-15,health,623
14991,N,2024-06-08,health,1055
14992,S,2024-04-19,health,793
14993,N,2024-10-13,travel,704
14994,N,2024-03-28,auto,545
14995,N,2024-07-28,travel,408
14996,E,2024-06-08,auto,496
14997,E,2024-09-14,home,999
14998,S,2024-07-01,auto,512
14999,S,2024-05-06,health,610
15000,S,2024-04-14,health,479
15002,E,2024-11-11,travel,453
15003,W,2024-05-08,travel,550
15004,E,2024-07-24,travel,570
15005,W,2024-06-03,auto,790
15007,S,2024-01-15,auto,879
15009,N,2024-06-25,health,561
15010,N,2024-01-30,auto,568
15011,E,2024-10-17,travel,522
15012,E,2024-07-20,health,$762
15013,W,2024-07-22,health,759
15014,E,2024-03-02,auto,951
15015,W,2024-11-05,health,"$1,053"
15016,E,2024-03-21,travel,805
15017,S,2024-09-07,health,$653
15018,W,2024-04-25,health,487
15019,W,2024-08-01,health,635
15021,E,2024-04-19,auto,713
15022,N,2024-03-24,travel,$604
15023,S,2024-02-10,home,522
15025,N,2024-03-17,home,1086
15026,E,2024-10-17,home,908
15027,E,2024-09-16,health,817
15028,W,2024-04-18,health,496
15029,W,2024-07-31,home,$451
15030,W,2024-08-19,health,752
15031,S,2024-03-10,health,720
15032,S,2024-04-24,health,485
15033,N,2024-03-24,travel,633
15034,N,2024-05-09,auto,682
15035,N,2024-08-17,travel,687
15036,S,2024-06-22,travel,544
15037,S,2024-05-29,travel,602
15038,N,2024-10-02,auto,796
15039,S,2024-03-15,travel,809
15040,E,2024-07-15,travel,633
15041,W,2024-04-19,auto,507
15042,S,2024-02-04,home,556
15043,E,2024-06-14,home,$531
15044,E,2024-06-09,health,609
15046,W,2024-06-12,travel,1057
15047,W,2024-10-29,travel,853
15048,N,2024-04-21,home,509
15049,E,2024-01-11,auto,581
15050,W,2024-06-10,travel,597
15051,N,2024-07-08,health,791
15052,E,2024-06-10,travel,761
15053,W,2024-07-01,travel,725
15054,E,2024-09-13,auto,787
15055,S,2024-04-01,travel,652
15056,E,2024-06-08,travel,749
15057,N,2024-02-22,travel,997
15058,E,2024-03-24,home,684
15059,S,2024-06-25,travel,648
15060,N,2024-01-20,auto,522
15061,W,2024-06-01,health,477
15062,S,2024-01-06,health,724
15063,N,2024-07-02,health,622
15064,S,2024-02-28,auto,USD 815
15065,E,2024-09-12,auto,803
15066,W,2024-04-30,auto,681
15067,W,2024-03-24,auto,611
15069,W,2024-02-05,travel,783
15071,E,2024-03-22,health,573
15072,W,2024-10-01,home,879
15073,S,2024-03-02,health,706
15074,S,2024-01-15,health,714
15075,W,2024-10-10,health,628
15076,S,2024-04-01,travel,653
15077,S,2024-05-21,home,554
15078,N,2024-11-23,health,1127
15079,E,2024-02-04,travel,585
15080,E,2024-01-30,auto,843
15082,E,2024-09-06,home,955
15083,W,2024-08-24,home,USD 662
15084,E,2024-03-16,auto,643
15085,S,2024-07-17,travel,479
15086,E,2024-09-10,home,823
15087,N,2024-09-13,travel,651
15088,W,2024-03-17,health,865
15089,W,2024-11-21,travel,773
15090,N,2024-06-06,auto,667
15091,S,2024-02-24,auto,603
15092,S,2024-07-09,travel,USD 994
15093,S,2024-05-19,travel,658
15095,N,2024-05-21,health,670
15096,S,2024-03-28,auto,USD 482
15097,S,2024-02-04,home,816
15098,W,2024-11-15,auto,539
15099,W,2024-08-19,auto,781
15100,E,2024-05-30,travel,651
15101,S,2024-03-09,home,$790
15102,S,2024-04-29,health,635
15103,E,2024-05-15,travel,629
15104,W,2024-08-02,health,659
15105,E,2024-11-12,home,729
15106,N,2024-08-06,home,679
15107,S,2024-05-18,travel,466
15108,E,2024-03-08,travel,936
15109,W,2024-04-24,health,624
15110,W,2024-07-19,health,607
15111,W,2024-04-24,travel,"$1,119"
15112,N,2024-09-07,home,379
15113,W,2024-02-13,home,858
15114,W,2024-03-09,health,742
15115,N,2024-07-13,home,672
15116,S,2024-03-07,home,578
15117,E,2024-10-04,home,1175
15118,S,2024-09-04,home,727
15119,S,2024-04-13,auto,951
15120,E,2024-08-04,health,541
15121,W,2024-04-26,home,862
15122,W,2024-06-29,home,550
15123,S,2024-04-17,travel,510
15124,E,2024-04-29,health,$833
15125,W,2024-04-17,health,650
15126,N,2024-02-19,home,709
15127,E,2024-01-23,home,754
15128,W,2024-06-12,auto,1042
15129,N,2024-08-20,health,428
15130,E,2024-04-14,travel,730
15131,S,2024-07-24,health,USD 543
15132,E,2024-09-02,home,567
15133,E,2024-06-20,health,715
15135,E,2024-11-25,auto,656
15136,E,2024-11-24,travel,732
15138,W,2024-10-28,auto,907
15139,N,2024-02-02,auto,562
15140,N,2024-08-07,auto,958
15141,E,2024-07-12,health,664
15143,N,2024-05-28,health,585
15144,E,2024-05-16,health,826
15145,N,2024-10-09,health,892
15146,N,2024-01-21,travel,793
15147,N,2024-03-11,home,761
15148,S,2024-06-07,auto,491
15149,S,2024-06-18,health,813
15150,W,2024-02-27,auto,706
15151,E,2024-07-24,home,614
15152,N,2024-08-16,home,504
15153,S,2024-07-14,health,705
15154,W,2024-04-14,health,629
15155,W,2024-10-19,home,647
15156,S,2024-07-25,auto,598
15157,S,2024-01-20,travel,696
15158,N,2024-08-21,health,436
15159,E,2024-08-16,health,697
15160,N,2024-02-16,health,$446
15161,W,2024-09-03,health,751
15162,S,2024-10-28,auto,715
15163,E,2024-01-25,auto,$531
15164,E,2024-05-02,health,720
15165,E,2024-06-15,travel,1230
15166,N,2024-08-06,travel,443
15167,S,2024-04-09,auto,866
15168,S,2024-06-01,travel,943
15169,N,2024-08-09,auto,814
15170,E,2024-05-08,home,699
15171,W,2024-01-13,health,624
15172,N,2024-07-08,travel,650
15173,N,2024-07-25,health,732
15174,N,2024-03-10,home,484
15175,W,2024-11-26,auto,621
15176,W,2024-02-15,home,730
15177,S,2024-08-02,home,1011
15178,W,2024-05-23,health,861
15179,W,2024-10-16,health,564
15180,S,2024-02-03,health,642
15181,N,2024-09-02,home,626
15182,E,2024-08-09,health,550
15183,E,2024-08-23,auto,$815
15184,E,2024-05-28,auto,468
15185,W,2024-01-16,home,809
15186,W,2024-02-27,travel,514
15188,N,2024-01-22,health,584
15189,W,2024-08-21,health,524
15190,W,2024-10-20,health,677
15192,E,2024-01-06,home,591
15193,S,2024-01-14,health,562
15194,W,2024-06-16,travel,646
15195,N,2024-09-06,travel,652
15196,E,2024-02-16,home,604
15197,E,2024-07-31,auto,528
15198,N,2024-06-15,travel,908
15199,E,2024-11-15,auto,444
15200,N,2024-01-14,health,623
15201,W,2024-05-01,health,613
15202,S,2024-02-07,auto,618
15203,W,2024-11-10,health,951
15204,E,2024-01-27,travel,772
15205,E,2024-04-21,auto,662
15206,W,2024-04-21,home,877
15207,E,2024-08-25,home,716
15208,W,2024-05-11,home,490
15209,N,2024-11-05,auto,598
15210,E,2024-11-07,auto,543
15211,E,2024-06-25,health,917
15212,E,2024-10-20,home,892
15213,S,2024-09-27,home,720
15214,E,2024-07-08,travel,432
15215,S,2024-01-21,auto,500
15216,S,2024-09-27,home,664
15217,W,2024-01-21,auto,623
15219,N,2024-03-05,health,723
15220,N,2024-09-08,auto,935
15221,W,2024-03-04,health,554
15222,S,2024-02-26,home,651
15223,S,2024-01-08,health,865
15224,E,2024-10-22,travel,837
15225,N,2024-03-28,health,685
15226,N,2024-09-16,auto,949
15227,W,2024-05-10,auto,904
15228,E,2024-09-14,health,939
15229,S,2024-02-10,auto,$952
15230,N,2024-03-02,auto,677
15231,N,2024-08-16,travel,840
15232,E,2024-01-04,travel,752
15233,W,2024-03-04,home,577
15234,W,2024-03-26,home,$566
15235,S,2024-10-15,auto,1141
15236,S,2024-07-29,home,468
15237,E,2024-03-08,home,679
15238,N,2024-04-23,auto,369
15239,W,2024-03-13,auto,476
15240,S,2024-04-19,auto,560
15241,N,2024-02-10,health,805
15242,N,2024-06-21,travel,848
15243,E,2024-11-23,home,502
15244,W,2024-03-06,travel,622
15245,N,2024-03-09,travel,850
15246,W,2024-03-23,health,660
15247,N,2024-01-18,home,628
15248,N,2024-08-29,auto,692
15249,N,2024-03-21,home,857
15250,W,2024-05-17,health,750
15251,N,2024-06-18,health,809
15252,S,2024-05-04,travel,812
15253,E,2024-02-21,health,862
15254,W,2024-06-26,auto,476
15255,S,2024-07-20,home,607
15256,N,2024-11-01,health,548
15257,N,2024-10-19,health,$828
15258,W,2024-01-29,travel,704
15259,E,2024-09-08,health,569
15260,N,2024-02-23,home,431
15261,N,2024-03-15,home,$478
15262,W,2024-07-03,health,653
15263,S,2024-08-25,auto,743
15264,W,2024-05-05,home,$453
15265,S,2024-02-02,home,505
15266,W,2024-03-26,home,574
15267,W,2024-04-15,health,724
15268,W,2024-06-10,travel,704
15269,E,2024-10-22,home,730
15270,N,2024-09-18,auto,1235
15272,S,2024-06-27,auto,442
15273,E,2024-05-25,health,669
15274,N,2024-09-24,auto,803
15275,S,2024-01-26,health,744
15276,W,2024-05-25,health,593
15277,N,2024-06-21,home,714
15278,E,2024-02-03,auto,612
15279,E,2024-10-19,health,865
15280,S,2024-04-27,home,972
15281,E,2024-08-16,health,877
15282,W,2024-08-25,home,759
15283,E,2024-11-13,home,673
15284,W,2024-08-26,home,597
15285,S,2024-03-25,auto,652
15286,E,2024-11-18,home,513
15287,N,2024-09-05,auto,448
15288,N,2024-03-18,travel,USD 824
15289,E,2024-04-06,auto,614
15290,W,2024-05-31,home,828
15291,S,2024-06-03,travel,584
15292,E,2024-10-12,home,500
15293,N,2024-08-03,home,548
15294,E,2024-01-03,home,682
15295,E,2024-01-29,health,812
15296,W,2024-10-03,home,510
15297,N,2024-11-05,travel,617
15298,E,2024-09-03,travel,802
15299,E,2024-04-25,auto,789
15300,S,2024-08-02,auto,$539
15301,E,2024-10-23,travel,532
15302,N,2024-02-14,home,714
15303,W,2024-07-13,travel,$583
15304,N,2024-09-23,home,470
15305,E,2024-06-01,health,856
15306,E,2024-06-07,health,512
15307,E,2024-11-13,home,815
15308,N,2024-11-05,health,693
15309,W,2024-10-27,travel,USD 513
15310,N,2024-03-19,home,640
15311,W,2024-04-11,health,413
15312,N,2024-06-25,home,730
15313,S,2024-02-22,health,951
15314,N,2024-10-18,home,USD 751
15315,S,2024-04-01,home,593
15316,E,2024-01-18,auto,922
15317,N,2024-02-01,travel,730
15318,W,2024-04-23,travel,878
15319,W,2024-06-06,health,1003
15320,S,2024-05-10,health,625
15321,E,2024-06-27,home,672
15322,W,2024-01-01,auto,641
15323,E,2024-05-31,auto,495
15324,S,2024-10-31,travel,446
15325,S,2024-07-03,health,755
15326,E,2024-04-10,health,759
15327,E,2024-05-07,home,485
15328,W,2024-07-24,auto,762
15329,S,2024-05-16,health,907
15330,E,2024-08-27,travel,673
15331,W,2024-01-10,auto,800
15333,W,2024-11-03,travel,714
15334,S,2024-10-28,auto,546
15335,E,2024-11-22,health,757
15336,E,2024-01-12,health,734
15337,S,2024-04-11,home,USD 816
15338,W,2024-03-22,travel,616
15339,N,2024-07-29,travel,528
15340,E,2024-06-08,travel,473
15341,E,2024-11-05,travel,993
15342,N,2024-04-14,home,569
15343,N,2024-02-23,auto,787
15344,E,2024-04-28,auto,570
15345,W,2024-04-20,auto,917
15346,W,2024-04-11,travel,USD 531
15347,E,2024-07-18,health,664
15348,N,2024-01-08,auto,646
15349,S,2024-04-09,home,505
15350,W,2024-07-12,travel,747
15351,S,2024-01-06,health,740
15352,E,2024-04-25,travel,617
15353,N,2024-08-02,home,766
15354,N,2024-01-09,auto,851
15355,S,2024-06-05,home,$908
15356,W,2024-08-28,health,787
15357,S,2024-03-09,auto,484
15358,N,2024-01-11,health,500
15359,W,2024-01-22,travel,$818
15360,N,2024-01-19,home,768
15361,E,2024-09-30,health,USD 559
15362,E,2024-06-18,travel,572
15363,N,2024-10-22,auto,643
15364,W,2024-09-09,auto,580
15365,S,2024-04-30,home,564
15366,S,2024-10-23,auto,773
15367,N,2024-11-10,travel,728
15368,W,2024-09-11,home,933
15369,E,2024-02-25,home,634
15370,N,2024-05-13,auto,729
15371,W,2024-07-02,home,624
15372,E,2024-11-03,health,622
15373,E,2024-03-31,auto,748
15374,E,2024-09-20,travel,638
15375,N,2024-01-03,travel,726
15376,N,2024-05-01,home,929
15378,S,2024-08-30,auto,659
15379,E,2024-07-22,travel,871
15380,E,2024-06-14,home,$428
15381,W,2024-11-10,auto,605
15382,W,2024-09-03,home,658
15383,N,2024-08-16,health,693
15384,E,2024-07-10,auto,890
15385,W,2024-08-22,home,745
15386,N,2024-11-13,health,587
15387,W,2024-05-21,home,882
15388,S,2024-08-04,home,683
15389,S,2024-05-24,travel,622
15390,W,2024-05-25,home,649
15391,E,2024-10-17,health,963
15392,E,2024-10-19,home,524
15393,W,2024-07-01,health,USD 448
15394,E,2024-06-02,auto,798
15395,N,2024-07-01,home,737
15396,S,2024-03-30,travel,748
15397,W,2024-01-19,travel,685
15398,S,2024-02-16,auto,897
15399,E,2024-07-29,travel,951
15400,N,2024-11-14,travel,674
15402,E,2024-11-23,health,547
15403,N,2024-02-24,home,621
15404,W,2024-02-18,travel,785
15405,S,2024-01-16,home,851
15406,N,2024-04-26,home,573
15407,N,2024-06-14,health,734
15408,E,2024-09-30,home,785
15409,E,2024-09-09,travel,801
15410,E,2024-05-13,health,713
15411,E,2024-04-22,health,548
15412,S,2024-10-05,travel,482
15413,S,2024-10-21,auto,546
15414,N,2024-01-21,health,716
15415,S,2024-06-01,travel,486
15416,S,2024-04-15,health,653
15417,S,2024-03-22,home,601
15418,S,2024-10-13,health,572
15419,N,2024-09-22,auto,USD 585
15420,W,2024-06-30,travel,522
15421,W,2024-03-28,auto,$890
15422,S,2024-04-16,auto,568
15423,S,2024-07-30,travel,695
15424,W,2024-04-25,health,515
15425,E,2024-08-31,travel,920
15426,S,2024-06-05,home,USD 690
15427,S,2024-04-06,travel,552
15428,W,2024-06-15,auto,539
15429,N,2024-06-15,health,882
15430,E,2024-04-16,home,573
15431,E,2024-03-30,home,722
15432,W,2024-07-22,auto,857
15433,E,2024-04-21,home,604
15434,N,2024-11-09,auto,746
15435,N,2024-04-27,health,585
15436,W,2024-09-28,home,USD 627
15437,E,2024-11-09,home,569
15438,N,2024-09-03,home,615
15439,S,2024-09-10,health,501
15440,S,2024-07-24,health,668
15441,S,2024-06-27,auto,782
15442,N,2024-05-08,home,765
15443,S,2024-08-07,health,522
15444,N,2024-05-16,travel,702
15445,N,2024-09-30,home,873
15446,N,2024-01-26,health,593
15447,W,2024-01-13,health,739
15448,W,2024-07-03,auto,658
15449,W,2024-01-07,home,520
15450,N,2024-10-26,home,997
15451,E,2024-06-08,travel,699
15452,S,2024-06-14,travel,508
15453,E,2024-11-24,travel,622
15454,W,2024-02-07,travel,374
15455,S,2024-01-16,travel,637
15456,N,2024-11-18,auto,496
15457,W,2024-02-08,health,535
15458,N,2024-09-29,travel,577
15459,W,2024-08-30,auto,486
15460,S,2024-11-22,home,752
15461,E,2024-10-17,travel,952
15462,S,2024-03-14,home,$408
15463,S,2024-03-28,home,619
15464,W,2024-02-06,travel,632
15465,N,2024-02-10,auto,565
15466,E,2024-07-29,health,707
15467,S,2024-06-26,auto,879
15468,W,2024-07-24,auto,558
15469,E,2024-09-14,health,727
15470,N,2024-11-22,auto,1000
15471,W,2024-02-07,home,569
15473,S,2024-07-25,home,784
15474,W,2024-11-04,home,541
15475,N,2024-05-26,travel,694
15476,W,2024-03-24,home,477
15477,S,2024-02-03,health,878
15478,S,2024-09-01,auto,646
15479,W,2024-07-10,home,632
15480,W,2024-06-20,health,$844
15482,N,2024-05-14,home,920
15483,S,2024-05-31,health,$560
15484,E,2024-06-10,home,767
15485,S,2024-03-08,auto,472
15486,S,2024-06-07,travel,829
15487,S,2024-08-09,auto,902
15488,S,2024-07-12,health,615
15489,N,2024-05-23,health,849
15490,E,2024-03-25,auto,462
15491,W,2024-11-22,home,585
15492,N,2024-06-20,health,644
15493,E,2024-03-18,auto,USD 770
15494,W,2024-11-17,home,876
15495,N,2024-06-29,auto,555
15496,S,2024-09-25,home,723
15497,W,2024-02-06,health,512
15498,E,2024-08-05,health,732
15499,W,2024-05-25,health,541
15500,E,2024-09-22,health,589
15501,W,2024-04-12,travel,915
15502,W,2024-08-01,auto,416
15503,W,2024-07-15,travel,809
15504,W,2024-01-21,home,1190
15505,S,2024-03-01,health,787
15506,N,2024-06-05,home,960
15507,E,2024-01-17,auto,421
15508,S,2024-10-29,health,417
15509,S,2024-02-11,health,$857
15510,N,2024-10-24,travel,758
15511,S,2024-09-20,home,714
15512,E,2024-03-10,home,497
15513,E,2024-02-10,health,582
15514,E,2024-07-14,home,477
15515,S,2024-01-05,auto,673
15516,S,2024-03-27,health,401
15517,N,2024-08-14,health,720
15518,S,2024-05-23,auto,850
15519,N,2024-01-31,health,700
15520,N,2024-07-28,health,493
15521,N,2024-08-08,home,658
15522,W,2024-01-07,auto,$587
15523,W,2024-07-25,auto,621
15524,E,2024-08-18,health,USD 743
15525,S,2024-03-31,travel,545
15526,W,2024-01-05,health,798
15527,E,2024-04-24,health,491
15528,N,2024-10-24,travel,540
15529,W,2024-04-04,auto,USD 810
15530,N,2024-02-20,auto,713
15532,W,2024-09-10,travel,879
15533,S,2024-01-19,travel,417
15534,N,2024-03-22,travel,743
15535,N,2024-03-13,home,835
15536,E,2024-10-26,travel,657
15537,S,2024-06-23,health,569
15538,E,2024-03-03,travel,779
15539,N,2024-09-02,health,862
15540,S,2024-11-24,auto,547
15541,S,2024-03-26,travel,896
15542,W,2024-06-07,auto,726
15543,E,2024-03-05,travel,736
15544,W,2024-08-11,auto,931
15545,E,2024-05-07,health,1098
15546,N,2024-03-04,auto,631
15547,N,2024-05-11,auto,606
15548,E,2024-07-08,auto,682
15549,E,2024-03-10,auto,662
15550,S,2024-03-01,auto,890
15551,E,2024-01-11,travel,671
15552,N,2024-01-13,home,538
15553,E,2024-02-11,auto,577
15554,S,2024-07-13,health,645
15555,E,2024-01-29,travel,516
15556,E,2024-01-02,auto,895
15557,N,2024-08-04,health,932
15558,E,2024-07-08,home,504
15559,S,2024-06-02,travel,USD 634
15560,W,2024-10-11,home,612
15561,S,2024-04-12,travel,626
15562,N,2024-02-23,health,755
15563,N,2024-10-16,home,554
15564,E,2024-11-05,auto,504
15565,W,2024-04-04,health,USD 651
15566,E,2024-05-01,home,731
15567,S,2024-08-12,travel,443
15568,E,2024-05-27,travel,827
15569,N,2024-08-21,travel,538
15570,N,2024-07-03,home,818
15571,W,2024-09-07,auto,473
15572,N,2024-05-18,auto,1021
15573,W,2024-05-19,home,452
15574,S,2024-10-17,auto,781
15575,E,2024-03-13,health,551
15576,N,2024-08-02,auto,715
15577,S,2024-01-01,health,681
15578,S,2024-02-11,auto,USD 478
15579,W,2024-09-27,travel,749
15580,E,2024-09-19,travel,591
15581,N,2024-06-20,travel,379
15583,N,2024-03-30,health,524
15584,W,2024-06-29,travel,$695
15585,N,2024-04-28,health,453
15586,N,2024-05-12,health,501
15587,S,2024-11-26,health,786
15588,E,2024-07-01,travel,688
15589,N,2024-07-05,health,949
15590,N,2024-02-04,health,USD 407
15591,S,2024-11-05,auto,661
15592,N,2024-07-20,health,864
15593,N,2024-10-08,health,787
15594,N,2024-10-07,health,577
15595,N,2024-02-15,travel,470
15596,W,2024-01-06,travel,439
15597,E,2024-10-11,travel,524
15598,S,2024-09-10,travel,552
15600,E,2024-02-21,travel,USD 521
15601,E,2024-05-19,auto,786
15602,W,2024-04-28,auto,601
15603,S,2024-05-04,home,485
15604,S,2024-11-23,home,618
15605,E,2024-02-10,auto,640
15606,W,2024-09-11,health,536
15607,S,2024-03-14,health,484
15608,S,2024-02-29,home,623
15609,S,2024-05-03,travel,USD 863
15610,W,2024-07-14,health,707
15611,S,2024-06-22,auto,$773
15612,W,2024-05-11,auto,442
15613,N,2024-05-30,home,683
15614,N,2024-03-11,home,$915
15615,N,2024-07-09,health,589
15616,N,2024-08-21,auto,USD 604
15617,S,2024-09-06,home,499
15618,S,2024-10-09,auto,$547
15619,S,2024-04-02,home,911
15620,S,2024-10-21,home,736
15621,S,2024-11-11,home,USD 595
15622,N,2024-05-18,travel,554
15623,S,2024-01-25,auto,874
15624,S,2024-08-19,auto,706
15626,N,2024-10-01,health,570
15627,W,2024-02-26,travel,638
15629,E,2024-06-03,travel,797
15630,E,2024-09-18,auto,USD 528
15631,W,2024-05-02,home,787
15632,E,2024-05-20,auto,785
15633,W,2024-10-15,home,679
15634,W,2024-06-19,travel,675
15635,E,2024-07-04,health,503
15636,W,2024-05-24,auto,948
15637,N,2024-11-04,auto,840
15638,W,2024-07-30,health,516
15639,S,2024-08-23,travel,813
15640,W,2024-04-09,travel,773
15641,N,2024-04-17,home,USD 617
15642,W,2024-02-21,auto,733
15643,S,2024-06-21,home,467
15644,W,2024-09-19,home,648
15645,E,2024-03-15,health,584
15646,N,2024-03-27,home,654
15647,E,2024-11-06,home,USD 665
15648,E,2024-04-07,travel,742
15649,W,2024-10-22,travel,972
15650,W,2024-05-04,travel,1018
15651,S,2024-02-01,auto,800
15652,W,2024-09-22,health,803
15653,E,2024-05-12,health,758
15654,E,2024-09-06,travel,514
15655,S,2024-07-07,auto,643
15656,S,2024-01-21,auto,874
15657,S,2024-01-24,travel,438
15658,E,2024-11-20,auto,960
15659,S,2024-01-26,health,1006
15660,W,2024-05-01,travel,515
15661,W,2024-10-15,auto,1038
15662,S,2024-08-17,travel,669
15663,N,2024-10-03,home,516
15664,S,2024-07-09,travel,USD 436
15665,W,2024-08-04,health,789
15666,W,2024-11-17,home,656
15667,S,2024-01-04,health,618
15668,W,2024-01-27,auto,632
15669,N,2024-05-25,health,USD 716
15670,N,2024-10-27,health,450
15671,S,2024-06-16,home,870
15672,E,2024-03-05,auto,443
15673,W,2024-07-30,travel,588
15674,E,2024-01-25,home,799
15675,N,2024-03-04,auto,393
15676,N,2024-02-13,travel,682
15677,W,2024-06-13,travel,424
15678,E,2024-06-03,travel,457
15679,N,2024-11-07,home,667
15680,E,2024-09-10,home,1040
15681,S,2024-01-07,health,695
15682,N,2024-04-25,travel,$457
15683,W,2024-05-11,travel,729
15684,N,2024-03-22,auto,568
15685,E,2024-11-19,home,721
15686,N,2024-03-23,travel,699
15687,S,2024-11-14,travel,774
15688,S,2024-10-11,auto,620
15689,W,2024-09-15,auto,632
15690,E,2024-05-11,health,732
15691,W,2024-05-21,travel,911
15692,S,2024-03-31,auto,643
15693,W,2024-11-09,home,546
15694,S,2024-04-15,travel,683
15695,W,2024-08-14,auto,569
15696,W,2024-08-10,travel,508
15697,E,2024-05-18,auto,658
15698,N,2024-01-28,auto,672
15699,E,2024-08-13,health,559
15700,E,2024-03-08,health,651
15701,N,2024-01-26,travel,1065
15702,S,2024-10-29,home,1021
15703,E,2024-07-05,auto,837
15704,E,2024-11-26,health,512
15705,W,2024-06-13,home,606
15706,E,2024-03-20,home,524
15707,E,2024-02-22,home,516
15708,S,2024-03-06,health,597
15709,W,2024-07-26,health,599
15710,E,2024-05-16,health,593
15711,N,2024-08-08,health,598
15712,N,2024-02-16,home,1025
15713,N,2024-09-20,auto,524
15714,E,2024-05-20,home,579
15715,E,2024-04-23,home,$606
15716,S,2024-02-18,auto,1029
15717,N,2024-06-18,home,1243
15718,S,2024-02-02,home,859
15719,E,2024-05-29,auto,$987
15720,E,2024-01-15,home,949
15721,E,2024-04-10,home,797
15722,N,2024-09-13,health,548
15723,S,2024-04-02,auto,511
15724,N,2024-03-02,health,$676
15725,S,2024-08-23,home,602
15726,N,2024-11-10,auto,709
15727,N,2024-02-13,home,$642
15728,N,2024-04-29,home,922
15729,W,2024-01-16,auto,769
15731,W,2024-09-22,auto,536
15732,W,2024-03-01,health,531
15733,E,2024-04-30,travel,958
15734,N,2024-05-17,auto,607
15735,W,2024-09-20,home,988
15736,W,2024-08-11,home,734
15737,E,2024-10-02,home,743
15738,W,2024-02-06,travel,667
15739,W,2024-05-22,auto,783
15740,N,2024-05-05,travel,700
15741,S,2024-04-22,home,623
15742,E,2024-03-11,auto,$516
15743,W,2024-08-08,travel,832
15744,N,2024-11-19,auto,957
15745,W,2024-05-19,auto,428
15746,S,2024-03-17,auto,703
15747,S,2024-02-04,health,488
15748,N,2024-04-06,home,515
15749,W,2024-03-21,health,594
15750,E,2024-09-23,auto,833
15752,S,2024-04-05,health,714
15754,E,2024-08-26,travel,617
15755,N,2024-03-03,auto,428
15756,S,2024-01-25,auto,667
15757,N,2024-01-02,health,751
15759,N,2024-03-20,home,476
15760,N,2024-10-20,auto,528
15761,S,2024-06-09,health,737
15762,S,2024-05-17,health,473
15763,E,2024-04-10,health,791
15764,E,2024-02-09,travel,435
15765,N,2024-09-21,home,USD 762
15766,N,2024-06-03,home,739
15767,S,2024-03-01,auto,480
15768,W,2024-04-07,auto,669
15769,W,2024-04-16,health,541
15770,E,2024-05-12,health,$740
15771,W,2024-04-15,auto,619
15772,E,2024-01-28,travel,674
15773,S,2024-01-22,auto,560
15774,E,2024-08-22,health,667
15775,E,2024-09-21,travel,586
15776,S,2024-04-05,health,757
15778,W,2024-01-06,auto,747
15779,S,2024-04-26,travel,456
15780,W,2024-10-11,auto,707
15781,N,2024-06-06,travel,896
15782,S,2024-02-01,home,624
15783,W,2024-04-22,auto,"$1,056"
15785,E,2024-05-05,travel,497
15786,W,2024-10-08,travel,510
15788,E,2024-07-18,auto,712
15789,E,2024-11-16,health,848
15790,N,2024-04-20,home,776
15791,S,2024-04-05,auto,691
15792,E,2024-05-03,travel,1251
15793,E,2024-06-01,health,507
15794,N,2024-08-31,home,823
15795,N,2024-03-03,auto,681
15796,E,2024-08-22,health,655
15797,E,2024-08-25,auto,429
15798,S,2024-05-08,home,739
15799,S,2024-05-11,auto,665
15800,W,2024-03-27,home,741
15801,E,2024-03-19,health,614
15802,S,2024-09-09,auto,445
15803,S,2024-11-09,health,899
15804,E,2024-09-14,health,882
15805,E,2024-09-27,auto,511
15806,W,2024-03-20,health,558
15807,W,2024-10-11,auto,919
15808,N,2024-09-20,travel,1090
15809,W,2024-01-04,travel,526
15810,W,2024-07-12,travel,413
15812,N,2024-04-08,health,539
15813,S,2024-05-06,auto,$594
15814,N,2024-01-04,auto,743
15816,S,2024-11-19,auto,631
15817,W,2024-01-15,home,861
15818,S,2024-11-24,health,582
15819,W,2024-04-04,home,760
15820,S,2024-04-01,auto,USD 438
15821,E,2024-07-15,travel,$785
15822,E,2024-08-19,travel,929
15823,E,2024-07-30,home,543
15824,W,2024-03-08,travel,733
15825,S,2024-06-07,travel,863
15826,S,2024-07-28,auto,637
15827,N,2024-10-07,health,656
15828,W,2024-01-26,auto,565
15829,E,2024-11-05,travel,682
15830,S,2024-04-26,health,567
15831,W,2024-10-15,travel,719
15832,W,2024-08-31,auto,604
15833,S,2024-01-01,auto,1023
15835,W,2024-03-31,auto,493
15836,E,2024-06-16,auto,630
15837,E,2024-04-04,health,629
15838,W,2024-10-11,travel,552
15839,S,2024-04-29,travel,775
15840,E,2024-05-05,travel,743
15841,E,2024-07-16,auto,$776
15842,E,2024-06-01,health,631
15843,E,2024-11-09,travel,1111
15844,W,2024-05-02,auto,611
15845,E,2024-03-28,health,683
15846,E,2024-04-14,auto,$663
15847,W,2024-05-02,home,460
15848,W,2024-06-14,auto,860
15849,N,2024-02-11,health,897
15850,W,2024-03-07,home,941
15851,S,2024-06-07,home,761
15852,E,2024-09-25,health,817
15853,S,2024-06-27,health,593
15854,E,2024-10-31,auto,$636
15855,N,2024-07-30,home,1018
15856,N,2024-04-30,health,547
15857,W,2024-05-06,home,586
15858,W,2024-04-05,home,634
15859,N,2024-08-29,home,589
15860,S,2024-03-15,health,481
15861,S,2024-01-14,travel,619
15862,N,2024-02-14,travel,697
15863,N,2024-02-19,home,467
15864,N,2024-06-09,health,553
15865,W,2024-05-18,home,888
15866,W,2024-04-10,travel,751
15867,N,2024-09-24,travel,857
15868,W,2024-03-22,home,658
15870,N,2024-08-05,health,840
15871,E,2024-02-15,travel,995
15872,W,2024-07-27,auto,771
15873,N,2024-06-24,auto,$778
15874,W,2024-01-24,auto,825
15875,S,2024-01-26,health,789
15877,W,2024-08-03,travel,554
15878,E,2024-05-26,auto,$717
15879,W,2024-01-30,home,819
15880,E,2024-09-27,travel,580
15881,W,2024-03-28,travel,726
15882,W,2024-08-12,health,663
15883,S,2024-02-18,health,766
15885,W,2024-10-10,auto,723
15887,W,2024-09-01,home,529
15888,N,2024-04-13,travel,681
15889,S,2024-05-19,home,598
15890,S,2024-05-27,home,682
15891,E,2024-10-16,auto,588
15892,S,2024-02-16,travel,807
15893,N,2024-06-06,auto,534
15895,E,2024-01-25,health,817
15896,W,2024-07-28,travel,728
15897,W,2024-01-17,travel,800
15898,E,2024-11-12,travel,707
15899,W,2024-05-03,home,886
15900,S,2024-01-07,health,$724
15901,E,2024-08-14,home,748
15902,N,2024-08-12,auto,632
15903,E,2024-04-18,auto,829
15904,W,2024-06-29,home,616
15905,N,2024-05-26,health,646
15906,W,2024-01-14,health,869
15907,E,2024-01-02,auto,592
15908,N,2024-06-03,travel,617
15909,E,2024-10-25,health,606
15910,S,2024-01-21,health,682
15911,E,2024-11-22,health,755
15912,S,2024-01-22,auto,USD 536
15913,N,2024-02-20,travel,581
15914,W,2024-09-13,auto,$668
15915,E,2024-05-04,travel,970
15916,W,2024-07-25,home,790
15917,W,2024-09-22,travel,638
15918,E,2024-03-17,travel,$429
15919,N,2024-09-17,travel,564
15920,N,2024-05-31,home,928
15921,W,2024-11-18,travel,481
15922,N,2024-06-11,travel,$562
15923,S,2024-04-25,health,589
15924,N,2024-10-19,travel,726
15925,W,2024-04-11,home,591
15926,N,2024-07-29,home,1119
15927,E,2024-08-23,home,705
15928,W,2024-03-21,travel,562
15929,N,2024-11-12,travel,676
15930,N,2024-09-10,auto,408
15931,S,2024-01-12,travel,493
15932,W,2024-10-21,health,760
15933,W,2024-07-14,home,729
15934,W,2024-11-22,home,USD 474
15935,N,2024-11-25,health,903
15936,E,2024-03-03,home,513
15937,N,2024-05-11,travel,895
15938,W,2024-05-21,travel,667
15939,E,2024-09-18,auto,634
15940,E,2024-06-23,auto,645
15941,S,2024-01-26,travel,809
15942,S,2024-03-18,home,$515
15943,S,2024-02-12,home,487
15944,S,2024-04-11,travel,614
15945,N,2024-10-07,home,923
15947,S,2024-03-17,health,$629
15948,W,2024-11-07,home,705
15949,S,2024-05-24,health,548
15950,S,2024-07-11,home,623
15951,W,2024-03-20,travel,897
15952,W,2024-04-20,auto,$531
15953,N,2024-03-25,travel,540
15955,N,2024-10-17,home,447
15956,E,2024-08-28,auto,548
15957,E,2024-08-19,travel,940
15958,S,2024-03-31,auto,646
15959,N,2024-11-01,auto,670
15961,N,2024-02-27,travel,845
15962,W,2024-04-09,auto,401
15963,W,2024-04-10,auto,1284
15964,W,2024-05-27,health,961
15965,E,2024-03-09,travel,945
15966,E,2024-11-22,auto,519
15967,N,2024-07-29,health,789
15968,E,2024-09-18,auto,808
15969,S,2024-01-07,health,565
15970,S,2024-09-19,health,1058
15971,S,2024-01-10,auto,532
15972,W,2024-01-22,auto,524
15973,E,2024-04-02,auto,593
15975,N,2024-10-06,health,628
15976,E,2024-11-17,home,630
15977,S,2024-02-28,auto,677
15978,E,2024-02-02,travel,USD 833
15979,N,2024-09-03,travel,774
15980,N,2024-08-02,travel,849
15981,W,2024-07-09,travel,USD 864
15982,E,2024-09-15,travel,454
15983,E,2024-10-06,health,689
15984,N,2024-01-22,travel,485
15985,N,2024-05-16,home,689
15986,E,2024-01-17,health,USD 816
15987,E,2024-05-14,auto,664
15988,N,2024-10-01,home,$709
15989,W,2024-09-12,home,928
15990,N,2024-07-13,home,646
15991,S,2024-10-03,travel,680
15992,N,2024-01-02,health,545
15993,W,2024-11-05,travel,747
15994,E,2024-10-31,travel,569
15995,E,2024-03-17,health,661
15996,N,2024-05-21,home,667
15997,N,2024-06-19,home,634
15998,S,2024-05-25,health,$871
15999,E,2024-10-10,auto,346
16000,W,2024-03-26,travel,847
16001,W,2024-05-04,home,488
16002,N,2024-10-26,travel,829
16004,W,2024-05-15,travel,610
16005,W,2024-07-06,health,1274
16006,S,2024-02-17,health,621
16007,N,2024-07-01,travel,$783
16008,W,2024-02-08,health,489
16009,N,2024-11-17,travel,556
16010,W,2024-04-10,travel,USD 745
16011,W,2024-10-22,auto,450
16012,S,2024-11-10,auto,616
16013,S,2024-01-05,auto,1284
16014,W,2024-06-18,travel,843
16016,W,2024-01-17,auto,627
16017,N,2024-03-28,home,708
16018,E,2024-05-20,home,591
16019,W,2024-03-04,travel,608
16020,W,2024-06-02,health,696
16021,E,2024-01-14,home,890
16022,W,2024-04-20,travel,1189
16023,W,2024-02-23,travel,733
16024,W,2024-07-13,home,732
16025,S,2024-10-01,travel,836
16026,N,2024-03-16,health,517
16027,S,2024-06-03,home,702
16028,W,2024-02-26,auto,912
16029,W,2024-11-01,home,$470
16031,W,2024-03-25,travel,450
16032,E,2024-03-12,travel,404
16033,N,2024-09-15,health,590
16034,S,2024-02-16,auto,907
16035,S,2024-04-30,health,$713
16036,S,2024-02-09,travel,697
16037,E,2024-03-23,auto,748
16038,E,2024-02-13,travel,690
16039,S,2024-10-12,health,822
16040,S,2024-03-22,health,814
16041,E,2024-07-01,travel,613
16043,W,2024-01-22,auto,462
16044,S,2024-03-02,health,$590
16045,N,2024-03-17,health,USD 692
16046,S,2024-11-06,auto,651
16047,E,2024-07-20,travel,410
16048,N,2024-05-17,auto,475
16049,N,2024-07-01,travel,565
16050,S,2024-08-01,auto,653
16051,S,2024-03-14,home,645
16052,W,2024-09-05,travel,591
16053,N,2024-06-12,travel,828
16054,E,2024-08-08,health,954
16055,E,2024-09-02,auto,738
16056,E,2024-02-09,health,728
16057,W,2024-07-12,home,770
16058,W,2024-07-09,travel,610
16059,E,2024-04-03,travel,802
16060,N,2024-06-27,travel,515
16061,S,2024-06-28,health,723
16062,E,2024-05-02,travel,704
16063,S,2024-04-20,home,670
16064,W,2024-02-04,travel,811
16066,W,2024-03-24,travel,591
16067,E,2024-07-12,home,682
16068,S,2024-07-25,health,884
16069,E,2024-06-08,home,USD 913
16070,N,2024-06-18,home,652
16071,W,2024-01-13,travel,548
16072,E,2024-09-17,travel,884
16073,N,2024-11-19,auto,713
16074,E,2024-10-21,health,841
16075,S,2024-01-08,auto,678
16077,W,2024-09-05,home,$990
16078,N,2024-06-28,home,820
16079,E,2024-02-23,health,477
16080,S,2024-11-17,home,929
16081,N,2024-07-29,home,504
16082,N,2024-01-21,health,832
16083,S,2024-06-07,travel,599
16084,W,2024-04-19,health,619
16086,S,2024-04-23,home,513
16087,S,2024-09-28,travel,749
16088,N,2024-09-20,travel,785
16089,N,2024-03-26,travel,698
16090,E,2024-05-03,health,685
16091,E,2024-03-02,home,$653
16092,N,2024-10-03,travel,891
16093,S,2024-05-16,travel,632
16094,W,2024-08-03,auto,751
16095,S,2024-05-20,home,468
16096,W,2024-01-14,home,681
16097,W,2024-05-02,travel,875
16098,S,2024-09-13,home,774
16099,W,2024-10-15,auto,663
16100,N,2024-10-02,health,642
16101,W,2024-05-24,home,692
16102,N,2024-06-28,auto,636
16103,N,2024-07-24,auto,953
16104,S,2024-03-17,travel,$670
16105,E,2024-01-28,home,708
16106,W,2024-07-30,travel,596
16107,S,2024-04-06,travel,$949
16108,S,2024-02-01,home,556
16109,W,2024-01-25,health,694
16110,N,2024-01-25,travel,961
16111,W,2024-03-05,auto,USD 561
16112,E,2024-09-11,health,941
16113,W,2024-10-29,home,554
16114,S,2024-07-31,travel,411
16115,E,2024-04-18,travel,522
16116,W,2024-07-09,health,$735
16117,N,2024-08-05,health,1079
16118,E,2024-07-18,health,$593
16119,S,2024-10-07,travel,936
16120,E,2024-04-28,health,883
16121,S,2024-06-02,home,$646
16122,W,2024-07-22,travel,554
16123,N,2024-10-26,auto,691
16124,N,2024-05-02,travel,571
16125,E,2024-06-19,travel,695
16126,E,2024-10-07,health,585
16127,W,2024-06-26,auto,541
16128,S,2024-01-26,auto,788
16129,N,2024-01-20,travel,558
16130,N,2024-11-17,health,500
16131,N,2024-01-27,travel,497
16132,S,2024-05-03,auto,704
16133,N,2024-07-04,health,953
16134,E,2024-02-14,home,465
16135,N,2024-06-14,health,$616
16136,W,2024-02-24,health,730
16137,S,2024-11-23,home,721
16138,E,2024-01-06,home,548
16140,S,2024-02-18,auto,1066
16141,W,2024-08-14,health,USD 890
16142,S,2024-06-29,health,832
16143,S,2024-07-11,travel,516
16144,E,2024-02-04,auto,541
16145,E,2024-01-06,health,657
16146,W,2024-05-25,home,854
16147,W,2024-01-25,travel,663
16148,N,2024-04-18,home,793
16149,E,2024-07-26,health,614
16150,E,2024-04-18,home,881
16151,S,2024-02-21,travel,595
16152,W,2024-03-16,health,730
16153,E,2024-07-31,travel,$450
16154,N,2024-07-19,health,870
16155,E,2024-02-19,home,578
16156,E,2024-05-09,home,723
16157,W,2024-05-02,home,659
16158,N,2024-05-22,health,764
16159,N,2024-03-03,auto,USD 560
16160,E,2024-01-15,health,577
16161,E,2024-03-25,home,645
16162,E,2024-07-15,home,539
16163,W,2024-06-27,auto,486
16164,S,2024-01-17,auto,605
16166,E,2024-06-26,health,600
16167,S,2024-07-21,health,737
16168,W,2024-04-01,auto,616
16169,N,2024-07-04,auto,879
16171,W,2024-04-16,travel,934
16172,W,2024-05-30,auto,861
16173,S,2024-08-28,health,575
16175,N,2024-01-26,home,471
16177,N,2024-05-07,auto,761
16178,N,2024-08-25,home,596
16179,E,2024-10-04,home,$547
16180,N,2024-08-31,health,789
16181,N,2024-02-07,auto,$686
16182,E,2024-03-15,auto,666
16183,N,2024-09-24,health,540
16184,N,2024-01-08,travel,459
16185,S,2024-06-17,auto,968
16186,S,2024-06-07,travel,427
16187,E,2024-10-10,travel,720
16188,W,2024-06-22,auto,701
16190,N,2024-08-30,travel,570
16191,N,2024-07-26,home,735
16192,N,2024-05-07,home,681
16193,N,2024-02-09,auto,646
16194,W,2024-06-21,auto,624
16195,E,2024-06-22,auto,869
16196,W,2024-01-06,auto,598
16197,E,2024-08-01,travel,695
16198,E,2024-07-29,health,$584
16200,S,2024-02-01,auto,542
16201,S,2024-06-03,auto,548
16202,S,2024-02-14,travel,865
16203,S,2024-02-20,auto,636
16204,E,2024-07-05,health,459
16205,S,2024-08-05,auto,741
16207,E,2024-09-20,health,535
16208,E,2024-09-01,auto,810
16209,N,2024-07-11,travel,628
16210,W,2024-04-08,travel,939
16211,S,2024-06-09,home,790
16212,W,2024-09-09,home,745
16214,E,2024-11-10,health,1136
16215,E,2024-09-25,auto,533
16216,E,2024-01-27,travel,759
16217,E,2024-05-04,travel,482
16218,S,2024-07-14,travel,680
16219,W,2024-03-28,home,466
16220,W,2024-03-31,home,723
16221,W,2024-08-22,auto,690
16222,S,2024-07-19,auto,520
16223,N,2024-06-10,auto,459
16224,S,2024-05-31,auto,617
16226,N,2024-04-30,home,1017
16227,W,2024-06-09,home,506
16228,E,2024-01-31,home,847
16229,N,2024-01-15,travel,720
16230,S,2024-03-07,health,865
16231,E,2024-09-10,travel,881
16232,N,2024-10-25,travel,638
16234,S,2024-05-05,travel,481
16235,W,2024-11-18,home,629
16236,N,2024-02-04,health,515
16237,N,2024-03-18,travel,USD 763
16238,W,2024-02-21,home,647
16239,N,2024-10-01,home,USD 847
16240,S,2024-06-17,home,630
16241,E,2024-03-04,travel,USD 571
16242,E,2024-05-04,travel,341
16243,W,2024-02-13,travel,434
16244,W,2024-06-12,health,797
16245,E,2024-02-20,travel,788
16246,N,2024-06-01,auto,453
16247,E,2024-09-08,home,675
16248,E,2024-01-08,auto,768
16249,S,2024-09-15,travel,554
16250,S,2024-03-18,health,633
16251,E,2024-07-24,travel,523
16252,E,2024-07-31,travel,USD 598
16253,W,2024-05-26,home,725
16254,W,2024-01-25,auto,728
16255,W,2024-02-23,health,945
16256,S,2024-08-12,auto,533
16257,E,2024-07-26,travel,667
16258,E,2024-05-16,health,566
16259,N,2024-09-06,auto,957
16260,E,2024-08-19,health,548
16261,N,2024-04-23,auto,639
16262,N,2024-06-07,travel,826
16263,W,2024-01-26,travel,603
16264,W,2024-06-27,auto,738
16265,S,2024-09-19,health,$825
16266,N,2024-04-05,travel,741
16267,S,2024-01-29,health,1031
16268,N,2024-09-24,travel,668
16269,N,2024-10-18,health,516
16270,N,2024-06-02,health,821
16271,N,2024-11-17,auto,591
16272,S,2024-02-18,travel,845
16274,W,2024-07-06,home,586
16275,N,2024-07-04,health,596
16276,S,2024-09-27,auto,585
16277,E,2024-03-02,home,531
16278,W,2024-01-15,auto,482
16279,S,2024-03-26,travel,655
16281,E,2024-04-03,home,$910
16282,N,2024-03-31,health,557
16284,W,2024-10-03,travel,706
16285,S,2024-01-16,home,669
16286,E,2024-05-28,travel,626
16287,N,2024-01-05,auto,$827
16288,N,2024-06-29,auto,735
16289,S,2024-01-07,health,698
16290,S,2024-03-23,auto,628
16292,S,2024-08-05,auto,610
16293,N,2024-08-29,auto,749
16294,N,2024-03-10,auto,USD 581
16295,W,2024-01-04,home,935
16296,W,2024-08-23,health,910
16297,S,2024-08-15,auto,705
16298,S,2024-07-01,health,864
16299,N,2024-10-28,auto,625
16300,W,2024-03-27,home,700
16301,E,2024-09-21,home,576
16302,E,2024-01-22,health,643
16303,S,2024-06-20,health,664
16304,W,2024-11-23,travel,624
16305,S,2024-05-23,health,798
16306,N,2024-01-01,auto,619
16307,E,2024-05-25,health,815
16309,E,2024-04-03,auto,764
16310,W,2024-11-04,health,670
16311,E,2024-10-17,health,569
16312,W,2024-06-11,home,592
16313,N,2024-07-17,auto,704
16314,N,2024-01-19,health,638
16316,W,2024-02-28,auto,853
16317,S,2024-03-10,auto,940
16318,E,2024-08-07,auto,995
16319,W,2024-01-15,auto,540
16320,E,2024-10-21,travel,665
16321,N,2024-06-20,health,398
16322,S,2024-02-06,health,466
16323,E,2024-01-27,auto,864
16324,E,2024-09-14,home,$717
16325,E,2024-06-17,auto,461
16326,W,2024-10-05,home,473
16327,N,2024-03-25,auto,"$1,093"
16328,E,2024-01-25,auto,595
16329,W,2024-09-01,travel,831
16330,N,2024-05-03,home,490
16331,S,2024-08-09,auto,1171
16332,W,2024-06-07,home,481
16333,N,2024-09-20,home,626
16334,S,2024-08-18,travel,"$1,023"
16335,E,2024-05-01,health,821
16336,E,2024-11-21,home,USD 703
16337,N,2024-09-22,travel,679
16339,N,2024-09-02,travel,677
16340,S,2024-02-04,home,989
16341,W,2024-06-15,travel,800
16342,W,2024-03-16,health,$609
16344,N,2024-08-18,home,486
16345,N,2024-10-21,health,613
16346,W,2024-04-02,home,699
16347,S,2024-11-11,health,500
16348,E,2024-09-05,travel,815
16349,W,2024-01-17,home,534
16350,N,2024-05-29,travel,606
16351,N,2024-09-13,travel,638
16352,E,2024-07-31,travel,USD 613
16353,S,2024-02-15,health,535
16354,N,2024-09-21,auto,1070
16355,E,2024-10-24,auto,385
16356,E,2024-01-16,auto,826
16357,E,2024-02-09,health,505
16358,E,2024-06-04,travel,488
16359,W,2024-06-07,health,549
16360,E,2024-05-17,health,USD 1039
16361,W,2024-07-11,home,USD 713
16362,W,2024-09-27,travel,764
16363,E,2024-03-30,auto,923
16364,W,2024-06-17,health,684
16365,W,2024-11-07,home,780
16366,W,2024-06-24,health,720
16367,W,2024-10-08,health,985
16368,E,2024-05-23,travel,474
16369,E,2024-05-24,health,551
16370,N,2024-07-23,home,571
16371,N,2024-07-26,home,858
16372,W,2024-07-22,health,501
16373,S,2024-02-17,health,501
16374,E,2024-05-19,health,573
16375,E,2024-10-02,auto,568
16376,E,2024-09-22,home,847
16377,E,2024-11-12,home,845
16378,S,2024-07-19,home,795
16379,E,2024-04-12,auto,747
16380,N,2024-05-29,health,492
16381,E,2024-11-18,health,827
16382,N,2024-05-09,auto,698
16383,E,2024-07-07,travel,534
16384,W,2024-04-21,home,844
16385,E,2024-02-15,auto,$665
16386,S,2024-09-05,auto,683
16387,N,2024-02-12,travel,509
16388,E,2024-01-30,auto,653
16389,E,2024-11-08,home,912
16390,E,2024-11-04,travel,678
16391,E,2024-02-07,auto,722
16392,E,2024-06-27,travel,727
16393,W,2024-11-21,travel,USD 558
16394,W,2024-03-25,travel,644
16395,S,2024-01-16,auto,886
16396,N,2024-04-30,health,762
16397,E,2024-06-17,home,704
16398,E,2024-07-28,home,714
16399,E,2024-10-07,travel,587
16400,S,2024-10-22,home,516
16401,N,2024-02-23,health,571
16402,S,2024-01-28,travel,810
16403,N,2024-06-05,home,742
16404,S,2024-04-30,travel,$596
16406,S,2024-08-15,auto,519
16407,W,2024-03-22,health,715
16408,W,2024-02-26,travel,590
16409,E,2024-01-22,travel,903
16410,E,2024-03-05,auto,508
16411,W,2024-11-24,home,1121
16412,S,2024-03-04,home,586
16413,N,2024-09-25,home,342
16414,N,2024-10-28,health,572
16415,S,2024-03-03,auto,591
16416,S,2024-05-07,travel,864
16417,E,2024-06-12,health,743
16418,W,2024-09-12,auto,882
16419,E,2024-07-19,home,597
16420,W,2024-02-14,home,633
16421,N,2024-08-29,travel,740
16422,E,2024-03-29,auto,715
16423,S,2024-03-11,auto,523
16424,S,2024-06-20,travel,750
16425,E,2024-04-24,auto,585
16426,N,2024-07-12,health,1137
16427,E,2024-03-02,health,USD 793
16428,S,2024-04-19,home,834
16429,N,2024-05-01,auto,836
16430,E,2024-07-20,travel,476
16431,E,2024-10-27,auto,735
16432,S,2024-01-21,home,664
16433,W,2024-01-09,travel,878
16434,E,2024-11-06,auto,759
16435,W,2024-11-12,home,644
16436,N,2024-10-27,travel,848
16437,E,2024-09-06,auto,541
16438,S,2024-10-13,travel,USD 716
16439,N,2024-04-26,travel,467
16440,W,2024-05-18,travel,533
16441,N,2024-01-10,health,733
16442,S,2024-04-04,health,752
16444,N,2024-11-14,travel,704
16445,N,2024-10-04,home,742
16446,N,2024-10-12,health,635
16447,W,2024-03-02,travel,660
16448,E,2024-08-27,auto,707
16449,E,2024-11-06,home,1188
16450,W,2024-02-23,home,664
16451,N,2024-06-11,travel,766
16452,W,2024-03-20,home,578
16453,N,2024-11-15,travel,789
16454,N,2024-01-12,home,499
16455,E,2024-09-13,health,1078
16456,W,2024-03-02,health,599
16457,W,2024-03-03,travel,411
16458,N,2024-06-05,health,754
16459,S,2024-10-19,travel,568
16461,E,2024-01-05,auto,477
16462,E,2024-07-10,travel,455
16463,S,2024-02-11,auto,658
16464,W,2024-08-22,travel,591
16465,E,2024-11-03,health,435
16466,E,2024-03-14,travel,$765
16467,N,2024-05-29,auto,758
16469,S,2024-02-26,health,707
16470,S,2024-05-03,health,648
16471,N,2024-04-20,travel,974
16472,E,2024-01-29,home,470
16473,W,2024-04-02,auto,818
16474,E,2024-11-16,health,1128
16475,W,2024-08-29,auto,865
16476,W,2024-01-21,home,692
16477,E,2024-02-11,auto,435
16478,W,2024-09-14,travel,720
16479,N,2024-11-01,home,792
16480,S,2024-03-05,health,730
16481,E,2024-10-29,home,811
16482,E,2024-05-09,auto,535
16483,W,2024-06-24,health,538
16484,N,2024-09-02,travel,815
16485,E,2024-02-25,health,802
16486,E,2024-03-18,health,711
16487,N,2024-06-11,health,1042
16488,E,2024-09-17,home,1029
16489,N,2024-09-03,auto,507
16490,S,2024-07-02,travel,840
16491,N,2024-10-24,travel,888
16492,N,2024-01-04,auto,628
16493,W,2024-08-16,travel,739
16494,S,2024-06-15,auto,$711
16495,W,2024-03-04,auto,815
16496,W,2024-04-19,home,895
16497,W,2024-01-17,health,522
16498,W,2024-09-29,travel,771
16499,W,2024-04-10,health,667
16500,N,2024-03-20,travel,943
16501,W,2024-05-27,auto,509
16502,S,2024-09-30,home,931
16503,N,2024-02-16,travel,557
16504,N,2024-01-10,auto,970
16505,S,2024-05-12,travel,691
16506,W,2024-10-29,auto,763
16507,E,2024-06-19,auto,466
16508,W,2024-05-14,auto,641
16509,E,2024-07-23,health,686
16510,S,2024-02-02,home,741
16511,N,2024-05-13,health,593
16512,S,2024-11-02,home,714
16513,E,2024-09-28,home,623
16514,E,2024-08-04,auto,603
16515,W,2024-07-19,home,500
16516,W,2024-11-24,auto,775
16517,W,2024-10-28,health,555
16518,S,2024-03-02,travel,USD 497
16520,E,2024-07-18,health,422
16521,E,2024-11-03,home,580
16522,N,2024-01-19,home,961
16523,N,2024-07-14,auto,729
16524,N,2024-02-06,travel,499
16525,N,2024-04-08,health,825
16526,E,2024-05-11,home,850
16527,E,2024-11-14,auto,792
16528,N,2024-11-05,home,705
16529,N,2024-01-10,auto,USD 597
16530,S,2024-05-21,home,$794
16532,N,2024-07-12,home,703
16533,S,2024-08-20,home,659
16534,S,2024-08-27,home,788
16535,E,2024-07-30,health,415
16536,E,2024-07-05,home,703
16537,W,2024-07-04,travel,958
16538,N,2024-09-27,travel,531
16539,S,2024-06-25,health,425
16540,E,2024-05-25,auto,471
16541,W,2024-10-20,home,538
16542,N,2024-06-07,home,628
16543,N,2024-04-03,health,696
16544,N,2024-07-13,travel,607
16545,S,2024-03-25,travel,584
16546,N,2024-07-13,travel,517
16547,N,2024-09-20,travel,720
16548,S,2024-01-06,home,719
16549,N,2024-10-23,auto,582
16550,E,2024-08-25,auto,845
16551,E,2024-02-10,travel,895
16552,E,2024-05-03,health,544
16553,W,2024-02-28,auto,550
16554,E,2024-01-29,health,466
16555,W,2024-05-30,home,748
16556,S,2024-11-07,home,$594
16557,E,2024-05-24,home,666
16558,E,2024-01-21,home,$637
16559,N,2024-02-21,home,966
16560,E,2024-02-24,auto,$673
16561,W,2024-04-09,health,746
16562,E,2024-02-16,auto,412
16563,E,2024-07-04,health,712
16564,N,2024-11-09,home,409
16565,E,2024-09-04,auto,928
16566,S,2024-04-15,auto,687
16567,S,2024-02-02,auto,524
16568,S,2024-01-26,home,1010
16569,N,2024-07-14,travel,578
16570,W,2024-05-23,auto,676
16571,E,2024-03-24,home,890
16572,E,2024-04-11,home,721
16573,N,2024-06-06,auto,647
16574,N,2024-07-30,auto,711
16575,E,2024-04-18,health,$793
16576,W,2024-08-22,home,USD 933
16577,W,2024-10-14,travel,1020
16578,S,2024-05-22,home,706
16579,W,2024-05-30,auto,670
16580,E,2024-08-14,travel,603
16581,E,2024-01-22,home,573
16584,E,2024-11-16,home,636
16585,S,2024-03-05,health,770
16586,S,2024-04-27,travel,759
16587,E,2024-06-29,health,569
16588,N,2024-07-23,health,780
16589,S,2024-03-10,home,1091
16590,S,2024-02-06,health,621
16591,E,2024-10-30,auto,820
16592,S,2024-01-07,health,$852
16594,N,2024-08-14,health,908
16595,S,2024-02-21,travel,688
16596,W,2024-10-21,health,1023
16598,E,2024-03-09,home,613
16599,E,2024-06-26,auto,885
16600,N,2024-03-31,health,541
16601,S,2024-06-21,health,641
16602,N,2024-02-15,auto,589
16603,N,2024-02-23,auto,448
16604,W,2024-06-28,health,895
16605,E,2024-02-27,home,816
16606,W,2024-03-26,health,536
16607,W,2024-11-14,auto,607
16608,W,2024-05-09,home,649
16609,E,2024-10-26,auto,914
16610,S,2024-08-16,health,498
16611,S,2024-01-09,travel,652
16612,E,2024-07-18,health,456
16613,W,2024-09-12,travel,$635
16614,S,2024-08-26,auto,525
16615,N,2024-04-11,auto,571
16616,S,2024-06-13,health,513
16617,W,2024-01-17,home,677
16618,S,2024-06-16,health,692
16619,N,2024-04-14,home,745
16620,E,2024-11-19,home,773
16621,S,2024-06-05,travel,833
16622,W,2024-01-17,auto,844
16623,N,2024-03-30,travel,585
16624,S,2024-05-15,home,700
16625,E,2024-02-17,auto,603
16626,N,2024-07-10,travel,452
16627,E,2024-06-29,home,662
16628,E,2024-03-24,health,$930
16629,S,2024-03-17,health,781
16630,N,2024-07-14,auto,735
16631,W,2024-07-16,health,565
16632,W,2024-06-29,home,966
16633,W,2024-11-18,auto,USD 539
16634,E,2024-02-23,auto,736
16635,W,2024-11-12,home,678
16636,N,2024-10-26,auto,671
16637,N,2024-08-19,auto,1045
16639,W,2024-03-20,health,467
16640,N,2024-06-22,home,641
16641,W,2024-09-24,travel,$593
16642,N,2024-03-03,health,576
16643,E,2024-02-15,auto,596
16644,W,2024-02-27,health,835
16645,S,2024-09-15,home,604
16646,E,2024-10-18,home,908
16647,S,2024-10-12,auto,475
16648,E,2024-05-04,auto,489
16649,N,2024-09-07,travel,641
16650,E,2024-10-26,travel,553
16651,E,2024-05-27,health,881
16652,E,2024-08-01,health,462
16653,W,2024-01-03,health,620
16654,N,2024-08-08,health,831
16655,W,2024-07-14,health,751
16656,S,2024-07-29,home,672
16657,E,2024-02-07,health,655
16658,W,2024-09-05,home,536
16659,W,2024-03-02,auto,908
16660,N,2024-05-09,travel,USD 829
16661,E,2024-03-04,auto,732
16662,S,2024-05-22,home,582
16663,W,2024-05-25,auto,741
16664,E,2024-10-03,auto,1050
16665,N,2024-07-25,auto,$914
16666,N,2024-07-22,home,$877
16667,E,2024-02-20,auto,816
16668,E,2024-02-18,health,478
16669,W,2024-05-27,auto,571
16670,S,2024-06-09,home,758
16671,S,2024-03-29,travel,564
16672,W,2024-08-09,travel,$551
16673,N,2024-01-08,travel,950
16674,N,2024-01-16,home,555
16675,W,2024-01-24,health,608
16676,W,2024-07-08,auto,"$1,111"
16677,S,2024-01-15,travel,661
16678,S,2024-02-15,travel,549
16679,N,2024-02-23,health,$552
16680,E,2024-10-12,home,587
16681,N,2024-06-25,health,796
16682,W,2024-05-20,travel,566
16683,S,2024-06-06,health,548
16684,N,2024-04-30,auto,483
16685,S,2024-10-03,health,674
16686,S,2024-05-24,health,611
16687,S,2024-01-15,health,752
16688,E,2024-10-08,health,USD 640
16689,E,2024-02-18,health,662
16690,S,2024-08-16,auto,$593
16691,E,2024-05-30,home,936
16692,W,2024-06-21,travel,874
16694,N,2024-07-25,auto,576
16695,N,2024-09-19,travel,595
16696,S,2024-06-05,auto,593
16697,W,2024-07-08,travel,567
16698,N,2024-10-21,auto,491
16699,S,2024-03-10,auto,USD 843
16700,E,2024-03-27,health,$867
16701,E,2024-05-22,travel,727
16702,S,2024-04-23,auto,741
16703,W,2024-03-15,auto,1092
16704,E,2024-01-27,health,979
16705,N,2024-08-16,travel,776
16706,W,2024-05-16,health,667
16708,N,2024-01-29,health,604
16709,S,2024-04-10,health,779
16710,E,2024-06-04,home,530
16711,E,2024-05-11,home,520
16712,W,2024-05-04,travel,628
16713,N,2024-08-11,health,1094
16714,S,2024-10-08,auto,722
16715,W,2024-07-16,travel,855
16716,N,2024-01-25,health,397
16717,E,2024-11-26,health,724
16718,W,2024-09-17,home,787
16719,E,2024-02-16,travel,USD 748
16720,W,2024-05-18,health,974
16721,E,2024-07-02,home,646
16722,E,2024-07-01,health,704
16723,N,2024-06-20,travel,868
16724,S,2024-04-06,health,719
16725,N,2024-07-20,travel,751
16726,E,2024-10-04,home,792
16727,N,2024-04-03,auto,859
16728,W,2024-01-12,health,1018
16729,E,2024-05-16,travel,723
16730,E,2024-11-06,travel,953
16731,W,2024-10-18,health,678
16732,S,2024-05-05,health,702
16733,W,2024-02-06,health,532
16734,W,2024-06-22,auto,686
16735,W,2024-08-03,auto,583
16736,W,2024-05-27,home,641
16737,E,2024-08-29,travel,899
16739,E,2024-09-28,travel,724
16740,N,2024-09-04,travel,623
16741,E,2024-03-06,home,USD 922
16742,S,2024-09-30,travel,$781
16743,E,2024-03-28,travel,664
16744,N,2024-03-30,travel,996
16745,S,2024-03-13,health,859
16746,W,2024-08-25,home,402
16747,E,2024-08-14,health,$482
16748,N,2024-09-10,auto,743
16749,W,2024-02-09,travel,417
16750,W,2024-06-05,auto,475
16751,S,2024-06-19,auto,582
16752,N,2024-07-14,travel,739
16754,W,2024-10-17,health,825
16755,N,2024-08-23,auto,861
16756,N,2024-05-15,travel,899
16757,N,2024-11-25,health,549
16758,S,2024-10-22,travel,737
16759,W,2024-05-15,auto,519
16760,W,2024-05-11,travel,742
16761,E,2024-02-03,auto,626
16762,E,2024-08-15,auto,USD 689
16763,W,2024-08-05,home,707
16764,N,2024-08-07,health,821
16765,E,2024-05-08,travel,660
16766,W,2024-06-08,home,729
16767,W,2024-07-06,health,515
16768,E,2024-04-09,health,1009
16769,E,2024-06-16,travel,783
16770,S,2024-04-25,travel,610
16771,E,2024-07-20,auto,686
16772,E,2024-11-19,auto,444
16773,N,2024-05-25,home,643
16774,W,2024-08-27,health,578
16775,S,2024-09-15,home,USD 615
16776,S,2024-05-19,auto,476
16777,E,2024-04-29,auto,717
16778,N,2024-07-06,auto,1134
16779,E,2024-04-04,home,703
16780,N,2024-03-22,travel,833
16781,S,2024-01-18,auto,694
16782,E,2024-05-15,home,573
16783,N,2024-02-15,home,966
16784,N,2024-01-08,health,466
16785,E,2024-05-28,health,571
16787,E,2024-02-09,health,687
16788,W,2024-05-15,travel,687
16789,N,2024-04-18,home,431
16790,S,2024-06-12,health,793
16791,E,2024-02-04,home,470
16792,S,2024-03-30,health,795
16793,W,2024-02-22,travel,952
16794,N,2024-11-14,home,636
16795,S,2024-08-11,health,504
16796,S,2024-04-28,auto,728
16797,N,2024-04-13,auto,667
16798,E,2024-09-19,auto,598
16799,S,2024-08-24,auto,702
16800,E,2024-07-06,travel,573
16801,W,2024-05-02,health,751
16802,E,2024-09-23,travel,905
16803,S,2024-06-10,health,618
16804,W,2024-09-27,auto,668
16805,N,2024-02-17,auto,544
16806,E,2024-11-17,home,829
16807,W,2024-03-27,health,637
16808,S,2024-09-09,auto,598
16809,S,2024-07-22,health,610
16810,N,2024-07-10,health,$659
16811,N,2024-09-08,home,428
16812,N,2024-08-14,auto,693
16813,N,2024-02-24,health,650
16814,E,2024-07-14,travel,771
16815,W,2024-08-01,travel,511
16816,S,2024-04-07,travel,658
16817,N,2024-02-09,home,786
16818,N,2024-11-11,health,555
16819,N,2024-09-28,auto,755
16820,S,2024-03-06,home,648
16821,S,2024-07-18,health,900
16823,S,2024-09-07,auto,$619
16824,S,2024-05-16,travel,566
16825,E,2024-04-20,home,763
16826,E,2024-07-05,auto,469
16827,E,2024-04-05,travel,464
16828,E,2024-04-07,home,461
16829,N,2024-03-01,travel,519
16830,N,2024-05-09,home,513
16831,S,2024-01-13,travel,909
16833,E,2024-03-08,home,$799
16834,E,2024-03-24,home,623
16835,N,2024-02-23,travel,627
16836,E,2024-05-23,health,574
16837,S,2024-04-24,travel,798
16838,S,2024-05-30,health,$773
16839,S,2024-11-12,health,826
16840,W,2024-05-28,home,702
16841,W,2024-01-10,travel,$750
16842,N,2024-10-12,health,USD 599
16843,W,2024-05-21,travel,628
16844,S,2024-06-14,auto,820
16845,W,2024-11-05,home,970
16846,E,2024-11-22,home,495
16847,W,2024-03-08,travel,USD 653
16848,S,2024-10-22,auto,642
16849,N,2024-09-21,travel,622
16850,S,2024-03-18,home,532
16851,S,2024-04-26,health,862
16853,W,2024-07-20,health,621
16854,W,2024-11-05,travel,382
16855,W,2024-03-16,home,790
16856,W,2024-07-18,home,572
16857,S,2024-07-14,travel,496
16858,N,2024-08-29,travel,621
16859,N,2024-01-05,auto,823
16860,E,2024-09-08,travel,663
16861,S,2024-06-03,health,749
16862,W,2024-08-15,auto,677
16863,N,2024-10-18,health,520
16864,E,2024-04-16,travel,623
16865,N,2024-01-20,health,924
16866,S,2024-11-14,health,990
16867,W,2024-05-24,auto,706
16868,S,2024-05-20,auto,1003
16869,N,2024-06-19,auto,1107
16870,N,2024-01-01,home,644
16871,E,2024-03-13,health,553
16873,N,2024-01-16,health,742
16874,N,2024-04-26,health,712
16875,W,2024-06-01,home,745
16876,E,2024-09-07,auto,$622
16877,E,2024-08-19,home,846
16878,S,2024-11-25,travel,637
16879,E,2024-02-19,home,519
16880,E,2024-08-05,travel,817
16881,S,2024-02-12,health,659
16882,N,2024-02-28,auto,679
16883,E,2024-02-10,health,577
16884,S,2024-09-01,home,747
16885,E,2024-05-15,home,666
16886,E,2024-05-26,health,707
16887,N,2024-07-04,health,678
16888,S,2024-11-03,travel,863
16889,N,2024-02-16,health,744
16890,S,2024-10-22,travel,633
16891,N,2024-01-27,home,701
16892,W,2024-03-30,travel,914
16893,E,2024-05-17,travel,798
16894,S,2024-11-01,home,559
16895,W,2024-05-04,auto,644
16896,S,2024-09-05,travel,632
16897,W,2024-06-02,auto,594
16898,E,2024-03-05,auto,431
16899,N,2024-09-11,auto,696
16900,W,2024-03-31,auto,$637
16901,E,2024-08-12,auto,826
16902,E,2024-03-31,auto,1132
16903,W,2024-08-01,health,$539
16904,S,2024-03-15,auto,643
16905,N,2024-05-12,travel,903
16906,S,2024-03-06,home,564
16907,E,2024-06-17,auto,772
16908,W,2024-10-23,home,499
16909,S,2024-11-07,health,703
16910,N,2024-02-02,health,750
16911,E,2024-07-21,travel,544
16912,E,2024-11-21,travel,637
16913,W,2024-06-09,auto,449
16914,S,2024-09-17,health,429
16915,E,2024-01-01,travel,937
16916,N,2024-02-06,health,830
16917,S,2024-06-17,health,775
16918,W,2024-05-02,health,USD 519
16919,S,2024-09-14,home,USD 679
16921,E,2024-02-13,travel,427
16922,N,2024-04-16,health,826
16924,S,2024-11-20,auto,560
16925,E,2024-01-16,auto,1017
16926,S,2024-04-04,home,548
16927,N,2024-05-13,travel,1023
16929,N,2024-01-03,health,506
16930,W,2024-04-07,home,646
16931,N,2024-08-19,auto,749
16932,S,2024-01-18,travel,746
16933,E,2024-03-13,health,554
16934,S,2024-06-25,auto,1007
16935,E,2024-06-18,travel,761
16936,E,2024-10-25,auto,USD 854
16937,S,2024-01-13,health,540
16938,E,2024-06-14,travel,776
16939,S,2024-02-02,auto,451
16940,W,2024-02-22,home,1116
16941,S,2024-02-14,home,1015
16942,W,2024-06-19,auto,591
16943,N,2024-01-17,travel,780
16944,E,2024-04-12,auto,696
16945,S,2024-06-20,home,523
16946,N,2024-08-27,health,640
16947,E,2024-04-05,auto,$581
16948,N,2024-08-08,home,1031
16949,S,2024-06-19,health,616
16950,S,2024-02-05,auto,690
16951,E,2024-01-19,health,725
16952,W,2024-05-02,home,530
16953,E,2024-09-19,auto,907
16954,S,2024-06-03,health,830
16955,E,2024-11-04,health,861
16956,W,2024-05-09,health,818
16957,E,2024-04-20,auto,USD 988
16958,E,2024-05-26,home,607
16960,W,2024-06-23,home,642
16961,S,2024-06-01,travel,754
16962,E,2024-06-10,travel,525
16963,N,2024-11-07,auto,530
16964,W,2024-05-13,travel,$519
16965,W,2024-09-27,health,917
16966,N,2024-10-24,travel,507
16967,N,2024-10-13,travel,639
16968,W,2024-06-04,travel,423
16969,E,2024-05-03,health,591
16971,E,2024-06-06,health,538
16972,N,2024-01-06,health,547
16973,E,2024-05-24,home,534
16974,N,2024-02-05,health,505
16975,W,2024-11-22,travel,582
16976,S,2024-02-18,health,856
16977,E,2024-07-27,health,579
16978,N,2024-07-26,health,452
16979,E,2024-11-09,travel,722
16980,W,2024-09-21,auto,893
16981,N,2024-10-29,health,469
16982,N,2024-11-10,health,507
16983,S,2024-03-14,auto,986
16984,S,2024-09-02,home,820
16985,E,2024-06-30,auto,871
16986,E,2024-06-08,home,557
16987,N,2024-11-01,travel,954
16988,E,2024-11-05,health,672
16989,N,2024-08-31,home,614
16990,E,2024-07-17,home,534
16991,W,2024-10-04,auto,USD 470
16992,E,2024-10-01,health,485
16993,W,2024-02-06,auto,507
16994,N,2024-06-27,health,720
16995,E,2024-06-17,home,719
16996,S,2024-03-21,travel,568
16997,E,2024-02-12,auto,399
16998,S,2024-02-13,home,575
16999,S,2024-03-29,travel,611
17000,E,2024-02-13,health,498
17001,N,2024-06-13,home,644
17002,E,2024-11-16,auto,676
17003,W,2024-08-23,auto,678
17004,E,2024-03-16,home,595
17005,S,2024-03-07,auto,495
17006,W,2024-05-17,auto,469
17007,E,2024-08-22,home,829
17008,E,2024-01-07,health,630
17009,W,2024-06-10,health,556
17010,N,2024-07-14,health,1011
17011,N,2024-05-05,health,751
17012,E,2024-09-11,health,687
17013,E,2024-10-13,health,667
17014,W,2024-05-07,travel,521
17015,E,2024-02-11,health,604
17016,W,2024-06-13,health,715
17017,W,2024-02-07,health,752
17018,S,2024-06-01,home,715
17019,N,2024-07-19,auto,412
17020,E,2024-11-24,home,782
17021,N,2024-04-01,health,828
17022,W,2024-03-18,travel,636
17023,W,2024-09-03,health,404
17024,W,2024-09-25,home,794
17025,S,2024-08-06,health,1109
17026,W,2024-06-27,travel,721
17027,E,2024-11-13,home,1103
17028,S,2024-05-23,travel,514
17029,W,2024-04-29,auto,490
17031,N,2024-04-24,travel,776
17032,S,2024-06-28,travel,828
17033,E,2024-02-18,home,$653
17034,S,2024-10-31,home,901
17035,W,2024-05-14,auto,506
17036,W,2024-07-20,auto,923
17037,W,2024-06-11,health,838
17038,N,2024-04-27,health,878
17039,N,2024-03-20,auto,639
17040,E,2024-06-24,travel,685
17041,S,2024-02-15,travel,799
17042,E,2024-03-18,home,583
17043,S,2024-06-30,auto,USD 528
17044,E,2024-04-21,auto,515
17045,W,2024-07-12,home,821
17046,W,2024-03-18,auto,945
17047,E,2024-05-11,health,456
17048,S,2024-10-24,health,412
17049,N,2024-04-20,home,810
17050,N,2024-01-31,auto,935
17051,S,2024-05-24,health,830
17052,E,2024-10-16,travel,381
17054,E,2024-07-25,health,513
17055,E,2024-08-18,auto,633
17056,E,2024-09-04,auto,511
17057,W,2024-02-09,health,511
17058,N,2024-07-18,health,946
17059,S,2024-11-16,home,664
17060,S,2024-03-27,travel,USD 753
17061,N,2024-04-14,home,575
17062,E,2024-05-29,auto,620
17063,E,2024-06-18,travel,574
17064,S,2024-05-03,home,783
17065,N,2024-02-22,health,485
17066,N,2024-01-01,home,USD 879
17067,W,2024-05-02,travel,592
17068,N,2024-11-18,health,865
17069,E,2024-03-07,travel,858
17070,S,2024-02-21,health,748
17071,S,2024-03-13,auto,795
17072,W,2024-03-08,auto,$531
17073,W,2024-01-19,health,740
17074,E,2024-02-10,health,799
17075,E,2024-11-21,travel,583
17076,W,2024-10-05,health,680
17077,S,2024-06-05,home,781
17078,E,2024-09-07,health,658
17079,W,2024-09-03,health,705
17080,N,2024-04-12,home,904
17081,W,2024-04-24,travel,497
17082,E,2024-06-29,travel,830
17083,W,2024-08-23,home,USD 838
17084,S,2024-08-09,home,899
17085,E,2024-09-11,travel,724
17086,E,2024-10-04,health,991
17087,N,2024-11-17,health,769
17088,E,2024-04-24,travel,641
17089,E,2024-05-01,home,589
17090,W,2024-02-22,auto,556
17091,W,2024-04-24,home,685
17092,E,2024-02-22,health,781
17093,W,2024-10-08,home,897
17094,S,2024-05-20,home,584
17095,N,2024-08-14,auto,465
17097,N,2024-10-02,home,784
17098,E,2024-01-08,auto,877
17099,W,2024-09-10,home,563
17100,E,2024-05-03,health,795
17101,E,2024-09-08,health,642
17102,W,2024-08-08,auto,471
17103,W,2024-03-07,auto,622
17104,W,2024-08-22,home,$678
17105,W,2024-10-27,auto,390
17106,W,2024-05-11,travel,594
17107,E,2024-05-23,home,517
17108,E,2024-01-10,home,884
17109,W,2024-05-05,travel,499
17110,N,2024-07-15,travel,761
17111,W,2024-08-26,travel,947
17112,W,2024-02-08,travel,530
17113,S,2024-02-04,travel,826
17114,W,2024-11-10,auto,687
17115,W,2024-02-24,health,738
17116,S,2024-01-31,auto,521
17117,W,2024-10-05,health,529
17118,W,2024-06-14,auto,728
17119,E,2024-08-14,health,836
17120,S,2024-05-10,auto,654
17121,S,2024-02-27,home,465
17122,N,2024-07-14,travel,489
17123,S,2024-01-11,health,686
17124,W,2024-09-19,auto,587
17125,E,2024-06-21,home,646
17126,S,2024-10-29,travel,897
17127,W,2024-05-10,home,875
17128,S,2024-09-07,auto,1137
17129,E,2024-11-21,home,476
17130,S,2024-10-07,auto,427
17132,E,2024-05-19,travel,USD 894
17133,S,2024-03-02,home,512
17134,N,2024-02-21,travel,504
17135,E,2024-07-10,travel,626
17136,S,2024-10-31,home,617
17137,E,2024-09-06,home,436
17138,N,2024-06-29,health,517
17139,E,2024-09-24,home,574
17140,N,2024-06-06,home,472
17141,S,2024-01-17,travel,1013
17142,S,2024-08-30,travel,641
17143,N,2024-06-07,travel,781
17145,W,2024-09-30,auto,814
17146,S,2024-02-02,health,$808
17147,E,2024-01-27,home,752
17148,W,2024-10-26,auto,766
17149,W,2024-07-24,auto,624
17150,S,2024-06-03,health,780
17151,N,2024-11-14,travel,785
17152,E,2024-09-21,home,697
17153,W,2024-07-07,home,1163
17154,S,2024-03-31,home,527
17155,S,2024-08-10,travel,435
17156,S,2024-02-09,health,$879
17157,N,2024-09-16,auto,771
17158,W,2024-08-09,health,573
17159,W,2024-02-06,health,411
17160,E,2024-05-04,home,712
17161,E,2024-05-23,home,632
17162,W,2024-04-01,home,538
17163,W,2024-09-26,travel,767
17164,N,2024-04-23,travel,628
17165,S,2024-06-28,auto,688
17166,E,2024-01-22,health,378
17168,W,2024-01-02,home,569
17169,N,2024-08-16,auto,767
17170,W,2024-04-25,travel,504
17171,W,2024-10-21,home,843
17172,N,2024-06-11,home,489
17173,W,2024-02-06,auto,977
17174,W,2024-07-09,travel,636
17175,N,2024-03-11,home,621
17176,E,2024-01-24,home,358
17177,S,2024-08-08,home,699
17178,S,2024-11-17,auto,670
17179,W,2024-01-24,auto,866
17180,W,2024-05-26,travel,737
17181,E,2024-03-01,home,698
17182,W,2024-05-22,health,718
17183,N,2024-10-10,home,720
17184,S,2024-10-02,health,791
17185,S,2024-01-16,travel,555
17186,N,2024-03-17,auto,713
17187,E,2024-07-07,auto,584
17188,E,2024-07-25,health,620
17189,S,2024-10-10,auto,USD 629
17190,W,2024-02-11,home,744
17191,E,2024-01-18,travel,631
17192,N,2024-02-03,home,736
17193,E,2024-10-29,auto,870
17194,W,2024-02-22,health,769
17195,W,2024-06-28,auto,887
17196,W,2024-02-17,home,716
17197,N,2024-01-11,travel,954
17198,E,2024-03-15,auto,467
17199,W,2024-11-09,health,752
17200,E,2024-03-08,auto,468
17201,E,2024-08-04,auto,659
17202,N,2024-09-28,auto,812
17203,W,2024-07-16,home,862
17204,S,2024-01-23,health,853
17205,S,2024-08-02,travel,546
17206,E,2024-08-30,health,505
17207,S,2024-10-01,health,830
17208,W,2024-11-15,home,548
17209,W,2024-01-03,travel,824
17210,E,2024-07-04,travel,537
17211,N,2024-06-13,health,697
17212,E,2024-03-18,auto,855
17213,S,2024-11-25,travel,680
17214,S,2024-06-24,travel,636
17215,E,2024-03-08,home,895
17217,N,2024-07-04,health,744
17218,W,2024-05-20,home,635
17219,N,2024-05-06,home,792
17220,E,2024-03-15,health,1026
17221,W,2024-09-18,home,764
17222,W,2024-04-12,travel,637
17223,N,2024-01-27,health,675
17224,E,2024-05-23,auto,679
17225,N,2024-01-12,travel,476
17226,E,2024-06-10,auto,759
17227,S,2024-03-21,home,906
17228,S,2024-10-02,home,733
17229,S,2024-03-18,auto,695
17230,E,2024-07-18,auto,USD 750
17231,E,2024-04-24,home,648
17232,W,2024-03-14,auto,487
17233,W,2024-04-01,home,528
17234,E,2024-03-05,travel,966
17235,W,2024-08-21,health,682
17236,E,2024-01-20,auto,846
17237,N,2024-07-02,health,468
17238,E,2024-02-13,home,675
17239,S,2024-01-13,travel,779
17240,S,2024-06-29,auto,796
17241,W,2024-08-30,health,653
17242,E,2024-04-20,travel,$724
17243,S,2024-07-30,auto,638
17244,S,2024-01-30,home,1163
17245,N,2024-01-12,home,469
17246,W,2024-11-23,auto,788
17247,E,2024-02-18,auto,859
17248,W,2024-04-10,travel,446
17249,S,2024-07-05,health,839
17250,W,2024-03-04,health,560
17251,N,2024-06-24,auto,568
17252,S,2024-05-30,travel,642
17253,S,2024-04-27,health,952
17254,N,2024-05-29,health,580
17255,S,2024-01-07,travel,660
17256,E,2024-03-01,health,456
17257,N,2024-04-04,home,668
17258,W,2024-09-26,home,693
17259,W,2024-10-18,auto,$604
17260,W,2024-03-29,travel,499
17261,S,2024-01-17,auto,770
17263,S,2024-02-14,home,693
17264,S,2024-05-08,home,442
17265,W,2024-02-07,travel,1032
17266,E,2024-08-10,auto,591
17267,W,2024-03-04,travel,1039
17268,S,2024-02-09,travel,541
17269,W,2024-04-20,auto,498
17270,W,2024-09-24,auto,552
17271,W,2024-10-10,health,623
17272,E,2024-11-01,travel,684
17273,W,2024-11-13,home,$641
17274,E,2024-04-20,home,680
17275,W,2024-04-15,travel,490
17276,E,2024-02-19,home,651
17277,N,2024-07-26,travel,648
17278,S,2024-04-06,auto,797
17279,W,2024-02-24,health,490
17280,S,2024-01-14,health,740
17281,S,2024-04-29,travel,492
17282,E,2024-07-24,auto,931
17283,S,2024-04-30,health,586
17284,E,2024-08-31,home,466
17285,E,2024-07-13,home,864
17286,E,2024-02-20,home,497
17287,W,2024-04-04,auto,771
17288,W,2024-03-25,travel,546
17289,N,2024-02-06,auto,644
17290,E,2024-07-19,auto,896
17291,E,2024-08-13,health,669
17292,W,2024-06-19,health,525
17293,N,2024-02-14,auto,USD 599
17294,N,2024-07-14,health,715
17295,S,2024-08-18,home,1113
17296,S,2024-08-23,travel,564
17297,W,2024-03-27,health,443
17298,N,2024-01-29,home,795
17299,S,2024-09-29,health,412
17300,S,2024-10-10,auto,638
17301,E,2024-06-23,travel,548
17302,E,2024-08-21,travel,764
17303,N,2024-06-27,home,590
17304,N,2024-02-02,auto,391
17305,S,2024-02-23,health,440
17306,S,2024-02-17,home,790
17307,N,2024-04-16,auto,752
17308,N,2024-05-01,travel,743
17309,E,2024-03-11,travel,487
17310,N,2024-03-11,home,601
17311,W,2024-07-22,home,803
17312,S,2024-05-01,travel,$671
17313,S,2024-03-08,travel,622
17314,W,2024-01-24,health,580
17315,E,2024-10-10,home,624
17316,S,2024-05-21,home,344
17317,S,2024-11-20,auto,372
17318,E,2024-09-14,auto,717
17319,W,2024-06-06,travel,1053
17320,E,2024-09-12,health,515
17321,E,2024-09-03,auto,622
17322,W,2024-03-05,home,$752
17323,E,2024-07-21,home,618
17324,N,2024-03-07,travel,663
17325,W,2024-11-23,health,1037
17326,S,2024-11-20,health,958
17327,S,2024-09-05,travel,620
17328,N,2024-03-10,travel,861
17330,E,2024-02-25,home,536
17331,E,2024-11-16,travel,680
17332,N,2024-02-29,home,796
17333,S,2024-09-25,home,$523
17334,N,2024-09-24,home,918
17335,W,2024-10-23,health,701
17336,E,2024-11-08,health,718
17337,N,2024-09-04,health,$696
17338,E,2024-07-08,auto,878
17339,S,2024-05-17,home,929
17340,S,2024-04-15,travel,594
17342,S,2024-01-04,health,USD 702
17343,W,2024-09-20,travel,554
17344,E,2024-08-24,health,674
17345,S,2024-10-31,home,470
17346,W,2024-06-25,auto,USD 540
17347,W,2024-08-31,health,1058
17348,N,2024-10-25,auto,593
17349,E,2024-09-15,auto,788
17350,E,2024-10-08,auto,796
17351,E,2024-04-17,health,778
17352,S,2024-01-01,auto,859
17354,S,2024-09-24,home,607
17355,S,2024-04-16,health,1189
17356,S,2024-02-14,health,791
17357,S,2024-06-05,health,535
17358,N,2024-08-14,travel,538
17359,W,2024-05-16,health,505
17360,N,2024-11-21,home,685
17361,N,2024-05-02,auto,723
17362,W,2024-08-19,auto,788
17363,N,2024-04-22,health,496
17364,S,2024-06-27,health,548
17365,E,2024-07-28,health,747
17366,N,2024-09-25,health,641
17367,W,2024-05-27,health,548
17368,N,2024-11-23,health,535
17369,E,2024-05-19,travel,516
17370,S,2024-03-31,auto,686
17371,N,2024-03-09,health,1075
17372,E,2024-02-22,auto,815
17373,N,2024-01-11,travel,679
17374,W,2024-11-21,travel,673
17375,S,2024-03-22,home,523
17376,W,2024-06-19,health,732
17377,W,2024-10-26,home,$637
17378,W,2024-06-08,travel,612
17379,S,2024-04-16,health,698
17380,N,2024-02-25,auto,706
17381,E,2024-07-26,auto,770
17382,W,2024-11-09,health,USD 510
17383,S,2024-04-21,travel,758
17384,W,2024-10-13,health,USD 392
17385,N,2024-10-29,travel,428
17386,E,2024-03-05,travel,833
17387,E,2024-04-19,home,$955
17388,N,2024-11-26,health,482
17389,N,2024-07-28,health,935
17390,W,2024-08-16,travel,507
17391,E,2024-06-11,home,USD 873
17392,N,2024-07-17,travel,668
17393,E,2024-09-16,home,548
17394,E,2024-06-24,auto,776
17395,N,2024-02-15,travel,786
17396,E,2024-04-21,auto,519
17397,S,2024-06-17,health,701
17398,E,2024-06-01,home,540
17399,N,2024-08-31,auto,620
17400,W,2024-06-21,travel,542
17401,S,2024-02-02,travel,939
17402,E,2024-10-11,home,738
17404,N,2024-02-05,auto,799
17405,W,2024-11-17,home,620
17406,N,2024-09-04,travel,"$1,125"
17407,E,2024-04-23,home,701
17408,W,2024-08-14,health,514
17409,W,2024-08-18,health,681
17410,E,2024-09-19,home,478
17411,W,2024-11-21,travel,700
17412,W,2024-06-11,travel,714
17413,E,2024-11-19,home,556
17414,N,2024-04-08,auto,754
17415,S,2024-10-04,home,982
17416,E,2024-03-19,health,601
17417,E,2024-09-13,auto,583
17418,N,2024-06-01,auto,544
17419,E,2024-05-08,travel,USD 577
17420,E,2024-08-01,health,792
17421,N,2024-06-12,auto,951
17422,N,2024-07-09,travel,750
17423,E,2024-03-07,auto,813
17424,S,2024-08-16,auto,657
17425,W,2024-02-11,home,704
17426,N,2024-02-06,auto,USD 755
17427,W,2024-06-04,health,690
17428,W,2024-03-20,auto,537
17429,W,2024-05-06,travel,431
17430,S,2024-02-15,auto,566
17431,S,2024-03-15,auto,757
17432,E,2024-09-27,travel,494
17433,W,2024-04-28,travel,777
17434,W,2024-03-02,home,USD 596
17435,E,2024-11-11,health,744
17436,W,2024-10-18,auto,604
17437,E,2024-09-23,auto,1006
17438,E,2024-01-19,health,765
17439,W,2024-02-15,health,745
17440,S,2024-03-11,health,536
17441,W,2024-05-21,home,670
17442,S,2024-01-02,health,614
17443,N,2024-03-08,auto,760
17444,W,2024-01-16,auto,554
17446,E,2024-09-01,home,692
17447,W,2024-06-28,home,469
17448,S,2024-01-23,travel,629
17449,W,2024-09-14,health,459
17450,W,2024-05-20,travel,653
17451,S,2024-06-09,home,677
17452,N,2024-05-16,health,659
17453,W,2024-08-13,auto,642
17454,S,2024-08-09,health,902
17456,E,2024-03-06,auto,823
17457,N,2024-09-12,travel,705
17458,E,2024-02-19,home,466
17459,S,2024-11-07,auto,567
17460,N,2024-04-22,travel,828
17461,N,2024-07-06,travel,549
17462,E,2024-09-10,travel,587
17463,W,2024-01-28,health,781
17464,E,2024-03-02,auto,670
17465,S,2024-06-08,health,830
17466,W,2024-04-24,travel,468
17467,S,2024-05-31,auto,469
17468,N,2024-02-20,home,$712
17469,N,2024-10-21,travel,897
17470,E,2024-08-30,health,870
17471,N,2024-10-30,home,735
17472,S,2024-06-10,auto,727
17473,N,2024-11-20,health,792
17474,E,2024-02-27,home,741
17475,N,2024-10-27,travel,924
17476,E,2024-11-11,home,623
17477,E,2024-11-13,travel,777
17478,N,2024-05-28,travel,502
17479,E,2024-10-23,home,509
17480,E,2024-09-30,health,1037
17481,W,2024-01-15,auto,616
17482,N,2024-10-05,health,836
17483,S,2024-04-27,auto,590
17484,W,2024-10-27,travel,561
17485,S,2024-06-05,auto,512
17486,W,2024-02-22,auto,1140
17487,S,2024-09-16,auto,749
17488,E,2024-04-05,health,438
17490,E,2024-06-03,home,420
17491,E,2024-09-16,travel,487
17492,S,2024-05-16,health,597
17493,S,2024-01-08,auto,628
17494,S,2024-02-29,auto,640
17495,E,2024-03-02,health,759
17496,N,2024-09-01,home,932
17497,S,2024-05-07,health,728
17498,S,2024-09-21,auto,648
17499,W,2024-03-22,auto,815
17500,E,2024-05-24,travel,822
17501,W,2024-05-18,health,$740
17502,W,2024-02-07,health,$576
17503,S,2024-02-24,home,883
17504,N,2024-10-19,auto,606
17505,E,2024-09-14,health,732
17506,N,2024-07-25,travel,494
17507,W,2024-02-03,auto,458
17508,W,2024-01-08,home,700
17509,S,2024-01-26,home,441
17510,W,2024-02-25,home,931
17511,W,2024-04-12,home,673
17512,S,2024-01-27,home,674
17513,E,2024-07-28,travel,$774
17514,E,2024-04-06,health,743
17515,W,2024-08-11,health,440
17516,W,2024-05-16,travel,USD 623
17517,N,2024-05-15,home,502
17519,S,2024-08-28,travel,481
17520,E,2024-09-17,home,871
17521,N,2024-10-27,home,568
17522,N,2024-02-15,travel,776
17523,E,2024-01-07,home,724
17524,N,2024-02-11,auto,1024
17525,E,2024-01-14,travel,672
17526,E,2024-08-02,travel,720
17527,N,2024-09-01,health,564
17528,W,2024-10-29,home,836
17529,S,2024-10-02,home,718
17530,E,2024-07-15,travel,660
17531,S,2024-01-06,health,607
17532,W,2024-03-19,home,1188
17533,W,2024-06-13,home,529
17534,S,2024-11-02,travel,617
17535,S,2024-02-09,home,611
17536,S,2024-04-25,home,918
17537,W,2024-09-29,auto,648
17538,W,2024-01-11,travel,861
17539,W,2024-04-25,auto,418
17540,S,2024-03-29,auto,626
17541,N,2024-03-07,health,479
17542,N,2024-10-03,auto,994
17543,N,2024-01-23,travel,522
17544,N,2024-06-07,auto,507
17545,N,2024-05-07,health,524
17546,W,2024-06-01,auto,$520
17547,W,2024-10-22,travel,775
17548,E,2024-02-13,travel,$637
17549,E,2024-03-03,auto,545
17550,E,2024-06-12,auto,527
17551,E,2024-04-15,home,584
17552,W,2024-09-09,auto,708
17553,N,2024-04-11,home,505
17555,S,2024-09-01,home,685
17556,S,2024-06-06,auto,608
17557,S,2024-07-03,auto,800
17558,S,2024-01-21,home,796
17559,W,2024-08-18,auto,1199
17560,S,2024-09-22,travel,661
17561,S,2024-03-05,health,$650
17562,E,2024-08-21,travel,721
17563,W,2024-10-29,travel,711
17564,N,2024-07-30,auto,661
17565,N,2024-02-21,auto,458
17566,W,2024-07-10,auto,533
17567,E,2024-09-27,travel,431
17568,S,2024-02-03,home,632
17569,N,2024-01-18,travel,969
17570,N,2024-04-19,health,764
17571,N,2024-10-04,auto,674
17572,E,2024-06-11,travel,549
17573,E,2024-06-26,auto,550
17574,S,2024-06-02,health,1137
17575,N,2024-05-28,travel,648
17576,N,2024-05-02,travel,620
17577,S,2024-05-10,home,591
17578,N,2024-02-08,travel,613
17579,W,2024-03-27,auto,659
17580,E,2024-11-12,travel,858
17581,W,2024-07-06,travel,505
17582,W,2024-01-23,health,452
17583,W,2024-01-09,health,800
17584,W,2024-02-02,home,893
17585,S,2024-02-09,travel,466
17586,N,2024-09-02,home,503
17587,E,2024-07-30,auto,571
17588,N,2024-04-04,health,930
17589,E,2024-03-30,auto,$613
17590,E,2024-03-05,health,908
17591,E,2024-02-14,home,384
17592,N,2024-08-04,home,567
17593,S,2024-05-03,health,671
17594,W,2024-02-14,health,845
17595,S,2024-08-16,auto,563
17596,W,2024-02-29,travel,1167
17597,W,2024-09-30,travel,657
17598,W,2024-09-18,home,581
17599,E,2024-06-07,auto,685
17600,E,2024-01-21,auto,702
17601,E,2024-06-09,home,$474
17603,S,2024-01-25,home,808
17604,W,2024-10-08,travel,438
17605,N,2024-11-16,travel,660
17606,S,2024-10-22,health,751
17607,N,2024-04-24,home,445
17608,N,2024-04-16,travel,846
17609,N,2024-05-10,auto,723
17610,E,2024-10-01,health,853
17611,W,2024-11-20,home,647
17612,W,2024-02-23,health,599
17613,N,2024-04-17,health,688
17614,S,2024-07-03,home,721
17615,S,2024-05-13,home,734
17616,W,2024-01-24,auto,543
17617,E,2024-01-21,travel,919
17618,E,2024-06-28,health,903
17619,N,2024-03-10,health,599
17620,N,2024-01-26,health,580
17621,W,2024-10-07,home,804
17622,E,2024-10-02,home,792
17623,W,2024-05-26,auto,682
17624,N,2024-03-15,health,USD 634
17625,N,2024-06-10,travel,647
17626,E,2024-06-03,home,666
17627,W,2024-01-21,auto,573
17628,S,2024-02-15,home,618
17629,E,2024-05-08,auto,559
17630,N,2024-09-06,health,687
17631,W,2024-05-16,health,610
17632,W,2024-04-17,travel,678
17633,E,2024-04-24,health,877
17634,N,2024-10-26,home,USD 726
17635,S,2024-03-19,travel,619
17636,W,2024-02-29,travel,691
17637,N,2024-06-27,home,835
17638,W,2024-01-04,health,644
17639,N,2024-08-08,travel,439
17640,E,2024-01-01,travel,788
17642,W,2024-01-20,health,567
17643,N,2024-03-12,health,774
17644,N,2024-11-14,auto,789
17645,S,2024-04-22,home,750
17646,W,2024-11-01,home,857
17647,N,2024-09-23,health,710
17648,E,2024-02-16,home,533
17649,W,2024-03-29,auto,766
17650,E,2024-05-03,home,758
17651,W,2024-08-28,home,768
17652,W,2024-06-12,auto,896
17653,S,2024-01-27,auto,558
17654,W,2024-01-21,travel,643
17655,W,2024-08-12,auto,650
17656,N,2024-10-16,auto,554
17657,N,2024-10-28,health,USD 631
17658,W,2024-06-28,health,USD 377
17659,W,2024-09-03,health,925
17660,S,2024-01-11,auto,986
17661,S,2024-04-07,home,476
17662,N,2024-03-23,auto,532
17663,E,2024-05-11,travel,629
17664,W,2024-07-14,travel,707
17665,N,2024-02-19,auto,738
17666,W,2024-06-18,auto,829
17667,N,2024-06-13,auto,USD 622
17668,S,2024-01-28,travel,685
17669,E,2024-09-15,travel,$643
17670,E,2024-07-02,auto,953
17671,E,2024-04-10,health,538
17672,W,2024-11-01,auto,$591
17673,E,2024-10-22,home,925
17674,S,2024-06-09,travel,527
17675,W,2024-06-02,home,792
17676,E,2024-05-16,home,USD 652
17677,S,2024-07-09,home,854
17678,W,2024-11-21,auto,732
17679,N,2024-04-12,health,695
17680,S,2024-04-23,home,531
17681,E,2024-01-24,travel,679
17682,E,2024-04-19,home,614
17683,N,2024-08-31,auto,730
17684,N,2024-08-13,travel,674
17685,N,2024-05-16,auto,481
17686,N,2024-02-20,home,$970
17687,E,2024-04-03,auto,356
17688,S,2024-07-19,travel,713
17689,E,2024-03-26,travel,807
17690,N,2024-10-09,travel,973
17691,N,2024-02-18,home,452
17692,E,2024-09-20,travel,983
17693,N,2024-01-09,health,518
17694,N,2024-09-11,travel,734
17695,W,2024-08-03,home,636
17696,N,2024-09-03,health,USD 794
17697,N,2024-02-26,home,1097
17698,N,2024-06-10,travel,645
17699,N,2024-11-02,travel,717
17700,E,2024-05-05,home,800
17701,W,2024-03-31,auto,723
17702,N,2024-03-08,home,665
17703,W,2024-05-12,home,517
17704,N,2024-11-25,home,522
17705,W,2024-02-10,health,$672
17706,E,2024-09-27,home,478
17707,N,2024-08-24,home,833
17708,E,2024-07-15,auto,745
17709,E,2024-08-21,auto,711
17710,N,2024-11-01,home,623
17711,W,2024-08-21,home,560
17712,N,2024-10-17,home,630
17713,N,2024-03-11,travel,611
17714,N,2024-10-01,home,1017
17715,E,2024-05-18,auto,636
17716,N,2024-03-24,travel,829
17717,N,2024-01-12,travel,597
17718,W,2024-06-29,home,USD 570
17719,N,2024-02-02,health,592
17720,N,2024-10-01,auto,797
17721,W,2024-09-13,home,549
17722,N,2024-09-14,home,649
17723,W,2024-03-04,auto,639
17724,W,2024-05-17,travel,515
17725,W,2024-03-17,travel,519
17726,N,2024-11-07,home,479
17727,W,2024-04-26,home,1002
17728,E,2024-06-24,auto,606
17729,S,2024-05-14,auto,721
17730,E,2024-02-21,home,476
17731,E,2024-05-24,health,1130
17732,N,2024-05-09,travel,621
17733,N,2024-06-16,auto,842
17734,N,2024-03-19,auto,779
17735,W,2024-06-14,home,600
17736,E,2024-10-31,auto,784
17737,E,2024-11-07,auto,414
17738,W,2024-08-23,health,688
17739,N,2024-09-23,health,638
17740,E,2024-09-02,auto,456
17741,N,2024-04-18,home,626
17742,W,2024-09-23,home,1040
17743,E,2024-09-27,travel,691
17744,N,2024-02-29,travel,663
17745,N,2024-06-06,health,762
17746,S,2024-05-26,health,683
17747,E,2024-03-08,auto,761
17748,S,2024-03-30,health,705
17749,S,2024-05-15,travel,574
17750,W,2024-03-28,home,720
17751,S,2024-10-02,auto,$505
17752,E,2024-09-22,auto,574
17753,S,2024-09-08,health,682
17754,S,2024-06-19,travel,476
17756,E,2024-03-30,health,516
17757,N,2024-08-14,home,842
17758,S,2024-05-02,home,457
17759,W,2024-11-21,home,593
17760,S,2024-06-20,auto,840
17761,N,2024-08-16,health,569
17762,W,2024-07-11,travel,702
17763,N,2024-07-28,home,722
17765,E,2024-09-18,health,$796
17766,E,2024-08-25,home,1034
17767,E,2024-07-14,travel,679
17768,N,2024-03-17,health,699
17769,W,2024-03-20,home,730
17770,E,2024-02-27,home,$635
17771,S,2024-01-08,travel,538
17773,N,2024-07-24,travel,738
17774,N,2024-03-01,auto,562
17775,W,2024-05-20,home,629
17776,W,2024-07-19,auto,$725
17777,W,2024-10-06,travel,674
17778,E,2024-09-20,travel,807
17780,E,2024-04-04,home,758
17781,E,2024-02-19,auto,488
17782,N,2024-10-24,auto,684
17783,E,2024-09-11,health,USD 689
17784,E,2024-01-28,travel,715
17785,W,2024-02-03,auto,884
17786,S,2024-03-08,health,$667
17787,S,2024-04-24,home,582
17789,W,2024-07-16,auto,826
17790,S,2024-03-22,home,706
17791,W,2024-02-23,travel,875
17792,N,2024-04-27,auto,512
17793,S,2024-10-11,health,439
17794,S,2024-07-17,home,459
17795,W,2024-07-22,auto,513
17796,S,2024-11-10,home,787
17797,W,2024-10-17,travel,550
17798,W,2024-09-05,travel,570
17799,S,2024-10-10,auto,634
17800,E,2024-04-12,health,432
17801,N,2024-02-27,health,552
17802,E,2024-10-25,auto,574
17803,N,2024-10-17,auto,759
17804,W,2024-04-01,health,721
17805,S,2024-07-12,auto,524
17806,S,2024-01-28,travel,659
17807,E,2024-09-16,auto,439
17808,W,2024-01-18,home,712
17809,N,2024-07-19,home,873
17810,N,2024-03-03,home,USD 494
17811,N,2024-07-12,home,917
17812,E,2024-08-10,auto,821
17813,N,2024-06-30,travel,633
17814,E,2024-08-31,health,729
17815,S,2024-05-17,home,1120
17816,N,2024-09-05,travel,762
17817,E,2024-03-27,travel,680
17818,W,2024-03-29,health,748
17819,E,2024-05-07,health,537
17820,W,2024-02-01,health,891
17821,N,2024-05-01,travel,648
17822,N,2024-04-26,health,497
17823,W,2024-02-13,auto,596
17824,N,2024-06-25,health,734
17825,S,2024-01-03,auto,$872
17826,N,2024-07-07,health,532
17827,N,2024-09-20,home,441
17828,N,2024-10-23,home,943
17829,E,2024-10-02,health,634
17830,N,2024-06-18,auto,547
17831,S,2024-01-15,home,816
17832,N,2024-01-14,health,$676
17833,E,2024-01-05,health,837
17834,S,2024-09-20,home,570
17835,N,2024-10-31,auto,512
17836,W,2024-07-11,home,778
17837,N,2024-05-01,auto,803
17838,N,2024-06-04,home,590
17839,E,2024-08-15,auto,789
17840,N,2024-01-07,health,832
17841,E,2024-01-22,health,866
17842,W,2024-03-18,travel,$908
17843,E,2024-09-16,home,$452
17844,W,2024-07-30,health,656
17845,N,2024-01-19,home,843
17846,N,2024-01-27,health,742
17847,N,2024-09-28,travel,745
17848,N,2024-06-27,health,1052
17849,W,2024-07-02,travel,889
17850,N,2024-11-11,auto,458
17851,S,2024-02-04,auto,655
17852,S,2024-01-06,home,$753
17853,S,2024-06-06,travel,719
17854,W,2024-01-02,auto,883
17855,W,2024-08-05,health,830
17856,N,2024-07-10,travel,771
17857,N,2024-05-22,travel,620
17858,W,2024-07-15,travel,797
17859,W,2024-03-04,home,488
17860,W,2024-11-03,auto,957
17861,W,2024-09-03,health,USD 701
17862,W,2024-04-01,auto,490
17863,E,2024-02-13,home,624
17864,W,2024-11-19,auto,325
17865,W,2024-05-24,travel,506
17866,W,2024-09-26,auto,871
17867,W,2024-07-18,auto,649
17868,N,2024-10-04,home,732
17869,N,2024-03-19,travel,739
17870,N,2024-02-26,auto,687
17871,W,2024-05-22,auto,899
17872,S,2024-09-30,health,579
17873,E,2024-08-28,travel,477
17874,E,2024-10-19,health,566
17875,N,2024-10-13,auto,448
17876,S,2024-10-27,health,574
17877,W,2024-07-01,auto,656
17878,W,2024-02-16,travel,472
17879,S,2024-02-12,home,1010
17880,N,2024-03-20,auto,399
17881,N,2024-03-25,travel,799
17882,W,2024-06-07,travel,"$1,006"
17883,S,2024-06-23,travel,604
17884,E,2024-05-25,health,729
17885,W,2024-01-30,auto,$633
17887,N,2024-11-11,home,950
17888,N,2024-03-08,home,788
17889,N,2024-04-08,auto,604
17890,N,2024-05-31,auto,823
17891,W,2024-09-23,travel,687
17892,E,2024-11-13,health,$490
17893,N,2024-11-10,auto,624
17894,N,2024-05-29,travel,665
17895,N,2024-04-16,health,474
17896,S,2024-05-30,home,612
17897,N,2024-11-08,home,1003
17898,E,2024-07-05,home,930
17899,W,2024-07-07,health,694
17900,E,2024-09-14,health,521
17901,W,2024-01-03,home,529
17902,N,2024-09-19,home,$794
17903,E,2024-05-23,home,473
17904,E,2024-04-21,auto,549
17905,E,2024-08-18,travel,759
17906,W,2024-06-01,health,781
17907,E,2024-07-29,auto,866
17908,S,2024-10-15,health,944
17909,S,2024-06-02,health,647
17910,N,2024-09-21,health,875
17911,E,2024-06-28,auto,892
17912,S,2024-03-14,auto,529
17913,S,2024-06-17,auto,653
17914,N,2024-05-16,home,945
17915,N,2024-07-13,travel,800
17916,S,2024-08-08,home,USD 590
17917,E,2024-08-31,home,701
17918,S,2024-08-03,home,717
17919,N,2024-08-24,travel,863
17920,W,2024-05-05,health,736
17921,S,2024-02-10,travel,585
17922,E,2024-03-13,home,438
17923,W,2024-02-19,auto,513
17924,N,2024-07-29,travel,832
17925,W,2024-11-07,home,830
17926,N,2024-06-22,auto,741
17928,E,2024-03-23,health,810
17929,S,2024-04-14,health,$437
17931,E,2024-01-11,health,675
17932,E,2024-10-30,health,561
17933,N,2024-05-13,health,647
17934,E,2024-09-14,health,986
17935,S,2024-04-07,auto,USD 705
17936,W,2024-11-02,travel,815
17937,S,2024-05-26,travel,899
17938,E,2024-09-17,health,410
17939,S,2024-09-15,home,709
17940,N,2024-10-19,home,1109
17941,E,2024-02-22,travel,769
17942,S,2024-03-15,travel,577
17943,E,2024-10-19,health,841
17944,W,2024-06-25,travel,698
17945,E,2024-07-26,travel,503
17946,E,2024-02-25,home,608
17947,W,2024-03-27,auto,642
17949,W,2024-11-16,home,607
17950,W,2024-04-17,home,467
17951,N,2024-04-09,health,979
17952,N,2024-03-16,health,522
17953,E,2024-03-25,home,676
17954,S,2024-04-23,travel,827
17955,N,2024-04-19,home,601
17956,S,2024-01-22,auto,564
17957,E,2024-07-13,auto,413
17958,W,2024-05-07,travel,519
17959,W,2024-08-22,home,870
17960,E,2024-11-10,home,775
17961,W,2024-01-25,travel,729
17962,E,2024-02-12,home,774
17963,E,2024-09-23,travel,568
17964,S,2024-01-24,travel,736
17965,E,2024-10-06,home,425
17967,N,2024-01-02,auto,627
17968,E,2024-02-11,health,USD 694
17969,N,2024-01-14,health,610
17970,W,2024-01-04,home,679
17971,E,2024-08-21,health,705
17972,E,2024-04-19,home,502
17973,S,2024-09-28,travel,521
17974,N,2024-04-16,auto,641
17975,S,2024-03-14,health,968
17976,S,2024-08-06,home,456
17977,S,2024-08-27,travel,1004
17978,S,2024-06-22,home,739
17979,N,2024-06-12,travel,527
17980,E,2024-09-30,auto,1018
17981,W,2024-01-17,health,644
17982,N,2024-03-20,travel,USD 1019
17983,S,2024-04-29,home,596
17984,E,2024-11-07,health,612
17985,N,2024-01-17,home,689
17986,W,2024-07-12,auto,523
17987,E,2024-10-20,home,USD 494
17988,W,2024-07-30,health,792
17989,N,2024-02-04,home,737
17991,W,2024-08-20,travel,571
17992,E,2024-08-17,auto,526
17994,W,2024-05-26,home,701
17996,W,2024-08-22,home,508
17997,S,2024-10-24,home,576
17998,E,2024-06-23,auto,924
17999,S,2024-01-11,home,609
18000,N,2024-07-18,health,559
18001,E,2024-01-20,home,601
18002,W,2024-06-22,travel,776
18003,N,2024-04-02,home,692
18004,N,2024-08-07,home,633
18005,E,2024-01-16,auto,849
18006,E,2024-10-16,auto,786
18007,W,2024-09-03,home,588
18008,W,2024-07-09,auto,958
18009,W,2024-09-29,home,714
18010,N,2024-09-13,home,553
18011,N,2024-10-19,home,675
18012,S,2024-02-26,home,816
18013,N,2024-08-26,travel,474
18014,S,2024-03-02,travel,921
18015,S,2024-05-14,home,679
18016,N,2024-01-16,auto,974
18017,N,2024-04-20,travel,583
18018,N,2024-10-02,home,597
18019,S,2024-04-07,travel,1029
18020,N,2024-07-03,auto,653
18021,W,2024-06-23,travel,503
18022,E,2024-03-09,travel,727
18023,S,2024-09-19,auto,437
18024,W,2024-05-05,auto,896
18025,S,2024-07-30,health,475
18026,E,2024-04-14,home,885
18027,N,2024-11-12,travel,580
18028,W,2024-03-17,home,715
18029,N,2024-01-02,travel,492
18030,E,2024-01-26,travel,704
18031,S,2024-10-05,health,397
18032,E,2024-09-19,auto,487
18033,N,2024-08-21,travel,682
18034,N,2024-04-02,health,527
18035,W,2024-08-05,home,789
18036,N,2024-02-11,home,707
18037,E,2024-09-05,travel,731
18038,S,2024-04-17,health,501
18039,W,2024-07-26,travel,678
18040,E,2024-11-24,home,$741
18041,N,2024-03-09,auto,518
18043,N,2024-01-07,health,528
18044,E,2024-09-01,auto,637
18045,W,2024-06-14,health,625
18046,N,2024-06-20,health,1005
18047,S,2024-04-12,auto,545
18048,N,2024-09-18,home,817
18049,S,2024-07-30,travel,718
18050,N,2024-05-30,auto,765
18051,E,2024-04-22,home,798
18052,E,2024-03-07,travel,USD 635
18053,N,2024-07-05,home,606
18054,S,2024-10-26,home,$427
18055,N,2024-09-29,travel,433
18056,S,2024-07-29,auto,587
18057,E,2024-05-23,health,785
18058,N,2024-09-16,auto,1129
18059,W,2024-07-29,travel,776
18060,W,2024-01-23,travel,700
18062,N,2024-08-14,health,640
18063,N,2024-03-16,health,662
18064,W,2024-01-14,auto,622
18065,S,2024-04-13,travel,642
18066,E,2024-08-19,auto,778
18067,N,2024-09-07,health,493
18068,W,2024-11-14,auto,471
18069,S,2024-04-10,auto,987
18070,W,2024-05-16,travel,784
18071,W,2024-03-30,auto,610
18072,S,2024-06-09,auto,470
18073,E,2024-02-05,health,600
18074,W,2024-01-12,home,$550
18075,N,2024-11-14,travel,703
18076,W,2024-10-22,travel,628
18077,W,2024-03-19,home,717
18078,S,2024-05-22,travel,728
18079,N,2024-02-22,home,913
18080,E,2024-02-09,home,498
18081,W,2024-04-22,auto,744
18082,S,2024-02-01,health,655
18083,W,2024-04-21,auto,477
18084,N,2024-08-28,auto,748
18085,W,2024-03-11,travel,640
18086,S,2024-02-26,home,692
18087,N,2024-02-05,travel,572
18088,S,2024-11-04,home,603
18089,W,2024-06-14,home,682
18091,N,2024-02-18,health,1123
18092,E,2024-03-17,auto,575
18093,N,2024-05-17,health,560
18094,S,2024-01-15,travel,806
18095,E,2024-02-09,home,"$1,003"
18096,N,2024-04-01,health,1177
18097,S,2024-01-24,health,543
18098,W,2024-07-16,auto,521
18099,N,2024-05-05,home,712
18100,W,2024-07-28,home,$454
18101,N,2024-09-11,travel,780
18102,W,2024-04-03,auto,838
18104,S,2024-01-10,travel,795
18105,E,2024-07-28,auto,1012
18106,S,2024-03-22,home,695
18107,N,2024-05-25,home,563
18108,N,2024-06-22,auto,611
18109,E,2024-07-22,home,522
18110,W,2024-11-15,health,487
18111,N,2024-08-01,travel,602
18112,N,2024-06-17,travel,782
18113,W,2024-06-14,auto,559
18114,S,2024-03-20,home,764
18115,N,2024-11-11,health,701
18116,N,2024-08-18,health,923
18117,S,2024-10-23,health,634
18118,N,2024-04-15,home,471
18119,E,2024-01-10,health,467
18120,N,2024-03-27,travel,920
18121,N,2024-07-24,home,819
18122,S,2024-02-01,home,580
18123,W,2024-06-04,home,561
18124,N,2024-09-21,travel,462
18125,W,2024-11-04,home,615
18126,S,2024-02-09,health,USD 711
18127,S,2024-08-07,health,493
18128,S,2024-01-24,health,775
18129,N,2024-08-29,travel,485
18130,E,2024-01-07,home,810
18131,W,2024-07-26,auto,852
18132,W,2024-05-07,travel,665
18133,S,2024-10-19,health,554
18134,N,2024-05-23,travel,497
18135,N,2024-06-04,health,741
18136,E,2024-09-30,travel,839
18137,W,2024-07-03,auto,783
18138,E,2024-10-07,home,705
18139,N,2024-08-12,auto,674
18140,E,2024-07-12,health,566
18141,S,2024-06-07,home,$624
18142,E,2024-06-21,auto,$708
18143,W,2024-01-19,health,995
18144,N,2024-07-23,home,772
18145,N,2024-11-25,travel,957
18146,N,2024-04-29,auto,952
18147,W,2024-05-30,auto,639
18148,S,2024-10-03,home,486
18149,N,2024-01-08,travel,492
18150,W,2024-01-19,travel,856
18151,E,2024-10-13,travel,USD 898
18152,E,2024-08-04,auto,580
18153,N,2024-06-01,home,855
18154,E,2024-04-17,travel,734
18155,W,2024-03-25,health,731
18156,N,2024-11-22,travel,679
18157,N,2024-07-14,health,486
18158,E,2024-10-09,auto,781
18159,S,2024-06-17,auto,495
18160,S,2024-03-22,auto,$674
18161,S,2024-07-04,health,627
18162,S,2024-05-07,health,654
18163,E,2024-06-03,travel,661
18164,S,2024-01-19,health,703
18165,E,2024-09-03,travel,664
18166,S,2024-02-24,home,476
18167,W,2024-03-24,health,471
18168,E,2024-01-28,home,434
18169,E,2024-03-28,home,794
18170,N,2024-10-18,health,828
18171,S,2024-01-11,auto,USD 446
18172,E,2024-10-19,travel,674
18173,W,2024-04-24,auto,887
18174,S,2024-03-21,auto,692
18175,N,2024-02-04,home,679
18176,S,2024-06-09,auto,427
18177,W,2024-10-13,health,903
18178,E,2024-01-31,travel,599
18179,E,2024-05-17,travel,586
18180,N,2024-01-18,health,638
18181,S,2024-04-20,travel,796
18182,N,2024-05-19,auto,507
18183,N,2024-07-01,travel,735
18184,E,2024-10-22,home,519
18185,E,2024-10-29,home,565
18186,N,2024-04-27,health,860
18187,W,2024-09-01,health,673
18188,E,2024-05-30,health,567
18189,E,2024-05-10,home,648
18190,W,2024-02-23,health,793
18191,W,2024-10-05,health,490
18192,S,2024-04-18,travel,607
18193,W,2024-03-12,home,712
18194,S,2024-03-25,travel,776
18195,N,2024-05-02,travel,674
18196,W,2024-03-21,auto,671
18197,S,2024-05-30,home,962
18198,N,2024-02-29,health,689
18199,S,2024-06-04,auto,USD 814
18200,E,2024-01-24,auto,530
18202,N,2024-07-27,travel,689
18203,E,2024-11-02,home,587
18204,E,2024-09-28,health,671
18205,N,2024-08-18,health,474
18206,W,2024-05-23,health,$633
18207,W,2024-02-27,health,USD 555
18208,N,2024-07-31,home,$894
18209,S,2024-01-19,travel,837
18210,E,2024-07-06,auto,632
18211,N,2024-04-01,health,$664
18213,W,2024-06-30,health,519
18214,S,2024-02-15,home,530
18215,S,2024-11-09,health,631
18216,W,2024-11-26,home,713
18217,S,2024-06-25,home,760
18218,S,2024-08-12,travel,505
18219,E,2024-06-23,health,785
18221,S,2024-03-22,home,453
18222,S,2024-03-23,auto,$822
18223,W,2024-01-24,home,684
18224,N,2024-11-05,auto,571
18225,N,2024-10-05,health,733
18226,W,2024-05-01,health,USD 561
18227,E,2024-04-08,auto,$671
18228,S,2024-01-15,travel,USD 897
18229,N,2024-10-24,home,1144
18230,W,2024-01-29,travel,770
18231,E,2024-07-28,auto,786
18232,N,2024-01-17,travel,492
18233,N,2024-09-29,health,771
18234,W,2024-08-30,auto,559
18235,E,2024-11-12,travel,690
18236,N,2024-01-02,auto,570
18237,S,2024-06-05,health,653
18238,N,2024-07-15,travel,822
18239,E,2024-07-18,travel,832
18240,W,2024-11-01,travel,679
18241,W,2024-02-22,auto,807
18242,N,2024-10-25,travel,500
18243,S,2024-04-28,home,675
18244,W,2024-09-09,home,530
18245,W,2024-07-30,auto,667
18246,W,2024-10-07,health,832
18247,N,2024-06-02,travel,526
18248,S,2024-05-26,auto,760
18249,S,2024-02-14,travel,495
18250,N,2024-07-09,auto,606
18251,W,2024-07-21,home,743
18252,W,2024-10-02,home,992
18253,S,2024-04-13,home,871
18254,S,2024-02-28,travel,667
18255,S,2024-11-09,health,428
18256,W,2024-01-30,health,738
18257,S,2024-02-22,travel,557
18258,E,2024-11-16,home,492
18259,N,2024-11-02,health,722
18260,W,2024-05-24,home,617
18261,E,2024-01-29,travel,720
18262,N,2024-05-06,auto,491
18263,N,2024-01-12,auto,503
18264,N,2024-10-06,auto,592
18265,S,2024-02-02,travel,1000
18266,S,2024-07-10,home,992
18267,N,2024-08-11,auto,754
18268,E,2024-11-12,auto,519
18269,W,2024-09-27,health,798
18270,W,2024-11-13,travel,655
18271,N,2024-01-14,health,792
18272,S,2024-05-02,health,642
18273,N,2024-11-05,home,685
18274,E,2024-08-19,home,711
18275,E,2024-03-25,travel,574
18276,S,2024-09-11,auto,814
18277,N,2024-02-13,auto,854
18278,N,2024-06-13,home,684
18279,W,2024-09-26,travel,650
18280,W,2024-04-26,home,1020
18281,S,2024-04-03,travel,$759
18282,W,2024-05-01,auto,$512
18283,W,2024-08-17,travel,636
18284,E,2024-06-18,auto,685
18285,N,2024-02-03,home,749
18286,E,2024-08-20,home,637
18287,S,2024-06-24,home,563
18288,E,2024-10-05,health,388
18289,W,2024-01-16,travel,941
18291,N,2024-09-22,home,693
18292,N,2024-01-03,travel,442
18293,S,2024-02-05,auto,621
18294,N,2024-05-18,travel,1021
18295,N,2024-06-13,health,649
18296,S,2024-08-15,health,867
18297,W,2024-11-09,health,761
18298,E,2024-10-07,auto,549
18299,N,2024-06-04,travel,830
18300,E,2024-03-27,home,$550
18301,N,2024-06-30,travel,$456
18302,N,2024-09-05,health,469
18303,E,2024-05-16,home,584
18304,S,2024-01-11,home,643
18305,E,2024-08-25,health,528
18306,N,2024-08-01,health,991
18307,W,2024-04-23,auto,726
18308,W,2024-09-12,health,410
18309,N,2024-03-15,health,861
18310,S,2024-01-14,auto,899
18311,S,2024-02-16,auto,887
18312,W,2024-04-24,health,699
18313,E,2024-06-29,auto,849
18314,S,2024-08-04,home,USD 590
18315,N,2024-10-19,travel,777
18316,S,2024-04-26,travel,866
18317,E,2024-06-05,home,842
18318,S,2024-06-18,home,481
18320,N,2024-07-09,auto,522
18321,S,2024-05-18,home,678
18322,E,2024-11-14,auto,740
18323,S,2024-03-07,health,804
18324,W,2024-05-03,health,752
18325,W,2024-02-18,travel,698
18326,S,2024-01-28,auto,743
18327,S,2024-05-25,home,709
18328,N,2024-03-29,auto,653
18329,N,2024-09-29,health,708
18330,N,2024-04-11,travel,423
18331,W,2024-10-23,auto,616
18332,E,2024-02-04,home,686
18333,E,2024-05-26,auto,879
18334,S,2024-05-11,health,947
18335,S,2024-08-28,travel,679
18336,N,2024-09-19,travel,723
18337,W,2024-10-31,auto,715
18338,S,2024-07-30,travel,697
18339,N,2024-11-24,health,734
18340,W,2024-05-29,health,427
18341,S,2024-09-11,auto,800
18342,W,2024-02-18,travel,605
18343,E,2024-02-19,home,602
18344,S,2024-01-28,auto,995
18345,W,2024-04-10,travel,417
18346,W,2024-07-19,home,422
18347,W,2024-04-20,travel,557
18348,W,2024-01-22,health,529
18349,S,2024-10-02,travel,678
18350,W,2024-09-20,auto,946
18351,S,2024-08-30,home,582
18352,S,2024-06-29,health,519
18353,E,2024-01-03,health,461
18354,W,2024-10-23,travel,706
18355,N,2024-04-15,home,815
18356,N,2024-09-19,health,750
18357,W,2024-08-20,home,555
18358,E,2024-09-19,home,565
18359,S,2024-08-31,health,745
18360,E,2024-02-05,travel,875
18361,S,2024-03-01,home,384
18362,W,2024-09-14,auto,574
18363,E,2024-11-13,health,885
18364,E,2024-04-03,auto,643
18365,S,2024-01-14,travel,704
18366,S,2024-03-27,travel,897
18367,N,2024-07-02,auto,631
18368,S,2024-09-11,auto,546
18369,S,2024-07-26,home,858
18370,W,2024-07-25,auto,889
18371,E,2024-03-26,health,455
18372,W,2024-04-13,health,1053
18373,N,2024-10-10,home,394
18374,N,2024-06-18,travel,527
18375,E,2024-09-16,home,716
18376,N,2024-06-05,travel,607
18377,W,2024-02-18,auto,USD 532
18380,N,2024-10-22,auto,760
18381,S,2024-06-12,travel,636
18382,S,2024-03-30,travel,641
18383,W,2024-09-12,travel,710
18384,N,2024-04-30,home,614
18385,S,2024-03-06,auto,630
18386,W,2024-03-16,home,857
18387,W,2024-04-20,health,866
18388,W,2024-05-30,health,559
18390,S,2024-03-23,health,1004
18391,E,2024-05-30,health,660
18392,W,2024-06-11,health,540
18393,N,2024-03-10,home,423
18394,E,2024-09-19,auto,707
18395,W,2024-04-24,auto,680
18396,N,2024-07-06,auto,617
18397,S,2024-05-28,auto,597
18398,E,2024-01-28,home,811
18399,S,2024-06-11,auto,488
18400,N,2024-06-27,home,743
18401,W,2024-10-26,health,611
18402,N,2024-02-08,travel,991
18404,E,2024-01-13,health,673
18405,W,2024-03-10,auto,679
18406,E,2024-08-01,health,450
18407,E,2024-09-18,health,810
18408,N,2024-05-28,auto,866
18409,E,2024-03-24,travel,657
18410,E,2024-03-05,home,777
18411,W,2024-03-18,home,540
18413,S,2024-03-06,home,789
18414,N,2024-01-20,auto,759
18415,E,2024-06-16,health,$769
18416,E,2024-05-14,health,690
18417,W,2024-06-04,auto,601
18418,E,2024-04-05,auto,824
18419,W,2024-05-19,auto,587
18420,S,2024-07-05,auto,494
18421,W,2024-08-30,health,697
18422,E,2024-02-13,auto,$552
18423,N,2024-01-06,home,712
18424,W,2024-04-15,auto,756
18425,N,2024-03-21,travel,493
18426,W,2024-03-08,home,706
18427,E,2024-07-09,home,626
18428,S,2024-03-21,travel,499
18429,S,2024-11-14,health,587
18430,E,2024-11-07,travel,USD 602
18431,N,2024-06-21,travel,538
18432,N,2024-11-18,home,516
18433,E,2024-05-16,travel,600
18434,S,2024-01-25,health,738
18435,N,2024-07-15,travel,458
18436,N,2024-07-10,health,399
18437,W,2024-06-06,travel,616
18438,S,2024-09-16,auto,515
18439,E,2024-05-05,health,623
18440,N,2024-09-05,auto,$782
18441,E,2024-03-26,health,610
18442,N,2024-08-17,home,697
18443,E,2024-03-01,health,832
18444,N,2024-02-15,home,660
18445,N,2024-03-24,travel,517
18446,W,2024-07-07,travel,453
18447,W,2024-07-19,health,550
18448,E,2024-06-28,auto,749
18449,E,2024-06-06,auto,710
18451,S,2024-03-25,auto,670
18452,N,2024-01-06,health,601
18453,W,2024-07-01,auto,1059
18454,E,2024-06-15,home,550
18455,E,2024-03-25,home,405
18456,N,2024-07-26,travel,710
18457,W,2024-07-19,travel,414
18458,W,2024-03-04,home,$601
18459,E,2024-03-22,home,642
18460,N,2024-05-28,health,618
18461,N,2024-04-05,auto,662
18462,E,2024-02-16,health,701
18463,N,2024-05-06,travel,458
18464,E,2024-07-11,home,USD 785
18465,W,2024-09-09,home,667
18466,S,2024-08-21,home,464
18467,S,2024-01-19,health,948
18468,N,2024-02-16,travel,469
18469,E,2024-02-10,home,$679
18471,S,2024-04-24,travel,1114
18472,N,2024-02-16,travel,575
18474,N,2024-01-31,auto,433
18475,W,2024-04-30,travel,611
18476,N,2024-06-28,auto,443
18477,S,2024-09-07,auto,629
18478,E,2024-10-13,auto,1053
18479,E,2024-04-27,health,764
18480,N,2024-05-04,home,650
18481,N,2024-06-04,auto,694
18482,W,2024-11-22,home,655
18483,E,2024-03-29,health,696
18484,N,2024-02-07,health,958
18485,E,2024-07-10,auto,807
18486,E,2024-01-25,home,814
18487,S,2024-09-15,travel,594
18489,N,2024-09-01,auto,796
18490,N,2024-11-26,auto,572
18491,N,2024-10-21,health,620
18492,N,2024-04-27,auto,639
18494,S,2024-01-03,home,736
18495,W,2024-10-26,travel,509
18496,S,2024-08-12,home,731
18497,E,2024-05-27,home,662
18498,E,2024-10-05,auto,$862
18499,N,2024-03-13,travel,469
18500,E,2024-04-26,home,528
18501,N,2024-05-12,home,445
18502,N,2024-05-18,health,USD 538
18505,N,2024-02-25,home,696
18506,S,2024-01-11,home,613
18507,N,2024-06-30,home,539
18508,W,2024-11-10,auto,891
18509,E,2024-07-05,home,501
18510,N,2024-09-22,travel,600
18511,E,2024-11-19,travel,665
18512,S,2024-10-28,travel,810
18513,S,2024-07-10,home,563
18515,N,2024-06-29,travel,383
18516,W,2024-11-23,auto,669
18517,E,2024-03-10,travel,576
18518,W,2024-01-10,auto,552
18519,S,2024-10-01,auto,844
18520,S,2024-10-19,auto,719
18521,E,2024-08-04,home,451
18522,N,2024-05-10,health,764
18523,S,2024-05-25,health,USD 588
18524,W,2024-03-26,auto,455
18525,S,2024-05-21,health,805
18526,N,2024-01-29,health,721
18527,N,2024-11-10,health,549
18528,E,2024-10-27,home,$774
18529,N,2024-02-15,health,407
18530,N,2024-10-02,travel,623
18531,S,2024-06-02,travel,892
18532,N,2024-07-17,health,739
18533,N,2024-04-15,home,$728
18534,E,2024-02-17,health,826
18535,N,2024-07-08,auto,1040
18536,W,2024-02-22,home,$539
18537,N,2024-02-15,home,463
18538,E,2024-08-06,health,830
18539,S,2024-06-23,home,521
18540,S,2024-06-29,health,882
18541,S,2024-05-16,travel,831
18542,W,2024-02-24,auto,677
18543,N,2024-03-07,health,483
18544,E,2024-10-14,travel,848
18545,W,2024-07-14,travel,600
18546,E,2024-07-12,health,699
18547,S,2024-02-11,home,707
18548,N,2024-05-02,health,404
18549,W,2024-09-10,travel,593
18550,E,2024-11-21,health,417
18551,E,2024-05-30,travel,606
18552,S,2024-05-25,travel,864
18553,S,2024-08-10,health,802
18554,W,2024-01-29,travel,646
18556,E,2024-04-23,health,1181
18557,E,2024-05-09,health,766
18558,E,2024-02-25,auto,680
18559,W,2024-02-26,health,1251
18560,E,2024-01-22,travel,"$1,377"
18561,W,2024-09-08,travel,831
18562,N,2024-07-14,auto,747
18563,W,2024-06-19,auto,606
18564,W,2024-05-16,health,751
18565,N,2024-05-21,health,623
18566,E,2024-05-02,health,596
18567,E,2024-03-06,auto,504
18568,E,2024-06-26,health,720
18569,E,2024-04-06,travel,768
18570,N,2024-04-05,travel,949
18571,S,2024-01-02,health,563
18572,S,2024-04-26,health,734
18573,N,2024-06-22,home,596
18574,S,2024-10-21,auto,895
18575,W,2024-06-09,home,USD 833
18576,E,2024-03-31,auto,551
18577,E,2024-04-22,auto,838
18578,S,2024-05-26,health,584
18579,S,2024-01-25,health,709
18580,E,2024-02-18,auto,881
18581,N,2024-06-13,auto,1003
18582,N,2024-02-27,health,767
18583,N,2024-07-08,health,USD 574
18584,E,2024-04-30,health,805
18585,N,2024-03-18,travel,429
18586,W,2024-05-25,health,606
18587,S,2024-03-03,health,665
18588,E,2024-09-23,auto,825
18589,W,2024-09-01,health,1018
18590,W,2024-04-29,auto,534
18591,W,2024-07-12,health,657
18592,S,2024-04-13,auto,497
18593,E,2024-08-03,health,683
18594,W,2024-11-24,auto,$853
18595,W,2024-10-17,auto,969
18597,E,2024-01-20,travel,USD 707
18598,N,2024-04-28,health,483
18599,W,2024-07-28,auto,445
18600,W,2024-07-27,travel,$879
18601,S,2024-06-17,auto,491
18602,N,2024-05-21,home,609
18603,W,2024-10-16,travel,429
18604,N,2024-10-18,home,566
18605,S,2024-01-01,health,975
18606,E,2024-02-09,home,388
18607,W,2024-01-24,health,698
18608,E,2024-01-26,home,557
18609,S,2024-11-21,home,565
18610,S,2024-06-22,health,686
18611,N,2024-03-12,auto,574
18612,W,2024-07-19,travel,638
18613,S,2024-05-22,home,440
18614,W,2024-02-02,health,777
18615,E,2024-03-20,travel,USD 645
18616,E,2024-09-30,home,450
18618,S,2024-05-28,travel,779
18619,W,2024-11-14,travel,441
18620,N,2024-01-09,health,440
18621,N,2024-07-28,travel,647
18622,W,2024-07-11,health,620
18623,W,2024-06-28,auto,896
18624,E,2024-08-06,travel,788
18625,E,2024-08-25,home,537
18626,N,2024-10-22,home,763
18627,W,2024-01-14,home,471
18628,E,2024-07-05,health,672
18629,E,2024-10-01,travel,$554
18630,N,2024-02-24,travel,372
18631,N,2024-05-11,travel,659
18632,E,2024-11-16,auto,763
18633,E,2024-07-21,travel,657
18634,N,2024-07-11,home,660
18635,S,2024-05-30,travel,454
18636,E,2024-06-15,travel,947
18637,E,2024-07-15,health,541
18638,E,2024-08-20,travel,696
18639,E,2024-11-06,home,679
18640,N,2024-02-27,health,462
18641,N,2024-03-07,home,904
18642,E,2024-06-11,travel,769
18643,E,2024-06-03,health,1283
18644,S,2024-05-07,travel,764
18645,E,2024-09-04,travel,531
18646,N,2024-04-07,health,687
18647,N,2024-06-30,health,524
18648,E,2024-11-04,home,658
18649,W,2024-05-24,health,677
18650,N,2024-10-09,travel,831
18651,E,2024-07-12,home,$938
18652,E,2024-01-01,home,488
18653,E,2024-04-29,travel,461
18654,S,2024-04-07,auto,668
18656,W,2024-02-24,home,750
18657,E,2024-06-16,auto,661
18658,W,2024-02-16,travel,850
18659,S,2024-07-06,auto,854
18661,W,2024-10-17,auto,433
18662,S,2024-09-18,travel,717
18663,E,2024-02-02,auto,708
18664,W,2024-01-25,travel,598
18665,E,2024-04-19,auto,623
18666,N,2024-06-18,home,535
18667,W,2024-11-21,travel,659
18668,E,2024-10-21,home,508
18669,N,2024-04-08,auto,650
18670,S,2024-05-02,home,785
18671,E,2024-07-24,travel,649
18672,E,2024-03-20,auto,544
18673,N,2024-05-29,health,606
18674,S,2024-11-18,travel,620
18675,E,2024-03-01,home,697
18676,S,2024-07-30,travel,476
18677,N,2024-08-27,home,519
18678,N,2024-10-13,health,728
18679,S,2024-05-30,home,1051
18680,N,2024-02-27,travel,688
18681,W,2024-07-29,auto,657
18682,S,2024-02-19,health,555
18683,N,2024-01-17,home,996
18685,E,2024-05-21,travel,563
18686,W,2024-07-05,home,$521
18687,N,2024-01-02,travel,976
18688,W,2024-10-14,health,732
18689,E,2024-01-30,travel,687
18690,W,2024-08-17,home,694
18691,E,2024-07-25,travel,757
18692,E,2024-02-14,auto,544
18693,W,2024-09-04,health,494
18694,S,2024-09-10,travel,657
18695,S,2024-06-03,home,943
18696,N,2024-03-28,travel,594
18697,E,2024-08-17,travel,$853
18698,E,2024-05-08,health,518
18699,W,2024-10-06,travel,849
18700,S,2024-01-08,health,558
18701,S,2024-03-28,travel,USD 567
18702,W,2024-06-23,auto,546
18703,E,2024-10-29,home,543
18704,N,2024-06-27,health,441
18705,N,2024-08-12,home,686
18706,S,2024-03-30,travel,977
18707,W,2024-08-13,home,609
18708,E,2024-10-02,health,814
18709,W,2024-07-17,auto,785
18711,S,2024-11-18,home,645
18712,S,2024-08-23,home,594
18713,N,2024-09-05,travel,1056
18714,E,2024-10-18,home,635
18715,N,2024-08-02,home,488
18716,N,2024-10-07,travel,766
18717,W,2024-09-12,travel,683
18718,W,2024-03-29,health,836
18719,S,2024-04-21,auto,650
18720,S,2024-04-18,home,522
18721,E,2024-08-04,travel,491
18722,W,2024-02-01,home,585
18723,N,2024-08-09,auto,729
18724,E,2024-01-18,travel,672
18725,N,2024-07-02,health,909
18726,W,2024-08-14,travel,553
18727,S,2024-03-23,home,474
18728,S,2024-01-11,home,$831
18729,S,2024-01-10,health,595
18730,S,2024-03-23,home,789
18731,S,2024-01-25,health,597
18732,S,2024-02-28,auto,729
18733,S,2024-01-07,travel,1009
18734,N,2024-10-23,auto,556
18735,E,2024-06-25,health,639
18736,E,2024-04-04,home,487
18737,W,2024-10-11,travel,864
18738,E,2024-07-20,home,1018
18739,W,2024-05-13,travel,554
18740,S,2024-01-16,health,862
18741,E,2024-03-31,auto,783
18742,W,2024-04-02,travel,678
18743,N,2024-10-09,auto,540
18744,E,2024-01-14,home,559
18745,W,2024-05-03,auto,691
18746,N,2024-08-12,home,550
18747,W,2024-05-27,auto,538
18748,E,2024-08-30,travel,$979
18749,E,2024-08-07,home,793
18750,S,2024-06-05,auto,798
18751,S,2024-02-12,auto,1079
18752,N,2024-06-10,auto,908
18753,N,2024-01-14,auto,694
18754,S,2024-03-13,auto,401
18755,N,2024-03-21,auto,758
18756,N,2024-07-02,travel,631
18757,W,2024-09-19,home,588
18758,S,2024-04-29,health,723
18759,W,2024-06-21,auto,779
18760,E,2024-01-25,health,676
18761,E,2024-07-16,auto,600
18762,N,2024-03-19,travel,859
18763,N,2024-01-28,travel,644
18764,W,2024-01-27,health,675
18765,S,2024-06-20,health,596
18766,S,2024-01-25,health,600
18767,N,2024-05-27,health,512
18768,W,2024-06-13,travel,552
18769,S,2024-01-05,auto,682
18770,S,2024-11-24,health,711
18771,N,2024-05-22,auto,685
18772,S,2024-01-31,travel,609
18773,N,2024-08-18,auto,391
18774,N,2024-08-18,health,517
18775,W,2024-02-25,health,$656
18776,W,2024-08-13,health,651
18777,E,2024-03-22,travel,633
18778,S,2024-04-12,home,620
18779,N,2024-10-02,travel,826
18780,S,2024-05-09,home,779
18781,N,2024-05-10,travel,455
18782,S,2024-04-15,travel,638
18783,E,2024-01-09,travel,727
18784,N,2024-02-17,health,708
18785,E,2024-06-16,auto,$760
18786,S,2024-08-01,home,761
18787,S,2024-06-28,home,1044
18788,S,2024-11-04,health,567
18789,E,2024-01-22,home,514
18790,E,2024-04-07,auto,668
18791,S,2024-03-13,auto,$609
18792,W,2024-09-23,travel,838
18793,S,2024-06-22,travel,523
18794,N,2024-08-03,health,USD 754
18795,W,2024-10-13,health,737
18796,N,2024-02-24,home,554
18797,W,2024-01-30,travel,706
18798,W,2024-04-03,home,598
18799,E,2024-04-14,travel,$780
18800,W,2024-10-17,auto,730
18801,S,2024-03-21,home,837
18802,N,2024-01-20,auto,674
18803,W,2024-06-03,travel,739
18804,S,2024-06-10,auto,813
18806,W,2024-08-16,auto,707
18807,S,2024-06-26,home,$691
18808,E,2024-04-30,travel,1159
18809,E,2024-10-14,travel,487
18810,N,2024-08-20,travel,731
18811,S,2024-01-28,health,757
18813,S,2024-11-08,auto,1120
18814,S,2024-10-10,auto,659
18815,S,2024-02-05,auto,869
18817,S,2024-01-02,travel,585
18818,N,2024-01-25,home,835
18819,N,2024-01-24,home,686
18820,W,2024-04-11,home,605
18821,N,2024-11-14,travel,608
18822,S,2024-03-09,auto,$507
18823,W,2024-10-19,home,648
18824,E,2024-08-28,health,530
18825,W,2024-02-26,home,396
18826,W,2024-08-22,health,707
18828,W,2024-06-03,health,$708
18829,N,2024-02-05,auto,711
18830,N,2024-04-22,travel,544
18831,W,2024-01-23,home,639
18832,E,2024-03-21,auto,765
18833,E,2024-02-16,travel,618
18834,W,2024-03-23,auto,897
18835,E,2024-08-12,health,751
18836,E,2024-02-18,auto,515
18837,W,2024-06-24,travel,1092
18838,W,2024-11-22,auto,726
18839,S,2024-07-19,travel,602
18840,E,2024-07-15,travel,755
18843,E,2024-02-10,auto,765
18844,E,2024-08-06,health,637
18845,W,2024-01-14,travel,1059
18846,N,2024-10-27,travel,852
18847,E,2024-05-03,travel,659
18849,W,2024-06-27,health,562
18850,S,2024-05-26,home,754
18851,N,2024-01-19,travel,536
18852,E,2024-07-15,auto,794
18853,N,2024-10-08,travel,558
18854,E,2024-08-01,auto,784
18855,W,2024-07-10,auto,998
18856,S,2024-02-04,auto,598
18857,N,2024-11-01,health,956
18859,W,2024-11-01,health,672
18860,N,2024-06-26,auto,$637
18861,N,2024-03-31,auto,846
18862,S,2024-08-31,health,519
18863,E,2024-10-04,home,600
18865,N,2024-04-14,auto,1108
18866,N,2024-06-20,home,834
18867,W,2024-03-02,travel,643
18868,S,2024-04-13,home,562
18869,W,2024-10-20,travel,512
18870,S,2024-08-23,home,595
18871,S,2024-04-22,travel,588
18872,E,2024-03-04,travel,549
18873,E,2024-06-25,health,654
18874,E,2024-10-20,home,548
18875,W,2024-11-26,auto,836
18876,E,2024-04-16,auto,487
18877,S,2024-04-01,travel,622
18878,S,2024-04-21,travel,787
18880,W,2024-03-12,travel,972
18881,S,2024-05-29,home,834
18882,E,2024-06-16,auto,790
18883,S,2024-10-26,auto,$658
18884,W,2024-09-09,home,731
18885,W,2024-07-15,health,1119
18886,E,2024-01-19,home,636
18888,S,2024-05-28,auto,611
18889,N,2024-07-26,home,619
18890,S,2024-02-24,auto,614
18891,S,2024-05-06,auto,662
18892,N,2024-02-21,travel,624
18893,S,2024-06-11,travel,565
18894,S,2024-08-07,health,576
18895,W,2024-08-12,health,736
18896,W,2024-01-21,health,903
18897,W,2024-04-22,health,756
18898,N,2024-10-14,travel,497
18899,W,2024-10-02,travel,614
18900,W,2024-11-19,home,712
18902,S,2024-03-04,health,633
18903,W,2024-06-18,travel,717
18904,E,2024-02-22,home,687
18905,W,2024-07-05,health,578
18907,E,2024-09-19,home,704
18908,W,2024-11-09,auto,549
18909,E,2024-04-06,travel,610
18910,E,2024-01-11,health,480
18911,W,2024-07-08,auto,563
18912,W,2024-01-04,health,882
18913,W,2024-10-25,home,715
18914,W,2024-05-06,auto,506
18915,W,2024-07-11,health,849
18916,W,2024-04-24,home,1004
18917,E,2024-04-04,health,675
18918,W,2024-02-11,travel,515
18919,E,2024-05-01,health,548
18920,W,2024-04-01,home,462
18921,E,2024-02-24,travel,599
18922,N,2024-01-01,health,665
18923,S,2024-04-15,home,909
18924,W,2024-05-31,health,862
18925,N,2024-01-29,home,628
18926,S,2024-01-25,travel,692
18927,E,2024-08-02,health,682
18928,N,2024-10-14,travel,872
18929,S,2024-05-21,travel,473
18930,S,2024-09-03,travel,595
18931,S,2024-04-09,auto,515
18932,W,2024-04-22,health,957
18933,S,2024-08-05,health,682
18934,E,2024-03-19,home,804
18935,N,2024-04-16,travel,865
18936,E,2024-10-29,auto,422
18937,S,2024-03-21,auto,657
18938,N,2024-07-18,home,630
18939,N,2024-02-16,auto,628
18940,W,2024-06-11,auto,644
18941,S,2024-03-08,auto,577
18942,E,2024-11-21,travel,436
18943,S,2024-09-05,auto,819
18944,E,2024-06-05,home,623
18945,N,2024-03-11,health,490
18946,S,2024-11-02,auto,563
18947,N,2024-07-26,home,655
18948,W,2024-09-18,home,820
18949,W,2024-04-16,auto,801
18950,N,2024-06-18,travel,857
18951,E,2024-05-25,auto,536
18952,E,2024-04-30,health,567
18953,N,2024-05-16,auto,764
18954,W,2024-07-20,auto,606
18955,W,2024-02-28,travel,568
18956,E,2024-03-01,health,966
18957,N,2024-06-09,travel,371
18958,E,2024-11-24,auto,1031
18959,N,2024-03-16,health,673
18960,E,2024-03-15,health,1075
18961,E,2024-08-28,travel,497
18962,W,2024-08-12,home,USD 636
18963,W,2024-01-22,health,828
18964,E,2024-01-16,auto,495
18965,E,2024-05-10,home,652
18966,S,2024-03-26,health,568
18967,N,2024-03-20,home,$709
18969,S,2024-09-30,home,711
18970,W,2024-08-23,auto,661
18971,S,2024-01-31,travel,797
18972,N,2024-02-20,travel,459
18973,S,2024-03-11,auto,656
18974,S,2024-08-27,auto,USD 563
18975,E,2024-05-07,home,$939
18976,S,2024-07-05,home,688
18977,N,2024-09-30,health,668
18978,W,2024-07-19,travel,615
18979,E,2024-09-09,travel,598
18980,E,2024-11-03,home,557
18981,N,2024-06-05,health,915
18982,W,2024-02-24,home,742
18983,N,2024-02-24,health,514
18984,S,2024-04-10,home,670
18986,E,2024-08-02,health,$734
18987,N,2024-10-20,travel,520
18988,E,2024-02-05,travel,827
18989,N,2024-09-27,auto,$487
18990,E,2024-06-20,health,777
18991,W,2024-02-23,home,909
18993,N,2024-06-08,auto,$609
18994,W,2024-01-22,travel,831
18995,W,2024-06-30,auto,877
18996,W,2024-04-16,health,669
18997,W,2024-08-05,travel,812
18998,N,2024-05-13,auto,USD 912
18999,S,2024-11-05,home,1190
19000,S,2024-01-14,health,480
19001,E,2024-01-14,home,665
19002,S,2024-01-19,health,792
19003,E,2024-05-10,health,702
19004,N,2024-10-25,auto,629
19005,S,2024-03-11,auto,720
19006,W,2024-09-22,travel,671
19007,E,2024-10-05,home,396
19008,S,2024-10-27,home,687
19009,S,2024-03-27,health,946
19010,N,2024-08-03,travel,658
19011,W,2024-03-19,travel,745
19012,W,2024-10-30,health,400
19013,S,2024-07-28,auto,677
19014,E,2024-03-03,health,741
19015,N,2024-04-06,travel,724
19016,W,2024-07-01,home,538
19017,N,2024-11-09,travel,862
19018,S,2024-04-02,travel,827
19019,N,2024-10-01,auto,608
19020,N,2024-04-03,health,714
19021,S,2024-01-02,home,440
19022,W,2024-07-18,home,572
19023,N,2024-09-27,auto,554
19024,N,2024-08-26,home,796
19025,E,2024-03-13,home,820
19026,S,2024-10-17,home,505
19027,N,2024-02-03,health,563
19028,S,2024-03-13,home,625
19029,S,2024-02-15,home,415
19030,W,2024-02-14,health,$814
19031,W,2024-05-19,auto,525
19032,W,2024-03-12,auto,595
19033,N,2024-10-15,home,734
19034,E,2024-01-20,travel,690
19035,S,2024-01-06,health,USD 685
19036,W,2024-10-17,health,645
19037,N,2024-01-11,health,485
19038,W,2024-07-10,home,666
19039,N,2024-09-27,health,757
19040,W,2024-09-28,travel,506
19041,N,2024-01-18,health,714
19042,E,2024-01-24,auto,620
19043,W,2024-03-28,auto,767
19044,N,2024-08-12,home,721
19045,S,2024-10-19,travel,1015
19046,N,2024-02-27,home,853
19047,W,2024-11-09,auto,699
19048,N,2024-08-25,travel,672
19049,S,2024-04-10,health,754
19051,N,2024-07-15,travel,726
19053,N,2024-11-25,home,557
19054,W,2024-09-02,health,491
19055,S,2024-09-26,home,543
19057,N,2024-10-18,health,722
19058,W,2024-01-30,auto,802
19059,W,2024-11-19,home,658
19060,W,2024-06-06,home,544
19061,E,2024-08-15,travel,980
19062,N,2024-10-21,home,904
19063,E,2024-09-27,travel,$890
19064,S,2024-03-27,auto,644
19065,S,2024-11-24,travel,477
19066,W,2024-08-25,travel,493
19067,N,2024-06-14,auto,620
19068,S,2024-01-24,travel,453
19069,S,2024-05-29,auto,653
19070,S,2024-01-01,health,381
19071,S,2024-01-30,home,668
19072,E,2024-07-16,auto,622
19073,W,2024-03-14,health,635
19074,W,2024-07-16,health,755
19075,E,2024-03-13,health,563
19076,W,2024-03-07,home,USD 706
19078,W,2024-10-23,auto,862
19080,W,2024-03-24,auto,466
19081,E,2024-06-30,travel,659
19082,E,2024-09-05,home,559
19083,E,2024-04-19,home,513
19084,N,2024-07-11,travel,817
19085,N,2024-08-05,travel,522
19086,E,2024-06-02,home,882
19087,E,2024-04-15,health,810
19088,S,2024-06-01,health,936
19089,E,2024-04-26,travel,776
19090,W,2024-09-18,auto,525
19091,E,2024-10-08,home,$961
19092,W,2024-07-26,home,751
19093,W,2024-09-17,health,915
19094,E,2024-11-06,travel,589
19095,E,2024-09-25,home,757
19096,S,2024-03-29,auto,$891
19097,W,2024-01-26,auto,710
19098,N,2024-07-07,health,498
19099,S,2024-01-14,health,688
19100,E,2024-01-05,home,586
19101,E,2024-04-04,travel,592
19102,S,2024-09-21,health,USD 553
19104,W,2024-09-22,health,702
19106,N,2024-07-20,auto,$679
19107,S,2024-01-14,health,1198
19108,E,2024-10-26,home,744
19109,S,2024-02-24,health,630
19110,W,2024-06-27,home,1167
19111,W,2024-10-12,health,772
19112,N,2024-01-11,travel,606
19113,S,2024-05-31,health,696
19114,N,2024-02-20,travel,720
19115,E,2024-04-10,travel,561
19116,E,2024-06-05,home,609
19117,W,2024-04-19,health,767
19118,W,2024-11-07,health,563
19119,N,2024-07-28,home,972
19120,S,2024-05-20,home,355
19121,N,2024-01-03,health,533
19122,E,2024-04-06,home,859
19123,N,2024-06-22,auto,757
19124,E,2024-11-14,home,906
19125,S,2024-02-02,home,713
19126,S,2024-06-06,health,778
19127,E,2024-01-13,health,1191
19128,N,2024-01-19,home,916
19129,W,2024-07-22,auto,$495
19130,W,2024-08-07,auto,615
19132,N,2024-07-06,auto,533
19133,N,2024-11-09,home,771
19134,S,2024-10-26,auto,905
19135,N,2024-04-14,home,738
19136,N,2024-02-15,travel,657
19137,W,2024-02-18,auto,677
19138,N,2024-07-07,health,601
19139,W,2024-06-04,travel,USD 520
19140,E,2024-06-15,home,792
19141,E,2024-11-25,home,540
19142,N,2024-04-17,health,617
19143,N,2024-07-25,health,629
19144,E,2024-09-15,health,763
19145,E,2024-09-09,auto,702
19146,W,2024-03-28,home,$653
19148,N,2024-02-21,health,903
19149,N,2024-07-16,health,859
19150,E,2024-02-07,auto,934
19151,E,2024-05-25,travel,720
19152,W,2024-05-11,home,441
19153,N,2024-08-24,auto,616
19154,N,2024-02-27,health,514
19155,N,2024-01-14,travel,587
19156,W,2024-10-05,travel,527
19157,S,2024-05-18,health,576
19158,W,2024-04-18,health,369
19159,E,2024-06-25,travel,610
19160,N,2024-05-16,health,602
19161,S,2024-01-27,health,757
19162,W,2024-01-11,health,567
19163,W,2024-01-26,travel,742
19164,W,2024-07-19,auto,612
19165,S,2024-02-23,travel,490
19166,S,2024-04-19,auto,989
19167,W,2024-11-01,home,1044
19168,W,2024-06-15,auto,558
19169,S,2024-03-05,travel,650
19170,E,2024-10-02,travel,$506
19171,W,2024-05-08,travel,545
19172,E,2024-09-06,home,739
19173,E,2024-09-18,auto,482
19175,E,2024-10-18,health,895
19176,S,2024-07-15,health,748
19177,E,2024-05-27,travel,650
19178,S,2024-11-01,home,605
19179,S,2024-03-26,auto,508
19180,W,2024-02-25,auto,833
19181,W,2024-05-18,home,626
19182,W,2024-08-02,health,973
19183,S,2024-01-10,auto,546
19184,E,2024-03-09,home,707
19185,E,2024-10-04,auto,520
19187,W,2024-02-17,health,521
19188,E,2024-08-09,travel,609
19189,S,2024-04-20,health,660
19190,S,2024-03-26,auto,457
19191,E,2024-06-06,health,960
19192,W,2024-05-14,auto,771
19193,W,2024-10-09,health,675
19194,S,2024-07-17,auto,654
19195,E,2024-01-01,auto,728
19196,S,2024-02-22,home,646
19197,W,2024-06-09,auto,873
19198,W,2024-05-05,auto,533
19199,S,2024-07-27,travel,1270
19200,W,2024-05-21,auto,649
19202,S,2024-11-04,travel,671
19203,N,2024-04-29,home,751
19205,S,2024-09-29,health,$606
19206,E,2024-07-03,health,702
19207,W,2024-04-01,home,707
19208,S,2024-02-17,travel,611
19209,S,2024-01-19,auto,746
19210,W,2024-03-05,home,1281
19211,W,2024-04-08,travel,588
19212,E,2024-03-13,auto,683
19213,W,2024-09-27,health,616
19214,E,2024-02-24,travel,608
19215,S,2024-01-12,travel,$611
19216,S,2024-09-02,health,552
19217,S,2024-01-20,home,918
19218,E,2024-06-13,home,696
19219,N,2024-08-12,home,$856
19220,S,2024-01-27,health,479
19221,E,2024-06-10,home,845
19222,N,2024-01-25,home,USD 640
19223,E,2024-06-17,auto,489
19224,S,2024-02-24,auto,547
19225,S,2024-04-27,home,637
19226,N,2024-08-07,health,649
19227,S,2024-04-09,home,552
19228,W,2024-07-07,auto,USD 563
19229,W,2024-04-22,health,794
19230,E,2024-07-28,auto,459
19231,E,2024-03-21,home,993
19232,E,2024-05-18,travel,661
19233,S,2024-07-27,travel,791
19234,S,2024-01-19,home,696
19235,N,2024-07-19,auto,457
19236,W,2024-11-25,health,470
19237,W,2024-03-11,travel,595
19239,W,2024-10-26,health,727
19240,N,2024-10-27,home,"$1,022"
19241,S,2024-07-01,travel,605
19242,E,2024-04-29,health,629
19243,E,2024-10-24,auto,$655
19244,E,2024-02-14,auto,899
19245,W,2024-01-17,home,807
19246,E,2024-04-05,auto,608
19247,N,2024-02-03,home,898
19248,E,2024-10-11,travel,951
19249,S,2024-02-21,auto,582
19250,E,2024-05-19,travel,635
19251,S,2024-02-19,travel,619
19252,N,2024-08-02,health,688
19253,E,2024-05-09,auto,489
19254,W,2024-10-19,home,701
19255,E,2024-02-17,travel,691
19256,W,2024-08-18,health,400
19257,S,2024-02-26,home,831
19258,N,2024-05-26,travel,520
19259,W,2024-04-15,travel,530
19260,N,2024-10-02,travel,712
19261,N,2024-01-19,health,441
19262,S,2024-06-13,health,536
19263,E,2024-01-19,health,854
19264,E,2024-06-27,home,588
19265,E,2024-09-03,auto,603
19266,W,2024-02-03,auto,466
19267,W,2024-10-15,travel,784
19268,E,2024-11-03,home,548
19269,S,2024-01-25,health,690
19270,S,2024-11-05,auto,449
19272,W,2024-09-27,health,940
19273,N,2024-02-12,home,763
19274,S,2024-06-15,travel,697
19275,E,2024-08-01,travel,664
19276,S,2024-06-27,home,501
19277,E,2024-03-18,auto,626
19278,S,2024-11-09,auto,914
19279,S,2024-04-22,travel,618
19280,W,2024-08-25,home,560
19281,W,2024-06-13,home,650
19282,S,2024-02-01,auto,873
19283,W,2024-03-26,auto,USD 680
19284,E,2024-09-18,health,525
19285,W,2024-04-20,travel,534
19286,S,2024-03-11,auto,510
19287,S,2024-04-26,auto,533
19288,N,2024-03-18,health,654
19289,W,2024-11-06,home,702
19290,E,2024-03-18,auto,351
19291,E,2024-09-04,travel,703
19292,N,2024-02-28,auto,1086
19293,E,2024-07-06,auto,768
19294,E,2024-08-08,travel,696
19295,E,2024-04-21,auto,399
19296,E,2024-01-04,home,$868
19297,E,2024-03-21,health,$967
19298,N,2024-04-05,travel,$700
19299,S,2024-09-12,health,$728
19300,S,2024-01-17,travel,557
19301,W,2024-08-22,home,731
19302,N,2024-02-22,travel,713
19304,S,2024-01-05,home,509
19305,E,2024-03-13,auto,799
19306,E,2024-06-08,health,USD 762
19307,E,2024-05-09,home,786
19308,W,2024-11-12,auto,604
19309,S,2024-04-11,auto,667
19310,N,2024-02-26,health,696
19311,N,2024-03-01,home,609
19312,S,2024-01-03,travel,583
19313,E,2024-04-02,health,521
19314,E,2024-04-17,travel,478
19315,W,2024-09-02,home,768
19316,N,2024-09-05,auto,844
19317,W,2024-05-10,auto,615
19318,N,2024-06-17,health,636
19319,N,2024-07-03,travel,482
19320,S,2024-03-15,auto,598
19321,N,2024-10-12,health,698
19322,N,2024-08-31,travel,751
19323,S,2024-01-22,travel,USD 669
19324,W,2024-10-29,travel,662
19325,N,2024-10-09,auto,643
19326,N,2024-06-04,health,476
19327,S,2024-08-06,travel,488
19328,W,2024-07-20,travel,$707
19329,S,2024-07-11,health,804
19330,S,2024-07-05,health,580
19331,W,2024-06-27,health,683
19332,S,2024-09-12,health,613
19333,E,2024-04-10,home,650
19334,S,2024-10-04,travel,402
19335,W,2024-03-27,auto,644
19336,S,2024-04-24,travel,828
19337,W,2024-11-13,auto,638
19338,S,2024-07-18,travel,541
19339,W,2024-06-19,travel,696
19340,N,2024-08-19,health,742
19341,W,2024-08-12,travel,639
19342,E,2024-02-06,auto,500
19343,W,2024-06-16,health,355
19344,W,2024-02-16,health,672
19345,N,2024-09-24,home,471
19346,N,2024-05-05,home,589
19347,N,2024-02-25,auto,585
19348,E,2024-02-06,health,1032
19349,W,2024-09-09,travel,589
19350,E,2024-02-04,health,781
19351,E,2024-02-25,travel,558
19352,S,2024-05-28,health,632
19353,E,2024-02-28,auto,699
19354,E,2024-04-25,health,385
19355,W,2024-07-22,auto,803
19356,N,2024-11-09,auto,785
19357,W,2024-02-17,auto,868
19358,N,2024-02-13,health,503
19359,E,2024-01-27,home,812
19360,E,2024-04-25,health,807
19361,N,2024-03-09,health,734
19362,S,2024-05-18,auto,666
19363,S,2024-07-12,home,784
19364,E,2024-02-29,home,451
19365,E,2024-07-30,auto,773
19366,S,2024-01-04,health,484
19367,W,2024-08-23,health,$575
19368,W,2024-01-01,auto,743
19369,N,2024-03-28,auto,511
19370,N,2024-07-02,auto,559
19371,W,2024-06-16,health,630
19372,S,2024-06-17,auto,884
19373,W,2024-03-20,home,749
19374,E,2024-06-02,home,788
19375,E,2024-03-02,auto,USD 1059
19376,W,2024-01-28,auto,733
19377,W,2024-04-03,home,$720
19378,S,2024-05-16,home,498
19379,S,2024-01-03,health,687
19380,S,2024-03-04,travel,979
19381,W,2024-08-15,auto,718
19382,S,2024-02-21,auto,922
19383,N,2024-09-24,home,767
19384,N,2024-05-02,auto,476
19385,W,2024-04-19,auto,567
19386,W,2024-06-21,health,643
19387,W,2024-01-01,auto,641
19388,N,2024-03-21,home,504
19390,W,2024-05-19,auto,860
19391,W,2024-07-08,travel,934
19392,E,2024-06-17,auto,680
19393,E,2024-08-23,travel,966
19394,E,2024-10-04,auto,734
19395,W,2024-02-01,auto,805
19397,E,2024-01-30,health,1189
19398,S,2024-10-05,auto,476
19399,E,2024-02-07,auto,954
19400,S,2024-08-28,health,518
19401,S,2024-10-05,travel,600
19402,E,2024-10-09,travel,668
19403,E,2024-03-22,home,517
19404,W,2024-05-19,travel,591
19405,N,2024-06-12,home,604
19406,W,2024-05-03,travel,575
19407,N,2024-04-11,health,690
19408,S,2024-06-03,home,844
19409,N,2024-07-18,auto,470
19410,W,2024-09-15,home,604
19411,W,2024-02-19,health,958
19412,W,2024-09-20,travel,536
19413,E,2024-07-31,home,USD 547
19414,W,2024-05-24,home,651
19415,W,2024-09-09,home,605
19416,E,2024-02-20,home,693
19417,W,2024-03-19,auto,455
19418,W,2024-11-17,home,486
19419,E,2024-10-27,auto,999
19420,W,2024-07-02,travel,599
19421,S,2024-09-14,travel,763
19422,S,2024-09-09,auto,514
19423,E,2024-03-07,home,542
19424,N,2024-10-19,home,650
19425,N,2024-04-14,health,627
19426,E,2024-08-01,health,683
19427,W,2024-09-08,travel,488
19428,N,2024-03-15,auto,667
19429,N,2024-09-09,auto,693
19430,W,2024-04-08,health,659
19431,N,2024-07-11,auto,764
19432,E,2024-04-24,home,790
19433,W,2024-01-21,travel,968
19434,S,2024-03-13,health,618
19435,W,2024-03-06,auto,891
19436,E,2024-08-16,auto,758
19437,W,2024-08-16,home,484
19438,S,2024-01-12,health,867
19439,N,2024-06-22,auto,$721
19440,W,2024-07-11,travel,603
19441,W,2024-06-18,home,588
19442,W,2024-04-01,travel,554
19443,S,2024-10-15,auto,547
19444,E,2024-07-11,travel,546
19445,W,2024-06-21,home,646
19446,S,2024-10-23,auto,$552
19447,N,2024-01-19,travel,529
19448,S,2024-05-18,travel,659
19449,W,2024-08-09,home,779
19450,N,2024-11-01,travel,$812
19451,S,2024-02-05,home,USD 422
19453,W,2024-04-14,travel,636
19454,N,2024-08-06,travel,497
19455,E,2024-04-04,auto,762
19456,S,2024-09-07,health,720
19457,E,2024-11-18,auto,USD 795
19458,E,2024-05-08,travel,676
19459,N,2024-03-02,home,622
19461,N,2024-04-30,home,$715
19462,E,2024-09-12,auto,625
19463,S,2024-01-05,travel,599
19464,S,2024-07-21,travel,558
19465,N,2024-05-07,health,665
19466,S,2024-10-26,travel,801
19467,E,2024-03-13,travel,882
19469,S,2024-01-06,home,627
19472,N,2024-10-27,home,732
19473,N,2024-10-16,travel,621
19474,N,2024-03-09,auto,723
19475,S,2024-04-15,auto,536
19476,E,2024-04-05,health,631
19477,W,2024-06-12,travel,695
19478,W,2024-01-14,travel,491
19479,S,2024-01-02,health,774
19480,W,2024-06-10,travel,719
19481,E,2024-06-10,home,691
19483,W,2024-05-18,health,686
19484,S,2024-01-09,travel,699
19485,W,2024-11-02,health,631
19486,S,2024-01-26,health,633
19487,N,2024-07-19,travel,809
19488,W,2024-05-02,health,739
19489,E,2024-04-19,health,720
19490,S,2024-08-27,auto,586
19491,N,2024-10-30,travel,522
19492,W,2024-11-14,health,706
19493,E,2024-06-15,travel,USD 587
19494,E,2024-03-06,travel,439
19495,E,2024-09-27,travel,433
19496,N,2024-11-23,travel,$821
19497,S,2024-06-11,travel,793
19498,N,2024-02-07,health,836
19499,N,2024-01-28,health,749
19500,S,2024-01-18,home,797
19502,W,2024-07-08,auto,$635
19503,W,2024-04-06,auto,559
19504,E,2024-03-28,auto,594
19505,W,2024-09-02,home,846
19506,N,2024-02-13,auto,865
19507,S,2024-10-28,home,889
19508,N,2024-06-23,travel,668
19509,S,2024-05-30,travel,537
19510,E,2024-07-28,health,804
19511,S,2024-06-03,travel,USD 808
19512,E,2024-11-10,home,627
19513,S,2024-07-01,home,1191
19514,N,2024-06-06,travel,470
19515,N,2024-10-01,auto,457
19516,W,2024-08-21,travel,437
19517,W,2024-07-16,auto,617
19518,S,2024-03-23,auto,663
19519,W,2024-01-28,travel,731
19520,W,2024-05-07,travel,818
19521,W,2024-04-23,auto,858
19522,W,2024-10-22,health,USD 558
19523,S,2024-04-26,home,543
19524,W,2024-10-22,health,594
19525,S,2024-09-26,travel,718
19526,E,2024-04-23,health,1211
19527,W,2024-10-21,auto,475
19529,S,2024-05-26,travel,545
19530,W,2024-03-28,travel,1059
19531,W,2024-06-08,health,615
19532,W,2024-08-25,travel,760
19533,S,2024-10-17,travel,523
19534,N,2024-06-17,home,824
19535,E,2024-02-19,home,694
19536,W,2024-06-16,travel,635
19537,E,2024-03-18,auto,1002
19538,N,2024-02-27,health,696
19539,W,2024-03-27,travel,441
19540,N,2024-06-14,auto,486
19541,E,2024-11-20,auto,USD 555
19542,N,2024-11-25,travel,620
19543,E,2024-03-01,auto,940
19544,N,2024-09-05,auto,661
19545,N,2024-09-09,home,758
19546,E,2024-06-11,home,951
19547,S,2024-09-22,health,769
19548,N,2024-10-27,health,628
19549,W,2024-01-23,home,534
19550,S,2024-09-19,auto,705
19551,W,2024-07-30,travel,927
19552,S,2024-04-29,health,640
19553,N,2024-01-30,auto,828
19554,S,2024-01-22,home,398
19555,S,2024-05-06,travel,554
19556,S,2024-03-19,auto,899
19557,E,2024-03-21,auto,627
19558,S,2024-09-26,health,681
19559,E,2024-01-22,auto,544
19560,W,2024-07-24,health,762
19561,E,2024-07-25,auto,614
19562,N,2024-09-18,health,766
19563,E,2024-05-31,home,$987
19564,N,2024-04-27,travel,612
19565,W,2024-03-05,home,750
19566,W,2024-01-23,travel,560
19567,N,2024-08-07,travel,671
19568,S,2024-04-05,travel,450
19569,E,2024-08-22,travel,729
19570,W,2024-09-19,travel,580
19572,E,2024-07-15,health,636
19573,E,2024-09-30,health,629
19574,W,2024-09-02,home,617
19575,N,2024-11-12,travel,475
19576,N,2024-02-19,travel,648
19577,W,2024-05-15,health,712
19578,S,2024-05-09,travel,647
19579,S,2024-03-30,home,718
19580,W,2024-06-23,travel,522
19581,W,2024-06-22,health,412
19582,W,2024-10-29,auto,840
19583,S,2024-10-08,auto,858
19584,N,2024-02-15,health,840
19585,S,2024-01-27,health,936
19586,N,2024-06-09,travel,599
19587,W,2024-02-27,travel,817
19588,E,2024-06-07,health,896
19589,E,2024-05-03,travel,866
19590,W,2024-03-02,travel,739
19591,S,2024-10-13,travel,722
19592,W,2024-05-05,travel,704
19593,S,2024-03-25,auto,475
19594,N,2024-06-09,home,930
19595,N,2024-02-20,home,1080
19596,E,2024-10-01,health,647
19597,E,2024-10-30,travel,677
19598,W,2024-04-15,home,546
19599,W,2024-05-16,auto,802
19600,E,2024-04-25,health,$746
19601,W,2024-08-01,auto,752
19602,W,2024-02-07,auto,774
19603,E,2024-01-26,auto,1050
19604,E,2024-10-31,health,673
19605,N,2024-11-07,auto,458
19606,S,2024-06-18,travel,517
19607,E,2024-07-03,home,792
19608,S,2024-04-29,home,711
19609,S,2024-07-30,travel,854
19611,S,2024-08-21,health,625
19612,E,2024-09-18,home,761
19613,W,2024-08-21,travel,568
19614,W,2024-07-12,auto,760
19615,E,2024-05-22,travel,837
19616,E,2024-04-30,home,872
19617,N,2024-07-01,home,548
19618,N,2024-08-18,travel,$542
19619,W,2024-01-29,health,494
19620,W,2024-03-04,auto,735
19621,S,2024-10-10,auto,947
19622,N,2024-07-15,health,550
19623,N,2024-08-06,auto,622
19624,E,2024-06-23,home,667
19625,W,2024-08-16,health,789
19626,W,2024-03-23,travel,687
19627,E,2024-01-12,travel,1087
19628,N,2024-01-19,health,610
19629,S,2024-03-27,travel,539
19630,E,2024-07-21,health,597
19631,S,2024-06-04,health,511
19632,W,2024-04-03,travel,420
19633,W,2024-07-20,home,882
19634,E,2024-05-22,auto,1056
19635,N,2024-09-19,travel,639
19636,S,2024-09-03,travel,541
19637,E,2024-06-09,travel,647
19638,E,2024-02-22,auto,672
19640,N,2024-06-21,auto,597
19641,E,2024-11-09,home,545
19642,W,2024-08-16,home,420
19643,S,2024-03-10,home,640
19644,W,2024-09-25,auto,1153
19645,W,2024-06-15,health,USD 547
19646,S,2024-11-14,auto,602
19647,E,2024-08-03,auto,614
19648,N,2024-01-21,travel,683
19649,W,2024-06-03,auto,761
19650,W,2024-09-10,travel,599
19651,W,2024-03-18,health,459
19652,W,2024-07-22,travel,471
19653,W,2024-01-04,auto,618
19654,W,2024-07-22,home,646
19655,S,2024-03-12,auto,611
19656,E,2024-06-29,home,838
19657,W,2024-05-23,travel,521
19658,N,2024-09-07,auto,464
19659,W,2024-03-18,health,434
19660,W,2024-11-23,auto,613
19661,S,2024-11-18,home,778
19662,N,2024-10-23,home,870
19663,E,2024-11-01,home,741
19664,S,2024-06-18,auto,577
19665,E,2024-07-04,home,602
19666,N,2024-09-19,auto,566
19667,S,2024-04-26,home,626
19668,W,2024-11-02,auto,726
19669,W,2024-06-02,auto,834
19670,W,2024-05-27,health,606
19671,S,2024-08-20,travel,512
19672,W,2024-06-05,auto,561
19673,N,2024-05-13,travel,611
19674,E,2024-02-14,home,USD 556
19675,E,2024-09-03,travel,673
19676,E,2024-09-09,home,977
19677,E,2024-10-03,auto,364
19678,S,2024-05-28,health,591
19679,E,2024-08-20,home,649
19680,N,2024-02-27,auto,624
19683,S,2024-01-22,auto,883
19684,W,2024-06-18,auto,898
19686,E,2024-02-07,travel,473
19688,W,2024-10-09,home,584
19689,N,2024-10-05,travel,526
19690,N,2024-02-07,health,522
19691,S,2024-01-19,home,599
19692,S,2024-06-27,home,673
19693,N,2024-07-14,health,USD 699
19694,E,2024-02-04,auto,589
19695,E,2024-07-23,home,556
19696,W,2024-02-27,auto,583
19697,S,2024-03-12,home,1003
19698,N,2024-07-07,travel,469
19699,N,2024-06-01,home,759
19700,N,2024-07-26,home,951
19701,N,2024-06-04,home,608
19702,W,2024-03-28,auto,482
19703,S,2024-06-04,auto,651
19704,E,2024-01-14,home,787
19705,W,2024-10-12,auto,535
19706,W,2024-03-11,auto,627
19707,N,2024-04-05,auto,USD 590
19708,E,2024-09-25,health,789
19709,W,2024-08-12,health,567
19711,S,2024-04-20,home,512
19712,W,2024-07-20,auto,548
19713,W,2024-11-15,auto,711
19714,N,2024-03-27,home,642
19715,E,2024-09-16,travel,USD 683
19716,S,2024-05-01,travel,$596
19717,W,2024-06-26,travel,559
19718,W,2024-08-29,auto,780
19719,E,2024-07-13,travel,539
19720,S,2024-04-05,auto,553
19721,E,2024-11-16,travel,855
19722,N,2024-03-02,auto,577
19723,N,2024-05-29,auto,575
19724,W,2024-10-03,travel,632
19725,E,2024-07-19,auto,575
19726,S,2024-11-18,home,909
19727,W,2024-04-09,home,630
19728,E,2024-01-16,travel,558
19729,E,2024-11-22,auto,809
19730,E,2024-03-06,auto,673
19731,N,2024-11-25,travel,642
19732,W,2024-02-19,travel,437
19733,E,2024-11-18,home,545
19734,S,2024-02-23,auto,581
19735,N,2024-06-14,home,733
19736,W,2024-04-20,health,USD 803
19737,E,2024-10-24,auto,537
19738,W,2024-05-19,home,$528
19739,E,2024-01-20,auto,569
19740,W,2024-07-31,health,677
19741,W,2024-03-18,home,659
19742,E,2024-06-13,travel,689
19743,N,2024-10-14,health,800
19744,W,2024-07-08,health,747
19745,S,2024-05-13,travel,$758
19746,E,2024-04-29,home,466
19747,N,2024-01-28,health,646
19748,W,2024-01-25,auto,545
19750,E,2024-05-27,health,859
19751,W,2024-09-21,home,620
19752,N,2024-07-01,home,585
19753,S,2024-08-18,travel,697
19754,E,2024-11-15,health,774
19755,N,2024-07-13,auto,USD 662
19756,W,2024-05-13,auto,631
19757,S,2024-06-17,health,831
19758,N,2024-04-06,home,738
19759,W,2024-09-23,auto,514
19761,N,2024-07-05,travel,1081
19762,N,2024-04-08,home,$804
19763,S,2024-05-09,travel,762
19764,E,2024-03-30,home,860
19765,S,2024-11-22,home,683
19766,E,2024-07-20,auto,673
19767,E,2024-03-03,auto,773
19768,S,2024-02-28,health,726
19769,N,2024-03-17,travel,389
19772,S,2024-11-06,home,731
19773,N,2024-01-04,home,913
19774,N,2024-01-02,health,817
19775,W,2024-07-01,auto,697
19776,N,2024-05-26,home,USD 792
19777,E,2024-09-04,health,599
19778,S,2024-01-29,auto,470
19779,E,2024-11-03,home,603
19780,S,2024-11-21,home,591
19781,E,2024-08-05,travel,930
19782,S,2024-02-12,health,694
19783,E,2024-09-06,auto,483
19784,W,2024-10-02,auto,682
19785,W,2024-11-17,home,784
19786,S,2024-10-12,auto,753
19787,W,2024-01-05,auto,667
19788,S,2024-04-21,auto,951
19789,N,2024-08-14,travel,467
19790,N,2024-06-06,auto,761
19791,E,2024-09-01,travel,751
19792,E,2024-07-07,home,649
19793,W,2024-02-16,auto,486
19794,E,2024-04-03,auto,608
19795,N,2024-07-28,auto,749
19796,S,2024-04-22,auto,568
19797,N,2024-04-16,home,556
19798,E,2024-02-05,travel,$571
19799,W,2024-03-14,health,502
19800,E,2024-02-18,health,717
19801,W,2024-10-01,travel,639
19802,W,2024-09-13,auto,573
19803,E,2024-08-12,travel,555
19804,N,2024-07-29,health,645
19805,E,2024-10-26,health,659
19806,S,2024-03-23,auto,545
19807,E,2024-09-26,health,732
19808,N,2024-07-14,auto,660
19809,E,2024-05-23,auto,794
19810,W,2024-07-29,health,950
19811,E,2024-01-27,travel,544
19812,N,2024-11-06,travel,802
19813,E,2024-11-04,home,636
19814,N,2024-02-29,health,516
19815,E,2024-07-08,auto,777
19816,S,2024-09-02,home,530
19817,E,2024-08-29,home,879
19818,S,2024-04-21,health,593
19819,N,2024-06-23,travel,$659
19820,N,2024-07-31,home,663
19821,N,2024-08-18,health,589
19822,S,2024-08-04,travel,541
19823,N,2024-06-05,health,668
19824,W,2024-03-07,auto,1052
19825,W,2024-08-17,home,670
19826,W,2024-08-14,travel,882
19827,N,2024-08-10,health,714
19828,E,2024-01-20,health,697
19829,W,2024-05-08,health,$537
19830,N,2024-07-21,auto,888
19831,W,2024-05-31,travel,668
19832,N,2024-09-25,auto,635
19833,N,2024-03-10,health,937
19834,E,2024-04-28,home,600
19835,W,2024-08-30,health,586
19836,E,2024-03-21,home,657
19837,E,2024-11-09,auto,563
19838,W,2024-10-01,auto,546
19839,W,2024-08-07,health,612
19840,W,2024-10-24,auto,762
19841,E,2024-08-02,home,537
19842,W,2024-08-24,health,723
19844,N,2024-01-30,auto,522
19845,W,2024-07-28,travel,406
19846,N,2024-05-29,auto,536
19847,E,2024-06-12,travel,650
19849,N,2024-06-07,auto,479
19850,E,2024-03-26,health,756
19851,E,2024-01-20,travel,519
19852,W,2024-02-24,home,770
19853,W,2024-01-13,health,627
19854,E,2024-02-05,home,500
19855,S,2024-07-20,health,455
19856,S,2024-06-15,home,578
19857,S,2024-07-10,health,522
19858,S,2024-05-17,health,779
19859,S,2024-03-23,home,738
19860,S,2024-10-20,travel,$617
19861,S,2024-01-18,travel,673
19862,E,2024-11-25,travel,591
19863,E,2024-11-07,travel,617
19864,N,2024-05-16,auto,551
19865,W,2024-06-21,home,956
19866,N,2024-05-10,home,746
19867,S,2024-11-09,home,795
19868,W,2024-05-27,auto,876
19870,S,2024-01-25,travel,808
19871,S,2024-10-10,auto,559
19872,N,2024-03-30,auto,1057
19873,N,2024-05-10,travel,529
19874,N,2024-08-30,travel,659
19875,W,2024-03-18,home,476
19876,E,2024-07-18,auto,552
19878,E,2024-07-10,health,$693
19879,N,2024-03-14,auto,499
19880,W,2024-11-03,health,815
19881,N,2024-05-01,home,663
19882,S,2024-04-14,home,$423
19883,E,2024-01-20,home,504
19884,E,2024-07-18,auto,510
19886,S,2024-08-05,travel,$941
19887,N,2024-08-11,home,747
19888,N,2024-05-12,auto,772
19889,N,2024-01-14,health,670
19890,E,2024-03-04,health,635
19891,S,2024-08-01,home,$670
19892,E,2024-03-26,auto,568
19893,W,2024-04-12,travel,605
19894,N,2024-06-08,home,953
19895,W,2024-09-30,home,568
19896,W,2024-09-25,auto,723
19897,S,2024-04-24,home,607
19898,S,2024-02-17,travel,631
19899,S,2024-05-07,travel,699
19900,E,2024-08-20,travel,538
19901,W,2024-06-01,home,477
19902,W,2024-05-01,travel,569
19903,E,2024-05-07,travel,614
19904,N,2024-11-15,health,866
19905,N,2024-07-12,home,USD 675
19906,E,2024-07-17,auto,809
19907,S,2024-05-17,home,915
19909,E,2024-06-02,health,856
19910,N,2024-07-20,auto,458
19912,W,2024-04-26,home,631
19913,N,2024-08-13,travel,779
19914,N,2024-06-12,home,460
19915,S,2024-01-14,auto,769
19916,E,2024-02-27,auto,348
19917,E,2024-07-29,travel,656
19918,W,2024-08-12,health,536
19919,E,2024-11-10,home,482
19920,W,2024-09-06,auto,912
19921,W,2024-07-08,travel,1061
19923,S,2024-06-20,travel,636
19924,E,2024-09-11,health,1128
19925,S,2024-06-29,travel,666
19926,E,2024-04-08,health,991
19927,E,2024-06-03,travel,827
19928,S,2024-03-10,auto,771
19929,N,2024-05-29,health,585
19930,E,2024-03-16,health,973
19931,S,2024-04-26,home,535
19932,E,2024-05-13,travel,819
19933,W,2024-01-03,auto,835
19934,E,2024-05-26,health,632
19935,E,2024-07-04,home,691
19936,E,2024-01-02,travel,557
19937,N,2024-09-09,auto,493
19938,S,2024-01-06,travel,USD 574
19939,S,2024-04-09,travel,470
19940,E,2024-11-23,health,530
19941,W,2024-01-31,travel,806
19942,E,2024-04-21,health,1113
19943,N,2024-07-21,home,787
19944,S,2024-08-10,home,749
19945,N,2024-11-22,home,USD 715
19946,N,2024-07-09,auto,558
19947,S,2024-01-21,travel,825
19948,E,2024-10-08,home,728
19949,N,2024-06-14,travel,940
19951,S,2024-06-19,home,583
19952,N,2024-08-12,home,717
19953,E,2024-04-09,home,730
19954,E,2024-07-30,auto,542
19955,W,2024-02-04,auto,769
19956,W,2024-06-12,home,547
19957,E,2024-03-31,auto,707
19958,E,2024-11-01,home,1045
19959,S,2024-04-23,health,593
19960,N,2024-04-15,auto,471
19961,S,2024-01-23,travel,966
19962,N,2024-09-30,home,656
19963,N,2024-06-18,travel,732
19964,S,2024-05-23,health,535
19965,S,2024-02-01,auto,757
19966,S,2024-01-05,home,846
19967,N,2024-08-06,travel,642
19968,N,2024-05-11,health,748
19969,W,2024-06-26,travel,813
19970,E,2024-05-19,home,460
19971,N,2024-07-16,auto,700
19972,W,2024-01-06,auto,641
19973,E,2024-04-20,travel,691
19974,E,2024-03-22,home,633
19975,W,2024-10-26,home,892
19976,E,2024-05-06,health,664
19977,W,2024-03-08,health,708
19978,E,2024-11-12,travel,643
19979,E,2024-11-02,auto,446
19980,E,2024-10-03,health,USD 590
19981,E,2024-07-25,health,715
19982,S,2024-04-02,health,556
19983,N,2024-09-11,home,860
19984,S,2024-11-25,travel,841
19985,W,2024-04-13,travel,814
19986,N,2024-04-04,auto,651
19987,S,2024-01-24,travel,892
19988,E,2024-01-25,travel,578
19989,W,2024-04-02,home,482
19990,N,2024-09-01,travel,1113
19991,N,2024-10-20,health,596
19992,N,2024-08-04,health,781
19993,S,2024-05-13,travel,740
19994,N,2024-08-08,travel,450
19995,W,2024-08-23,health,569
19996,W,2024-10-25,auto,781
19997,N,2024-10-18,travel,710
19998,E,2024-07-07,auto,607
19999,S,2024-11-17,auto,585
20000,W,2024-03-17,auto,483
20001,W,2024-03-25,home,843
20002,S,2024-09-03,auto,807
20003,E,2024-02-05,health,759
20004,W,2024-01-08,home,801
20005,E,2024-04-26,health,970
20006,E,2024-04-22,home,789
20008,W,2024-02-12,health,604
20009,S,2024-01-02,travel,763
20010,S,2024-10-21,auto,436
20011,E,2024-05-27,health,684
20012,E,2024-01-27,health,618
20013,N,2024-07-09,home,827
20014,N,2024-11-19,home,729
20015,S,2024-03-29,travel,556
20016,W,2024-08-05,auto,541
20017,N,2024-08-08,auto,856
20018,N,2024-01-07,home,750
20019,W,2024-05-02,travel,768
20020,E,2024-09-27,travel,616
20021,S,2024-03-21,auto,697
20022,E,2024-06-04,home,753
20023,N,2024-03-13,auto,413
20024,E,2024-10-20,travel,671
20025,S,2024-02-11,health,579
20026,N,2024-03-26,auto,621
20027,E,2024-06-08,home,639
20028,E,2024-10-22,home,676
20029,W,2024-04-18,home,564
20030,N,2024-01-05,auto,699
20031,E,2024-01-10,health,753
20032,E,2024-07-09,travel,539
20033,N,2024-01-26,home,651
20034,E,2024-01-25,auto,705
20036,W,2024-05-01,health,USD 571
20037,W,2024-09-21,home,532
20038,E,2024-06-07,health,551
20039,N,2024-06-04,home,744
20040,E,2024-05-16,home,796
20041,E,2024-02-08,travel,541
20042,E,2024-11-15,health,568
20043,S,2024-02-10,travel,578
20044,W,2024-06-30,health,577
20045,N,2024-10-14,health,1058
20046,S,2024-11-22,health,520
20047,W,2024-11-04,home,833
20048,N,2024-02-15,auto,778
20049,W,2024-09-09,health,537
20050,W,2024-01-24,health,442
20051,E,2024-03-24,travel,668
20052,S,2024-03-13,auto,552
20053,S,2024-08-22,home,720
20054,E,2024-08-13,home,803
20055,N,2024-03-24,home,967
20056,N,2024-01-08,travel,USD 809
20057,E,2024-09-19,home,1008
20058,S,2024-03-19,travel,633
20060,E,2024-06-29,travel,860
20061,E,2024-10-18,health,630
20062,E,2024-07-13,health,620
20063,S,2024-08-27,home,691
20064,S,2024-08-31,home,640
20065,S,2024-01-02,travel,633
20066,N,2024-07-11,travel,639
20067,E,2024-08-29,auto,599
20068,W,2024-11-03,health,525
20069,E,2024-03-15,auto,638
20070,N,2024-03-11,auto,472
20071,N,2024-07-10,health,612
20072,N,2024-03-14,health,877
20073,N,2024-11-01,auto,1039
20074,E,2024-07-12,travel,608
20075,N,2024-01-08,travel,556
20076,W,2024-04-20,home,$661
20077,W,2024-09-27,auto,822
20078,S,2024-05-31,health,1226
20079,N,2024-11-21,home,441
20080,N,2024-06-04,health,987
20081,E,2024-06-18,health,682
20082,E,2024-11-18,health,"$1,018"
20083,N,2024-03-27,home,655
20084,S,2024-03-13,home,509
20085,N,2024-06-20,home,841
20086,E,2024-08-09,health,660
20087,E,2024-07-03,home,512
20088,S,2024-07-05,travel,840
20089,N,2024-06-30,travel,591
20090,S,2024-02-16,home,990
20091,S,2024-06-27,health,531
20092,W,2024-10-10,health,711
20093,W,2024-04-20,travel,464
20094,E,2024-08-10,auto,619
20095,S,2024-08-10,travel,492
20096,N,2024-01-24,health,819
20097,S,2024-10-13,auto,USD 413
20098,N,2024-07-11,auto,547
20099,E,2024-02-15,home,503
20100,N,2024-09-13,travel,583
20101,S,2024-06-09,auto,871
20102,N,2024-08-16,travel,$575
20103,N,2024-01-09,auto,597
20104,E,2024-10-28,auto,$509
20105,W,2024-11-16,auto,1022
20106,E,2024-03-13,travel,399
20107,N,2024-02-11,health,597
20108,N,2024-05-16,auto,563
20109,N,2024-08-28,travel,636
20110,E,2024-02-04,travel,724
20111,W,2024-03-19,home,865
20112,S,2024-07-03,auto,723
20113,N,2024-10-23,travel,842
20114,S,2024-03-19,auto,565
20115,W,2024-01-26,travel,843
20116,W,2024-04-13,health,663
20117,S,2024-05-14,health,927
20118,E,2024-11-01,auto,571
20119,N,2024-07-18,travel,662
20120,W,2024-01-02,health,673
20121,N,2024-08-24,health,1179
20122,S,2024-02-05,home,761
20123,N,2024-08-12,health,978
20124,W,2024-11-05,auto,656
20125,N,2024-10-12,health,559
20126,W,2024-11-02,auto,524
20127,S,2024-08-05,travel,709
20128,N,2024-02-22,auto,527
20129,W,2024-04-17,auto,666
20130,E,2024-01-09,auto,$638
20131,N,2024-04-10,travel,530
20133,E,2024-11-04,auto,615
20134,E,2024-10-04,home,544
20135,S,2024-05-23,home,526
20136,E,2024-03-21,travel,580
20137,N,2024-09-29,auto,690
20138,S,2024-06-02,health,642
20139,W,2024-11-22,health,649
20140,W,2024-07-12,home,582
20142,E,2024-02-16,health,486
20143,N,2024-10-03,auto,530
20144,N,2024-03-05,auto,547
20145,N,2024-02-18,travel,788
20146,E,2024-05-04,home,642
20147,W,2024-07-20,health,606
20148,W,2024-11-14,travel,$432
20149,E,2024-04-24,auto,723
20151,W,2024-08-23,health,737
20152,E,2024-01-15,health,683
20153,W,2024-04-28,travel,439
20154,E,2024-10-11,auto,596
20155,E,2024-04-10,health,577
20156,W,2024-10-08,health,556
20157,E,2024-11-20,home,862
20158,W,2024-05-26,auto,$680
20159,W,2024-04-13,auto,465
20160,W,2024-01-25,auto,785
20161,S,2024-09-12,travel,583
20162,S,2024-05-20,home,803
20164,E,2024-01-21,health,616
20165,N,2024-02-27,health,795
20166,N,2024-03-11,travel,984
20167,N,2024-05-01,travel,1131
20168,W,2024-06-04,travel,501
20169,W,2024-06-28,auto,453
20170,N,2024-03-04,health,745
20171,E,2024-09-08,auto,496
20172,N,2024-04-22,health,801
20173,S,2024-07-09,health,678
20174,S,2024-01-30,travel,682
20175,W,2024-09-11,auto,481
20176,E,2024-07-20,health,844
20177,E,2024-08-21,home,663
20178,W,2024-05-13,travel,358
20179,E,2024-02-19,travel,955
20180,S,2024-11-02,travel,769
20181,N,2024-09-01,health,669
20182,E,2024-04-25,auto,705
20183,W,2024-02-07,travel,515
20184,E,2024-03-14,health,1067
20185,S,2024-10-11,health,$650
20186,E,2024-07-25,health,631
20187,W,2024-08-30,auto,$696
20188,E,2024-09-10,health,685
20189,W,2024-06-08,health,658
20190,E,2024-11-23,health,857
20191,W,2024-01-24,auto,580
20192,N,2024-06-29,auto,513
20193,E,2024-08-27,travel,785
20194,W,2024-10-25,home,1147
20195,E,2024-10-31,auto,882
20196,N,2024-09-24,health,636
20197,W,2024-05-29,home,USD 653
20198,N,2024-04-29,travel,USD 663
20199,E,2024-06-08,home,503
20200,E,2024-01-22,health,760
20201,E,2024-07-23,home,514
20202,N,2024-10-22,home,640
20203,W,2024-11-15,auto,649
20204,W,2024-04-26,health,611
20205,E,2024-03-05,health,927
20206,W,2024-06-26,health,958
20207,W,2024-07-18,home,552
20208,S,2024-03-08,auto,912
20209,S,2024-02-26,travel,670
20210,W,2024-10-04,home,741
20211,E,2024-07-28,auto,536
20212,E,2024-08-16,home,504
20213,E,2024-06-28,travel,666
20215,W,2024-04-16,health,816
20216,W,2024-05-07,home,403
20217,W,2024-04-20,health,752
20218,S,2024-03-13,travel,$733
20219,N,2024-11-07,home,$646
20220,N,2024-05-05,home,656
20221,S,2024-07-08,travel,634
20222,N,2024-08-30,travel,815
20223,N,2024-09-29,home,683
20224,N,2024-08-04,home,632
20225,N,2024-05-11,travel,526
20226,E,2024-11-01,auto,534
20227,W,2024-03-08,auto,769
20228,E,2024-03-23,health,498
20229,N,2024-07-30,health,435
20230,W,2024-07-17,home,756
20231,S,2024-07-30,travel,986
20232,E,2024-01-22,auto,658
20233,S,2024-07-31,home,596
20234,N,2024-04-27,auto,USD 595
20235,W,2024-04-16,home,630
20236,E,2024-07-18,health,473
20237,W,2024-10-20,auto,522
20238,W,2024-01-09,auto,753
20239,S,2024-03-08,health,597
20240,W,2024-08-12,auto,567
20241,N,2024-01-26,health,597
20242,W,2024-03-27,home,744
20243,E,2024-09-04,auto,666
20244,W,2024-08-17,auto,489
20245,E,2024-05-28,travel,858
20246,N,2024-08-08,home,882
20247,E,2024-11-17,health,986
20248,W,2024-03-08,travel,686
20249,E,2024-03-13,auto,776
20250,W,2024-03-19,health,843
20251,N,2024-09-15,health,645
20252,E,2024-02-21,auto,1039
20253,W,2024-06-11,health,479
20254,N,2024-05-01,home,635
20255,E,2024-11-19,travel,444
20256,W,2024-10-16,auto,737
20257,S,2024-03-24,travel,478
20258,W,2024-10-01,auto,537
20259,N,2024-03-23,auto,504
20260,W,2024-01-30,health,514
20261,S,2024-05-10,home,$797
20262,E,2024-09-19,home,1054
20263,W,2024-02-26,auto,646
20264,W,2024-10-28,health,482
20265,E,2024-08-14,health,675
20266,N,2024-09-28,health,881
20267,E,2024-03-12,travel,624
20268,N,2024-10-07,home,366
20269,W,2024-09-19,home,949
20270,S,2024-10-11,travel,617
20271,E,2024-05-06,travel,769
20272,W,2024-10-23,auto,952
20273,S,2024-06-24,home,682
20274,S,2024-05-16,auto,"$1,098"
20275,N,2024-04-24,home,653
20276,N,2024-08-02,home,575
20277,E,2024-03-31,health,$525
20278,E,2024-03-24,health,USD 529
20279,N,2024-06-06,home,448
20280,S,2024-09-03,auto,838
20281,N,2024-08-18,home,682
20282,W,2024-10-26,auto,$644
20283,W,2024-07-15,health,577
20284,E,2024-05-04,travel,775
20285,W,2024-05-10,travel,466
20286,E,2024-08-03,auto,420
20287,S,2024-05-07,home,559
20288,S,2024-06-16,auto,424
20289,E,2024-01-30,travel,$798
20290,E,2024-11-14,health,490
20291,W,2024-04-10,home,755
20292,N,2024-04-28,auto,390
20293,N,2024-02-25,travel,552
20294,W,2024-05-14,home,855
20295,E,2024-03-19,auto,683
20296,N,2024-03-27,home,674
20297,W,2024-06-22,home,488
20298,W,2024-07-09,home,670
20299,E,2024-07-13,travel,782
20300,W,2024-07-05,travel,872
20301,E,2024-07-07,health,933
20302,N,2024-01-23,health,926
20303,S,2024-04-02,auto,517
20304,E,2024-07-25,auto,600
20305,S,2024-03-18,travel,1054
20306,N,2024-06-17,health,644
20307,N,2024-09-03,travel,531
20308,S,2024-09-28,travel,617
20309,N,2024-10-06,health,469
20310,N,2024-11-24,travel,631
20311,E,2024-11-26,health,505
20312,E,2024-10-26,health,830
20313,S,2024-03-24,travel,739
20315,S,2024-10-02,auto,844
20316,S,2024-09-15,health,706
20317,W,2024-11-16,home,951
20318,W,2024-09-15,home,1099
20319,W,2024-09-30,home,473
20320,W,2024-11-03,home,777
20321,S,2024-01-11,travel,773
20322,W,2024-08-09,travel,616
20323,W,2024-04-07,travel,701
20324,N,2024-05-08,auto,606
20325,S,2024-05-07,home,USD 684
20326,E,2024-05-23,travel,449
20327,W,2024-11-07,travel,591
20328,W,2024-11-07,health,USD 551
20329,S,2024-04-05,travel,710
20330,E,2024-07-28,home,494
20331,S,2024-03-22,home,959
20332,W,2024-07-28,auto,635
20334,N,2024-04-02,travel,561
20335,W,2024-08-04,health,805
20336,E,2024-11-09,health,596
20337,S,2024-06-28,auto,904
20338,E,2024-10-05,health,884
20339,S,2024-07-02,home,919
20340,W,2024-01-24,auto,594
20341,N,2024-01-01,auto,842
20342,N,2024-03-17,health,652
20343,S,2024-04-22,home,736
20344,E,2024-07-20,home,992
20345,W,2024-05-03,travel,489
20346,W,2024-11-14,travel,902
20347,N,2024-02-24,travel,719
20348,S,2024-04-08,home,575
20349,W,2024-09-21,auto,483
20350,S,2024-05-18,travel,1100
20352,N,2024-06-15,auto,741
20353,W,2024-05-20,travel,635
20354,S,2024-08-06,home,679
20355,W,2024-11-09,travel,801
20356,S,2024-02-29,travel,687
20357,W,2024-04-24,home,555
20358,E,2024-08-01,travel,948
20359,N,2024-06-09,home,683
20360,S,2024-10-10,auto,581
20361,W,2024-07-08,health,531
20362,W,2024-03-06,health,548
20363,N,2024-09-07,health,746
20364,N,2024-10-23,home,555
20365,E,2024-06-16,health,656
20366,W,2024-07-26,health,714
20367,S,2024-02-22,home,USD 571
20368,E,2024-05-05,auto,465
20369,N,2024-04-10,home,715
20370,E,2024-09-25,health,481
20371,W,2024-07-23,home,469
20372,S,2024-01-18,health,1080
20373,S,2024-08-04,health,489
20374,E,2024-10-01,auto,750
20375,E,2024-10-19,health,646
20376,W,2024-04-08,health,496
20377,S,2024-06-07,home,645
20379,N,2024-07-15,auto,727
20380,S,2024-09-27,travel,682
20381,N,2024-03-23,home,USD 688
20382,S,2024-06-11,travel,543
20383,E,2024-06-04,travel,880
20384,W,2024-09-30,travel,599
20385,S,2024-04-13,health,481
20386,N,2024-03-04,travel,592
20387,S,2024-11-22,home,500
20388,E,2024-04-27,home,963
20389,N,2024-11-23,home,519
20390,W,2024-08-26,auto,415
20391,E,2024-04-27,health,947
20392,W,2024-08-31,travel,922
20393,W,2024-07-05,health,558
20394,N,2024-04-18,home,825
20395,N,2024-03-30,travel,$725
20396,W,2024-05-17,travel,780
20397,N,2024-08-08,health,750
20398,W,2024-11-13,home,759
20399,S,2024-06-15,auto,582
20400,S,2024-01-11,home,826
20401,W,2024-03-01,home,756
20402,E,2024-10-18,auto,744
20403,E,2024-09-26,health,1065
20404,N,2024-11-21,travel,831
20405,S,2024-03-30,travel,613
20406,N,2024-02-09,home,644
20407,N,2024-03-23,health,1050
20408,W,2024-05-22,health,480
20409,N,2024-04-23,auto,508
20410,N,2024-06-06,home,723
20411,S,2024-02-03,health,774
20412,W,2024-04-11,home,850
20413,E,2024-01-29,health,USD 655
20414,S,2024-06-18,travel,1238
20415,N,2024-11-07,auto,474
20416,E,2024-04-10,travel,536
20417,N,2024-05-28,health,USD 713
20418,W,2024-07-03,health,912
20419,W,2024-07-17,auto,708
20420,E,2024-10-20,travel,610
20421,S,2024-08-02,home,947
20422,E,2024-09-03,home,766
20423,N,2024-05-24,health,1016
20424,S,2024-06-07,home,724
20425,N,2024-08-07,health,658
20426,W,2024-10-03,home,722
20427,N,2024-06-17,health,582
20428,S,2024-04-10,auto,661
20429,E,2024-02-29,home,769
20430,E,2024-06-14,home,676
20431,W,2024-10-25,travel,548
20432,N,2024-11-17,home,808
20433,S,2024-09-03,auto,560
20434,S,2024-08-31,travel,608
20435,N,2024-04-28,auto,504
20436,E,2024-02-09,auto,622
20437,W,2024-03-12,travel,710
20438,E,2024-02-21,home,768
20439,S,2024-08-06,health,629
20440,W,2024-01-22,travel,594
20441,W,2024-05-12,travel,638
20442,S,2024-03-03,travel,619
20443,W,2024-03-10,travel,847
20444,W,2024-01-21,home,1102
20445,E,2024-10-23,travel,623
20447,W,2024-11-13,health,664
20448,S,2024-05-11,health,515
20449,W,2024-07-13,travel,585
20450,N,2024-07-30,health,703
20451,E,2024-03-20,auto,525
20452,E,2024-04-10,home,666
20453,S,2024-03-01,auto,524
20454,W,2024-05-17,health,643
20455,S,2024-01-26,travel,750
20456,W,2024-08-05,home,702
20457,W,2024-06-22,auto,647
20458,E,2024-11-07,travel,664
20459,E,2024-07-30,health,681
20461,S,2024-07-17,home,1043
20462,W,2024-02-18,travel,951
20463,N,2024-03-16,home,767
20465,E,2024-05-05,auto,395
20466,N,2024-05-27,travel,762
20467,S,2024-11-03,health,720
20471,W,2024-09-27,home,693
20472,E,2024-05-13,auto,693
20473,E,2024-11-24,travel,$488
20474,E,2024-11-24,home,775
20475,S,2024-08-31,auto,723
20476,E,2024-03-22,travel,432
20477,N,2024-09-12,auto,951
20478,S,2024-09-29,auto,709
20479,S,2024-05-21,health,958
20480,W,2024-11-18,health,523
20481,N,2024-10-20,auto,490
20482,E,2024-05-31,home,929
20483,S,2024-06-14,home,835
20484,S,2024-01-09,auto,661
20485,E,2024-06-06,home,617
20486,E,2024-06-20,home,593
20487,W,2024-05-18,travel,897
20488,N,2024-11-10,auto,860
20489,W,2024-10-23,travel,$905
20490,E,2024-01-28,auto,637
20491,N,2024-01-01,health,578
20492,E,2024-11-21,travel,617
20493,N,2024-10-31,health,497
20494,E,2024-07-11,health,407
20495,S,2024-06-05,travel,351
20496,N,2024-03-22,auto,938
20497,N,2024-08-21,home,786
20498,S,2024-04-20,travel,$586
20499,N,2024-05-22,auto,686
20500,E,2024-09-08,auto,688
20501,E,2024-09-23,travel,493
20502,S,2024-07-03,home,641
20503,W,2024-08-07,auto,479
20504,S,2024-08-27,auto,546
20505,S,2024-03-23,home,699
20506,W,2024-01-01,auto,801
20507,S,2024-05-15,auto,$640
20508,E,2024-01-03,auto,502
20509,N,2024-05-22,health,USD 776
20510,W,2024-11-04,auto,731
20511,W,2024-11-07,home,$525
20513,N,2024-10-21,health,406
20514,S,2024-06-20,travel,$874
20515,S,2024-07-16,auto,443
20516,N,2024-06-30,travel,599
20517,E,2024-01-08,health,875
20518,E,2024-10-28,travel,547
20519,N,2024-02-26,home,606
20520,E,2024-09-13,home,534
20521,E,2024-08-20,auto,628
20522,S,2024-06-26,auto,1074
20523,S,2024-07-17,health,657
20524,E,2024-01-16,auto,385
20525,W,2024-01-15,auto,$592
20526,W,2024-01-07,travel,641
20527,S,2024-04-30,health,505
20528,S,2024-01-05,travel,644
20529,N,2024-10-31,health,484
20530,E,2024-07-11,health,791
20532,W,2024-07-03,auto,602
20533,W,2024-04-07,travel,548
20534,N,2024-02-17,auto,531
20535,S,2024-06-26,travel,546
20537,W,2024-11-17,health,535
20538,N,2024-02-15,auto,691
20539,N,2024-03-16,home,407
20540,N,2024-04-13,home,512
20541,E,2024-01-04,travel,747
20542,S,2024-09-08,home,1005
20543,N,2024-02-29,travel,658
20544,S,2024-07-10,health,818
20545,E,2024-11-26,travel,724
20546,N,2024-03-07,auto,722
20547,S,2024-03-18,travel,489
20548,N,2024-08-19,travel,738
20549,E,2024-07-02,home,584
20550,S,2024-06-04,travel,910
20551,E,2024-09-07,auto,676
20552,E,2024-10-10,travel,455
20553,N,2024-05-06,travel,753
20554,S,2024-08-31,auto,880
20555,S,2024-05-11,auto,USD 719
20556,N,2024-09-04,travel,688
20557,N,2024-07-25,travel,545
20558,S,2024-02-18,auto,556
20559,N,2024-11-04,auto,716
20560,E,2024-10-28,auto,460
20561,S,2024-06-04,home,751
20562,E,2024-10-20,home,888
20563,E,2024-02-03,health,469
20564,E,2024-09-19,travel,701
20565,E,2024-09-02,auto,USD 936
20566,N,2024-06-30,auto,742
20567,N,2024-07-30,auto,782
20568,N,2024-07-10,auto,717
20570,W,2024-02-08,auto,894
20571,N,2024-10-09,auto,847
20572,E,2024-06-26,health,770
20573,E,2024-03-18,auto,1129
20574,N,2024-08-02,home,623
20575,N,2024-07-28,health,543
20576,N,2024-01-06,home,662
20577,E,2024-08-31,auto,608
20578,E,2024-04-01,health,805
20579,W,2024-05-28,travel,672
20580,W,2024-05-26,auto,555
20581,N,2024-03-13,health,677
20582,W,2024-03-12,travel,$604
20583,E,2024-04-23,auto,$762
20584,W,2024-04-13,travel,599
20585,S,2024-03-31,auto,422
20586,E,2024-09-08,travel,654
20587,E,2024-11-07,home,406
20588,N,2024-03-11,auto,793
20589,N,2024-01-21,health,708
20590,W,2024-03-31,auto,827
20591,W,2024-05-27,health,621
20593,N,2024-04-15,home,674
20594,N,2024-03-10,health,716
20595,N,2024-07-28,auto,727
20596,N,2024-09-24,auto,916
20597,W,2024-05-02,auto,612
20598,N,2024-01-30,health,593
20600,N,2024-01-19,home,474
20601,W,2024-02-06,auto,$645
20602,S,2024-06-21,auto,477
20603,W,2024-01-26,auto,907
20604,W,2024-05-24,home,522
20605,N,2024-01-06,health,691
20606,N,2024-03-02,auto,607
20607,W,2024-09-15,health,499
20608,S,2024-10-31,health,760
20609,N,2024-04-28,auto,$633
20610,W,2024-07-21,auto,627
20611,N,2024-04-03,home,759
20612,E,2024-04-10,travel,825
20613,N,2024-08-11,auto,595
20614,S,2024-06-23,health,752
20615,E,2024-03-21,home,622
20616,S,2024-08-04,auto,857
20617,S,2024-07-20,health,849
20618,N,2024-06-30,travel,866
20620,W,2024-10-29,home,$523
20621,S,2024-06-15,travel,629
20622,W,2024-05-06,health,USD 566
20623,N,2024-09-22,travel,$548
20624,W,2024-02-05,health,996
20625,W,2024-09-28,auto,837
20626,N,2024-04-02,travel,717
20627,N,2024-10-09,auto,524
20628,N,2024-08-17,auto,492
20629,N,2024-01-27,home,616
20630,S,2024-04-10,auto,$571
20631,S,2024-02-12,home,606
20632,E,2024-09-22,travel,608
20633,S,2024-07-29,travel,720
20634,N,2024-07-22,travel,$826
20635,W,2024-11-06,health,438
20636,N,2024-08-16,auto,$800
20637,W,2024-07-14,travel,USD 497
20638,N,2024-11-15,health,708
20639,N,2024-02-21,health,654
20640,S,2024-03-29,home,628
20641,W,2024-03-03,auto,1166
20642,S,2024-11-12,travel,$748
20643,S,2024-05-23,auto,710
20644,N,2024-03-04,health,655
20645,N,2024-06-30,home,752
20647,N,2024-03-22,health,848
20648,S,2024-10-06,health,508
20649,E,2024-10-10,travel,545
20650,W,2024-05-30,health,994
20651,E,2024-05-30,health,685
20652,S,2024-10-04,travel,749
20653,N,2024-04-09,health,545
20654,W,2024-01-29,home,499
20655,S,2024-11-16,health,563
20656,N,2024-10-23,home,888
20657,E,2024-07-04,home,662
20658,N,2024-04-25,auto,726
20659,E,2024-01-01,travel,569
20660,W,2024-10-28,health,442
20661,W,2024-03-04,travel,655
20662,S,2024-09-26,home,648
20663,W,2024-07-14,health,USD 653
20664,S,2024-01-21,auto,869
20665,E,2024-07-05,home,757
20666,N,2024-01-06,auto,$557
20667,S,2024-05-18,home,647
20668,E,2024-05-04,auto,USD 549
20669,E,2024-05-22,health,492
20670,N,2024-03-14,auto,654
20671,E,2024-05-28,auto,742
20672,E,2024-07-27,health,478
20673,E,2024-08-23,health,507
20674,N,2024-05-30,health,708
20675,E,2024-08-05,auto,597
20676,W,2024-02-26,home,749
20678,S,2024-08-06,health,711
20679,N,2024-04-11,travel,591
20680,N,2024-05-16,home,431
20681,N,2024-01-28,health,444
20682,S,2024-10-02,health,$552
20683,E,2024-05-07,travel,550
20684,N,2024-02-16,home,630
20685,N,2024-02-22,home,544
20686,E,2024-02-08,auto,732
20687,E,2024-10-27,home,1148
20688,W,2024-08-15,health,578
20689,N,2024-03-16,auto,702
20690,N,2024-07-10,auto,578
20691,N,2024-01-17,health,1028
20692,W,2024-06-15,auto,791
20693,N,2024-11-10,health,549
20694,S,2024-06-06,travel,837
20695,S,2024-06-02,home,539
20696,N,2024-02-13,travel,912
20697,E,2024-05-10,health,368
20698,W,2024-01-09,auto,584
20699,N,2024-02-13,auto,808
20700,S,2024-11-11,travel,804
20701,E,2024-11-25,home,530
20703,S,2024-11-10,auto,787
20704,S,2024-03-02,travel,928
20705,E,2024-01-21,home,USD 666
20706,S,2024-11-22,health,739
20707,N,2024-01-12,auto,692
20708,W,2024-03-03,home,1076
20709,N,2024-04-08,health,497
20710,S,2024-01-14,health,833
20711,S,2024-11-20,auto,612
20712,W,2024-10-22,auto,635
20713,N,2024-02-24,auto,747
20714,W,2024-07-07,auto,USD 815
20715,S,2024-07-10,auto,715
20716,S,2024-05-22,home,1207
20717,E,2024-08-27,health,686
20718,E,2024-03-31,auto,465
20719,N,2024-05-01,health,613
20720,E,2024-09-24,home,$465
20721,N,2024-02-04,travel,618
20722,S,2024-03-23,auto,529
20723,E,2024-01-14,travel,602
20724,S,2024-11-19,health,503
20725,E,2024-08-30,home,863
20726,N,2024-03-18,auto,733
20727,E,2024-06-16,health,591
20728,N,2024-04-03,home,975
20729,N,2024-06-04,travel,575
20730,W,2024-07-26,home,521
20731,N,2024-09-05,travel,943
20732,E,2024-05-07,auto,558
20733,N,2024-01-09,health,728
20734,E,2024-10-14,health,USD 737
20735,E,2024-10-03,travel,861
20736,N,2024-11-02,home,909
20737,N,2024-10-23,health,978
20738,E,2024-03-15,auto,587
20739,N,2024-05-16,travel,579
20740,E,2024-07-12,home,829
20741,E,2024-05-11,travel,USD 836
20742,W,2024-04-02,home,880
20743,W,2024-11-16,auto,USD 887
20744,W,2024-04-29,auto,662
20745,E,2024-08-13,home,441
20746,N,2024-11-12,home,547
20747,S,2024-09-27,travel,935
20748,E,2024-07-31,auto,745
20749,E,2024-08-01,health,701
20750,E,2024-01-30,auto,927
20751,N,2024-04-28,health,706
20752,W,2024-05-22,health,651
20753,S,2024-06-19,health,657
20754,S,2024-09-18,travel,"$1,170"
20755,N,2024-01-30,home,613
20756,N,2024-06-11,auto,404
20757,W,2024-04-28,travel,496
20758,E,2024-06-15,health,848
20759,S,2024-05-03,auto,922
20760,W,2024-04-05,health,USD 518
20761,E,2024-06-16,health,583
20762,S,2024-01-29,home,728
20763,N,2024-07-06,auto,577
20764,N,2024-06-04,auto,758
20765,S,2024-07-18,home,645
20766,N,2024-03-11,home,360
20767,E,2024-10-20,auto,492
20768,W,2024-04-19,health,961
20769,W,2024-03-09,auto,606
20770,N,2024-06-03,home,602
20771,W,2024-08-27,auto,662
20772,W,2024-02-22,health,667
20773,E,2024-01-09,home,893
20774,E,2024-08-13,health,1093
20775,W,2024-03-12,travel,1085
20776,N,2024-07-22,health,736
20777,N,2024-06-12,auto,608
20778,N,2024-05-14,health,623
20779,W,2024-08-20,travel,842
20780,W,2024-11-07,auto,551
20782,N,2024-01-31,health,1150
20783,E,2024-10-29,travel,864
20784,W,2024-04-05,health,385
20785,E,2024-10-30,auto,783
20786,E,2024-01-25,travel,569
20787,E,2024-11-18,travel,964
20789,E,2024-07-22,travel,669
20790,E,2024-07-11,home,498
20791,S,2024-05-10,travel,935
20792,E,2024-01-17,travel,735
20793,E,2024-05-29,health,889
20794,N,2024-08-29,health,667
20795,W,2024-01-27,auto,919
20796,E,2024-03-07,home,680
20797,S,2024-04-02,travel,636
20798,N,2024-06-24,health,522
20799,N,2024-04-17,travel,698
20800,S,2024-10-06,auto,745
20801,S,2024-01-01,auto,887
20802,W,2024-06-07,travel,702
20803,W,2024-10-25,auto,598
20804,E,2024-06-26,health,461
20805,N,2024-07-27,home,749
20806,E,2024-01-19,home,587
20807,E,2024-03-26,travel,713
20808,W,2024-06-18,home,526
20809,N,2024-06-12,travel,885
20810,S,2024-02-25,health,584
20811,N,2024-11-21,auto,563
20812,N,2024-05-06,health,839
20813,N,2024-07-26,health,552
20814,E,2024-11-02,health,590
20816,E,2024-04-08,health,USD 913
20817,S,2024-02-15,health,366
20818,W,2024-01-09,auto,834
20819,E,2024-10-23,travel,472
20821,E,2024-03-13,travel,836
20822,E,2024-09-02,health,1100
20823,N,2024-11-15,home,711
20824,E,2024-09-16,auto,690
20825,N,2024-02-15,home,629
20826,N,2024-10-31,auto,652
20827,S,2024-02-24,home,644
20828,N,2024-07-01,auto,823
20829,N,2024-03-20,auto,873
20831,E,2024-07-25,travel,504
20832,N,2024-09-11,auto,397
20833,E,2024-11-10,home,824
20834,S,2024-11-13,health,977
20835,E,2024-06-19,health,810
20836,S,2024-10-18,travel,918
20837,E,2024-11-22,home,632
20838,W,2024-02-08,home,629
20839,W,2024-09-12,home,597
20840,E,2024-09-15,home,498
20841,N,2024-01-06,health,768
20843,W,2024-10-13,home,668
20844,N,2024-03-24,auto,829
20845,E,2024-06-25,travel,539
20846,E,2024-11-09,health,$583
20847,S,2024-02-10,health,930
20848,N,2024-06-09,auto,561
20849,E,2024-05-27,auto,1085
20850,N,2024-05-30,auto,$794
20851,N,2024-09-27,home,829
20852,E,2024-04-28,travel,571
20853,E,2024-10-18,travel,746
20854,N,2024-05-23,home,517
20855,W,2024-05-17,health,715
20856,S,2024-06-01,health,573
20857,N,2024-02-21,travel,USD 675
20858,W,2024-07-08,travel,601
20859,S,2024-07-16,auto,794
20860,N,2024-07-09,travel,$464
20861,W,2024-06-18,auto,744
20862,S,2024-11-08,auto,614
20863,W,2024-01-27,travel,792
20864,W,2024-11-19,auto,590
20865,W,2024-01-08,health,779
20866,N,2024-08-19,travel,594
20867,W,2024-04-13,auto,615
20868,E,2024-10-18,home,818
20869,E,2024-02-04,home,671
20870,S,2024-05-17,auto,685
20871,S,2024-01-20,home,1021
20872,N,2024-03-25,travel,946
20873,E,2024-05-19,travel,770
20874,S,2024-05-31,home,885
20875,S,2024-01-27,health,539
20876,W,2024-03-23,auto,773
20877,E,2024-07-24,home,942
20878,E,2024-02-01,auto,533
20879,E,2024-05-13,travel,585
20880,S,2024-09-09,travel,674
20881,E,2024-05-26,health,$619
20882,S,2024-07-13,home,$492
20883,S,2024-05-24,home,767
20884,N,2024-07-06,health,861
20885,E,2024-05-05,auto,634
20886,S,2024-07-03,travel,477
20887,E,2024-07-11,home,495
20888,W,2024-05-28,home,739
20889,N,2024-06-06,travel,698
20890,N,2024-01-09,auto,531
20892,E,2024-04-25,travel,756
20893,W,2024-10-02,auto,668
20894,E,2024-10-02,home,534
20895,E,2024-05-27,travel,751
20896,E,2024-03-31,home,649
20897,W,2024-09-25,travel,687
20898,N,2024-02-21,auto,486
20899,S,2024-01-02,health,597
20900,E,2024-11-18,travel,614
20901,S,2024-03-25,travel,684
20902,W,2024-06-26,travel,671
20903,E,2024-04-02,auto,$471
20904,S,2024-04-04,auto,410
20905,E,2024-07-08,auto,USD 639
20906,E,2024-07-16,home,760
20907,N,2024-08-29,home,676
20908,S,2024-02-06,home,656
20909,N,2024-09-07,auto,586
20910,W,2024-01-11,travel,617
20911,S,2024-05-07,travel,706
20912,W,2024-05-25,auto,562
20913,N,2024-05-04,auto,885
20914,N,2024-07-22,travel,749
20915,W,2024-10-07,auto,513
20916,S,2024-04-22,health,684
20917,N,2024-07-09,health,541
20918,N,2024-03-09,home,621
20919,N,2024-04-12,health,597
20920,N,2024-11-10,health,684
20921,E,2024-01-28,travel,581
20922,W,2024-08-31,travel,572
20923,E,2024-06-24,health,555
20924,N,2024-06-12,health,520
20925,E,2024-03-06,health,USD 695
20926,W,2024-03-11,health,462
20927,N,2024-10-10,travel,495
20928,S,2024-03-30,health,$672
20929,W,2024-09-24,health,633
20930,N,2024-08-28,travel,415
20931,N,2024-03-09,health,817
20932,W,2024-08-05,auto,712
20933,S,2024-05-01,home,719
20934,S,2024-05-27,home,567
20935,E,2024-01-27,auto,702
20936,N,2024-02-06,travel,721
20937,E,2024-10-30,auto,544
20938,E,2024-07-20,health,523
20939,N,2024-07-01,health,1050
20940,N,2024-02-23,auto,USD 586
20941,N,2024-01-23,auto,775
20942,N,2024-06-29,health,518
20943,W,2024-04-01,health,598
20944,N,2024-05-21,health,770
20945,E,2024-01-07,travel,$580
20946,E,2024-08-04,home,633
20947,N,2024-06-11,travel,505
20948,E,2024-07-14,auto,718
20949,S,2024-06-29,health,"$1,121"
20950,S,2024-05-17,home,789
20951,E,2024-01-02,health,796
20952,N,2024-05-21,home,744
20953,S,2024-11-23,travel,545
20954,S,2024-08-26,auto,541
20955,S,2024-06-02,travel,599
20956,S,2024-07-16,home,584
20957,S,2024-08-16,travel,599
20959,W,2024-07-24,travel,533
20960,N,2024-09-03,auto,618
20961,E,2024-06-27,health,866
20962,E,2024-02-15,home,651
20963,N,2024-05-08,health,1173
20964,E,2024-02-03,health,418
20965,S,2024-07-12,health,USD 675
20966,S,2024-07-16,travel,658
20967,W,2024-05-05,auto,1046
20968,W,2024-06-23,auto,732
20969,N,2024-10-12,health,581
20970,S,2024-01-14,health,730
20971,S,2024-04-03,health,430
20972,N,2024-06-11,health,667
20973,W,2024-03-04,health,700
20974,W,2024-03-30,travel,952
20975,N,2024-06-22,home,527
20976,W,2024-01-16,health,539
20977,W,2024-05-10,health,812
20978,E,2024-07-12,home,745
20979,E,2024-10-28,travel,792
20980,S,2024-06-29,auto,846
20981,N,2024-11-24,health,525
20982,E,2024-04-12,travel,717
20983,N,2024-03-02,home,532
20984,E,2024-09-18,home,675
20985,W,2024-06-03,home,713
20986,W,2024-03-16,home,466
20987,W,2024-01-20,auto,566
20988,E,2024-01-11,health,695
20989,W,2024-03-22,home,615
20991,S,2024-03-02,home,601
20992,E,2024-11-21,auto,625
20994,S,2024-01-05,travel,519
20995,W,2024-02-28,home,790
20996,E,2024-09-22,auto,651
20997,E,2024-03-12,home,465
20998,N,2024-08-21,auto,706
20999,W,2024-07-17,health,$632
21000,N,2024-02-06,travel,922
21001,W,2024-01-11,home,727
21002,E,2024-03-19,home,605
21003,S,2024-11-16,travel,987
21004,W,2024-02-09,home,626
21005,N,2024-08-06,health,817
21006,W,2024-09-01,travel,466
21007,W,2024-07-17,travel,565
21008,E,2024-11-20,health,636
21009,W,2024-09-23,home,506
21010,W,2024-03-05,home,594
21011,E,2024-09-19,travel,514
21012,W,2024-05-10,health,838
21013,N,2024-10-22,health,482
21014,W,2024-07-02,auto,USD 864
21015,E,2024-07-08,home,956
21016,W,2024-11-11,health,461
21017,E,2024-08-30,home,633
21018,E,2024-05-31,health,879
21019,S,2024-01-11,auto,559
21020,E,2024-10-06,travel,607
21021,E,2024-03-08,travel,739
21022,E,2024-02-08,travel,612
21023,S,2024-04-26,health,621
21024,E,2024-09-27,auto,481
21025,E,2024-03-31,auto,534
21026,E,2024-04-19,auto,689
21027,W,2024-09-14,health,520
21028,E,2024-03-10,home,684
21029,S,2024-11-21,travel,595
21030,S,2024-03-14,travel,856
21031,E,2024-09-15,auto,522
21032,W,2024-03-28,travel,484
21033,S,2024-03-10,home,641
21034,S,2024-06-11,health,575
21035,S,2024-01-02,health,817
21036,S,2024-05-19,auto,460
21037,W,2024-11-26,health,796
21038,W,2024-06-02,health,$743
21039,S,2024-11-11,travel,784
21040,N,2024-07-17,health,641
21041,E,2024-04-11,travel,591
21042,S,2024-11-09,travel,797
21043,S,2024-05-20,home,537
21044,E,2024-02-21,health,593
21045,N,2024-10-22,home,$461
21046,W,2024-03-08,auto,399
21047,S,2024-02-24,home,646
21048,W,2024-02-24,health,USD 895
21049,E,2024-04-15,health,765
21050,N,2024-05-14,auto,712
21051,E,2024-05-12,home,897
21052,N,2024-06-29,home,765
21053,W,2024-11-26,travel,511
21054,S,2024-01-11,travel,1119
21055,N,2024-09-24,home,638
21056,S,2024-08-18,auto,541
21057,E,2024-11-08,home,686
21058,S,2024-04-28,health,434
21059,W,2024-04-29,auto,682
21060,W,2024-02-18,travel,615
21061,S,2024-01-30,health,USD 576
21062,W,2024-11-02,auto,$994
21063,N,2024-11-13,health,625
21064,S,2024-04-25,home,646
21065,S,2024-05-29,home,633
21066,E,2024-03-19,home,992
21067,N,2024-09-06,travel,621
21068,E,2024-08-04,travel,529
21069,S,2024-09-25,auto,796
21070,W,2024-02-17,travel,864
21071,S,2024-06-03,auto,531
21072,W,2024-01-29,travel,438
21073,N,2024-02-23,travel,546
21074,S,2024-07-03,travel,$799
21076,W,2024-02-22,travel,532
21077,E,2024-10-16,auto,501
21078,W,2024-06-01,home,675
21079,S,2024-09-28,travel,1320
21080,W,2024-07-08,travel,613
21081,E,2024-11-23,health,942
21082,W,2024-07-19,home,712
21083,W,2024-01-06,health,820
21084,N,2024-04-30,auto,$965
21085,N,2024-02-06,home,588
21086,N,2024-02-05,auto,506
21087,E,2024-11-17,auto,714
21088,S,2024-09-19,auto,427
21089,N,2024-04-30,home,740
21090,S,2024-04-27,home,714
21091,S,2024-01-26,travel,654
21092,N,2024-03-02,auto,USD 860
21093,E,2024-08-10,home,625
21094,N,2024-04-06,health,796
21095,N,2024-01-22,home,673
21096,W,2024-10-07,health,451
21097,W,2024-11-10,travel,591
21098,E,2024-10-04,auto,409
21100,N,2024-02-12,home,617
21101,W,2024-04-02,travel,737
21102,N,2024-06-20,health,589
21103,S,2024-07-12,travel,887
21104,W,2024-07-23,home,737
21105,N,2024-11-24,auto,1097
21106,W,2024-11-16,health,550
21107,W,2024-07-02,home,376
21108,E,2024-07-17,travel,526
21109,W,2024-08-16,home,572
21110,S,2024-10-13,health,727
21111,N,2024-03-30,health,542
21112,W,2024-08-29,auto,866
21113,W,2024-03-31,travel,704
21114,S,2024-07-16,travel,798
21115,W,2024-11-12,home,529
21116,W,2024-06-23,health,863
21117,E,2024-10-02,auto,925
21118,W,2024-08-25,health,487
21119,E,2024-09-22,auto,506
21120,W,2024-01-26,home,565
21121,N,2024-09-27,home,669
21122,W,2024-09-28,auto,513
21123,E,2024-11-06,home,475
21124,S,2024-11-04,health,1256
21125,E,2024-01-14,health,710
21126,S,2024-07-27,auto,374
21127,E,2024-06-05,travel,739
21128,N,2024-02-02,travel,749
21129,N,2024-03-17,home,918
21130,N,2024-11-14,auto,907
21131,S,2024-01-25,auto,733
21132,W,2024-09-08,health,670
21133,S,2024-03-06,travel,699
21134,W,2024-10-31,home,451
21135,N,2024-11-21,home,566
21136,S,2024-11-18,home,411
21137,W,2024-09-07,health,1088
21138,S,2024-03-17,auto,$681
21139,W,2024-03-07,health,956
21140,N,2024-04-25,home,620
21141,W,2024-06-04,home,626
21142,N,2024-09-05,auto,602
21143,S,2024-08-03,home,552
21144,S,2024-04-11,home,793
21145,E,2024-01-01,travel,604
21146,S,2024-04-08,travel,628
21147,N,2024-02-27,health,608
21148,S,2024-06-28,auto,768
21149,E,2024-04-22,auto,712
21150,S,2024-10-21,travel,$468
21151,E,2024-06-08,health,679
21152,N,2024-01-03,health,454
21153,N,2024-04-15,auto,642
21154,W,2024-09-29,home,701
21155,S,2024-11-24,health,766
21156,W,2024-11-05,auto,USD 634
21157,W,2024-03-31,health,700
21158,W,2024-10-03,travel,609
21159,S,2024-06-28,travel,956
21160,E,2024-06-15,home,699
21161,S,2024-11-20,travel,797
21162,N,2024-01-11,health,870
21163,E,2024-09-30,travel,668
21165,E,2024-09-13,auto,$479
21166,E,2024-08-23,travel,567
21167,N,2024-02-27,auto,776
21168,S,2024-01-03,health,733
21169,E,2024-02-03,health,679
21171,N,2024-10-31,home,783
21172,W,2024-08-23,travel,640
21173,S,2024-10-10,home,732
21174,S,2024-03-12,travel,837
21175,E,2024-05-26,travel,696
21176,N,2024-05-19,travel,631
21177,E,2024-02-04,auto,614
21178,W,2024-07-01,health,661
21179,N,2024-04-01,auto,520
21180,W,2024-10-31,travel,776
21181,S,2024-03-14,auto,USD 1014
21182,N,2024-04-17,health,712
21183,S,2024-04-27,auto,665
21184,S,2024-05-01,travel,USD 618
21185,S,2024-06-30,home,715
21186,W,2024-05-30,travel,559
21187,S,2024-11-03,travel,887
21188,W,2024-06-26,health,567
21189,E,2024-10-29,travel,672
21190,N,2024-02-05,auto,505
21191,S,2024-08-07,health,725
21192,E,2024-09-12,auto,854
21193,N,2024-06-24,health,877
21194,N,2024-01-24,travel,698
21195,N,2024-11-18,health,761
21196,N,2024-06-28,health,592
21197,E,2024-09-20,home,662
21198,S,2024-06-27,home,542
21199,N,2024-06-10,auto,669
21200,S,2024-06-03,auto,$552
21201,E,2024-08-02,health,852
21203,W,2024-01-07,auto,$566
21204,W,2024-06-03,auto,665
21205,E,2024-07-08,auto,689
21206,E,2024-03-21,auto,469
21207,W,2024-07-05,auto,753
21208,E,2024-06-09,travel,530
21209,N,2024-07-11,home,509
21210,N,2024-10-11,auto,681
21211,W,2024-07-28,auto,616
21212,E,2024-06-05,home,569
21213,N,2024-03-04,travel,893
21214,N,2024-11-03,travel,640
21215,E,2024-03-27,home,719
21216,S,2024-05-12,auto,891
21217,S,2024-05-26,home,695
21218,W,2024-08-13,health,841
21219,W,2024-11-24,home,665
21220,E,2024-03-26,health,794
21221,E,2024-10-20,travel,884
21222,W,2024-04-30,auto,539
21223,E,2024-10-19,home,719
21224,N,2024-01-16,travel,620
21225,N,2024-07-14,auto,488
21226,N,2024-03-17,home,768
21227,N,2024-06-20,health,718
21228,N,2024-09-15,auto,780
21229,E,2024-02-16,health,913
21230,W,2024-07-04,home,1204
21231,S,2024-11-20,auto,$929
21232,S,2024-08-10,health,606
21233,S,2024-04-16,health,USD 774
21234,N,2024-04-27,travel,496
21235,W,2024-03-18,auto,636
21236,S,2024-08-20,health,543
21237,N,2024-10-04,home,570
21238,N,2024-01-31,health,612
21239,S,2024-03-08,health,578
21240,W,2024-06-21,health,970
21241,S,2024-02-09,auto,677
21242,W,2024-02-24,auto,$594
21243,S,2024-07-03,auto,858
21244,W,2024-03-31,travel,USD 645
21245,W,2024-05-27,health,1000
21246,W,2024-10-14,travel,824
21247,E,2024-07-10,health,812
21248,E,2024-01-19,auto,729
21249,W,2024-03-25,health,$574
21251,E,2024-07-22,travel,708
21252,E,2024-03-10,health,757
21253,N,2024-10-25,home,694
21254,W,2024-08-13,home,724
21255,S,2024-06-24,health,550
21256,W,2024-10-19,health,580
21257,W,2024-02-22,travel,493
21258,N,2024-04-28,home,674
21259,E,2024-08-29,home,575
21260,S,2024-06-08,auto,468
21261,N,2024-07-05,home,USD 505
21262,W,2024-06-19,auto,931
21263,S,2024-05-07,home,651
21264,E,2024-08-13,auto,673
21265,W,2024-05-19,health,441
21266,W,2024-03-11,home,713
21267,W,2024-05-23,auto,768
21268,W,2024-05-21,auto,707
21269,N,2024-09-22,auto,513
21270,S,2024-09-14,home,668
21271,E,2024-08-31,auto,421
21272,W,2024-10-16,auto,467
21273,E,2024-03-17,home,634
21274,W,2024-10-02,travel,727
21275,S,2024-04-26,travel,614
21276,E,2024-05-31,health,464
21277,S,2024-01-05,home,516
21278,N,2024-01-21,health,509
21279,W,2024-07-28,home,583
21280,S,2024-05-01,health,725
21281,S,2024-11-06,travel,USD 644
21282,S,2024-10-15,travel,1196
21283,N,2024-10-08,travel,696
21284,W,2024-07-20,travel,878
21285,N,2024-07-14,travel,560
21286,S,2024-10-31,auto,443
21287,S,2024-05-31,travel,$889
21288,W,2024-06-14,travel,1013
21289,N,2024-02-15,travel,559
21290,W,2024-06-01,health,620
21291,S,2024-11-03,home,570
21292,N,2024-04-20,travel,666
21293,E,2024-04-21,health,866
21294,S,2024-02-03,travel,662
21295,E,2024-09-05,home,USD 794
21296,W,2024-03-05,auto,780
21297,S,2024-11-17,travel,651
21298,S,2024-02-21,health,681
21299,N,2024-07-25,auto,536
21300,W,2024-10-08,home,475
21301,N,2024-11-22,health,428
21302,W,2024-03-28,travel,718
21303,S,2024-06-03,health,963
21304,N,2024-05-28,travel,857
21305,E,2024-09-06,health,837
21306,S,2024-03-25,home,546
21307,S,2024-10-16,home,498
21308,S,2024-05-16,home,706
21309,N,2024-09-07,auto,483
21310,S,2024-09-09,health,670
21312,E,2024-06-29,health,630
21313,W,2024-07-13,auto,897
21314,W,2024-10-11,auto,641
21315,S,2024-10-03,home,$577
21316,S,2024-04-20,home,675
21317,N,2024-10-04,health,739
21318,N,2024-06-10,health,622
21319,E,2024-02-19,home,519
21320,S,2024-02-01,health,340
21321,W,2024-09-04,home,998
21322,S,2024-09-08,health,577
21326,W,2024-11-11,auto,900
21327,N,2024-07-20,travel,438
21328,W,2024-11-23,travel,607
21329,E,2024-10-12,travel,USD 538
21331,N,2024-04-25,travel,670
21332,W,2024-03-20,home,622
21333,W,2024-05-05,travel,562
21334,N,2024-10-09,travel,742
21335,W,2024-07-22,home,656
21336,S,2024-04-09,travel,647
21337,S,2024-02-08,health,564
21338,W,2024-09-06,auto,477
21339,N,2024-05-19,home,715
21340,W,2024-10-19,health,556
21342,N,2024-10-30,auto,572
21343,N,2024-04-12,auto,805
21345,N,2024-10-16,home,USD 697
21346,S,2024-09-28,home,742
21347,E,2024-02-04,health,746
21348,S,2024-03-28,health,$532
21349,W,2024-10-08,travel,566
21350,N,2024-06-20,auto,803
21351,S,2024-01-12,auto,702
21352,N,2024-11-03,health,772
21353,W,2024-08-15,travel,925
21354,W,2024-06-22,health,620
21356,E,2024-06-14,health,USD 919
21357,S,2024-06-13,auto,752
21358,S,2024-09-12,health,771
21360,E,2024-08-30,auto,683
21361,S,2024-09-30,travel,599
21362,S,2024-04-08,home,608
21363,E,2024-02-14,home,706
21364,S,2024-08-18,travel,974
21365,N,2024-03-28,health,866
21366,E,2024-09-26,auto,613
21367,W,2024-06-23,home,679
21368,N,2024-09-30,home,664
21369,W,2024-03-08,auto,681
21370,N,2024-07-17,health,595
21371,W,2024-07-09,travel,1207
21372,S,2024-04-12,home,568
21373,S,2024-05-16,travel,815
21374,N,2024-06-25,travel,673
21375,E,2024-09-22,health,774
21376,S,2024-01-22,travel,418
21377,E,2024-11-11,health,489
21378,W,2024-08-29,travel,1041
21379,E,2024-01-01,home,611
21380,S,2024-03-03,travel,966
21381,S,2024-10-05,travel,703
21382,W,2024-10-22,home,609
21383,W,2024-02-28,auto,518
21384,N,2024-03-07,travel,665
21385,N,2024-08-16,auto,539
21386,E,2024-07-27,travel,528
21387,N,2024-07-24,travel,600
21388,N,2024-09-29,home,USD 635
21389,S,2024-05-19,auto,916
21390,W,2024-08-13,health,595
21391,E,2024-07-05,home,573
21392,S,2024-10-24,auto,547
21393,N,2024-10-26,home,371
21394,E,2024-04-06,health,431
21395,S,2024-08-15,health,$521
21396,S,2024-07-20,auto,576
21397,N,2024-01-07,home,709
21398,W,2024-02-22,travel,925
21399,N,2024-09-03,home,547
21400,E,2024-07-15,home,$978
21401,S,2024-07-12,travel,737
21402,N,2024-11-10,auto,791
21403,S,2024-05-22,auto,653
21404,N,2024-06-22,auto,670
21406,E,2024-08-23,auto,USD 593
21407,E,2024-05-15,travel,540
21408,S,2024-11-11,travel,$764
21409,W,2024-05-18,travel,608
21410,S,2024-05-07,travel,891
21411,W,2024-11-19,auto,998
21412,S,2024-02-28,auto,580
21413,N,2024-09-03,auto,712
21414,S,2024-08-29,home,USD 625
21415,N,2024-01-27,health,787
21416,S,2024-03-01,health,772
21417,N,2024-05-06,health,862
21418,E,2024-10-06,auto,634
21419,N,2024-07-06,health,560
21420,E,2024-03-05,auto,820
21421,N,2024-07-30,auto,689
21422,W,2024-06-15,travel,691
21423,N,2024-04-18,travel,564
21424,E,2024-08-04,auto,738
21425,N,2024-10-19,health,586
21426,S,2024-11-15,travel,741
21427,W,2024-09-27,auto,732
21429,W,2024-10-07,home,788
21430,W,2024-05-07,home,730
21431,W,2024-04-16,health,601
21432,E,2024-05-31,travel,598
21433,N,2024-09-21,travel,685
21434,E,2024-03-27,travel,472
21435,S,2024-08-13,health,$659
21436,N,2024-07-10,auto,739
21437,E,2024-02-04,travel,849
21438,E,2024-02-18,auto,819
21439,S,2024-10-17,auto,593
21440,W,2024-07-23,auto,524
21441,W,2024-05-26,travel,703
21442,E,2024-06-09,health,517
21443,W,2024-02-28,auto,854
21444,N,2024-05-17,auto,832
21445,E,2024-04-18,auto,375
21446,W,2024-10-16,health,466
21447,E,2024-03-18,health,USD 915
21448,S,2024-01-09,health,487
21449,W,2024-04-21,travel,830
21450,N,2024-06-30,home,942
21451,E,2024-01-01,home,733
21452,S,2024-05-27,health,839
21453,E,2024-04-16,health,482
21454,N,2024-10-09,travel,712
21455,W,2024-11-07,auto,525
21456,N,2024-10-14,home,$545
21457,S,2024-10-08,home,749
21458,S,2024-05-21,home,629
21459,N,2024-08-12,home,886
21460,E,2024-08-23,travel,655
21461,N,2024-09-16,auto,666
21462,W,2024-05-01,travel,696
21463,E,2024-05-04,home,549
21464,E,2024-10-29,auto,499
21466,N,2024-06-25,home,597
21467,W,2024-07-18,travel,993
21468,N,2024-07-31,health,610
21469,W,2024-11-10,home,557
21470,S,2024-05-26,home,563
21471,N,2024-04-24,travel,671
21472,E,2024-06-09,home,617
21473,N,2024-02-03,home,498
21474,N,2024-03-22,travel,$540
21475,E,2024-08-30,health,773
21476,S,2024-08-09,health,577
21477,E,2024-10-09,auto,661
21478,E,2024-06-21,health,814
21479,N,2024-08-11,home,585
21480,N,2024-04-12,home,515
21481,W,2024-09-15,health,492
21482,S,2024-05-13,health,573
21483,E,2024-05-08,home,651
21484,N,2024-01-14,health,676
21485,E,2024-04-19,travel,1068
21486,N,2024-08-28,travel,626
21487,N,2024-05-02,home,492
21488,N,2024-07-02,auto,560
21489,W,2024-06-16,travel,456
21490,W,2024-06-16,auto,597
21491,N,2024-04-05,home,434
21492,E,2024-09-15,travel,848
21493,E,2024-02-15,home,754
21494,W,2024-01-31,travel,667
21495,E,2024-07-30,home,827
21496,S,2024-11-23,auto,661
21497,W,2024-07-20,home,921
21498,N,2024-07-04,home,866
21499,E,2024-08-15,auto,544
21500,W,2024-11-24,home,688
21501,N,2024-05-25,health,605
21502,E,2024-01-22,travel,824
21503,E,2024-02-11,travel,627
21504,N,2024-04-19,travel,715
21505,S,2024-02-07,auto,USD 748
21506,N,2024-11-23,travel,762
21507,E,2024-11-09,travel,576
21508,N,2024-11-07,home,1091
21509,W,2024-05-14,health,725
21510,W,2024-10-11,travel,600
21511,N,2024-07-05,travel,946
21512,S,2024-03-20,health,703
21513,N,2024-10-10,travel,$607
21514,S,2024-06-04,travel,934
21515,N,2024-02-16,travel,1010
21516,W,2024-10-23,auto,1078
21517,N,2024-09-10,travel,860
21518,S,2024-10-17,health,720
21519,S,2024-09-21,home,621
21520,N,2024-02-11,travel,737
21521,S,2024-05-14,auto,854
21522,E,2024-03-10,home,568
21523,E,2024-04-14,travel,1010
21524,S,2024-09-07,health,340
21525,E,2024-01-25,home,1096
21526,W,2024-07-24,travel,749
21527,E,2024-02-06,health,803
21528,S,2024-11-23,health,1079
21529,S,2024-07-02,home,661
21530,S,2024-04-17,travel,549
21531,E,2024-11-09,health,975
21532,W,2024-10-30,travel,748
21533,E,2024-11-15,home,721
21534,S,2024-02-02,travel,560
21535,N,2024-10-05,home,675
21536,N,2024-06-16,travel,754
21537,W,2024-06-27,auto,1085
21538,E,2024-11-08,travel,548
21540,N,2024-06-01,home,650
21541,E,2024-10-07,home,$966
21542,N,2024-05-11,auto,635
21543,N,2024-02-19,home,807
21544,W,2024-05-29,home,644
21545,W,2024-09-21,health,648
21546,E,2024-09-05,home,576
21547,S,2024-10-24,health,680
21548,W,2024-05-20,travel,860
21549,E,2024-01-26,health,911
21550,N,2024-02-28,health,451
21551,N,2024-06-08,health,$500
21552,N,2024-06-28,health,504
21553,E,2024-03-07,health,522
21554,N,2024-10-24,travel,419
21555,W,2024-09-20,auto,716
21556,E,2024-08-17,auto,695
21557,E,2024-09-18,health,724
21558,E,2024-03-17,home,530
21559,N,2024-06-09,health,496
21560,W,2024-06-18,health,599
21561,E,2024-09-13,auto,466
21562,W,2024-01-11,auto,507
21563,E,2024-11-13,home,732
21564,E,2024-07-14,home,562
21565,W,2024-06-30,home,857
21566,N,2024-02-07,travel,$601
21567,N,2024-01-29,home,545
21568,E,2024-06-02,travel,877
21569,W,2024-11-10,travel,1004
21570,W,2024-03-22,auto,851
21571,E,2024-02-29,home,1048
21572,W,2024-07-27,auto,$623
21573,S,2024-04-01,health,487
21574,N,2024-02-20,auto,550
21575,S,2024-01-06,health,643
21576,W,2024-06-25,auto,535
21577,E,2024-03-30,health,620
21578,S,2024-06-14,health,605
21579,E,2024-09-26,auto,748
21580,S,2024-07-09,auto,586
21581,W,2024-08-16,travel,762
21582,N,2024-09-22,home,1040
21584,W,2024-01-26,health,969
21585,S,2024-05-20,travel,530
21587,E,2024-05-04,home,800
21588,S,2024-01-10,health,560
21589,W,2024-10-08,auto,828
21590,S,2024-04-25,auto,498
21591,E,2024-09-21,travel,544
21592,E,2024-11-08,travel,724
21593,W,2024-01-05,auto,618
21594,E,2024-01-09,auto,999
21595,E,2024-05-28,home,799
21596,W,2024-02-10,auto,706
21597,W,2024-06-25,auto,$838
21598,S,2024-05-08,travel,859
21599,S,2024-06-09,health,741
21600,E,2024-11-02,home,626
21601,W,2024-07-23,health,1138
21602,S,2024-01-31,health,723
21603,E,2024-08-03,auto,676
21604,N,2024-09-24,travel,658
21605,W,2024-01-14,auto,USD 619
21606,S,2024-10-17,travel,658
21607,S,2024-01-23,auto,747
21608,S,2024-03-28,home,916
21609,N,2024-09-26,health,1025
21610,E,2024-03-14,health,683
21611,N,2024-02-19,auto,676
21612,W,2024-09-05,health,USD 616
21613,W,2024-01-10,travel,578
21614,N,2024-04-03,auto,439
21615,N,2024-07-23,health,891
21616,E,2024-06-13,auto,584
21617,W,2024-05-04,home,$720
21618,S,2024-05-09,travel,681
21619,E,2024-02-04,health,918
21620,W,2024-04-18,home,651
21621,W,2024-01-01,health,637
21622,S,2024-02-10,travel,573
21623,W,2024-09-04,travel,704
21624,E,2024-01-26,auto,569
21625,N,2024-07-02,home,508
21626,S,2024-01-24,auto,517
21627,E,2024-03-13,travel,1015
21628,E,2024-07-18,auto,691
21629,S,2024-03-09,travel,552
21630,S,2024-10-09,health,USD 792
21631,S,2024-03-31,travel,723
21632,S,2024-11-09,auto,852
21633,E,2024-05-06,health,729
21634,W,2024-08-21,auto,486
21635,N,2024-09-06,home,654
21636,S,2024-11-17,auto,USD 794
21637,S,2024-01-12,home,514
21638,W,2024-06-04,travel,920
21639,N,2024-08-03,home,659
21640,W,2024-05-10,health,$576
21641,S,2024-09-09,home,720
21642,N,2024-01-23,travel,1025
21643,W,2024-09-11,auto,589
21644,W,2024-08-19,auto,391
21645,E,2024-09-27,auto,615
21647,W,2024-11-07,health,USD 762
21648,N,2024-03-01,home,556
21649,W,2024-10-19,travel,889
21650,W,2024-08-24,health,521
21651,S,2024-05-24,travel,544
21652,N,2024-07-29,travel,707
21653,S,2024-04-02,home,677
21654,W,2024-02-03,home,876
21655,S,2024-09-10,home,769
21656,W,2024-01-11,auto,485
21657,E,2024-02-14,health,809
21658,N,2024-02-07,travel,473
21659,S,2024-09-21,auto,711
21660,E,2024-06-20,travel,642
21661,E,2024-10-13,home,806
21662,N,2024-06-14,health,640
21663,S,2024-10-07,auto,847
21664,W,2024-09-30,travel,558
21665,S,2024-11-06,auto,607
21666,E,2024-02-04,health,USD 757
21667,S,2024-05-07,home,467
21668,S,2024-05-08,home,USD 547
21669,N,2024-09-05,auto,622
21670,S,2024-03-29,auto,727
21671,N,2024-08-27,auto,987
21672,E,2024-06-26,auto,872
21673,W,2024-03-16,home,644
21674,N,2024-08-20,travel,999
21675,S,2024-04-18,auto,739
21676,S,2024-10-03,travel,679
21677,N,2024-08-20,auto,923
21678,S,2024-06-01,health,747
21679,N,2024-02-09,health,387
21680,W,2024-05-25,home,706
21681,W,2024-07-24,home,715
21682,W,2024-05-05,home,USD 422
21683,N,2024-07-18,auto,521
21684,E,2024-06-27,health,$721
21685,W,2024-07-08,home,411
21686,E,2024-07-03,health,519
21687,N,2024-08-20,home,727
21688,E,2024-01-09,travel,USD 610
21689,N,2024-05-06,travel,833
21690,S,2024-01-13,home,599
21691,W,2024-09-23,home,547
21692,W,2024-09-09,travel,735
21693,N,2024-06-17,home,USD 1131
21694,S,2024-01-01,travel,605
21695,W,2024-11-09,home,836
21696,N,2024-09-05,health,639
21697,S,2024-01-17,health,631
21698,E,2024-09-12,auto,487
21699,E,2024-09-19,travel,579
21700,N,2024-02-15,health,656
21701,E,2024-09-05,home,957
21702,E,2024-09-26,auto,617
21704,N,2024-03-09,auto,571
21705,W,2024-11-23,home,692
21706,N,2024-08-30,health,479
21707,E,2024-06-13,travel,557
21708,N,2024-05-05,auto,USD 980
21710,S,2024-03-31,auto,639
21711,E,2024-10-24,travel,560
21712,S,2024-03-15,home,$682
21713,S,2024-09-27,auto,493
21714,S,2024-04-01,home,524
21715,N,2024-07-04,travel,689
21716,S,2024-04-08,travel,450
21717,S,2024-04-20,auto,455
21718,W,2024-03-14,health,538
21719,W,2024-09-29,travel,619
21720,W,2024-03-15,auto,525
21722,N,2024-07-20,health,387
21723,N,2024-06-18,auto,639
21724,E,2024-01-30,health,USD 634
21725,S,2024-03-17,auto,609
21726,S,2024-02-11,travel,$793
21727,S,2024-04-21,home,699
21728,E,2024-03-18,home,USD 677
21729,W,2024-08-28,travel,573
21730,N,2024-04-06,travel,555
21731,W,2024-04-19,home,810
21732,N,2024-10-07,travel,588
21733,S,2024-05-15,home,1070
21734,N,2024-05-28,home,628
21735,N,2024-10-12,home,717
21736,W,2024-11-05,health,917
21737,E,2024-07-03,travel,598
21738,E,2024-09-11,auto,1181
21739,W,2024-07-24,home,561
21740,W,2024-04-20,home,826
21741,E,2024-09-13,auto,596
21742,W,2024-03-25,health,827
21743,W,2024-07-26,health,485
21745,N,2024-11-26,travel,618
21746,E,2024-08-31,auto,856
21747,W,2024-03-17,travel,624
21748,W,2024-07-01,travel,812
21749,W,2024-06-11,auto,625
21751,S,2024-02-04,auto,522
21752,E,2024-03-01,auto,661
21753,S,2024-10-05,auto,416
21754,N,2024-08-21,home,806
21755,N,2024-10-24,travel,597
21756,S,2024-11-05,auto,1058
21757,E,2024-10-20,travel,714
21758,W,2024-10-11,auto,645
21759,W,2024-03-25,travel,523
21760,W,2024-01-20,travel,715
21761,E,2024-07-14,travel,597
21762,N,2024-11-07,health,USD 613
21763,S,2024-08-31,home,832
21764,N,2024-10-29,health,832
21765,E,2024-07-14,home,419
21766,E,2024-07-07,travel,553
21767,S,2024-06-27,home,529
21768,W,2024-05-19,health,657
21769,W,2024-07-19,auto,885
21770,W,2024-04-04,auto,365
21771,N,2024-09-28,travel,$772
21772,N,2024-02-28,home,494
21773,W,2024-05-23,home,784
21774,S,2024-04-24,travel,562
21775,S,2024-11-18,auto,648
21776,S,2024-01-15,auto,$493
21777,S,2024-09-21,health,497
21779,E,2024-07-06,home,638
21780,S,2024-10-01,home,688
21781,S,2024-05-16,health,613
21783,S,2024-02-25,auto,621
21784,E,2024-01-02,home,682
21785,E,2024-02-07,home,569
21786,N,2024-09-01,travel,843
21789,E,2024-04-06,auto,532
21790,N,2024-09-26,home,728
21791,E,2024-03-13,travel,793
21792,N,2024-01-13,auto,601
21793,N,2024-10-07,travel,843
21794,E,2024-10-16,travel,739
21795,W,2024-08-02,home,877
21796,E,2024-08-25,health,665
21797,E,2024-05-26,home,617
21798,W,2024-10-05,home,754
21799,E,2024-06-10,health,679
21800,W,2024-06-09,health,540
21801,W,2024-06-17,travel,745
21802,N,2024-10-23,auto,786
21804,S,2024-05-14,auto,534
21805,E,2024-03-21,auto,$573
21806,E,2024-06-10,home,679
21807,E,2024-05-15,home,700
21808,S,2024-09-27,health,848
21809,S,2024-01-15,home,571
21810,E,2024-09-07,travel,758
21811,W,2024-07-10,home,895
21812,N,2024-02-25,home,650
21813,S,2024-05-13,home,643
21814,S,2024-04-09,health,920
21815,S,2024-06-14,travel,961
21816,S,2024-04-15,travel,1176
21817,N,2024-04-30,travel,951
21818,N,2024-08-18,travel,549
21819,W,2024-07-11,home,$693
21820,W,2024-09-13,health,619
21821,E,2024-05-08,health,586
21822,W,2024-04-16,auto,617
21823,N,2024-03-18,home,522
21824,E,2024-02-04,home,800
21825,S,2024-04-21,travel,768
21826,W,2024-05-25,health,990
21827,E,2024-03-26,home,926
21828,E,2024-09-11,auto,853
21829,N,2024-05-30,travel,432
21830,N,2024-03-10,auto,505
21831,N,2024-10-06,health,520
21832,E,2024-02-11,auto,817
21833,W,2024-05-05,auto,757
21835,S,2024-07-11,home,$981
21837,N,2024-09-23,travel,832
21838,S,2024-06-26,home,504
21839,E,2024-06-21,travel,673
21840,E,2024-03-23,auto,579
21841,W,2024-10-22,home,508
21842,S,2024-02-28,travel,511
21843,S,2024-04-20,auto,920
21844,E,2024-02-02,auto,696
21845,W,2024-09-10,auto,1014
21846,N,2024-04-19,home,615
21847,N,2024-08-10,health,564
21848,E,2024-09-19,health,690
21849,N,2024-02-21,health,868
21850,W,2024-01-16,home,490
21851,N,2024-01-06,travel,992
21852,N,2024-05-07,travel,625
21853,S,2024-09-23,health,820
21854,W,2024-07-03,auto,762
21855,W,2024-03-09,home,664
21857,S,2024-09-11,travel,654
21858,S,2024-11-09,auto,688
21859,E,2024-01-02,auto,422
21860,S,2024-01-16,travel,923
21861,E,2024-01-13,travel,988
21862,N,2024-07-05,health,609
21863,W,2024-10-10,home,668
21864,S,2024-10-06,health,726
21865,N,2024-07-04,travel,511
21866,E,2024-03-02,travel,907
21867,N,2024-02-17,auto,773
21868,E,2024-11-22,health,899
21869,S,2024-08-14,travel,559
21870,S,2024-11-08,travel,576
21871,S,2024-09-21,home,586
21872,N,2024-09-22,health,673
21873,E,2024-05-13,health,619
21874,E,2024-07-26,home,448
21875,W,2024-07-18,home,630
21876,W,2024-03-17,health,586
21877,W,2024-10-01,travel,636
21878,W,2024-07-20,auto,627
21879,S,2024-11-02,home,544
21880,N,2024-08-27,travel,489
21881,W,2024-11-09,health,742
21882,E,2024-07-20,auto,$867
21883,S,2024-08-15,auto,USD 661
21885,W,2024-05-12,home,834
21886,W,2024-07-04,travel,648
21887,N,2024-08-16,auto,875
21888,S,2024-02-04,auto,585
21889,N,2024-07-13,auto,666
21890,E,2024-09-15,auto,482
21891,E,2024-04-25,home,478
21892,N,2024-11-23,travel,659
21893,S,2024-03-14,health,483
21894,S,2024-01-11,auto,490
21895,S,2024-03-31,health,483
21896,N,2024-11-04,health,583
21897,E,2024-02-29,health,702
21898,E,2024-03-19,health,721
21899,S,2024-01-22,travel,561
21900,W,2024-10-05,travel,403
21901,S,2024-04-05,auto,536
21902,N,2024-09-15,home,USD 647
21903,W,2024-04-02,health,617
21904,W,2024-01-24,health,946
21905,N,2024-04-20,auto,$821
21906,S,2024-06-13,travel,970
21907,E,2024-05-22,travel,464
21908,S,2024-05-23,health,$532
21909,E,2024-01-16,travel,518
21910,S,2024-08-08,travel,532
21911,W,2024-07-14,auto,748
21912,N,2024-04-21,travel,798
21913,N,2024-04-06,auto,780
21914,N,2024-02-14,travel,777
21916,N,2024-10-17,health,761
21917,N,2024-07-26,home,680
21918,W,2024-06-14,health,$687
21919,W,2024-03-31,auto,USD 695
21920,N,2024-06-14,travel,865
21921,W,2024-09-10,home,673
21922,E,2024-06-08,health,$690
21923,W,2024-03-19,home,600
21924,S,2024-08-31,health,709
21925,S,2024-07-04,travel,744
21926,E,2024-09-05,health,500
21927,E,2024-07-04,auto,622
21928,S,2024-11-14,travel,488
21929,E,2024-03-25,home,USD 616
21930,E,2024-08-25,health,751
21931,W,2024-06-11,auto,652
21932,W,2024-11-19,health,674
21933,N,2024-02-16,health,569
21934,S,2024-03-29,auto,691
21935,S,2024-07-07,health,$565
21936,W,2024-01-11,home,655
21937,E,2024-02-15,home,727
21940,S,2024-03-08,auto,556
21941,E,2024-04-11,home,562
21942,W,2024-01-24,home,716
21943,S,2024-07-28,auto,632
21944,S,2024-05-08,auto,901
21945,N,2024-09-12,travel,501
21946,W,2024-03-10,auto,708
21947,N,2024-04-29,health,669
21948,N,2024-03-24,health,723
21949,W,2024-08-30,travel,748
21950,E,2024-01-06,travel,USD 517
21951,S,2024-04-01,auto,468
21952,S,2024-04-08,home,853
21953,E,2024-03-09,home,639
21954,E,2024-03-22,auto,1086
21956,W,2024-05-26,travel,1196
21957,N,2024-07-22,auto,791
21958,N,2024-11-10,travel,784
21959,W,2024-03-18,auto,602
21960,E,2024-05-05,health,861
21961,N,2024-08-03,home,864
21963,S,2024-02-23,auto,614
21964,W,2024-07-03,home,543
21965,S,2024-03-31,health,605
21966,W,2024-10-02,health,871
21967,W,2024-09-06,home,602
21968,N,2024-03-07,travel,610
21969,N,2024-08-20,home,521
21970,S,2024-11-09,auto,752
21971,E,2024-07-24,travel,856
21973,S,2024-10-12,home,671
21974,S,2024-02-19,health,612
21975,S,2024-11-21,travel,695
21976,W,2024-07-21,travel,773
21977,W,2024-03-26,travel,1294
21978,N,2024-03-19,auto,944
21979,S,2024-03-06,auto,738
21980,W,2024-02-27,health,USD 831
21981,N,2024-08-20,home,577
21982,W,2024-04-04,health,647
21983,S,2024-02-19,auto,548
21984,W,2024-04-12,health,686
21985,E,2024-11-15,travel,550
21986,W,2024-03-01,health,350
21987,E,2024-10-31,health,670
21988,N,2024-04-22,auto,518
21989,N,2024-05-27,home,611
21990,S,2024-01-12,home,504
21991,W,2024-11-09,home,624
21992,S,2024-08-03,health,459
21993,N,2024-08-12,home,USD 704
21994,N,2024-07-24,health,683
21995,N,2024-02-05,travel,648
21996,E,2024-08-09,health,475
21997,E,2024-01-08,home,651
21999,S,2024-09-27,auto,607
22000,S,2024-02-13,home,632
22002,N,2024-09-16,auto,632
22003,W,2024-02-01,travel,904
22004,E,2024-03-05,travel,861
22005,W,2024-07-12,auto,694
22006,E,2024-11-10,home,1106
22007,E,2024-10-08,travel,965
22008,E,2024-01-01,auto,774
22009,S,2024-02-02,travel,680
22010,N,2024-03-10,auto,640
22011,E,2024-08-30,home,808
22012,N,2024-10-27,home,420
22013,W,2024-10-29,health,474
22014,W,2024-06-08,travel,670
22015,W,2024-02-12,home,869
22018,S,2024-04-18,auto,614
22019,W,2024-07-08,auto,579
22020,N,2024-07-25,health,619
22021,N,2024-05-26,travel,549
22023,E,2024-09-03,health,827
22024,S,2024-04-20,auto,835
22025,N,2024-01-03,travel,668
22026,N,2024-03-06,home,412
22027,N,2024-05-30,home,777
22028,E,2024-11-11,travel,830
22029,E,2024-07-08,travel,687
22030,N,2024-06-30,travel,689
22031,N,2024-08-08,auto,712
22032,S,2024-01-12,home,734
22033,N,2024-05-18,home,715
22034,S,2024-02-11,health,710
22035,W,2024-06-03,health,921
22036,N,2024-09-11,health,1011
22037,N,2024-11-12,health,881
22038,N,2024-08-18,home,429
22039,S,2024-02-03,travel,713
22040,W,2024-11-25,travel,751
22041,W,2024-09-04,auto,442
22042,S,2024-08-08,auto,699
22043,W,2024-10-15,home,933
22044,N,2024-08-27,auto,608
22045,S,2024-05-24,health,458
22046,N,2024-07-29,travel,782
22047,E,2024-08-10,travel,811
22048,S,2024-07-11,auto,516
22049,S,2024-06-15,health,506
22050,E,2024-01-26,home,917
22051,E,2024-06-27,health,684
22052,S,2024-06-18,home,448
22054,E,2024-10-26,health,391
22055,N,2024-04-23,travel,737
22056,E,2024-08-23,health,849
22057,W,2024-06-27,auto,907
22058,S,2024-06-23,travel,613
22059,W,2024-11-12,health,1217
22060,W,2024-02-21,travel,696
22061,E,2024-01-10,health,796
22062,W,2024-08-06,home,689
22063,E,2024-11-18,auto,$694
22064,S,2024-05-25,travel,USD 865
22065,W,2024-10-17,home,741
22066,E,2024-04-04,home,640
22067,W,2024-09-05,travel,604
22068,S,2024-05-23,health,618
22069,W,2024-07-11,auto,711
22070,S,2024-08-01,auto,675
22071,S,2024-04-15,health,544
22072,S,2024-02-04,travel,669
22073,S,2024-05-14,home,520
22074,S,2024-04-18,health,880
22075,W,2024-11-19,health,$789
22077,S,2024-05-28,health,967
22078,W,2024-08-01,health,725
22079,E,2024-07-21,home,"$1,026"
22080,S,2024-06-20,health,687
22081,N,2024-05-24,home,862
22082,E,2024-04-20,home,622
22084,N,2024-02-07,travel,618
22085,E,2024-09-09,auto,578
22086,E,2024-07-17,home,627
22087,N,2024-05-28,auto,787
22088,W,2024-01-19,home,662
22089,E,2024-09-16,travel,606
22090,E,2024-01-31,home,738
22091,N,2024-10-10,home,893
22092,N,2024-06-05,travel,790
22093,W,2024-09-23,travel,811
22094,E,2024-11-01,home,893
22095,E,2024-08-03,travel,$680
22096,S,2024-11-09,health,866
22097,N,2024-11-14,home,625
22098,E,2024-10-06,auto,642
22099,S,2024-08-10,health,$712
22100,S,2024-08-03,health,553
22101,N,2024-07-22,home,778
22102,N,2024-04-22,home,453
22103,E,2024-03-14,travel,767
22104,N,2024-06-05,health,$738
22106,E,2024-02-14,auto,801
22107,E,2024-05-25,travel,557
22108,E,2024-07-28,travel,734
22109,W,2024-07-23,home,$869
22110,W,2024-07-08,home,939
22111,S,2024-03-02,home,848
22112,E,2024-08-08,home,665
22113,N,2024-07-12,travel,613
22114,S,2024-06-26,health,812
22115,N,2024-07-13,travel,$481
22116,E,2024-07-01,auto,700
22117,S,2024-01-31,travel,456
22118,N,2024-07-21,auto,506
22119,E,2024-11-14,auto,874
22120,E,2024-11-20,auto,963
22121,W,2024-09-26,travel,711
22122,E,2024-01-29,travel,655
22123,E,2024-10-06,auto,471
22124,S,2024-04-23,auto,772
22125,W,2024-07-27,auto,370
22128,S,2024-08-29,health,704
22129,N,2024-10-04,travel,886
22130,E,2024-07-16,auto,883
22131,E,2024-02-11,travel,604
22132,W,2024-07-14,auto,716
22133,E,2024-01-23,home,633
22134,W,2024-08-23,travel,927
22135,W,2024-03-18,home,788
22136,E,2024-08-16,home,787
22138,W,2024-04-09,auto,466
22139,E,2024-09-21,health,455
22140,S,2024-08-15,travel,1071
22141,E,2024-07-30,auto,543
22142,E,2024-11-15,home,500
22143,W,2024-09-06,auto,$745
22144,N,2024-06-15,home,USD 760
22145,S,2024-01-23,travel,463
22146,W,2024-06-27,home,623
22147,W,2024-03-19,home,665
22148,N,2024-08-29,auto,542
22149,N,2024-11-06,auto,598
22150,N,2024-04-03,auto,$545
22151,E,2024-10-31,health,532
22152,W,2024-01-04,health,774
22153,E,2024-01-25,auto,780
22154,W,2024-05-12,health,574
22155,N,2024-06-15,health,918
22157,E,2024-07-07,health,$813
22158,N,2024-10-11,home,664
22159,E,2024-11-15,health,$892
22160,E,2024-10-02,auto,1006
22161,W,2024-09-14,auto,USD 639
22162,W,2024-05-11,auto,617
22163,W,2024-06-28,auto,1118
22164,W,2024-04-24,travel,489
22165,S,2024-04-15,auto,635
22166,E,2024-06-18,health,891
22167,N,2024-09-01,auto,667
22168,E,2024-10-07,auto,670
22169,S,2024-01-27,travel,716
22170,E,2024-06-05,home,931
22171,E,2024-04-17,health,618
22172,N,2024-09-01,home,883
22173,N,2024-03-12,travel,656
22174,E,2024-04-10,auto,583
22175,N,2024-04-20,travel,464
22176,W,2024-03-01,home,677
22177,E,2024-02-17,travel,624
22179,S,2024-01-22,home,589
22180,S,2024-02-05,auto,724
22181,N,2024-06-28,travel,$625
22182,S,2024-06-30,auto,610
22183,N,2024-07-23,home,633
22184,N,2024-02-20,health,591
22185,S,2024-01-19,home,760
22186,W,2024-03-31,travel,912
22187,N,2024-08-24,health,754
22188,W,2024-03-07,auto,756
22189,W,2024-02-29,home,468
22190,W,2024-04-13,health,518
22191,E,2024-09-27,home,748
22192,E,2024-08-09,travel,573
22193,S,2024-07-11,home,764
22194,W,2024-01-16,health,591
22195,W,2024-03-03,auto,$578
22196,E,2024-05-04,travel,813
22197,N,2024-10-18,travel,423
22198,N,2024-11-03,health,439
22199,N,2024-11-22,auto,1141
22200,N,2024-07-26,auto,801
22201,N,2024-11-13,auto,923
22202,S,2024-07-20,health,"$1,001"
22203,S,2024-04-17,home,1013
22204,W,2024-06-12,health,761
22205,W,2024-02-01,auto,495
22207,W,2024-02-25,travel,642
22208,E,2024-01-15,health,476
22209,S,2024-10-12,travel,581
22210,S,2024-06-19,travel,625
22211,N,2024-05-01,auto,766
22212,N,2024-08-29,travel,760
22213,W,2024-07-02,home,565
22214,E,2024-03-31,auto,759
22215,E,2024-04-12,auto,833
22216,N,2024-07-26,travel,750
22217,W,2024-05-05,auto,807
22218,W,2024-07-11,travel,581
22219,E,2024-10-12,auto,788
22220,W,2024-04-08,health,559
22221,E,2024-03-28,home,675
22222,W,2024-05-08,health,849
22223,S,2024-07-02,travel,755
22224,W,2024-01-19,home,695
22225,N,2024-05-19,health,891
22226,E,2024-04-16,auto,644
22228,W,2024-02-03,health,1025
22229,W,2024-01-12,auto,666
22230,S,2024-03-12,health,1121
22231,W,2024-10-03,home,899
22232,N,2024-09-03,auto,688
22233,N,2024-07-17,travel,1030
22234,E,2024-10-04,auto,801
22235,S,2024-05-28,travel,769
22236,N,2024-06-29,travel,608
22237,E,2024-09-20,health,838
22239,N,2024-02-25,auto,711
22240,N,2024-04-02,travel,810
22241,E,2024-01-03,auto,399
22242,S,2024-02-17,health,609
22243,S,2024-06-08,home,605
22244,E,2024-10-29,home,496
22245,E,2024-04-14,home,804
22246,N,2024-03-29,travel,991
22247,E,2024-07-10,auto,$534
22248,S,2024-07-27,health,920
22249,N,2024-06-28,auto,456
22250,E,2024-04-11,home,634
22251,E,2024-08-11,travel,525
22252,W,2024-02-10,auto,474
22254,E,2024-10-14,home,1076
22255,S,2024-01-28,auto,652
22256,S,2024-02-04,auto,567
22257,N,2024-01-23,home,539
22258,S,2024-10-13,health,584
22259,E,2024-05-09,home,$415
22260,W,2024-04-17,auto,663
22261,S,2024-07-02,auto,845
22262,S,2024-01-05,travel,549
22263,N,2024-02-19,travel,736
22264,N,2024-04-24,home,847
22265,N,2024-10-14,auto,557
22266,W,2024-11-18,health,481
22267,E,2024-10-08,travel,576
22268,E,2024-04-30,home,615
22269,W,2024-07-18,home,413
22270,N,2024-03-28,auto,1076
22271,N,2024-09-28,health,973
22272,S,2024-06-20,travel,696
22273,S,2024-03-03,health,759
22274,N,2024-10-12,travel,668
22275,N,2024-03-09,home,504
22276,N,2024-09-08,home,$622
22277,N,2024-11-26,auto,465
22278,W,2024-03-05,travel,902
22279,W,2024-02-07,auto,552
22280,S,2024-06-12,travel,973
22281,W,2024-04-29,home,610
22282,N,2024-02-16,home,500
22283,W,2024-07-17,health,702
22286,W,2024-01-12,health,696
22287,W,2024-08-09,auto,1120
22288,E,2024-04-16,health,608
22289,W,2024-10-03,health,656
22290,S,2024-08-07,auto,794
22291,S,2024-07-28,home,460
22292,E,2024-08-14,home,903
22293,W,2024-02-08,home,USD 687
22294,N,2024-11-26,home,USD 685
22295,S,2024-01-28,home,576
22296,N,2024-09-24,home,605
22297,W,2024-02-04,health,527
22298,W,2024-07-02,travel,723
22299,W,2024-09-28,home,$611
22300,N,2024-05-15,travel,661
22302,E,2024-07-08,home,569
22303,W,2024-07-20,travel,536
22304,S,2024-07-17,health,505
22305,N,2024-08-23,health,USD 891
22306,W,2024-06-19,travel,899
22307,E,2024-06-29,auto,558
22308,N,2024-10-29,home,899
22309,N,2024-01-23,auto,632
22310,N,2024-04-10,travel,437
22311,E,2024-02-08,auto,635
22312,N,2024-04-20,health,810
22313,N,2024-02-02,travel,515
22314,E,2024-07-28,auto,531
22315,E,2024-09-29,home,765
22316,N,2024-07-26,home,816
22317,N,2024-04-04,travel,971
22318,E,2024-04-23,health,943
22319,S,2024-06-14,health,676
22320,E,2024-03-19,home,621
22321,E,2024-04-11,home,683
22322,S,2024-11-22,health,571
22323,N,2024-06-18,health,355
22325,N,2024-08-11,travel,496
22326,W,2024-02-14,travel,429
22327,N,2024-05-18,home,367
22328,E,2024-10-29,health,457
22329,E,2024-06-07,home,825
22330,W,2024-06-21,travel,816
22331,E,2024-08-01,auto,552
22332,W,2024-10-08,health,491
22333,S,2024-04-10,auto,489
22334,E,2024-08-10,travel,872
22335,E,2024-01-02,travel,$586
22336,S,2024-03-08,travel,529
22337,E,2024-01-11,home,USD 665
22338,S,2024-08-14,travel,1007
22339,W,2024-08-02,travel,1081
22340,W,2024-07-09,auto,529
22341,N,2024-11-15,home,709
22342,W,2024-07-03,auto,580
22343,E,2024-07-13,auto,721
22344,N,2024-02-27,travel,860
22345,W,2024-01-24,health,585
22346,S,2024-08-19,home,635
22347,N,2024-01-30,health,438
22348,E,2024-09-13,travel,USD 862
22349,N,2024-09-08,travel,USD 578
22350,E,2024-06-18,travel,701
22351,W,2024-04-14,travel,492
22352,W,2024-01-22,home,$845
22353,W,2024-10-19,auto,530
22354,S,2024-07-06,home,572
22355,W,2024-08-02,auto,746
22356,S,2024-03-04,health,USD 775
22357,S,2024-04-02,travel,777
22358,S,2024-06-16,travel,755
22359,N,2024-09-29,home,671
22360,W,2024-06-13,home,481
22361,S,2024-08-14,auto,690
22362,E,2024-08-03,travel,716
22363,W,2024-07-01,travel,635
22364,S,2024-05-27,auto,487
22366,S,2024-07-13,travel,488
22367,E,2024-09-29,travel,$699
22368,S,2024-10-07,home,703
22369,N,2024-11-03,auto,719
22370,W,2024-08-05,health,577
22371,N,2024-04-24,auto,$478
22372,W,2024-04-10,health,728
22373,W,2024-04-14,auto,742
22374,N,2024-11-22,travel,699
22375,E,2024-10-21,travel,671
22376,W,2024-06-24,home,539
22377,N,2024-02-06,home,935
22378,W,2024-02-15,health,591
22380,S,2024-03-12,home,745
22381,S,2024-05-15,health,565
22382,N,2024-03-03,health,804
22383,S,2024-09-15,auto,595
22384,S,2024-08-14,home,$773
22385,W,2024-11-01,travel,822
22386,E,2024-05-22,travel,760
22387,S,2024-03-12,travel,885
22388,S,2024-09-17,travel,$477
22389,N,2024-09-04,travel,692
22390,N,2024-05-22,travel,588
22391,E,2024-05-17,home,585
22392,E,2024-04-13,auto,808
22393,W,2024-10-31,auto,564
22394,E,2024-11-08,auto,728
22395,E,2024-07-11,auto,631
22396,W,2024-10-18,auto,$526
22397,E,2024-10-27,home,477
22398,N,2024-09-12,auto,825
22399,W,2024-05-12,auto,812
22400,S,2024-02-28,health,920
22401,E,2024-05-01,travel,658
22402,E,2024-04-30,home,647
22403,W,2024-09-02,auto,$556
22404,N,2024-02-14,auto,620
22405,E,2024-10-23,home,618
22406,S,2024-07-25,health,779
22407,S,2024-06-13,home,$753
22408,N,2024-05-07,auto,545
22409,N,2024-06-24,travel,738
22410,W,2024-01-04,home,674
22411,S,2024-08-05,travel,722
22412,W,2024-04-15,home,606
22413,W,2024-04-17,auto,708
22414,E,2024-01-07,travel,653
22415,W,2024-11-25,auto,538
22416,N,2024-05-14,auto,804
22417,S,2024-10-27,auto,834
22418,W,2024-02-16,health,685
22419,N,2024-04-30,health,519
22420,W,2024-04-06,travel,690
22421,N,2024-05-20,home,798
22422,E,2024-04-23,health,669
22423,N,2024-05-15,travel,749
22424,E,2024-06-13,travel,492
22425,W,2024-10-02,health,1162
22426,W,2024-10-10,auto,$612
22427,N,2024-02-21,travel,589
22428,S,2024-06-11,health,987
22429,S,2024-10-03,health,516
22430,N,2024-08-23,home,$841
22431,W,2024-06-03,auto,605
22432,N,2024-03-19,home,754
22433,E,2024-09-10,health,405
22434,N,2024-09-14,travel,955
22435,S,2024-03-19,travel,589
22436,N,2024-03-02,travel,622
22437,E,2024-02-14,auto,1058
22438,E,2024-01-05,health,899
22439,W,2024-08-19,home,617
22440,S,2024-01-26,travel,737
22441,N,2024-08-21,health,466
22442,N,2024-01-02,auto,570
22443,W,2024-01-11,auto,$688
22444,N,2024-09-26,travel,USD 553
22445,E,2024-03-16,health,680
22446,S,2024-06-03,home,642
22447,W,2024-01-20,auto,786
22448,E,2024-05-24,health,558
22449,S,2024-01-30,health,516
22450,N,2024-03-29,home,USD 664
22451,S,2024-03-19,health,579
22452,S,2024-02-13,health,475
22453,N,2024-04-17,health,513
22454,E,2024-05-13,travel,713
22455,E,2024-08-08,travel,561
22456,N,2024-03-13,travel,USD 691
22457,W,2024-07-19,home,738
22458,W,2024-01-09,travel,583
22459,E,2024-01-31,auto,639
22460,W,2024-02-23,home,686
22461,W,2024-03-19,home,500
22462,W,2024-05-16,travel,868
22463,S,2024-10-21,health,744
22464,E,2024-08-18,health,670
22465,N,2024-10-11,auto,600
22466,W,2024-02-26,auto,563
22467,N,2024-09-18,health,$463
22468,N,2024-06-13,auto,692
22469,N,2024-09-26,home,541
22470,S,2024-05-13,auto,USD 877
22471,S,2024-09-22,travel,669
22472,S,2024-05-31,travel,703
22473,N,2024-11-14,auto,637
22474,S,2024-08-02,auto,$718
22475,S,2024-01-09,travel,663
22476,E,2024-11-20,auto,638
22477,W,2024-03-08,travel,USD 632
22478,N,2024-09-10,auto,714
22479,E,2024-03-18,travel,883
22480,W,2024-03-28,travel,809
22482,W,2024-09-09,health,909
22483,S,2024-05-21,travel,649
22484,N,2024-03-08,home,944
22485,E,2024-02-06,health,644
22486,E,2024-08-31,health,726
22487,W,2024-09-23,auto,549
22488,E,2024-04-03,auto,$573
22489,N,2024-01-14,health,580
22490,E,2024-02-05,health,1006
22491,N,2024-05-30,home,1088
22492,S,2024-05-02,health,1096
22493,W,2024-05-03,travel,635
22494,N,2024-08-18,auto,590
22495,S,2024-04-27,auto,607
22496,N,2024-08-30,travel,481
22497,N,2024-09-13,auto,744
22498,N,2024-08-23,health,574
22499,S,2024-05-02,home,411
22500,E,2024-01-07,home,924
22501,W,2024-09-25,health,799
22502,S,2024-09-06,health,714
22503,S,2024-03-14,travel,588
22504,S,2024-11-02,travel,791
22505,E,2024-11-14,travel,410
22507,N,2024-05-21,travel,746
22508,E,2024-03-03,home,440
22509,W,2024-06-05,home,581
22510,N,2024-02-02,auto,660
22511,S,2024-04-21,travel,607
22512,W,2024-03-14,health,498
22513,N,2024-11-01,travel,685
22514,W,2024-03-02,auto,603
22516,N,2024-04-30,travel,551
22517,N,2024-06-12,travel,544
22518,S,2024-11-08,auto,588
22519,S,2024-01-12,travel,737
22520,N,2024-06-25,travel,718
22521,E,2024-10-30,health,475
22522,W,2024-01-07,travel,591
22524,E,2024-11-18,home,USD 537
22525,N,2024-11-24,auto,771
22526,S,2024-06-23,home,723
22527,W,2024-04-16,home,1023
22528,W,2024-01-29,health,803
22529,W,2024-03-01,travel,528
22530,S,2024-10-31,home,1143
22532,E,2024-06-23,auto,654
22533,S,2024-03-18,health,587
22534,N,2024-10-18,home,USD 749
22535,W,2024-11-07,health,731
22536,S,2024-09-17,home,695
22537,S,2024-02-18,auto,547
22538,E,2024-01-08,home,528
22539,E,2024-11-24,travel,USD 624
22540,E,2024-07-20,travel,970
22541,E,2024-10-31,health,624
22542,W,2024-01-27,home,$615
22543,N,2024-09-16,health,726
22544,N,2024-06-15,auto,749
22545,N,2024-07-03,travel,552
22546,E,2024-11-15,health,648
22547,N,2024-02-17,health,975
22548,W,2024-05-09,home,728
22549,W,2024-03-06,travel,666
22550,E,2024-05-01,auto,$522
22552,N,2024-11-06,health,475
22553,S,2024-11-08,home,USD 764
22554,W,2024-08-23,travel,542
22555,W,2024-02-05,home,413
22556,S,2024-10-25,home,702
22557,E,2024-03-23,travel,840
22558,S,2024-05-22,travel,721
22559,S,2024-10-13,home,1289
22560,E,2024-04-04,health,890
22561,E,2024-01-08,health,USD 498
22562,N,2024-08-04,auto,787
22563,W,2024-07-29,health,658
22564,W,2024-02-01,auto,442
22565,W,2024-04-24,auto,846
22566,E,2024-11-20,home,599
22567,W,2024-06-11,auto,773
22568,N,2024-06-15,home,595
22569,S,2024-06-19,travel,683
22570,N,2024-03-22,health,522
22571,S,2024-06-21,travel,603
22572,E,2024-08-30,health,520
22573,N,2024-10-07,auto,562
22574,N,2024-11-26,home,USD 744
22575,W,2024-07-23,auto,541
22576,E,2024-02-18,home,758
22577,W,2024-04-11,auto,659
22578,E,2024-10-30,auto,727
22579,N,2024-04-11,health,USD 632
22580,W,2024-03-22,travel,624
22581,E,2024-06-10,auto,677
22582,W,2024-10-01,travel,$444
22583,W,2024-09-08,home,712
22584,N,2024-08-12,health,710
22585,E,2024-07-29,travel,811
22586,S,2024-08-17,health,1111
22587,W,2024-04-10,auto,502
22588,N,2024-08-24,home,810
22589,E,2024-05-18,home,682
22590,E,2024-03-13,home,540
22591,W,2024-05-02,home,581
22592,W,2024-08-27,health,546
22593,N,2024-03-16,auto,$710
22594,W,2024-08-22,travel,680
22595,N,2024-11-16,home,579
22596,S,2024-03-11,health,666
22597,W,2024-09-11,home,443
22598,W,2024-02-14,travel,768
22599,N,2024-04-18,health,549
22600,S,2024-07-01,auto,672
22601,W,2024-09-24,auto,682
22602,E,2024-09-21,travel,707
22603,W,2024-06-05,travel,741
22604,N,2024-11-02,travel,591
22605,N,2024-11-23,travel,780
22606,E,2024-08-03,travel,641
22607,N,2024-04-15,home,697
22608,W,2024-10-09,travel,USD 589
22609,S,2024-05-31,health,506
22610,S,2024-04-24,auto,569
22611,W,2024-03-21,travel,633
22612,N,2024-08-15,travel,828
22613,N,2024-02-22,home,523
22614,N,2024-11-26,home,816
22615,E,2024-02-24,travel,982
22616,W,2024-09-12,health,767
22617,N,2024-06-10,travel,431
22618,E,2024-08-14,home,830
22619,N,2024-05-30,travel,550
22620,N,2024-05-15,auto,643
22621,S,2024-04-07,auto,927
22622,E,2024-05-21,home,771
22623,E,2024-11-08,home,510
22624,E,2024-10-07,travel,878
22625,N,2024-10-17,home,610
22626,E,2024-03-09,health,743
22627,E,2024-10-27,health,USD 427
22628,S,2024-04-06,travel,628
22630,W,2024-11-10,health,498
22631,N,2024-01-27,home,771
22632,N,2024-10-25,home,492
22633,S,2024-10-12,auto,928
22634,E,2024-05-28,health,889
22635,E,2024-06-01,home,760
22636,W,2024-08-25,travel,$652
22637,N,2024-09-04,auto,505
22638,W,2024-11-22,home,673
22639,N,2024-11-11,travel,624
22640,N,2024-11-24,health,567
22641,W,2024-07-07,health,671
22642,E,2024-02-13,auto,478
22643,W,2024-06-23,home,883
22644,E,2024-01-02,health,425
22645,W,2024-09-03,travel,493
22646,E,2024-11-23,auto,726
22647,S,2024-08-19,home,732
22648,W,2024-05-26,travel,687
22649,W,2024-08-27,home,652
22650,N,2024-08-28,home,741
22651,W,2024-05-30,health,692
22652,W,2024-08-13,home,645
22653,W,2024-07-13,travel,752
22654,N,2024-08-20,health,1112
22655,S,2024-02-27,travel,547
22656,W,2024-04-15,home,1061
22657,W,2024-06-28,health,566
22658,W,2024-06-13,health,884
22659,S,2024-07-25,home,703
22660,W,2024-11-20,health,984
22662,S,2024-02-05,travel,709
22663,E,2024-02-02,health,516
22664,S,2024-09-18,auto,"$1,103"
22665,S,2024-09-24,home,531
22666,S,2024-04-24,home,857
22667,S,2024-04-02,health,$798
22668,N,2024-08-17,home,777
22669,E,2024-11-20,home,$696
22670,E,2024-06-27,auto,566
22671,S,2024-05-30,home,484
22672,E,2024-09-16,health,839
22673,W,2024-05-02,travel,732
22674,W,2024-03-21,home,655
22675,S,2024-07-10,auto,952
22676,N,2024-10-01,health,736
22677,E,2024-05-10,travel,759
22678,N,2024-03-13,auto,540
22679,E,2024-04-23,auto,774
22680,E,2024-09-07,home,673
22681,S,2024-08-14,auto,900
22682,N,2024-05-05,travel,737
22683,N,2024-02-29,auto,866
22684,N,2024-10-20,health,720
22685,W,2024-08-26,auto,562
22686,W,2024-04-17,health,914
22687,S,2024-10-26,health,955
22688,S,2024-04-08,travel,533
22689,N,2024-11-03,travel,1104
22690,N,2024-11-06,home,$586
22691,N,2024-08-12,health,463
22692,E,2024-06-05,auto,697
22693,N,2024-06-28,health,825
22695,N,2024-02-15,auto,871
22696,E,2024-04-28,travel,669
22697,W,2024-09-14,home,716
22698,W,2024-06-23,auto,552
22699,E,2024-03-31,health,$466
22700,E,2024-10-11,health,936
22701,E,2024-08-30,health,564
22702,W,2024-02-29,health,590
22703,S,2024-05-11,travel,853
22704,S,2024-04-23,home,673
22705,N,2024-05-25,travel,414
22706,S,2024-01-15,travel,610
22707,E,2024-09-14,health,699
22708,W,2024-07-27,travel,854
22709,E,2024-10-22,home,571
22710,E,2024-10-29,home,592
22712,N,2024-11-22,auto,783
22713,E,2024-01-15,health,533
22714,W,2024-01-12,travel,690
22715,N,2024-02-18,home,716
22716,S,2024-02-16,home,624
22717,N,2024-09-18,auto,787
22718,S,2024-02-06,auto,490
22719,W,2024-05-23,home,993
22720,W,2024-03-30,auto,684
22721,W,2024-11-21,auto,771
22722,E,2024-04-06,health,700
22723,S,2024-07-10,auto,509
22724,W,2024-09-25,home,674
22725,N,2024-01-15,auto,867
22726,W,2024-05-21,health,617
22727,N,2024-11-09,home,722
22728,S,2024-07-19,auto,791
22729,N,2024-03-23,travel,735
22730,N,2024-01-25,health,675
22731,E,2024-03-01,auto,897
22732,W,2024-04-01,health,811
22733,N,2024-03-22,health,549
22734,W,2024-01-22,home,744
22735,S,2024-06-16,home,744
22736,E,2024-08-06,health,864
22737,W,2024-04-06,home,548
22738,W,2024-11-13,health,1006
22739,E,2024-01-03,auto,497
22740,W,2024-04-18,travel,606
22741,S,2024-11-10,travel,947
22742,S,2024-09-18,auto,914
22743,N,2024-05-04,auto,654
22744,E,2024-11-07,travel,906
22745,E,2024-09-11,travel,428
22746,S,2024-05-29,home,591
22747,E,2024-03-04,home,441
22748,N,2024-04-24,home,643
22749,N,2024-04-01,home,650
22750,S,2024-06-18,travel,719
22751,E,2024-03-19,home,618
22752,W,2024-01-24,home,656
22753,W,2024-03-02,health,850
22754,S,2024-08-20,auto,676
22756,W,2024-10-14,travel,692
22757,W,2024-11-05,home,857
22758,E,2024-04-21,home,730
22759,N,2024-06-02,auto,667
22760,E,2024-05-21,health,647
22761,W,2024-10-21,auto,963
22762,S,2024-11-23,health,575
22763,S,2024-03-26,health,653
22764,W,2024-09-15,home,636
22766,W,2024-07-28,home,696
22767,N,2024-10-06,auto,USD 766
22768,N,2024-10-04,health,818
22769,S,2024-05-15,auto,690
22770,W,2024-03-14,auto,$531
22771,W,2024-11-08,health,667
22772,N,2024-02-25,home,753
22773,E,2024-02-25,travel,571
22774,W,2024-05-24,health,791
22775,N,2024-01-26,health,875
22777,N,2024-09-10,auto,650
22778,E,2024-08-21,health,522
22779,E,2024-03-14,auto,627
22780,W,2024-05-09,home,419
22781,E,2024-02-21,home,769
22782,W,2024-05-12,travel,500
22783,N,2024-09-23,travel,578
22784,N,2024-06-26,health,826
22785,S,2024-09-02,auto,$631
22786,W,2024-03-27,travel,668
22787,E,2024-05-10,travel,USD 634
22788,S,2024-02-25,home,670
22789,S,2024-10-15,home,742
22790,N,2024-06-26,health,541
22791,W,2024-11-12,home,617
22792,S,2024-11-22,travel,584
22793,N,2024-07-27,home,517
22794,N,2024-07-16,home,533
22795,W,2024-03-25,home,706
22796,S,2024-02-06,health,576
22797,N,2024-05-02,health,615
22799,S,2024-07-19,health,657
22800,N,2024-11-18,home,1066
22801,S,2024-02-24,home,554
22802,W,2024-06-18,health,708
22803,N,2024-04-04,auto,489
22804,S,2024-05-05,auto,722
22805,N,2024-06-24,health,934
22806,N,2024-01-25,home,471
22807,W,2024-04-03,home,424
22808,W,2024-03-25,health,680
22809,W,2024-05-02,home,660
22810,N,2024-04-13,auto,470
22811,S,2024-07-29,travel,907
22812,N,2024-01-26,home,692
22813,S,2024-10-18,home,435
22814,S,2024-11-24,travel,693
22815,E,2024-10-24,travel,833
22816,S,2024-06-19,home,654
22817,W,2024-10-14,travel,391
22818,E,2024-04-12,health,749
22819,N,2024-04-18,travel,632
22820,E,2024-03-17,auto,468
22821,N,2024-05-08,home,795
22822,E,2024-01-06,travel,$871
22823,W,2024-07-04,auto,826
22824,N,2024-07-15,travel,972
22825,N,2024-04-17,auto,648
22826,W,2024-07-27,auto,531
22827,S,2024-08-11,auto,406
22828,N,2024-02-18,auto,629
22829,E,2024-08-09,travel,794
22830,W,2024-03-12,home,891
22831,N,2024-10-12,health,549
22832,N,2024-08-11,home,1183
22833,W,2024-06-27,auto,629
22834,N,2024-04-06,travel,827
22835,W,2024-02-25,health,1006
22836,W,2024-07-04,home,617
22837,W,2024-02-02,health,480
22838,N,2024-01-07,travel,652
22839,W,2024-10-16,auto,907
22840,E,2024-06-28,travel,$771
22841,E,2024-06-28,auto,$765
22842,N,2024-08-10,home,433
22843,N,2024-11-14,auto,742
22844,S,2024-11-02,health,876
22845,N,2024-04-28,auto,976
22846,N,2024-06-10,home,656
22847,S,2024-06-07,travel,758
22848,E,2024-10-21,home,685
22849,N,2024-05-14,health,$627
22850,E,2024-07-08,home,761
22851,E,2024-07-24,home,529
22852,N,2024-04-24,health,476
22853,N,2024-01-14,health,525
22854,E,2024-06-13,home,747
22855,S,2024-01-27,auto,769
22857,E,2024-08-28,travel,927
22858,N,2024-09-22,auto,857
22860,W,2024-05-24,travel,USD 611
22861,N,2024-11-12,auto,904
22862,W,2024-06-26,auto,384
22863,W,2024-10-19,home,946
22865,N,2024-03-17,auto,502
22866,N,2024-03-30,auto,654
22867,N,2024-08-30,travel,572
22868,W,2024-08-01,health,466
22869,E,2024-01-22,home,968
22870,S,2024-01-30,health,603
22871,W,2024-10-26,health,551
22872,S,2024-11-04,travel,797
22873,E,2024-08-28,health,673
22874,W,2024-01-18,auto,476
22875,W,2024-09-07,health,638
22876,E,2024-03-20,health,785
22877,W,2024-01-10,travel,558
22878,E,2024-07-16,home,529
22879,W,2024-09-10,home,895
22880,W,2024-08-02,home,984
22881,N,2024-02-28,health,487
22882,W,2024-02-28,home,610
22883,N,2024-01-03,home,563
22884,S,2024-09-14,health,734
22885,N,2024-06-25,home,660
22886,S,2024-07-06,auto,662
22887,W,2024-11-19,travel,816
22888,W,2024-05-12,travel,831
22889,E,2024-01-23,home,627
22890,W,2024-04-17,home,890
22891,N,2024-03-20,travel,844
22892,S,2024-08-06,home,779
22893,N,2024-01-02,auto,709
22894,S,2024-11-13,travel,577
22895,S,2024-06-04,travel,770
22896,N,2024-09-04,auto,500
22897,S,2024-05-15,health,793
22898,N,2024-06-21,health,1172
22899,E,2024-11-05,auto,491
22900,N,2024-04-27,travel,743
22901,E,2024-08-30,travel,938
22902,W,2024-11-11,health,$593
22904,S,2024-06-18,home,857
22905,W,2024-11-15,travel,701
22906,W,2024-01-20,health,611
22907,W,2024-09-09,travel,796
22908,S,2024-08-31,home,541
22909,N,2024-01-18,health,542
22910,N,2024-04-27,health,834
22911,W,2024-03-24,health,$645
22912,E,2024-11-24,home,921
22913,N,2024-09-26,travel,672
22914,E,2024-09-10,health,682
22915,W,2024-07-12,home,686
22916,W,2024-07-27,home,554
22917,W,2024-10-19,health,878
22918,W,2024-01-10,health,880
22919,W,2024-07-04,auto,564
22920,N,2024-11-20,auto,970
22921,E,2024-01-18,travel,753
22922,E,2024-02-09,health,523
22923,W,2024-06-04,travel,992
22925,S,2024-07-26,auto,1046
22926,N,2024-04-09,health,874
22927,N,2024-08-20,home,754
22928,W,2024-07-19,home,750
22929,S,2024-10-14,travel,794
22930,S,2024-11-10,travel,468
22931,W,2024-07-27,home,663
22932,W,2024-10-30,home,749
22933,E,2024-04-28,travel,469
22934,E,2024-09-16,home,700
22935,W,2024-10-05,home,505
22936,E,2024-11-12,travel,570
22937,E,2024-05-04,auto,715
22938,S,2024-03-24,auto,530
22939,S,2024-09-25,health,945
22940,E,2024-06-12,health,422
22941,E,2024-02-06,health,790
22942,W,2024-07-21,travel,543
22943,W,2024-07-02,home,701
22944,E,2024-11-13,health,578
22945,S,2024-03-25,home,$822
22946,W,2024-01-02,home,704
22947,N,2024-06-04,auto,485
22948,N,2024-11-21,health,668
22949,N,2024-02-12,health,764
22950,W,2024-08-29,home,739
22952,S,2024-06-07,home,863
22953,W,2024-09-27,home,740
22954,E,2024-08-12,auto,524
22955,S,2024-05-29,travel,1068
22956,S,2024-09-23,auto,441
22957,S,2024-04-27,travel,582
22958,N,2024-07-12,home,1036
22959,N,2024-09-21,home,713
22960,W,2024-02-05,health,465
22961,W,2024-04-08,auto,537
22962,N,2024-06-18,health,775
22963,W,2024-06-05,auto,824
22964,E,2024-04-09,health,641
22965,W,2024-10-08,health,495
22966,E,2024-08-04,travel,522
22967,W,2024-05-14,travel,700
22968,N,2024-11-26,travel,679
22969,W,2024-02-19,health,993
22970,S,2024-07-05,auto,$759
22971,E,2024-01-02,health,691
22972,W,2024-03-23,home,1162
22973,E,2024-04-05,health,743
22974,E,2024-04-21,travel,466
22975,W,2024-04-23,home,516
22976,W,2024-02-06,auto,745
22977,E,2024-09-02,travel,739
22978,S,2024-05-17,home,670
22979,E,2024-05-24,travel,801
22980,N,2024-07-29,travel,773
22981,W,2024-01-22,home,609
22982,E,2024-01-02,auto,694
22983,N,2024-04-03,home,462
22984,N,2024-10-30,health,525
22985,S,2024-01-18,home,693
22986,W,2024-03-18,home,589
22987,S,2024-11-16,health,466
22988,N,2024-05-12,health,USD 629
22989,E,2024-10-01,travel,894
22990,N,2024-10-05,health,902
22991,E,2024-03-17,travel,874
22992,E,2024-10-07,health,597
22993,W,2024-02-24,travel,$970
22994,S,2024-08-23,auto,497
22995,S,2024-07-24,health,808
22996,N,2024-05-15,travel,560
22997,W,2024-09-28,health,713
22998,E,2024-08-02,health,344
22999,S,2024-05-29,home,522
23000,E,2024-08-27,travel,750
23001,N,2024-11-26,travel,422
23002,E,2024-01-03,home,792
23003,E,2024-10-21,health,USD 550
23004,N,2024-06-10,home,683
23005,W,2024-08-15,health,$810
23006,W,2024-09-30,home,551
23007,S,2024-02-24,health,902
23008,S,2024-05-18,health,647
23009,N,2024-04-27,auto,662
23010,E,2024-05-30,travel,$642
23011,W,2024-07-25,home,731
23012,N,2024-11-23,auto,$520
23013,S,2024-08-29,home,883
23014,W,2024-05-03,health,804
23015,W,2024-07-04,home,USD 767
23016,S,2024-05-31,auto,828
23017,W,2024-11-22,home,614
23018,S,2024-01-31,health,783
23019,W,2024-07-22,travel,524
23020,W,2024-11-19,auto,$823
23021,W,2024-08-10,home,657
23022,N,2024-07-07,travel,901
23023,E,2024-01-12,travel,454
23024,W,2024-10-15,health,672
23025,S,2024-01-18,home,581
23026,E,2024-03-31,home,470
23027,E,2024-04-23,travel,682
23028,N,2024-04-22,auto,539
23029,N,2024-07-25,travel,USD 809
23030,S,2024-07-28,health,919
23031,W,2024-11-07,health,672
23032,S,2024-03-26,home,462
23033,E,2024-09-27,auto,673
23034,N,2024-05-24,travel,755
23035,E,2024-09-07,health,$836
23036,W,2024-05-20,health,663
23037,S,2024-07-26,home,541
23038,W,2024-09-30,home,894
23039,N,2024-03-18,health,832
23040,E,2024-01-07,auto,578
23041,E,2024-09-21,auto,773
23042,E,2024-01-22,home,532
23043,N,2024-03-03,travel,747
23044,E,2024-06-07,auto,754
23045,S,2024-04-14,auto,901
23046,E,2024-04-20,travel,788
23047,E,2024-08-14,health,686
23048,E,2024-04-21,travel,862
23049,N,2024-06-01,home,704
23050,S,2024-10-15,travel,759
23051,E,2024-11-21,health,538
23052,N,2024-07-22,home,536
23053,E,2024-07-14,home,487
23054,W,2024-01-24,auto,528
23055,N,2024-10-21,travel,593
23056,N,2024-02-15,home,1018
23057,S,2024-07-09,travel,623
23058,W,2024-04-25,auto,954
23059,S,2024-04-27,home,677
23060,E,2024-08-20,home,USD 559
23061,N,2024-02-22,health,882
23062,E,2024-04-07,travel,633
23063,S,2024-01-20,travel,748
23064,E,2024-11-02,home,756
23065,W,2024-07-15,travel,847
23066,S,2024-03-25,home,647
23067,N,2024-05-23,home,421
23068,N,2024-04-28,health,680
23069,E,2024-11-06,travel,798
23070,E,2024-04-01,auto,690
23071,W,2024-09-01,health,895
23072,W,2024-07-19,travel,$739
23073,S,2024-03-31,travel,894
23074,E,2024-01-11,health,509
23075,E,2024-05-04,travel,955
23076,W,2024-10-30,auto,520
23077,N,2024-09-29,auto,634
23078,N,2024-10-06,health,830
23079,S,2024-10-22,auto,$490
23080,N,2024-06-29,home,586
23081,W,2024-09-11,auto,585
23082,E,2024-02-17,travel,576
23083,W,2024-06-21,health,912
23084,W,2024-07-09,health,670
23085,N,2024-03-15,health,788
23086,N,2024-04-28,auto,835
23087,S,2024-10-14,home,546
23088,N,2024-01-12,auto,820
23089,N,2024-07-09,home,507
23090,S,2024-02-29,auto,533
23091,E,2024-08-06,auto,USD 574
23092,N,2024-01-17,home,647
23093,S,2024-06-14,home,546
23094,E,2024-03-28,home,717
23095,W,2024-08-27,auto,607
23096,S,2024-06-05,home,460
23097,E,2024-06-14,health,901
23098,N,2024-05-09,home,627
23099,S,2024-07-22,travel,690
23100,W,2024-01-26,home,548
23101,E,2024-11-11,auto,579
23102,N,2024-04-20,travel,1028
23103,S,2024-10-23,auto,598
23104,E,2024-02-04,home,911
23105,W,2024-11-13,travel,789
23106,E,2024-08-20,auto,552
23107,W,2024-02-10,home,953
23108,S,2024-03-08,home,729
23109,W,2024-07-24,travel,467
23110,S,2024-09-18,home,613
23111,E,2024-01-06,travel,831
23112,E,2024-05-18,travel,686
23113,W,2024-02-16,auto,694
23114,E,2024-04-20,home,887
23115,E,2024-11-19,travel,423
23116,W,2024-06-17,travel,748
23117,W,2024-06-20,auto,731
23118,E,2024-06-09,health,USD 622
23119,N,2024-07-24,home,756
23120,N,2024-08-23,auto,438
23121,W,2024-01-30,health,395
23122,E,2024-07-19,health,573
23123,W,2024-08-26,health,707
23124,E,2024-07-23,home,640
23125,E,2024-05-07,auto,532
23126,S,2024-04-06,auto,871
23127,N,2024-01-25,travel,453
23128,S,2024-04-19,travel,529
23129,N,2024-11-13,travel,943
23130,E,2024-08-05,health,$984
23131,W,2024-06-08,auto,463
23132,S,2024-06-06,home,733
23133,E,2024-05-04,home,618
23134,N,2024-04-21,auto,USD 659
23135,E,2024-09-11,home,631
23136,S,2024-03-05,home,549
23137,E,2024-03-11,home,554
23138,S,2024-06-06,auto,556
23139,E,2024-09-12,health,764
23140,W,2024-02-16,travel,625
23141,W,2024-01-23,auto,603
23142,N,2024-08-31,home,669
23143,N,2024-04-24,home,654
23144,W,2024-06-07,travel,738
23145,W,2024-06-30,health,568
23146,W,2024-04-08,auto,698
23147,W,2024-04-29,home,558
23148,N,2024-10-25,home,489
23149,E,2024-04-04,home,582
23150,E,2024-10-08,travel,682
23151,N,2024-08-20,auto,536
23152,E,2024-07-19,home,584
23153,W,2024-11-01,health,655
23154,N,2024-07-18,travel,538
23155,N,2024-03-29,auto,779
23156,W,2024-04-12,home,648
23157,S,2024-02-07,health,652
23158,N,2024-04-04,home,524
23159,W,2024-11-17,home,552
23160,S,2024-03-22,travel,613
23161,W,2024-06-26,travel,549
23162,N,2024-02-13,travel,771
23163,E,2024-09-05,home,543
23164,E,2024-02-24,home,$540
23165,S,2024-10-17,health,667
23166,W,2024-07-11,auto,1296
23167,E,2024-05-07,auto,669
23168,S,2024-05-08,auto,679
23169,W,2024-06-08,auto,599
23170,W,2024-09-24,home,810
23172,E,2024-09-12,home,631
23173,N,2024-06-21,home,760
23174,W,2024-05-28,home,441
23175,N,2024-09-03,health,542
23176,N,2024-01-16,home,743
23177,E,2024-02-26,health,504
23178,N,2024-07-27,health,581
23179,W,2024-11-17,travel,641
23180,E,2024-11-04,travel,712
23181,W,2024-05-11,travel,656
23182,S,2024-02-27,home,609
23184,E,2024-10-12,travel,699
23185,E,2024-05-02,travel,505
23186,N,2024-07-22,auto,737
23187,N,2024-02-03,auto,779
23188,N,2024-11-16,home,780
23189,W,2024-05-31,travel,672
23190,N,2024-03-03,auto,877
23191,W,2024-03-22,health,621
23192,N,2024-01-29,health,651
23193,N,2024-03-18,auto,806
23194,W,2024-10-01,health,520
23195,E,2024-11-08,health,796
23196,E,2024-09-06,health,781
23197,E,2024-06-07,home,600
23198,N,2024-02-28,home,754
23199,E,2024-04-17,health,581
23200,N,2024-03-11,travel,691
23201,W,2024-02-25,home,829
23202,S,2024-07-09,health,706
23203,E,2024-04-15,health,544
23204,S,2024-07-17,health,706
23205,S,2024-07-10,health,574
23206,E,2024-03-29,home,630
23207,W,2024-02-23,travel,551
23208,N,2024-02-09,home,869
23209,W,2024-06-16,home,762
23210,S,2024-02-19,health,918
23212,S,2024-06-23,travel,489
23213,E,2024-08-14,home,643
23214,N,2024-11-21,health,669
23215,N,2024-02-28,health,544
23217,S,2024-07-29,health,771
23218,S,2024-01-19,home,471
23219,W,2024-10-27,health,499
23220,S,2024-06-16,auto,850
23221,E,2024-10-22,auto,568
23222,S,2024-01-29,home,888
23223,E,2024-04-23,home,826
23226,E,2024-09-22,auto,647
23227,N,2024-03-04,home,440
23228,W,2024-05-25,health,700
23229,S,2024-02-28,auto,621
23230,E,2024-10-03,home,867
23231,E,2024-05-19,health,550
23232,W,2024-07-07,home,820
23233,E,2024-11-06,travel,"$1,269"
23234,E,2024-10-26,auto,449
23235,E,2024-07-10,health,765
23236,E,2024-02-09,auto,823
23237,W,2024-05-01,health,531
23238,W,2024-09-21,travel,498
23239,W,2024-09-17,travel,906
23240,W,2024-02-25,travel,674
23241,S,2024-02-11,auto,486
23242,W,2024-05-08,home,642
23243,E,2024-09-05,travel,505
23244,S,2024-10-17,home,689
23245,N,2024-05-17,health,629
23246,N,2024-01-20,health,872
23247,W,2024-04-03,home,626
23248,W,2024-04-14,auto,599
23249,N,2024-02-20,health,454
23250,W,2024-05-16,health,699
23252,E,2024-05-20,health,554
23253,N,2024-05-10,auto,783
23254,E,2024-07-08,travel,$446
23255,S,2024-08-04,auto,739
23256,N,2024-08-22,home,704
23257,S,2024-06-05,health,536
23258,W,2024-03-08,auto,566
23259,S,2024-03-04,auto,725
23260,W,2024-05-13,travel,USD 559
23261,S,2024-06-29,auto,818
23262,S,2024-05-11,travel,762
23263,W,2024-06-13,auto,723
23264,E,2024-02-04,home,808
23265,E,2024-06-15,health,602
23266,W,2024-07-15,auto,836
23267,W,2024-09-29,auto,668
23268,W,2024-05-10,health,964
23269,W,2024-10-01,travel,660
23270,E,2024-09-22,travel,782
23271,W,2024-04-16,travel,554
23272,W,2024-03-06,auto,694
23273,W,2024-10-04,travel,725
23274,E,2024-04-27,home,707
23275,E,2024-11-17,health,429
23277,N,2024-08-10,health,578
23278,N,2024-10-28,home,751
23279,S,2024-07-09,health,776
23280,W,2024-10-06,home,629
23281,W,2024-07-08,home,708
23282,E,2024-11-16,travel,799
23283,S,2024-08-11,health,472
23284,N,2024-06-05,auto,$613
23285,N,2024-08-20,health,610
23286,W,2024-05-24,home,526
23287,W,2024-09-28,home,759
23288,N,2024-04-15,home,1139
23289,E,2024-10-29,travel,418
23290,N,2024-07-21,travel,644
23291,W,2024-03-29,auto,746
23292,N,2024-08-25,travel,644
23293,E,2024-03-18,auto,$796
23294,W,2024-03-30,health,507
23295,N,2024-06-29,home,$877
23296,N,2024-05-22,auto,682
23297,E,2024-07-27,home,590
23298,E,2024-03-10,travel,607
23299,S,2024-10-28,travel,490
23300,S,2024-03-09,auto,545
23301,S,2024-09-19,home,694
23303,S,2024-06-25,travel,768
23304,E,2024-04-26,home,736
23305,E,2024-04-22,health,557
23306,N,2024-02-04,health,640
23307,N,2024-05-17,health,578
23308,W,2024-03-19,health,426
23309,W,2024-01-31,auto,727
23310,W,2024-08-24,home,505
23311,E,2024-01-13,health,695
23312,E,2024-06-09,travel,646
23315,W,2024-11-05,home,449
23316,N,2024-06-18,travel,798
23317,E,2024-08-17,health,608
23318,E,2024-05-22,travel,614
23319,W,2024-11-13,health,623
23320,E,2024-07-09,home,595
23321,E,2024-09-05,travel,565
23322,S,2024-06-25,health,782
23323,N,2024-04-07,auto,723
23324,N,2024-09-05,travel,713
23325,W,2024-04-21,health,768
23326,N,2024-10-08,health,491
23327,W,2024-05-30,auto,660
23328,N,2024-11-09,home,797
23329,E,2024-05-04,travel,669
23331,E,2024-04-02,health,713
23332,S,2024-10-23,health,518
23333,N,2024-05-11,auto,734
23334,N,2024-08-02,home,625
23335,W,2024-04-14,auto,818
23336,N,2024-08-21,health,975
23337,N,2024-09-26,health,891
23338,W,2024-09-05,health,688
23339,W,2024-03-07,health,807
23340,N,2024-11-15,travel,648
23342,N,2024-09-30,travel,599
23343,N,2024-09-09,health,666
23344,N,2024-03-02,travel,667
23345,N,2024-07-30,health,489
23346,E,2024-04-09,health,743
23347,E,2024-11-03,home,525
23348,W,2024-11-01,home,421
23349,W,2024-05-12,travel,427
23350,N,2024-04-27,health,566
23351,W,2024-10-22,travel,USD 796
23352,E,2024-06-15,auto,569
23353,S,2024-05-12,home,444
23354,S,2024-11-09,health,USD 677
23355,N,2024-05-11,travel,831
23356,N,2024-07-09,auto,845
23357,S,2024-07-28,travel,679
23358,S,2024-04-13,home,555
23359,S,2024-10-22,travel,512
23360,W,2024-02-22,travel,648
23361,E,2024-05-24,auto,760
23362,S,2024-04-22,health,872
23363,S,2024-02-12,auto,648
23364,S,2024-11-08,auto,526
23365,E,2024-05-18,health,692
23366,E,2024-07-08,travel,1054
23367,E,2024-09-18,health,771
23368,E,2024-11-14,auto,687
23369,N,2024-01-13,health,585
23370,E,2024-11-23,auto,1181
23371,E,2024-07-14,home,697
23372,E,2024-01-03,health,749
23373,N,2024-03-01,health,796
23374,S,2024-01-24,auto,$410
23375,E,2024-08-01,travel,627
23376,N,2024-09-05,home,622
23377,N,2024-08-31,travel,584
23378,E,2024-11-06,auto,951
23379,W,2024-11-06,health,715
23380,N,2024-08-08,travel,596
23381,S,2024-04-04,travel,751
23382,E,2024-10-29,auto,699
23383,W,2024-02-22,health,523
23384,N,2024-05-22,home,586
23385,S,2024-02-07,auto,442
23386,S,2024-06-23,home,554
23387,N,2024-08-16,home,541
23388,S,2024-10-31,home,468
23389,N,2024-04-17,travel,626
23390,E,2024-03-09,health,563
23391,E,2024-11-17,home,612
23392,N,2024-07-13,travel,759
23393,S,2024-03-10,auto,889
23394,W,2024-03-09,auto,USD 681
23395,W,2024-08-29,travel,565
23396,E,2024-10-09,auto,692
23397,E,2024-04-06,health,672
23398,E,2024-08-04,health,508
23399,E,2024-04-05,auto,690
23400,E,2024-08-06,auto,964
23401,E,2024-04-14,auto,1011
23402,W,2024-05-11,auto,708
23403,S,2024-08-27,travel,683
23404,S,2024-08-04,travel,571
23405,E,2024-11-03,home,864
23406,S,2024-11-05,home,960
23408,N,2024-04-03,health,771
23409,N,2024-09-05,travel,612
23410,S,2024-09-19,travel,535
23412,W,2024-01-02,auto,1082
23413,S,2024-06-15,travel,546
23414,S,2024-04-17,travel,656
23415,S,2024-02-08,auto,683
23416,E,2024-09-21,auto,991
23417,E,2024-05-08,health,834
23418,E,2024-02-15,travel,624
23419,N,2024-11-19,home,828
23420,E,2024-04-03,health,728
23421,N,2024-11-05,travel,468
23422,N,2024-08-24,health,622
23423,N,2024-11-25,auto,594
23424,W,2024-09-07,auto,453
23425,N,2024-10-25,health,628
23426,E,2024-10-23,auto,873
23427,E,2024-08-23,auto,631
23428,N,2024-01-31,travel,907
23429,W,2024-02-08,health,865
23430,E,2024-01-31,auto,1121
23433,S,2024-06-10,auto,839
23434,E,2024-04-07,travel,924
23435,E,2024-09-20,home,474
23436,N,2024-08-30,health,737
23437,S,2024-01-02,travel,947
23438,E,2024-01-24,travel,550
23439,S,2024-07-30,travel,613
23440,E,2024-06-15,health,723
23441,E,2024-01-27,home,512
23442,E,2024-10-31,auto,771
23443,N,2024-10-07,auto,603
23444,W,2024-02-25,home,437
23445,W,2024-02-06,health,674
23446,E,2024-04-17,health,USD 707
23447,N,2024-05-29,auto,591
23448,E,2024-09-04,health,739
23449,S,2024-09-12,auto,737
23450,N,2024-10-28,travel,1107
23451,S,2024-08-20,health,587
23452,W,2024-05-01,travel,697
23453,N,2024-02-15,travel,688
23454,W,2024-05-11,health,673
23455,W,2024-07-13,health,609
23456,E,2024-06-02,home,769
23457,W,2024-02-09,auto,623
23458,S,2024-06-29,home,650
23459,N,2024-09-20,home,796
23460,W,2024-08-13,travel,498
23461,W,2024-01-11,health,771
23462,N,2024-06-29,travel,752
23463,S,2024-02-22,health,582
23464,W,2024-01-06,health,708
23465,E,2024-11-20,auto,800
23466,W,2024-08-26,travel,635
23467,W,2024-04-24,travel,393
23468,E,2024-07-22,auto,328
23469,N,2024-08-21,home,USD 927
23470,S,2024-06-26,travel,518
23471,N,2024-08-09,auto,878
23472,E,2024-09-09,health,584
23473,N,2024-07-12,auto,$702
23474,E,2024-07-14,travel,529
23475,N,2024-01-27,travel,618
23476,W,2024-10-19,travel,567
23477,N,2024-08-01,travel,$440
23478,S,2024-07-29,travel,849
23479,N,2024-01-01,home,871
23480,E,2024-03-12,auto,547
23481,E,2024-03-23,health,570
23482,E,2024-10-16,health,637
23483,N,2024-02-13,health,639
23484,S,2024-01-01,auto,513
23485,E,2024-05-03,health,523
23486,S,2024-04-24,travel,869
23487,W,2024-10-03,health,666
23488,S,2024-06-04,health,670
23489,E,2024-10-05,health,766
23490,S,2024-01-12,auto,592
23491,N,2024-06-10,home,569
23492,E,2024-02-17,travel,434
23493,E,2024-11-10,health,717
23494,E,2024-07-27,home,$550
23495,E,2024-09-21,auto,549
23496,W,2024-05-05,travel,589
23497,S,2024-04-15,auto,614
23498,E,2024-08-01,health,616
23500,E,2024-04-26,home,693
23501,W,2024-10-24,auto,743
23502,N,2024-05-20,home,797
23503,W,2024-10-15,auto,787
23504,N,2024-01-25,health,699
23505,E,2024-11-16,travel,639
23506,W,2024-02-16,health,549
23507,N,2024-08-16,auto,977
23508,S,2024-05-05,health,433
23509,E,2024-02-12,auto,699
23510,S,2024-09-20,travel,742
23511,S,2024-09-13,travel,1044
23512,N,2024-03-22,home,484
23513,S,2024-09-17,auto,653
23514,E,2024-06-18,home,831
23515,W,2024-09-01,auto,464
23516,E,2024-04-14,travel,709
23517,W,2024-07-18,home,USD 859
23518,S,2024-06-30,health,629
23519,E,2024-01-04,auto,771
23520,S,2024-03-11,home,667
23521,N,2024-01-19,travel,786
23522,N,2024-09-08,travel,823
23523,S,2024-03-22,travel,821
23524,E,2024-08-28,travel,399
23525,S,2024-07-04,home,730
23526,S,2024-01-16,home,581
23527,N,2024-03-09,health,736
23528,E,2024-06-23,health,700
23529,S,2024-06-12,travel,473
23530,S,2024-02-06,home,665
23531,S,2024-09-19,home,707
23532,S,2024-08-08,auto,518
23533,W,2024-07-14,health,USD 773
23534,S,2024-11-23,health,USD 931
23535,W,2024-02-19,home,667
23536,S,2024-03-26,travel,451
23537,W,2024-07-13,auto,737
23538,E,2024-02-23,health,576
23539,N,2024-10-11,auto,701
23540,N,2024-08-22,travel,781
23541,N,2024-09-03,home,516
23542,W,2024-05-29,auto,776
23543,W,2024-08-29,home,751
23544,E,2024-05-28,auto,707
23546,W,2024-09-24,travel,550
23547,E,2024-10-15,health,505
23548,S,2024-03-26,health,504
23549,W,2024-07-25,auto,649
23550,E,2024-08-20,travel,1014
23551,S,2024-09-18,travel,636
23552,E,2024-03-13,travel,502
23553,N,2024-06-20,home,554
23554,S,2024-01-20,home,516
23555,E,2024-03-01,health,784
23556,W,2024-05-05,health,548
23557,N,2024-10-05,home,638
23558,N,2024-02-01,travel,683
23559,S,2024-08-17,travel,820
23560,W,2024-07-18,health,401
23561,W,2024-11-05,home,825
23562,E,2024-02-27,auto,733
23563,S,2024-10-10,home,417
23564,W,2024-09-04,auto,$519
23565,S,2024-08-02,travel,533
23566,N,2024-06-14,travel,443
23567,N,2024-11-08,travel,815
23568,E,2024-07-24,home,763
23569,S,2024-06-05,health,547
23570,N,2024-09-10,health,694
23571,W,2024-04-09,travel,422
23572,N,2024-08-21,auto,535
23573,E,2024-09-14,home,828
23574,W,2024-10-19,home,568
23575,S,2024-05-29,auto,793
23576,S,2024-06-06,travel,552
23577,S,2024-02-15,health,1020
23578,W,2024-05-30,health,900
23579,N,2024-11-23,auto,USD 771
23580,N,2024-08-04,home,$683
23581,S,2024-06-27,health,529
23582,E,2024-10-02,travel,498
23583,E,2024-09-15,home,$489
23584,N,2024-08-29,travel,662
23585,W,2024-03-14,home,526
23586,E,2024-02-17,auto,756
23587,N,2024-11-11,health,672
23588,W,2024-11-16,health,583
23590,W,2024-04-02,travel,539
23592,W,2024-05-07,auto,USD 433
23593,W,2024-09-06,auto,857
23594,W,2024-10-23,home,902
23595,N,2024-04-05,home,871
23596,E,2024-09-13,travel,989
23597,W,2024-05-20,home,386
23598,N,2024-05-17,home,$864
23599,S,2024-01-12,travel,598
23600,E,2024-08-16,home,557
23601,S,2024-01-06,health,923
23602,E,2024-01-09,health,678
23603,W,2024-04-21,health,707
23604,N,2024-05-30,travel,600
23605,E,2024-02-06,health,$707
23606,E,2024-08-13,auto,500
23607,N,2024-08-03,travel,470
23608,E,2024-02-19,travel,693
23609,E,2024-06-28,health,USD 681
23610,W,2024-02-02,travel,704
23611,S,2024-08-19,travel,751
23612,E,2024-07-12,home,534
23613,S,2024-11-23,travel,$562
23614,E,2024-05-23,home,445
23615,W,2024-07-25,health,829
23616,E,2024-01-30,auto,484
23617,S,2024-05-09,travel,564
23618,S,2024-04-28,auto,873
23619,W,2024-05-02,auto,839
23620,W,2024-03-19,home,661
23621,N,2024-07-18,health,792
23623,E,2024-02-09,travel,836
23624,E,2024-06-03,travel,1090
23625,N,2024-06-14,health,576
23626,S,2024-02-11,travel,530
23627,S,2024-05-29,auto,749
23628,E,2024-02-18,travel,537
23629,N,2024-04-29,home,$650
23630,N,2024-03-12,travel,USD 816
23631,N,2024-10-08,auto,802
23632,N,2024-01-14,travel,698
23633,E,2024-04-28,home,671
23634,W,2024-11-01,home,656
23635,W,2024-08-14,auto,892
23636,S,2024-04-10,home,563
23637,N,2024-07-04,health,1208
23638,S,2024-04-24,auto,704
23639,E,2024-03-10,home,871
23640,E,2024-06-07,health,1064
23641,N,2024-10-30,travel,957
23642,S,2024-11-18,health,760
23643,E,2024-03-03,home,404
23644,S,2024-09-21,travel,676
23645,S,2024-02-26,travel,753
23646,N,2024-11-18,travel,786
23647,S,2024-02-03,health,902
23648,E,2024-04-22,home,437
23649,S,2024-02-07,home,831
23650,N,2024-03-12,auto,972
23651,E,2024-04-15,home,636
23652,E,2024-04-17,home,934
23653,N,2024-06-14,health,467
23654,E,2024-06-01,health,384
23655,E,2024-10-31,health,822
23656,N,2024-04-11,travel,829
23657,W,2024-02-15,travel,$458
23658,S,2024-03-23,home,650
23659,E,2024-09-26,auto,694
23660,N,2024-03-01,auto,955
23661,S,2024-06-24,travel,713
23662,N,2024-04-18,health,462
23663,N,2024-07-19,home,890
23664,E,2024-01-16,health,530
23665,W,2024-10-22,travel,948
23666,N,2024-08-02,travel,USD 434
23667,W,2024-07-20,home,480
23668,S,2024-03-07,health,767
23669,S,2024-02-14,home,761
23670,S,2024-04-28,home,675
23671,N,2024-10-03,home,656
23672,E,2024-02-19,health,838
23673,E,2024-10-16,home,$768
23675,S,2024-01-04,home,489
23676,W,2024-07-16,travel,587
23677,E,2024-05-23,home,800
23678,N,2024-07-09,auto,395
23679,S,2024-07-01,home,625
23680,S,2024-06-11,travel,736
23681,W,2024-01-19,auto,752
23683,E,2024-10-06,auto,591
23684,W,2024-01-25,travel,934
23685,W,2024-02-11,home,589
23686,S,2024-05-10,home,776
23687,W,2024-01-05,auto,641
23688,N,2024-06-13,home,538
23689,W,2024-11-08,home,857
23690,S,2024-09-25,auto,1056
23691,N,2024-05-15,health,518
23692,W,2024-08-21,travel,643
23693,E,2024-07-18,travel,534
23694,N,2024-03-15,home,884
23695,N,2024-03-13,home,$768
23696,N,2024-07-22,travel,606
23697,E,2024-11-22,health,549
23698,S,2024-11-05,travel,595
23699,W,2024-07-10,travel,1136
23700,N,2024-03-04,auto,553
23701,S,2024-08-28,home,728
23702,W,2024-10-08,travel,610
23703,N,2024-07-11,home,675
23705,E,2024-02-18,health,763
23706,W,2024-04-07,travel,549
23707,E,2024-04-28,health,516
23708,N,2024-03-31,auto,659
23709,S,2024-06-22,travel,1052
23710,N,2024-09-10,travel,837
23711,W,2024-03-25,auto,620
23712,E,2024-02-02,home,454
23713,N,2024-04-07,travel,524
23714,N,2024-07-25,travel,511
23715,W,2024-04-13,auto,541
23716,N,2024-06-27,health,523
23717,S,2024-08-29,travel,1003
23718,E,2024-04-19,auto,$682
23719,E,2024-04-14,health,1352
23720,S,2024-09-08,auto,494
23721,S,2024-09-22,health,653
23723,S,2024-01-26,auto,564
23724,N,2024-01-24,auto,450
23725,W,2024-05-30,home,564
23726,W,2024-01-21,health,1090
23727,S,2024-05-08,travel,586
23728,E,2024-11-18,health,770
23729,N,2024-10-08,health,1037
23730,S,2024-01-10,home,830
23731,E,2024-01-24,health,761
23733,N,2024-07-14,auto,611
23734,E,2024-10-26,home,624
23735,N,2024-04-17,health,568
23737,W,2024-07-27,auto,522
23738,S,2024-03-10,health,1199
23739,S,2024-04-29,auto,659
23740,S,2024-04-14,travel,770
23741,N,2024-11-06,home,471
23742,E,2024-11-22,auto,739
23743,S,2024-05-14,auto,772
23744,W,2024-08-30,home,585
23745,E,2024-06-15,travel,864
23746,W,2024-09-15,travel,537
23747,E,2024-08-23,travel,475
23748,N,2024-02-16,travel,836
23749,W,2024-04-18,health,1004
23750,E,2024-08-08,health,907
23751,W,2024-06-23,travel,701
23752,S,2024-02-08,travel,797
23753,S,2024-05-21,home,610
23754,E,2024-03-15,health,754
23755,N,2024-02-15,auto,823
23756,N,2024-09-06,auto,477
23758,S,2024-07-03,home,579
23759,W,2024-05-31,auto,429
23760,E,2024-02-12,home,USD 587
23761,E,2024-11-14,health,514
23762,S,2024-06-13,auto,579
23763,W,2024-09-28,home,582
23764,W,2024-09-05,health,$962
23765,W,2024-09-16,travel,USD 724
23766,E,2024-10-14,auto,715
23767,E,2024-11-26,auto,870
23768,S,2024-07-22,home,611
23769,W,2024-09-06,travel,930
23770,S,2024-06-28,health,541
23771,E,2024-05-17,travel,USD 514
23772,W,2024-02-10,travel,952
23773,S,2024-04-29,health,692
23774,S,2024-05-02,travel,696
23775,S,2024-01-21,auto,857
23776,E,2024-08-30,travel,$667
23777,S,2024-04-20,home,$691
23778,E,2024-04-07,travel,639
23779,S,2024-10-30,auto,646
23780,S,2024-03-08,home,779
23781,N,2024-04-07,auto,516
23782,W,2024-02-26,health,364
23783,W,2024-03-04,travel,632
23784,S,2024-07-20,home,633
23785,E,2024-05-20,travel,USD 726
23786,S,2024-06-08,health,756
23787,N,2024-08-08,auto,622
23788,E,2024-02-29,auto,516
23789,E,2024-08-15,auto,883
23790,S,2024-04-28,auto,$694
23791,N,2024-11-15,health,761
23792,W,2024-01-12,home,813
23793,W,2024-01-24,health,566
23795,S,2024-08-21,home,370
23796,N,2024-03-06,health,623
23797,W,2024-08-15,home,484
23798,W,2024-06-30,home,$584
23800,E,2024-04-01,travel,741
23802,E,2024-07-01,auto,770
23803,N,2024-04-29,home,465
23804,S,2024-01-13,health,682
23805,S,2024-03-24,home,650
23806,N,2024-08-23,auto,559
23807,W,2024-05-15,auto,$563
23808,E,2024-08-10,travel,649
23809,W,2024-01-14,health,456
23810,W,2024-11-09,health,419
23811,W,2024-03-08,travel,768
23812,W,2024-04-15,auto,1121
23814,S,2024-02-11,travel,797
23815,N,2024-05-18,travel,628
23816,N,2024-01-26,travel,740
23817,N,2024-02-01,auto,882
23818,W,2024-01-23,home,510
23819,N,2024-02-27,health,481
23820,W,2024-11-23,home,569
23821,N,2024-02-04,home,801
23822,W,2024-06-30,auto,700
23823,S,2024-01-16,travel,710
23824,N,2024-01-22,home,412
23825,N,2024-08-15,travel,473
23826,S,2024-04-08,home,USD 704
23827,N,2024-01-21,health,496
23828,E,2024-03-24,health,668
23829,W,2024-04-26,home,689
23830,W,2024-11-25,travel,520
23831,S,2024-08-22,auto,584
23832,S,2024-09-08,auto,639
23834,S,2024-05-18,travel,593
23835,S,2024-05-24,health,426
23836,E,2024-03-15,auto,1093
23837,S,2024-07-16,health,512
23838,W,2024-07-01,auto,USD 1237
23839,S,2024-02-15,home,820
23840,E,2024-11-09,home,998
23841,E,2024-09-29,home,514
23842,W,2024-10-20,home,$666
23843,S,2024-02-20,auto,537
23844,S,2024-03-13,travel,659
23845,S,2024-01-09,travel,650
23846,W,2024-08-07,travel,USD 693
23847,N,2024-03-24,travel,$804
23848,E,2024-10-18,auto,1001
23849,S,2024-07-20,travel,462
23850,E,2024-01-16,travel,539
23851,W,2024-05-20,auto,618
23853,N,2024-08-12,travel,556
23854,N,2024-01-24,home,523
23855,N,2024-02-05,health,828
23856,N,2024-10-18,auto,850
23857,S,2024-02-19,auto,804
23858,N,2024-08-13,auto,567
23859,S,2024-05-13,auto,708
23860,S,2024-04-25,auto,920
23861,W,2024-05-30,health,$512
23862,S,2024-02-13,auto,660
23863,E,2024-08-12,home,801
23864,W,2024-06-09,travel,428
23865,W,2024-01-21,home,511
23867,S,2024-01-02,health,$987
23868,W,2024-07-16,auto,920
23869,W,2024-02-17,auto,755
23870,N,2024-07-09,home,762
23871,W,2024-02-21,home,963
23872,W,2024-03-04,travel,478
23873,E,2024-07-08,health,USD 414
23874,N,2024-01-31,auto,$558
23875,E,2024-07-18,health,1060
23876,E,2024-11-23,auto,747
23877,N,2024-11-03,travel,$684
23878,N,2024-06-12,auto,534
23879,S,2024-06-25,travel,500
23881,N,2024-06-12,home,664
23882,W,2024-01-16,home,766
23883,N,2024-09-29,auto,828
23884,W,2024-01-20,health,USD 540
23885,S,2024-03-23,home,$484
23886,S,2024-03-15,auto,502
23887,W,2024-01-20,auto,640
23889,W,2024-10-19,health,$663
23890,S,2024-08-21,auto,664
23891,E,2024-01-10,health,453
23892,E,2024-10-09,health,618
23893,W,2024-07-29,health,640
23894,S,2024-04-08,auto,657
23895,N,2024-06-18,home,1159
23896,N,2024-05-30,auto,468
23897,N,2024-02-17,auto,759
23898,S,2024-04-20,health,597
23899,W,2024-11-15,travel,894
23900,E,2024-03-01,health,505
23901,S,2024-10-29,health,835
23902,N,2024-03-31,travel,585
23903,N,2024-04-28,travel,$677
23904,N,2024-05-12,health,455
23905,W,2024-01-01,auto,611
23906,N,2024-08-25,auto,816
23907,S,2024-06-04,home,712
23908,S,2024-04-01,home,588
23909,N,2024-04-04,home,661
23910,N,2024-02-16,travel,597
23911,W,2024-07-30,health,640
23913,W,2024-08-23,home,493
23914,N,2024-01-10,auto,"$1,001"
23915,W,2024-11-23,home,595
23916,N,2024-02-03,home,422
23917,S,2024-07-09,health,708
23918,N,2024-06-28,auto,425
23919,S,2024-03-18,health,531
23920,N,2024-03-23,auto,USD 745
23921,N,2024-10-12,travel,757
23922,W,2024-03-09,auto,879
23923,W,2024-08-09,travel,845
23924,N,2024-05-07,auto,618
23925,W,2024-09-06,home,681
23926,S,2024-01-11,health,USD 661
23927,W,2024-01-02,auto,1004
23928,W,2024-08-21,health,651
23929,N,2024-03-02,home,696
23930,E,2024-05-03,health,844
23931,W,2024-11-17,home,650
23932,W,2024-05-26,travel,599
23933,S,2024-01-10,auto,962
23934,E,2024-10-09,auto,416
23935,N,2024-01-24,health,444
23936,E,2024-02-05,travel,593
23937,W,2024-10-31,health,$767
23938,W,2024-04-28,home,782
23939,W,2024-07-06,travel,495
23940,S,2024-06-01,health,617
23941,W,2024-03-23,health,888
23942,S,2024-01-14,travel,811
23943,W,2024-06-12,health,499
23944,S,2024-06-29,travel,528
23945,W,2024-03-03,travel,605
23946,W,2024-04-15,travel,592
23947,W,2024-08-02,health,670
23948,S,2024-08-06,health,517
23949,N,2024-08-25,travel,USD 686
23950,E,2024-04-18,health,874
23951,W,2024-09-29,home,635
23952,E,2024-07-11,home,701
23953,S,2024-04-13,health,629
23954,N,2024-06-04,health,397
23955,N,2024-03-22,health,828
23956,S,2024-02-10,travel,479
23957,W,2024-11-16,travel,628
23958,W,2024-08-28,travel,551
23959,W,2024-08-03,auto,617
23960,W,2024-01-31,auto,USD 604
23961,N,2024-10-15,auto,757
23962,S,2024-03-07,home,571
23963,S,2024-02-24,health,640
23965,W,2024-07-16,travel,535
23966,E,2024-10-15,home,784
23967,W,2024-04-13,travel,661
23968,N,2024-05-03,auto,505
23969,E,2024-02-06,home,775
23970,E,2024-07-23,home,742
23971,E,2024-01-01,home,708
23972,W,2024-11-05,home,670
23973,W,2024-09-11,travel,715
23974,S,2024-03-09,travel,548
23975,E,2024-06-26,home,$798
23976,W,2024-05-22,travel,400
23977,N,2024-04-15,travel,935
23978,S,2024-04-07,home,772
23979,E,2024-07-19,home,421
23980,N,2024-08-24,auto,388
23981,E,2024-10-24,auto,1138
23982,W,2024-05-21,health,$671
23983,N,2024-04-08,auto,745
23984,S,2024-06-24,health,649
23985,N,2024-01-13,travel,824
23986,S,2024-01-17,home,564
23987,E,2024-01-28,health,837
23988,E,2024-06-17,travel,870
23989,N,2024-08-04,auto,1096
23990,S,2024-06-09,health,698
23991,N,2024-09-30,travel,550
23992,W,2024-02-27,health,633
23993,W,2024-01-20,travel,USD 1094
23994,E,2024-11-12,home,570
23995,S,2024-09-15,health,629
23996,W,2024-04-19,travel,747
23997,W,2024-05-14,auto,838
23998,E,2024-07-07,home,610
23999,E,2024-07-29,health,565
24000,N,2024-04-02,health,882
24001,S,2024-03-11,health,748
24002,S,2024-08-24,home,693
24003,S,2024-08-15,home,596
24004,S,2024-03-22,home,662
24005,W,2024-03-15,health,618
24006,W,2024-04-08,home,862
24007,N,2024-01-11,auto,709
24008,S,2024-04-11,health,516
24009,W,2024-03-07,health,975
24010,N,2024-05-27,travel,$794
24011,N,2024-05-31,home,665
24013,W,2024-10-02,auto,951
24014,S,2024-05-19,home,497
24015,S,2024-03-06,travel,614
24016,S,2024-10-24,auto,747
24017,W,2024-06-27,home,712
24018,W,2024-05-17,health,757
24019,N,2024-01-10,home,756
24020,S,2024-04-11,travel,$844
24021,E,2024-09-13,home,981
24022,W,2024-03-07,health,719
24024,S,2024-05-21,travel,1031
24025,N,2024-05-07,travel,453
24026,W,2024-02-11,home,580
24028,N,2024-06-26,health,772
24029,W,2024-05-03,travel,1210
24030,E,2024-04-22,health,384
24031,E,2024-11-21,auto,$679
24032,N,2024-11-08,home,793
24033,S,2024-01-24,health,860
24034,W,2024-09-28,auto,485
24035,E,2024-11-26,auto,864
24036,N,2024-09-19,auto,363
24037,E,2024-02-16,health,983
24038,N,2024-05-03,auto,878
24039,N,2024-03-11,auto,903
24040,W,2024-01-19,home,639
24041,W,2024-07-08,travel,714
24042,N,2024-07-28,health,557
24043,N,2024-06-25,home,473
24044,W,2024-06-21,health,736
24046,S,2024-01-20,home,801
24047,E,2024-03-01,home,908
24048,N,2024-09-29,travel,752
24049,N,2024-02-06,health,626
24050,E,2024-11-08,health,497
24052,N,2024-05-16,travel,993
24054,N,2024-05-13,health,670
24055,S,2024-01-19,auto,827
24056,N,2024-07-08,auto,540
24057,E,2024-02-22,travel,626
24058,E,2024-05-06,auto,965
24059,S,2024-05-05,auto,554
24060,N,2024-05-15,travel,456
24061,S,2024-08-23,health,711
24062,W,2024-06-25,auto,610
24063,N,2024-02-26,travel,USD 764
24064,S,2024-10-24,travel,610
24065,N,2024-05-14,travel,932
24066,W,2024-01-29,health,740
24067,W,2024-03-19,travel,810
24069,W,2024-10-05,health,933
24070,W,2024-01-27,auto,597
24071,S,2024-05-09,home,585
24072,W,2024-04-13,travel,557
24073,S,2024-09-01,travel,818
24075,W,2024-04-23,travel,905
24076,E,2024-05-11,home,819
24077,N,2024-11-01,home,407
24078,E,2024-02-01,home,$604
24079,N,2024-03-11,home,574
24080,S,2024-10-28,health,627
24081,E,2024-08-30,health,787
24082,W,2024-04-16,health,846
24083,W,2024-01-31,travel,678
24084,S,2024-02-04,health,483
24085,E,2024-11-21,auto,$746
24086,S,2024-02-17,travel,$703
24088,W,2024-10-03,home,613
24089,W,2024-05-08,health,1145
24090,W,2024-05-08,auto,695
24091,W,2024-09-17,travel,599
24092,W,2024-08-05,travel,751
24093,N,2024-02-02,travel,759
24094,E,2024-11-07,travel,577
24095,N,2024-04-02,auto,974
24096,W,2024-09-24,home,481
24097,W,2024-11-13,auto,566
24098,W,2024-10-22,travel,828
24099,E,2024-03-21,travel,710
24101,N,2024-06-25,home,728
24102,N,2024-06-26,home,507
24103,S,2024-04-19,travel,610
24104,N,2024-01-21,travel,525
24105,S,2024-01-23,health,988
24106,N,2024-05-01,auto,706
24107,N,2024-10-25,travel,USD 645
24108,W,2024-08-05,health,695
24109,E,2024-06-25,health,509
24110,E,2024-01-28,home,640
24111,S,2024-01-07,home,519
24112,W,2024-07-05,travel,647
24113,N,2024-07-13,home,522
24114,E,2024-07-13,home,316
24115,W,2024-05-27,auto,856
24116,S,2024-01-12,health,907
24117,N,2024-07-17,auto,666
24118,N,2024-11-21,auto,USD 467
24119,E,2024-08-03,home,626
24120,W,2024-06-23,health,731
24121,W,2024-07-29,travel,583
24122,N,2024-07-11,auto,603
24123,N,2024-09-24,health,636
24124,N,2024-08-20,travel,565
24125,W,2024-06-05,travel,566
24126,E,2024-10-22,travel,877
24127,E,2024-09-18,auto,749
24128,E,2024-05-19,travel,615
24129,S,2024-07-13,health,869
24130,N,2024-11-03,auto,777
24131,W,2024-04-23,health,601
24132,N,2024-10-12,auto,676
24133,E,2024-08-31,health,610
24134,S,2024-06-20,auto,751
24135,N,2024-05-08,travel,900
24136,W,2024-08-31,auto,957
24137,S,2024-01-28,home,869
24138,S,2024-04-14,travel,763
24139,E,2024-03-13,health,872
24140,W,2024-04-19,travel,569
24141,E,2024-02-08,health,923
24142,E,2024-05-23,auto,658
24143,S,2024-04-21,auto,$905
24144,S,2024-02-26,travel,591
24145,E,2024-11-25,auto,565
24146,S,2024-04-09,travel,624
24147,S,2024-01-23,health,806
24148,E,2024-02-03,auto,USD 647
24149,W,2024-08-23,travel,550
24150,E,2024-08-14,health,910
24151,W,2024-07-08,auto,794
24152,E,2024-04-09,home,727
24153,W,2024-01-30,health,512
24154,W,2024-08-09,travel,926
24155,W,2024-10-01,travel,806
24156,W,2024-03-31,travel,USD 589
24157,N,2024-09-14,home,441
24158,E,2024-08-12,home,716
24159,S,2024-08-06,travel,567
24160,W,2024-03-30,health,554
24161,S,2024-03-02,home,443
24162,S,2024-03-13,home,500
24163,E,2024-06-04,auto,575
24164,N,2024-05-02,travel,499
24165,W,2024-04-24,health,777
24166,N,2024-06-25,travel,556
24167,S,2024-07-06,home,700
24169,E,2024-11-01,health,1005
24170,W,2024-01-24,auto,441
24171,N,2024-03-28,travel,824
24172,E,2024-10-18,home,449
24173,N,2024-05-10,auto,592
24174,S,2024-08-15,travel,$574
24175,W,2024-07-28,travel,919
24176,E,2024-04-26,auto,$501
24177,N,2024-03-14,home,519
24178,W,2024-04-11,health,676
24179,N,2024-11-23,travel,658
24180,N,2024-09-30,health,547
24181,S,2024-06-17,auto,757
24182,W,2024-10-08,auto,620
24183,W,2024-10-11,travel,772
24184,N,2024-10-10,travel,717
24185,N,2024-08-11,home,USD 452
24186,N,2024-10-27,auto,578
24187,W,2024-03-14,health,USD 965
24188,W,2024-08-31,home,USD 627
24189,N,2024-05-30,auto,474
24190,N,2024-09-15,health,607
24191,W,2024-01-25,travel,668
24192,S,2024-04-01,auto,1201
24193,N,2024-07-17,auto,904
24194,W,2024-04-05,health,634
24195,N,2024-05-20,home,526
24196,S,2024-09-22,home,805
24197,W,2024-11-14,travel,598
24198,W,2024-10-12,travel,594
24200,N,2024-11-06,travel,755
24201,N,2024-02-11,home,630
24202,N,2024-10-11,health,643
24203,E,2024-01-14,home,577
24204,E,2024-11-05,health,754
24205,W,2024-10-18,auto,467
24206,E,2024-10-02,health,$600
24207,W,2024-08-10,auto,600
24208,S,2024-05-07,travel,843
24209,S,2024-01-04,home,826
24210,N,2024-05-18,health,479
24211,E,2024-10-21,home,413
24212,S,2024-06-26,auto,808
24213,N,2024-06-12,auto,637
24214,N,2024-11-14,health,640
24215,N,2024-01-09,travel,434
24216,W,2024-04-19,health,666
24217,N,2024-06-18,home,568
24218,S,2024-06-17,auto,740
24219,S,2024-07-23,travel,949
24220,S,2024-04-08,home,651
24221,S,2024-06-14,health,697
24222,W,2024-01-14,travel,854
24223,S,2024-06-23,travel,$630
24224,N,2024-04-03,home,$766
24225,W,2024-10-03,health,564
24226,S,2024-01-11,home,586
24227,S,2024-08-02,health,886
24228,E,2024-04-11,health,918
24229,W,2024-09-14,auto,541
24230,N,2024-03-18,health,592
24231,N,2024-09-15,home,$652
24232,E,2024-07-16,health,679
24233,E,2024-02-22,home,820
24235,S,2024-06-03,auto,605
24236,E,2024-01-29,home,USD 912
24237,E,2024-10-05,auto,811
24238,W,2024-01-22,home,1002
24239,S,2024-04-14,auto,832
24240,S,2024-09-25,auto,632
24241,N,2024-09-21,home,497
24243,W,2024-10-02,health,787
24244,W,2024-09-11,health,600
24245,E,2024-05-25,home,552
24246,E,2024-04-22,health,469
24247,E,2024-06-23,home,415
24248,W,2024-05-18,home,776
24249,N,2024-05-15,health,726
24250,N,2024-04-15,health,$765
24251,E,2024-07-23,auto,702
24252,W,2024-06-11,health,883
24254,N,2024-04-10,health,603
24255,S,2024-01-25,travel,690
24256,W,2024-10-18,auto,701
24257,E,2024-09-11,health,467
24258,W,2024-10-26,travel,565
24259,W,2024-04-13,home,699
24260,E,2024-05-22,health,896
24261,N,2024-06-12,health,716
24262,N,2024-08-19,home,616
24263,N,2024-03-09,health,763
24264,W,2024-11-08,home,763
24265,N,2024-03-18,auto,519
24266,W,2024-03-11,travel,451
24267,N,2024-01-28,health,557
24268,E,2024-02-26,auto,$779
24269,W,2024-09-17,home,766
24270,N,2024-10-31,health,561
24271,W,2024-08-26,auto,492
24272,N,2024-09-25,travel,682
24273,S,2024-05-15,health,792
24274,E,2024-03-24,travel,535
24275,W,2024-04-25,home,845
24276,S,2024-06-23,health,483
24277,E,2024-09-25,auto,577
24278,W,2024-07-17,home,$514
24279,W,2024-08-05,travel,803
24280,W,2024-11-03,auto,510
24281,S,2024-02-20,home,589
24282,W,2024-04-06,travel,581
24283,W,2024-09-15,health,527
24284,E,2024-07-11,home,$590
24285,W,2024-01-17,auto,659
24286,W,2024-07-25,auto,531
24287,N,2024-04-13,travel,586
24288,S,2024-01-01,health,484
24289,E,2024-07-08,travel,562
24290,E,2024-10-05,home,532
24291,N,2024-04-08,travel,717
24292,E,2024-08-05,home,$794
24293,E,2024-03-19,travel,740
24294,S,2024-02-15,health,696
24295,E,2024-03-17,travel,829
24297,S,2024-01-07,home,545
24298,W,2024-08-07,health,564
24299,W,2024-01-22,auto,459
24300,E,2024-04-18,auto,658
24301,E,2024-04-26,home,530
24302,N,2024-06-21,health,585
24303,W,2024-03-08,health,600
24304,W,2024-01-17,travel,$638
24305,W,2024-02-05,auto,636
24306,E,2024-09-12,health,638
24307,E,2024-06-16,travel,490
24308,N,2024-05-19,travel,416
24309,S,2024-07-25,auto,1160
24310,S,2024-01-01,travel,$730
24311,S,2024-08-18,auto,527
24312,W,2024-08-28,travel,642
24313,N,2024-06-30,health,834
24314,S,2024-09-08,auto,686
24315,S,2024-07-27,home,672
24316,N,2024-07-05,travel,508
24317,N,2024-09-28,health,$821
24318,N,2024-04-04,health,698
24319,S,2024-08-11,health,627
24320,W,2024-05-04,health,672
24322,E,2024-03-06,auto,565
24323,E,2024-01-21,auto,499
24324,S,2024-02-24,auto,$712
24325,N,2024-01-09,auto,740
24326,N,2024-09-25,auto,469
24327,E,2024-03-25,auto,870
24328,S,2024-07-23,health,USD 598
24329,E,2024-08-14,health,592
24330,N,2024-09-21,home,466
24331,W,2024-03-17,travel,609
24332,W,2024-06-03,home,484
24333,N,2024-04-07,travel,588
24334,S,2024-04-06,travel,692
24335,N,2024-02-14,health,503
24336,N,2024-08-22,health,773
24337,S,2024-01-20,auto,841
24338,E,2024-02-08,health,688
24339,N,2024-03-27,home,772
24340,W,2024-08-17,travel,$548
24341,W,2024-07-20,travel,691
24342,E,2024-03-09,home,647
24343,E,2024-06-06,auto,370
24344,S,2024-10-01,health,508
24345,W,2024-03-16,travel,776
24346,N,2024-03-04,health,581
24347,E,2024-07-24,travel,723
24348,S,2024-01-25,home,1094
24349,W,2024-07-15,auto,588
24350,E,2024-03-11,home,503
24351,E,2024-09-19,home,838
24352,N,2024-02-14,health,USD 523
24353,N,2024-05-26,auto,792
24354,S,2024-01-27,health,749
24356,N,2024-04-20,health,882
24357,W,2024-08-12,travel,441
24358,E,2024-06-22,travel,675
24359,W,2024-04-27,auto,$579
24360,S,2024-11-07,home,706
24361,S,2024-06-25,auto,505
24362,W,2024-03-01,health,629
24363,N,2024-07-23,home,700
24364,W,2024-09-10,auto,USD 626
24365,S,2024-04-27,travel,603
24366,W,2024-06-28,health,815
24367,E,2024-07-17,auto,$771
24369,W,2024-07-11,auto,938
24371,W,2024-11-15,health,840
24372,E,2024-08-24,health,510
24373,N,2024-10-31,travel,695
24374,W,2024-03-17,health,800
24375,S,2024-02-29,travel,659
24376,N,2024-05-23,home,597
24377,E,2024-02-04,home,791
24378,E,2024-02-14,health,523
24379,N,2024-08-31,health,1074
24380,N,2024-10-17,home,688
24381,E,2024-10-16,travel,719
24382,N,2024-11-22,home,538
24383,S,2024-02-12,health,757
24384,S,2024-07-24,home,462
24385,W,2024-08-13,travel,747
24386,W,2024-01-28,travel,920
24387,W,2024-05-26,travel,1087
24388,E,2024-06-29,home,621
24389,N,2024-01-16,health,832
24390,S,2024-02-06,travel,695
24391,E,2024-10-19,auto,898
24392,W,2024-09-09,health,960
24393,S,2024-06-10,health,830
24394,E,2024-01-12,travel,717
24395,E,2024-04-22,travel,607
24396,N,2024-09-26,home,741
24398,N,2024-02-19,travel,587
24399,E,2024-04-22,travel,767
24400,W,2024-01-28,health,631
24401,E,2024-06-18,travel,745
24402,N,2024-05-27,travel,433
24403,S,2024-07-21,travel,734
24404,E,2024-11-12,home,614
24405,N,2024-03-15,home,684
24406,E,2024-04-29,auto,588
24407,N,2024-04-07,auto,544
24408,S,2024-09-02,health,808
24409,S,2024-06-08,auto,738
24410,S,2024-01-11,travel,653
24411,W,2024-05-17,health,941
24412,N,2024-05-12,health,536
24413,W,2024-08-16,travel,768
24414,N,2024-04-30,home,952
24415,E,2024-07-16,travel,770
24416,N,2024-08-17,travel,457
24417,W,2024-05-30,travel,"$1,006"
24418,S,2024-10-02,auto,574
24419,W,2024-02-09,auto,758
24420,N,2024-02-10,travel,565
24421,S,2024-01-24,home,553
24422,E,2024-03-06,auto,771
24423,W,2024-05-31,auto,536
24424,N,2024-07-06,home,581
24425,W,2024-01-28,home,761
24426,E,2024-07-06,health,716
24427,W,2024-09-27,travel,612
24428,W,2024-02-14,travel,648
24429,E,2024-08-13,auto,572
24430,S,2024-10-18,home,$647
24431,W,2024-01-17,auto,560
24432,N,2024-08-12,travel,579
24433,W,2024-09-18,auto,777
24434,N,2024-07-14,home,676
24435,E,2024-06-28,travel,873
24436,E,2024-06-30,auto,1052
24437,S,2024-11-06,home,904
24438,N,2024-02-09,auto,444
24439,E,2024-08-19,travel,858
24440,S,2024-10-01,health,$643
24441,E,2024-07-01,travel,523
24442,S,2024-02-11,auto,470
24443,E,2024-08-27,auto,633
24444,E,2024-11-16,auto,1157
24445,S,2024-07-06,home,589
24446,W,2024-09-03,home,517
24447,S,2024-06-01,auto,USD 456
24448,E,2024-10-02,auto,510
24449,W,2024-10-12,auto,422
24450,E,2024-02-28,auto,818
24451,E,2024-01-17,auto,668
24452,N,2024-03-24,home,485
24453,E,2024-08-14,health,488
24454,W,2024-10-10,home,736
24455,W,2024-02-21,home,473
24457,E,2024-05-11,home,688
24458,S,2024-04-28,health,973
24459,W,2024-08-22,travel,604
24460,N,2024-09-19,auto,896
24461,S,2024-06-29,home,684
24462,N,2024-06-01,home,391
24463,N,2024-04-27,health,621
24464,W,2024-11-17,travel,821
24465,W,2024-05-02,health,547
24466,W,2024-02-16,home,708
24467,E,2024-05-23,health,671
24469,W,2024-09-25,auto,528
24471,N,2024-11-25,auto,880
24472,N,2024-09-21,travel,559
24473,S,2024-06-21,health,545
24474,E,2024-02-28,health,631
24475,E,2024-09-17,home,429
24476,W,2024-08-26,auto,684
24477,E,2024-10-08,home,471
24478,S,2024-06-17,health,671
24479,E,2024-03-27,travel,770
24480,W,2024-06-15,auto,632
24481,E,2024-10-09,home,783
24482,E,2024-05-02,auto,920
24483,W,2024-07-08,health,546
24484,S,2024-04-05,health,923
24485,N,2024-04-04,health,$685
24486,S,2024-09-08,travel,787
24487,E,2024-02-28,home,940
24488,S,2024-06-29,health,622
24489,E,2024-04-22,home,$876
24490,W,2024-09-09,health,770
24491,W,2024-08-04,home,505
24492,S,2024-10-21,travel,USD 630
24493,S,2024-04-22,auto,688
24494,S,2024-01-04,health,656
24495,W,2024-07-14,auto,USD 644
24496,W,2024-05-26,home,$735
24498,W,2024-01-07,travel,512
24499,E,2024-05-01,home,USD 776
24500,E,2024-02-06,auto,703
24501,N,2024-03-06,health,981
24502,N,2024-06-25,home,497
24503,S,2024-06-19,health,542
24504,N,2024-10-20,health,640
24505,W,2024-10-28,health,703
24506,W,2024-10-05,home,534
24507,N,2024-08-27,health,896
24508,N,2024-06-06,travel,764
24509,E,2024-04-21,health,$551
24511,E,2024-06-16,health,933
24512,N,2024-10-30,health,537
24513,E,2024-08-06,health,649
24514,S,2024-08-06,auto,$768
24515,N,2024-02-21,health,$691
24516,E,2024-01-21,home,631
24517,W,2024-03-17,health,806
24518,S,2024-04-14,health,626
24519,N,2024-10-25,health,568
24520,N,2024-07-25,auto,475
24521,W,2024-04-08,travel,1210
24522,S,2024-02-23,auto,600
24523,W,2024-02-20,travel,1193
24524,E,2024-03-22,travel,882
24525,N,2024-10-16,auto,928
24526,E,2024-05-09,auto,679
24527,E,2024-07-21,health,596
24528,S,2024-05-09,home,791
24529,S,2024-04-10,travel,906
24530,N,2024-04-27,home,641
24531,N,2024-09-07,auto,637
24532,N,2024-09-18,health,588
24533,W,2024-08-18,auto,1002
24534,W,2024-08-06,health,637
24535,E,2024-10-03,auto,950
24536,W,2024-05-26,travel,742
24537,W,2024-11-03,home,600
24538,S,2024-03-03,health,667
24540,W,2024-07-19,travel,785
24541,N,2024-07-30,home,367
24542,S,2024-01-30,travel,883
24543,W,2024-07-09,auto,757
24544,E,2024-09-24,home,607
24545,S,2024-03-18,travel,518
24546,W,2024-09-09,auto,634
24547,E,2024-07-01,travel,918
24548,E,2024-10-06,auto,536
24549,E,2024-10-20,health,608
24550,N,2024-10-23,home,625
24551,W,2024-01-28,auto,"$1,088"
24552,E,2024-09-12,home,670
24553,W,2024-06-26,health,573
24554,S,2024-05-19,auto,516
24555,W,2024-03-21,auto,594
24556,E,2024-10-30,auto,788
24557,W,2024-10-18,auto,741
24558,N,2024-07-01,travel,858
24559,N,2024-10-12,travel,621
24560,E,2024-10-14,home,692
24561,S,2024-05-10,health,804
24562,N,2024-09-07,auto,503
24563,S,2024-06-29,auto,831
24564,E,2024-06-08,auto,$638
24565,E,2024-04-12,auto,799
24566,E,2024-09-13,travel,355
24567,N,2024-08-06,auto,510
24569,N,2024-07-26,home,424
24570,S,2024-07-21,home,551
24571,S,2024-11-17,travel,1048
24572,W,2024-08-17,home,576
24573,N,2024-06-30,health,574
24574,E,2024-05-01,auto,878
24575,S,2024-09-09,health,708
24576,N,2024-11-19,health,698
24577,W,2024-01-02,health,746
24579,W,2024-10-19,auto,606
24580,E,2024-02-05,travel,601
24581,E,2024-10-18,auto,561
24582,N,2024-07-07,health,654
24583,E,2024-09-05,home,565
24584,S,2024-02-09,travel,745
24585,E,2024-03-05,auto,897
24586,W,2024-10-09,home,485
24587,N,2024-08-09,travel,602
24588,E,2024-01-18,home,773
24589,N,2024-03-13,health,939
24590,W,2024-11-16,travel,762
24591,W,2024-03-28,health,858
24593,E,2024-05-24,health,868
24594,S,2024-09-06,home,450
24595,W,2024-09-14,home,656
24596,W,2024-04-03,health,$757
24597,E,2024-02-27,travel,540
24598,S,2024-05-05,auto,1128
24599,E,2024-02-08,home,620
24600,N,2024-01-16,home,$374
24601,E,2024-09-11,auto,987
24602,W,2024-07-18,home,795
24603,E,2024-08-16,home,654
24604,E,2024-05-18,auto,601
24605,W,2024-02-17,auto,544
24606,N,2024-03-16,auto,777
24607,W,2024-05-16,auto,631
24608,N,2024-05-28,travel,712
24609,E,2024-02-08,auto,845
24610,E,2024-06-07,health,824
24611,S,2024-06-20,travel,729
24612,N,2024-01-09,home,505
24613,E,2024-10-05,health,1017
24614,W,2024-05-12,travel,535
24615,S,2024-07-10,travel,431
24616,W,2024-10-17,travel,968
24617,W,2024-06-24,travel,683
24618,W,2024-11-03,auto,766
24619,S,2024-10-14,home,638
24620,W,2024-11-26,travel,$872
24621,N,2024-09-14,health,730
24622,S,2024-05-22,home,898
24623,E,2024-01-18,home,957
24624,S,2024-06-16,travel,807
24625,E,2024-09-15,auto,558
24626,E,2024-03-01,auto,USD 544
24627,N,2024-04-14,home,575
24628,S,2024-10-25,home,605
24629,S,2024-10-06,travel,602
24630,N,2024-04-11,home,$689
24631,N,2024-07-30,auto,932
24632,W,2024-03-04,auto,394
24633,E,2024-08-19,travel,1134
24634,W,2024-09-01,home,1136
24635,N,2024-04-23,health,USD 687
24636,W,2024-08-16,auto,786
24637,E,2024-10-11,auto,697
24639,N,2024-05-29,travel,684
24640,W,2024-02-29,auto,911
24641,W,2024-04-04,travel,639
24642,W,2024-09-28,auto,531
24643,W,2024-07-04,home,867
24644,W,2024-03-04,home,603
24646,N,2024-01-12,health,484
24647,S,2024-09-13,home,472
24648,N,2024-03-29,travel,776
24649,N,2024-09-12,auto,626
24650,S,2024-09-13,auto,919
24651,N,2024-09-24,travel,361
24652,W,2024-10-17,travel,469
24653,N,2024-09-20,health,720
24654,W,2024-03-01,health,$985
24655,W,2024-07-23,auto,913
24656,E,2024-04-29,auto,549
24657,S,2024-02-15,auto,645
24658,E,2024-11-20,auto,880
24659,S,2024-02-17,auto,745
24660,W,2024-01-23,auto,522
24661,S,2024-05-16,health,"$1,138"
24662,W,2024-02-22,home,1035
24663,N,2024-09-09,home,692
24664,E,2024-05-04,travel,604
24665,N,2024-02-12,auto,USD 927
24666,N,2024-06-07,auto,788
24667,W,2024-07-22,health,417
24668,E,2024-11-04,health,1021
24669,S,2024-07-04,travel,717
24670,W,2024-02-15,health,$562
24671,E,2024-10-28,auto,635
24672,E,2024-07-23,auto,746
24673,E,2024-02-23,home,743
24674,W,2024-11-16,travel,534
24676,E,2024-05-03,travel,611
24677,S,2024-09-13,travel,563
24678,E,2024-02-26,home,544
24679,E,2024-01-01,health,750
24681,S,2024-08-28,auto,522
24682,W,2024-06-04,travel,937
24683,S,2024-08-08,health,887
24684,E,2024-11-13,home,572
24685,W,2024-09-16,travel,606
24686,N,2024-05-30,travel,"$1,007"
24687,N,2024-07-11,home,821
24688,S,2024-01-09,travel,608
24689,S,2024-08-28,auto,694
24690,S,2024-08-23,travel,898
24691,N,2024-08-03,home,554
24692,S,2024-10-21,health,$803
24693,S,2024-10-30,health,553
24694,N,2024-04-18,health,553
24695,S,2024-03-01,home,571
24696,N,2024-01-06,auto,666
24697,W,2024-07-09,home,$593
24699,W,2024-02-26,home,577
24700,W,2024-03-15,travel,505
24701,N,2024-10-02,travel,651
24702,E,2024-07-24,travel,710
24703,W,2024-06-29,travel,705
24704,E,2024-03-23,travel,692
24705,N,2024-11-19,home,548
24706,E,2024-01-26,travel,711
24707,N,2024-01-12,travel,928
24708,W,2024-02-01,auto,915
24709,W,2024-05-23,travel,694
24710,W,2024-10-20,health,824
24711,E,2024-03-25,auto,514
24712,E,2024-02-27,auto,614
24713,W,2024-06-19,home,760
24714,W,2024-05-11,auto,854
24715,N,2024-08-25,auto,502
24716,S,2024-03-31,health,787
24717,E,2024-05-21,home,601
24718,W,2024-04-26,home,594
24719,N,2024-09-29,auto,480
24720,W,2024-07-11,health,643
24721,W,2024-03-28,travel,932
24722,E,2024-10-17,travel,676
24723,S,2024-10-10,health,539
24724,E,2024-07-22,travel,810
24725,N,2024-04-14,auto,1112
24726,S,2024-06-09,health,603
24727,N,2024-11-03,auto,527
24728,E,2024-08-13,travel,USD 801
24729,E,2024-06-21,home,649
24730,N,2024-09-20,health,$570
24731,S,2024-06-30,travel,580
24732,E,2024-04-30,auto,830
24733,E,2024-05-26,home,$733
24735,S,2024-06-16,travel,1041
24736,N,2024-03-21,health,790
24737,N,2024-11-04,health,584
24738,E,2024-03-13,auto,877
24739,W,2024-11-06,travel,USD 893
24740,S,2024-03-06,home,620
24741,E,2024-04-05,health,916
24742,W,2024-05-09,auto,1070
24743,W,2024-02-04,health,608
24744,E,2024-09-15,auto,970
24745,E,2024-08-11,auto,898
24746,W,2024-10-30,health,USD 910
24747,S,2024-03-31,health,595
24748,W,2024-09-03,travel,$589
24749,E,2024-11-14,travel,514
24750,E,2024-05-13,home,887
24751,E,2024-05-16,health,895
24752,E,2024-01-16,travel,584
24753,S,2024-08-25,home,701
24754,E,2024-04-12,auto,663
24755,N,2024-05-18,health,620
24756,W,2024-03-20,health,619
24757,N,2024-01-29,travel,509
24758,E,2024-04-29,auto,807
24759,W,2024-05-05,health,408
24760,E,2024-09-11,health,540
24761,S,2024-05-22,auto,595
24762,E,2024-01-13,health,347
24763,W,2024-02-15,health,866
24764,E,2024-09-15,home,551
24765,N,2024-08-27,auto,905
24766,N,2024-03-10,home,425
24767,E,2024-04-05,travel,$870
24768,W,2024-08-22,health,580
24769,S,2024-05-06,travel,$708
24770,E,2024-05-07,home,709
24771,W,2024-07-03,travel,653
24773,E,2024-11-10,travel,USD 1203
24774,W,2024-08-22,home,$751
24775,S,2024-09-27,auto,841
24776,S,2024-03-18,health,869
24777,N,2024-07-27,auto,628
24778,W,2024-03-28,health,991
24779,N,2024-04-11,health,463
24780,W,2024-01-06,health,550
24781,E,2024-05-10,home,568
24782,E,2024-02-25,health,617
24783,S,2024-01-31,home,629
24784,W,2024-06-27,auto,791
24785,E,2024-05-17,home,889
24786,E,2024-05-12,auto,594
24787,S,2024-06-08,home,481
24788,S,2024-09-23,home,815
24789,W,2024-01-18,travel,768
24790,W,2024-06-30,auto,746
24791,W,2024-11-02,health,485
24792,N,2024-05-12,health,655
24793,E,2024-02-26,health,556
24794,W,2024-10-20,home,884
24795,N,2024-03-03,auto,723
24796,N,2024-04-08,auto,955
24797,E,2024-08-13,travel,826
24798,W,2024-09-08,health,$507
24799,E,2024-08-22,auto,716
24800,N,2024-04-04,auto,636
24801,S,2024-09-07,travel,614
24802,W,2024-03-05,travel,691
24803,W,2024-08-06,travel,945
24804,S,2024-03-31,health,513
24805,S,2024-06-28,auto,430
24806,N,2024-09-12,home,458
24807,E,2024-09-07,home,792
24808,N,2024-03-28,home,783
24809,N,2024-04-27,auto,859
24810,E,2024-06-08,auto,737
24811,E,2024-05-27,health,615
24812,E,2024-02-10,health,660
24813,E,2024-01-07,health,684
24814,N,2024-08-04,travel,714
24815,W,2024-09-01,travel,714
24816,S,2024-02-20,health,1178
24817,W,2024-09-12,auto,730
24818,N,2024-01-26,travel,677
24819,E,2024-07-15,health,531
24820,W,2024-02-09,auto,$616
24821,N,2024-09-22,auto,627
24822,E,2024-11-24,auto,601
24823,W,2024-11-03,travel,705
24824,N,2024-03-21,health,629
24825,N,2024-03-25,auto,762
24826,N,2024-01-29,home,633
24827,E,2024-07-22,auto,USD 558
24828,N,2024-03-04,home,667
24829,S,2024-03-14,travel,613
24830,W,2024-06-18,home,589
24831,E,2024-06-04,health,574
24832,S,2024-01-29,auto,517
24833,N,2024-09-05,health,667
24834,W,2024-10-13,auto,713
24835,W,2024-03-30,health,442
24836,E,2024-06-16,home,896
24837,N,2024-10-08,auto,533
24838,N,2024-03-06,home,651
24839,N,2024-09-03,home,646
24840,E,2024-06-06,home,853
24841,W,2024-06-03,health,743
24842,N,2024-01-07,travel,513
24843,N,2024-07-09,home,805
24844,W,2024-06-07,travel,1068
24845,S,2024-06-18,health,764
24846,N,2024-04-03,health,525
24847,S,2024-05-11,home,757
24848,E,2024-05-29,health,USD 501
24850,N,2024-05-13,home,621
24851,W,2024-09-19,travel,626
24852,E,2024-09-15,health,544
24853,W,2024-04-04,home,676
24854,S,2024-03-22,health,666
24855,S,2024-04-11,health,698
24856,N,2024-04-12,auto,676
24857,E,2024-07-15,home,613
24858,N,2024-02-12,travel,671
24859,W,2024-05-23,auto,636
24860,N,2024-04-19,home,626
24861,S,2024-06-12,home,683
24862,N,2024-09-28,home,578
24863,E,2024-07-23,health,568
24864,N,2024-07-15,home,553
24865,E,2024-08-05,health,470
24866,N,2024-06-30,auto,1142
24867,N,2024-03-27,auto,521
24868,S,2024-04-08,home,525
24869,E,2024-08-23,auto,658
24870,E,2024-11-22,travel,740
24871,N,2024-08-25,auto,459
24872,E,2024-02-02,health,1190
24873,N,2024-03-19,auto,733
24874,W,2024-03-29,home,730
24875,S,2024-04-05,auto,705
24876,N,2024-02-03,health,764
24877,W,2024-09-10,health,749
24878,W,2024-11-19,auto,607
24879,S,2024-03-20,health,921
24880,E,2024-10-13,home,535
24881,S,2024-09-16,auto,477
24882,N,2024-08-10,travel,429
24883,W,2024-04-02,auto,759
24884,S,2024-04-17,auto,665
24885,E,2024-10-04,auto,564
24887,N,2024-06-26,home,739
24888,N,2024-01-26,health,655
24889,W,2024-03-10,health,455
24890,S,2024-06-11,auto,475
24891,N,2024-06-05,home,668
24892,N,2024-04-30,auto,855
24893,W,2024-03-31,auto,761
24894,E,2024-01-06,home,818
24895,S,2024-06-02,auto,461
24896,E,2024-06-03,auto,891
24897,W,2024-04-25,health,647
24898,N,2024-11-13,auto,582
24899,S,2024-03-30,auto,646
24900,S,2024-07-03,travel,438
24901,N,2024-02-20,travel,654
24902,E,2024-01-06,home,704
24903,N,2024-07-28,travel,593
24904,E,2024-10-28,home,885
24905,W,2024-06-29,auto,678
24906,S,2024-02-20,home,704
24907,S,2024-08-26,home,506
24908,N,2024-10-12,home,784
24909,W,2024-08-25,health,654
24910,S,2024-06-12,home,USD 555
24911,S,2024-06-24,auto,599
24912,N,2024-07-11,travel,482
24913,N,2024-04-07,travel,555
24914,E,2024-06-03,health,656
24915,N,2024-02-18,home,808
24916,N,2024-06-23,travel,700
24918,S,2024-01-02,home,520
24919,N,2024-08-20,auto,695
24920,N,2024-09-22,auto,$565
24921,N,2024-02-27,health,722
24922,S,2024-04-12,travel,825
24923,E,2024-10-22,home,900
24924,W,2024-03-09,travel,582
24925,S,2024-04-29,health,837
24926,E,2024-04-05,travel,626
24927,N,2024-07-19,health,741
24928,S,2024-03-25,home,696
24929,E,2024-11-16,health,444
24930,N,2024-06-30,auto,787
24931,E,2024-11-07,auto,715
24932,E,2024-02-19,home,776
24934,W,2024-05-12,health,678
24935,N,2024-03-06,auto,881
24936,E,2024-09-25,auto,571
24937,E,2024-05-30,health,471
24938,E,2024-10-13,health,1082
24939,E,2024-10-18,home,600
24940,E,2024-10-08,health,858
24941,W,2024-10-04,home,872
24942,W,2024-08-05,travel,689
24943,N,2024-08-19,travel,949
24945,N,2024-08-06,auto,424
24946,S,2024-03-06,travel,822
24947,S,2024-07-04,auto,788
24948,N,2024-09-13,health,791
24949,N,2024-07-15,health,835
24950,E,2024-06-20,health,669
24951,S,2024-06-09,travel,873
24952,N,2024-02-07,travel,430
24953,E,2024-05-22,health,408
24955,W,2024-09-28,travel,$482
24956,S,2024-10-30,health,795
24957,S,2024-03-19,auto,502
24958,N,2024-01-28,health,707
24959,E,2024-10-30,travel,676
24960,W,2024-06-19,home,539
24961,S,2024-05-20,home,634
24962,N,2024-01-05,home,957
24963,W,2024-07-06,auto,808
24964,W,2024-05-21,health,570
24965,N,2024-03-20,health,648
24966,W,2024-03-10,health,671
24967,W,2024-06-06,health,533
24968,W,2024-06-11,auto,841
24969,W,2024-06-19,travel,475
24970,S,2024-02-13,health,828
24971,E,2024-10-11,health,625
24972,S,2024-09-20,travel,868
24973,S,2024-07-10,auto,705
24974,N,2024-07-16,auto,527
24975,W,2024-04-13,auto,487
24976,W,2024-01-20,auto,521
24977,N,2024-05-15,travel,619
24978,E,2024-06-07,auto,$613
24979,N,2024-01-29,home,730
24980,W,2024-06-14,home,580
24981,N,2024-09-02,home,652
24982,W,2024-05-21,travel,935
24983,W,2024-03-11,health,718
24984,E,2024-09-10,auto,636
24985,E,2024-04-17,auto,586
24986,E,2024-09-22,health,577
24987,E,2024-06-02,auto,523
24988,S,2024-02-22,health,699
24989,W,2024-02-11,home,750
24990,S,2024-04-26,auto,481
24991,W,2024-06-12,travel,692
24992,N,2024-05-01,travel,762
24993,E,2024-11-25,auto,993
24994,S,2024-03-11,health,790
24995,S,2024-10-09,travel,802
24997,E,2024-09-09,health,747
24998,W,2024-05-26,travel,916
24999,W,2024-08-25,auto,503
25000,W,2024-02-21,health,609
25001,W,2024-03-02,auto,978
25002,S,2024-06-27,home,604
25003,N,2024-01-06,health,773
25004,E,2024-06-30,health,729
25005,W,2024-07-14,health,566
25006,W,2024-09-28,travel,992
25007,E,2024-02-16,home,347
25008,W,2024-01-03,health,437
25009,S,2024-01-21,travel,USD 431
25010,N,2024-01-25,travel,$614
25011,E,2024-03-12,home,573
25013,E,2024-03-26,home,627
25014,S,2024-02-26,auto,573
25015,N,2024-11-07,health,578
25016,W,2024-06-25,home,640
25017,E,2024-05-20,health,817
25018,W,2024-01-20,home,473
25019,W,2024-07-17,health,1053
25020,W,2024-11-25,health,533
25021,E,2024-05-06,home,721
25022,E,2024-09-10,auto,483
25023,E,2024-01-15,home,670
25024,E,2024-04-14,health,637
25025,E,2024-06-21,home,522
25026,E,2024-05-10,auto,619
25027,N,2024-08-25,travel,509
25028,E,2024-10-21,travel,630
25029,S,2024-09-29,auto,906
25030,N,2024-06-29,auto,753
25031,E,2024-01-07,auto,530
25032,N,2024-02-04,travel,1024
25033,W,2024-08-21,health,USD 589
25034,N,2024-08-25,travel,592
25035,S,2024-10-30,travel,791
25036,W,2024-05-11,auto,880
25037,E,2024-10-16,health,$760
25038,S,2024-07-05,home,633
25039,N,2024-02-28,travel,815
25040,W,2024-10-31,travel,646
25041,E,2024-11-14,home,830
25042,S,2024-01-11,auto,968
25043,E,2024-08-12,auto,891
25045,E,2024-03-18,auto,456
25046,S,2024-03-26,travel,571
25047,E,2024-07-17,travel,650
25048,S,2024-05-06,auto,501
25049,N,2024-02-04,travel,645
25050,W,2024-01-05,health,939
25052,E,2024-04-29,home,USD 543
25053,N,2024-06-28,travel,821
25054,S,2024-04-04,health,765
25055,E,2024-09-11,auto,583
25056,N,2024-07-17,travel,$766
25057,S,2024-04-23,auto,795
25058,W,2024-05-08,home,651
25059,W,2024-02-05,home,$759
25060,W,2024-04-17,travel,926
25061,E,2024-02-14,travel,792
25063,N,2024-01-20,home,USD 740
25064,W,2024-02-04,home,683
25065,S,2024-05-02,health,534
25066,S,2024-01-04,travel,635
25067,N,2024-09-01,travel,817
25068,W,2024-09-27,health,526
25069,E,2024-04-19,home,USD 571
25070,W,2024-09-21,health,USD 640
25071,N,2024-02-02,auto,1121
25072,E,2024-08-14,auto,775
25073,N,2024-02-11,home,738
25074,E,2024-11-17,travel,519
25075,S,2024-10-28,home,455
25076,N,2024-09-06,auto,442
25077,E,2024-07-09,home,818
25078,S,2024-09-13,travel,720
25079,E,2024-03-30,home,388
25080,N,2024-04-10,travel,844
25081,S,2024-05-10,health,577
25082,N,2024-07-19,auto,693
25083,N,2024-06-27,home,730
25084,W,2024-08-23,auto,813
25086,W,2024-04-04,auto,886
25087,W,2024-11-18,home,642
25088,S,2024-10-25,travel,782
25089,N,2024-11-18,travel,489
25090,W,2024-03-14,health,591
25091,E,2024-03-07,travel,833
25092,W,2024-05-20,home,804
25093,S,2024-11-20,travel,690
25094,S,2024-08-17,travel,747
25095,N,2024-09-27,home,$616
25096,W,2024-01-15,health,757
25097,N,2024-02-13,health,603
25098,S,2024-06-20,home,687
25099,N,2024-05-22,home,635
25100,N,2024-10-25,home,651
25101,N,2024-07-19,home,839
25102,E,2024-06-21,home,USD 596
25103,E,2024-05-03,auto,407
25104,W,2024-11-04,health,709
25105,W,2024-01-27,home,877
25106,E,2024-08-30,travel,578
25107,W,2024-06-24,health,567
25108,N,2024-05-06,auto,996
25109,S,2024-09-18,home,558
25110,N,2024-02-13,home,544
25111,W,2024-01-02,auto,537
25112,N,2024-03-04,travel,865
25113,N,2024-02-01,home,968
25114,W,2024-01-04,home,739
25115,N,2024-10-25,travel,552
25116,N,2024-08-30,travel,731
25117,W,2024-04-26,travel,613
25118,E,2024-11-11,home,877
25119,N,2024-02-02,travel,760
25120,S,2024-04-03,health,583
25121,E,2024-01-30,health,833
25122,N,2024-10-22,travel,638
25123,N,2024-02-10,auto,798
25124,N,2024-01-31,home,823
25125,W,2024-05-13,health,750
25126,S,2024-10-21,travel,USD 962
25127,N,2024-05-07,travel,469
25128,E,2024-06-20,home,877
25129,N,2024-01-23,home,476
25130,N,2024-01-06,auto,442
25131,W,2024-06-19,health,995
25132,N,2024-02-26,travel,378
25134,N,2024-07-18,travel,795
25135,W,2024-10-14,travel,785
25136,E,2024-01-14,travel,569
25137,S,2024-04-14,travel,744
25138,W,2024-08-02,travel,671
25139,S,2024-03-20,auto,681
25140,E,2024-04-16,home,739
25141,E,2024-03-30,health,434
25142,E,2024-01-03,home,504
25143,E,2024-09-05,health,625
25144,S,2024-01-09,health,735
25145,E,2024-01-15,health,734
25146,W,2024-04-29,auto,1029
25147,E,2024-10-08,travel,421
25148,W,2024-11-26,home,534
25149,S,2024-06-17,auto,523
25150,S,2024-03-12,home,765
25151,W,2024-04-15,home,$516
25152,N,2024-10-29,home,969
25153,N,2024-10-09,home,902
25154,E,2024-10-28,auto,737
25155,N,2024-03-27,home,625
25156,E,2024-03-30,home,982
25157,N,2024-07-16,health,636
25158,N,2024-07-19,auto,708
25159,E,2024-02-06,travel,966
25160,N,2024-05-11,home,665
25161,E,2024-07-13,auto,$550
25162,W,2024-04-08,auto,565
25163,E,2024-07-27,auto,804
25164,W,2024-05-29,auto,579
25165,E,2024-01-01,home,845
25166,N,2024-09-23,auto,501
25168,W,2024-05-18,travel,603
25169,E,2024-04-24,health,730
25170,N,2024-09-15,travel,$713
25171,S,2024-05-02,travel,718
25172,N,2024-02-07,health,754
25173,S,2024-05-29,home,598
25174,N,2024-08-18,auto,510
25175,N,2024-09-07,auto,443
25176,E,2024-02-27,home,822
25177,N,2024-06-07,home,564
25178,W,2024-10-12,home,685
25179,S,2024-02-17,home,797
25180,E,2024-01-24,health,USD 610
25181,W,2024-10-31,travel,541
25182,S,2024-05-15,auto,629
25183,N,2024-11-04,home,$771
25184,S,2024-02-03,auto,862
25185,E,2024-07-12,auto,1114
25186,E,2024-04-08,health,770
25187,N,2024-10-11,health,590
25188,S,2024-05-09,home,425
25189,E,2024-07-26,auto,681
25190,S,2024-04-16,travel,532
25191,W,2024-11-19,travel,843
25192,S,2024-10-22,health,530
25193,E,2024-06-24,health,638
25194,N,2024-10-20,home,$539
25195,E,2024-03-03,travel,690
25197,N,2024-06-27,auto,518
25198,N,2024-10-16,home,451
25199,E,2024-07-22,home,455
25200,S,2024-01-28,home,830
25201,S,2024-11-18,health,683
25202,E,2024-10-18,auto,601
25203,W,2024-07-11,health,943
25204,E,2024-10-11,travel,617
25205,E,2024-10-24,health,785
25206,N,2024-04-16,auto,708
25207,S,2024-04-13,auto,515
25208,W,2024-06-29,home,708
25209,W,2024-11-05,auto,1067
25210,E,2024-02-29,health,455
25211,E,2024-02-20,travel,558
25212,S,2024-01-19,auto,582
25213,N,2024-05-26,travel,714
25214,N,2024-01-02,home,724
25215,S,2024-03-05,auto,789
25216,W,2024-08-08,home,983
25217,E,2024-06-15,home,$483
25218,E,2024-04-08,auto,697
25219,W,2024-11-26,home,569
25220,S,2024-07-17,travel,523
25221,E,2024-04-04,travel,1061
25222,E,2024-10-12,home,647
25223,E,2024-02-04,health,701
25224,N,2024-01-31,travel,886
25225,W,2024-06-03,auto,755
25226,N,2024-08-13,auto,732
25227,S,2024-09-21,auto,487
25228,W,2024-10-01,health,479
25229,E,2024-11-19,home,410
25230,E,2024-06-27,home,578
25231,E,2024-10-17,travel,765
25232,N,2024-08-12,health,USD 691
25233,N,2024-03-10,health,618
25235,E,2024-02-29,health,$627
25236,E,2024-09-10,home,853
25237,N,2024-01-28,auto,925
25238,W,2024-02-15,home,851
25239,W,2024-07-26,travel,371
25240,W,2024-05-16,travel,432
25241,N,2024-03-23,auto,669
25242,N,2024-10-18,travel,431
25243,E,2024-05-16,travel,484
25244,E,2024-01-07,travel,760
25245,S,2024-11-07,travel,609
25246,N,2024-05-18,home,492
25247,W,2024-09-19,auto,629
25248,E,2024-09-12,travel,570
25249,E,2024-06-29,health,896
25250,N,2024-03-08,health,472
25251,W,2024-03-24,auto,979
25252,N,2024-11-09,health,659
25253,N,2024-05-29,home,848
25254,N,2024-09-21,home,619
25255,N,2024-08-08,travel,582
25256,W,2024-11-12,auto,580
25257,E,2024-03-09,travel,618
25258,E,2024-09-23,auto,821
25259,N,2024-01-01,travel,701
25260,S,2024-09-07,health,735
25261,S,2024-01-31,travel,957
25262,N,2024-04-05,health,949
25263,W,2024-08-19,health,1022
25264,E,2024-07-17,travel,613
25265,S,2024-01-28,auto,744
25266,S,2024-04-19,health,550
25267,W,2024-05-25,travel,641
25268,E,2024-09-28,home,$836
25269,W,2024-02-19,health,819
25270,S,2024-10-22,travel,812
25271,S,2024-06-19,health,770
25272,S,2024-05-20,health,605
25273,E,2024-07-26,auto,615
25274,W,2024-09-15,health,710
25275,N,2024-05-18,auto,511
25276,W,2024-06-23,home,$797
25277,E,2024-06-08,home,599
25278,E,2024-03-30,health,629
25279,S,2024-01-10,home,639
25280,N,2024-10-24,travel,705
25281,N,2024-03-05,travel,570
25282,E,2024-10-17,auto,"$1,127"
25283,W,2024-04-27,home,503
25284,W,2024-07-07,travel,781
25285,E,2024-05-22,travel,908
25286,S,2024-06-27,auto,716
25287,W,2024-03-13,health,663
25288,W,2024-10-18,travel,439
25289,W,2024-08-13,home,608
25290,N,2024-06-18,auto,750
25291,S,2024-04-02,home,848
25292,E,2024-06-17,home,902
25293,N,2024-03-30,travel,510
25294,E,2024-05-10,home,587
25295,W,2024-01-08,travel,656
25296,N,2024-06-02,auto,643
25297,W,2024-04-23,travel,773
25298,W,2024-02-02,travel,557
25299,S,2024-09-09,home,687
25300,N,2024-07-06,auto,521
25301,W,2024-02-29,health,795
25302,W,2024-09-23,travel,675
25303,E,2024-02-06,home,616
25304,W,2024-04-26,travel,543
25305,E,2024-01-08,health,397
25306,S,2024-07-09,health,551
25307,N,2024-06-19,auto,619
25308,E,2024-04-11,home,778
25309,S,2024-01-29,home,671
25310,N,2024-04-15,health,518
25311,W,2024-02-06,auto,627
25312,W,2024-05-24,home,506
25313,S,2024-03-11,auto,551
25314,N,2024-02-19,travel,778
25315,N,2024-05-27,auto,425
25316,W,2024-04-02,auto,902
25317,E,2024-02-07,auto,685
25319,N,2024-07-09,health,1165
25321,S,2024-01-23,home,USD 665
25322,E,2024-07-30,travel,579
25323,W,2024-06-18,home,USD 570
25324,E,2024-11-19,travel,853
25325,N,2024-04-15,auto,512
25326,N,2024-05-19,auto,573
25327,S,2024-03-11,health,524
25328,N,2024-10-27,health,797
25329,W,2024-01-16,travel,931
25330,E,2024-05-11,home,469
25331,S,2024-07-17,health,758
25332,W,2024-04-23,home,848
25333,E,2024-07-28,home,885
25335,E,2024-06-18,auto,654
25336,N,2024-02-19,home,458
25337,W,2024-02-03,auto,452
25338,N,2024-01-11,travel,599
25339,N,2024-07-20,travel,726
25340,E,2024-06-19,home,$904
25341,E,2024-09-08,health,$423
25342,E,2024-04-15,home,620
25343,E,2024-01-29,auto,709
25344,S,2024-02-11,travel,609
25345,S,2024-03-24,travel,626
25346,W,2024-10-27,health,799
25347,N,2024-05-01,health,668
25348,N,2024-03-20,home,518
25349,E,2024-04-08,home,612
25350,S,2024-07-19,auto,813
25351,W,2024-05-06,travel,848
25352,E,2024-02-04,travel,953
25353,E,2024-06-13,home,989
25354,W,2024-10-31,auto,760
25355,S,2024-03-17,health,678
25356,W,2024-11-02,travel,634
25357,S,2024-04-11,auto,632
25359,E,2024-01-22,home,499
25360,W,2024-09-02,health,630
25361,N,2024-06-25,home,829
25362,N,2024-10-18,health,502
25363,W,2024-06-13,home,713
25364,S,2024-11-23,auto,757
25365,E,2024-07-12,travel,900
25366,E,2024-09-30,health,646
25367,N,2024-08-27,auto,878
25368,E,2024-03-18,health,927
25369,W,2024-06-14,home,688
25370,N,2024-10-16,auto,908
25371,E,2024-09-12,auto,474
25372,N,2024-04-09,home,791
25373,E,2024-08-30,travel,586
25374,W,2024-09-18,health,USD 772
25375,W,2024-08-23,travel,892
25376,S,2024-02-27,auto,623
25377,S,2024-11-22,health,788
25378,E,2024-10-24,auto,946
25379,E,2024-01-04,auto,580
25380,E,2024-10-19,health,582
25381,N,2024-11-25,auto,943
25382,N,2024-02-21,home,400
25383,E,2024-02-17,auto,549
25384,E,2024-10-31,travel,368
25385,S,2024-05-13,home,920
25386,W,2024-09-14,home,968
25387,S,2024-05-13,travel,738
25388,W,2024-03-28,home,683
25389,W,2024-11-23,health,1185
25390,W,2024-05-23,health,430
25391,S,2024-09-24,health,602
25393,W,2024-11-26,auto,629
25394,W,2024-09-06,health,680
25395,N,2024-11-18,health,773
25396,W,2024-08-06,auto,735
25397,E,2024-07-16,auto,758
25398,N,2024-05-12,auto,811
25399,S,2024-10-11,health,582
25400,N,2024-06-11,auto,859
25401,N,2024-04-28,travel,513
25402,E,2024-08-10,auto,434
25403,W,2024-03-24,auto,486
25404,E,2024-11-09,auto,624
25405,S,2024-03-18,travel,804
25407,N,2024-02-09,home,1045
25408,W,2024-09-28,auto,$677
25409,W,2024-03-25,health,528
25410,W,2024-09-27,home,814
25411,W,2024-04-18,travel,836
25412,N,2024-04-16,auto,783
25413,E,2024-02-28,travel,821
25414,W,2024-01-17,health,693
25415,N,2024-07-21,home,594
25416,W,2024-07-18,home,$912
25417,W,2024-03-10,health,412
25418,N,2024-03-24,auto,742
25419,W,2024-02-20,health,USD 791
25420,E,2024-09-13,home,594
25421,E,2024-01-06,travel,657
25422,N,2024-03-26,home,778
25423,W,2024-07-16,home,497
25424,S,2024-10-26,health,528
25425,E,2024-05-31,travel,644
25426,S,2024-05-04,auto,493
25427,S,2024-05-09,auto,706
25428,N,2024-03-26,travel,957
25429,W,2024-04-07,travel,397
25430,N,2024-10-10,travel,669
25431,E,2024-01-24,auto,597
25432,N,2024-11-03,home,688
25433,W,2024-08-04,travel,$503
25434,E,2024-05-19,home,656
25435,W,2024-04-21,travel,722
25436,S,2024-09-17,auto,USD 835
25437,N,2024-01-05,health,759
25438,S,2024-01-17,travel,676
25439,W,2024-10-16,health,505
25440,S,2024-04-10,home,528
25441,E,2024-06-21,health,656
25442,W,2024-07-28,health,1006
25443,S,2024-04-09,home,473
25444,N,2024-05-20,auto,646
25445,W,2024-10-24,auto,826
25446,S,2024-05-23,home,423
25447,N,2024-05-17,travel,530
25448,N,2024-10-12,home,$689
25449,S,2024-05-17,home,531
25450,S,2024-05-16,health,451
25451,N,2024-01-01,health,741
25452,E,2024-04-23,home,694
25453,W,2024-10-11,health,803
25454,S,2024-06-30,home,795
25455,N,2024-05-11,health,603
25456,W,2024-02-25,health,740
25457,S,2024-04-24,travel,827
25458,W,2024-09-07,home,584
25459,N,2024-10-16,home,699
25460,E,2024-04-17,home,564
25461,N,2024-11-19,home,570
25462,W,2024-07-11,auto,987
25463,W,2024-11-16,home,924
25464,S,2024-10-01,home,792
25465,N,2024-10-02,health,668
25466,E,2024-07-07,health,834
25467,W,2024-01-02,auto,833
25468,W,2024-04-10,travel,677
25469,N,2024-08-08,auto,662
25470,S,2024-02-23,home,684
25471,W,2024-10-31,health,721
25472,E,2024-07-11,health,610
25473,S,2024-02-07,auto,602
25474,W,2024-10-22,auto,760
25475,N,2024-02-15,health,838
25476,N,2024-07-27,health,$856
25477,S,2024-09-06,travel,USD 602
25478,W,2024-06-11,travel,1253
25479,W,2024-02-14,auto,914
25480,S,2024-01-28,auto,584
25481,W,2024-10-11,travel,475
25483,S,2024-07-09,home,863
25484,W,2024-03-31,auto,620
25485,W,2024-08-06,health,598
25486,E,2024-01-01,auto,857
25487,W,2024-08-29,auto,548
25488,W,2024-06-27,auto,USD 571
25489,W,2024-01-27,auto,780
25490,S,2024-05-30,home,728
25491,N,2024-06-17,health,420
25492,E,2024-11-17,travel,570
25493,W,2024-05-01,home,528
25494,W,2024-09-14,auto,532
25495,E,2024-05-06,home,556
25496,E,2024-10-05,auto,563
25497,S,2024-06-03,health,736
25498,S,2024-03-14,home,638
25499,S,2024-06-23,health,430
25500,S,2024-10-17,health,659
25501,S,2024-08-21,home,634
25502,N,2024-03-27,auto,585
25503,S,2024-03-17,home,USD 839
25504,S,2024-10-03,health,489
25505,E,2024-05-03,health,684
25506,S,2024-01-31,auto,USD 738
25507,W,2024-03-27,auto,572
25508,S,2024-06-02,auto,790
25509,S,2024-03-14,auto,478
25510,S,2024-10-14,home,808
25511,W,2024-06-23,travel,735
25512,N,2024-05-09,travel,625
25513,W,2024-08-09,health,567
25514,S,2024-06-27,home,609
25515,S,2024-01-26,travel,$792
25516,W,2024-10-01,home,455
25517,W,2024-11-13,auto,948
25518,E,2024-11-09,auto,694
25520,N,2024-03-10,travel,$621
25521,W,2024-03-31,home,595
25522,E,2024-02-11,home,1106
25523,W,2024-02-10,travel,476
25524,W,2024-11-18,auto,792
25525,S,2024-05-13,health,627
25526,W,2024-04-23,home,666
25527,E,2024-08-21,home,1077
25528,W,2024-08-23,travel,688
25530,W,2024-01-03,auto,659
25531,W,2024-02-12,health,433
25532,E,2024-02-22,travel,642
25533,W,2024-06-15,auto,877
25534,W,2024-08-09,health,614
25535,W,2024-06-26,health,787
25536,S,2024-02-28,auto,663
25537,E,2024-03-29,health,841
25538,N,2024-01-07,travel,670
25540,N,2024-09-16,travel,511
25541,S,2024-05-25,auto,474
25542,E,2024-10-21,home,467
25543,E,2024-02-02,auto,611
25544,N,2024-02-12,health,643
25545,E,2024-01-07,home,620
25546,S,2024-03-23,health,547
25547,N,2024-09-06,health,552
25548,N,2024-06-15,travel,568
25550,N,2024-03-11,auto,560
25551,E,2024-05-09,home,614
25552,W,2024-04-22,health,730
25553,N,2024-07-17,travel,USD 647
25554,W,2024-01-12,travel,563
25555,E,2024-04-28,home,771
25556,W,2024-03-11,health,834
25557,S,2024-09-21,health,645
25558,N,2024-05-24,home,$561
25559,E,2024-08-11,travel,704
25560,W,2024-09-14,home,572
25561,W,2024-10-19,home,725
25562,W,2024-04-18,home,667
25563,W,2024-10-16,health,$731
25564,N,2024-03-22,travel,757
25565,W,2024-11-22,travel,860
25566,S,2024-07-24,home,677
25567,N,2024-08-31,travel,644
25568,W,2024-08-23,health,803
25569,N,2024-06-29,travel,616
25570,E,2024-08-30,travel,537
25571,N,2024-09-05,home,561
25572,W,2024-07-18,travel,480
25573,S,2024-05-12,health,751
25574,S,2024-01-11,home,591
25575,S,2024-10-16,health,$810
25576,E,2024-03-04,travel,486
25577,W,2024-02-10,travel,627
25578,W,2024-09-08,health,747
25579,W,2024-08-19,home,"$1,012"
25580,N,2024-01-23,home,606
25582,W,2024-07-14,travel,726
25583,E,2024-11-12,auto,$651
25584,N,2024-08-29,health,USD 615
25585,W,2024-08-03,auto,868
25587,E,2024-11-10,home,749
25588,E,2024-01-16,home,561
25589,S,2024-05-12,auto,830
25590,S,2024-01-07,home,$632
25591,N,2024-09-30,travel,518
25592,S,2024-10-03,auto,1004
25593,E,2024-01-18,travel,707
25594,W,2024-05-05,auto,644
25595,N,2024-07-24,travel,645
25596,N,2024-01-02,home,634
25597,S,2024-05-20,travel,632
25598,S,2024-01-06,auto,738
25599,E,2024-01-19,travel,1125
25600,E,2024-02-17,home,385
25601,W,2024-08-24,home,741
25602,S,2024-10-16,auto,$387
25603,E,2024-11-02,travel,599
25604,W,2024-09-17,home,622
25605,W,2024-02-23,auto,696
25606,E,2024-03-19,health,439
25607,S,2024-02-13,health,738
25608,S,2024-11-16,auto,561
25609,N,2024-10-22,health,969
25610,W,2024-10-31,health,575
25611,E,2024-04-12,travel,781
25612,S,2024-10-07,auto,786
25613,S,2024-06-27,home,619
25615,E,2024-09-25,home,755
25616,W,2024-03-08,home,806
25617,W,2024-03-17,health,794
25618,E,2024-04-19,home,515
25619,S,2024-11-22,travel,666
25620,S,2024-02-18,travel,USD 871
25621,E,2024-04-14,travel,758
25622,S,2024-05-04,auto,735
25623,S,2024-08-21,home,840
25624,E,2024-07-09,home,626
25625,N,2024-08-30,health,849
25626,E,2024-09-12,home,749
25627,S,2024-03-15,travel,461
25628,N,2024-10-08,health,477
25630,N,2024-09-16,travel,597
25631,W,2024-06-02,travel,886
25632,E,2024-08-15,home,778
25633,E,2024-11-11,home,704
25634,W,2024-10-15,home,361
25635,W,2024-08-19,auto,498
25636,E,2024-11-02,health,435
25637,N,2024-11-07,travel,460
25638,W,2024-09-07,health,708
25639,E,2024-09-15,travel,902
25640,N,2024-08-10,travel,865
25641,N,2024-03-20,health,565
25642,E,2024-05-20,travel,939
25643,E,2024-04-18,auto,567
25644,S,2024-04-07,health,419
25645,E,2024-02-02,home,764
25646,N,2024-02-14,home,463
25647,S,2024-08-26,home,868
25649,E,2024-06-05,home,766
25651,N,2024-03-06,travel,554
25652,W,2024-07-13,health,574
25653,S,2024-08-16,auto,578
25654,E,2024-04-18,home,629
25655,N,2024-04-17,auto,458
25656,W,2024-06-14,auto,618
25657,E,2024-02-04,auto,USD 779
25658,W,2024-05-11,home,843
25659,S,2024-04-02,home,1084
25660,S,2024-05-28,travel,509
25661,E,2024-02-19,health,726
25662,S,2024-06-01,auto,477
25663,W,2024-02-23,auto,$647
25664,E,2024-02-23,auto,662
25665,W,2024-06-06,health,819
25666,S,2024-09-15,home,1062
25667,E,2024-08-23,home,634
25668,E,2024-09-08,health,582
25669,E,2024-04-19,home,567
25670,E,2024-09-22,auto,722
25671,S,2024-04-22,travel,664
25672,E,2024-10-22,health,578
25673,S,2024-06-23,auto,949
25674,E,2024-01-20,health,703
25675,W,2024-11-26,home,961
25676,W,2024-09-25,home,996
25677,W,2024-06-10,home,755
25678,N,2024-05-25,auto,830
25679,E,2024-08-13,home,853
25680,N,2024-04-23,health,605
25681,N,2024-06-15,auto,798
25682,W,2024-04-14,travel,683
25683,S,2024-06-01,home,737
25684,W,2024-10-22,home,695
25685,N,2024-11-03,home,679
25686,E,2024-07-27,health,540
25687,W,2024-06-10,travel,478
25688,S,2024-05-26,health,534
25689,N,2024-03-10,auto,$677
25690,W,2024-10-25,home,606
25691,S,2024-11-24,travel,$640
25692,E,2024-10-18,travel,868
25693,W,2024-04-04,travel,661
25694,N,2024-07-31,auto,793
25695,S,2024-04-16,travel,557
25696,S,2024-09-05,auto,502
25697,E,2024-04-19,auto,850
25698,W,2024-01-01,health,877
25699,N,2024-01-25,health,436
25700,W,2024-01-03,travel,679
25701,N,2024-09-29,home,674
25702,W,2024-05-28,auto,933
25703,E,2024-07-19,home,607
25704,N,2024-03-30,home,368
25705,W,2024-08-12,health,1037
25706,W,2024-11-02,travel,538
25707,S,2024-01-29,home,617
25708,N,2024-11-08,auto,900
25709,S,2024-03-17,travel,718
25710,S,2024-06-09,travel,426
25711,S,2024-05-20,home,633
25712,S,2024-10-27,health,556
25713,S,2024-03-04,auto,701
25714,S,2024-03-14,travel,630
25715,N,2024-05-17,home,850
25716,N,2024-09-06,auto,753
25717,W,2024-02-22,home,1074
25718,W,2024-09-19,travel,629
25720,W,2024-06-25,travel,957
25721,N,2024-02-17,home,627
25723,N,2024-01-23,auto,475
25724,S,2024-03-19,health,541
25725,E,2024-06-15,home,830
25726,E,2024-10-25,auto,540
25727,W,2024-05-11,home,585
25728,N,2024-04-04,auto,779
25729,N,2024-10-31,travel,USD 653
25730,S,2024-09-11,home,616
25731,W,2024-10-05,health,$697
25732,W,2024-01-10,health,742
25733,S,2024-10-12,travel,509
25734,W,2024-11-12,health,983
25735,N,2024-03-08,auto,465
25736,E,2024-06-02,home,803
25737,E,2024-01-05,auto,495
25738,S,2024-09-02,travel,556
25739,S,2024-05-11,health,$587
25740,E,2024-04-27,travel,733
25741,E,2024-06-28,health,668
25742,E,2024-06-15,travel,824
25743,W,2024-04-12,home,801
25744,N,2024-07-02,auto,820
25745,N,2024-10-23,auto,741
25746,N,2024-02-25,travel,563
25747,W,2024-01-19,health,638
25748,S,2024-04-22,home,724
25749,N,2024-08-10,auto,921
25750,W,2024-11-15,auto,610
25751,N,2024-04-07,travel,489
25752,S,2024-05-13,health,746
25753,N,2024-08-29,health,935
25754,S,2024-01-12,health,688
25755,E,2024-07-09,home,575
25756,E,2024-10-01,auto,866
25757,N,2024-09-24,health,824
25758,S,2024-10-26,home,517
25759,S,2024-04-11,health,953
25760,N,2024-04-24,auto,563
25761,E,2024-02-23,auto,852
25762,S,2024-06-06,auto,803
25763,W,2024-07-05,auto,641
25764,N,2024-04-25,auto,959
25765,S,2024-09-12,auto,758
25767,W,2024-07-29,travel,714
25768,S,2024-10-08,auto,648
25769,S,2024-10-16,auto,787
25770,W,2024-02-04,travel,884
25771,E,2024-08-26,auto,711
25772,W,2024-05-25,home,USD 545
25773,W,2024-02-16,health,442
25774,S,2024-01-04,auto,567
25775,S,2024-06-18,travel,737
25776,W,2024-10-20,health,833
25777,W,2024-03-19,travel,544
25778,N,2024-02-29,travel,604
25779,E,2024-01-12,travel,947
25780,W,2024-07-20,health,467
25781,E,2024-06-17,travel,672
25782,N,2024-01-17,home,$632
25783,S,2024-08-20,travel,1324
25784,N,2024-11-17,health,721
25785,E,2024-11-10,auto,USD 629
25786,E,2024-02-06,auto,555
25787,N,2024-10-30,health,580
25788,E,2024-06-11,auto,839
25789,E,2024-05-10,home,597
25790,W,2024-08-29,auto,507
25791,W,2024-07-04,home,426
25792,E,2024-07-31,auto,557
25793,S,2024-05-31,auto,USD 686
25794,W,2024-07-07,home,841
25795,W,2024-04-09,travel,USD 703
25796,N,2024-08-15,travel,441
25797,W,2024-09-19,auto,553
25798,E,2024-04-12,travel,498
25799,W,2024-05-29,auto,703
25800,E,2024-03-11,travel,625
25801,W,2024-10-22,auto,647
25802,N,2024-11-09,health,367
25803,S,2024-02-25,auto,916
25804,W,2024-02-17,auto,777
25805,S,2024-01-21,home,740
25806,N,2024-09-28,travel,566
25807,S,2024-05-19,auto,$730
25808,E,2024-08-26,home,995
25809,N,2024-05-28,health,600
25810,W,2024-07-14,home,449
25811,S,2024-01-09,home,595
25812,E,2024-06-21,travel,$745
25813,W,2024-01-07,home,USD 894
25814,W,2024-03-21,travel,802
25815,E,2024-07-19,health,601
25816,E,2024-05-27,travel,445
25818,E,2024-02-01,auto,920
25819,S,2024-07-26,health,658
25820,E,2024-02-25,health,USD 927
25821,E,2024-03-22,home,1180
25822,W,2024-05-22,travel,529
25823,S,2024-03-19,travel,610
25824,W,2024-08-04,travel,USD 687
25825,W,2024-08-20,travel,$914
25826,S,2024-01-04,home,773
25827,W,2024-06-08,health,675
25828,W,2024-01-03,home,USD 754
25829,E,2024-03-28,home,770
25830,W,2024-06-28,travel,676
25832,W,2024-11-14,home,$568
25833,E,2024-04-06,health,840
25834,S,2024-02-17,health,885
25836,E,2024-06-23,health,802
25837,W,2024-11-02,travel,506
25838,S,2024-03-08,travel,699
25839,S,2024-07-26,health,460
25840,W,2024-05-05,home,744
25841,N,2024-10-30,health,788
25843,E,2024-02-29,auto,686
25844,W,2024-09-02,travel,357
25845,S,2024-08-14,health,871
25846,W,2024-01-10,home,705
25847,S,2024-08-21,home,630
25848,N,2024-08-18,travel,757
25849,N,2024-04-16,travel,779
25851,S,2024-05-20,health,801
25852,S,2024-06-05,auto,802
25853,S,2024-09-25,health,678
25854,E,2024-11-09,home,577
25855,E,2024-09-26,health,585
25856,N,2024-05-23,health,474
25857,W,2024-04-14,auto,USD 526
25858,W,2024-06-06,auto,717
25859,S,2024-04-27,travel,748
25860,N,2024-10-06,home,455
25861,S,2024-04-20,travel,798
25862,E,2024-10-06,auto,1047
25863,W,2024-03-13,travel,665
25864,E,2024-05-02,travel,393
25865,E,2024-07-17,health,598
25866,W,2024-11-18,home,$820
25867,W,2024-09-08,home,435
25868,E,2024-11-04,travel,618
25869,E,2024-08-30,travel,694
25870,S,2024-04-09,home,619
25871,S,2024-04-29,travel,395
25872,E,2024-11-19,health,856
25873,W,2024-05-01,health,944
25874,S,2024-09-13,home,649
25875,N,2024-02-24,home,605
25876,N,2024-07-06,auto,810
25877,N,2024-11-20,travel,426
25878,W,2024-09-12,home,1088
25879,N,2024-02-27,travel,603
25880,W,2024-10-10,travel,726
25881,E,2024-01-24,health,748
25882,W,2024-05-01,health,586
25883,S,2024-10-05,health,659
25884,W,2024-02-14,health,539
25885,N,2024-04-04,home,507
25886,N,2024-11-06,auto,440
25887,S,2024-11-04,travel,597
25888,W,2024-04-30,auto,437
25889,N,2024-02-28,travel,506
25890,E,2024-11-04,auto,606
25891,E,2024-02-14,travel,417
25892,E,2024-02-03,home,502
25893,N,2024-11-13,home,652
25894,S,2024-05-26,health,668
25895,S,2024-06-22,travel,$768
25896,W,2024-10-03,auto,543
25897,N,2024-11-01,home,728
25898,S,2024-04-04,travel,478
25899,W,2024-03-30,travel,650
25900,N,2024-08-30,health,692
25901,W,2024-06-25,travel,947
25902,S,2024-10-11,travel,581
25904,W,2024-06-09,home,898
25905,E,2024-10-28,home,552
25906,E,2024-06-14,travel,609
25907,N,2024-07-26,auto,850
25909,W,2024-03-09,health,807
25910,E,2024-11-15,auto,716
25911,S,2024-05-13,travel,553
25912,S,2024-01-21,auto,746
25913,E,2024-09-13,health,528
25914,N,2024-05-22,health,479
25915,E,2024-03-22,health,608
25916,E,2024-08-02,health,955
25917,E,2024-08-12,health,660
25918,E,2024-11-25,home,1042
25919,S,2024-05-17,home,430
25920,N,2024-01-10,auto,631
25921,S,2024-10-14,auto,USD 590
25922,W,2024-06-06,auto,863
25923,E,2024-09-08,auto,618
25924,S,2024-08-13,travel,915
25925,E,2024-02-11,home,614
25926,N,2024-09-26,health,651
25927,W,2024-03-31,health,571
25928,W,2024-04-27,home,381
25929,W,2024-01-25,home,392
25930,E,2024-04-06,health,520
25931,N,2024-03-29,travel,584
25932,W,2024-11-17,travel,USD 724
25933,S,2024-03-26,travel,360
25934,N,2024-09-25,auto,558
25935,W,2024-11-05,home,USD 624
25936,E,2024-02-10,health,485
25937,S,2024-06-07,health,491
25938,E,2024-10-29,travel,658
25939,E,2024-02-29,home,824
25940,W,2024-08-21,auto,798
25941,E,2024-03-22,travel,604
25942,E,2024-04-24,health,919
25943,W,2024-07-22,auto,631
25944,N,2024-09-27,home,361
25945,N,2024-09-12,auto,$540
25946,E,2024-01-19,auto,648
25948,E,2024-09-08,travel,804
25949,W,2024-11-15,travel,370
25950,E,2024-03-06,home,431
25951,N,2024-01-01,health,753
25952,E,2024-01-11,auto,516
25953,N,2024-05-27,auto,602
25954,S,2024-02-11,health,663
25955,W,2024-08-15,home,684
25956,N,2024-04-24,home,600
25957,E,2024-06-26,home,577
25958,N,2024-05-10,home,695
25959,S,2024-01-10,home,905
25960,N,2024-07-19,travel,634
25961,W,2024-03-25,home,785
25962,N,2024-09-11,health,635
25963,W,2024-02-19,home,653
25964,E,2024-11-04,health,601
25965,N,2024-04-18,home,651
25966,W,2024-03-12,travel,856
25969,N,2024-03-03,auto,619
25970,N,2024-10-23,health,762
25971,E,2024-09-04,auto,778
25972,E,2024-03-17,home,655
25973,E,2024-11-16,health,502
25974,W,2024-03-02,health,880
25975,N,2024-11-23,health,712
25976,S,2024-05-28,auto,586
25977,N,2024-06-14,auto,507
25978,E,2024-08-05,travel,689
25979,N,2024-06-28,auto,807
25980,E,2024-03-11,travel,632
25981,S,2024-04-17,travel,827
25982,S,2024-01-30,auto,557
25983,N,2024-01-15,travel,506
25984,E,2024-08-02,auto,967
25985,E,2024-08-14,auto,745
25986,W,2024-05-31,auto,628
25987,W,2024-10-04,auto,762
25988,N,2024-01-31,home,654
25989,W,2024-06-21,home,556
25990,N,2024-11-10,health,528
25991,N,2024-11-18,health,641
25992,E,2024-01-24,health,889
25993,E,2024-06-09,travel,1014
25994,W,2024-11-10,auto,774
25995,S,2024-03-07,auto,1019
25996,W,2024-04-19,travel,880
25997,W,2024-11-03,auto,714
25998,W,2024-01-16,health,552
25999,S,2024-11-16,home,554
26000,W,2024-02-23,travel,708
26001,W,2024-09-22,auto,823
26002,N,2024-03-06,travel,$836
26003,S,2024-02-29,auto,823
26004,E,2024-03-09,health,572
26005,N,2024-10-08,health,695
26006,W,2024-09-15,travel,714
26007,S,2024-04-29,auto,557
26008,N,2024-09-20,health,637
26009,N,2024-09-30,home,627
26010,W,2024-11-24,health,664
26011,E,2024-06-10,health,524
26012,N,2024-06-21,auto,671
26013,N,2024-04-06,travel,$615
26014,S,2024-06-15,auto,558
26015,N,2024-05-25,auto,563
26016,W,2024-07-21,home,669
26017,W,2024-11-12,health,438
26018,W,2024-07-21,auto,$511
26019,N,2024-03-22,home,557
26020,E,2024-11-08,home,412
26021,W,2024-08-07,auto,726
26022,S,2024-03-28,health,598
26023,W,2024-01-25,travel,USD 882
26024,E,2024-01-11,health,496
26025,E,2024-05-14,health,536
26026,E,2024-01-16,travel,691
26027,N,2024-03-17,travel,770
26028,W,2024-01-12,health,726
26029,W,2024-04-11,auto,805
26030,N,2024-03-02,home,879
26031,N,2024-02-23,health,613
26032,S,2024-09-02,home,782
26033,E,2024-01-28,auto,463
26034,E,2024-01-06,auto,637
26035,S,2024-04-29,travel,529
26036,E,2024-10-05,health,519
26037,W,2024-01-22,home,559
26038,E,2024-09-07,travel,481
26039,W,2024-04-04,travel,957
26040,E,2024-06-22,health,560
26041,S,2024-01-09,home,898
26042,E,2024-06-09,health,674
26043,N,2024-06-27,travel,449
26044,E,2024-10-15,auto,693
26045,N,2024-07-25,health,669
26046,N,2024-02-13,auto,683
26047,E,2024-11-10,home,718
26048,N,2024-03-16,health,595
26049,E,2024-04-27,auto,636
26050,W,2024-11-13,auto,700
26051,N,2024-02-27,travel,685
26052,E,2024-03-29,home,1145
26053,W,2024-06-27,auto,695
26054,W,2024-07-03,health,733
26055,W,2024-08-19,travel,807
26056,N,2024-01-01,home,701
26057,S,2024-04-18,health,840
26058,E,2024-10-08,auto,573
26059,E,2024-10-04,health,790
26060,W,2024-09-07,travel,764
26061,N,2024-08-17,auto,$788
26062,E,2024-01-27,travel,584
26063,W,2024-08-28,home,694
26064,W,2024-03-05,health,544
26065,S,2024-05-27,auto,431
26066,W,2024-09-28,home,$659
26067,N,2024-04-23,home,429
26068,S,2024-04-12,home,741
26069,W,2024-03-12,auto,823
26070,W,2024-11-19,travel,504
26071,S,2024-06-06,home,777
26072,W,2024-05-16,health,550
26073,N,2024-06-02,home,651
26074,W,2024-09-15,auto,573
26075,E,2024-09-07,travel,756
26076,N,2024-02-19,home,757
26077,N,2024-06-09,auto,447
26078,N,2024-09-18,health,689
26079,N,2024-07-30,auto,862
26080,E,2024-06-12,auto,957
26081,W,2024-05-09,auto,901
26082,W,2024-10-22,health,673
26083,W,2024-05-12,home,366
26084,E,2024-09-05,auto,$884
26085,N,2024-02-12,health,789
26086,S,2024-04-09,auto,658
26087,E,2024-02-21,travel,724
26088,S,2024-06-29,health,764
26089,S,2024-06-06,travel,529
26090,E,2024-07-05,home,856
26091,E,2024-10-04,home,744
26092,W,2024-10-04,auto,573
26093,N,2024-01-11,auto,516
26094,W,2024-07-01,auto,640
26095,E,2024-03-13,home,525
26096,N,2024-10-28,auto,554
26097,E,2024-03-16,health,1002
26098,S,2024-06-01,home,$946
26099,E,2024-10-20,home,804
26100,S,2024-05-06,travel,1107
26101,E,2024-04-16,home,521
26102,W,2024-09-29,health,929
26103,E,2024-03-30,home,$556
26104,N,2024-03-04,auto,481
26105,W,2024-05-12,home,573
26106,E,2024-06-11,home,489
26107,E,2024-07-23,health,641
26108,E,2024-07-21,auto,627
26109,S,2024-05-05,auto,688
26110,W,2024-08-03,travel,885
26111,E,2024-01-03,travel,984
26112,N,2024-03-18,travel,$990
26114,N,2024-09-27,travel,USD 700
26115,E,2024-04-24,auto,782
26116,N,2024-11-25,home,831
26117,W,2024-10-02,auto,669
26118,W,2024-09-30,travel,543
26119,E,2024-05-01,home,USD 666
26120,E,2024-02-16,auto,579
26121,N,2024-04-02,travel,470
26122,W,2024-10-07,home,670
26123,E,2024-07-29,health,410
26124,E,2024-03-26,travel,564
26125,W,2024-07-05,travel,901
26126,W,2024-05-06,travel,467
26127,S,2024-06-29,home,654
26128,W,2024-03-25,auto,938
26129,W,2024-09-03,home,717
26130,W,2024-03-23,health,768
26131,W,2024-04-12,health,949
26132,W,2024-05-03,auto,706
26133,E,2024-08-19,travel,$637
26135,N,2024-11-20,health,709
26136,W,2024-02-29,travel,$756
26137,N,2024-02-18,auto,826
26138,N,2024-11-02,travel,843
26139,S,2024-05-23,travel,821
26140,E,2024-07-06,travel,1180
26141,S,2024-07-25,auto,443
26143,W,2024-01-14,travel,438
26144,N,2024-02-25,home,630
26145,N,2024-03-26,auto,$718
26146,S,2024-06-21,home,706
26147,E,2024-06-06,home,727
26148,E,2024-11-11,travel,634
26149,N,2024-10-21,home,1003
26150,W,2024-11-15,health,730
26151,N,2024-01-03,auto,586
26152,E,2024-03-30,auto,634
26153,E,2024-06-01,auto,1043
26154,W,2024-07-23,health,593
26155,E,2024-09-23,home,638
26156,S,2024-07-14,health,568
26157,S,2024-04-06,travel,521
26158,S,2024-09-24,travel,628
26159,E,2024-02-10,travel,617
26160,S,2024-09-02,health,745
26162,E,2024-02-04,home,466
26163,W,2024-07-04,home,582
26164,W,2024-07-31,home,768
26166,N,2024-11-24,health,901
26167,E,2024-07-30,travel,$752
26168,N,2024-04-28,health,410
26169,S,2024-03-19,auto,545
26170,W,2024-02-22,home,746
26171,S,2024-05-01,health,USD 600
26172,W,2024-02-02,travel,473
26173,W,2024-03-30,health,703
26174,W,2024-03-16,home,470
26175,E,2024-07-07,travel,549
26176,S,2024-01-02,health,563
26177,N,2024-04-15,health,715
26178,W,2024-04-26,auto,715
26179,S,2024-01-27,auto,574
26181,S,2024-11-19,auto,510
26182,N,2024-02-03,health,800
26183,W,2024-10-07,travel,619
26184,S,2024-06-01,health,664
26185,W,2024-03-28,auto,732
26186,W,2024-05-31,travel,714
26187,S,2024-06-07,travel,711
26188,W,2024-02-10,home,$770
26189,E,2024-06-26,health,$563
26190,N,2024-11-16,travel,933
26191,N,2024-05-02,health,603
26192,N,2024-09-21,travel,833
26193,W,2024-07-23,home,666
26194,S,2024-06-24,home,636
26195,E,2024-05-19,auto,530
26196,W,2024-11-25,home,513
26197,N,2024-03-25,travel,588
26198,W,2024-09-08,health,784
26199,E,2024-08-28,auto,399
26200,E,2024-11-03,travel,716
26201,S,2024-05-11,home,548
26202,S,2024-11-15,health,485
26203,N,2024-03-12,health,903
26204,N,2024-05-15,auto,499
26205,N,2024-07-09,auto,592
26206,S,2024-04-17,health,$889
26207,E,2024-05-16,home,"$1,054"
26208,N,2024-05-14,auto,$538
26209,S,2024-08-08,health,USD 691
26210,E,2024-04-01,travel,730
26212,W,2024-06-11,auto,741
26213,N,2024-02-02,auto,538
26214,E,2024-02-09,travel,927
26215,S,2024-04-15,travel,573
26216,E,2024-11-26,home,511
26217,N,2024-03-12,auto,722
26218,W,2024-01-25,health,819
26219,E,2024-01-22,auto,591
26220,S,2024-06-05,home,694
26221,N,2024-10-07,auto,553
26222,E,2024-06-29,health,570
26223,N,2024-04-12,home,606
26224,W,2024-11-09,home,689
26225,E,2024-01-10,travel,627
26226,W,2024-08-17,auto,935
26227,W,2024-06-05,home,527
26228,E,2024-03-13,travel,736
26229,E,2024-01-21,auto,658
26230,E,2024-05-27,auto,USD 786
26231,E,2024-03-18,health,USD 879
26233,E,2024-06-17,home,710
26234,E,2024-06-15,health,649
26235,E,2024-06-29,home,1029
26236,E,2024-02-25,home,479
26237,S,2024-03-08,health,467
26238,E,2024-04-17,auto,801
26239,N,2024-07-24,auto,816
26240,S,2024-03-28,auto,456
26241,E,2024-03-22,health,980
26242,E,2024-02-15,home,544
26243,W,2024-11-06,auto,755
26244,N,2024-01-02,health,$513
26245,W,2024-11-26,health,749
26246,N,2024-11-03,health,656
26247,S,2024-03-23,health,503
26248,S,2024-01-04,health,724
26249,W,2024-01-30,home,"$1,039"
26250,N,2024-06-02,health,732
26251,E,2024-07-05,auto,587
26252,W,2024-08-11,travel,489
26253,E,2024-05-17,health,423
26254,S,2024-03-28,health,470
26255,N,2024-02-21,home,706
26256,S,2024-02-19,health,530
26257,N,2024-02-13,health,531
26258,N,2024-07-22,health,635
26259,W,2024-07-09,travel,611
26260,N,2024-04-29,health,744
26261,S,2024-08-09,auto,1057
26262,E,2024-06-13,home,594
26263,E,2024-07-22,home,722
26264,W,2024-04-07,auto,758
26265,E,2024-10-21,home,678
26266,W,2024-07-19,health,646
26267,S,2024-01-03,home,923
26268,E,2024-04-15,travel,758
26269,N,2024-06-28,auto,672
26270,S,2024-05-09,travel,789
26271,N,2024-01-12,health,583
26272,N,2024-08-03,home,665
26273,S,2024-09-22,auto,980
26274,E,2024-08-21,health,724
26275,W,2024-01-17,travel,$786
26276,S,2024-08-23,auto,759
26277,S,2024-09-17,home,634
26278,E,2024-01-08,home,1031
26279,W,2024-10-12,health,502
26280,W,2024-07-30,travel,615
26281,S,2024-01-23,home,475
26282,W,2024-11-09,auto,609
26283,E,2024-09-18,health,426
26284,W,2024-06-13,home,713
26285,S,2024-02-13,auto,737
26286,N,2024-08-24,travel,624
26287,S,2024-02-06,home,578
26288,W,2024-11-14,home,695
26289,W,2024-08-19,travel,907
26290,W,2024-07-18,travel,548
26291,W,2024-10-30,health,793
26292,W,2024-01-21,health,560
26293,W,2024-10-14,travel,744
26294,N,2024-10-24,auto,541
26295,W,2024-09-28,health,824
26296,E,2024-10-08,auto,650
26297,W,2024-03-25,home,907
26298,E,2024-10-28,travel,935
26299,W,2024-11-06,auto,581
26300,S,2024-05-08,home,683
26301,N,2024-11-22,travel,395
26302,N,2024-11-14,auto,712
26303,N,2024-10-30,health,$442
26304,E,2024-09-07,home,722
26305,E,2024-08-24,home,648
26306,N,2024-05-10,home,790
26307,N,2024-10-26,auto,1026
26308,N,2024-01-19,health,1020
26309,S,2024-07-17,home,612
26310,E,2024-03-14,auto,585
26311,E,2024-05-10,health,803
26312,S,2024-02-01,home,453
26313,S,2024-06-18,health,631
26314,W,2024-04-08,auto,473
26315,N,2024-08-29,travel,634
26316,W,2024-08-13,travel,886
26317,N,2024-05-04,auto,553
26318,E,2024-11-26,home,609
26319,N,2024-01-24,health,USD 825
26320,E,2024-08-16,travel,779
26321,E,2024-06-26,home,USD 666
26322,N,2024-08-26,auto,528
26323,N,2024-05-19,travel,485
26324,W,2024-05-02,travel,$738
26325,W,2024-02-03,travel,771
26326,N,2024-01-20,home,846
26327,E,2024-06-12,health,513
26328,W,2024-02-24,auto,716
26329,N,2024-10-18,health,792
26330,W,2024-09-28,travel,552
26331,E,2024-08-20,auto,1028
26332,E,2024-08-30,travel,$596
26333,N,2024-05-08,home,873
26334,E,2024-01-01,travel,699
26335,S,2024-02-23,home,736
26336,S,2024-11-02,travel,470
26337,E,2024-05-03,travel,625
26338,W,2024-03-25,health,499
26339,W,2024-03-12,travel,838
26341,S,2024-05-01,health,755
26342,N,2024-11-12,travel,$722
26343,S,2024-05-28,health,1049
26344,W,2024-01-13,travel,541
26345,E,2024-10-01,auto,601
26346,S,2024-11-08,health,771
26347,W,2024-03-22,home,493
26348,S,2024-01-10,auto,758
26349,E,2024-08-05,health,812
26350,E,2024-07-29,health,647
26351,N,2024-09-12,auto,529
26352,N,2024-10-26,travel,443
26353,N,2024-08-09,home,1036
26354,N,2024-05-01,health,936
26355,N,2024-10-07,travel,577
26356,E,2024-06-16,health,413
26357,W,2024-04-07,home,641
26358,N,2024-09-30,travel,607
26359,S,2024-06-27,health,504
26360,E,2024-10-26,health,457
26361,N,2024-08-27,home,USD 818
26362,S,2024-06-02,travel,708
26363,S,2024-08-09,home,$493
26364,S,2024-08-07,travel,780
26365,W,2024-10-16,travel,745
26366,S,2024-08-19,travel,647
26367,S,2024-09-11,health,687
26368,W,2024-10-29,health,605
26369,W,2024-09-14,home,789
26370,W,2024-11-11,travel,556
26371,E,2024-05-24,health,$981
26372,W,2024-09-07,auto,556
26373,E,2024-01-23,auto,827
26374,N,2024-01-15,travel,581
26375,E,2024-07-17,home,642
26376,W,2024-05-13,health,720
26377,S,2024-03-14,health,575
26378,E,2024-01-27,travel,864
26379,E,2024-03-07,health,923
26380,S,2024-09-23,auto,790
26381,E,2024-08-21,travel,630
26382,E,2024-04-11,health,692
26383,E,2024-10-08,health,565
26384,E,2024-03-25,auto,545
26385,N,2024-09-29,health,972
26386,W,2024-08-20,health,691
26387,N,2024-10-24,travel,USD 676
26388,N,2024-10-15,auto,528
26389,S,2024-08-03,travel,611
26390,E,2024-09-13,health,507
26391,S,2024-01-16,health,613
26392,E,2024-09-26,home,USD 572
26394,W,2024-08-01,travel,679
26395,W,2024-01-28,health,721
26396,N,2024-06-26,health,467
26397,S,2024-08-20,auto,663
26398,W,2024-04-26,health,568
26399,S,2024-03-02,travel,744
26400,W,2024-09-24,health,809
26401,W,2024-05-19,home,753
26402,W,2024-10-21,home,616
26403,N,2024-08-17,auto,563
26404,N,2024-11-19,health,462
26406,S,2024-06-17,home,523
26407,E,2024-06-18,home,561
26408,S,2024-01-07,auto,685
26409,W,2024-02-22,auto,524
26410,E,2024-03-15,travel,805
26411,E,2024-02-23,travel,720
26412,E,2024-01-26,health,601
26413,N,2024-10-12,auto,862
26414,W,2024-09-29,health,1241
26415,E,2024-05-21,auto,624
26416,N,2024-01-24,travel,USD 628
26417,N,2024-11-02,travel,671
26418,W,2024-10-08,health,570
26419,S,2024-04-30,home,759
26420,N,2024-08-12,home,563
26421,W,2024-09-15,travel,834
26422,W,2024-07-22,auto,1010
26423,N,2024-04-04,travel,646
26424,S,2024-04-22,travel,829
26425,N,2024-02-13,health,902
26426,N,2024-03-07,auto,587
26427,N,2024-09-12,travel,757
26428,W,2024-04-01,home,618
26429,S,2024-11-06,health,USD 550
26431,E,2024-05-10,auto,534
26432,S,2024-11-11,home,$463
26433,W,2024-05-26,travel,644
26434,W,2024-02-01,auto,536
26435,E,2024-02-02,health,$715
26436,S,2024-06-15,auto,901
26437,N,2024-11-05,auto,$445
26438,N,2024-04-25,home,616
26439,N,2024-04-16,home,441
26440,W,2024-10-26,health,851
26441,E,2024-01-21,auto,536
26442,W,2024-08-02,home,618
26443,E,2024-11-11,health,754
26444,N,2024-10-01,home,783
26445,W,2024-04-23,health,572
26446,W,2024-01-13,health,$549
26447,W,2024-08-21,travel,540
26448,E,2024-09-10,auto,473
26449,S,2024-03-02,health,595
26450,N,2024-11-14,health,640
26451,E,2024-02-29,travel,873
26452,S,2024-07-19,auto,609
26453,W,2024-01-31,health,602
26454,S,2024-03-22,health,842
26455,W,2024-08-27,travel,711
26456,E,2024-02-04,auto,484
26457,E,2024-03-22,travel,706
26458,N,2024-02-06,auto,678
26459,N,2024-10-18,health,487
26460,S,2024-05-22,travel,862
26461,S,2024-01-22,auto,467
26462,N,2024-07-20,home,699
26464,S,2024-10-18,home,641
26465,W,2024-06-09,health,993
26466,S,2024-06-13,health,929
26467,N,2024-01-31,home,446
26468,W,2024-04-18,home,$508
26469,S,2024-03-10,home,596
26470,E,2024-02-16,travel,947
26471,E,2024-05-14,travel,581
26472,S,2024-09-09,home,$754
26473,N,2024-09-25,travel,654
26474,W,2024-05-26,auto,604
26475,S,2024-09-08,travel,621
26476,E,2024-10-16,health,652
26477,S,2024-01-26,auto,566
26478,E,2024-01-14,home,411
26479,N,2024-02-25,health,877
26480,N,2024-03-04,home,826
26481,E,2024-02-06,auto,729
26482,E,2024-05-13,home,556
26483,S,2024-07-11,auto,490
26484,N,2024-10-05,travel,631
26485,N,2024-03-01,travel,547
26486,N,2024-09-17,auto,598
26487,W,2024-11-14,health,602
26488,N,2024-11-04,home,897
26489,E,2024-03-24,travel,889
26490,E,2024-03-29,travel,452
26492,E,2024-01-16,travel,518
26493,W,2024-07-20,travel,515
26494,N,2024-10-08,health,$652
26495,E,2024-04-29,auto,620
26496,N,2024-08-06,travel,1034
26497,W,2024-02-08,health,470
26498,E,2024-10-26,auto,682
26499,W,2024-01-17,home,701
26500,W,2024-06-22,home,596
26501,E,2024-05-11,travel,1072
26502,S,2024-01-18,auto,520
26503,N,2024-06-10,auto,656
26504,E,2024-08-03,auto,805
26505,E,2024-10-05,home,469
26506,N,2024-03-04,health,766
26507,E,2024-03-06,travel,701
26508,N,2024-04-13,travel,670
26509,E,2024-07-19,travel,655
26510,W,2024-06-08,auto,631
26511,S,2024-06-04,home,634
26512,E,2024-01-20,auto,535
26513,N,2024-07-22,auto,1061
26514,W,2024-04-26,auto,733
26515,E,2024-04-28,auto,636
26516,W,2024-08-17,travel,761
26517,N,2024-07-02,health,859
26518,E,2024-06-10,home,733
26520,S,2024-04-06,health,575
26521,E,2024-10-17,health,595
26522,S,2024-10-09,travel,459
26523,N,2024-02-07,travel,755
26524,N,2024-06-16,home,513
26525,W,2024-10-23,home,615
26526,E,2024-06-29,home,644
26527,E,2024-09-15,health,486
26528,N,2024-11-21,health,717
26529,S,2024-05-12,travel,609
26531,W,2024-08-19,health,619
26532,E,2024-01-08,home,672
26533,N,2024-09-02,health,822
26534,W,2024-11-13,travel,580
26535,E,2024-06-25,travel,879
26536,N,2024-07-14,auto,568
26537,W,2024-09-27,auto,538
26538,N,2024-07-14,auto,889
26539,N,2024-10-25,auto,693
26540,W,2024-02-04,auto,513
26541,E,2024-06-03,auto,590
26542,N,2024-06-30,health,680
26543,N,2024-05-04,travel,984
26544,W,2024-05-24,home,775
26545,E,2024-06-11,auto,666
26546,W,2024-03-01,health,569
26547,W,2024-06-08,travel,653
26548,E,2024-10-30,health,812
26549,E,2024-07-31,travel,629
26550,W,2024-04-08,auto,674
26551,N,2024-08-18,home,1142
26552,S,2024-04-16,health,480
26553,S,2024-07-25,auto,528
26554,E,2024-06-28,home,706
26555,E,2024-11-06,travel,548
26556,E,2024-05-15,auto,820
26557,N,2024-05-11,home,891
26558,E,2024-03-01,auto,506
26559,E,2024-07-10,home,534
26560,S,2024-11-03,health,802
26561,S,2024-07-22,travel,USD 556
26562,W,2024-05-25,home,478
26563,E,2024-03-16,health,952
26564,E,2024-08-30,auto,677
26565,N,2024-05-30,travel,$781
26566,W,2024-06-24,health,700
26567,S,2024-01-22,auto,695
26568,E,2024-04-08,auto,675
26569,E,2024-06-28,auto,1094
26570,W,2024-11-22,auto,503
26571,W,2024-03-26,travel,$341
26572,W,2024-10-05,home,$698
26573,N,2024-04-03,travel,648
26574,E,2024-03-11,health,$466
26575,N,2024-03-06,health,783
26576,N,2024-05-03,travel,682
26577,S,2024-10-30,travel,863
26578,S,2024-05-23,auto,497
26579,S,2024-03-10,home,660
26580,E,2024-09-10,auto,724
26581,W,2024-08-05,auto,522
26582,N,2024-03-04,health,438
26583,W,2024-10-05,travel,883
26584,W,2024-02-29,home,656
26585,W,2024-05-18,travel,523
26586,N,2024-06-03,health,579
26588,E,2024-07-19,home,1031
26589,E,2024-08-05,home,372
26590,E,2024-06-26,home,619
26592,N,2024-02-16,auto,820
26593,S,2024-07-06,travel,732
26594,N,2024-06-04,health,533
26595,E,2024-09-21,auto,912
26596,S,2024-04-05,travel,809
26597,W,2024-09-12,travel,650
26598,W,2024-10-16,auto,566
26599,W,2024-04-28,health,674
26600,N,2024-06-25,home,602
26601,S,2024-08-27,home,597
26602,W,2024-08-21,home,812
26603,W,2024-10-06,travel,548
26604,E,2024-04-21,home,486
26605,S,2024-10-30,travel,715
26606,S,2024-05-15,auto,856
26607,E,2024-03-15,health,585
26608,E,2024-09-13,home,707
26609,E,2024-02-03,health,628
26610,W,2024-09-04,home,695
26611,E,2024-11-09,travel,$989
26612,W,2024-04-23,auto,USD 752
26613,S,2024-04-05,auto,767
26614,E,2024-08-26,travel,525
26615,S,2024-07-08,travel,974
26616,E,2024-06-20,health,1096
26617,W,2024-11-20,health,831
26618,W,2024-08-14,travel,754
26619,N,2024-11-06,home,559
26621,S,2024-01-05,auto,560
26622,S,2024-03-08,auto,740
26623,S,2024-10-17,health,536
26624,E,2024-02-11,travel,529
26625,W,2024-08-10,auto,436
26626,S,2024-06-11,health,434
26627,E,2024-03-10,health,609
26628,W,2024-03-03,auto,481
26629,S,2024-01-20,auto,602
26630,W,2024-01-13,auto,496
26631,W,2024-02-01,travel,627
26632,N,2024-10-31,travel,605
26633,W,2024-08-12,travel,$662
26634,N,2024-07-23,auto,USD 561
26635,S,2024-05-31,travel,597
26636,E,2024-07-19,travel,860
26637,E,2024-03-03,travel,685
26638,N,2024-10-17,health,USD 878
26639,E,2024-06-30,travel,713
26640,N,2024-09-03,travel,668
26641,W,2024-11-09,home,697
26642,N,2024-08-07,health,475
26643,E,2024-04-20,travel,576
26644,E,2024-01-12,auto,600
26645,E,2024-01-06,travel,430
26646,N,2024-01-09,auto,478
26647,W,2024-06-05,home,495
26648,E,2024-05-05,home,$523
26649,E,2024-02-23,home,435
26650,E,2024-03-14,health,580
26651,S,2024-04-21,health,630
26652,W,2024-10-18,home,489
26653,E,2024-10-09,home,771
26654,E,2024-08-20,auto,481
26655,E,2024-11-24,home,$439
26656,E,2024-10-08,auto,710
26657,N,2024-03-26,health,682
26658,E,2024-02-13,auto,1015
26659,W,2024-03-11,travel,604
26661,S,2024-03-26,travel,558
26662,S,2024-05-02,auto,487
26663,S,2024-06-06,home,703
26664,W,2024-05-24,auto,822
26665,W,2024-05-20,home,690
26666,E,2024-06-09,travel,342
26667,S,2024-11-13,auto,585
26668,E,2024-02-25,health,486
26669,N,2024-07-01,auto,500
26670,E,2024-07-13,home,836
26671,E,2024-02-08,auto,643
26672,E,2024-10-24,home,419
26673,N,2024-03-06,travel,1065
26674,E,2024-11-03,health,776
26675,W,2024-04-28,home,597
26676,E,2024-05-01,home,466
26677,S,2024-04-08,home,585
26678,W,2024-04-15,health,489
26679,N,2024-05-16,auto,750
26680,S,2024-10-13,home,675
26681,S,2024-01-13,health,808
26682,E,2024-05-06,health,802
26683,E,2024-05-13,home,623
26684,S,2024-06-09,auto,442
26685,E,2024-06-08,home,476
26686,W,2024-06-30,home,561
26687,S,2024-01-21,home,707
26688,W,2024-07-14,auto,697
26690,E,2024-02-21,health,1041
26691,E,2024-10-17,auto,555
26692,E,2024-04-29,health,544
26693,W,2024-10-12,auto,$726
26694,N,2024-11-16,health,508
26695,S,2024-11-22,travel,847
26696,S,2024-11-15,health,411
26697,E,2024-09-21,auto,952
26698,N,2024-10-25,home,564
26699,E,2024-11-16,health,753
26700,E,2024-11-05,auto,$770
26701,N,2024-10-11,health,767
26702,W,2024-10-09,home,USD 523
26703,N,2024-07-01,home,473
26704,E,2024-02-29,home,817
26705,W,2024-02-18,auto,712
26706,N,2024-03-18,travel,612
26707,E,2024-04-17,travel,1008
26708,E,2024-08-22,health,505
26709,S,2024-11-04,auto,729
26710,N,2024-02-01,health,1204
26711,W,2024-07-17,travel,536
26712,S,2024-07-14,home,550
26713,N,2024-06-11,health,521
26714,S,2024-01-18,travel,860
26715,E,2024-07-03,travel,USD 553
26716,E,2024-06-12,auto,USD 466
26717,E,2024-05-20,home,717
26718,W,2024-08-03,travel,537
26719,W,2024-08-08,travel,1137
26720,W,2024-05-24,home,366
26721,N,2024-06-10,home,744
26723,N,2024-07-03,health,761
26724,W,2024-07-13,home,431
26725,S,2024-09-19,auto,856
26726,S,2024-02-17,auto,567
26727,N,2024-04-19,home,604
26728,W,2024-04-19,home,888
26729,E,2024-04-22,health,655
26730,S,2024-02-18,health,741
26731,W,2024-10-23,health,869
26732,E,2024-05-17,home,661
26733,E,2024-02-04,auto,$733
26734,S,2024-05-12,auto,609
26735,E,2024-09-18,home,465
26736,N,2024-05-06,auto,549
26737,S,2024-01-23,home,542
26738,N,2024-03-09,travel,600
26740,S,2024-10-09,travel,786
26741,E,2024-06-13,auto,824
26742,N,2024-03-06,health,701
26743,W,2024-08-04,auto,886
26744,E,2024-08-02,auto,812
26745,N,2024-05-15,home,833
26746,S,2024-04-09,health,526
26747,E,2024-09-15,home,736
26748,S,2024-08-21,auto,984
26749,W,2024-07-09,auto,664
26750,N,2024-06-28,auto,551
26751,S,2024-03-23,health,435
26752,S,2024-09-01,home,642
26753,E,2024-04-24,health,685
26754,W,2024-09-15,travel,540
26755,S,2024-08-02,travel,485
26756,N,2024-06-09,travel,724
26757,E,2024-03-19,home,848
26758,E,2024-07-27,health,603
26759,N,2024-04-20,home,506
26760,S,2024-02-28,health,600
26761,N,2024-10-18,auto,787
26762,N,2024-02-23,travel,559
26763,N,2024-01-31,auto,635
26764,N,2024-09-25,home,437
26765,N,2024-06-26,auto,771
26766,S,2024-10-13,health,584
26767,S,2024-10-17,travel,920
26768,E,2024-08-23,auto,699
26769,N,2024-06-26,health,882
26770,W,2024-10-12,health,469
26771,W,2024-10-28,travel,$581
26772,W,2024-08-06,health,721
26773,W,2024-11-25,travel,504
26774,E,2024-08-06,travel,1013
26775,S,2024-01-19,health,574
26776,S,2024-09-23,home,868
26777,N,2024-01-19,auto,525
26778,N,2024-01-01,travel,985
26779,W,2024-03-16,auto,774
26780,N,2024-06-12,travel,570
26781,E,2024-11-03,home,576
26782,S,2024-01-20,health,482
26783,S,2024-05-08,home,796
26784,E,2024-06-24,travel,513
26785,E,2024-10-31,health,898
26786,N,2024-01-28,travel,743
26787,E,2024-06-02,health,647
26788,W,2024-09-26,health,804
26789,N,2024-02-21,health,827
26790,E,2024-04-08,health,366
26791,E,2024-10-24,auto,462
26792,S,2024-02-17,home,600
26793,W,2024-10-28,health,601
26794,S,2024-07-06,home,694
26795,N,2024-09-06,travel,$671
26796,E,2024-04-22,health,747
26797,E,2024-11-13,home,USD 504
26798,W,2024-10-26,home,431
26799,W,2024-10-26,home,878
26800,N,2024-03-17,health,661
26801,S,2024-10-05,auto,594
26802,E,2024-10-17,home,948
26803,E,2024-06-29,health,620
26804,S,2024-11-07,travel,714
26805,E,2024-10-26,health,568
26806,N,2024-04-24,health,651
26807,W,2024-02-09,health,462
26808,N,2024-09-05,auto,670
26809,W,2024-08-19,travel,958
26810,E,2024-02-18,home,628
26811,S,2024-05-02,home,767
26812,E,2024-08-08,auto,837
26813,E,2024-10-01,health,755
26814,E,2024-03-08,auto,611
26815,N,2024-04-08,health,682
26817,E,2024-01-25,home,661
26818,W,2024-11-12,travel,471
26819,E,2024-02-07,health,511
26820,N,2024-08-26,travel,597
26822,N,2024-08-26,home,USD 732
26823,N,2024-05-22,auto,495
26824,W,2024-11-26,health,666
26825,S,2024-11-01,travel,796
26826,E,2024-02-03,home,684
26827,N,2024-07-19,auto,981
26828,E,2024-06-06,auto,442
26829,N,2024-10-24,home,871
26830,N,2024-08-24,auto,592
26831,W,2024-05-03,health,486
26832,E,2024-02-28,travel,651
26833,N,2024-10-13,travel,712
26834,E,2024-06-15,auto,$757
26836,S,2024-11-06,auto,1063
26837,W,2024-01-09,health,563
26838,E,2024-06-27,home,815
26839,S,2024-09-28,travel,673
26840,W,2024-02-24,travel,938
26841,S,2024-05-12,travel,624
26842,N,2024-09-28,home,USD 753
26843,S,2024-03-13,auto,648
26844,W,2024-05-02,home,736
26845,S,2024-06-14,health,547
26846,E,2024-06-30,travel,1091
26847,S,2024-03-29,health,846
26848,N,2024-02-10,home,805
26849,N,2024-11-26,health,501
26850,E,2024-08-28,travel,567
26851,N,2024-05-20,health,796
26852,N,2024-08-03,health,527
26853,W,2024-04-28,health,810
26855,S,2024-06-14,health,701
26856,E,2024-10-18,health,578
26857,W,2024-03-23,home,1039
26858,N,2024-05-24,home,738
26859,S,2024-06-20,health,662
26860,N,2024-05-28,health,793
26861,S,2024-06-28,health,931
26862,W,2024-09-01,health,687
26863,W,2024-08-18,auto,679
26864,N,2024-08-14,health,893
26865,W,2024-04-11,travel,677
26866,S,2024-01-06,home,521
26867,E,2024-06-02,travel,675
26868,N,2024-07-28,travel,479
26869,E,2024-09-30,health,910
26870,E,2024-05-17,health,712
26871,E,2024-05-27,home,512
26872,S,2024-01-12,health,462
26873,E,2024-07-09,home,$919
26874,E,2024-09-13,health,463
26875,N,2024-06-07,auto,684
26876,E,2024-04-19,health,808
26877,E,2024-03-20,travel,373
26878,E,2024-07-31,home,817
26879,N,2024-07-14,auto,988
26880,S,2024-08-11,health,684
26881,S,2024-01-20,home,787
26882,E,2024-09-09,auto,691
26883,N,2024-07-12,travel,611
26884,E,2024-07-23,auto,523
26885,E,2024-05-19,health,503
26886,N,2024-01-20,auto,518
26887,W,2024-06-05,health,599
26888,W,2024-02-10,health,758
26889,E,2024-11-21,home,698
26890,E,2024-10-02,travel,720
26891,W,2024-10-07,auto,543
26892,S,2024-06-21,travel,1126
26893,W,2024-10-26,health,578
26894,E,2024-02-12,health,704
26895,S,2024-04-01,auto,956
26896,S,2024-06-23,home,673
26897,S,2024-08-06,auto,625
26898,W,2024-10-17,health,947
26899,E,2024-09-11,home,1083
26900,E,2024-01-11,home,629
26901,N,2024-10-10,health,808
26902,E,2024-07-09,home,482
26903,N,2024-03-26,health,553
26904,S,2024-05-04,travel,762
26905,N,2024-06-18,travel,733
26906,N,2024-02-22,travel,671
26907,S,2024-06-30,health,855
26908,E,2024-10-29,health,567
26909,E,2024-08-24,home,776
26910,N,2024-08-21,home,910
26911,N,2024-03-22,travel,772
26912,W,2024-08-05,auto,815
26913,W,2024-01-29,auto,556
26914,N,2024-03-08,auto,620
26915,S,2024-08-15,home,751
26916,E,2024-01-04,auto,616
26917,N,2024-02-26,auto,500
26918,S,2024-01-21,auto,491
26919,N,2024-01-08,health,718
26920,W,2024-04-06,health,$981
26922,S,2024-06-30,travel,USD 682
26923,E,2024-04-30,auto,627
26924,N,2024-02-09,home,893
26926,S,2024-03-13,travel,710
26927,E,2024-09-05,auto,659
26928,S,2024-04-07,travel,775
26929,S,2024-11-17,travel,705
26930,S,2024-11-23,travel,491
26931,W,2024-04-07,auto,541
26933,E,2024-07-24,health,629
26934,N,2024-09-22,auto,888
26935,N,2024-07-06,travel,487
26936,N,2024-02-27,auto,869
26937,N,2024-09-27,health,689
26938,N,2024-05-31,travel,821
26939,S,2024-06-07,home,707
26940,S,2024-02-19,travel,691
26941,N,2024-10-21,travel,672
26942,E,2024-05-05,health,807
26943,E,2024-05-22,travel,660
26944,W,2024-08-29,home,926
26945,E,2024-04-22,health,594
26946,S,2024-01-17,travel,682
26947,W,2024-06-22,travel,690
26948,N,2024-03-27,travel,870
26949,S,2024-05-02,home,637
26950,E,2024-02-25,home,527
26951,W,2024-07-04,health,833
26952,W,2024-04-02,health,699
26953,E,2024-10-20,auto,658
26954,N,2024-07-24,travel,778
26955,W,2024-01-18,home,708
26956,S,2024-06-26,health,772
26957,N,2024-06-13,home,683
26958,E,2024-06-17,travel,367
26959,E,2024-03-08,auto,507
26960,W,2024-11-19,home,501
26961,W,2024-06-18,auto,656
26962,N,2024-02-14,travel,663
26963,S,2024-11-04,health,721
26964,W,2024-01-12,health,582
26965,W,2024-04-16,travel,418
26966,W,2024-09-30,travel,466
26967,W,2024-11-11,health,627
26968,N,2024-02-29,auto,USD 606
26969,E,2024-05-08,home,USD 815
26970,W,2024-09-05,home,453
26971,S,2024-03-05,home,604
26972,W,2024-05-18,health,USD 772
26973,E,2024-05-31,travel,543
26974,S,2024-10-09,home,672
26976,N,2024-08-25,health,666
26977,E,2024-09-18,auto,516
26978,N,2024-08-11,home,491
26979,N,2024-07-23,home,807
26980,N,2024-03-28,travel,865
26981,W,2024-08-26,auto,687
26982,W,2024-10-18,home,838
26983,W,2024-02-09,auto,1001
26984,N,2024-03-23,auto,566
26985,W,2024-09-30,health,617
26987,E,2024-02-21,health,763
26988,E,2024-08-18,travel,462
26989,N,2024-01-11,travel,859
26990,E,2024-08-22,health,615
26991,S,2024-04-13,auto,$570
26992,N,2024-11-14,travel,566
26993,W,2024-01-30,health,617
26994,N,2024-06-27,auto,USD 571
26995,W,2024-01-02,home,715
26996,S,2024-08-30,auto,608
26997,E,2024-01-13,health,433
26998,S,2024-11-17,home,788
26999,E,2024-03-05,auto,1044
27000,W,2024-05-20,travel,744
27001,N,2024-02-14,health,506
27002,E,2024-05-13,travel,498
27003,S,2024-04-27,auto,635
27004,N,2024-09-18,home,609
27005,W,2024-07-18,travel,801
27006,N,2024-01-12,travel,671
27007,E,2024-08-30,travel,558
27008,W,2024-07-22,travel,535
27009,E,2024-06-30,home,744
27011,N,2024-07-15,auto,1023
27012,N,2024-08-25,home,780
27013,W,2024-11-17,health,818
27014,E,2024-08-03,travel,595
27015,W,2024-02-22,auto,671
27016,N,2024-05-02,health,772
27018,E,2024-08-13,travel,725
27019,N,2024-07-17,health,587
27020,N,2024-04-07,auto,624
27021,E,2024-11-21,home,886
27022,W,2024-07-30,health,755
27023,N,2024-01-16,health,1011
27024,W,2024-08-09,health,651
27025,S,2024-04-16,auto,855
27026,E,2024-08-13,travel,668
27027,E,2024-07-10,home,604
27028,S,2024-02-11,health,USD 549
27029,N,2024-08-01,health,628
27030,S,2024-05-17,health,658
27031,E,2024-03-15,health,715
27032,W,2024-09-03,health,690
27033,N,2024-08-22,travel,566
27034,S,2024-10-25,travel,561
27035,W,2024-11-20,auto,414
27036,W,2024-05-30,auto,788
27037,S,2024-04-24,health,810
27038,E,2024-05-28,travel,831
27039,S,2024-06-19,auto,824
27040,N,2024-02-21,travel,522
27041,W,2024-01-09,health,828
27042,S,2024-04-19,home,663
27043,E,2024-08-09,auto,725
27044,E,2024-02-15,auto,625
27045,S,2024-09-23,travel,677
27046,S,2024-10-10,auto,684
27047,S,2024-08-01,auto,587
27048,W,2024-05-22,home,822
27049,E,2024-09-29,health,498
27050,S,2024-02-22,auto,579
27051,N,2024-06-04,travel,852
27052,N,2024-05-25,auto,838
27053,S,2024-03-25,auto,699
27054,E,2024-09-15,travel,843
27055,N,2024-01-08,home,752
27056,N,2024-11-04,health,572
27057,W,2024-06-16,travel,588
27058,W,2024-03-06,home,661
27059,E,2024-08-03,health,833
27060,N,2024-09-01,home,697
27061,E,2024-10-31,health,595
27062,W,2024-10-25,auto,515
27063,N,2024-07-23,auto,487
27064,E,2024-06-20,auto,587
27065,N,2024-02-29,home,472
27066,S,2024-03-12,home,536
27067,S,2024-06-18,home,753
27068,E,2024-09-05,home,710
27069,E,2024-04-03,home,685
27070,E,2024-04-06,travel,USD 1070
27071,S,2024-03-24,auto,453
27072,N,2024-09-05,auto,556
27073,N,2024-07-07,travel,415
27074,N,2024-02-02,health,579
27075,S,2024-01-30,home,919
27076,W,2024-08-07,travel,677
27078,W,2024-05-28,auto,705
27079,S,2024-07-15,health,722
27080,S,2024-02-04,auto,673
27081,E,2024-10-17,health,869
27082,W,2024-09-26,travel,527
27083,E,2024-04-03,auto,600
27084,W,2024-08-04,health,563
27085,E,2024-05-14,travel,780
27086,N,2024-03-30,health,988
27087,E,2024-05-27,home,673
27088,E,2024-10-27,health,520
27089,E,2024-08-29,travel,711
27090,N,2024-06-14,travel,825
27091,W,2024-09-19,home,494
27092,N,2024-08-20,health,664
27093,S,2024-05-24,auto,521
27094,S,2024-11-19,home,623
27095,W,2024-07-13,travel,694
27096,E,2024-05-15,auto,717
27097,S,2024-03-22,home,689
27098,W,2024-09-21,auto,1116
27099,N,2024-10-17,home,797
27100,N,2024-10-01,home,508
27101,E,2024-09-17,home,543
27102,S,2024-08-27,travel,624
27103,S,2024-06-23,auto,972
27104,E,2024-11-20,travel,725
27105,E,2024-05-26,auto,671
27106,S,2024-08-19,health,860
27107,W,2024-06-09,health,946
27108,N,2024-08-31,home,678
27109,N,2024-10-18,auto,589
27110,E,2024-07-12,travel,749
27111,N,2024-04-11,travel,681
27112,N,2024-01-05,home,506
27113,N,2024-03-01,travel,$877
27114,E,2024-02-10,travel,980
27115,E,2024-07-18,travel,606
27116,S,2024-09-27,home,646
27117,E,2024-09-01,auto,856
27118,N,2024-03-28,health,580
27119,E,2024-03-05,auto,635
27120,E,2024-06-24,health,681
27121,S,2024-02-09,home,USD 690
27122,S,2024-05-05,auto,604
27123,N,2024-01-10,home,699
27124,W,2024-10-27,health,$593
27125,E,2024-10-08,auto,534
27126,E,2024-07-29,travel,761
27127,S,2024-11-19,auto,634
27128,E,2024-07-14,home,780
27129,S,2024-03-14,health,885
27130,S,2024-09-15,health,766
27131,N,2024-11-26,home,597
27132,W,2024-07-27,home,704
27133,S,2024-01-25,auto,610
27134,E,2024-08-22,auto,660
27135,S,2024-07-28,auto,654
27136,W,2024-03-09,home,714
27138,S,2024-01-23,auto,433
27139,N,2024-09-10,auto,613
27140,W,2024-03-17,auto,USD 582
27141,E,2024-07-07,health,461
27142,S,2024-06-07,home,1231
27143,E,2024-01-08,health,609
27144,S,2024-06-08,health,935
27145,W,2024-03-27,auto,644
27147,N,2024-10-29,home,507
27148,E,2024-03-28,health,742
27149,E,2024-02-20,health,757
27150,N,2024-05-15,auto,545
27152,W,2024-02-22,home,643
27153,E,2024-03-05,auto,574
27154,W,2024-07-10,travel,619
27155,E,2024-08-03,travel,667
27156,W,2024-01-01,travel,480
27157,S,2024-02-07,health,572
27158,W,2024-01-30,health,521
27159,W,2024-05-23,travel,$881
27161,E,2024-05-07,auto,546
27163,E,2024-08-28,auto,683
27164,N,2024-03-13,health,811
27165,W,2024-03-28,home,650
27166,N,2024-04-29,health,675
27167,N,2024-10-30,auto,USD 980
27168,E,2024-07-18,home,829
27169,E,2024-09-11,home,669
27170,S,2024-10-23,home,560
27171,N,2024-10-29,home,512
27172,W,2024-02-25,health,734
27173,E,2024-09-10,home,686
27174,S,2024-01-06,auto,539
27175,S,2024-11-13,home,592
27176,W,2024-10-23,home,565
27178,S,2024-11-11,travel,618
27179,W,2024-07-23,auto,$729
27180,E,2024-09-30,home,602
27181,E,2024-09-17,health,827
27182,E,2024-05-28,home,487
27183,S,2024-02-09,home,699
27184,E,2024-02-02,health,499
27185,W,2024-04-29,health,687
27186,N,2024-04-15,home,586
27187,S,2024-07-26,auto,490
27188,N,2024-06-04,home,896
27189,N,2024-06-07,travel,728
27190,W,2024-05-05,travel,708
27191,S,2024-06-14,home,533
27192,E,2024-10-12,health,394
27193,S,2024-03-02,home,1005
27194,W,2024-06-08,auto,611
27195,E,2024-03-03,auto,616
27196,N,2024-10-17,travel,843
27197,S,2024-06-21,health,475
27198,E,2024-04-15,health,581
27199,S,2024-02-03,home,406
27200,E,2024-03-30,auto,$601
27201,E,2024-04-19,travel,774
27202,E,2024-11-13,health,552
27203,N,2024-08-04,health,831
27204,N,2024-11-04,health,1159
27205,E,2024-02-06,home,786
27207,N,2024-10-28,home,519
27208,N,2024-10-24,health,876
27209,N,2024-11-23,auto,964
27210,W,2024-08-04,travel,675
27211,N,2024-07-08,auto,766
27212,E,2024-04-23,auto,603
27213,N,2024-09-02,travel,814
27214,N,2024-07-03,health,425
27215,E,2024-11-22,home,554
27216,E,2024-07-11,health,$858
27217,S,2024-09-15,home,585
27218,W,2024-01-24,auto,904
27219,N,2024-07-26,travel,670
27220,N,2024-01-12,travel,557
27221,N,2024-11-15,auto,832
27222,E,2024-02-27,home,706
27223,E,2024-01-31,health,721
27225,E,2024-01-17,travel,595
27226,E,2024-03-04,auto,$456
27227,W,2024-08-03,auto,779
27228,S,2024-04-01,health,1043
27229,S,2024-09-18,health,904
27230,E,2024-06-27,home,607
27231,W,2024-06-03,health,800
27232,E,2024-10-17,home,827
27233,E,2024-05-07,home,566
27234,E,2024-05-13,auto,$655
27235,N,2024-09-02,health,931
27236,W,2024-03-28,health,458
27237,N,2024-07-21,health,868
27238,S,2024-11-19,auto,714
27239,W,2024-07-06,health,625
27240,S,2024-04-17,home,507
27241,E,2024-01-05,health,708
27242,N,2024-10-27,travel,662
27243,W,2024-08-26,health,584
27244,N,2024-08-07,health,887
27245,S,2024-04-13,home,817
27246,E,2024-04-06,home,743
27247,N,2024-09-09,auto,607
27248,S,2024-09-01,auto,608
27249,N,2024-07-03,auto,419
27250,W,2024-03-29,home,745
27251,E,2024-06-23,health,440
27252,W,2024-10-28,home,592
27253,N,2024-07-19,home,896
27254,N,2024-09-08,travel,725
27255,W,2024-05-15,home,787
27256,E,2024-11-17,home,921
27257,W,2024-04-05,travel,598
27258,W,2024-03-19,health,640
27260,N,2024-04-18,health,665
27261,N,2024-09-16,travel,1081
27262,N,2024-08-08,auto,808
27263,S,2024-10-21,travel,462
27264,W,2024-04-03,home,546
27265,N,2024-08-28,auto,651
27267,N,2024-03-22,travel,844
27268,W,2024-01-26,auto,475
27269,S,2024-02-16,home,474
27270,N,2024-03-18,home,551
27271,S,2024-03-14,auto,742
27272,N,2024-05-03,travel,$748
27273,S,2024-11-18,auto,684
27274,S,2024-11-17,auto,472
27275,E,2024-05-21,auto,606
27276,S,2024-11-22,home,556
27277,E,2024-03-16,home,766
27278,N,2024-02-28,auto,556
27279,N,2024-10-24,health,852
27280,W,2024-04-27,auto,523
27281,S,2024-05-12,travel,704
27282,S,2024-05-05,home,556
27283,N,2024-09-17,home,570
27284,N,2024-11-20,health,469
27286,W,2024-03-29,auto,524
27288,W,2024-09-27,auto,555
27289,W,2024-01-19,home,529
27290,S,2024-08-23,home,522
27291,E,2024-03-07,travel,457
27292,E,2024-11-26,auto,780
27293,E,2024-09-26,auto,497
27294,W,2024-10-19,health,591
27295,W,2024-06-14,auto,419
27296,S,2024-02-20,auto,717
27297,N,2024-05-25,health,552
27298,N,2024-09-29,auto,588
27299,W,2024-03-01,auto,971
27300,S,2024-03-03,travel,742
27301,N,2024-06-05,travel,502
27302,N,2024-07-29,auto,988
27303,S,2024-01-16,auto,707
27304,S,2024-05-31,health,570
27305,E,2024-05-27,health,481
27306,E,2024-08-03,auto,524
27307,S,2024-10-04,travel,435
27308,W,2024-09-27,travel,580
27309,W,2024-10-30,home,627
27310,E,2024-06-05,health,690
27312,S,2024-07-15,auto,742
27313,S,2024-07-24,travel,571
27314,E,2024-06-09,health,426
27316,E,2024-02-16,home,589
27317,W,2024-06-29,home,686
27318,S,2024-01-23,home,961
27319,N,2024-07-09,home,706
27320,N,2024-10-19,health,644
27321,W,2024-01-25,home,611
27323,N,2024-01-15,auto,524
27324,W,2024-11-24,home,780
27325,W,2024-03-18,auto,568
27326,S,2024-01-18,health,828
27327,E,2024-03-09,auto,660
27328,S,2024-08-07,home,756
27329,S,2024-02-01,auto,449
27331,N,2024-07-21,home,561
27332,E,2024-06-30,home,803
27333,N,2024-08-16,travel,521
27334,W,2024-01-11,home,859
27335,N,2024-02-07,health,937
27336,N,2024-04-04,home,567
27338,E,2024-08-30,health,488
27339,S,2024-07-30,auto,836
27340,N,2024-02-13,auto,890
27341,W,2024-06-23,home,577
27342,N,2024-11-22,travel,810
27343,W,2024-05-22,health,644
27344,W,2024-09-28,auto,652
27345,S,2024-06-17,home,600
27346,N,2024-11-01,health,$698
27347,N,2024-06-20,travel,628
27348,N,2024-01-28,home,583
27349,S,2024-04-25,home,671
27350,N,2024-10-20,travel,575
27351,E,2024-04-28,auto,903
27352,N,2024-01-12,health,723
27353,E,2024-08-10,health,695
27354,E,2024-08-04,auto,535
27355,W,2024-06-13,health,767
27357,E,2024-05-24,health,616
27358,W,2024-09-30,health,$478
27359,E,2024-09-22,travel,552
27360,W,2024-07-11,health,658
27361,E,2024-11-03,health,695
27362,E,2024-10-03,auto,565
27363,S,2024-06-07,travel,$519
27364,N,2024-06-26,auto,609
27365,W,2024-09-09,health,482
27366,S,2024-11-05,travel,585
27367,N,2024-01-15,home,539
27368,W,2024-02-25,auto,751
27369,W,2024-09-17,health,508
27370,N,2024-05-13,home,484
27372,W,2024-01-29,auto,576
27373,E,2024-06-30,travel,865
27374,E,2024-06-26,auto,754
27375,E,2024-03-10,travel,662
27376,E,2024-09-23,home,594
27377,S,2024-03-17,travel,735
27378,W,2024-09-01,health,421
27379,S,2024-07-27,auto,946
27380,N,2024-10-09,travel,739
27381,W,2024-09-06,home,803
27382,E,2024-02-08,health,642
27383,E,2024-04-27,home,522
27384,W,2024-02-23,health,695
27385,N,2024-08-19,health,633
27386,E,2024-04-16,home,698
27387,W,2024-10-18,travel,577
27388,W,2024-07-12,travel,688
27389,N,2024-05-18,auto,714
27390,E,2024-02-17,home,898
27391,E,2024-10-01,health,797
27392,S,2024-11-18,auto,493
27393,N,2024-04-19,home,USD 945
27394,S,2024-06-07,health,561
27395,N,2024-04-01,health,569
27396,W,2024-06-28,auto,669
27397,E,2024-03-23,auto,504
27398,E,2024-08-29,health,715
27399,E,2024-10-27,auto,645
27400,E,2024-07-30,home,568
27401,W,2024-01-21,home,666
27402,W,2024-01-20,home,745
27404,E,2024-01-11,health,789
27405,W,2024-03-29,home,716
27406,W,2024-10-28,home,725
27407,E,2024-04-06,auto,686
27408,N,2024-05-20,auto,553
27409,W,2024-10-18,auto,816
27410,S,2024-08-31,travel,897
27411,E,2024-05-29,home,686
27412,E,2024-11-21,home,585
27413,S,2024-08-23,auto,1076
27414,N,2024-05-26,auto,760
27415,N,2024-07-19,auto,726
27416,W,2024-09-22,travel,656
27417,W,2024-05-24,auto,741
27418,N,2024-03-30,travel,845
27419,E,2024-03-12,travel,615
27420,E,2024-09-07,auto,363
27421,S,2024-10-22,health,700
27422,E,2024-10-02,travel,422
27423,N,2024-04-29,health,701
27425,N,2024-05-28,home,548
27426,W,2024-04-21,auto,762
27427,E,2024-08-10,travel,902
27428,E,2024-04-28,auto,990
27429,W,2024-11-06,health,519
27430,N,2024-09-25,auto,581
27431,E,2024-09-12,travel,671
27432,W,2024-10-19,auto,624
27433,E,2024-07-24,home,728
27434,W,2024-04-28,health,501
27435,W,2024-02-25,home,712
27436,E,2024-10-28,auto,613
27437,N,2024-08-05,health,526
27438,E,2024-05-18,auto,946
27439,S,2024-03-02,auto,580
27440,E,2024-04-04,auto,567
27441,W,2024-01-13,travel,362
27442,N,2024-09-04,health,739
27444,E,2024-03-02,home,481
27445,N,2024-07-14,travel,709
27446,W,2024-05-25,auto,537
27447,N,2024-06-29,home,515
27448,N,2024-02-09,travel,USD 586
27449,W,2024-11-13,auto,514
27450,S,2024-10-29,travel,880
27451,E,2024-11-21,home,962
27452,W,2024-09-24,health,691
27453,E,2024-07-16,auto,837
27454,W,2024-05-16,health,481
27455,N,2024-07-05,travel,616
27456,E,2024-03-02,health,772
27457,W,2024-10-25,travel,$890
27458,E,2024-07-03,health,710
27459,N,2024-11-21,home,595
27460,N,2024-10-11,home,733
27461,W,2024-07-19,health,482
27462,N,2024-05-02,home,482
27463,N,2024-01-17,travel,511
27464,E,2024-05-09,home,493
27465,E,2024-02-18,auto,633
27466,S,2024-04-07,travel,678
27467,S,2024-04-19,home,612
27468,W,2024-07-18,health,517
27469,E,2024-08-27,auto,695
27470,E,2024-01-13,home,431
27471,S,2024-02-24,auto,$855
27472,W,2024-07-13,auto,672
27473,N,2024-04-11,auto,584
27474,W,2024-07-07,auto,795
27475,E,2024-08-03,travel,934
27476,W,2024-08-18,auto,684
27477,W,2024-07-27,home,610
27478,N,2024-02-13,home,590
27479,N,2024-08-06,home,635
27480,S,2024-07-02,home,612
27481,N,2024-07-11,home,715
27482,N,2024-07-25,home,556
27483,W,2024-03-15,health,USD 571
27484,N,2024-10-22,auto,785
27485,S,2024-01-28,travel,569
27486,E,2024-04-09,travel,397
27487,E,2024-01-18,health,673
27488,S,2024-07-11,travel,780
27489,S,2024-02-25,home,783
27490,E,2024-05-21,travel,615
27491,E,2024-03-07,travel,558
27492,W,2024-04-04,travel,362
27493,N,2024-01-23,health,860
27494,N,2024-07-13,auto,703
27495,N,2024-02-13,auto,837
27496,W,2024-05-19,health,749
27497,E,2024-04-24,home,523
27498,W,2024-03-23,home,537
27499,N,2024-09-26,home,1008
27500,N,2024-05-31,travel,639
27501,E,2024-04-25,travel,673
27502,W,2024-11-03,health,770
27503,S,2024-01-14,health,745
27504,E,2024-07-16,auto,627
27506,N,2024-01-08,travel,516
27507,N,2024-01-01,home,831
27508,W,2024-11-05,health,386
27509,N,2024-10-18,travel,994
27510,W,2024-09-27,auto,$963
27511,S,2024-03-29,health,682
27512,E,2024-05-30,auto,590
27513,S,2024-01-20,home,$599
27514,W,2024-06-14,home,532
27515,E,2024-09-23,travel,645
27516,N,2024-01-13,health,521
27517,N,2024-03-29,health,699
27518,W,2024-02-16,health,494
27519,S,2024-11-18,health,726
27520,S,2024-06-01,travel,701
27521,W,2024-01-01,auto,706
27522,E,2024-07-07,travel,489
27523,E,2024-04-04,health,548
27524,S,2024-10-07,travel,712
27525,E,2024-05-07,home,$668
27526,W,2024-02-23,auto,527
27527,S,2024-04-11,home,795
27528,N,2024-07-15,health,$815
27529,W,2024-03-03,travel,875
27530,E,2024-02-28,home,509
27531,E,2024-10-22,auto,776
27532,S,2024-01-26,auto,539
27533,N,2024-10-05,auto,894
27534,E,2024-05-24,travel,791
27535,E,2024-10-08,health,491
27536,E,2024-03-07,home,518
27537,W,2024-11-07,home,1172
27538,N,2024-10-28,auto,USD 636
27539,S,2024-02-16,travel,$845
27540,S,2024-06-25,home,596
27541,E,2024-04-10,health,579
27542,E,2024-03-29,travel,832
27543,N,2024-11-01,auto,600
27544,S,2024-04-26,auto,$596
27545,W,2024-11-06,auto,459
27546,N,2024-10-19,auto,661
27547,N,2024-07-02,home,576
27548,S,2024-07-26,auto,739
27549,N,2024-03-14,auto,645
27550,W,2024-07-10,health,810
27551,E,2024-07-20,health,587
27552,N,2024-05-02,travel,568
27553,N,2024-10-26,travel,680
27554,W,2024-07-03,travel,1062
27555,W,2024-10-15,home,606
27556,W,2024-01-19,health,541
27557,E,2024-11-23,health,852
27558,E,2024-09-22,home,608
27559,N,2024-01-10,travel,723
27560,E,2024-04-09,auto,655
27561,E,2024-07-23,auto,396
27562,N,2024-03-02,travel,520
27563,W,2024-09-21,health,561
27564,S,2024-09-20,travel,839
27565,E,2024-02-20,auto,565
27566,E,2024-02-11,home,629
27567,E,2024-06-18,home,446
27568,S,2024-02-25,health,774
27569,S,2024-03-03,health,$829
27570,E,2024-02-29,auto,743
27571,N,2024-10-17,auto,754
27572,N,2024-01-16,health,959
27573,W,2024-08-29,health,699
27574,W,2024-09-10,auto,911
27575,E,2024-08-08,auto,758
27576,W,2024-09-09,auto,497
27577,W,2024-08-18,auto,550
27578,S,2024-03-07,travel,521
27579,W,2024-03-12,health,763
27580,N,2024-04-07,home,829
27581,W,2024-04-21,travel,1056
27582,S,2024-07-25,travel,USD 501
27583,N,2024-04-15,auto,556
27584,S,2024-06-03,travel,570
27585,N,2024-10-08,travel,772
27586,N,2024-09-25,auto,564
27587,E,2024-09-15,home,620
27588,W,2024-03-05,home,737
27589,S,2024-05-30,home,490
27590,N,2024-11-15,auto,834
27591,E,2024-03-17,travel,$842
27592,W,2024-01-05,home,USD 658
27593,E,2024-06-30,auto,742
27594,E,2024-10-04,health,$489
27595,N,2024-11-23,auto,926
27596,N,2024-07-24,home,693
27597,N,2024-04-22,auto,588
27598,N,2024-03-29,travel,472
27599,W,2024-08-02,auto,439
27600,S,2024-06-11,health,USD 788
27601,N,2024-04-08,health,1044
27603,S,2024-01-21,auto,931
27604,E,2024-10-10,auto,705
27605,S,2024-02-25,auto,578
27606,N,2024-11-16,auto,1044
27607,N,2024-04-27,auto,604
27608,W,2024-08-24,auto,433
27610,N,2024-08-31,health,813
27611,N,2024-10-27,health,533
27612,S,2024-10-03,health,626
27613,W,2024-01-23,travel,660
27614,N,2024-02-29,health,$478
27615,S,2024-02-03,travel,489
27616,W,2024-06-03,home,753
27617,E,2024-09-27,auto,USD 598
27618,E,2024-09-20,auto,663
27619,E,2024-02-13,home,526
27620,W,2024-05-26,health,581
27621,W,2024-10-13,home,645
27622,W,2024-06-07,travel,424
27623,N,2024-07-01,home,779
27624,W,2024-07-18,health,672
27625,E,2024-03-26,travel,718
27626,W,2024-11-10,travel,702
27627,W,2024-05-09,auto,580
27628,N,2024-10-24,auto,833
27629,S,2024-06-16,health,632
27630,E,2024-10-22,travel,610
27631,W,2024-02-13,auto,"$1,157"
27632,W,2024-03-20,auto,$698
27633,S,2024-07-06,auto,986
27634,W,2024-03-09,travel,692
27635,E,2024-11-11,home,648
27636,S,2024-03-27,auto,463
27637,W,2024-08-14,home,758
27638,E,2024-07-02,home,901
27639,E,2024-02-27,auto,704
27640,S,2024-06-28,auto,627
27641,N,2024-08-01,auto,570
27642,E,2024-04-20,travel,668
27643,S,2024-09-02,home,594
27644,E,2024-10-17,auto,339
27645,N,2024-06-20,home,729
27646,S,2024-07-26,travel,582
27647,W,2024-04-28,auto,614
27648,N,2024-08-13,auto,995
27649,W,2024-09-16,travel,384
27650,E,2024-05-20,home,1193
27651,N,2024-08-20,health,515
27652,E,2024-01-27,travel,695
27653,S,2024-11-14,travel,USD 675
27654,W,2024-03-18,auto,$786
27655,W,2024-05-10,auto,649
27656,W,2024-06-16,auto,670
27658,S,2024-02-03,auto,562
27659,S,2024-08-27,travel,686
27660,E,2024-04-23,home,616
27661,N,2024-06-14,home,535
27662,E,2024-07-03,travel,USD 921
27663,E,2024-01-12,auto,448
27664,E,2024-01-22,home,668
27665,E,2024-03-01,travel,950
27666,N,2024-02-26,travel,645
27667,S,2024-11-15,health,1143
27668,E,2024-02-05,health,509
27669,S,2024-08-10,health,715
27670,N,2024-11-18,health,596
27671,S,2024-01-30,home,484
27672,E,2024-01-26,health,979
27673,S,2024-11-21,auto,589
27674,E,2024-03-10,health,716
27675,W,2024-05-18,health,655
27676,W,2024-03-10,auto,933
27677,N,2024-11-16,home,538
27678,S,2024-01-16,home,473
27679,E,2024-10-09,auto,608
27680,S,2024-03-09,travel,541
27681,W,2024-01-23,travel,674
27682,W,2024-06-22,health,977
27683,N,2024-02-08,auto,805
27684,N,2024-06-10,health,698
27685,W,2024-04-13,home,USD 707
27686,W,2024-07-07,health,592
27687,E,2024-02-05,travel,588
27688,S,2024-06-23,health,787
27689,S,2024-05-07,health,453
27690,N,2024-08-21,health,864
27691,W,2024-09-19,home,489
27692,E,2024-05-04,home,1097
27693,W,2024-01-15,auto,USD 695
27694,E,2024-01-08,auto,737
27695,S,2024-03-16,home,692
27696,E,2024-08-09,home,865
27697,S,2024-02-12,auto,973
27698,N,2024-03-03,health,707
27699,N,2024-06-26,auto,808
27700,W,2024-07-21,travel,424
27701,N,2024-07-02,auto,765
27702,E,2024-05-29,health,$478
27703,S,2024-11-01,travel,605
27704,W,2024-11-10,travel,722
27705,S,2024-11-21,health,691
27706,E,2024-02-14,health,770
27707,E,2024-09-27,auto,615
27708,E,2024-03-17,home,541
27709,S,2024-01-16,auto,1045
27710,N,2024-01-11,auto,695
27711,N,2024-04-01,auto,747
27712,S,2024-03-06,auto,848
27713,N,2024-05-13,travel,$523
27714,E,2024-04-13,travel,546
27715,E,2024-08-02,home,1034
27716,N,2024-08-16,health,741
27717,E,2024-05-03,health,764
27718,N,2024-03-02,auto,668
27719,W,2024-10-20,travel,USD 697
27720,E,2024-01-07,home,497
27721,S,2024-03-26,home,717
27722,E,2024-07-06,health,604
27723,N,2024-02-16,health,636
27724,N,2024-03-06,home,690
27725,W,2024-07-05,travel,621
27726,N,2024-01-24,home,836
27727,E,2024-09-10,health,582
27728,W,2024-11-09,health,955
27729,S,2024-11-24,health,421
27730,N,2024-01-25,health,506
27731,S,2024-06-08,auto,511
27732,E,2024-08-19,home,USD 698
27734,S,2024-01-27,home,722
27735,E,2024-01-03,travel,669
27736,E,2024-05-03,travel,684
27737,N,2024-01-08,travel,429
27738,N,2024-11-07,auto,782
27739,S,2024-09-11,home,886
27740,W,2024-01-01,auto,441
27741,N,2024-05-26,home,$698
27742,E,2024-11-01,auto,$448
27743,S,2024-11-22,health,522
27744,S,2024-01-06,home,664
27745,W,2024-10-09,home,805
27746,E,2024-06-16,auto,544
27747,S,2024-03-04,travel,749
27748,E,2024-05-31,home,762
27749,W,2024-03-24,health,346
27750,E,2024-02-01,travel,715
27751,S,2024-04-08,health,734
27752,N,2024-03-22,auto,651
27753,W,2024-09-03,home,583
27754,S,2024-05-18,auto,$846
27755,E,2024-03-07,home,741
27756,W,2024-10-07,home,944
27758,N,2024-07-07,auto,675
27759,S,2024-11-25,home,547
27760,W,2024-06-03,auto,948
27762,E,2024-03-27,auto,479
27763,E,2024-11-09,auto,845
27764,S,2024-01-07,home,1076
27765,W,2024-10-10,health,723
27766,N,2024-09-10,travel,800
27767,W,2024-04-13,health,708
27768,W,2024-02-25,travel,1139
27769,E,2024-06-24,home,712
27770,E,2024-02-08,health,630
27771,N,2024-08-22,home,539
27772,N,2024-03-29,home,521
27773,S,2024-07-18,travel,826
27774,E,2024-07-07,home,649
27775,N,2024-03-29,auto,848
27776,N,2024-03-17,health,502
27777,E,2024-11-23,health,516
27778,W,2024-05-31,home,691
27779,S,2024-07-13,home,765
27780,W,2024-03-03,travel,638
27781,N,2024-10-18,travel,610
27782,N,2024-09-27,health,486
27783,W,2024-01-12,auto,730
27784,E,2024-04-16,home,798
27785,W,2024-05-03,travel,722
27786,W,2024-09-05,travel,754
27787,N,2024-08-08,travel,592
27788,N,2024-07-01,travel,608
27789,S,2024-06-08,auto,525
27790,S,2024-04-30,home,633
27791,E,2024-11-22,travel,777
27792,S,2024-10-05,auto,794
27793,W,2024-01-08,auto,705
27794,S,2024-04-02,travel,USD 787
27795,E,2024-08-25,travel,775
27796,S,2024-06-20,auto,894
27797,E,2024-08-12,auto,1027
27798,N,2024-04-05,auto,613
27799,N,2024-04-25,travel,574
27800,S,2024-02-29,auto,691
27801,E,2024-04-30,health,839
27802,S,2024-03-29,travel,483
27803,S,2024-02-11,home,790
27804,E,2024-08-08,travel,803
27805,N,2024-04-24,home,515
27806,W,2024-01-30,auto,625
27807,N,2024-07-28,travel,443
27808,W,2024-05-17,home,828
27809,W,2024-01-11,travel,USD 464
27810,W,2024-03-25,home,635
27811,N,2024-07-18,health,$792
27812,W,2024-06-15,home,438
27813,N,2024-11-18,health,525
27814,W,2024-10-28,auto,787
27815,N,2024-10-27,health,630
27816,W,2024-08-02,health,735
27817,W,2024-10-12,travel,622
27818,N,2024-10-09,health,539
27819,E,2024-07-03,health,744
27820,S,2024-03-09,home,648
27821,E,2024-06-23,travel,627
27822,S,2024-06-15,home,671
27823,E,2024-08-20,travel,385
27824,N,2024-03-01,auto,533
27826,W,2024-11-04,health,979
27827,E,2024-07-28,health,620
27828,S,2024-03-11,auto,475
27829,W,2024-03-13,auto,505
27830,N,2024-10-08,travel,$706
27831,W,2024-09-16,auto,584
27832,E,2024-07-10,auto,775
27833,N,2024-07-20,health,783
27834,N,2024-07-20,home,514
27835,W,2024-08-29,auto,$971
27836,E,2024-03-06,travel,$517
27837,N,2024-06-17,auto,783
27838,N,2024-03-07,auto,749
27839,W,2024-03-02,health,764
27840,N,2024-07-29,travel,752
27841,N,2024-05-28,auto,810
27842,N,2024-03-25,auto,575
27843,N,2024-01-01,home,548
27844,E,2024-02-01,health,506
27845,E,2024-02-05,home,605
27846,S,2024-01-15,travel,654
27847,E,2024-02-27,health,672
27848,N,2024-05-17,health,801
27849,N,2024-04-08,home,741
27850,W,2024-06-09,auto,917
27851,E,2024-10-05,health,780
27852,N,2024-01-27,auto,897
27853,W,2024-11-20,auto,664
27854,S,2024-02-12,home,857
27855,S,2024-04-01,home,688
27856,N,2024-03-13,travel,464
27857,S,2024-03-22,travel,630
27858,N,2024-02-26,travel,628
27859,W,2024-10-25,travel,804
27860,E,2024-07-14,health,781
27861,S,2024-04-21,auto,597
27862,W,2024-05-26,health,617
27863,W,2024-03-30,travel,637
27864,N,2024-07-19,health,537
27865,N,2024-07-26,health,779
27866,S,2024-05-21,health,$611
27867,S,2024-01-28,health,568
27868,S,2024-04-10,home,452
27869,S,2024-07-30,health,841
27870,N,2024-10-20,health,995
27871,N,2024-09-11,home,$488
27872,S,2024-03-28,travel,612
27873,N,2024-04-10,travel,698
27874,E,2024-01-15,home,824
27875,E,2024-05-19,health,502
27876,N,2024-01-03,travel,1148
27877,E,2024-02-24,health,645
27878,W,2024-06-24,travel,581
27879,S,2024-09-26,health,915
27880,W,2024-03-19,home,683
27881,N,2024-10-15,home,USD 813
27882,E,2024-09-05,health,644
27883,N,2024-02-17,home,489
27885,N,2024-07-14,home,834
27886,E,2024-03-24,auto,969
27887,W,2024-02-24,health,911
27888,E,2024-02-29,home,700
27889,E,2024-09-05,health,725
27890,S,2024-10-22,home,1037
27891,N,2024-10-10,travel,932
27892,N,2024-09-13,travel,615
27894,W,2024-10-01,health,723
27895,E,2024-05-20,health,784
27896,N,2024-01-12,home,713
27897,E,2024-05-26,travel,911
27898,S,2024-01-18,health,697
27899,N,2024-09-29,health,568
27900,N,2024-01-03,travel,649
27901,W,2024-08-27,health,553
27902,N,2024-04-11,auto,605
27903,W,2024-06-13,home,631
27904,N,2024-05-25,health,882
27905,W,2024-06-10,auto,725
27907,S,2024-10-07,home,758
27908,E,2024-09-05,home,$453
27909,S,2024-08-16,auto,526
27910,W,2024-06-25,auto,678
27911,S,2024-09-14,travel,884
27912,N,2024-07-21,travel,709
27913,N,2024-09-11,auto,487
27914,E,2024-02-08,home,668
27915,S,2024-03-07,auto,715
27916,E,2024-02-12,travel,548
27917,W,2024-06-15,auto,576
27918,N,2024-05-23,home,787
27920,S,2024-04-25,auto,556
27921,S,2024-11-10,travel,503
27922,W,2024-09-05,health,521
27923,E,2024-08-03,home,516
27924,S,2024-06-30,home,704
27925,W,2024-08-25,auto,970
27926,E,2024-07-17,home,552
27927,W,2024-10-26,home,941
27928,N,2024-05-18,home,493
27929,E,2024-08-23,travel,724
27930,S,2024-02-27,health,547
27931,S,2024-05-04,health,647
27932,N,2024-08-29,travel,613
27933,S,2024-06-05,health,732
27934,E,2024-11-08,health,490
27935,E,2024-03-12,travel,770
27936,W,2024-11-18,home,512
27937,E,2024-09-15,auto,1118
27938,S,2024-07-13,travel,$608
27939,E,2024-05-15,travel,888
27940,S,2024-01-12,health,537
27941,E,2024-09-25,auto,$665
27942,E,2024-05-06,home,503
27943,N,2024-03-04,auto,622
27944,S,2024-10-16,travel,766
27945,W,2024-02-13,home,720
27946,S,2024-02-04,home,694
27947,W,2024-11-11,travel,USD 547
27948,S,2024-05-29,health,885
27949,E,2024-09-28,travel,686
27950,E,2024-10-25,auto,660
27951,W,2024-02-22,home,USD 554
27952,S,2024-06-07,health,$683
27953,E,2024-09-20,home,498
27954,W,2024-06-20,auto,492
27955,E,2024-09-14,travel,701
27956,W,2024-06-07,health,$857
27957,N,2024-02-27,home,482
27958,E,2024-09-04,health,656
27959,W,2024-10-25,travel,549
27960,S,2024-06-03,auto,507
27961,E,2024-06-22,health,431
27962,S,2024-04-20,travel,638
27963,W,2024-01-26,home,576
27964,S,2024-05-18,health,598
27965,N,2024-10-14,travel,722
27966,W,2024-11-17,auto,541
27967,S,2024-04-09,health,691
27968,W,2024-03-23,health,706
27969,W,2024-08-11,auto,369
27970,N,2024-04-13,home,627
27971,S,2024-01-07,travel,720
27972,S,2024-10-06,auto,556
27973,W,2024-05-06,home,617
27974,W,2024-09-20,home,732
27975,N,2024-05-29,travel,585
27976,N,2024-05-30,travel,517
27977,W,2024-07-31,home,902
27978,S,2024-08-13,auto,986
27979,W,2024-06-17,health,691
27980,W,2024-09-04,home,580
27981,N,2024-10-11,home,USD 522
27982,S,2024-02-12,home,674
27983,E,2024-05-23,auto,725
27984,N,2024-07-14,travel,517
27985,N,2024-11-16,auto,521
27986,S,2024-05-28,travel,665
27987,W,2024-08-11,health,649
27988,N,2024-07-29,auto,$622
27989,E,2024-06-29,auto,934
27990,E,2024-01-13,health,464
27991,N,2024-08-12,health,$911
27992,S,2024-09-18,health,694
27993,E,2024-06-10,travel,637
27994,E,2024-08-10,auto,636
27996,N,2024-01-29,auto,676
27997,E,2024-04-25,home,563
27998,W,2024-04-21,health,$495
27999,E,2024-03-12,auto,USD 471
28000,S,2024-08-18,travel,586
28001,S,2024-07-22,home,808
28002,S,2024-06-28,home,558
28004,N,2024-04-27,travel,460
28005,N,2024-08-23,travel,469
28006,E,2024-09-15,travel,784
28007,N,2024-07-03,home,627
28008,W,2024-07-20,travel,805
28009,S,2024-02-01,auto,785
28010,N,2024-02-17,health,589
28011,E,2024-06-16,home,$904
28012,N,2024-06-24,travel,604
28013,E,2024-06-03,travel,547
28014,N,2024-01-19,health,513
28015,N,2024-05-31,home,572
28016,W,2024-06-03,auto,970
28017,N,2024-01-23,home,730
28018,S,2024-04-01,health,544
28019,S,2024-04-14,home,762
28020,E,2024-01-28,home,492
28021,N,2024-11-12,health,565
28022,W,2024-10-19,travel,531
28023,W,2024-09-23,health,671
28024,S,2024-05-05,travel,684
28025,E,2024-01-10,auto,611
28026,N,2024-04-06,home,867
28027,S,2024-06-08,home,653
28028,W,2024-08-12,travel,664
28029,S,2024-01-01,health,722
28030,E,2024-03-19,auto,937
28031,N,2024-08-29,travel,571
28032,E,2024-07-27,auto,614
28033,W,2024-05-19,health,783
28034,N,2024-09-17,home,637
28035,N,2024-09-09,home,585
28036,E,2024-03-13,home,797
28037,W,2024-08-08,travel,710
28038,S,2024-04-21,home,619
28039,N,2024-07-22,auto,988
28040,S,2024-09-07,home,690
28041,W,2024-10-15,home,705
28042,E,2024-09-18,auto,USD 506
28043,N,2024-02-09,home,551
28044,W,2024-09-10,auto,635
28046,E,2024-03-24,health,717
28047,N,2024-02-05,home,$655
28048,E,2024-03-04,home,429
28049,E,2024-03-24,health,917
28050,W,2024-01-15,health,$514
28051,W,2024-06-07,auto,655
28052,N,2024-10-09,health,498
28053,S,2024-02-14,home,822
28054,W,2024-04-09,home,829
28055,N,2024-09-05,travel,570
28056,N,2024-09-12,home,655
28057,S,2024-01-29,health,696
28058,W,2024-05-20,auto,650
28059,E,2024-03-07,home,533
28060,S,2024-03-18,travel,760
28061,W,2024-06-21,auto,504
28062,N,2024-01-28,home,701
28063,E,2024-10-19,auto,788
28065,W,2024-07-24,travel,748
28066,S,2024-03-10,health,710
28067,W,2024-07-19,auto,651
28068,W,2024-03-26,travel,637
28069,E,2024-04-18,travel,USD 588
28070,S,2024-01-03,home,818
28071,N,2024-11-09,health,628
28073,W,2024-04-27,health,831
28074,W,2024-11-05,health,695
28075,W,2024-03-23,health,529
28076,E,2024-06-21,auto,613
28077,N,2024-03-01,home,$776
28078,S,2024-08-29,auto,503
28079,E,2024-07-13,travel,722
28081,N,2024-04-04,travel,745
28082,S,2024-05-14,health,557
28083,W,2024-01-14,travel,422
28084,W,2024-02-02,travel,444
28085,W,2024-01-20,health,530
28086,N,2024-06-07,travel,694
28087,W,2024-04-05,home,922
28088,S,2024-11-01,auto,798
28089,S,2024-05-02,home,456
28090,E,2024-06-28,travel,826
28091,N,2024-06-04,health,757
28092,N,2024-01-27,auto,841
28093,E,2024-06-09,home,638
28094,E,2024-11-24,travel,762
28095,N,2024-05-22,home,792
28096,W,2024-09-16,health,609
28097,S,2024-02-15,home,531
28098,E,2024-11-06,auto,$463
28099,E,2024-07-07,auto,978
28100,E,2024-03-16,travel,$786
28101,N,2024-02-13,home,$524
28102,E,2024-01-07,travel,$562
28103,W,2024-11-21,home,487
28104,E,2024-07-15,home,629
28105,E,2024-04-27,home,590
28106,E,2024-05-30,auto,896
28107,N,2024-10-08,auto,882
28108,N,2024-07-30,home,580
28109,W,2024-09-11,home,788
28110,E,2024-01-13,home,$597
28111,N,2024-05-18,auto,696
28112,E,2024-08-18,health,554
28113,N,2024-05-18,travel,628
28114,E,2024-02-16,health,632
28115,S,2024-01-07,health,506
28116,E,2024-08-12,health,532
28117,W,2024-05-18,auto,802
28118,N,2024-08-26,home,586
28119,S,2024-01-22,home,773
28120,W,2024-01-27,auto,537
28121,S,2024-11-17,home,643
28122,S,2024-09-21,auto,758
28123,W,2024-08-11,travel,823
28124,E,2024-04-10,home,659
28125,E,2024-10-28,travel,$548
28126,E,2024-03-13,health,597
28127,E,2024-09-25,travel,USD 744
28128,E,2024-05-08,travel,544
28129,W,2024-10-16,home,883
28130,N,2024-04-11,auto,761
28132,N,2024-10-01,auto,889
28133,E,2024-01-19,auto,677
28134,S,2024-11-21,health,504
28135,N,2024-04-13,auto,839
28136,W,2024-07-05,travel,512
28137,N,2024-06-02,health,588
28138,W,2024-03-14,home,535
28139,N,2024-11-06,travel,829
28140,N,2024-11-02,travel,563
28141,W,2024-07-17,home,729
28142,W,2024-11-08,home,767
28143,N,2024-06-23,travel,633
28144,N,2024-01-23,home,768
28145,N,2024-07-16,auto,529
28146,E,2024-02-18,health,626
28147,N,2024-01-12,health,781
28148,E,2024-08-11,travel,547
28149,E,2024-11-21,health,567
28150,N,2024-04-20,health,727
28151,N,2024-01-22,travel,641
28152,W,2024-07-07,auto,914
28153,S,2024-11-05,travel,992
28154,N,2024-08-29,home,812
28155,W,2024-01-07,auto,868
28156,E,2024-01-05,auto,661
28158,S,2024-03-06,health,976
28159,S,2024-03-11,home,609
28160,N,2024-04-25,travel,520
28162,W,2024-06-03,auto,696
28163,W,2024-08-15,travel,552
28165,S,2024-03-30,home,666
28166,W,2024-01-26,home,$618
28167,W,2024-03-24,auto,$687
28168,S,2024-01-03,home,584
28169,N,2024-01-28,auto,1041
28170,S,2024-05-12,travel,694
28171,W,2024-01-15,auto,602
28172,N,2024-07-06,travel,USD 577
28173,W,2024-07-06,health,567
28174,W,2024-07-26,auto,723
28175,E,2024-06-24,home,459
28176,W,2024-09-25,health,629
28177,W,2024-07-16,home,1020
28178,W,2024-09-15,travel,826
28179,W,2024-06-15,auto,901
28180,E,2024-11-05,health,623
28181,N,2024-05-07,auto,1130
28182,N,2024-08-26,travel,884
28183,E,2024-01-29,auto,592
28184,S,2024-11-10,health,497
28185,S,2024-09-06,auto,666
28186,N,2024-05-16,health,USD 538
28187,N,2024-01-21,health,$621
28188,E,2024-02-08,health,629
28189,W,2024-02-13,home,653
28190,E,2024-03-03,auto,505
28191,W,2024-06-16,travel,$477
28192,S,2024-10-13,home,600
28193,W,2024-10-08,auto,682
28194,N,2024-08-27,auto,701
28196,W,2024-01-09,home,977
28197,W,2024-11-11,auto,590
28198,N,2024-11-03,home,623
28199,E,2024-01-11,health,775
28200,N,2024-02-07,health,749
28201,E,2024-06-07,home,399
28202,E,2024-02-04,auto,663
28203,S,2024-05-28,auto,513
28205,E,2024-03-30,home,854
28206,S,2024-02-13,travel,620
28207,N,2024-01-05,health,USD 785
28208,E,2024-05-30,travel,573
28209,E,2024-01-21,health,621
28210,N,2024-04-02,health,812
28211,S,2024-08-06,health,659
28212,E,2024-11-01,auto,708
28213,S,2024-05-16,auto,USD 1076
28214,N,2024-10-28,home,891
28215,N,2024-10-09,travel,663
28216,W,2024-03-04,auto,547
28217,N,2024-02-28,travel,736
28218,W,2024-05-12,auto,548
28219,S,2024-03-07,health,561
28220,N,2024-04-26,health,688
28221,N,2024-01-28,auto,730
28222,N,2024-05-06,auto,857
28223,E,2024-08-02,travel,657
28224,E,2024-07-27,travel,782
28225,N,2024-08-16,health,594
28226,N,2024-05-04,home,1081
28227,W,2024-04-07,health,515
28228,S,2024-04-20,auto,720
28229,N,2024-02-17,home,805
28230,E,2024-11-19,home,$560
28231,W,2024-09-29,home,465
28232,S,2024-10-07,home,517
28233,N,2024-05-30,auto,807
28234,W,2024-09-16,health,779
28235,S,2024-05-13,health,725
28236,E,2024-07-07,home,503
28237,N,2024-10-12,home,632
28238,W,2024-04-27,health,589
28239,N,2024-10-24,home,546
28240,N,2024-05-13,health,483
28241,E,2024-03-20,auto,404
28242,E,2024-08-09,auto,641
28243,N,2024-04-20,home,565
28245,S,2024-05-14,auto,$691
28246,N,2024-06-04,home,695
28247,E,2024-06-24,home,711
28250,S,2024-06-24,travel,620
28251,W,2024-09-28,home,767
28252,E,2024-07-29,travel,581
28253,N,2024-10-30,home,732
28254,E,2024-07-28,health,667
28255,S,2024-01-18,travel,889
28256,S,2024-01-15,auto,720
28257,W,2024-06-01,home,478
28258,E,2024-07-10,auto,678
28259,E,2024-07-15,auto,744
28260,W,2024-03-06,auto,563
28261,E,2024-03-03,home,USD 417
28262,N,2024-02-28,health,610
28263,W,2024-04-17,health,800
28264,N,2024-02-25,travel,516
28265,S,2024-06-11,home,1156
28266,W,2024-03-27,travel,541
28267,N,2024-07-31,auto,706
28268,N,2024-01-16,health,551
28269,W,2024-03-30,home,783
28270,S,2024-08-12,auto,935
28271,S,2024-05-03,auto,925
28272,W,2024-07-16,auto,755
28273,W,2024-03-19,home,662
28274,S,2024-02-02,home,812
28275,N,2024-06-14,home,526
28276,W,2024-07-21,auto,811
28277,S,2024-07-17,travel,929
28278,E,2024-05-14,travel,949
28279,S,2024-04-28,auto,561
28280,S,2024-11-02,home,712
28282,E,2024-08-28,home,538
28283,N,2024-01-15,auto,744
28284,S,2024-11-23,home,USD 878
28285,W,2024-03-25,travel,529
28286,W,2024-06-09,health,956
28287,W,2024-08-15,auto,638
28288,E,2024-06-26,home,587
28289,N,2024-04-21,auto,781
28290,W,2024-03-21,auto,554
28291,N,2024-07-01,auto,753
28292,N,2024-01-12,home,576
28293,N,2024-04-27,home,670
28294,W,2024-06-25,travel,675
28295,W,2024-06-12,health,590
28296,N,2024-07-31,travel,799
28297,W,2024-06-23,health,679
28298,N,2024-07-10,health,450
28300,E,2024-11-14,health,446
28301,W,2024-10-06,auto,USD 593
28302,N,2024-10-13,travel,837
28303,N,2024-09-16,health,921
28304,N,2024-10-15,health,559
28305,N,2024-01-18,auto,581
28306,N,2024-02-18,home,721
28307,S,2024-02-13,auto,625
28308,S,2024-06-14,travel,942
28309,S,2024-08-09,travel,660
28310,S,2024-03-20,travel,678
28311,E,2024-10-27,auto,764
28312,S,2024-11-11,travel,677
28313,N,2024-02-23,auto,562
28314,E,2024-06-02,home,497
28315,S,2024-10-15,auto,609
28316,S,2024-11-03,home,647
28317,E,2024-01-07,travel,846
28318,W,2024-02-13,home,424
28319,S,2024-01-17,home,647
28320,W,2024-06-23,auto,536
28321,E,2024-01-08,health,835
28322,W,2024-03-12,health,774
28323,W,2024-04-29,travel,767
28324,N,2024-05-23,home,523
28325,N,2024-01-26,travel,871
28326,N,2024-05-14,home,722
28327,E,2024-07-06,health,1077
28328,N,2024-02-20,home,$709
28329,E,2024-05-19,travel,868
28330,E,2024-04-09,travel,451
28331,W,2024-03-22,travel,836
28332,S,2024-10-20,auto,404
28333,S,2024-07-29,auto,644
28334,W,2024-02-22,auto,835
28335,W,2024-09-20,health,504
28336,W,2024-03-12,travel,601
28337,E,2024-09-18,auto,768
28338,W,2024-06-11,home,667
28339,N,2024-11-23,health,USD 888
28340,N,2024-01-26,health,735
28341,S,2024-05-06,health,499
28342,N,2024-05-21,auto,549
28344,N,2024-08-11,home,896
28345,W,2024-01-31,home,916
28348,E,2024-08-01,health,593
28349,W,2024-09-27,home,588
28350,N,2024-09-30,home,544
28351,S,2024-07-08,home,560
28352,S,2024-09-01,home,1318
28353,S,2024-01-20,auto,567
28354,N,2024-06-03,travel,554
28355,S,2024-04-29,health,442
28356,N,2024-09-26,travel,557
28357,W,2024-05-03,travel,$698
28358,W,2024-02-25,auto,1085
28359,N,2024-07-12,travel,762
28360,W,2024-06-14,auto,$636
28361,E,2024-01-30,health,652
28362,E,2024-03-01,auto,606
28363,W,2024-02-28,auto,665
28364,N,2024-06-30,home,877
28365,S,2024-10-15,home,$676
28367,E,2024-01-31,auto,655
28368,W,2024-03-30,travel,573
28369,S,2024-10-24,home,695
28370,E,2024-06-14,travel,520
28371,E,2024-09-02,health,626
28372,W,2024-10-05,travel,627
28373,W,2024-08-12,health,1275
28374,N,2024-03-12,home,660
28375,E,2024-05-07,travel,736
28376,S,2024-01-07,health,659
28378,S,2024-08-02,auto,734
28379,N,2024-05-04,health,503
28380,E,2024-02-16,health,840
28381,S,2024-06-04,auto,428
28382,S,2024-08-31,travel,737
28383,N,2024-05-26,home,790
28384,E,2024-06-19,auto,471
28385,W,2024-01-12,travel,717
28386,S,2024-01-13,auto,537
28387,S,2024-02-14,health,871
28388,W,2024-03-26,travel,571
28389,N,2024-08-16,health,726
28390,S,2024-05-19,home,744
28391,N,2024-09-29,health,1003
28393,W,2024-02-18,travel,651
28394,W,2024-01-14,health,627
28395,W,2024-01-25,travel,486
28396,N,2024-05-14,health,528
28397,E,2024-02-14,home,$482
28398,W,2024-02-19,travel,504
28399,E,2024-04-05,auto,706
28400,S,2024-09-27,auto,USD 986
28401,N,2024-06-27,home,1022
28403,E,2024-05-20,home,579
28404,S,2024-01-31,auto,634
28405,W,2024-01-07,auto,$556
28406,S,2024-01-10,travel,670
28407,S,2024-04-10,auto,$665
28408,W,2024-02-10,home,1069
28409,N,2024-07-24,health,546
28410,W,2024-08-08,travel,719
28411,N,2024-08-31,auto,847
28412,S,2024-10-28,auto,403
28413,W,2024-03-06,auto,777
28414,N,2024-05-15,travel,840
28415,W,2024-07-02,home,992
28416,E,2024-11-14,travel,USD 796
28417,N,2024-01-23,travel,509
28418,W,2024-10-30,travel,764
28419,W,2024-05-30,travel,650
28420,W,2024-08-07,travel,553
28421,E,2024-06-07,health,808
28422,N,2024-07-01,health,606
28423,N,2024-09-15,travel,805
28424,N,2024-08-23,health,668
28425,W,2024-08-15,travel,676
28426,E,2024-10-14,auto,726
28427,N,2024-01-07,travel,$862
28428,S,2024-02-18,travel,686
28429,E,2024-10-27,home,633
28430,E,2024-10-19,travel,897
28431,E,2024-07-20,health,712
28432,S,2024-05-30,home,856
28433,S,2024-04-11,health,834
28434,N,2024-01-22,home,691
28435,W,2024-11-07,home,536
28436,W,2024-07-11,home,$493
28437,S,2024-01-01,travel,515
28438,W,2024-04-19,home,876
28439,S,2024-04-28,home,571
28441,N,2024-01-22,travel,722
28442,N,2024-01-17,home,577
28443,S,2024-02-24,health,790
28444,S,2024-04-17,health,542
28445,E,2024-06-20,auto,889
28446,N,2024-01-19,health,605
28447,N,2024-07-20,travel,771
28448,E,2024-01-31,home,590
28449,S,2024-04-24,auto,734
28450,E,2024-07-24,health,551
28451,E,2024-10-22,travel,844
28452,S,2024-11-20,auto,720
28453,S,2024-10-07,auto,542
28454,N,2024-04-28,home,763
28455,S,2024-11-12,health,699
28457,W,2024-06-26,auto,840
28458,W,2024-01-12,auto,762
28459,N,2024-05-19,home,539
28460,N,2024-10-05,travel,611
28461,S,2024-08-14,travel,972
28462,S,2024-03-23,home,544
28463,E,2024-10-24,travel,$541
28464,W,2024-01-01,auto,USD 639
28465,W,2024-10-04,auto,USD 1030
28466,W,2024-09-09,auto,674
28467,N,2024-08-30,travel,1063
28468,E,2024-05-05,auto,1022
28469,N,2024-08-03,home,608
28470,N,2024-01-08,auto,638
28471,E,2024-03-27,travel,548
28472,S,2024-09-05,travel,613
28473,S,2024-11-12,travel,USD 742
28474,E,2024-10-13,travel,880
28475,N,2024-03-26,home,766
28477,W,2024-10-21,health,USD 883
28478,W,2024-10-06,home,487
28479,W,2024-03-10,travel,$639
28480,W,2024-03-16,travel,754
28481,N,2024-04-30,travel,622
28482,N,2024-07-22,health,686
28483,E,2024-07-31,travel,1051
28484,W,2024-08-12,home,828
28485,W,2024-04-09,home,974
28487,W,2024-05-06,health,848
28488,E,2024-08-20,health,607
28489,W,2024-06-17,home,792
28490,E,2024-07-25,auto,631
28491,E,2024-08-26,auto,544
28492,N,2024-09-09,travel,USD 630
28493,W,2024-03-25,health,$509
28494,N,2024-04-03,auto,559
28495,E,2024-05-10,health,884
28496,E,2024-04-01,travel,778
28497,S,2024-03-25,travel,776
28498,N,2024-07-13,home,696
28499,W,2024-07-18,health,622
28500,E,2024-07-21,travel,569
28501,E,2024-08-11,auto,670
28502,E,2024-02-12,travel,570
28503,W,2024-11-21,travel,702
28504,E,2024-01-31,home,537
28505,N,2024-02-15,home,$513
28506,S,2024-05-31,health,628
28507,N,2024-08-01,home,836
28508,N,2024-11-23,health,563
28509,E,2024-08-27,health,715
28510,N,2024-01-25,travel,753
28511,W,2024-02-13,auto,612
28512,N,2024-06-25,health,746
28513,W,2024-11-13,travel,446
28514,S,2024-05-23,home,1048
28515,E,2024-05-29,home,469
28516,W,2024-10-26,home,562
28518,E,2024-11-08,auto,717
28519,E,2024-01-22,health,846
28520,E,2024-03-19,auto,706
28523,N,2024-10-19,home,644
28524,S,2024-07-24,health,776
28525,N,2024-11-08,travel,489
28526,E,2024-10-18,home,848
28527,S,2024-07-13,health,471
28528,N,2024-11-22,auto,687
28529,S,2024-05-14,health,588
28530,W,2024-01-13,travel,$693
28531,N,2024-11-21,home,618
28532,N,2024-09-05,auto,582
28533,E,2024-02-10,travel,$605
28534,N,2024-02-03,travel,475
28535,W,2024-10-29,auto,750
28536,S,2024-01-21,auto,716
28537,E,2024-06-06,health,749
28538,N,2024-08-10,travel,751
28539,W,2024-01-10,home,536
28540,S,2024-01-30,auto,615
28541,S,2024-11-08,travel,688
28542,E,2024-03-25,travel,931
28543,W,2024-10-27,auto,$655
28544,N,2024-08-06,auto,$590
28545,E,2024-01-22,travel,531
28546,N,2024-01-14,home,682
28547,S,2024-08-05,health,$837
28548,E,2024-09-23,auto,474
28549,S,2024-05-02,auto,726
28550,N,2024-09-01,health,574
28551,N,2024-07-07,travel,403
28552,S,2024-04-22,home,714
28553,W,2024-03-20,home,743
28554,S,2024-05-21,auto,794
28555,W,2024-07-01,health,697
28556,E,2024-07-18,travel,838
28557,S,2024-02-02,travel,535
28558,N,2024-06-27,auto,447
28559,W,2024-03-12,auto,470
28560,W,2024-04-12,travel,$709
28561,W,2024-04-07,travel,515
28562,E,2024-08-16,auto,729
28563,E,2024-01-29,travel,811
28564,E,2024-06-11,travel,643
28565,E,2024-01-05,health,609
28566,W,2024-10-03,auto,718
28567,W,2024-06-14,health,690
28568,W,2024-06-18,auto,673
28569,S,2024-03-27,health,588
28570,S,2024-03-23,travel,477
28571,W,2024-07-28,health,661
28572,E,2024-01-22,auto,630
28573,S,2024-10-16,auto,$739
28574,E,2024-10-27,auto,$731
28575,S,2024-03-31,travel,604
28576,N,2024-09-04,health,821
28577,E,2024-01-07,travel,638
28578,E,2024-08-15,auto,685
28579,W,2024-09-25,travel,528
28580,N,2024-06-16,home,551
28581,E,2024-07-14,home,661
28582,W,2024-04-16,auto,654
28583,S,2024-02-23,health,543
28584,W,2024-07-30,auto,834
28585,E,2024-03-23,home,949
28586,E,2024-05-20,health,802
28587,W,2024-07-06,travel,952
28588,W,2024-02-20,travel,789
28589,E,2024-10-16,health,604
28590,N,2024-10-17,travel,850
28591,N,2024-01-13,health,667
28592,W,2024-04-09,travel,763
28593,E,2024-02-03,health,717
28595,E,2024-04-23,auto,574
28596,E,2024-07-22,home,660
28597,S,2024-04-21,home,719
28598,W,2024-08-10,auto,1008
28599,N,2024-01-08,health,999
28600,W,2024-10-20,travel,795
28601,E,2024-09-07,home,493
28602,W,2024-02-03,travel,551
28603,E,2024-05-07,health,625
28604,W,2024-02-27,home,744
28605,E,2024-04-08,travel,USD 737
28606,S,2024-01-17,home,686
28607,E,2024-06-13,travel,730
28608,E,2024-09-23,home,801
28609,W,2024-08-06,travel,555
28610,W,2024-08-28,auto,633
28611,E,2024-03-05,health,897
28612,E,2024-05-01,auto,785
28613,S,2024-04-13,auto,641
28614,E,2024-07-19,auto,USD 560
28615,W,2024-01-28,auto,773
28616,E,2024-08-24,home,662
28617,W,2024-06-13,home,554
28618,S,2024-05-19,auto,727
28619,S,2024-06-23,home,831
28620,W,2024-11-17,health,539
28621,E,2024-03-08,health,695
28622,W,2024-03-01,auto,766
28624,E,2024-06-21,auto,569
28625,W,2024-03-08,health,589
28626,W,2024-02-21,home,640
28627,S,2024-05-05,travel,542
28628,N,2024-01-07,home,373
28629,N,2024-01-10,home,622
28630,W,2024-10-17,home,740
28631,N,2024-04-26,health,749
28632,W,2024-05-07,auto,431
28633,W,2024-11-18,home,362
28634,N,2024-02-19,home,739
28635,N,2024-01-02,health,901
28636,E,2024-09-20,home,598
28637,W,2024-02-03,auto,676
28638,E,2024-01-12,home,707
28639,S,2024-06-25,health,545
28640,N,2024-08-22,health,811
28641,N,2024-03-21,travel,513
28642,E,2024-10-14,home,576
28643,W,2024-10-25,auto,562
28644,E,2024-10-02,auto,466
28645,S,2024-11-22,home,$589
28646,N,2024-01-30,travel,780
28647,W,2024-10-10,auto,1258
28648,N,2024-06-27,home,611
28649,E,2024-07-09,travel,USD 714
28650,N,2024-04-22,travel,$941
28651,W,2024-06-30,auto,622
28652,W,2024-06-17,auto,853
28653,S,2024-03-05,auto,414
28654,S,2024-01-29,health,736
28655,N,2024-10-17,travel,983
28656,E,2024-11-11,home,652
28657,S,2024-08-21,health,$820
28658,E,2024-02-21,travel,587
28659,S,2024-04-27,auto,542
28660,N,2024-04-22,health,436
28661,W,2024-03-23,home,$621
28662,W,2024-10-13,health,724
28664,W,2024-03-16,auto,972
28665,N,2024-09-13,travel,695
28666,E,2024-02-24,travel,467
28667,S,2024-01-07,health,641
28668,S,2024-03-12,travel,644
28669,E,2024-07-16,travel,461
28670,N,2024-04-07,home,1241
28671,W,2024-07-06,health,732
28672,N,2024-03-20,travel,659
28674,N,2024-05-08,travel,852
28675,W,2024-01-05,travel,604
28676,S,2024-02-12,health,713
28677,N,2024-05-17,home,794
28678,S,2024-06-04,home,507
28679,E,2024-02-27,auto,730
28680,E,2024-07-18,travel,812
28681,E,2024-06-24,home,763
28682,W,2024-06-01,health,856
28683,E,2024-03-23,auto,514
28684,N,2024-04-01,travel,635
28685,W,2024-02-29,home,656
28686,N,2024-02-22,health,792
28687,N,2024-09-30,health,602
28688,N,2024-08-01,home,720
28689,E,2024-10-25,home,956
28690,N,2024-03-28,health,562
28691,E,2024-10-21,travel,991
28692,S,2024-02-03,home,732
28693,W,2024-07-23,health,591
28694,N,2024-04-30,health,622
28695,W,2024-09-25,health,844
28698,W,2024-11-04,home,955
28699,E,2024-04-27,health,991
28700,N,2024-04-10,travel,$787
28701,W,2024-08-23,travel,890
28702,W,2024-04-23,home,533
28703,E,2024-08-09,home,562
28704,W,2024-04-04,home,937
28705,W,2024-10-21,health,398
28706,N,2024-10-09,health,453
28707,N,2024-04-10,travel,582
28708,N,2024-10-01,home,850
28709,S,2024-08-13,auto,689
28710,E,2024-07-07,auto,USD 448
28711,N,2024-06-11,home,679
28712,W,2024-09-23,travel,1004
28713,W,2024-06-17,home,641
28714,E,2024-04-28,travel,517
28715,E,2024-09-22,auto,1070
28716,W,2024-03-20,travel,775
28717,N,2024-07-20,home,1038
28718,W,2024-03-22,travel,764
28719,S,2024-02-04,auto,488
28720,E,2024-03-27,travel,493
28721,S,2024-08-28,auto,473
28722,E,2024-04-21,health,682
28723,S,2024-11-08,home,587
28724,W,2024-06-26,auto,492
28725,N,2024-07-05,home,493
28726,E,2024-04-18,auto,628
28727,W,2024-03-20,auto,706
28728,W,2024-06-27,health,886
28730,N,2024-11-24,auto,499
28731,E,2024-11-22,travel,1075
28732,W,2024-01-14,auto,869
28733,E,2024-08-28,health,500
28734,S,2024-05-13,travel,527
28735,E,2024-07-02,travel,368
28736,W,2024-11-12,travel,490
28737,W,2024-07-23,auto,728
28738,W,2024-07-07,travel,$602
28739,S,2024-05-28,home,669
28740,W,2024-10-24,auto,735
28741,E,2024-09-16,health,828
28742,N,2024-03-11,home,795
28743,N,2024-05-03,health,742
28744,N,2024-03-04,health,726
28745,E,2024-09-18,health,480
28746,E,2024-09-06,travel,769
28747,W,2024-03-20,health,836
28748,S,2024-10-10,health,763
28749,S,2024-09-02,home,829
28750,E,2024-11-13,auto,604
28751,E,2024-01-29,health,619
28752,S,2024-11-23,travel,719
28753,S,2024-05-23,auto,655
28754,W,2024-08-13,home,741
28755,S,2024-07-27,auto,490
28756,S,2024-03-17,auto,571
28757,E,2024-03-03,travel,485
28758,S,2024-11-25,auto,491
28759,E,2024-07-11,auto,672
28760,S,2024-02-19,auto,890
28761,S,2024-07-25,health,745
28762,S,2024-05-19,auto,623
28763,W,2024-04-12,health,812
28764,W,2024-02-03,home,662
28765,N,2024-10-24,travel,775
28766,E,2024-09-05,travel,566
28767,N,2024-09-19,health,USD 807
28768,S,2024-03-13,auto,869
28769,S,2024-01-19,auto,698
28770,N,2024-09-03,travel,814
28771,E,2024-07-01,home,496
28772,W,2024-09-10,travel,536
28773,N,2024-09-03,health,758
28774,E,2024-08-31,health,581
28775,E,2024-06-24,home,630
28776,W,2024-11-03,travel,915
28777,N,2024-01-07,home,515
28778,S,2024-03-26,health,624
28779,N,2024-05-05,travel,658
28780,N,2024-01-31,auto,616
28781,W,2024-07-25,health,740
28782,E,2024-01-18,auto,546
28783,N,2024-05-28,health,661
28784,W,2024-10-06,home,502
28785,N,2024-01-05,health,608
28786,S,2024-01-19,travel,923
28787,N,2024-09-18,home,657
28788,W,2024-11-20,travel,605
28789,E,2024-04-24,travel,504
28790,W,2024-05-17,travel,570
28791,S,2024-02-25,home,USD 395
28792,N,2024-06-12,auto,779
28793,N,2024-06-06,auto,656
28794,N,2024-06-07,travel,528
28795,N,2024-01-13,health,850
28796,S,2024-07-12,auto,681
28797,W,2024-09-28,home,577
28798,W,2024-10-03,auto,576
28799,E,2024-01-29,home,429
28800,E,2024-01-22,health,558
28801,N,2024-04-28,travel,724
28802,N,2024-03-30,home,752
28803,E,2024-01-12,health,740
28805,W,2024-10-24,travel,487
28807,W,2024-08-12,health,$781
28808,S,2024-01-20,auto,779
28809,W,2024-07-20,health,$684
28810,W,2024-01-24,home,633
28811,S,2024-01-01,health,1062
28812,W,2024-01-19,health,683
28814,E,2024-02-05,travel,USD 538
28815,N,2024-02-14,health,770
28816,W,2024-09-23,travel,576
28817,W,2024-10-28,travel,549
28818,E,2024-09-06,home,973
28819,W,2024-04-24,home,596
28820,W,2024-02-27,health,759
28821,E,2024-06-27,travel,842
28822,S,2024-05-26,home,669
28823,S,2024-01-14,auto,USD 431
28824,E,2024-08-09,health,748
28825,S,2024-05-15,travel,530
28826,W,2024-03-23,home,1109
28827,N,2024-09-13,travel,556
28828,W,2024-05-25,health,$572
28829,S,2024-05-11,travel,699
28831,N,2024-03-19,travel,479
28832,E,2024-03-30,travel,$766
28833,S,2024-06-17,auto,585
28834,S,2024-09-02,home,567
28835,W,2024-06-09,health,872
28836,N,2024-02-14,travel,881
28837,W,2024-03-24,travel,655
28838,S,2024-10-19,health,630
28839,E,2024-08-26,auto,573
28841,S,2024-08-06,health,690
28842,N,2024-07-21,travel,USD 600
28843,E,2024-09-19,auto,873
28844,N,2024-10-01,home,873
28845,S,2024-04-20,home,989
28846,W,2024-04-08,travel,483
28847,N,2024-10-23,travel,469
28848,W,2024-07-29,home,$542
28849,N,2024-09-18,auto,498
28850,S,2024-02-28,travel,646
28851,S,2024-03-11,auto,723
28852,S,2024-04-10,auto,422
28853,W,2024-06-29,auto,668
28854,W,2024-08-31,auto,1127
28855,E,2024-08-14,travel,628
28856,W,2024-10-10,travel,610
28857,N,2024-04-19,home,891
28858,S,2024-01-10,health,651
28859,E,2024-04-17,home,484
28860,S,2024-10-24,travel,531
28861,W,2024-08-08,health,835
28862,E,2024-02-21,auto,663
28863,E,2024-04-03,health,742
28864,W,2024-01-16,home,550
28865,E,2024-04-15,travel,411
28866,S,2024-03-12,health,$707
28867,W,2024-04-18,health,553
28868,E,2024-09-02,home,760
28869,S,2024-10-14,auto,591
28870,N,2024-04-13,home,767
28871,S,2024-06-09,home,559
28872,N,2024-05-30,health,USD 522
28873,E,2024-11-03,auto,$498
28874,S,2024-07-07,auto,1012
28875,W,2024-04-24,travel,741
28876,N,2024-04-11,travel,764
28877,W,2024-02-20,travel,583
28878,N,2024-04-21,home,586
28880,E,2024-07-26,auto,721
28881,W,2024-05-15,health,651
28882,S,2024-02-15,home,881
28883,N,2024-09-23,auto,933
28884,N,2024-03-08,health,493
28885,W,2024-09-17,home,767
28886,N,2024-07-07,health,973
28887,E,2024-01-31,travel,403
28888,S,2024-06-04,health,872
28889,E,2024-06-05,home,651
28890,N,2024-08-16,health,622
28891,S,2024-09-07,health,496
28892,E,2024-10-11,travel,$621
28893,N,2024-11-12,home,582
28894,S,2024-02-18,auto,450
28895,W,2024-02-20,health,666
28896,N,2024-10-05,travel,1045
28897,E,2024-10-23,auto,575
28898,W,2024-01-20,travel,527
28900,W,2024-04-13,auto,677
28901,E,2024-02-26,home,819
28902,N,2024-01-27,health,609
28903,S,2024-04-07,travel,737
28904,N,2024-04-27,home,903
28905,E,2024-03-29,auto,602
28906,N,2024-03-16,travel,USD 741
28907,E,2024-11-04,travel,$893
28908,N,2024-05-22,health,528
28909,E,2024-07-03,home,588
28910,E,2024-10-29,health,662
28911,E,2024-05-16,auto,842
28912,N,2024-05-11,travel,690
28913,E,2024-04-13,travel,USD 578
28914,S,2024-11-07,auto,660
28915,S,2024-03-15,health,523
28916,S,2024-07-06,health,481
28917,W,2024-05-27,auto,968
28918,W,2024-09-18,travel,551
28919,N,2024-09-30,home,586
28920,N,2024-02-19,travel,733
28921,E,2024-09-11,health,642
28922,N,2024-10-07,auto,678
28923,S,2024-03-08,travel,USD 745
28924,W,2024-08-11,home,625
28925,S,2024-03-19,health,574
28926,N,2024-11-25,home,687
28927,W,2024-11-09,auto,592
28928,S,2024-07-07,health,544
28929,N,2024-04-02,health,415
28931,E,2024-02-01,home,655
28932,S,2024-04-03,auto,728
28933,W,2024-08-26,home,720
28934,N,2024-06-17,auto,690
28935,N,2024-11-15,home,827
28936,S,2024-09-12,health,USD 657
28937,E,2024-06-26,auto,729
28938,W,2024-07-18,health,542
28939,S,2024-05-23,auto,675
28940,S,2024-01-25,home,659
28941,W,2024-07-23,health,516
28944,N,2024-11-20,auto,652
28945,W,2024-04-02,travel,430
28946,S,2024-03-15,auto,847
28947,W,2024-06-07,health,USD 600
28948,S,2024-05-15,travel,582
28949,W,2024-01-10,travel,624
28950,N,2024-03-08,health,470
28951,S,2024-03-08,home,935
28952,N,2024-07-02,travel,813
28953,E,2024-03-07,auto,755
28954,N,2024-11-24,home,552
28955,N,2024-06-01,auto,784
28956,N,2024-11-05,travel,667
28957,S,2024-11-15,auto,589
28958,E,2024-09-16,health,947
28959,S,2024-04-08,home,697
28961,E,2024-04-30,auto,952
28962,N,2024-06-26,health,566
28963,E,2024-02-13,auto,584
28964,N,2024-05-22,auto,664
28965,N,2024-02-13,auto,383
28966,W,2024-11-20,travel,668
28967,N,2024-03-05,health,665
28968,E,2024-08-27,travel,809
28969,S,2024-04-02,travel,647
28970,W,2024-03-18,travel,818
28971,N,2024-04-01,health,706
28972,E,2024-11-01,auto,1056
28973,S,2024-09-29,home,894
28974,W,2024-02-13,travel,731
28975,N,2024-01-18,auto,840
28976,E,2024-01-22,auto,462
28977,E,2024-02-06,health,$590
28978,W,2024-05-09,health,1059
28980,E,2024-06-19,home,502
28981,W,2024-02-13,auto,850
28982,W,2024-01-26,travel,618
28983,W,2024-06-22,home,996
28984,E,2024-06-22,health,751
28985,S,2024-08-28,home,614
28986,E,2024-10-14,travel,757
28987,E,2024-11-24,health,473
28989,N,2024-11-08,home,847
28990,E,2024-06-09,home,515
28991,W,2024-05-02,health,456
28992,W,2024-03-06,travel,513
28993,W,2024-01-22,home,852
28994,N,2024-11-18,health,563
28995,S,2024-06-20,home,595
28996,S,2024-10-21,auto,529
28997,N,2024-10-27,home,753
28998,N,2024-05-27,auto,538
28999,W,2024-09-21,home,585
29000,E,2024-07-29,auto,728
29001,N,2024-01-03,home,710
29002,E,2024-10-12,home,894
29003,S,2024-07-20,health,560
29005,N,2024-10-10,health,435
29006,N,2024-11-11,home,541
29007,N,2024-02-25,auto,441
29009,S,2024-01-11,home,USD 652
29010,E,2024-02-29,home,707
29011,N,2024-08-10,health,595
29012,N,2024-06-01,health,788
29013,W,2024-01-15,home,$485
29014,N,2024-01-17,home,414
29015,S,2024-05-06,home,705
29016,N,2024-10-31,auto,772
29017,N,2024-09-17,health,618
29018,E,2024-02-29,home,557
29019,N,2024-09-10,health,617
29020,S,2024-07-27,travel,674
29021,W,2024-02-25,home,733
29022,W,2024-03-04,travel,753
29023,S,2024-04-20,auto,994
29024,W,2024-11-07,home,USD 650
29025,S,2024-08-10,home,615
29026,S,2024-06-18,travel,615
29027,S,2024-02-07,home,499
29028,E,2024-01-26,auto,$687
29029,N,2024-09-28,auto,511
29030,S,2024-10-14,home,683
29031,N,2024-07-06,auto,USD 1003
29032,E,2024-10-19,home,624
29033,S,2024-10-06,health,988
29034,S,2024-11-08,auto,USD 949
29035,E,2024-07-05,home,869
29036,E,2024-09-28,health,USD 478
29037,S,2024-04-23,health,634
29038,S,2024-02-27,auto,813
29039,N,2024-07-25,home,449
29040,N,2024-03-17,health,770
29041,W,2024-09-04,auto,938
29042,S,2024-03-12,travel,517
29043,S,2024-01-29,auto,741
29044,E,2024-05-17,health,688
29045,N,2024-02-05,auto,653
29046,N,2024-03-19,auto,611
29047,S,2024-05-22,travel,484
29048,N,2024-04-05,travel,727
29049,E,2024-10-26,auto,582
29050,E,2024-05-19,home,767
29051,N,2024-08-05,auto,680
29052,E,2024-09-21,health,696
29053,N,2024-02-20,travel,649
29054,W,2024-11-14,health,702
29055,W,2024-04-01,travel,USD 803
29056,E,2024-10-23,home,USD 550
29057,S,2024-05-03,travel,705
29058,N,2024-01-26,health,848
29059,N,2024-04-16,auto,829
29060,N,2024-07-01,health,582
29061,N,2024-07-16,travel,1037
29062,W,2024-11-23,travel,590
29063,W,2024-04-20,health,929
29064,E,2024-09-05,travel,714
29065,S,2024-05-06,health,687
29066,N,2024-11-09,travel,608
29067,W,2024-05-04,home,747
29068,N,2024-06-14,travel,471
29069,N,2024-09-20,auto,USD 601
29070,W,2024-03-10,auto,856
29071,E,2024-01-09,auto,758
29072,E,2024-09-26,auto,459
29073,S,2024-05-19,travel,733
29074,W,2024-01-18,travel,547
29075,E,2024-05-03,auto,411
29076,E,2024-08-28,health,649
29077,S,2024-04-29,auto,700
29078,E,2024-09-10,auto,1026
29079,S,2024-01-09,auto,442
29080,E,2024-04-04,travel,699
29081,N,2024-03-16,health,$784
29082,W,2024-08-04,auto,537
29083,N,2024-02-05,auto,566
29084,W,2024-07-03,travel,537
29085,S,2024-02-20,home,551
29086,S,2024-01-16,auto,723
29087,S,2024-03-26,travel,920
29088,N,2024-07-24,auto,1088
29089,W,2024-09-16,auto,770
29090,N,2024-04-01,auto,748
29091,N,2024-07-27,auto,726
29092,E,2024-07-08,home,469
29093,E,2024-04-03,auto,729
29094,E,2024-08-18,travel,708
29095,S,2024-10-22,health,627
29096,E,2024-11-16,travel,975
29097,S,2024-01-04,auto,716
29098,E,2024-05-23,home,588
29099,N,2024-01-04,health,1012
29100,E,2024-07-12,health,USD 802
29101,N,2024-10-15,health,775
29102,E,2024-01-13,travel,614
29103,S,2024-01-31,home,519
29104,W,2024-02-08,travel,495
29105,S,2024-03-30,health,580
29106,W,2024-08-04,home,483
29108,E,2024-09-24,auto,819
29109,N,2024-04-14,travel,697
29110,W,2024-10-17,auto,527
29111,S,2024-03-16,health,$772
29112,N,2024-02-07,health,USD 468
29113,E,2024-09-27,auto,557
29114,N,2024-06-19,health,$582
29115,N,2024-05-14,travel,854
29116,S,2024-08-12,home,854
29117,E,2024-04-15,health,$600
29118,N,2024-09-30,health,805
29119,N,2024-03-12,home,665
29120,S,2024-11-23,home,$520
29121,N,2024-05-05,home,531
29122,E,2024-05-19,auto,768
29123,N,2024-10-11,auto,737
29124,E,2024-02-10,auto,745
29125,N,2024-03-02,auto,877
29126,W,2024-09-23,auto,835
29129,N,2024-03-07,travel,490
29130,W,2024-04-16,health,748
29131,W,2024-11-09,travel,677
29132,W,2024-02-24,home,801
29133,S,2024-04-05,health,510
29135,N,2024-01-20,travel,847
29136,E,2024-04-15,home,889
29137,N,2024-04-01,home,647
29138,S,2024-10-17,home,586
29139,W,2024-05-12,home,605
29140,W,2024-11-21,health,606
29141,W,2024-03-02,travel,664
29142,E,2024-07-29,auto,636
29143,E,2024-05-09,home,575
29144,W,2024-03-10,travel,956
29145,W,2024-05-23,home,1142
29146,W,2024-05-13,health,$622
29147,N,2024-05-25,travel,$790
29148,W,2024-05-15,travel,USD 1062
29149,N,2024-09-25,health,822
29150,N,2024-06-06,auto,USD 869
29151,N,2024-09-17,home,530
29152,W,2024-06-07,health,1024
29153,W,2024-01-02,home,611
29154,S,2024-05-31,auto,637
29155,W,2024-01-21,health,631
29156,N,2024-03-09,home,691
29157,N,2024-01-28,home,1128
29158,W,2024-10-01,health,645
29159,E,2024-04-03,auto,640
29160,S,2024-04-03,health,850
29161,N,2024-06-20,health,738
29162,E,2024-11-15,travel,703
29163,W,2024-10-12,auto,576
29164,S,2024-03-29,travel,$659
29165,E,2024-02-24,auto,584
29166,W,2024-02-14,travel,624
29167,E,2024-07-19,auto,467
29168,E,2024-07-27,health,534
29169,E,2024-03-29,auto,562
29170,S,2024-06-13,auto,496
29171,W,2024-08-19,auto,503
29172,S,2024-08-26,travel,492
29173,S,2024-04-16,auto,758
29174,N,2024-05-23,home,604
29175,E,2024-06-13,home,709
29176,W,2024-08-31,travel,483
29177,W,2024-01-03,auto,384
29178,W,2024-04-17,health,523
29179,E,2024-08-10,health,838
29180,W,2024-02-15,home,993
29181,E,2024-05-02,auto,867
29182,E,2024-04-19,travel,631
29183,W,2024-05-01,health,699
29184,N,2024-07-18,home,$614
29185,W,2024-07-24,travel,549
29186,N,2024-06-12,auto,753
29187,N,2024-01-30,travel,542
29188,E,2024-08-23,home,762
29189,E,2024-01-18,health,363
29190,N,2024-05-25,home,455
29191,E,2024-05-18,home,555
29192,W,2024-07-29,auto,554
29193,E,2024-01-12,home,1005
29194,E,2024-05-01,auto,570
29195,E,2024-01-04,home,516
29196,E,2024-02-05,auto,817
29197,E,2024-01-06,home,920
29198,E,2024-01-20,travel,879
29199,S,2024-07-18,home,482
29200,N,2024-10-28,health,819
29201,W,2024-02-05,travel,$832
29202,N,2024-02-04,auto,1088
29204,S,2024-03-31,auto,982
29205,W,2024-04-09,health,556
29206,W,2024-09-30,auto,481
29207,N,2024-05-09,travel,640
29208,N,2024-06-21,health,595
29209,W,2024-01-18,auto,$670
29210,S,2024-04-06,travel,379
29211,E,2024-11-18,health,USD 822
29212,E,2024-01-16,health,897
29213,W,2024-03-21,home,770
29214,S,2024-06-11,home,909
29215,W,2024-02-14,auto,544
29216,W,2024-11-07,auto,398
29217,W,2024-11-10,health,874
29218,W,2024-02-10,travel,898
29219,S,2024-09-23,auto,490
29221,W,2024-09-08,health,634
29222,W,2024-10-29,auto,536
29223,W,2024-03-28,health,594
29224,E,2024-01-18,home,870
29225,N,2024-11-19,travel,548
29226,E,2024-07-17,home,702
29227,W,2024-01-26,home,779
29228,E,2024-03-06,auto,USD 473
29229,S,2024-09-03,auto,667
29230,N,2024-10-21,auto,738
29231,E,2024-01-28,travel,932
29232,W,2024-04-15,auto,490
29233,E,2024-10-18,health,512
29234,E,2024-04-10,auto,590
29235,W,2024-04-22,home,442
29236,N,2024-11-26,health,512
29237,N,2024-07-28,auto,804
29238,S,2024-02-05,health,775
29239,N,2024-01-04,auto,657
29240,S,2024-11-09,travel,505
29241,W,2024-04-28,health,626
29242,E,2024-04-26,home,$593
29243,W,2024-10-10,home,485
29244,E,2024-08-26,travel,646
29245,E,2024-07-25,auto,839
29246,S,2024-07-30,health,811
29247,E,2024-09-14,travel,843
29248,N,2024-04-05,home,692
29249,N,2024-07-01,health,681
29250,N,2024-04-04,travel,615
29251,S,2024-01-19,health,413
29252,N,2024-10-30,health,713
29253,S,2024-07-04,auto,634
29254,N,2024-08-29,auto,941
29255,N,2024-02-26,health,639
29256,S,2024-02-24,travel,902
29257,E,2024-05-20,travel,565
29259,N,2024-11-15,home,752
29260,E,2024-09-16,travel,604
29261,N,2024-02-18,health,631
29262,N,2024-06-15,health,590
29263,W,2024-04-28,health,679
29264,S,2024-11-16,travel,629
29265,S,2024-03-28,auto,735
29266,E,2024-02-29,travel,635
29267,S,2024-03-09,travel,744
29268,E,2024-04-02,home,442
29269,N,2024-04-11,auto,542
29270,S,2024-07-28,health,652
29271,N,2024-07-08,health,575
29272,S,2024-09-06,health,USD 724
29273,S,2024-03-14,travel,602
29274,N,2024-06-09,travel,430
29275,E,2024-01-30,travel,813
29276,E,2024-01-18,home,814
29277,W,2024-06-17,home,501
29279,W,2024-04-02,travel,724
29281,E,2024-11-26,travel,601
29282,W,2024-05-07,travel,929
29283,S,2024-05-08,health,818
29284,E,2024-10-31,health,401
29285,S,2024-07-14,auto,$673
29286,W,2024-09-26,home,876
29287,N,2024-01-08,home,508
29288,N,2024-05-15,auto,799
29289,E,2024-10-14,auto,705
29290,W,2024-08-10,home,678
29291,W,2024-05-12,home,519
29292,E,2024-08-10,travel,570
29293,E,2024-08-25,home,975
29294,S,2024-09-03,home,$553
29295,N,2024-11-22,auto,USD 764
29296,S,2024-05-14,home,705
29297,W,2024-06-06,travel,624
29298,W,2024-07-20,home,798
29299,N,2024-06-25,auto,741
29300,N,2024-06-04,health,683
29302,W,2024-08-25,travel,647
29303,N,2024-05-01,travel,600
29304,N,2024-11-26,travel,896
29305,S,2024-07-14,health,466
29307,S,2024-05-29,travel,498
29308,S,2024-05-27,auto,887
29309,S,2024-02-11,home,649
29310,S,2024-01-07,health,779
29311,W,2024-05-07,health,917
29312,E,2024-03-08,auto,744
29313,W,2024-06-17,health,492
29314,W,2024-01-07,health,686
29315,E,2024-01-28,travel,542
29316,N,2024-11-11,health,587
29317,S,2024-04-19,travel,502
29318,S,2024-04-04,health,980
29319,W,2024-05-17,home,613
29320,E,2024-05-09,health,801
29321,W,2024-09-05,auto,707
29322,E,2024-01-20,auto,479
29323,E,2024-04-18,travel,776
29324,S,2024-09-21,travel,752
29325,N,2024-07-23,home,"$1,048"
29326,N,2024-09-16,auto,USD 711
29327,W,2024-09-13,health,649
29328,N,2024-01-10,home,917
29329,S,2024-02-19,auto,$453
29330,W,2024-02-21,health,741
29331,N,2024-09-21,health,865
29332,E,2024-11-04,home,616
29333,S,2024-11-14,home,806
29334,W,2024-07-18,auto,866
29335,S,2024-08-30,travel,600
29336,W,2024-08-06,auto,641
29337,E,2024-07-03,travel,788
29338,S,2024-04-14,travel,649
29339,E,2024-07-16,travel,1079
29340,E,2024-09-23,health,643
29341,S,2024-01-28,home,646
29342,W,2024-07-12,travel,$754
29343,W,2024-01-30,health,1052
29344,N,2024-10-29,travel,662
29345,S,2024-02-16,health,721
29346,S,2024-02-23,travel,648
29347,E,2024-06-25,home,435
29348,W,2024-02-13,health,675
29349,E,2024-08-01,auto,799
29350,S,2024-04-28,auto,617
29351,S,2024-03-25,home,949
29352,W,2024-05-24,auto,$711
29353,E,2024-10-07,auto,$693
29354,N,2024-04-14,health,472
29355,N,2024-10-31,auto,544
29356,S,2024-07-28,travel,582
29357,S,2024-08-10,auto,967
29358,W,2024-02-19,health,707
29359,W,2024-08-30,home,739
29360,E,2024-08-04,travel,609
29362,S,2024-01-08,home,785
29363,S,2024-01-16,auto,612
29364,S,2024-10-15,auto,$496
29366,S,2024-08-20,health,1066
29367,S,2024-01-30,home,525
29368,S,2024-09-18,travel,531
29369,N,2024-07-14,auto,831
29370,S,2024-06-12,home,565
29371,N,2024-03-19,travel,719
29372,S,2024-04-15,auto,873
29373,W,2024-08-29,home,616
29374,N,2024-09-18,travel,1040
29375,N,2024-09-24,auto,450
29376,N,2024-06-27,auto,860
29377,W,2024-05-31,travel,520
29378,E,2024-10-06,auto,502
29379,S,2024-08-18,home,467
29380,S,2024-04-26,home,766
29381,E,2024-02-09,home,663
29382,N,2024-04-29,auto,966
29384,E,2024-05-03,travel,981
29385,E,2024-07-26,travel,548
29386,S,2024-08-27,home,$679
29387,S,2024-09-24,auto,741
29388,S,2024-07-07,auto,881
29389,N,2024-08-29,auto,752
29390,S,2024-08-24,auto,381
29391,W,2024-11-24,home,1132
29392,S,2024-06-20,travel,684
29393,S,2024-02-24,travel,746
29394,S,2024-03-23,travel,633
29395,N,2024-10-02,health,$997
29397,N,2024-02-05,auto,563
29398,N,2024-03-01,travel,749
29399,N,2024-10-09,health,474
29400,S,2024-05-25,health,523
29401,E,2024-11-26,health,877
29402,W,2024-01-30,auto,493
29404,N,2024-05-05,travel,659
29405,W,2024-05-18,health,484
29406,N,2024-05-10,health,520
29407,E,2024-08-22,home,666
29408,E,2024-05-08,health,602
29409,E,2024-01-14,auto,$642
29410,N,2024-01-31,travel,551
29411,S,2024-05-03,home,744
29412,E,2024-01-04,auto,704
29413,W,2024-07-19,home,609
29414,E,2024-09-08,travel,589
29415,S,2024-10-20,home,706
29416,N,2024-07-24,travel,533
29417,N,2024-05-28,health,623
29418,S,2024-07-22,home,530
29419,E,2024-10-31,health,490
29420,E,2024-10-08,health,492
29421,W,2024-10-06,health,670
29422,E,2024-08-29,auto,441
29423,N,2024-03-09,auto,533
29424,S,2024-05-18,health,510
29425,N,2024-01-28,travel,$356
29426,W,2024-03-13,auto,$559
29427,N,2024-05-09,auto,535
29428,E,2024-07-05,auto,757
29429,E,2024-06-04,health,747
29431,W,2024-07-28,health,610
29432,N,2024-08-10,health,890
29433,N,2024-08-31,travel,840
29434,S,2024-01-13,travel,570
29436,S,2024-03-31,travel,665
29437,W,2024-03-25,auto,737
29438,W,2024-10-31,travel,656
29439,E,2024-02-18,travel,$727
29440,E,2024-01-11,health,821
29441,S,2024-01-15,home,479
29442,E,2024-08-27,travel,773
29443,S,2024-11-08,health,$687
29444,W,2024-10-06,travel,458
29445,W,2024-05-12,auto,617
29446,N,2024-03-10,home,591
29447,W,2024-04-14,auto,1162
29449,E,2024-01-08,travel,599
29450,E,2024-06-29,home,602
29451,S,2024-10-06,auto,683
29452,E,2024-08-22,travel,835
29453,E,2024-04-09,health,682
29454,N,2024-08-06,auto,821
29455,E,2024-06-11,travel,USD 639
29456,N,2024-03-02,health,934
29457,W,2024-11-03,travel,922
29458,N,2024-10-06,auto,619
29459,W,2024-03-16,home,998
29460,W,2024-09-26,home,990
29461,E,2024-02-16,home,625
29462,E,2024-11-07,health,974
29463,W,2024-07-26,travel,558
29464,E,2024-09-24,travel,681
29465,N,2024-10-26,travel,683
29466,N,2024-09-20,home,721
29467,S,2024-06-25,home,$869
29468,E,2024-02-16,travel,827
29469,S,2024-05-29,health,928
29470,W,2024-01-05,auto,744
29471,W,2024-01-21,auto,644
29472,E,2024-07-03,auto,774
29473,N,2024-04-01,auto,650
29474,W,2024-11-17,auto,762
29475,N,2024-07-14,health,756
29476,S,2024-07-05,travel,649
29477,N,2024-10-13,home,666
29478,W,2024-02-29,home,806
29479,W,2024-11-14,travel,773
29481,N,2024-09-10,travel,USD 692
29482,S,2024-01-24,home,470
29483,S,2024-04-20,auto,872
29484,N,2024-04-17,auto,743
29485,S,2024-09-29,health,566
29486,S,2024-03-19,travel,904
29489,S,2024-01-09,health,718
29490,N,2024-04-06,health,614
29491,E,2024-05-16,home,$994
29492,N,2024-11-21,health,600
29493,E,2024-09-17,health,786
29494,N,2024-09-15,auto,$951
29495,N,2024-07-31,travel,734
29497,E,2024-06-21,travel,556
29498,N,2024-04-16,home,625
29499,N,2024-07-13,travel,524
29500,W,2024-06-25,home,589
29501,S,2024-03-04,health,844
29502,E,2024-10-30,travel,518
29503,N,2024-05-18,health,531
29504,E,2024-05-08,auto,417
29505,N,2024-08-07,travel,538
29506,W,2024-11-14,travel,$705
29507,W,2024-03-03,home,734
29508,N,2024-04-06,health,1104
29509,S,2024-08-14,travel,1011
29510,N,2024-11-15,health,662
29511,W,2024-09-05,travel,744
29513,W,2024-02-15,health,491
29514,W,2024-02-12,auto,762
29515,N,2024-10-28,home,566
29516,E,2024-01-22,auto,1042
29517,W,2024-05-23,health,USD 756
29518,E,2024-05-25,auto,900
29519,N,2024-08-29,health,622
29520,E,2024-02-05,home,USD 712
29521,W,2024-09-22,auto,901
29522,N,2024-01-14,home,630
29523,W,2024-11-05,travel,583
29524,W,2024-08-08,health,583
29525,S,2024-01-04,auto,621
29526,N,2024-02-21,travel,540
29528,N,2024-09-05,health,451
29529,E,2024-05-12,home,443
29530,N,2024-01-26,travel,568
29531,W,2024-04-05,auto,605
29532,W,2024-05-29,home,623
29533,E,2024-10-23,health,630
29534,N,2024-03-03,health,528
29535,E,2024-09-15,health,503
29536,E,2024-11-04,home,635
29538,W,2024-11-09,home,$506
29539,E,2024-04-22,home,996
29540,W,2024-05-25,auto,703
29541,E,2024-09-08,auto,751
29543,S,2024-07-11,home,810
29544,N,2024-02-14,travel,704
29545,N,2024-09-23,health,900
29546,W,2024-10-11,health,613
29547,E,2024-10-20,travel,789
29548,W,2024-09-12,health,598
29549,E,2024-04-24,travel,611
29550,E,2024-10-13,home,808
29551,N,2024-03-31,health,709
29552,W,2024-04-05,health,632
29553,W,2024-04-13,home,553
29554,S,2024-02-13,auto,601
29555,N,2024-05-29,home,763
29556,S,2024-03-20,home,$607
29557,W,2024-10-12,travel,707
29558,N,2024-01-18,travel,702
29559,N,2024-08-15,home,537
29560,S,2024-05-05,travel,509
29561,W,2024-10-14,home,796
29562,E,2024-03-20,auto,638
29563,W,2024-11-09,health,394
29564,S,2024-08-06,auto,707
29565,W,2024-06-06,travel,557
29566,S,2024-06-19,home,1027
29567,W,2024-08-23,home,827
29568,N,2024-06-07,travel,481
29569,N,2024-07-01,auto,719
29570,W,2024-03-23,auto,1203
29571,W,2024-04-14,health,519
29572,S,2024-04-09,health,654
29573,W,2024-06-20,auto,711
29575,N,2024-05-23,home,828
29576,W,2024-01-21,travel,$550
29577,S,2024-08-03,travel,723
29578,S,2024-02-23,auto,671
29579,E,2024-10-09,home,684
29580,N,2024-09-13,auto,614
29581,S,2024-07-29,auto,580
29582,N,2024-07-25,health,616
29583,N,2024-09-11,travel,1325
29584,N,2024-09-22,auto,564
29585,W,2024-10-13,travel,701
29586,S,2024-06-14,home,490
29587,N,2024-11-13,health,723
29588,N,2024-06-24,travel,USD 1398
29589,S,2024-11-14,home,745
29590,W,2024-09-27,travel,695
29591,E,2024-06-12,auto,851
29592,W,2024-02-10,health,620
29593,N,2024-09-18,travel,545
29594,N,2024-04-07,auto,539
29595,W,2024-04-06,travel,846
29596,W,2024-04-15,health,$536
29597,S,2024-07-12,auto,622
29598,E,2024-02-21,home,533
29599,E,2024-06-05,travel,538
29600,E,2024-07-07,health,799
29601,S,2024-05-14,auto,1010
29602,S,2024-09-27,health,888
29603,S,2024-08-06,health,407
29604,W,2024-07-04,home,506
29605,S,2024-02-03,health,982
29606,W,2024-03-26,travel,939
29607,N,2024-02-03,travel,768
29608,S,2024-07-01,home,543
29609,E,2024-05-03,travel,701
29610,S,2024-01-31,home,651
29611,E,2024-09-22,travel,488
29612,N,2024-02-13,travel,623
29613,E,2024-11-07,home,686
29614,W,2024-10-31,health,USD 749
29615,S,2024-08-22,home,731
29616,E,2024-07-02,travel,814
29617,W,2024-05-31,travel,1133
29618,S,2024-09-12,health,617
29619,S,2024-08-14,travel,626
29620,W,2024-04-25,home,USD 1050
29621,N,2024-10-01,home,961
29622,N,2024-04-23,travel,627
29623,N,2024-02-10,health,878
29624,N,2024-06-29,auto,USD 613
29625,W,2024-06-08,home,508
29626,S,2024-06-15,auto,726
29627,S,2024-10-08,auto,951
29628,S,2024-02-22,health,388
29629,E,2024-08-19,auto,681
29630,N,2024-05-11,health,609
29631,N,2024-02-22,travel,720
29632,E,2024-01-08,home,560
29633,S,2024-06-03,health,604
29634,N,2024-03-26,auto,597
29636,W,2024-06-25,home,560
29637,S,2024-08-04,auto,919
29638,N,2024-03-11,health,USD 471
29639,N,2024-02-11,home,609
29640,N,2024-05-04,health,USD 876
29641,N,2024-06-27,travel,$727
29642,N,2024-08-05,home,554
29643,S,2024-05-05,health,556
29644,W,2024-02-15,health,561
29645,N,2024-05-14,home,610
29646,S,2024-01-08,travel,775
29647,W,2024-06-30,health,822
29648,W,2024-08-24,health,671
29649,N,2024-11-06,auto,598
29650,N,2024-10-13,home,906
29651,W,2024-01-02,home,530
29652,E,2024-05-22,health,631
29653,E,2024-06-19,travel,816
29654,N,2024-09-06,auto,USD 1103
29656,N,2024-07-21,travel,519
29657,S,2024-01-12,auto,664
29658,E,2024-04-03,auto,625
29659,W,2024-10-13,home,466
29660,N,2024-07-19,travel,495
29661,W,2024-10-27,health,814
29662,E,2024-01-17,home,650
29663,W,2024-07-13,home,816
29664,E,2024-09-12,home,581
29665,W,2024-01-21,home,912
29666,E,2024-08-12,travel,785
29667,S,2024-03-24,auto,693
29668,E,2024-06-11,travel,708
29669,E,2024-11-07,travel,454
29670,W,2024-09-22,home,559
29671,S,2024-09-23,auto,613
29672,E,2024-03-19,health,682
29673,W,2024-04-28,auto,786
29674,W,2024-07-22,health,537
29675,W,2024-03-17,auto,560
29676,W,2024-09-20,auto,994
29677,E,2024-10-04,auto,846
29678,S,2024-11-18,health,691
29679,E,2024-01-23,auto,861
29680,N,2024-05-22,auto,634
29681,N,2024-03-18,travel,870
29682,E,2024-07-14,health,631
29683,N,2024-03-22,health,629
29684,W,2024-01-22,health,1053
29685,E,2024-06-30,auto,575
29686,W,2024-05-25,home,876
29687,E,2024-05-04,travel,651
29689,E,2024-10-02,auto,450
29690,N,2024-10-31,auto,481
29691,N,2024-11-07,home,696
29692,E,2024-01-30,auto,463
29693,E,2024-08-22,travel,738
29694,W,2024-05-13,health,580
29695,W,2024-03-04,auto,670
29696,W,2024-08-26,health,767
29697,E,2024-07-02,travel,488
29698,N,2024-06-24,home,620
29699,E,2024-02-16,travel,602
29700,S,2024-01-12,home,566
29701,W,2024-06-22,health,729
29702,S,2024-03-06,auto,$628
29703,W,2024-07-08,auto,622
29704,W,2024-09-27,home,1074
29705,W,2024-06-22,travel,667
29706,S,2024-07-10,health,769
29707,N,2024-08-31,travel,628
29708,N,2024-06-10,travel,788
29709,N,2024-03-16,health,801
29710,N,2024-09-15,health,675
29711,W,2024-10-02,home,766
29712,S,2024-09-27,health,665
29713,E,2024-09-30,travel,502
29714,N,2024-06-13,travel,USD 688
29715,S,2024-02-17,health,774
29716,E,2024-02-07,travel,477
29718,E,2024-06-25,health,625
29719,E,2024-05-04,travel,845
29720,N,2024-09-16,health,695
29721,E,2024-02-25,health,640
29722,W,2024-08-30,travel,579
29724,N,2024-05-18,auto,851
29725,E,2024-04-29,travel,609
29726,E,2024-04-23,auto,762
29727,N,2024-07-19,home,485
29728,E,2024-09-23,health,1036
29729,S,2024-03-09,auto,647
29730,S,2024-03-04,health,643
29731,E,2024-02-01,auto,555
29732,S,2024-04-12,health,482
29733,W,2024-09-12,travel,$817
29734,E,2024-08-14,auto,842
29735,W,2024-07-23,travel,932
29736,S,2024-10-17,home,USD 873
29737,N,2024-06-15,travel,526
29738,W,2024-05-27,home,517
29739,E,2024-10-23,travel,709
29740,N,2024-04-30,travel,$697
29741,W,2024-10-28,health,628
29742,N,2024-06-17,auto,722
29743,E,2024-06-12,home,425
29744,W,2024-01-22,travel,$639
29745,E,2024-10-06,health,616
29746,E,2024-06-16,travel,USD 373
29747,N,2024-06-03,health,"$1,074"
29748,N,2024-07-31,travel,764
29749,S,2024-03-24,auto,506
29750,S,2024-08-19,auto,683
29751,E,2024-07-23,travel,714
29752,S,2024-04-06,home,$402
29753,N,2024-07-06,home,531
29754,W,2024-03-01,travel,$487
29755,S,2024-01-23,auto,598
29756,N,2024-07-28,home,643
29758,S,2024-02-03,health,1116
29759,W,2024-01-09,home,846
29760,W,2024-10-25,home,731
29761,N,2024-01-21,health,856
29762,W,2024-01-08,auto,410
29763,S,2024-05-28,home,464
29764,W,2024-11-03,travel,USD 646
29765,N,2024-07-06,auto,654
29766,W,2024-05-05,home,499
29767,N,2024-06-16,health,486
29768,N,2024-03-21,auto,641
29769,E,2024-10-14,auto,581
29770,W,2024-04-10,home,451
29771,E,2024-07-08,health,859
29772,W,2024-01-26,auto,611
29773,E,2024-08-14,home,907
29774,W,2024-07-26,home,989
29775,W,2024-03-13,auto,601
29776,W,2024-05-03,health,940
29777,N,2024-11-09,auto,669
29778,N,2024-10-23,health,916
29779,E,2024-03-14,travel,565
29780,E,2024-09-10,auto,696
29781,S,2024-09-15,auto,609
29782,S,2024-09-27,health,590
29783,W,2024-09-13,health,622
29784,E,2024-05-04,health,571
29785,W,2024-11-04,travel,575
29786,S,2024-02-16,home,550
29787,N,2024-10-08,travel,726
29789,W,2024-05-21,home,680
29790,S,2024-02-11,auto,791
29791,S,2024-07-28,health,634
29792,W,2024-10-08,travel,$623
29793,W,2024-03-08,auto,585
29794,N,2024-09-21,travel,734
29795,N,2024-06-03,auto,866
29796,N,2024-10-26,auto,563
29797,E,2024-03-30,auto,495
29798,S,2024-10-03,health,$509
29799,E,2024-09-16,auto,792
29800,E,2024-08-10,home,415
29801,W,2024-02-28,health,642
29802,E,2024-02-24,travel,918
29803,S,2024-01-30,auto,630
29804,N,2024-05-14,home,590
29805,E,2024-09-29,travel,423
29806,N,2024-04-29,health,762
29807,N,2024-03-10,travel,885
29808,N,2024-05-22,health,478
29809,E,2024-05-19,auto,719
29810,E,2024-03-26,home,667
29811,N,2024-09-16,home,$414
29812,N,2024-07-01,home,898
29813,S,2024-07-11,auto,561
29814,W,2024-10-02,auto,457
29815,W,2024-08-01,health,573
29816,E,2024-09-14,auto,721
29817,S,2024-11-10,auto,757
29818,W,2024-06-30,auto,608
29819,W,2024-02-24,auto,740
29820,E,2024-08-19,home,361
29821,N,2024-01-19,home,986
29822,E,2024-07-18,home,611
29823,S,2024-01-19,travel,643
29824,E,2024-08-11,home,623
29825,S,2024-09-16,health,570
29826,E,2024-03-06,home,606
29827,N,2024-11-26,health,572
29828,N,2024-05-23,home,$836
29829,N,2024-09-07,health,1041
29831,N,2024-10-12,home,506
29832,N,2024-09-28,home,604
29833,E,2024-06-16,home,921
29834,E,2024-04-11,health,USD 672
29835,W,2024-07-22,auto,698
29836,S,2024-10-26,health,755
29837,N,2024-06-14,auto,608
29838,E,2024-03-09,home,USD 530
29839,S,2024-06-25,travel,431
29840,E,2024-10-02,travel,790
29841,N,2024-05-17,auto,818
29842,S,2024-04-04,auto,750
29843,N,2024-02-29,auto,821
29844,W,2024-10-28,travel,510
29845,E,2024-01-16,travel,609
29846,S,2024-10-18,health,692
29847,E,2024-03-31,travel,645
29848,E,2024-09-10,auto,705
29849,E,2024-10-07,health,762
29850,E,2024-06-22,health,590
29851,E,2024-04-03,health,669
29852,E,2024-02-27,home,886
29853,E,2024-11-16,travel,589
29854,S,2024-05-09,home,936
29855,S,2024-05-10,home,USD 525
29856,E,2024-06-15,auto,435
29857,E,2024-03-17,travel,721
29858,S,2024-06-27,health,875
29859,W,2024-05-05,health,641
29860,N,2024-04-05,travel,804
29861,E,2024-01-15,travel,947
29862,N,2024-05-05,health,687
29863,N,2024-09-15,health,605
29864,N,2024-04-16,home,791
29865,N,2024-07-10,auto,722
29866,W,2024-07-13,travel,515
29867,W,2024-10-25,travel,579
29868,W,2024-08-07,auto,513
29869,W,2024-09-12,health,684
29870,S,2024-02-05,travel,748
29871,N,2024-09-25,travel,590
29873,W,2024-04-18,home,618
29874,S,2024-02-17,travel,684
29875,W,2024-04-25,home,801
29876,N,2024-09-28,travel,1185
29877,S,2024-08-23,auto,1084
29878,N,2024-05-06,health,942
29879,N,2024-10-11,health,543
29880,N,2024-04-07,home,749
29881,N,2024-07-26,auto,509
29882,W,2024-05-10,home,615
29883,S,2024-03-03,home,675
29884,E,2024-10-14,home,480
29885,E,2024-08-01,health,584
29886,S,2024-11-03,health,797
29887,N,2024-02-06,health,779
29888,E,2024-06-27,auto,573
29889,N,2024-08-25,travel,479
29890,E,2024-03-16,home,592
29891,N,2024-06-22,travel,797
29892,N,2024-07-16,health,532
29893,N,2024-03-08,travel,551
29894,W,2024-08-15,home,1033
29895,E,2024-04-16,home,842
29896,W,2024-03-18,auto,USD 592
29897,E,2024-10-25,home,532
29898,W,2024-03-07,auto,409
29899,N,2024-01-03,auto,494
29900,W,2024-05-03,auto,464
29901,W,2024-03-31,auto,759
29902,W,2024-10-21,health,527
29903,N,2024-06-10,health,621
29904,E,2024-10-01,travel,491
29905,E,2024-02-23,health,1233
29906,E,2024-09-08,auto,562
29907,E,2024-01-21,health,574
29908,E,2024-04-12,health,585
29909,W,2024-09-23,home,518
29910,E,2024-08-24,home,612
29911,N,2024-05-14,home,961
29912,S,2024-05-13,travel,956
29913,S,2024-10-05,health,677
29914,E,2024-02-07,home,642
29915,E,2024-08-20,health,664
29916,E,2024-08-23,auto,678
29918,W,2024-03-18,health,USD 833
29919,N,2024-09-17,travel,USD 527
29920,S,2024-06-28,health,560
29921,E,2024-07-09,auto,575
29922,S,2024-10-28,travel,856
29923,W,2024-06-24,health,786
29925,W,2024-03-17,health,617
29926,W,2024-11-06,travel,466
29927,N,2024-02-23,auto,USD 709
29928,W,2024-06-27,auto,630
29929,E,2024-01-17,health,745
29930,S,2024-04-02,auto,688
29932,S,2024-03-16,auto,755
29933,W,2024-04-01,travel,532
29934,N,2024-08-05,home,795
29936,E,2024-02-14,health,1186
29937,E,2024-04-25,home,571
29938,E,2024-07-08,auto,1046
29939,W,2024-06-04,home,701
29940,S,2024-04-02,travel,641
29941,E,2024-08-28,auto,839
29942,N,2024-01-16,auto,549
29943,E,2024-01-12,health,553
29944,S,2024-03-02,health,615
29945,E,2024-10-17,home,824
29946,W,2024-07-23,health,530
29947,W,2024-04-30,travel,416
29948,E,2024-10-26,travel,868
29949,S,2024-04-05,home,701
29950,S,2024-04-21,home,1037
29951,S,2024-03-07,travel,$771
29952,W,2024-11-23,home,537
29953,S,2024-06-01,home,793
29954,W,2024-09-14,auto,737
29955,S,2024-04-12,health,654
29956,S,2024-06-21,auto,569
29957,N,2024-10-30,health,USD 662
29958,N,2024-01-07,home,663
29959,S,2024-06-01,travel,622
29960,N,2024-01-31,auto,653
29961,W,2024-03-01,travel,598
29962,W,2024-08-07,travel,USD 636
29963,W,2024-05-28,home,868
29964,N,2024-09-24,auto,608
29966,E,2024-09-29,health,650
29967,W,2024-01-26,auto,837
29968,W,2024-04-06,health,614
29969,S,2024-05-01,travel,618
29970,E,2024-02-14,home,567
29971,E,2024-02-27,health,695
29972,E,2024-08-14,health,481
29973,S,2024-05-22,auto,USD 737
29974,N,2024-09-02,auto,894
29975,E,2024-07-08,auto,737
29976,N,2024-07-30,home,552
29977,W,2024-07-16,auto,462
29978,S,2024-04-10,travel,584
29979,N,2024-02-11,health,532
29980,N,2024-04-16,travel,632
29981,E,2024-06-06,travel,801
29982,S,2024-01-01,home,710
29983,E,2024-08-22,travel,550
29984,W,2024-05-20,travel,584
29985,W,2024-08-18,health,$655
29986,S,2024-06-23,auto,777
29987,N,2024-03-06,home,617
29988,W,2024-02-18,health,937
29989,E,2024-10-26,travel,566
29990,S,2024-01-31,home,661
29991,S,2024-06-15,auto,675
29992,E,2024-03-08,auto,901
29993,E,2024-09-05,health,926
29994,W,2024-05-19,travel,449
29995,N,2024-06-25,travel,773
29996,N,2024-10-02,health,712
29997,N,2024-10-30,health,556
29998,N,2024-09-05,auto,661
29999,S,2024-03-14,health,532
30000,S,2024-09-12,travel,753
30001,N,2024-04-07,home,548
30002,W,2024-08-11,health,481
30003,E,2024-09-08,auto,770
30005,W,2024-05-08,home,903
30006,W,2024-11-06,auto,543
30007,S,2024-01-19,health,581
30008,N,2024-05-22,auto,953
30009,S,2024-05-30,health,828
30010,W,2024-06-07,travel,490
30011,W,2024-11-01,health,725
30012,E,2024-02-23,auto,800
30013,W,2024-03-23,travel,810
30014,W,2024-05-20,travel,655
30015,W,2024-06-07,travel,665
30016,E,2024-10-16,health,500
30017,N,2024-08-31,health,640
30018,W,2024-07-19,home,640
30019,S,2024-01-12,auto,582
30020,E,2024-11-26,home,653
30021,S,2024-01-29,travel,909
30022,N,2024-06-30,travel,661
30023,S,2024-02-08,auto,556
30024,W,2024-08-08,health,595
30025,W,2024-08-10,health,617
30026,E,2024-06-11,home,615
30027,N,2024-05-25,auto,588
30028,S,2024-08-22,health,554
30029,N,2024-11-20,home,658
30031,W,2024-05-23,health,619
30032,E,2024-09-20,health,622
30033,N,2024-05-09,health,572
30034,W,2024-09-30,health,732
30035,E,2024-05-05,auto,930
30036,W,2024-03-03,home,607
30037,E,2024-01-10,travel,542
30038,N,2024-08-01,health,701
30039,N,2024-07-29,travel,641
30040,N,2024-10-29,travel,1078
30041,W,2024-08-26,home,805
30042,E,2024-03-11,home,621
30043,E,2024-07-15,auto,1165
30044,W,2024-10-03,auto,812
30046,E,2024-08-22,home,709
30047,N,2024-04-04,travel,USD 858
30048,N,2024-11-11,travel,649
30050,W,2024-05-30,health,638
30051,E,2024-05-04,health,422
30052,S,2024-05-17,auto,904
30053,N,2024-10-26,home,504
30054,S,2024-10-31,travel,USD 892
30055,N,2024-01-20,home,936
30056,E,2024-02-19,auto,812
30057,W,2024-08-07,auto,940
30058,E,2024-08-23,health,796
30059,E,2024-07-19,travel,722
30060,E,2024-01-01,auto,683
30061,S,2024-05-13,health,484
30062,E,2024-11-05,auto,1026
30063,S,2024-06-02,auto,483
30065,E,2024-05-13,auto,1115
30066,S,2024-06-14,home,656
30067,E,2024-04-28,health,1027
30068,S,2024-11-20,home,732
30069,E,2024-11-15,home,830
30070,N,2024-09-17,home,510
30071,S,2024-05-18,health,763
30072,W,2024-11-08,auto,473
30073,W,2024-11-07,health,USD 656
30074,S,2024-10-20,home,$576
30075,W,2024-02-15,home,686
30076,N,2024-03-09,travel,1088
30077,N,2024-10-06,home,929
30078,S,2024-08-02,home,556
30079,W,2024-02-08,travel,USD 809
30080,E,2024-01-17,home,USD 742
30081,E,2024-01-22,travel,851
30082,S,2024-02-24,health,612
30083,E,2024-08-21,home,461
30084,N,2024-04-12,home,362
30085,S,2024-10-22,health,464
30086,S,2024-02-16,health,571
30087,E,2024-04-02,health,723
30088,E,2024-08-28,health,759
30089,E,2024-06-21,health,652
30090,E,2024-02-03,auto,591
30091,N,2024-01-02,home,666
30092,E,2024-02-15,health,640
30093,E,2024-07-21,home,887
30094,S,2024-02-11,travel,523
30095,E,2024-11-03,auto,856
30096,S,2024-04-21,home,399
30097,N,2024-09-22,auto,1075
30098,N,2024-07-09,travel,721
30099,N,2024-10-22,auto,561
30100,W,2024-09-05,home,601
30101,E,2024-03-22,auto,762
30102,E,2024-05-27,travel,830
30103,N,2024-10-11,travel,494
30104,W,2024-05-30,health,636
30105,S,2024-03-18,travel,1004
30106,S,2024-05-05,home,415
30107,N,2024-11-09,travel,675
30108,E,2024-02-21,auto,661
30109,E,2024-03-08,travel,692
30110,S,2024-08-04,home,756
30111,S,2024-03-04,home,626
30112,N,2024-11-24,travel,884
30113,E,2024-04-24,travel,513
30114,N,2024-01-19,auto,554
30115,E,2024-04-21,travel,765
30116,E,2024-09-16,health,523
30117,E,2024-08-08,home,430
30118,E,2024-06-25,travel,796
30119,N,2024-02-12,home,806
30120,W,2024-07-23,health,851
30121,S,2024-02-14,home,864
30122,W,2024-07-26,health,763
30123,E,2024-01-08,home,956
30124,E,2024-08-27,home,508
30125,S,2024-05-03,health,513
30126,N,2024-11-19,home,743
30127,W,2024-04-13,health,540
30128,S,2024-08-06,health,584
30129,W,2024-01-26,travel,531
30130,E,2024-03-02,travel,$518
30131,N,2024-01-14,travel,958
30132,S,2024-04-11,health,668
30133,W,2024-10-30,travel,498
30134,E,2024-11-05,travel,663
30135,S,2024-05-28,auto,USD 644
30136,W,2024-06-30,auto,940
30137,S,2024-04-29,home,661
30138,W,2024-02-15,travel,622
30139,W,2024-05-21,home,477
30140,W,2024-04-02,home,1214
30141,E,2024-06-27,home,788
30142,S,2024-03-02,home,574
30143,N,2024-09-04,health,602
30144,S,2024-09-12,travel,634
30145,S,2024-04-07,auto,635
30146,E,2024-05-21,travel,556
30147,W,2024-08-26,home,560
30148,E,2024-09-06,home,708
30149,S,2024-03-05,auto,867
30150,E,2024-09-23,travel,750
30151,S,2024-03-19,home,USD 567
30153,S,2024-02-27,travel,649
30154,N,2024-01-31,health,744
30155,W,2024-11-11,home,686
30156,S,2024-05-20,home,852
30157,N,2024-11-13,travel,674
30158,W,2024-04-12,travel,$662
30159,E,2024-09-29,home,USD 710
30160,N,2024-07-04,home,799
30161,E,2024-03-18,health,651
30162,N,2024-11-09,home,565
30163,W,2024-09-06,auto,$592
30164,E,2024-01-08,travel,712
30165,W,2024-07-27,home,1155
30166,S,2024-11-05,auto,439
30167,E,2024-08-23,auto,684
30168,N,2024-10-06,home,748
30169,E,2024-03-14,home,775
30170,E,2024-06-30,health,537
30171,N,2024-03-16,travel,748
30172,N,2024-08-06,auto,657
30173,N,2024-01-31,travel,795
30174,W,2024-01-23,auto,608
30175,S,2024-05-07,auto,690
30176,W,2024-08-08,auto,768
30177,N,2024-05-30,travel,629
30178,N,2024-10-25,auto,794
30179,E,2024-11-22,home,$813
30180,N,2024-04-20,home,894
30181,S,2024-07-03,travel,575
30182,N,2024-05-06,travel,742
30183,N,2024-06-16,health,684
30184,N,2024-09-14,home,814
30185,N,2024-09-02,health,482
30186,N,2024-11-02,health,$631
30187,E,2024-05-18,home,1112
30188,W,2024-09-05,auto,631
30189,W,2024-02-01,health,695
30191,S,2024-01-29,auto,545
30192,N,2024-05-23,home,681
30193,E,2024-09-14,home,701
30194,W,2024-05-08,travel,903
30195,E,2024-11-04,auto,488
30196,W,2024-10-03,travel,574
30197,W,2024-01-02,home,$765
30199,N,2024-05-31,home,704
30200,N,2024-06-28,auto,505
30201,N,2024-01-24,home,680
30202,E,2024-08-15,health,731
30203,W,2024-03-23,health,469
30204,N,2024-08-25,home,674
30205,W,2024-04-23,travel,592
30206,W,2024-03-05,health,545
30207,W,2024-11-13,home,733
30208,N,2024-02-01,health,428
30209,W,2024-03-30,auto,983
30210,W,2024-02-10,auto,582
30211,W,2024-04-18,health,600
30212,E,2024-01-02,travel,723
30213,E,2024-05-05,auto,590
30215,W,2024-02-26,health,458
30216,W,2024-04-20,home,USD 535
30217,W,2024-03-30,travel,642
30218,N,2024-03-21,auto,533
30219,N,2024-05-05,auto,933
30220,E,2024-07-05,health,750
30221,W,2024-07-28,travel,621
30222,E,2024-10-21,travel,784
30223,N,2024-11-02,health,635
30224,E,2024-09-02,auto,851
30225,N,2024-03-13,home,630
30226,N,2024-10-10,auto,655
30227,W,2024-10-10,health,481
30228,S,2024-06-16,health,794
30229,E,2024-10-15,auto,570
30230,E,2024-09-26,home,602
30231,W,2024-04-10,home,652
30232,W,2024-01-22,health,450
30233,E,2024-06-17,auto,628
30234,E,2024-01-05,home,USD 845
30235,E,2024-06-05,auto,USD 827
30236,N,2024-03-07,home,607
30237,W,2024-02-10,travel,558
30238,W,2024-04-01,health,822
30239,E,2024-08-01,health,551
30240,E,2024-04-04,home,752
30241,S,2024-09-17,health,637
30242,N,2024-11-20,auto,897
30243,N,2024-03-09,home,623
30244,S,2024-10-27,health,408
30245,N,2024-09-10,auto,529
30246,E,2024-10-26,health,480
30248,S,2024-11-17,auto,797
30249,E,2024-10-22,home,474
30250,S,2024-06-26,travel,526
30251,N,2024-09-30,health,868
30252,E,2024-05-28,travel,739
30254,N,2024-10-23,auto,700
30255,S,2024-02-04,health,$582
30256,N,2024-03-01,auto,521
30257,N,2024-02-15,health,1040
30258,E,2024-09-17,auto,758
30259,E,2024-09-02,auto,USD 532
30260,S,2024-08-16,home,933
30261,N,2024-01-19,travel,418
30262,E,2024-07-12,auto,597
30263,S,2024-08-03,health,575
30264,W,2024-02-24,home,652
30265,S,2024-02-06,travel,611
30266,S,2024-02-10,home,488
30267,E,2024-08-08,home,730
30268,S,2024-10-10,auto,490
30269,W,2024-02-28,home,748
30270,E,2024-01-01,home,558
30271,N,2024-06-01,home,566
30272,N,2024-05-31,home,677
30273,E,2024-03-06,health,$765
30274,S,2024-05-14,health,902
30275,E,2024-02-11,auto,686
30276,N,2024-02-02,travel,702
30277,W,2024-08-06,health,1015
30278,S,2024-03-23,auto,728
30279,S,2024-05-30,travel,680
30280,S,2024-07-19,travel,799
30281,E,2024-03-12,home,373
30282,N,2024-09-04,auto,847
30283,N,2024-06-13,home,853
30284,S,2024-03-31,home,618
30285,E,2024-01-03,home,561
30286,W,2024-05-21,home,702
30287,S,2024-09-29,travel,1006
30288,W,2024-04-26,auto,533
30289,S,2024-06-29,health,836
30290,E,2024-06-18,auto,$876
30291,W,2024-04-19,home,1065
30292,S,2024-11-14,travel,651
30293,W,2024-07-20,health,542
30294,E,2024-02-18,auto,612
30295,W,2024-02-10,home,$564
30296,N,2024-09-09,auto,834
30297,N,2024-11-22,home,671
30298,E,2024-10-25,auto,1043
30299,W,2024-07-12,health,649
30300,W,2024-03-01,auto,1078
30301,S,2024-04-24,travel,630
30302,N,2024-11-05,travel,756
30303,S,2024-01-26,home,803
30304,S,2024-06-16,health,806
30305,E,2024-03-22,auto,751
30306,W,2024-07-09,home,656
30307,W,2024-04-16,health,833
30308,N,2024-06-04,health,1018
30309,N,2024-01-23,auto,923
30310,N,2024-06-05,health,622
30311,W,2024-10-14,auto,611
30312,N,2024-02-16,home,622
30313,S,2024-01-09,auto,1022
30314,S,2024-07-19,travel,426
30315,N,2024-05-09,health,804
30316,W,2024-11-06,travel,458
30317,N,2024-05-30,travel,683
30318,S,2024-01-28,home,834
30319,N,2024-10-15,auto,682
30320,E,2024-04-26,home,550
30321,S,2024-03-06,auto,713
30322,N,2024-11-15,travel,USD 682
30323,N,2024-10-07,home,772
30324,W,2024-06-28,travel,798
30325,N,2024-02-19,travel,581
30326,N,2024-02-19,travel,633
30327,W,2024-05-22,travel,622
30328,E,2024-05-05,home,708
30329,S,2024-01-18,travel,716
30330,E,2024-05-10,home,818
30331,N,2024-06-15,auto,754
30332,S,2024-01-01,health,513
30333,N,2024-05-21,auto,621
30334,N,2024-08-24,travel,966
30335,S,2024-08-25,auto,469
30336,W,2024-08-02,travel,667
30337,E,2024-03-23,health,428
30338,S,2024-03-05,travel,696
30340,S,2024-05-06,auto,520
30341,S,2024-06-01,health,593
30342,W,2024-11-24,auto,566
30343,W,2024-11-23,home,1034
30344,W,2024-06-25,auto,447
30345,N,2024-09-28,home,731
30346,S,2024-01-14,health,693
30347,N,2024-01-18,home,492
30348,S,2024-10-20,health,514
30349,N,2024-11-10,home,855
30350,E,2024-04-04,health,645
30351,N,2024-06-18,home,USD 830
30352,E,2024-02-12,travel,575
30353,W,2024-07-03,travel,800
30354,S,2024-11-12,travel,735
30355,E,2024-10-11,health,553
30356,E,2024-09-16,health,976
30357,W,2024-03-31,health,826
30358,W,2024-05-31,auto,480
30359,W,2024-05-18,health,632
30360,E,2024-05-26,auto,626
30361,N,2024-07-14,health,812
30362,S,2024-07-15,home,665
30363,N,2024-10-13,travel,714
30364,W,2024-03-28,travel,665
30365,N,2024-06-26,auto,540
30366,E,2024-10-01,travel,743
30367,S,2024-04-19,health,429
30368,W,2024-02-09,travel,576
30369,N,2024-02-11,travel,725
30370,N,2024-02-12,health,733
30371,W,2024-09-23,travel,778
30372,N,2024-10-19,auto,758
30373,N,2024-04-12,travel,519
30374,W,2024-06-18,home,982
30375,S,2024-08-22,health,926
30376,S,2024-04-16,auto,513
30377,S,2024-11-06,health,733
30378,W,2024-02-19,home,601
30379,S,2024-11-10,health,680
30380,S,2024-01-21,auto,674
30381,W,2024-09-17,home,$749
30382,N,2024-05-19,travel,936
30383,W,2024-03-28,travel,698
30384,W,2024-08-09,home,478
30385,E,2024-01-13,home,671
30386,W,2024-01-31,health,577
30387,W,2024-06-14,travel,900
30388,N,2024-09-13,auto,757
30389,E,2024-06-17,travel,625
30390,E,2024-10-31,auto,775
30391,S,2024-08-16,auto,507
30392,N,2024-11-23,auto,860
30393,E,2024-01-31,auto,686
30394,W,2024-07-12,auto,497
30395,W,2024-11-15,home,766
30397,E,2024-01-29,auto,433
30398,E,2024-11-25,auto,743
30399,N,2024-03-27,auto,568
30400,W,2024-11-09,health,886
30401,S,2024-02-13,auto,849
30402,W,2024-08-23,health,611
30403,N,2024-03-16,home,752
30404,N,2024-09-18,health,841
30405,S,2024-01-11,health,655
30406,W,2024-02-24,health,663
30407,N,2024-01-17,health,812
30408,W,2024-05-02,travel,524
30409,E,2024-10-09,auto,491
30410,N,2024-06-30,home,813
30411,W,2024-02-26,auto,867
30412,N,2024-06-20,travel,446
30414,E,2024-09-30,auto,775
30415,S,2024-04-13,health,593
30416,W,2024-09-30,travel,389
30417,N,2024-10-08,travel,919
30418,N,2024-08-27,travel,USD 1043
30419,S,2024-05-30,home,447
30421,S,2024-06-10,health,918
30422,E,2024-08-30,home,867
30424,N,2024-02-11,auto,535
30425,W,2024-11-16,health,473
30426,S,2024-02-06,home,517
30427,E,2024-11-21,travel,648
30428,S,2024-02-13,auto,1134
30429,S,2024-08-15,travel,USD 501
30430,S,2024-10-03,home,771
30431,W,2024-03-02,travel,694
30432,E,2024-10-04,travel,720
30435,W,2024-06-07,home,563
30436,W,2024-07-30,home,893
30437,N,2024-01-17,auto,430
30438,E,2024-07-12,home,USD 640
30439,E,2024-07-17,travel,858
30440,N,2024-06-17,home,456
30441,N,2024-08-12,travel,608
30442,W,2024-07-18,home,803
30443,E,2024-05-23,auto,674
30444,S,2024-09-21,travel,805
30445,W,2024-06-05,travel,737
30446,N,2024-09-30,home,655
30448,W,2024-01-24,travel,581
30449,W,2024-11-22,auto,637
30451,E,2024-03-02,travel,799
30452,S,2024-05-11,home,969
30453,W,2024-04-30,home,807
30454,E,2024-07-08,auto,752
30455,W,2024-04-22,auto,727
30456,W,2024-03-24,auto,501
30457,S,2024-08-04,auto,500
30458,N,2024-09-05,travel,507
30459,E,2024-05-29,travel,459
30460,N,2024-11-21,auto,655
30461,S,2024-09-27,home,666
30462,W,2024-03-03,auto,827
30463,E,2024-05-12,health,435
30464,E,2024-03-26,travel,USD 681
30465,N,2024-02-03,travel,756
30466,W,2024-03-12,home,926
30467,S,2024-04-10,auto,364
30468,E,2024-06-07,home,638
30469,W,2024-10-16,health,$962
30470,S,2024-09-08,health,696
30471,S,2024-08-31,health,691
30472,N,2024-01-01,auto,554
30473,E,2024-05-22,auto,441
30474,S,2024-07-18,auto,591
30476,N,2024-10-29,travel,682
30477,S,2024-06-10,travel,501
30478,N,2024-02-10,health,809
30479,E,2024-07-27,travel,620
30480,E,2024-03-25,home,824
30481,W,2024-10-17,health,424
30482,S,2024-11-23,home,623
30483,E,2024-09-15,travel,799
30484,S,2024-03-15,home,$710
30485,N,2024-02-15,travel,482
30486,W,2024-05-12,auto,765
30487,S,2024-03-12,auto,830
30488,S,2024-05-15,home,837
30489,W,2024-04-04,home,828
30490,E,2024-01-18,health,481
30491,S,2024-09-28,auto,$918
30492,N,2024-11-03,auto,504
30493,N,2024-10-20,travel,1107
30494,W,2024-03-08,auto,606
30495,E,2024-05-22,auto,904
30496,N,2024-04-28,home,733
30497,N,2024-08-24,travel,824
30498,E,2024-02-28,travel,549
30499,N,2024-08-17,auto,544
30500,W,2024-02-07,health,930
30501,W,2024-02-15,travel,521
30502,N,2024-07-11,home,573
30503,N,2024-11-09,auto,1228
30504,N,2024-04-07,travel,741
30505,N,2024-06-01,travel,832
30506,W,2024-07-02,health,626
30507,W,2024-09-16,home,717
30508,W,2024-07-11,auto,638
30509,S,2024-01-25,travel,653
30510,W,2024-09-26,auto,USD 705
30511,W,2024-10-17,health,$440
30512,W,2024-03-17,health,741
30513,E,2024-05-24,auto,581
30514,N,2024-08-05,health,579
30515,N,2024-11-22,home,556
30516,W,2024-01-26,auto,698
30517,E,2024-01-30,travel,441
30518,E,2024-11-11,auto,591
30519,S,2024-11-05,auto,620
30520,E,2024-06-22,health,490
30521,E,2024-02-03,health,713
30522,N,2024-08-30,travel,$896
30523,E,2024-03-31,health,806
30524,E,2024-02-05,auto,507
30525,W,2024-11-10,home,411
30527,N,2024-07-13,travel,681
30528,W,2024-08-29,auto,988
30529,S,2024-08-01,travel,794
30530,N,2024-09-18,home,852
30531,E,2024-02-18,home,712
30532,N,2024-06-03,auto,USD 514
30533,N,2024-11-19,home,$824
30535,N,2024-06-23,travel,571
30536,N,2024-01-03,auto,609
30537,E,2024-05-25,home,775
30538,N,2024-07-27,travel,690
30539,N,2024-11-08,travel,762
30540,W,2024-01-27,home,642
30542,W,2024-07-16,health,595
30543,S,2024-05-05,auto,686
30544,S,2024-01-08,travel,354
30545,W,2024-11-09,health,764
30546,E,2024-07-24,home,685
30547,S,2024-01-05,travel,497
30548,N,2024-10-19,health,$389
30549,E,2024-10-12,home,760
30550,W,2024-04-25,home,624
30551,S,2024-03-18,home,677
30552,W,2024-05-16,auto,585
30553,W,2024-02-13,home,593
30554,N,2024-02-14,auto,527
30555,S,2024-07-27,health,1075
30556,N,2024-11-25,health,519
30557,E,2024-04-04,auto,869
30558,N,2024-06-14,health,1050
30559,W,2024-09-05,home,770
30560,W,2024-10-23,travel,540
30561,E,2024-05-24,auto,558
30562,W,2024-11-16,health,898
30563,S,2024-03-04,home,696
30564,N,2024-06-16,travel,737
30565,E,2024-02-17,travel,877
30566,W,2024-10-17,auto,$978
30567,W,2024-04-03,home,817
30568,W,2024-07-09,health,501
30569,E,2024-01-01,auto,698
30570,S,2024-09-20,travel,621
30571,E,2024-02-14,health,919
30572,W,2024-06-01,travel,620
30573,N,2024-10-12,home,465
30574,S,2024-06-16,auto,852
30575,E,2024-06-05,auto,906
30576,W,2024-01-16,auto,790
30577,E,2024-04-18,home,589
30578,E,2024-02-15,home,791
30579,S,2024-03-24,home,821
30580,N,2024-11-08,health,434
30581,N,2024-10-04,home,786
30582,S,2024-01-23,health,697
30583,N,2024-09-09,health,611
30584,N,2024-10-04,health,621
30585,N,2024-02-02,health,683
30586,W,2024-08-03,travel,743
30587,N,2024-07-27,travel,534
30588,E,2024-03-23,travel,619
30589,N,2024-02-19,health,576
30590,N,2024-01-22,travel,881
30591,S,2024-09-21,auto,568
30592,E,2024-01-13,auto,841
30593,S,2024-11-01,home,669
30594,S,2024-10-24,health,583
30595,N,2024-11-17,health,819
30596,E,2024-02-09,auto,930
30597,E,2024-07-08,home,608
30598,N,2024-01-21,auto,640
30599,N,2024-10-28,health,611
30600,W,2024-10-23,home,1196
30601,W,2024-08-06,travel,878
30602,W,2024-08-24,auto,650
30603,E,2024-11-19,home,699
30604,N,2024-10-21,home,696
30605,W,2024-01-28,health,653
30606,E,2024-07-27,auto,$947
30607,N,2024-09-27,health,$680
30608,W,2024-06-27,travel,674
30609,S,2024-03-05,home,677
30610,N,2024-03-03,health,654
30611,W,2024-11-18,home,675
30612,E,2024-08-09,travel,528
30613,S,2024-03-15,auto,521
30614,N,2024-02-23,health,507
30615,E,2024-10-17,auto,537
30616,E,2024-06-13,health,527
30617,E,2024-04-09,health,770
30618,E,2024-08-23,auto,688
30619,N,2024-10-07,health,586
30620,W,2024-07-26,home,687
30621,N,2024-05-24,home,740
30622,E,2024-05-09,health,744
30623,N,2024-02-02,health,654
30624,W,2024-01-19,home,789
30625,S,2024-06-29,auto,763
30626,N,2024-02-15,health,635
30627,S,2024-08-30,health,813
30628,N,2024-03-25,home,577
30629,S,2024-11-03,home,580
30630,S,2024-07-26,health,647
30631,W,2024-01-10,home,723
30632,S,2024-11-17,health,707
30633,N,2024-02-17,travel,857
30634,E,2024-10-14,travel,537
30635,N,2024-07-13,home,923
30636,W,2024-02-27,auto,747
30637,W,2024-01-19,travel,473
30638,E,2024-03-12,travel,565
30639,N,2024-06-01,auto,610
30640,N,2024-01-09,auto,853
30641,W,2024-06-16,health,740
30642,S,2024-01-26,travel,525
30643,E,2024-01-09,home,745
30644,S,2024-07-24,health,805
30645,S,2024-05-01,travel,597
30646,W,2024-10-06,travel,605
30647,N,2024-08-18,home,595
30648,W,2024-11-05,travel,715
30649,W,2024-02-11,auto,576
30650,W,2024-10-05,health,1024
30651,W,2024-03-08,travel,494
30652,N,2024-06-11,health,606
30653,W,2024-09-12,travel,627
30654,W,2024-08-02,auto,653
30655,S,2024-01-10,health,997
30656,N,2024-11-17,home,548
30657,E,2024-07-17,health,508
30658,S,2024-01-23,health,725
30660,E,2024-07-05,auto,804
30661,W,2024-08-11,health,800
30662,E,2024-02-24,travel,698
30663,N,2024-02-04,auto,517
30664,E,2024-08-25,home,699
30665,W,2024-09-29,auto,693
30666,S,2024-03-31,travel,771
30667,E,2024-06-17,auto,USD 862
30668,S,2024-02-19,health,774
30669,N,2024-07-30,health,549
30671,E,2024-06-29,health,816
30673,N,2024-06-08,health,USD 791
30674,E,2024-02-28,auto,633
30675,N,2024-08-19,health,636
30676,W,2024-01-08,travel,836
30677,E,2024-06-07,travel,444
30678,W,2024-11-15,health,595
30679,S,2024-03-16,home,706
30680,E,2024-03-16,home,551
30681,E,2024-06-21,home,611
30682,W,2024-09-04,auto,687
30683,N,2024-02-23,auto,1036
30684,E,2024-03-14,health,703
30685,S,2024-03-27,travel,625
30686,S,2024-03-02,travel,624
30687,E,2024-04-03,health,446
30688,E,2024-01-18,home,545
30689,S,2024-02-10,home,1274
30690,E,2024-03-08,auto,508
30691,S,2024-02-19,home,$550
30692,E,2024-01-10,home,477
30693,E,2024-04-06,travel,675
30694,N,2024-11-26,travel,747
30695,W,2024-01-28,health,610
30696,E,2024-08-26,health,696
30697,W,2024-08-28,travel,1171
30698,S,2024-01-07,home,USD 650
30699,S,2024-02-25,travel,765
30700,S,2024-11-18,travel,899
30701,N,2024-11-20,travel,792
30702,W,2024-03-08,travel,677
30703,S,2024-09-30,home,551
30704,N,2024-02-02,home,$423
30705,S,2024-06-18,auto,492
30706,S,2024-01-25,auto,839
30707,N,2024-05-28,health,852
30708,E,2024-11-03,home,569
30709,N,2024-01-11,health,$719
30710,N,2024-05-03,health,1016
30711,N,2024-10-13,auto,509
30712,N,2024-03-15,health,400
30714,E,2024-08-22,home,942
30715,N,2024-03-29,travel,624
30717,S,2024-07-03,travel,750
30718,S,2024-05-14,health,517
30719,N,2024-07-24,health,656
30720,W,2024-09-01,auto,"$1,023"
30721,N,2024-09-28,auto,519
30722,S,2024-02-03,auto,643
30723,N,2024-04-06,auto,732
30724,E,2024-11-11,health,773
30725,S,2024-11-12,auto,806
30726,W,2024-04-15,auto,499
30727,N,2024-03-22,home,598
30728,N,2024-08-05,home,782
30729,W,2024-01-02,home,$813
30730,E,2024-11-09,home,459
30731,E,2024-11-08,home,769
30732,S,2024-08-01,auto,948
30733,E,2024-01-17,travel,476
30734,E,2024-03-26,health,591
30735,E,2024-07-04,travel,839
30736,E,2024-03-08,auto,637
30737,S,2024-11-10,travel,550
30738,E,2024-08-14,auto,710
30739,W,2024-10-23,home,705
30740,W,2024-10-09,travel,$793
30741,S,2024-01-27,health,659
30742,E,2024-01-28,home,666
30744,N,2024-06-07,home,707
30745,N,2024-03-09,health,562
30746,E,2024-05-06,home,656
30748,E,2024-05-22,travel,679
30749,N,2024-08-12,health,$738
30750,E,2024-07-25,auto,749
30751,W,2024-08-03,auto,590
30752,S,2024-05-07,travel,569
30753,N,2024-08-10,health,$764
30754,S,2024-07-22,health,586
30755,E,2024-02-06,travel,520
30756,N,2024-08-28,health,819
30757,N,2024-05-31,travel,706
30758,N,2024-02-01,health,638
30759,E,2024-02-13,travel,USD 626
30760,W,2024-08-25,home,559
30761,N,2024-03-21,travel,615
30762,E,2024-05-19,travel,667
30763,W,2024-11-17,home,836
30764,E,2024-10-12,health,617
30765,S,2024-02-03,health,594
30766,E,2024-02-03,health,USD 793
30767,W,2024-07-18,home,826
30768,W,2024-02-23,health,660
30769,W,2024-03-04,travel,627
30770,S,2024-07-13,home,948
30771,W,2024-01-30,health,382
30772,N,2024-04-13,home,723
30773,E,2024-09-26,health,516
30774,E,2024-10-04,home,737
30775,E,2024-01-21,health,707
30776,N,2024-05-18,travel,504
30777,N,2024-03-13,health,848
30778,E,2024-07-26,travel,661
30779,S,2024-05-08,auto,556
30780,W,2024-11-02,home,545
30781,W,2024-08-22,health,604
30782,N,2024-11-15,health,519
30783,E,2024-08-10,travel,880
30784,E,2024-10-24,travel,729
30785,S,2024-05-21,auto,337
30786,S,2024-08-21,auto,804
30787,E,2024-09-08,home,730
30788,N,2024-02-18,auto,1098
30789,N,2024-08-05,travel,1031
30790,W,2024-11-12,home,716
30791,N,2024-09-24,travel,940
30792,W,2024-01-13,auto,740
30793,W,2024-04-04,auto,628
30794,W,2024-07-26,auto,412
30795,E,2024-11-10,home,1011
30796,S,2024-02-25,auto,704
30797,S,2024-03-28,auto,623
30798,N,2024-02-06,travel,527
30799,E,2024-02-10,health,611
30800,S,2024-08-28,auto,754
30801,E,2024-11-16,health,937
30802,W,2024-07-20,home,654
30803,W,2024-05-26,auto,534
30804,N,2024-02-13,health,800
30805,N,2024-08-17,health,605
30806,W,2024-10-23,travel,697
30807,W,2024-03-10,auto,$353
30808,W,2024-04-20,health,827
30809,S,2024-03-25,auto,659
30810,W,2024-10-31,home,$713
30811,W,2024-05-14,health,585
30812,W,2024-08-27,auto,664
30813,N,2024-02-10,health,721
30814,W,2024-11-24,travel,753
30815,E,2024-04-14,auto,524
30816,N,2024-08-15,health,805
30817,E,2024-10-24,travel,686
30818,S,2024-01-23,auto,580
30819,W,2024-04-29,travel,879
30820,E,2024-03-21,health,838
30821,S,2024-04-17,auto,479
30822,N,2024-09-01,travel,741
30823,S,2024-02-05,health,569
30824,W,2024-01-19,home,926
30825,S,2024-04-05,travel,1002
30826,E,2024-03-19,health,707
30827,S,2024-03-28,home,700
30828,E,2024-05-22,auto,590
30829,W,2024-09-28,travel,$683
30830,W,2024-05-25,health,732
30831,N,2024-08-12,auto,711
30832,E,2024-04-12,auto,566
30833,S,2024-01-27,travel,588
30834,N,2024-10-11,auto,524
30835,N,2024-04-20,travel,841
30836,E,2024-04-01,travel,938
30837,S,2024-05-06,health,730
30838,E,2024-08-04,home,537
30839,S,2024-04-29,health,717
30841,N,2024-02-26,health,652
30842,N,2024-07-22,travel,710
30843,S,2024-01-10,home,590
30844,W,2024-01-10,health,557
30845,W,2024-01-13,home,679
30846,N,2024-03-01,travel,481
30847,E,2024-09-04,auto,915
30848,E,2024-03-02,auto,USD 769
30849,E,2024-08-23,health,870
30850,E,2024-05-23,health,1063
30851,N,2024-01-21,travel,462
30852,W,2024-02-29,health,745
30853,S,2024-01-21,auto,637
30854,N,2024-01-29,health,USD 869
30855,E,2024-08-09,travel,1040
30856,S,2024-09-20,travel,514
30857,N,2024-10-22,health,739
30858,S,2024-01-10,travel,1052
30859,S,2024-06-19,home,457
30860,S,2024-11-14,travel,667
30861,W,2024-04-29,health,575
30862,W,2024-08-24,auto,478
30863,S,2024-03-13,home,942
30864,W,2024-11-10,travel,866
30865,E,2024-05-29,auto,686
30867,S,2024-11-06,auto,669
30868,E,2024-09-02,auto,482
30869,E,2024-06-12,travel,736
30870,W,2024-01-08,travel,526
30871,W,2024-06-14,travel,451
30872,S,2024-01-29,health,557
30873,W,2024-10-18,auto,366
30874,S,2024-08-03,home,1054
30875,S,2024-10-14,health,920
30876,S,2024-09-07,travel,862
30877,E,2024-07-10,home,612
30878,N,2024-11-02,health,738
30879,E,2024-04-08,auto,631
30881,E,2024-08-28,home,670
30882,N,2024-05-31,home,648
30883,N,2024-05-03,auto,769
30884,E,2024-02-08,auto,749
30885,S,2024-11-26,health,490
30886,E,2024-07-09,travel,636
30887,E,2024-05-04,travel,636
30888,S,2024-05-22,home,908
30889,W,2024-03-17,auto,694
30890,S,2024-06-20,health,795
30891,S,2024-06-17,travel,731
30893,E,2024-09-12,home,$805
30894,E,2024-02-06,auto,470
30895,W,2024-05-13,travel,561
30896,N,2024-10-05,home,758
30897,N,2024-05-21,health,$558
30899,N,2024-04-15,travel,819
30900,W,2024-10-06,health,1090
30901,E,2024-09-26,travel,758
30902,W,2024-01-14,travel,1157
30904,S,2024-03-22,auto,754
30905,S,2024-09-04,auto,789
30906,E,2024-01-18,auto,573
30907,S,2024-04-02,travel,431
30908,N,2024-01-21,home,564
30909,N,2024-01-01,home,860
30910,W,2024-11-17,health,774
30911,W,2024-02-22,home,743
30912,N,2024-07-24,travel,848
30913,E,2024-05-24,home,614
30914,E,2024-05-17,auto,834
30915,E,2024-04-30,auto,602
30916,E,2024-10-26,health,USD 657
30917,N,2024-10-19,health,440
30918,W,2024-04-17,travel,891
30919,E,2024-11-02,home,515
30920,N,2024-02-27,auto,876
30922,W,2024-09-13,home,516
30923,E,2024-06-25,travel,460
30924,W,2024-10-02,health,398
30925,S,2024-10-22,health,737
30926,W,2024-05-25,travel,759
30927,S,2024-06-21,auto,687
30928,S,2024-01-20,auto,575
30929,E,2024-08-26,auto,580
30930,S,2024-02-09,travel,1165
30931,W,2024-04-12,home,995
30932,E,2024-07-04,travel,817
30933,E,2024-06-05,travel,574
30934,S,2024-05-06,home,738
30935,W,2024-02-02,home,609
30936,S,2024-11-07,auto,$680
30938,N,2024-03-29,health,605
30939,N,2024-02-04,home,573
30940,W,2024-08-15,travel,945
30941,S,2024-07-17,health,573
30942,S,2024-04-21,home,536
30943,W,2024-10-24,health,569
30944,S,2024-05-29,auto,592
30945,S,2024-01-01,home,683
30946,W,2024-07-26,travel,664
30947,N,2024-04-22,auto,808
30948,N,2024-04-09,auto,564
30949,N,2024-04-14,travel,835
30950,N,2024-08-07,health,921
30951,E,2024-03-19,travel,539
30952,E,2024-11-18,travel,626
30953,E,2024-07-30,travel,557
30954,N,2024-10-15,auto,786
30955,N,2024-07-15,health,1040
30956,W,2024-08-15,health,564
30957,N,2024-01-07,travel,477
30958,N,2024-09-06,health,544
30959,W,2024-11-25,home,709
30960,W,2024-08-28,health,691
30961,W,2024-01-26,home,894
30962,N,2024-10-21,home,645
30963,N,2024-07-19,auto,818
30964,N,2024-06-03,home,929
30965,S,2024-01-07,home,911
30966,S,2024-11-07,home,606
30967,N,2024-02-02,travel,1056
30968,S,2024-01-23,auto,473
30969,E,2024-09-06,auto,523
30970,E,2024-08-24,auto,789
30971,W,2024-06-29,home,$635
30972,W,2024-11-04,home,597
30973,N,2024-09-19,home,477
30974,W,2024-05-31,auto,1126
30975,W,2024-11-01,home,$577
30976,W,2024-02-23,home,707
30977,W,2024-06-17,home,502
30978,S,2024-02-01,home,583
30979,E,2024-04-26,auto,532
30980,E,2024-07-06,travel,819
30981,W,2024-06-22,health,812
30982,N,2024-03-04,health,506
30983,W,2024-05-31,travel,594
30984,N,2024-11-15,home,521
30985,S,2024-11-20,home,649
30986,W,2024-08-06,home,694
30987,N,2024-09-29,auto,494
30988,N,2024-07-09,health,613
30989,N,2024-09-21,auto,521
30990,E,2024-07-09,travel,732
30992,E,2024-03-02,home,603
30993,W,2024-03-24,auto,637
30994,E,2024-04-07,travel,487
30995,W,2024-05-06,health,977
30996,S,2024-08-19,health,622
30997,E,2024-10-08,auto,776
30998,E,2024-02-13,auto,1086
30999,E,2024-10-15,home,700
31000,E,2024-10-26,auto,$451
31001,S,2024-03-09,travel,1049
31002,N,2024-10-26,travel,735
31003,N,2024-06-26,home,890
31004,W,2024-08-12,home,752
31005,N,2024-10-07,home,846
31006,N,2024-08-29,auto,774
31007,E,2024-08-30,home,843
31008,N,2024-10-02,auto,1054
31009,W,2024-08-28,travel,531
31010,W,2024-04-22,home,838
31011,N,2024-07-13,travel,$542
31012,W,2024-06-16,travel,851
31013,E,2024-07-30,auto,544
31014,N,2024-09-18,travel,664
31015,W,2024-01-19,travel,513
31016,W,2024-02-27,health,971
31017,N,2024-03-06,health,925
31018,N,2024-06-04,auto,657
31019,W,2024-10-29,travel,508
31020,N,2024-07-30,home,836
31021,W,2024-10-09,auto,578
31022,N,2024-02-01,home,450
31023,N,2024-09-14,auto,596
31024,E,2024-01-10,home,466
31025,E,2024-10-17,home,775
31026,E,2024-08-23,auto,632
31027,S,2024-01-28,travel,683
31029,S,2024-05-03,auto,573
31030,W,2024-08-14,travel,526
31031,N,2024-02-01,health,1009
31032,E,2024-09-04,home,511
31033,W,2024-03-30,health,714
31034,N,2024-08-26,home,893
31035,E,2024-10-27,travel,825
31036,N,2024-11-19,auto,1078
31037,E,2024-04-17,home,448
31038,W,2024-10-06,health,467
31039,S,2024-05-28,auto,572
31040,S,2024-11-03,health,$762
31041,N,2024-09-17,health,619
31042,S,2024-09-12,health,606
31043,W,2024-11-12,health,708
31044,W,2024-07-13,travel,673
31045,S,2024-01-31,travel,534
31047,W,2024-09-07,travel,577
31048,N,2024-07-20,home,697
31049,W,2024-07-25,health,906
31050,W,2024-01-31,travel,USD 641
31051,N,2024-09-12,home,597
31052,N,2024-09-25,auto,568
31053,N,2024-03-19,health,1010
31054,N,2024-11-25,auto,796
31055,S,2024-07-10,home,847
31056,N,2024-02-16,auto,751
31057,S,2024-05-05,home,911
31058,W,2024-01-18,health,596
31059,N,2024-05-12,health,668
31060,E,2024-10-26,auto,771
31061,N,2024-02-08,health,496
31063,W,2024-04-10,home,629
31064,W,2024-06-10,home,907
31065,E,2024-07-26,auto,879
31066,N,2024-10-15,health,816
31067,S,2024-11-06,auto,986
31068,E,2024-04-17,health,568
31069,E,2024-02-06,auto,617
31070,E,2024-03-21,travel,715
31071,W,2024-02-23,health,957
31072,E,2024-11-21,travel,674
31073,W,2024-03-13,travel,739
31074,S,2024-04-06,home,560
31075,N,2024-10-20,home,821
31076,S,2024-01-29,auto,774
31077,N,2024-04-24,travel,953
31078,E,2024-03-26,home,654
31079,W,2024-02-22,home,423
31080,E,2024-06-15,home,539
31081,W,2024-02-01,travel,$658
31082,N,2024-02-06,health,548
31083,N,2024-11-04,auto,552
31085,N,2024-04-01,travel,787
31086,E,2024-06-20,health,692
31087,S,2024-05-01,health,914
31088,N,2024-03-24,auto,579
31089,N,2024-10-24,health,629
31090,E,2024-10-09,home,735
31091,E,2024-09-30,travel,571
31092,W,2024-10-04,health,619
31093,E,2024-03-01,home,848
31094,S,2024-03-07,auto,$484
31095,N,2024-10-17,travel,866
31096,S,2024-03-18,travel,643
31097,W,2024-06-27,health,579
31098,S,2024-04-21,home,634
31099,S,2024-04-06,health,738
31100,E,2024-09-29,health,483
31101,E,2024-07-14,auto,588
31102,W,2024-09-03,health,426
31103,E,2024-01-12,health,533
31104,S,2024-08-17,auto,854
31105,W,2024-04-09,health,642
31106,W,2024-07-28,home,832
31107,E,2024-02-26,health,829
31108,N,2024-07-21,home,769
31109,N,2024-10-10,travel,456
31110,E,2024-01-09,home,505
31112,S,2024-03-11,auto,602
31113,N,2024-05-03,travel,"$1,032"
31114,N,2024-01-04,auto,578
31115,S,2024-11-09,home,608
31116,N,2024-04-27,home,450
31117,S,2024-08-06,auto,583
31118,N,2024-11-04,health,757
31119,S,2024-07-19,home,526
31120,E,2024-05-04,home,517
31121,N,2024-11-25,home,601
31122,S,2024-05-12,home,1147
31123,W,2024-02-20,home,745
31124,S,2024-11-15,travel,710
31125,N,2024-06-23,auto,660
31126,N,2024-04-29,auto,980
31127,S,2024-02-17,travel,468
31128,S,2024-03-22,health,636
31129,W,2024-06-23,travel,592
31130,W,2024-01-12,travel,779
31131,E,2024-01-07,auto,500
31132,S,2024-03-22,health,706
31133,N,2024-07-29,health,928
31134,W,2024-03-11,travel,862
31135,W,2024-04-29,health,1229
31136,E,2024-05-11,travel,652
31137,E,2024-06-01,health,550
31138,W,2024-08-21,travel,796
31139,W,2024-09-23,travel,575
31140,S,2024-09-19,auto,568
31141,N,2024-01-28,home,687
31142,N,2024-10-20,health,554
31143,S,2024-04-03,health,737
31144,N,2024-11-09,health,764
31145,E,2024-06-26,auto,775
31146,S,2024-06-30,travel,595
31147,W,2024-08-21,auto,712
31148,E,2024-09-06,auto,517
31149,W,2024-07-05,auto,963
31150,N,2024-10-13,travel,396
31151,W,2024-10-03,health,983
31152,E,2024-04-28,auto,748
31153,W,2024-10-14,auto,460
31154,N,2024-08-29,auto,450
31155,W,2024-03-09,auto,712
31156,S,2024-11-14,auto,620
31157,W,2024-04-17,auto,676
31158,N,2024-01-08,home,526
31160,N,2024-06-16,home,981
31161,W,2024-10-12,health,745
31162,W,2024-01-11,travel,495
31163,E,2024-02-26,home,574
31164,S,2024-06-01,auto,678
31165,N,2024-02-22,health,518
31166,N,2024-08-09,health,603
31168,E,2024-07-21,travel,1077
31169,N,2024-05-15,auto,647
31170,S,2024-05-07,health,773
31171,N,2024-05-06,home,701
31172,N,2024-04-05,auto,705
31173,W,2024-07-09,health,447
31174,W,2024-10-21,health,676
31175,N,2024-08-25,home,684
31176,E,2024-01-30,health,446
31177,E,2024-05-07,home,466
31178,N,2024-02-26,home,694
31179,N,2024-01-31,travel,649
31181,E,2024-04-19,home,709
31182,E,2024-06-03,travel,516
31183,S,2024-07-30,home,637
31184,W,2024-05-22,health,619
31185,E,2024-10-03,travel,534
31186,S,2024-01-29,home,501
31187,N,2024-07-19,home,562
31188,N,2024-11-07,home,$466
31189,S,2024-08-17,home,740
31190,N,2024-02-07,home,401
31191,W,2024-03-12,health,650
31192,E,2024-09-29,auto,769
31193,S,2024-04-13,home,627
31194,S,2024-10-21,home,750
31195,W,2024-08-09,travel,754
31198,E,2024-04-19,auto,721
31199,E,2024-07-14,health,665
31200,N,2024-01-04,health,715
31201,S,2024-06-08,home,747
31202,E,2024-10-05,health,917
31203,W,2024-06-23,auto,613
31204,N,2024-04-28,auto,776
31205,S,2024-04-18,health,956
31206,W,2024-06-14,health,928
31207,W,2024-11-03,home,804
31208,S,2024-08-12,health,1160
31209,W,2024-02-08,home,620
31210,W,2024-05-21,auto,567
31211,S,2024-01-11,health,$667
31212,E,2024-01-23,home,587
31213,W,2024-07-17,auto,784
31214,W,2024-06-26,home,711
31215,N,2024-04-17,auto,661
31216,W,2024-06-12,travel,554
31217,W,2024-11-18,home,541
31218,N,2024-03-29,auto,544
31219,E,2024-05-09,home,718
31220,S,2024-08-08,home,854
31221,W,2024-08-19,travel,730
31222,W,2024-08-16,auto,582
31223,E,2024-05-15,travel,643
31224,S,2024-03-15,travel,775
31225,N,2024-08-22,auto,463
31226,E,2024-07-09,health,719
31227,W,2024-10-23,auto,494
31228,N,2024-07-30,auto,739
31229,N,2024-06-26,home,525
31230,S,2024-03-19,home,852
31231,W,2024-09-18,travel,617
31232,E,2024-05-23,health,649
31234,E,2024-10-04,travel,500
31235,W,2024-06-24,travel,730
31236,W,2024-11-05,health,628
31237,S,2024-01-17,auto,622
31238,S,2024-05-03,home,599
31239,W,2024-10-17,auto,USD 513
31240,N,2024-04-09,travel,579
31241,W,2024-09-09,travel,570
31242,S,2024-08-07,home,592
31243,W,2024-09-23,home,565
31244,E,2024-02-03,travel,600
31245,S,2024-03-02,travel,990
31246,S,2024-10-31,auto,705
31247,W,2024-09-22,home,713
31248,E,2024-11-15,health,735
31249,W,2024-06-27,travel,902
31251,W,2024-07-05,health,608
31252,W,2024-02-14,travel,751
31253,S,2024-01-12,health,990
31254,N,2024-07-07,auto,348
31255,E,2024-05-08,health,528
31257,N,2024-02-19,travel,453
31258,W,2024-10-05,home,699
31259,E,2024-09-05,health,559
31260,S,2024-03-22,travel,643
31261,E,2024-04-20,auto,482
31262,N,2024-08-18,travel,757
31263,N,2024-07-09,travel,766
31264,W,2024-05-25,travel,527
31265,E,2024-06-10,health,534
31266,N,2024-11-14,home,575
31267,E,2024-03-21,auto,USD 572
31268,W,2024-09-26,health,813
31269,N,2024-11-18,health,542
31270,E,2024-05-18,home,783
31272,E,2024-10-18,travel,513
31273,E,2024-07-17,travel,582
31274,E,2024-09-23,health,585
31276,N,2024-02-03,travel,USD 935
31277,W,2024-07-27,health,677
31279,S,2024-11-01,auto,654
31280,W,2024-08-04,health,707
31281,W,2024-04-29,auto,524
31282,N,2024-04-08,auto,599
31283,W,2024-04-15,home,654
31284,E,2024-10-24,auto,798
31285,N,2024-09-21,auto,529
31286,N,2024-04-11,health,633
31287,S,2024-01-13,health,763
31288,E,2024-04-03,health,787
31289,E,2024-11-10,auto,659
31290,E,2024-01-14,travel,707
31291,S,2024-08-19,auto,693
31292,W,2024-10-27,travel,658
31293,N,2024-07-04,auto,646
31294,S,2024-05-03,health,665
31295,W,2024-03-26,home,586
31296,W,2024-08-17,travel,914
31297,W,2024-03-23,travel,568
31298,W,2024-05-16,auto,605
31299,N,2024-08-22,health,643
31300,S,2024-02-20,auto,701
31301,S,2024-01-08,home,1003
31302,N,2024-10-28,home,877
31303,W,2024-02-11,travel,753
31304,S,2024-05-04,home,561
31305,E,2024-09-20,auto,622
31306,N,2024-03-22,auto,441
31308,S,2024-06-24,health,642
31309,S,2024-01-23,home,625
31310,W,2024-10-16,health,987
31311,W,2024-04-03,auto,594
31312,E,2024-10-11,travel,696
31313,W,2024-10-29,auto,1027
31314,E,2024-04-18,auto,747
31316,N,2024-08-14,auto,1135
31317,W,2024-11-24,travel,902
31318,N,2024-03-13,health,$859
31319,W,2024-04-23,auto,676
31320,N,2024-05-15,home,645
31321,W,2024-06-26,travel,495
31322,W,2024-03-20,travel,658
31323,N,2024-01-20,auto,824
31324,N,2024-06-18,travel,525
31325,S,2024-04-27,travel,477
31326,N,2024-02-21,travel,$786
31327,W,2024-02-26,auto,787
31328,N,2024-06-30,auto,817
31329,W,2024-10-04,home,734
31330,S,2024-09-27,auto,500
31331,E,2024-03-12,travel,663
31332,N,2024-01-23,health,633
31333,W,2024-09-04,auto,USD 622
31334,N,2024-05-27,travel,775
31335,W,2024-07-21,health,$752
31336,N,2024-11-26,auto,USD 619
31337,N,2024-09-26,auto,546
31338,N,2024-10-22,health,660
31339,N,2024-11-13,auto,512
31340,N,2024-11-02,home,767
31341,W,2024-04-08,health,512
31342,W,2024-07-11,auto,959
31343,W,2024-09-25,health,515
31344,W,2024-02-01,auto,624
31345,S,2024-03-25,travel,$508
31346,E,2024-06-18,auto,742
31347,S,2024-03-19,home,453
31348,E,2024-09-08,health,686
31349,S,2024-03-28,auto,939
31350,S,2024-08-20,health,560
31351,W,2024-04-04,home,695
31352,N,2024-08-23,home,714
31353,S,2024-10-21,auto,913
31354,W,2024-02-24,health,595
31355,W,2024-02-15,health,758
31356,N,2024-07-11,home,542
31357,E,2024-11-22,auto,754
31358,S,2024-08-24,health,554
31359,W,2024-06-14,health,621
31360,S,2024-02-22,home,618
31361,W,2024-08-02,health,803
31362,W,2024-05-25,travel,454
31363,E,2024-09-01,travel,526
31364,N,2024-10-01,health,417
31365,S,2024-09-02,auto,808
31366,N,2024-02-15,auto,902
31367,W,2024-09-18,travel,878
31368,W,2024-05-09,auto,702
31369,W,2024-07-08,travel,584
31370,W,2024-09-07,auto,753
31371,S,2024-07-16,auto,781
31372,S,2024-01-18,home,821
31373,S,2024-04-25,travel,506
31374,E,2024-02-23,travel,540
31375,N,2024-05-10,home,703
31376,E,2024-04-12,health,$602
31377,S,2024-05-02,home,669
31378,W,2024-04-29,travel,549
31379,W,2024-10-05,health,704
31380,E,2024-10-26,travel,715
31381,E,2024-03-23,health,744
31382,S,2024-07-05,auto,683
31383,N,2024-10-13,home,856
31384,S,2024-11-22,travel,855
31385,N,2024-10-09,travel,546
31386,N,2024-03-03,home,833
31387,W,2024-09-20,health,703
31388,W,2024-08-23,auto,686
31389,E,2024-05-15,health,851
31391,N,2024-09-05,health,935
31392,E,2024-09-15,health,748
31393,S,2024-10-08,travel,616
31395,S,2024-02-16,home,1025
31396,N,2024-03-10,home,514
31397,E,2024-06-14,health,562
31398,S,2024-01-18,health,803
31399,E,2024-10-05,health,365
31400,E,2024-08-18,home,520
31401,N,2024-06-20,auto,772
31402,E,2024-10-04,home,497
31403,N,2024-08-04,auto,488
31404,W,2024-07-20,auto,724
31405,N,2024-05-31,home,765
31406,N,2024-10-16,home,955
31407,W,2024-06-25,travel,1015
31408,W,2024-07-01,health,532
31409,N,2024-03-04,auto,785
31410,W,2024-11-02,home,$681
31411,S,2024-09-10,health,445
31412,W,2024-02-18,auto,643
31413,W,2024-10-06,health,577
31414,E,2024-05-05,home,510
31415,W,2024-04-25,auto,914
31416,N,2024-11-03,travel,720
31417,N,2024-09-28,home,855
31418,S,2024-04-05,home,520
31419,N,2024-03-27,travel,681
31420,N,2024-06-09,travel,503
31421,W,2024-09-04,home,784
31422,S,2024-02-23,home,854
31423,S,2024-06-16,auto,476
31424,E,2024-07-29,auto,457
31425,W,2024-11-13,health,879
31426,E,2024-11-13,travel,$693
31428,W,2024-11-20,home,604
31429,S,2024-01-17,health,571
31430,N,2024-05-14,auto,757
31431,N,2024-02-11,auto,1002
31432,W,2024-10-16,travel,694
31433,S,2024-10-20,travel,601
31434,S,2024-02-21,health,848
31435,S,2024-01-09,home,501
31436,E,2024-06-30,health,647
31437,S,2024-09-30,health,505
31438,S,2024-09-21,home,537
31440,N,2024-04-06,travel,816
31441,N,2024-10-21,health,632
31442,E,2024-07-16,health,690
31443,N,2024-06-15,home,751
31444,E,2024-08-09,travel,846
31445,S,2024-02-10,auto,535
31446,N,2024-11-01,home,639
31447,N,2024-04-08,travel,533
31448,E,2024-10-01,home,613
31449,W,2024-08-16,travel,489
31450,W,2024-11-23,health,621
31451,S,2024-02-07,home,767
31452,S,2024-03-04,home,662
31453,N,2024-07-14,home,882
31454,E,2024-06-07,travel,543
31455,S,2024-05-26,health,736
31456,N,2024-03-07,auto,547
31457,E,2024-04-18,home,618
31458,S,2024-01-29,home,649
31459,W,2024-04-11,auto,613
31460,S,2024-04-11,health,701
31462,E,2024-06-24,travel,581
31463,S,2024-03-17,home,461
31464,E,2024-11-22,travel,681
31465,N,2024-10-26,home,639
31466,S,2024-06-26,travel,562
31467,S,2024-03-26,travel,578
31468,E,2024-08-27,home,967
31469,W,2024-04-21,auto,970
31471,N,2024-11-12,health,802
31472,E,2024-01-06,home,419
31473,S,2024-09-16,health,605
31474,N,2024-02-21,home,495
31475,S,2024-02-17,health,763
31479,N,2024-06-05,health,707
31480,S,2024-03-24,health,894
31481,E,2024-04-03,auto,686
31482,S,2024-11-24,home,769
31483,N,2024-04-04,health,904
31484,N,2024-07-24,health,650
31485,N,2024-03-22,health,607
31486,N,2024-03-27,health,628
31487,N,2024-01-21,home,828
31488,W,2024-10-11,auto,615
31489,E,2024-09-09,auto,414
31490,S,2024-05-16,auto,$517
31491,W,2024-03-06,health,658
31492,N,2024-01-06,auto,$882
31493,E,2024-07-18,travel,627
31494,E,2024-05-23,home,738
31495,E,2024-02-24,health,537
31496,W,2024-08-05,health,556
31497,N,2024-07-06,home,606
31498,S,2024-06-03,travel,638
31499,N,2024-07-08,auto,775
31500,E,2024-11-25,home,715
31501,E,2024-07-11,travel,520
31502,E,2024-04-07,travel,565
31503,S,2024-02-29,travel,$450
31504,N,2024-10-19,home,519
31505,S,2024-08-26,health,805
31506,S,2024-09-25,travel,438
31507,N,2024-11-10,health,654
31508,E,2024-07-29,health,646
31509,E,2024-06-04,health,855
31510,N,2024-10-12,auto,726
31511,E,2024-01-22,travel,788
31512,W,2024-09-11,travel,898
31513,E,2024-07-01,auto,1188
31514,N,2024-02-10,home,727
31515,N,2024-04-30,health,586
31516,N,2024-03-13,auto,833
31517,W,2024-04-30,travel,587
31518,E,2024-08-20,travel,871
31519,E,2024-08-10,health,523
31520,S,2024-04-30,travel,483
31521,E,2024-06-01,auto,933
31522,S,2024-11-15,home,493
31523,W,2024-10-11,health,722
31524,N,2024-07-11,home,506
31525,S,2024-06-19,auto,639
31526,E,2024-09-29,auto,1129
31527,S,2024-11-20,travel,514
31528,N,2024-03-03,auto,635
31529,S,2024-02-24,travel,658
31530,E,2024-05-29,auto,868
31532,S,2024-08-22,travel,603
31533,S,2024-08-06,travel,505
31534,W,2024-10-17,auto,681
31535,S,2024-02-26,home,799
31536,E,2024-07-11,travel,773
31537,N,2024-03-19,home,690
31538,N,2024-04-23,travel,726
31539,N,2024-11-16,travel,$563
31540,W,2024-04-28,travel,$621
31542,E,2024-03-30,travel,573
31543,N,2024-01-19,health,577
31544,N,2024-08-29,auto,657
31545,N,2024-02-03,home,630
31546,E,2024-11-13,travel,427
31547,E,2024-04-18,auto,895
31548,W,2024-04-13,travel,631
31549,E,2024-06-10,auto,630
31550,N,2024-10-07,travel,558
31551,W,2024-04-17,home,638
31552,N,2024-10-16,auto,829
31553,E,2024-02-06,health,$748
31554,W,2024-06-21,health,1039
31555,N,2024-03-15,health,$687
31556,S,2024-04-12,auto,655
31557,E,2024-08-24,home,564
31558,S,2024-08-19,travel,660
31559,N,2024-08-14,health,769
31560,E,2024-05-18,health,801
31561,E,2024-03-19,auto,492
31562,E,2024-06-23,health,410
31563,E,2024-11-22,auto,593
31564,W,2024-11-01,auto,$529
31566,S,2024-07-23,health,677
31567,S,2024-05-22,health,632
31568,W,2024-03-24,travel,431
31569,E,2024-09-02,auto,586
31570,N,2024-11-11,travel,832
31571,N,2024-05-19,auto,632
31572,E,2024-04-19,auto,931
31573,W,2024-06-22,health,502
31574,N,2024-04-07,travel,704
31575,E,2024-01-05,home,$829
31576,W,2024-07-04,travel,651
31577,S,2024-07-06,auto,396
31578,S,2024-01-01,health,435
31579,S,2024-08-17,travel,950
31581,E,2024-10-04,health,955
31582,N,2024-08-13,auto,512
31583,S,2024-01-24,travel,523
31584,W,2024-03-29,home,624
31585,W,2024-07-19,health,603
31586,E,2024-06-29,home,791
31587,E,2024-01-26,home,672
31588,E,2024-05-13,auto,648
31589,S,2024-11-15,auto,440
31590,E,2024-06-30,auto,805
31591,W,2024-04-26,health,583
31592,W,2024-08-11,auto,637
31593,N,2024-09-16,auto,645
31594,S,2024-05-31,home,USD 914
31595,N,2024-06-10,health,491
31596,S,2024-03-25,auto,941
31597,E,2024-04-24,home,685
31598,E,2024-03-21,auto,404
31599,S,2024-01-28,home,590
31600,W,2024-06-03,home,617
31601,E,2024-04-21,travel,664
31602,E,2024-10-31,travel,631
31603,W,2024-08-25,travel,1063
31604,S,2024-07-13,home,656
31605,W,2024-09-07,health,831
31606,E,2024-08-14,home,738
31607,S,2024-02-20,auto,779
31608,W,2024-09-27,auto,USD 666
31609,E,2024-09-26,home,882
31610,N,2024-06-13,travel,828
31611,N,2024-11-06,home,842
31612,E,2024-04-03,travel,731
31613,S,2024-10-22,health,340
31614,S,2024-01-25,home,844
31615,N,2024-04-22,home,515
31616,N,2024-06-09,auto,605
31617,S,2024-01-30,home,497
31618,S,2024-06-14,home,650
31619,N,2024-02-19,auto,$671
31620,W,2024-05-29,auto,510
31621,W,2024-03-27,home,775
31622,N,2024-10-20,auto,485
31623,N,2024-08-12,health,678
31624,S,2024-02-20,health,$860
31625,E,2024-08-27,health,781
31626,N,2024-11-08,auto,494
31627,E,2024-04-27,travel,495
31628,S,2024-10-14,travel,445
31629,E,2024-08-08,auto,539
31630,N,2024-02-10,travel,878
31631,W,2024-02-08,home,1007
31632,E,2024-10-31,home,781
31633,E,2024-03-11,health,660
31634,N,2024-01-21,home,551
31635,E,2024-03-08,health,519
31636,E,2024-08-05,health,490
31637,N,2024-07-29,home,873
31638,W,2024-09-12,home,797
31639,E,2024-08-09,travel,539
31640,E,2024-09-03,travel,851
31641,E,2024-05-11,travel,490
31642,S,2024-06-11,health,530
31643,N,2024-02-17,health,686
31644,W,2024-09-30,travel,568
31645,N,2024-09-17,auto,$545
31646,W,2024-09-13,health,382
31647,W,2024-01-25,auto,704
31648,S,2024-10-17,travel,793
31649,N,2024-08-14,health,607
31650,W,2024-04-27,health,805
31651,N,2024-06-25,auto,726
31652,N,2024-01-30,travel,431
31653,W,2024-05-05,travel,530
31654,E,2024-10-16,home,611
31655,E,2024-07-09,home,467
31656,N,2024-03-31,auto,775
31657,N,2024-07-16,health,417
31659,W,2024-10-05,home,601
31660,E,2024-02-05,home,613
31661,E,2024-06-05,auto,519
31662,S,2024-01-18,home,765
31663,E,2024-03-07,health,516
31664,S,2024-03-26,home,565
31665,N,2024-02-06,auto,715
31666,N,2024-07-01,home,536
31667,W,2024-06-04,health,643
31668,W,2024-10-07,travel,634
31669,N,2024-07-01,travel,669
31670,E,2024-11-16,auto,814
31671,W,2024-05-22,home,672
31672,E,2024-05-29,home,537
31673,N,2024-09-22,home,768
31674,W,2024-04-29,home,700
31675,W,2024-09-22,travel,670
31676,W,2024-02-03,health,1385
31677,N,2024-09-26,travel,518
31678,N,2024-03-17,travel,581
31679,W,2024-04-01,auto,$428
31680,S,2024-03-31,home,711
31681,N,2024-06-13,home,642
31682,W,2024-06-26,travel,470
31683,S,2024-06-07,travel,513
31684,S,2024-10-28,travel,508
31685,E,2024-10-14,home,641
31686,E,2024-03-17,auto,698
31687,N,2024-02-06,health,995
31688,S,2024-01-21,auto,753
31689,S,2024-04-19,home,525
31690,E,2024-02-21,home,1005
31691,S,2024-07-29,health,404
31692,N,2024-02-20,travel,538
31693,S,2024-01-14,home,651
31694,E,2024-07-11,auto,819
31695,E,2024-06-13,health,500
31696,W,2024-02-24,home,503
31697,E,2024-08-16,auto,529
31698,S,2024-04-10,health,450
31699,N,2024-01-14,health,508
31700,E,2024-09-08,home,566
31701,E,2024-06-03,travel,672
31702,S,2024-11-09,auto,775
31703,E,2024-06-08,home,607
31704,S,2024-02-19,travel,517
31705,E,2024-02-26,auto,761
31707,E,2024-02-03,travel,1012
31708,E,2024-09-21,travel,558
31709,E,2024-09-05,health,563
31710,W,2024-04-09,home,1034
31711,E,2024-11-18,auto,509
31712,N,2024-05-01,health,852
31713,E,2024-01-22,travel,706
31714,W,2024-08-06,travel,513
31715,S,2024-09-26,travel,1035
31717,E,2024-02-10,home,825
31718,S,2024-05-10,travel,658
31720,W,2024-11-01,home,578
31721,W,2024-04-24,travel,581
31722,S,2024-05-20,health,861
31723,S,2024-01-01,health,570
31724,S,2024-06-08,auto,$861
31725,N,2024-09-18,auto,880
31726,N,2024-02-20,travel,730
31727,S,2024-08-15,auto,545
31728,W,2024-03-10,home,552
31729,S,2024-01-17,travel,681
31730,W,2024-04-06,health,887
31731,N,2024-08-14,home,750
31732,E,2024-10-15,health,523
31733,N,2024-05-22,home,502
31734,E,2024-05-26,health,557
31735,E,2024-07-26,health,524
31736,W,2024-01-23,travel,USD 420
31737,E,2024-06-01,health,825
31738,W,2024-11-10,auto,775
31739,W,2024-06-24,home,644
31740,E,2024-11-22,home,530
31741,N,2024-05-19,travel,924
31742,N,2024-04-19,travel,486
31743,W,2024-03-24,health,510
31744,W,2024-11-14,health,855
31745,E,2024-03-22,travel,695
31746,E,2024-03-18,auto,666
31747,W,2024-04-06,auto,463
31748,N,2024-06-01,health,628
31749,W,2024-06-15,travel,1122
31750,N,2024-05-30,auto,859
31751,E,2024-09-17,auto,836
31752,N,2024-02-03,travel,540
31753,W,2024-05-12,home,739
31754,N,2024-10-31,home,652
31755,N,2024-06-20,auto,685
31756,W,2024-07-27,health,613
31757,N,2024-09-18,travel,899
31758,E,2024-08-22,home,881
31759,W,2024-10-27,home,421
31760,W,2024-11-09,travel,674
31761,S,2024-02-24,home,545
31762,E,2024-01-10,auto,566
31763,E,2024-01-07,health,465
31764,N,2024-01-28,home,771
31765,W,2024-08-05,travel,708
31766,W,2024-03-21,home,$742
31767,E,2024-07-01,auto,650
31768,S,2024-03-11,home,957
31769,N,2024-01-12,health,USD 506
31770,S,2024-10-04,home,753
31771,W,2024-08-10,travel,457
31772,E,2024-05-01,travel,$746
31773,E,2024-01-30,health,734
31774,S,2024-02-25,travel,598
31775,W,2024-01-25,home,589
31776,W,2024-02-01,health,600
31777,W,2024-04-12,travel,786
31778,W,2024-10-17,home,$728
31779,S,2024-07-30,home,784
31780,N,2024-10-16,travel,USD 632
31782,N,2024-09-26,home,572
31783,S,2024-05-29,auto,$991
31784,S,2024-06-29,home,608
31785,N,2024-06-15,travel,619
31786,E,2024-09-11,travel,679
31787,N,2024-02-28,travel,819
31788,S,2024-04-27,auto,1069
31789,S,2024-03-07,travel,814
31790,S,2024-05-16,health,879
31791,N,2024-01-25,home,929
31792,N,2024-04-21,travel,USD 855
31793,S,2024-02-10,travel,660
31795,N,2024-07-04,auto,830
31796,W,2024-04-05,travel,458
31797,S,2024-07-05,auto,686
31798,E,2024-03-29,home,785
31799,W,2024-11-15,travel,655
31800,S,2024-03-31,auto,720
31801,E,2024-11-06,travel,576
31802,S,2024-06-21,home,610
31803,W,2024-10-04,auto,510
31804,S,2024-11-09,auto,486
31805,E,2024-05-31,auto,837
31806,W,2024-08-11,travel,571
31807,E,2024-01-30,home,628
31808,N,2024-11-10,auto,$601
31809,N,2024-03-13,auto,627
31810,N,2024-03-28,home,$733
31811,N,2024-10-15,travel,575
31812,E,2024-07-05,home,751
31813,S,2024-03-19,health,594
31814,S,2024-02-06,health,$972
31815,E,2024-11-20,health,USD 922
31817,E,2024-06-30,health,565
31818,S,2024-05-31,health,591
31819,E,2024-06-11,health,784
31820,W,2024-03-01,home,598
31821,N,2024-09-11,travel,1027
31822,N,2024-07-28,home,583
31823,S,2024-01-22,health,573
31824,W,2024-04-21,home,644
31825,E,2024-02-01,home,664
31826,N,2024-01-11,auto,481
31827,S,2024-11-03,travel,628
31828,W,2024-10-05,auto,684
31829,S,2024-09-27,auto,465
31830,S,2024-03-13,travel,812
31831,S,2024-05-05,travel,845
31832,S,2024-09-08,health,462
31833,W,2024-08-29,auto,627
31834,E,2024-05-26,auto,699
31835,S,2024-02-11,auto,864
31836,W,2024-08-23,auto,584
31837,N,2024-06-30,health,745
31838,N,2024-09-06,travel,487
31839,E,2024-10-19,auto,778
31840,E,2024-10-28,auto,702
31841,E,2024-06-18,travel,1099
31842,N,2024-08-11,health,411
31843,N,2024-07-21,travel,556
31844,W,2024-11-25,auto,766
31845,E,2024-06-08,auto,1027
31846,N,2024-07-13,home,537
31847,S,2024-10-04,home,830
31848,N,2024-03-31,auto,838
31849,N,2024-08-10,auto,438
31850,S,2024-11-05,auto,451
31851,E,2024-08-15,auto,730
31852,W,2024-11-14,home,821
31853,S,2024-03-31,travel,587
31854,W,2024-02-16,home,700
31855,S,2024-05-04,auto,622
31856,W,2024-06-05,auto,672
31857,S,2024-04-09,auto,$833
31858,W,2024-02-05,travel,459
31859,W,2024-10-10,health,939
31860,W,2024-10-07,travel,559
31861,E,2024-08-11,travel,552
31862,W,2024-06-07,travel,665
31863,N,2024-06-20,health,653
31864,S,2024-01-22,travel,619
31865,W,2024-07-12,travel,416
31866,E,2024-03-30,health,712
31867,E,2024-10-03,auto,644
31868,S,2024-08-10,health,862
31869,S,2024-08-28,auto,890
31871,S,2024-09-30,travel,631
31872,W,2024-07-06,home,765
31873,W,2024-06-11,health,465
31874,W,2024-03-16,auto,770
31875,S,2024-08-01,travel,516
31876,W,2024-08-13,home,637
31877,S,2024-07-03,health,869
31878,W,2024-06-11,home,796
31879,W,2024-09-08,home,432
31880,N,2024-08-30,home,933
31881,S,2024-06-16,health,534
31882,S,2024-01-22,home,627
31883,S,2024-05-07,travel,736
31884,S,2024-05-04,home,956
31885,E,2024-07-23,travel,625
31886,E,2024-11-01,travel,504
31887,W,2024-08-20,home,660
31888,N,2024-02-18,travel,652
31889,S,2024-03-15,travel,524
31890,E,2024-06-10,home,1032
31891,E,2024-08-14,travel,836
31892,E,2024-03-05,travel,$694
31893,S,2024-04-03,home,530
31894,N,2024-02-15,auto,483
31895,W,2024-09-07,auto,1061
31896,W,2024-07-24,home,719
31897,N,2024-03-03,health,646
31898,N,2024-03-07,health,497
31899,W,2024-09-23,auto,567
31900,N,2024-06-09,travel,594
31901,N,2024-09-23,home,USD 831
31902,N,2024-11-14,travel,582
31903,E,2024-02-23,health,779
31905,N,2024-05-25,auto,877
31907,S,2024-07-20,home,604
31908,E,2024-05-17,health,789
31909,W,2024-06-25,health,542
31910,S,2024-03-07,health,USD 461
31911,S,2024-02-23,home,546
31912,E,2024-11-08,health,708
31913,S,2024-04-10,health,911
31914,E,2024-03-06,auto,538
31915,N,2024-04-21,travel,517
31916,W,2024-04-07,auto,485
31917,S,2024-03-02,auto,553
31918,W,2024-10-24,home,588
31919,N,2024-10-25,health,836
31920,N,2024-07-12,health,692
31921,N,2024-03-10,home,USD 542
31922,W,2024-05-04,travel,729
31923,W,2024-01-28,auto,922
31924,N,2024-04-19,health,738
31925,S,2024-04-09,home,756
31926,N,2024-01-29,travel,542
31927,E,2024-01-01,travel,604
31928,E,2024-05-23,home,461
31929,N,2024-03-29,auto,577
31930,E,2024-10-17,health,621
31932,S,2024-03-04,health,947
31933,E,2024-09-28,travel,449
31934,E,2024-11-23,travel,823
31935,E,2024-11-18,health,666
31936,W,2024-04-03,health,644
31937,W,2024-07-01,home,647
31938,E,2024-01-17,auto,620
31939,E,2024-08-26,auto,1114
31940,W,2024-09-18,home,521
31941,S,2024-11-09,health,921
31942,N,2024-05-22,travel,USD 765
31943,E,2024-10-27,travel,698
31944,N,2024-04-06,auto,936
31945,S,2024-06-01,home,646
31946,S,2024-02-07,home,537
31947,N,2024-10-24,home,USD 659
31948,S,2024-10-13,auto,899
31949,N,2024-10-07,auto,508
31950,S,2024-06-19,travel,1022
31952,E,2024-06-27,home,766
31953,W,2024-03-23,auto,480
31954,S,2024-09-17,travel,$624
31955,W,2024-01-23,travel,605
31956,N,2024-11-08,auto,$513
31957,S,2024-10-30,health,433
31958,E,2024-01-02,home,682
31959,N,2024-01-17,home,719
31960,N,2024-10-01,travel,608
31961,S,2024-08-25,auto,746
31962,S,2024-05-07,home,605
31963,E,2024-06-08,auto,952
31964,E,2024-09-13,home,682
31965,S,2024-04-30,health,405
31966,N,2024-01-03,auto,645
31967,W,2024-05-19,travel,438
31968,N,2024-10-18,home,807
31969,E,2024-02-17,home,USD 640
31971,W,2024-02-14,travel,711
31972,E,2024-05-03,health,613
31973,S,2024-05-23,health,717
31974,E,2024-02-14,health,572
31975,N,2024-09-26,travel,1010
31976,N,2024-05-30,home,615
31977,W,2024-02-01,health,723
31978,E,2024-07-01,travel,909
31979,N,2024-06-04,travel,746
31980,S,2024-08-08,health,366
31981,W,2024-08-15,home,865
31982,S,2024-01-18,auto,497
31983,W,2024-10-16,home,769
31984,W,2024-08-09,health,656
31985,N,2024-07-31,auto,661
31987,W,2024-03-22,health,1105
31988,S,2024-09-12,auto,777
31989,E,2024-06-06,health,720
31990,W,2024-11-06,travel,753
31991,W,2024-05-16,home,557
31992,N,2024-11-26,home,692
31993,S,2024-06-19,health,379
31995,W,2024-09-06,travel,580
31996,S,2024-10-12,travel,USD 597
31997,W,2024-10-07,health,423
31998,E,2024-06-24,health,535
31999,S,2024-01-07,auto,877
32000,W,2024-11-15,travel,647
32002,E,2024-07-06,auto,409
32003,S,2024-05-29,home,888
32004,W,2024-06-03,health,629
32005,E,2024-09-24,home,615
32006,E,2024-07-11,health,970
32007,W,2024-01-04,travel,$633
32008,E,2024-11-04,travel,USD 550
32009,W,2024-07-25,travel,682
32010,E,2024-11-07,home,554
32011,N,2024-09-11,travel,752
32013,N,2024-05-30,travel,700
32015,S,2024-10-17,travel,515
32016,S,2024-03-28,health,776
32017,N,2024-08-10,auto,535
32018,N,2024-01-30,health,752
32019,N,2024-02-20,auto,656
32020,E,2024-07-03,travel,613
32021,W,2024-09-08,home,510
32022,S,2024-06-18,auto,636
32023,W,2024-03-04,auto,625
32024,N,2024-11-13,travel,611
32025,E,2024-08-25,home,755
32026,E,2024-10-20,travel,$573
32028,N,2024-01-28,travel,482
32029,N,2024-10-23,auto,USD 578
32030,W,2024-11-05,health,881
32031,S,2024-04-03,auto,571
32032,W,2024-03-25,travel,551
32033,N,2024-10-11,health,496
32034,W,2024-01-26,home,657
32035,W,2024-11-12,auto,520
32036,N,2024-06-11,travel,661
32037,S,2024-04-29,home,914
32038,S,2024-05-24,auto,656
32039,N,2024-02-11,home,699
32040,W,2024-06-22,home,536
32041,E,2024-05-03,travel,826
32042,E,2024-10-05,health,USD 647
32043,N,2024-02-07,auto,544
32044,E,2024-09-14,travel,819
32045,E,2024-01-20,auto,1213
32047,E,2024-05-23,travel,USD 933
32048,W,2024-05-08,travel,792
32049,N,2024-09-18,home,516
32050,N,2024-07-22,auto,USD 699
32051,W,2024-09-25,travel,482
32052,S,2024-03-03,auto,708
32053,N,2024-02-15,auto,366
32054,E,2024-02-21,home,736
32055,E,2024-02-26,travel,738
32056,E,2024-08-26,home,755
32057,N,2024-10-20,home,441
32058,S,2024-01-27,health,707
32060,S,2024-03-14,travel,1094
32061,N,2024-01-03,health,551
32062,N,2024-09-01,auto,809
32063,N,2024-07-03,health,626
32064,N,2024-07-31,home,USD 653
32065,W,2024-08-16,auto,844
32066,E,2024-02-28,travel,572
32067,W,2024-05-28,travel,733
32068,E,2024-07-26,auto,705
32069,S,2024-04-15,health,USD 504
32070,N,2024-02-15,health,843
32071,E,2024-01-18,auto,1030
32072,W,2024-06-23,travel,722
32073,S,2024-06-08,travel,800
32074,W,2024-01-28,auto,702
32075,E,2024-04-14,health,$831
32076,W,2024-05-11,travel,723
32077,W,2024-11-18,home,559
32078,N,2024-02-23,auto,583
32079,W,2024-05-05,travel,361
32080,N,2024-11-24,auto,645
32081,E,2024-09-17,health,615
32082,W,2024-03-19,auto,751
32083,W,2024-07-14,health,517
32084,E,2024-09-14,auto,614
32085,W,2024-02-11,travel,677
32086,W,2024-10-14,home,621
32087,E,2024-06-14,home,802
32088,E,2024-10-30,travel,657
32089,N,2024-05-08,home,626
32090,E,2024-04-16,health,889
32091,S,2024-10-11,home,869
32092,N,2024-01-19,auto,635
32093,E,2024-11-16,health,626
32094,S,2024-10-08,auto,1059
32095,S,2024-07-15,health,764
32096,W,2024-08-04,travel,606
32097,W,2024-07-12,travel,534
32098,E,2024-05-09,travel,867
32099,N,2024-04-25,home,683
32100,E,2024-11-05,auto,697
32101,E,2024-08-25,home,739
32102,N,2024-01-11,auto,644
32103,S,2024-06-03,home,711
32104,S,2024-02-29,health,726
32105,E,2024-01-06,home,574
32106,E,2024-05-25,travel,740
32107,E,2024-03-28,home,664
32108,E,2024-03-19,travel,1062
32109,N,2024-05-05,home,416
32110,E,2024-03-02,home,387
32111,E,2024-07-23,home,583
32112,W,2024-10-25,health,604
32113,W,2024-02-19,travel,918
32114,E,2024-09-21,health,588
32115,N,2024-10-09,auto,663
32116,E,2024-11-02,home,536
32117,W,2024-02-14,health,726
32119,S,2024-09-03,auto,534
32120,N,2024-10-19,health,555
32121,E,2024-02-17,home,601
32123,E,2024-10-21,travel,539
32124,S,2024-03-24,auto,530
32125,N,2024-04-17,home,859
32126,N,2024-02-14,travel,782
32127,E,2024-03-25,travel,USD 715
32128,S,2024-02-08,auto,803
32129,N,2024-08-04,travel,808
32130,N,2024-03-20,travel,551
32131,N,2024-11-15,auto,706
32132,S,2024-03-01,auto,1011
32133,S,2024-05-18,travel,$397
32134,W,2024-07-02,home,619
32135,N,2024-04-24,home,782
32136,N,2024-03-17,auto,$887
32137,N,2024-06-09,auto,432
32138,W,2024-08-03,auto,793
32139,S,2024-04-10,travel,705
32140,W,2024-02-12,health,733
32141,E,2024-04-08,health,643
32142,N,2024-02-28,health,596
32143,N,2024-04-16,home,904
32144,E,2024-09-25,health,830
32145,W,2024-10-18,home,586
32146,W,2024-10-13,auto,486
32147,N,2024-06-01,travel,420
32148,E,2024-04-08,home,609
32149,W,2024-10-01,health,779
32150,W,2024-06-21,health,574
32151,W,2024-04-28,auto,708
32152,E,2024-08-15,home,731
32153,E,2024-04-18,health,526
32154,E,2024-01-10,home,945
32155,S,2024-03-19,travel,USD 861
32156,W,2024-02-20,auto,787
32157,W,2024-02-11,travel,499
32158,E,2024-04-27,home,455
32159,E,2024-10-20,auto,535
32160,W,2024-11-08,auto,672
32161,N,2024-07-05,travel,896
32162,S,2024-06-27,home,530
32163,N,2024-08-14,travel,645
32164,S,2024-05-10,auto,646
32165,N,2024-07-01,auto,594
32166,W,2024-08-20,travel,811
32167,N,2024-07-10,health,831
32168,E,2024-10-29,auto,717
32169,S,2024-07-11,home,754
32170,N,2024-10-15,travel,524
32171,N,2024-08-03,home,745
32172,W,2024-06-17,travel,USD 684
32173,E,2024-08-10,travel,542
32174,W,2024-10-06,home,687
32175,S,2024-04-17,travel,699
32176,N,2024-03-10,auto,507
32177,E,2024-07-26,home,725
32178,S,2024-01-22,home,775
32179,N,2024-09-03,home,769
32180,N,2024-01-20,auto,758
32181,S,2024-01-25,health,818
32182,S,2024-01-30,travel,528
32183,S,2024-04-03,travel,594
32184,E,2024-05-03,auto,431
32185,N,2024-05-09,travel,929
32186,W,2024-06-12,health,603
32187,S,2024-09-30,home,764
32188,S,2024-03-03,travel,696
32189,S,2024-04-15,travel,683
32190,W,2024-09-11,auto,$458
32191,W,2024-03-05,auto,752
32192,E,2024-01-08,travel,788
32193,W,2024-08-19,health,694
32194,W,2024-09-22,travel,784
32195,N,2024-11-03,auto,940
32196,S,2024-05-16,health,748
32197,N,2024-10-06,home,524
32198,W,2024-05-17,home,470
32199,N,2024-01-23,home,886
32200,N,2024-05-29,travel,824
32201,N,2024-08-22,health,590
32202,W,2024-01-17,home,521
32203,W,2024-02-24,health,966
32204,N,2024-05-23,travel,577
32205,E,2024-11-09,home,525
32206,S,2024-04-24,health,672
32207,W,2024-06-07,health,1111
32208,E,2024-10-08,home,413
32209,W,2024-10-30,health,858
32210,W,2024-02-20,travel,558
32211,W,2024-11-16,auto,724
32212,S,2024-05-14,health,638
32214,N,2024-06-22,health,486
32215,W,2024-04-08,travel,939
32216,S,2024-11-26,auto,803
32217,N,2024-01-12,health,474
32218,W,2024-06-07,travel,428
32219,W,2024-11-11,health,608
32221,E,2024-09-22,auto,947
32222,N,2024-09-30,health,548
32223,W,2024-08-19,travel,521
32224,W,2024-05-31,travel,467
32225,E,2024-10-18,health,515
32226,N,2024-04-24,health,571
32227,S,2024-01-01,auto,USD 894
32228,N,2024-03-17,health,718
32229,E,2024-06-01,health,1033
32230,N,2024-03-23,travel,668
32231,S,2024-08-22,travel,527
32232,N,2024-04-13,health,557
32233,E,2024-06-27,home,871
32234,N,2024-07-12,auto,516
32235,E,2024-02-07,health,513
32236,W,2024-05-30,travel,USD 679
32237,N,2024-04-28,home,637
32238,E,2024-10-11,travel,767
32239,W,2024-02-29,auto,609
32240,N,2024-08-17,home,645
32241,E,2024-11-16,home,739
32242,N,2024-10-11,home,455
32243,N,2024-08-07,auto,697
32244,W,2024-04-24,travel,791
32245,E,2024-09-27,travel,781
32246,S,2024-04-03,auto,432
32247,E,2024-08-02,auto,720
32248,E,2024-11-25,home,743
32249,S,2024-02-07,home,771
32250,E,2024-01-30,auto,638
32251,N,2024-11-17,travel,750
32252,N,2024-06-11,travel,843
32253,S,2024-10-04,health,581
32254,E,2024-06-23,health,764
32255,N,2024-09-12,home,674
32256,W,2024-08-04,home,548
32257,E,2024-01-12,health,558
32258,N,2024-11-26,health,449
32259,W,2024-10-24,travel,496
32260,E,2024-03-23,auto,USD 792
32261,S,2024-05-06,home,517
32263,W,2024-03-21,health,801
32264,E,2024-04-06,auto,993
32265,W,2024-09-25,auto,731
32266,W,2024-11-04,travel,726
32268,N,2024-09-23,home,661
32269,S,2024-01-06,health,566
32270,S,2024-11-05,travel,746
32271,S,2024-02-07,travel,812
32272,S,2024-05-09,health,782
32273,E,2024-10-10,health,632
32274,S,2024-05-06,travel,$720
32275,N,2024-11-09,auto,$582
32276,E,2024-11-04,home,504
32277,S,2024-11-19,home,769
32278,S,2024-07-30,auto,529
32279,W,2024-03-08,health,763
32280,E,2024-09-16,home,638
32281,E,2024-08-27,health,707
32282,N,2024-01-29,health,798
32283,S,2024-01-20,travel,360
32284,N,2024-11-12,travel,848
32285,S,2024-04-03,auto,$489
32286,N,2024-10-13,auto,832
32287,S,2024-01-13,travel,514
32288,N,2024-10-21,home,769
32289,E,2024-07-13,health,803
32290,S,2024-09-04,auto,579
32291,W,2024-10-30,auto,597
32292,W,2024-10-30,health,732
32293,E,2024-02-10,home,825
32294,E,2024-07-11,auto,813
32295,S,2024-06-12,auto,522
32296,W,2024-11-18,health,799
32298,E,2024-02-04,health,894
32299,N,2024-11-17,travel,697
32300,W,2024-01-29,auto,$782
32301,W,2024-03-28,health,409
32302,E,2024-11-12,home,871
32303,N,2024-08-26,auto,840
32304,N,2024-06-09,auto,875
32305,S,2024-08-02,auto,708
32306,W,2024-03-12,auto,670
32308,N,2024-09-14,health,622
32309,E,2024-10-14,auto,751
32310,E,2024-05-16,travel,841
32311,E,2024-01-06,health,796
32312,E,2024-09-24,travel,517
32313,E,2024-01-26,health,649
32314,S,2024-06-06,home,973
32315,S,2024-09-21,home,748
32316,S,2024-09-19,health,1201
32317,E,2024-02-02,auto,765
32318,W,2024-11-16,auto,770
32319,E,2024-06-24,home,634
32320,E,2024-02-24,travel,481
32321,S,2024-08-19,health,1337
32322,E,2024-07-21,home,688
32323,N,2024-05-24,health,809
32324,S,2024-05-22,travel,1080
32325,S,2024-08-11,health,480
32326,N,2024-07-23,health,768
32327,N,2024-11-07,auto,$565
32328,N,2024-02-22,travel,719
32329,S,2024-03-11,health,585
32330,E,2024-01-12,home,520
32331,W,2024-11-01,home,1049
32332,W,2024-03-18,health,$577
32333,S,2024-05-11,home,575
32334,E,2024-03-19,auto,606
32335,E,2024-07-20,travel,498
32336,S,2024-04-24,travel,771
32337,N,2024-06-19,travel,518
32338,N,2024-11-24,auto,$858
32339,S,2024-04-25,travel,479
32340,W,2024-01-16,home,689
32341,N,2024-11-10,travel,865
32342,N,2024-02-17,home,1121
32343,E,2024-01-24,travel,723
32344,S,2024-11-19,travel,591
32345,E,2024-01-01,travel,558
32346,E,2024-11-23,travel,635
32348,W,2024-08-03,home,676
32349,N,2024-05-16,auto,709
32350,S,2024-09-17,auto,700
32351,E,2024-07-14,home,869
32352,E,2024-07-02,travel,547
32353,W,2024-03-13,health,726
32355,E,2024-11-05,health,516
32356,E,2024-04-01,travel,753
32357,N,2024-05-05,home,554
32358,E,2024-09-24,health,733
32359,E,2024-08-10,home,688
32360,S,2024-03-13,auto,827
32361,N,2024-03-17,travel,667
32362,W,2024-03-23,home,565
32363,S,2024-07-11,health,600
32364,N,2024-11-15,health,712
32365,N,2024-09-05,travel,503
32366,E,2024-06-30,auto,737
32367,N,2024-10-29,home,533
32368,N,2024-04-08,health,649
32370,S,2024-03-10,travel,$943
32371,E,2024-04-04,travel,833
32372,N,2024-08-20,travel,452
32373,S,2024-03-13,home,USD 526
32374,N,2024-02-25,health,796
32375,E,2024-06-20,travel,1035
32376,E,2024-06-27,home,975
32377,W,2024-11-19,auto,499
32378,E,2024-10-08,auto,653
32379,N,2024-09-09,auto,$673
32380,S,2024-09-23,travel,472
32381,E,2024-09-12,home,650
32382,N,2024-10-02,home,773
32383,N,2024-03-05,auto,653
32384,E,2024-01-24,home,812
32385,W,2024-05-07,home,497
32386,N,2024-01-08,health,554
32387,W,2024-01-30,travel,430
32388,W,2024-03-29,home,759
32389,S,2024-03-14,auto,648
32390,N,2024-01-26,auto,$562
32391,W,2024-11-06,travel,710
32392,E,2024-06-13,home,582
32393,S,2024-08-15,travel,655
32395,S,2024-10-26,health,906
32396,N,2024-08-18,health,425
32397,W,2024-01-22,auto,387
32398,W,2024-02-08,travel,471
32399,E,2024-06-18,travel,846
32400,N,2024-09-16,auto,644
32401,E,2024-10-20,home,806
32402,W,2024-02-01,health,627
32403,W,2024-03-10,health,712
32404,S,2024-01-16,home,743
32405,N,2024-03-31,home,575
32406,W,2024-06-27,travel,440
32407,W,2024-11-02,health,581
32408,W,2024-08-20,home,642
32409,W,2024-05-12,home,382
32410,S,2024-03-06,travel,674
32411,S,2024-07-24,health,714
32412,E,2024-01-24,travel,700
32413,E,2024-02-20,travel,661
32414,S,2024-07-15,home,451
32415,N,2024-04-22,travel,998
32416,S,2024-10-19,travel,517
32417,E,2024-11-22,auto,517
32418,N,2024-08-16,home,667
32419,E,2024-11-25,travel,441
32420,W,2024-02-08,health,449
32421,S,2024-02-27,travel,696
32422,S,2024-03-31,health,692
32423,W,2024-02-22,home,673
32424,W,2024-05-14,health,504
32425,E,2024-03-07,travel,822
32426,N,2024-08-04,auto,700
32427,N,2024-08-23,travel,595
32428,W,2024-07-15,auto,731
32430,E,2024-09-26,health,$730
32431,S,2024-11-19,home,582
32432,S,2024-08-06,auto,652
32433,E,2024-06-29,health,837
32434,W,2024-10-18,auto,438
32435,W,2024-07-13,home,653
32436,W,2024-10-05,travel,529
32437,N,2024-01-11,travel,536
32438,N,2024-08-19,health,506
32439,S,2024-04-02,auto,706
32440,N,2024-08-02,travel,799
32441,S,2024-06-17,health,752
32442,N,2024-07-03,auto,745
32443,W,2024-06-10,travel,722
32444,N,2024-09-20,health,839
32445,S,2024-05-09,home,928
32446,S,2024-01-14,travel,732
32447,E,2024-07-18,auto,583
32448,W,2024-01-31,travel,669
32449,S,2024-06-27,travel,528
32450,W,2024-08-14,auto,737
32451,S,2024-06-01,home,911
32452,N,2024-04-10,travel,871
32453,E,2024-04-01,health,1062
32454,W,2024-11-23,travel,1026
32455,E,2024-04-29,home,806
32456,E,2024-02-21,home,"$1,056"
32457,E,2024-05-02,health,624
32458,S,2024-05-12,health,711
32459,S,2024-01-16,auto,770
32460,W,2024-04-15,health,601
32461,W,2024-01-15,travel,$638
32462,S,2024-04-14,travel,575
32463,N,2024-08-27,home,897
32464,W,2024-05-18,auto,528
32465,W,2024-11-19,health,1202
32466,E,2024-01-30,home,753
32467,E,2024-01-14,health,851
32468,E,2024-01-12,home,626
32469,E,2024-04-09,auto,788
32470,N,2024-01-09,home,588
32471,S,2024-02-05,home,$577
32472,N,2024-08-20,auto,769
32473,E,2024-07-16,home,736
32474,E,2024-05-08,home,USD 660
32475,S,2024-06-09,health,721
32476,E,2024-10-27,auto,669
32477,W,2024-10-25,auto,713
32478,E,2024-05-08,health,1011
32479,S,2024-03-02,home,760
32480,S,2024-01-29,travel,548
32481,E,2024-08-22,auto,687
32482,W,2024-03-03,health,802
32483,W,2024-08-12,health,USD 611
32484,S,2024-07-28,travel,1114
32485,E,2024-01-30,travel,700
32486,W,2024-02-28,travel,656
32487,E,2024-02-21,travel,595
32488,W,2024-08-08,auto,934
32489,E,2024-03-28,health,1010
32490,S,2024-02-16,auto,573
32491,E,2024-02-09,auto,$590
32492,S,2024-11-19,home,1007
32493,N,2024-11-04,auto,682
32494,S,2024-02-03,travel,709
32495,E,2024-02-29,auto,627
32496,E,2024-10-21,travel,768
32497,N,2024-03-26,home,538
32498,E,2024-02-24,auto,887
32499,W,2024-11-24,home,508
32500,E,2024-04-07,health,421
32501,N,2024-07-04,travel,583
32502,S,2024-01-08,health,$690
32503,S,2024-06-28,health,764
32504,W,2024-06-25,travel,728
32505,N,2024-11-22,home,553
32506,W,2024-06-18,travel,496
32507,S,2024-06-07,home,817
32508,W,2024-03-08,auto,715
32509,N,2024-03-06,home,521
32510,E,2024-06-09,auto,581
32512,S,2024-10-30,travel,629
32513,S,2024-03-31,auto,845
32514,W,2024-03-28,home,783
32515,E,2024-01-07,travel,586
32516,S,2024-01-01,travel,786
32517,N,2024-04-08,travel,928
32518,S,2024-03-01,home,593
32519,W,2024-06-28,health,811
32520,W,2024-01-23,travel,693
32521,W,2024-04-06,home,552
32522,N,2024-05-20,health,720
32523,S,2024-01-01,auto,663
32524,E,2024-04-26,health,705
32525,N,2024-10-13,travel,$617
32526,W,2024-01-28,health,522
32527,N,2024-07-20,auto,572
32528,W,2024-09-23,travel,$528
32529,S,2024-04-18,health,536
32530,E,2024-06-02,health,$547
32531,W,2024-04-02,travel,551
32532,E,2024-07-11,travel,363
32533,N,2024-08-19,travel,654
32534,S,2024-01-23,auto,1192
32535,N,2024-07-25,home,824
32536,S,2024-01-11,home,564
32537,E,2024-08-17,auto,804
32538,W,2024-07-17,home,621
32539,E,2024-11-16,auto,707
32540,E,2024-08-25,home,582
32541,W,2024-08-31,auto,942
32542,S,2024-11-17,health,637
32544,S,2024-03-22,travel,884
32545,W,2024-09-27,health,896
32546,S,2024-03-12,travel,927
32547,S,2024-10-07,home,$871
32548,E,2024-01-26,home,846
32549,W,2024-01-30,health,817
32550,E,2024-03-21,auto,795
32551,N,2024-08-30,auto,527
32552,N,2024-01-10,health,577
32553,E,2024-08-02,health,935
32554,S,2024-01-08,home,505
32555,S,2024-05-09,auto,USD 582
32556,E,2024-09-13,home,801
32557,E,2024-01-04,auto,541
32558,W,2024-10-07,home,USD 907
32559,S,2024-02-03,travel,802
32560,N,2024-10-19,home,756
32561,S,2024-10-15,home,453
32562,E,2024-01-04,travel,614
32563,N,2024-08-17,health,561
32564,N,2024-06-20,auto,827
32565,E,2024-07-27,auto,506
32566,E,2024-04-13,travel,521
32567,W,2024-06-29,travel,848
32568,W,2024-05-05,travel,772
32569,E,2024-02-09,travel,571
32570,S,2024-04-10,health,547
32571,E,2024-06-25,home,639
32572,N,2024-01-24,home,828
32573,W,2024-04-02,auto,688
32574,E,2024-10-17,auto,885
32575,E,2024-11-17,health,584
32576,E,2024-11-11,travel,801
32577,W,2024-02-22,travel,609
32578,N,2024-05-02,travel,732
32579,W,2024-02-13,auto,627
32581,E,2024-09-03,home,535
32582,S,2024-07-10,home,998
32583,N,2024-10-20,home,870
32584,N,2024-02-15,travel,570
32585,W,2024-08-03,auto,608
32586,W,2024-04-11,health,562
32587,S,2024-02-16,auto,539
32588,N,2024-05-07,auto,390
32589,W,2024-02-05,travel,574
32590,E,2024-04-27,travel,509
32591,W,2024-10-25,home,$730
32592,E,2024-07-03,travel,671
32593,W,2024-01-05,health,1045
32594,N,2024-04-01,travel,648
32595,E,2024-08-02,auto,915
32596,W,2024-04-03,travel,903
32597,S,2024-04-05,travel,688
32598,S,2024-05-13,home,795
32599,W,2024-03-22,home,654
32600,W,2024-01-29,home,642
32601,W,2024-03-19,home,737
32602,W,2024-11-13,travel,626
32603,N,2024-11-08,travel,794
32604,S,2024-05-07,home,1179
32605,W,2024-07-06,health,1138
32606,S,2024-01-16,travel,460
32607,W,2024-05-10,auto,642
32608,S,2024-06-09,home,725
32609,S,2024-05-01,auto,657
32610,W,2024-08-11,health,665
32611,W,2024-07-27,home,979
32612,N,2024-07-11,auto,692
32613,W,2024-02-07,auto,USD 593
32614,W,2024-08-29,auto,786
32615,W,2024-01-27,travel,$705
32616,E,2024-09-08,travel,629
32617,E,2024-08-14,home,685
32618,N,2024-11-25,health,459
32619,S,2024-07-03,home,963
32620,N,2024-06-19,health,650
32621,S,2024-04-25,travel,1049
32622,N,2024-05-26,travel,1032
32623,S,2024-01-13,auto,519
32624,N,2024-10-20,home,439
32625,E,2024-05-27,travel,859
32626,E,2024-05-07,home,478
32627,W,2024-05-16,travel,719
32628,N,2024-05-10,travel,$622
32629,W,2024-10-01,health,705
32630,N,2024-07-12,travel,730
32631,N,2024-11-20,home,710
32632,N,2024-02-26,travel,850
32633,S,2024-10-03,travel,493
32634,N,2024-07-09,travel,704
32635,S,2024-09-10,travel,640
32636,E,2024-05-06,travel,712
32637,W,2024-02-01,auto,589
32638,S,2024-02-08,home,785
32639,N,2024-09-27,travel,848
32640,N,2024-03-10,home,967
32641,N,2024-04-03,home,USD 610
32642,S,2024-02-15,health,USD 764
32643,E,2024-11-17,auto,797
32644,E,2024-10-05,auto,$713
32645,W,2024-03-26,auto,702
32646,E,2024-07-09,travel,571
32647,N,2024-03-11,travel,778
32648,W,2024-08-14,health,503
32649,N,2024-05-19,health,841
32650,S,2024-05-24,home,992
32651,W,2024-09-17,auto,570
32652,N,2024-10-05,health,787
32653,W,2024-04-30,auto,583
32654,N,2024-05-24,auto,435
32655,N,2024-02-18,health,662
32656,S,2024-02-11,travel,761
32657,E,2024-10-22,home,845
32658,N,2024-11-21,auto,836
32659,N,2024-11-06,health,1022
32660,E,2024-01-20,auto,819
32661,W,2024-01-02,auto,743
32662,S,2024-03-06,home,596
32663,W,2024-01-07,health,468
32664,S,2024-10-09,home,706
32665,W,2024-03-22,travel,719
32666,W,2024-09-08,travel,566
32667,S,2024-08-13,home,384
32669,W,2024-06-20,health,525
32670,E,2024-02-19,home,709
32671,N,2024-05-05,home,812
32672,E,2024-03-27,travel,853
32673,E,2024-05-02,health,866
32674,W,2024-03-10,health,714
32675,N,2024-11-04,auto,800
32676,S,2024-05-12,health,555
32677,S,2024-06-21,health,661
32678,N,2024-11-01,home,767
32679,W,2024-11-02,health,559
32680,W,2024-10-07,health,936
32681,W,2024-07-12,health,559
32682,W,2024-07-01,travel,585
32683,N,2024-10-20,health,462
32684,S,2024-01-08,travel,569
32685,W,2024-06-15,health,$606
32686,N,2024-02-28,auto,USD 504
32687,S,2024-08-10,travel,808
32688,N,2024-10-31,travel,490
32689,E,2024-11-19,health,603
32690,E,2024-08-04,health,627
32691,S,2024-11-03,home,691
32692,W,2024-04-05,health,538
32693,E,2024-07-25,health,997
32694,E,2024-02-04,travel,976
32695,S,2024-05-23,health,880
32696,E,2024-01-12,travel,825
32697,W,2024-11-17,health,647
32698,N,2024-05-21,health,541
32699,S,2024-09-12,auto,879
32700,N,2024-01-15,health,530
32701,E,2024-01-05,home,572
32702,N,2024-07-22,health,484
32703,S,2024-08-30,auto,568
32704,N,2024-04-11,health,658
32705,N,2024-09-01,auto,718
32706,S,2024-10-25,health,666
32707,W,2024-05-05,auto,745
32708,E,2024-03-03,travel,631
32709,W,2024-02-02,auto,480
32710,N,2024-09-17,travel,740
32711,W,2024-11-06,health,399
32712,N,2024-02-09,home,692
32713,S,2024-03-21,travel,667
32714,N,2024-07-13,auto,658
32715,W,2024-05-02,health,686
32716,E,2024-10-21,travel,751
32717,W,2024-03-20,travel,868
32718,W,2024-07-08,auto,458
32719,S,2024-10-31,auto,646
32720,E,2024-01-16,home,494
32721,N,2024-01-15,travel,954
32722,W,2024-05-29,home,582
32723,W,2024-10-21,travel,615
32724,W,2024-06-16,travel,725
32725,N,2024-07-25,travel,974
32727,N,2024-09-24,auto,634
32728,S,2024-10-03,health,327
32729,W,2024-05-03,home,634
32730,W,2024-09-02,travel,950
32731,N,2024-08-03,travel,701
32732,W,2024-10-22,auto,636
32733,E,2024-08-08,auto,706
32734,W,2024-09-26,auto,478
32735,N,2024-01-30,auto,907
32736,W,2024-06-16,auto,521
32737,W,2024-09-06,home,631
32738,S,2024-08-08,health,681
32739,S,2024-09-06,health,591
32740,N,2024-02-18,home,633
32741,S,2024-03-26,travel,USD 781
32742,E,2024-09-05,home,572
32743,E,2024-02-17,home,679
32744,E,2024-01-28,auto,658
32745,W,2024-08-12,auto,513
32746,E,2024-02-13,auto,539
32747,S,2024-08-14,travel,766
32748,W,2024-06-18,health,611
32749,N,2024-08-13,home,458
32750,E,2024-02-26,travel,578
32751,S,2024-02-14,travel,547
32752,N,2024-08-22,health,503
32753,E,2024-08-26,home,452
32754,N,2024-05-20,travel,545
32755,W,2024-04-15,health,802
32756,E,2024-01-08,home,564
32757,W,2024-03-16,travel,692
32758,S,2024-08-14,auto,491
32760,N,2024-02-23,health,614
32761,W,2024-03-30,home,684
32762,E,2024-06-01,travel,888
32763,W,2024-10-03,health,697
32764,N,2024-02-13,home,562
32765,N,2024-05-30,home,USD 729
32767,W,2024-04-23,travel,622
32768,W,2024-08-21,auto,679
32769,E,2024-09-20,home,641
32770,E,2024-08-03,health,504
32771,S,2024-01-01,travel,596
32772,S,2024-08-13,auto,500
32773,W,2024-11-09,travel,776
32774,W,2024-11-09,auto,765
32775,E,2024-05-01,home,538
32776,E,2024-08-28,auto,622
32777,S,2024-01-07,home,655
32778,S,2024-04-12,travel,786
32779,E,2024-10-15,auto,USD 1059
32780,E,2024-10-24,health,880
32781,N,2024-09-08,health,644
32782,N,2024-10-04,travel,$887
32783,W,2024-11-01,home,USD 776
32784,E,2024-02-23,travel,877
32785,E,2024-07-11,home,409
32786,N,2024-02-25,travel,407
32787,N,2024-06-15,health,USD 701
32788,S,2024-11-18,travel,914
32789,E,2024-10-01,home,993
32790,N,2024-07-31,auto,USD 1025
32791,N,2024-06-25,auto,480
32792,W,2024-03-27,travel,559
32793,S,2024-05-15,auto,667
32794,S,2024-11-04,home,934
32795,N,2024-08-19,travel,648
32796,N,2024-10-30,home,715
32797,W,2024-10-16,home,852
32798,S,2024-01-26,travel,646
32799,S,2024-05-20,home,428
32800,W,2024-07-19,home,$736
32801,W,2024-07-12,auto,716
32802,S,2024-02-07,auto,584
32803,S,2024-04-25,health,824
32804,S,2024-06-14,home,730
32805,N,2024-06-29,travel,787
32806,W,2024-01-10,health,736
32807,S,2024-10-22,auto,USD 796
32808,S,2024-01-30,auto,936
32809,N,2024-08-01,auto,944
32810,W,2024-03-08,health,991
32811,E,2024-11-08,travel,719
32812,W,2024-07-01,travel,692
32813,E,2024-01-23,home,488
32814,W,2024-07-11,health,643
32815,W,2024-08-28,auto,457
32816,N,2024-11-21,health,558
32817,S,2024-09-21,auto,823
32818,E,2024-03-16,home,873
32819,N,2024-10-30,health,765
32820,W,2024-06-20,travel,845
32821,S,2024-04-11,health,744
32822,N,2024-06-21,travel,1062
32823,E,2024-04-10,health,717
32824,S,2024-02-21,travel,$785
32825,S,2024-01-05,auto,414
32826,E,2024-10-08,auto,891
32827,W,2024-10-07,home,471
32828,W,2024-02-14,auto,573
32829,E,2024-01-28,health,USD 705
32830,E,2024-02-28,auto,810
32831,E,2024-05-21,travel,834
32832,W,2024-05-01,auto,761
32833,W,2024-07-12,health,571
32834,W,2024-10-11,travel,552
32836,S,2024-02-21,auto,839
32837,N,2024-06-09,home,811
32838,E,2024-08-01,home,627
32839,S,2024-08-05,auto,993
32840,N,2024-06-29,health,900
32841,N,2024-03-04,health,724
32842,N,2024-09-19,health,801
32843,N,2024-05-30,health,879
32844,W,2024-09-10,travel,806
32845,N,2024-04-09,home,484
32846,N,2024-03-03,travel,738
32847,E,2024-08-31,health,439
32848,N,2024-02-05,health,$731
32849,W,2024-02-03,travel,675
32850,W,2024-11-06,travel,554
32851,N,2024-02-20,health,687
32852,N,2024-06-25,home,612
32853,N,2024-02-07,home,689
32854,E,2024-03-23,travel,615
32855,S,2024-08-31,travel,705
32856,N,2024-01-19,health,587
32857,S,2024-05-04,health,813
32858,S,2024-09-08,auto,881
32859,S,2024-10-30,travel,667
32860,E,2024-06-06,travel,544
32861,N,2024-01-22,travel,589
32862,S,2024-03-08,travel,1011
32863,W,2024-08-19,auto,USD 670
32864,E,2024-10-23,health,500
32865,E,2024-08-22,health,906
32866,E,2024-11-20,travel,527
32867,W,2024-02-19,travel,590
32868,N,2024-03-13,health,642
32869,W,2024-01-21,travel,714
32870,N,2024-01-05,auto,732
32871,E,2024-09-19,travel,657
32872,W,2024-08-29,auto,860
32873,S,2024-04-09,health,982
32874,W,2024-11-24,home,944
32875,E,2024-06-03,auto,662
32876,N,2024-01-09,home,652
32877,W,2024-05-19,travel,790
32878,E,2024-11-06,health,949
32879,S,2024-10-03,health,696
32880,N,2024-08-15,travel,450
32881,S,2024-08-03,auto,595
32882,N,2024-08-27,home,584
32883,W,2024-03-08,auto,787
32884,N,2024-05-26,home,897
32885,E,2024-09-03,home,793
32886,W,2024-09-16,home,671
32887,N,2024-05-15,health,484
32888,W,2024-03-27,health,696
32889,W,2024-03-12,health,USD 731
32891,N,2024-04-14,health,640
32892,N,2024-07-14,health,781
32894,W,2024-09-22,health,733
32895,N,2024-05-26,health,529
32896,S,2024-06-13,home,879
32897,W,2024-08-14,travel,456
32898,N,2024-05-11,home,1112
32899,N,2024-03-27,health,1153
32900,E,2024-06-14,auto,605
32901,W,2024-02-08,home,745
32902,S,2024-10-23,health,423
32903,N,2024-08-04,home,USD 713
32904,E,2024-06-15,health,633
32905,N,2024-04-30,home,1238
32906,N,2024-06-01,travel,420
32907,E,2024-05-04,home,780
32908,N,2024-04-20,auto,558
32909,N,2024-01-29,travel,434
32910,W,2024-04-11,travel,562
32911,W,2024-07-19,auto,997
32912,N,2024-01-20,home,440
32913,W,2024-04-17,travel,628
32914,E,2024-04-16,health,454
32915,N,2024-06-02,travel,920
32916,W,2024-05-29,auto,467
32917,S,2024-07-31,travel,688
32918,S,2024-03-30,home,453
32919,N,2024-04-13,auto,638
32920,S,2024-05-17,travel,624
32921,N,2024-10-27,health,USD 627
32922,E,2024-09-29,home,668
32923,N,2024-04-20,travel,706
32924,W,2024-03-24,health,$747
32925,W,2024-07-19,health,623
32926,W,2024-03-22,travel,543
32927,N,2024-07-01,health,649
32928,S,2024-03-01,health,1109
32929,S,2024-10-18,home,718
32930,E,2024-09-24,auto,685
32931,N,2024-05-30,auto,569
32932,W,2024-02-13,home,818
32934,N,2024-09-04,health,400
32935,W,2024-11-25,auto,618
32936,E,2024-06-11,home,755
32937,W,2024-05-25,health,711
32938,E,2024-09-13,auto,560
32939,E,2024-05-19,home,633
32940,W,2024-02-16,health,723
32941,N,2024-10-22,travel,614
32942,S,2024-09-30,home,703
32943,W,2024-01-11,health,756
32944,S,2024-06-10,auto,462
32945,E,2024-02-04,travel,893
32946,W,2024-08-03,travel,630
32947,E,2024-03-24,travel,604
32948,S,2024-08-12,travel,788
32949,W,2024-11-21,auto,559
32950,N,2024-05-17,auto,732
32951,N,2024-03-12,auto,509
32952,W,2024-06-30,home,812
32953,W,2024-08-13,home,660
32954,S,2024-01-13,travel,678
32955,S,2024-01-17,home,487
32956,S,2024-10-14,auto,489
32957,W,2024-09-16,auto,660
32958,W,2024-09-28,auto,827
32959,N,2024-09-28,auto,945
32960,N,2024-05-05,home,562
32961,E,2024-03-02,home,617
32962,S,2024-04-02,health,744
32964,E,2024-06-06,travel,604
32965,N,2024-04-21,auto,350
32966,S,2024-05-10,home,604
32967,W,2024-07-17,home,538
32968,E,2024-06-06,travel,1163
32969,N,2024-04-02,travel,644
32970,E,2024-09-05,health,954
32971,S,2024-05-15,home,795
32972,N,2024-05-13,travel,774
32973,E,2024-11-11,home,811
32974,E,2024-04-17,travel,830
32975,W,2024-05-04,health,448
32976,E,2024-08-13,travel,549
32977,S,2024-03-03,home,479
32978,W,2024-06-06,auto,813
32979,W,2024-06-24,auto,717
32980,W,2024-02-08,travel,563
32981,S,2024-08-22,travel,439
32982,W,2024-10-24,travel,712
32983,W,2024-01-21,travel,540
32984,W,2024-02-26,home,$847
32985,N,2024-11-21,travel,807
32986,W,2024-11-14,auto,$796
32987,W,2024-02-28,auto,632
32988,E,2024-06-12,health,835
32989,W,2024-01-28,health,650
32990,W,2024-03-22,home,427
32991,E,2024-07-01,home,795
32992,S,2024-03-31,home,713
32993,E,2024-02-22,auto,759
32994,W,2024-06-13,auto,602
32995,E,2024-06-17,health,811
32996,S,2024-01-13,auto,496
32997,N,2024-07-05,auto,553
32998,N,2024-06-22,home,536
33000,S,2024-05-10,home,634
33001,N,2024-03-20,home,$578
33002,N,2024-03-14,auto,580
33003,W,2024-04-20,auto,709
33004,E,2024-01-07,home,731
33005,N,2024-08-19,home,646
33006,S,2024-07-04,travel,473
33007,E,2024-04-06,health,482
33008,E,2024-09-02,health,483
33009,N,2024-09-08,auto,588
33010,E,2024-04-09,home,760
33011,W,2024-10-19,home,616
33012,N,2024-08-02,auto,984
33013,W,2024-06-12,home,619
33014,S,2024-03-31,auto,695
33015,E,2024-01-09,auto,$932
33016,E,2024-04-10,health,786
33017,E,2024-07-03,home,836
33019,N,2024-10-23,health,679
33020,E,2024-07-11,home,1156
33021,W,2024-07-27,health,526
33022,E,2024-09-10,travel,600
33023,E,2024-03-03,travel,573
33024,E,2024-04-30,home,713
33025,N,2024-10-29,home,736
33026,S,2024-07-04,auto,482
33027,N,2024-03-01,health,764
33028,E,2024-02-26,health,604
33029,N,2024-11-08,home,745
33030,E,2024-08-31,auto,820
33031,S,2024-10-06,health,USD 667
33032,S,2024-02-06,travel,632
33033,W,2024-02-28,health,729
33034,N,2024-06-08,home,599
33035,E,2024-07-07,home,617
33036,E,2024-01-30,travel,525
33037,S,2024-03-15,auto,USD 554
33038,E,2024-05-11,health,845
33039,W,2024-04-17,travel,753
33040,W,2024-05-05,home,830
33041,N,2024-03-17,travel,634
33042,S,2024-10-09,auto,606
33043,W,2024-09-29,health,600
33044,W,2024-07-09,health,930
33045,E,2024-09-28,travel,785
33046,E,2024-07-11,travel,616
33047,E,2024-08-06,home,591
33048,S,2024-09-02,health,481
33049,E,2024-10-14,health,619
33050,N,2024-06-28,auto,655
33051,W,2024-11-08,health,779
33052,N,2024-01-18,health,499
33053,W,2024-09-18,home,$784
33054,E,2024-02-14,health,528
33055,E,2024-01-21,health,602
33056,N,2024-04-01,auto,512
33057,N,2024-09-14,home,704
33058,N,2024-03-18,home,734
33059,S,2024-02-19,travel,963
33060,W,2024-10-14,home,$502
33061,E,2024-05-06,travel,613
33062,W,2024-11-06,auto,779
33063,N,2024-06-09,home,557
33065,S,2024-02-02,auto,627
33067,N,2024-04-07,health,974
33068,N,2024-11-04,auto,896
33069,E,2024-05-09,health,803
33070,W,2024-09-27,home,649
33071,S,2024-09-08,travel,1045
33072,W,2024-07-30,auto,637
33073,E,2024-09-29,travel,771
33074,S,2024-10-14,auto,557
33075,E,2024-02-14,home,515
33076,S,2024-02-20,home,$763
33077,S,2024-05-07,health,560
33078,E,2024-10-14,auto,$796
33079,W,2024-06-01,travel,444
33080,N,2024-02-03,health,435
33081,S,2024-05-06,health,590
33082,W,2024-05-22,auto,658
33083,N,2024-02-06,auto,471
33084,N,2024-06-23,health,527
33085,N,2024-10-10,home,609
33086,E,2024-06-05,auto,563
33087,S,2024-05-13,travel,USD 976
33088,W,2024-01-27,auto,$661
33089,S,2024-05-17,home,$558
33090,W,2024-03-04,travel,687
33091,W,2024-09-03,home,615
33092,S,2024-11-25,health,674
33093,W,2024-10-31,home,459
33094,S,2024-04-07,travel,575
33095,E,2024-11-25,health,$776
33096,N,2024-10-20,auto,648
33097,E,2024-10-01,auto,751
33098,S,2024-02-22,auto,506
33099,E,2024-03-31,health,613
33100,E,2024-03-19,home,812
33101,W,2024-06-12,home,$610
33102,W,2024-07-16,home,679
33103,N,2024-01-12,auto,642
33104,W,2024-02-06,travel,700
33105,S,2024-10-15,travel,746
33106,N,2024-10-03,home,560
33107,S,2024-02-15,auto,761
33108,E,2024-10-08,home,504
33109,W,2024-02-21,auto,$661
33110,W,2024-10-06,health,871
33111,W,2024-05-04,health,USD 918
33112,N,2024-09-24,health,449
33113,E,2024-06-11,home,667
33114,N,2024-07-15,auto,$692
33115,S,2024-05-29,auto,842
33116,E,2024-08-24,health,USD 623
33117,N,2024-04-07,travel,689
33118,N,2024-02-24,health,459
33120,N,2024-03-20,auto,USD 758
33121,N,2024-11-22,auto,487
33122,E,2024-04-21,auto,549
33123,N,2024-07-12,auto,780
33125,W,2024-03-02,auto,689
33126,E,2024-07-16,travel,678
33127,W,2024-05-06,auto,914
33128,W,2024-05-12,home,686
33129,E,2024-08-25,home,683
33130,S,2024-02-12,travel,651
33131,W,2024-06-13,health,734
33132,N,2024-10-26,health,433
33133,N,2024-07-20,health,725
33134,E,2024-09-29,home,721
33135,S,2024-04-13,home,708
33136,E,2024-09-15,home,573
33137,S,2024-01-29,auto,745
33138,E,2024-04-01,auto,806
33139,W,2024-05-15,auto,569
33140,S,2024-03-15,auto,719
33141,E,2024-07-14,home,590
33142,S,2024-09-15,travel,703
33143,E,2024-03-05,auto,639
33144,N,2024-03-28,auto,484
33145,W,2024-11-25,auto,655
33146,S,2024-03-31,home,940
33147,W,2024-04-26,auto,693
33148,N,2024-09-27,travel,541
33149,S,2024-02-02,health,754
33150,E,2024-07-03,auto,664
33151,N,2024-02-08,travel,525
33152,S,2024-06-07,auto,670
33153,E,2024-10-19,health,897
33154,N,2024-05-28,auto,566
33155,S,2024-01-17,travel,447
33156,N,2024-09-16,health,658
33157,E,2024-11-22,home,644
33158,W,2024-09-23,auto,753
33159,E,2024-04-27,travel,1002
33160,W,2024-05-15,auto,800
33161,W,2024-08-11,travel,788
33162,E,2024-07-25,health,885
33163,N,2024-10-16,health,549
33164,S,2024-02-26,home,551
33165,W,2024-10-13,auto,611
33166,N,2024-01-12,health,507
33167,S,2024-01-31,health,812
33168,N,2024-01-07,travel,$710
33169,W,2024-02-06,health,$541
33170,S,2024-04-14,travel,563
33171,N,2024-02-13,health,427
33172,E,2024-01-19,health,744
33174,S,2024-10-20,home,637
33175,W,2024-04-13,travel,695
33176,E,2024-03-04,auto,USD 458
33177,N,2024-06-29,health,480
33178,S,2024-07-14,home,453
33179,N,2024-02-29,travel,810
33180,E,2024-01-02,home,582
33181,E,2024-08-10,home,576
33182,W,2024-06-01,auto,556
33183,E,2024-09-22,home,773
33184,E,2024-11-02,auto,595
33185,E,2024-07-13,health,1169
33186,E,2024-10-08,home,897
33187,W,2024-11-04,travel,849
33188,W,2024-02-06,home,729
33189,N,2024-08-17,home,602
33190,W,2024-01-21,travel,553
33192,N,2024-07-22,home,841
33193,N,2024-01-19,health,961
33194,E,2024-04-05,home,828
33195,E,2024-08-22,home,899
33196,S,2024-03-31,home,$856
33197,E,2024-01-02,home,853
33198,N,2024-06-13,home,621
33199,N,2024-06-20,auto,$456
33200,N,2024-08-13,travel,861
33201,N,2024-02-17,health,663
33202,W,2024-05-15,home,$634
33203,W,2024-02-24,auto,547
33204,S,2024-03-04,home,763
33205,W,2024-04-18,home,568
33206,S,2024-06-20,auto,574
33207,N,2024-10-22,home,USD 641
33209,S,2024-08-17,auto,802
33210,N,2024-09-07,home,846
33211,N,2024-09-03,home,763
33212,W,2024-08-14,health,482
33213,E,2024-08-31,health,360
33214,N,2024-02-12,health,1006
33215,W,2024-10-19,auto,672
33216,S,2024-05-05,home,749
33217,W,2024-08-25,auto,577
33218,S,2024-10-28,auto,900
33219,W,2024-08-22,home,828
33220,N,2024-02-21,auto,567
33221,W,2024-03-20,health,672
33222,E,2024-02-11,travel,859
33223,W,2024-03-09,health,602
33224,E,2024-10-14,travel,USD 476
33225,W,2024-09-10,travel,643
33226,S,2024-08-17,health,408
33227,N,2024-11-24,health,USD 710
33228,E,2024-03-08,health,609
33229,E,2024-03-06,home,599
33230,W,2024-10-16,auto,451
33231,W,2024-05-25,home,438
33232,W,2024-06-13,auto,673
33233,E,2024-05-17,home,570
33234,E,2024-01-12,auto,761
33235,E,2024-08-10,home,487
33236,N,2024-05-26,auto,565
33237,E,2024-10-27,home,890
33238,N,2024-01-01,home,736
33239,W,2024-04-11,home,746
33240,E,2024-07-24,auto,513
33241,W,2024-10-03,home,666
33242,E,2024-02-18,home,492
33243,N,2024-07-02,home,584
33244,N,2024-08-15,auto,771
33245,E,2024-11-06,health,829
33246,E,2024-10-29,home,658
33247,E,2024-03-02,travel,687
33248,S,2024-05-05,home,638
33249,W,2024-06-26,auto,390
33250,N,2024-10-01,home,745
33251,W,2024-07-06,auto,524
33252,E,2024-06-19,auto,517
33253,E,2024-06-23,travel,624
33254,N,2024-06-14,home,722
33255,W,2024-07-27,health,888
33256,E,2024-11-21,home,527
33257,E,2024-05-06,auto,896
33258,E,2024-07-19,home,655
33259,W,2024-10-21,home,751
33260,E,2024-09-08,travel,629
33261,W,2024-02-23,home,491
33262,N,2024-10-27,health,655
33263,E,2024-05-24,home,845
33264,W,2024-10-21,travel,587
33265,E,2024-06-11,travel,772
33266,E,2024-03-21,auto,914
33267,W,2024-11-09,auto,1098
33268,E,2024-06-16,auto,692
33269,W,2024-07-12,home,775
33270,E,2024-06-25,auto,735
33271,E,2024-08-07,home,463
33272,E,2024-09-25,health,537
33273,W,2024-03-15,health,876
33274,E,2024-09-10,auto,748
33275,E,2024-05-17,home,705
33276,N,2024-01-29,travel,765
33277,W,2024-09-15,home,640
33278,E,2024-01-07,health,688
33279,W,2024-07-19,travel,846
33280,E,2024-08-19,auto,546
33281,N,2024-03-06,auto,926
33282,S,2024-05-27,health,656
33283,S,2024-03-14,travel,422
33284,W,2024-01-29,health,633
33285,W,2024-11-25,travel,532
33286,W,2024-03-29,home,804
33287,W,2024-09-28,auto,545
33288,E,2024-09-10,home,839
33289,W,2024-04-01,auto,646
33290,N,2024-09-20,travel,508
33291,W,2024-06-28,travel,1115
33292,N,2024-04-20,travel,434
33293,S,2024-08-24,health,575
33295,N,2024-02-19,travel,685
33296,S,2024-04-03,home,515
33297,E,2024-06-14,travel,562
33298,E,2024-05-01,health,624
33299,W,2024-09-13,auto,694
33300,W,2024-02-07,health,639
33301,E,2024-06-28,auto,590
33302,W,2024-04-05,travel,476
33303,E,2024-01-11,auto,447
33304,E,2024-04-23,health,595
33305,S,2024-03-01,home,664
33306,W,2024-06-07,home,634
33307,E,2024-08-29,health,894
33308,N,2024-08-24,health,642
33309,W,2024-03-20,home,706
33311,S,2024-03-05,travel,$888
33312,W,2024-01-02,health,662
33313,E,2024-01-16,home,1116
33314,W,2024-08-26,auto,473
33315,N,2024-03-31,home,613
33316,E,2024-11-24,travel,956
33317,E,2024-05-29,travel,991
33319,N,2024-04-15,auto,735
33320,E,2024-06-06,home,682
33321,E,2024-09-29,health,737
33322,N,2024-04-29,health,748
33323,S,2024-03-08,home,615
33324,N,2024-03-30,home,746
33325,N,2024-01-13,home,819
33326,E,2024-04-27,auto,898
33327,W,2024-04-15,auto,571
33328,E,2024-03-09,health,626
33329,W,2024-06-13,auto,866
33331,E,2024-07-06,auto,501
33332,W,2024-02-13,travel,534
33333,E,2024-02-06,home,664
33334,S,2024-02-16,auto,517
33335,N,2024-05-02,home,628
33336,N,2024-10-27,travel,1095
33337,W,2024-04-11,home,744
33338,E,2024-02-20,home,620
33339,E,2024-08-07,home,610
33340,N,2024-05-14,home,616
33341,E,2024-01-10,health,591
33342,W,2024-01-28,health,854
33343,E,2024-10-24,health,661
33344,N,2024-06-23,home,709
33345,W,2024-08-31,home,638
33346,S,2024-01-29,home,547
33347,E,2024-01-14,health,413
33348,E,2024-02-27,travel,603
33349,S,2024-05-13,travel,432
33350,S,2024-04-17,home,867
33351,W,2024-07-08,travel,452
33352,N,2024-03-30,home,809
33353,W,2024-06-21,auto,500
33354,W,2024-11-21,travel,588
33355,S,2024-06-12,home,637
33356,W,2024-09-07,travel,588
33357,W,2024-02-01,home,963
33358,N,2024-03-26,home,860
33359,E,2024-04-15,auto,675
33361,W,2024-08-01,home,487
33362,W,2024-04-30,travel,667
33363,E,2024-01-25,health,834
33364,N,2024-09-02,travel,451
33365,S,2024-03-10,travel,663
33366,N,2024-06-22,travel,883
33367,W,2024-04-12,auto,449
33368,E,2024-03-06,auto,996
33369,E,2024-04-24,health,542
33370,E,2024-11-23,travel,696
33371,E,2024-01-27,auto,767
33372,E,2024-11-12,health,1059
33373,N,2024-02-08,home,780
33374,S,2024-01-06,auto,670
33375,N,2024-11-15,health,664
33376,W,2024-01-13,health,447
33377,S,2024-02-05,travel,937
33378,S,2024-10-18,travel,582
33379,N,2024-03-22,auto,400
33381,S,2024-03-01,health,690
33382,W,2024-10-05,health,850
33383,W,2024-08-24,home,352
33384,S,2024-04-18,auto,511
33385,E,2024-05-19,home,742
33386,S,2024-04-14,auto,$791
33387,W,2024-01-14,home,536
33388,E,2024-04-13,auto,$498
33389,W,2024-04-09,travel,580
33390,S,2024-03-12,home,830
33391,N,2024-08-25,home,724
33392,S,2024-02-08,travel,660
33393,N,2024-05-16,health,640
33394,W,2024-02-10,auto,"$1,020"
33396,N,2024-02-25,health,945
33397,W,2024-01-19,travel,519
33398,E,2024-09-29,auto,603
33399,W,2024-07-15,travel,828
33400,S,2024-02-05,auto,691
33401,S,2024-03-16,auto,699
33402,N,2024-04-10,auto,687
33403,N,2024-04-08,health,726
33404,S,2024-09-11,health,793
33405,E,2024-04-20,travel,733
33406,W,2024-09-20,home,532
33407,S,2024-11-15,auto,654
33408,W,2024-04-23,health,637
33409,S,2024-05-10,health,1017
33410,W,2024-09-23,travel,517
33411,W,2024-04-20,health,593
33412,E,2024-08-08,home,1051
33413,W,2024-11-08,home,638
33414,E,2024-07-29,auto,708
33415,E,2024-08-16,health,563
33416,W,2024-01-05,travel,847
33417,S,2024-03-31,travel,522
33418,N,2024-11-23,auto,590
33420,E,2024-11-11,auto,528
33421,S,2024-10-03,health,547
33422,W,2024-10-08,travel,538
33423,N,2024-07-21,home,765
33425,W,2024-05-21,health,708
33426,S,2024-05-07,home,762
33429,E,2024-05-28,home,666
33430,E,2024-08-27,travel,409
33431,S,2024-05-14,home,635
33432,W,2024-03-24,travel,815
33433,W,2024-04-11,health,646
33434,W,2024-03-26,travel,550
33435,W,2024-10-03,travel,853
33436,S,2024-04-03,home,665
33437,S,2024-10-25,auto,1090
33438,E,2024-08-18,travel,929
33439,E,2024-02-14,auto,417
33440,S,2024-11-23,travel,584
33441,E,2024-05-07,travel,620
33442,W,2024-09-19,home,$583
33443,W,2024-10-02,health,526
33444,S,2024-04-24,health,1068
33445,E,2024-02-27,travel,$569
33446,S,2024-04-24,travel,686
33447,E,2024-09-21,health,591
33448,S,2024-08-15,health,466
33449,N,2024-10-08,home,708
33450,N,2024-02-10,home,USD 725
33451,W,2024-05-15,auto,547
33452,N,2024-03-31,health,501
33453,W,2024-01-09,home,486
33454,N,2024-06-05,auto,811
33455,W,2024-01-03,auto,617
33456,W,2024-11-16,auto,651
33457,W,2024-04-28,home,714
33458,E,2024-10-06,home,535
33459,N,2024-01-29,travel,739
33460,N,2024-04-28,health,501
33461,N,2024-06-19,health,928
33462,N,2024-03-18,home,432
33463,N,2024-07-17,health,$491
33464,N,2024-11-21,health,604
33465,N,2024-03-20,auto,473
33466,N,2024-03-13,health,643
33469,W,2024-04-28,auto,USD 499
33470,W,2024-11-12,auto,858
33471,E,2024-02-21,home,$486
33472,W,2024-11-21,auto,872
33473,S,2024-09-12,home,561
33474,N,2024-03-06,home,$999
33476,S,2024-05-31,home,636
33477,S,2024-06-27,travel,531
33478,N,2024-06-18,travel,552
33479,W,2024-07-28,auto,931
33480,W,2024-05-09,auto,625
33481,S,2024-01-25,home,671
33482,W,2024-05-14,home,611
33483,E,2024-03-13,home,475
33484,W,2024-03-13,travel,716
33485,W,2024-09-20,health,472
33486,E,2024-10-23,auto,531
33487,N,2024-11-16,health,508
33488,E,2024-11-16,home,1116
33489,N,2024-05-15,auto,499
33490,W,2024-06-16,health,840
33491,N,2024-04-26,auto,555
33492,E,2024-02-27,travel,$661
33493,N,2024-08-02,health,517
33494,E,2024-04-04,home,604
33495,W,2024-10-09,travel,538
33496,W,2024-10-20,travel,816
33497,E,2024-03-26,travel,606
33498,E,2024-09-20,travel,647
33500,N,2024-08-12,health,832
33501,W,2024-11-25,travel,$499
33502,N,2024-02-06,travel,USD 818
33503,W,2024-03-20,auto,713
33504,W,2024-07-28,auto,740
33505,E,2024-07-29,auto,703
33506,N,2024-09-28,health,515
33507,E,2024-02-27,health,790
33508,W,2024-04-25,health,482
33509,W,2024-11-17,health,671
33510,N,2024-01-13,auto,601
33511,S,2024-04-19,home,762
33512,E,2024-11-07,health,512
33513,N,2024-09-25,travel,$676
33514,E,2024-05-06,home,780
33515,N,2024-04-01,home,598
33516,S,2024-01-14,home,709
33517,E,2024-11-17,home,601
33518,W,2024-11-24,health,803
33519,W,2024-07-12,auto,633
33521,N,2024-04-08,travel,470
33522,E,2024-06-23,auto,375
33523,E,2024-10-10,home,540
33524,S,2024-10-13,travel,401
33525,E,2024-01-26,travel,1069
33526,N,2024-07-05,travel,$657
33527,E,2024-02-13,health,727
33528,S,2024-07-27,health,817
33529,N,2024-09-21,health,873
33530,S,2024-07-07,travel,996
33531,N,2024-01-22,auto,550
33532,W,2024-07-10,health,778
33533,E,2024-06-27,home,732
33534,S,2024-01-27,auto,910
33535,N,2024-03-02,home,479
33537,N,2024-02-21,travel,418
33538,N,2024-11-03,home,662
33539,W,2024-06-16,home,530
33540,E,2024-01-29,health,644
33541,E,2024-01-02,auto,388
33542,W,2024-09-12,auto,599
33543,W,2024-11-11,home,$528
33544,S,2024-10-08,travel,450
33545,W,2024-07-07,home,898
33546,N,2024-01-23,travel,$527
33547,N,2024-10-21,health,673
33548,E,2024-01-30,home,918
33549,W,2024-02-22,health,611
33550,E,2024-02-07,auto,$399
33551,W,2024-10-10,auto,592
33552,E,2024-10-19,home,567
33553,E,2024-04-09,home,476
33554,S,2024-02-16,auto,654
33555,S,2024-11-22,auto,662
33556,W,2024-06-26,health,807
33557,W,2024-11-22,health,543
33558,W,2024-08-04,auto,575
33559,E,2024-03-29,travel,675
33560,W,2024-01-05,auto,719
33561,S,2024-02-23,auto,638
33562,E,2024-09-07,travel,963
33563,W,2024-05-01,travel,803
33564,S,2024-10-25,health,755
33565,S,2024-03-22,travel,785
33566,S,2024-05-18,home,739
33567,N,2024-08-07,home,692
33568,N,2024-01-18,health,552
33569,W,2024-09-26,travel,532
33571,S,2024-07-14,auto,687
33572,W,2024-09-24,home,960
33573,S,2024-06-20,home,840
33574,N,2024-01-31,home,831
33575,N,2024-09-05,home,613
33576,N,2024-03-07,home,776
33577,E,2024-07-02,health,580
33578,N,2024-10-16,auto,456
33579,W,2024-03-19,home,603
33580,W,2024-05-08,travel,673
33581,E,2024-11-05,home,516
33582,W,2024-02-10,auto,$759
33583,S,2024-02-23,travel,719
33584,S,2024-02-10,travel,747
33585,S,2024-05-06,travel,702
33586,E,2024-08-05,auto,748
33588,S,2024-09-18,health,1232
33589,W,2024-08-24,health,648
33590,W,2024-03-12,health,676
33591,E,2024-03-12,home,673
33592,S,2024-05-08,health,687
33593,N,2024-05-08,health,USD 834
33594,N,2024-07-16,travel,509
33595,E,2024-02-20,home,592
33596,E,2024-04-13,health,504
33597,S,2024-02-06,home,818
33598,W,2024-04-22,auto,611
33599,N,2024-10-08,home,870
33600,W,2024-02-14,auto,834
33601,N,2024-03-27,health,494
33602,S,2024-02-03,home,718
33603,W,2024-10-09,auto,808
33604,N,2024-10-31,home,596
33605,E,2024-01-19,travel,536
33606,N,2024-10-09,travel,811
33607,N,2024-06-27,health,431
33608,E,2024-01-22,auto,624
33609,E,2024-06-24,auto,982
33610,S,2024-10-29,auto,628
33613,E,2024-09-05,travel,857
33614,N,2024-01-29,health,632
33615,W,2024-11-26,health,703
33616,N,2024-07-03,travel,480
33617,S,2024-08-17,travel,721
33618,N,2024-05-02,home,1006
33619,N,2024-02-07,health,803
33620,S,2024-04-20,home,829
33621,S,2024-04-15,home,685
33622,N,2024-03-08,home,634
33623,E,2024-02-29,travel,494
33624,E,2024-11-21,health,685
33626,E,2024-01-28,health,858
33627,S,2024-07-21,health,USD 960
33628,E,2024-01-23,travel,994
33629,S,2024-04-04,home,479
33630,W,2024-01-12,auto,778
33631,S,2024-04-08,auto,721
33632,N,2024-06-23,travel,781
33634,W,2024-04-02,home,714
33635,W,2024-02-03,travel,525
33636,N,2024-02-29,auto,534
33637,N,2024-05-25,health,810
33638,N,2024-04-23,health,748
33639,W,2024-06-05,auto,768
33640,N,2024-02-21,health,943
33641,N,2024-02-15,travel,772
33642,N,2024-04-27,travel,717
33643,E,2024-08-31,health,569
33644,N,2024-01-29,home,927
33645,N,2024-01-06,travel,570
33646,N,2024-11-14,health,597
33647,W,2024-03-16,health,USD 704
33648,S,2024-02-13,home,643
33649,E,2024-02-28,travel,644
33650,E,2024-04-18,health,733
33651,W,2024-04-10,health,1157
33652,S,2024-11-12,home,477
33653,E,2024-05-08,auto,496
33654,N,2024-08-09,auto,482
33655,S,2024-11-25,travel,937
33656,S,2024-06-01,travel,505
33657,E,2024-05-14,health,1139
33658,E,2024-09-12,health,596
33659,W,2024-03-27,auto,723
33660,E,2024-04-29,health,701
33661,E,2024-01-31,home,$750
33662,W,2024-04-25,travel,563
33663,W,2024-09-18,health,502
33664,N,2024-04-08,auto,1126
33665,N,2024-11-21,health,648
33666,N,2024-09-15,auto,543
33667,E,2024-07-11,health,601
33668,W,2024-11-08,health,980
33669,N,2024-04-27,home,929
33670,S,2024-01-21,travel,USD 672
33671,W,2024-06-07,home,848
33672,W,2024-02-07,home,703
33673,E,2024-02-08,health,824
33674,S,2024-04-19,travel,881
33675,E,2024-11-14,travel,949
33676,S,2024-09-10,auto,616
33677,W,2024-01-12,auto,$684
33678,W,2024-03-28,auto,684
33679,N,2024-06-05,health,869
33680,W,2024-03-04,auto,739
33681,E,2024-06-22,home,614
33682,N,2024-08-21,health,407
33683,W,2024-11-05,home,992
33684,N,2024-07-04,health,709
33685,S,2024-06-28,auto,681
33686,E,2024-03-23,health,576
33687,S,2024-07-06,home,409
33688,S,2024-11-19,home,480
33689,W,2024-07-02,travel,773
33690,N,2024-04-02,auto,557
33691,E,2024-05-29,home,679
33692,S,2024-05-28,home,905
33694,N,2024-02-13,travel,888
33695,E,2024-11-07,auto,729
33696,W,2024-03-17,travel,596
33697,S,2024-11-20,travel,1107
33698,E,2024-09-18,home,855
33699,S,2024-04-07,home,$559
33700,W,2024-09-23,home,687
33701,S,2024-01-30,health,535
33702,W,2024-03-23,travel,743
33703,W,2024-03-14,auto,569
33704,E,2024-07-20,home,631
33705,N,2024-09-23,home,544
33706,W,2024-05-26,health,760
33707,W,2024-02-24,health,610
33708,N,2024-08-13,travel,USD 885
33709,N,2024-02-26,health,690
33710,S,2024-11-12,auto,777
33711,E,2024-08-26,health,703
33712,W,2024-05-08,travel,740
33713,N,2024-03-23,travel,$882
33714,S,2024-10-03,travel,557
33715,W,2024-08-07,auto,615
33716,E,2024-09-15,travel,495
33717,N,2024-11-09,auto,490
33718,N,2024-08-12,auto,607
33719,E,2024-11-06,home,1010
33720,W,2024-08-05,health,724
33721,E,2024-10-01,travel,675
33722,N,2024-02-11,health,739
33723,S,2024-02-14,travel,593
33724,E,2024-02-02,travel,$477
33725,E,2024-03-25,auto,663
33726,W,2024-09-03,home,$806
33727,W,2024-01-14,travel,443
33728,W,2024-11-19,health,411
33729,N,2024-04-22,auto,599
33730,E,2024-11-22,health,826
33731,E,2024-07-10,health,658
33732,W,2024-09-29,health,587
33733,N,2024-04-15,health,627
33734,N,2024-11-09,travel,547
33735,W,2024-09-27,travel,886
33736,N,2024-09-20,auto,770
33737,W,2024-07-12,health,626
33738,N,2024-04-27,travel,USD 779
33739,S,2024-11-13,health,722
33740,N,2024-06-10,health,834
33741,W,2024-10-20,health,499
33742,S,2024-02-25,home,887
33743,N,2024-08-01,travel,858
33745,E,2024-01-31,health,645
33746,E,2024-06-18,home,537
33747,W,2024-04-04,health,878
33748,S,2024-04-11,auto,850
33749,N,2024-05-09,auto,612
33750,W,2024-07-25,travel,525
33751,S,2024-09-05,home,1023
33752,E,2024-10-02,home,392
33753,W,2024-02-17,travel,504
33755,W,2024-10-19,travel,406
33756,E,2024-11-16,auto,646
33757,E,2024-05-04,home,767
33758,N,2024-02-15,travel,560
33759,N,2024-09-21,health,638
33760,N,2024-01-16,home,588
33761,N,2024-02-14,health,$752
33762,W,2024-02-14,health,613
33763,E,2024-11-22,health,771
33764,W,2024-05-03,auto,572
33765,N,2024-05-11,travel,539
33766,W,2024-01-25,travel,637
33767,W,2024-08-03,auto,514
33768,W,2024-08-21,auto,679
33769,S,2024-02-01,home,629
33770,E,2024-08-17,home,675
33771,E,2024-11-09,home,588
33772,S,2024-03-22,home,$666
33773,N,2024-02-06,auto,1058
33774,S,2024-02-26,travel,463
33775,N,2024-11-22,auto,645
33776,S,2024-08-08,auto,715
33778,N,2024-05-24,auto,737
33779,W,2024-04-18,home,930
33780,N,2024-01-05,travel,517
33781,S,2024-02-11,auto,712
33782,E,2024-08-20,travel,473
33783,E,2024-02-29,health,612
33784,N,2024-11-03,health,647
33785,N,2024-05-02,health,484
33786,S,2024-08-07,travel,507
33787,W,2024-04-12,health,575
33788,N,2024-02-12,home,425
33789,W,2024-11-04,home,841
33790,E,2024-02-24,auto,680
33791,W,2024-01-12,auto,$673
33792,W,2024-02-23,health,"$1,128"
33793,E,2024-06-17,health,724
33794,N,2024-08-07,travel,570
33795,N,2024-05-06,health,437
33796,W,2024-06-15,health,$617
33797,W,2024-02-10,health,USD 518
33798,N,2024-02-07,auto,546
33799,W,2024-11-10,health,590
33800,E,2024-10-03,health,595
33801,N,2024-02-20,home,658
33802,W,2024-03-17,health,587
33803,S,2024-05-14,travel,613
33804,S,2024-05-15,home,842
33805,W,2024-01-23,travel,695
33806,S,2024-04-14,travel,751
33807,W,2024-06-17,home,644
33808,N,2024-01-21,home,709
33809,W,2024-05-15,auto,"$1,018"
33810,N,2024-03-19,travel,586
33811,W,2024-01-29,auto,652
33812,W,2024-03-10,travel,765
33813,E,2024-09-19,auto,504
33814,N,2024-05-28,auto,762
33815,N,2024-01-16,home,$651
33816,W,2024-10-04,home,742
33817,N,2024-10-31,travel,544
33818,N,2024-11-20,home,660
33819,E,2024-05-04,travel,$711
33820,E,2024-06-20,auto,729
33821,W,2024-07-06,auto,540
33822,E,2024-05-26,travel,544
33823,N,2024-02-18,auto,677
33824,N,2024-05-11,health,591
33825,W,2024-07-12,health,746
33826,W,2024-01-06,home,657
33827,S,2024-06-11,home,723
33828,W,2024-03-07,health,517
33829,W,2024-10-28,home,703
33830,N,2024-06-03,home,582
33831,N,2024-07-30,home,804
33832,S,2024-03-18,health,688
33833,S,2024-06-30,travel,532
33834,N,2024-08-15,health,1012
33835,W,2024-11-06,auto,913
33836,S,2024-02-26,home,818
33837,E,2024-07-30,auto,670
33838,W,2024-11-21,auto,587
33839,E,2024-05-17,home,487
33840,N,2024-11-14,travel,675
33841,N,2024-09-20,health,536
33843,S,2024-01-02,auto,742
33844,S,2024-02-04,health,436
33845,E,2024-01-03,health,522
33846,E,2024-06-04,home,527
33848,W,2024-06-26,auto,788
33849,N,2024-05-13,health,696
33850,N,2024-01-17,travel,638
33851,E,2024-01-18,travel,450
33852,W,2024-08-26,travel,696
33853,S,2024-02-15,health,767
33854,S,2024-04-09,auto,792
33855,E,2024-04-13,health,USD 481
33856,N,2024-07-27,auto,459
33857,S,2024-05-03,health,503
33858,W,2024-08-22,travel,618
33859,N,2024-04-05,health,648
33860,E,2024-09-06,health,917
33861,N,2024-04-07,home,831
33862,N,2024-03-30,travel,738
33863,W,2024-11-01,home,565
33864,W,2024-02-03,travel,USD 736
33865,N,2024-02-01,home,478
33866,S,2024-06-14,health,530
33867,N,2024-02-25,travel,644
33868,W,2024-03-04,home,613
33869,W,2024-11-24,home,387
33870,W,2024-05-22,health,529
33871,E,2024-11-24,auto,471
33872,N,2024-01-21,auto,735
33873,S,2024-03-11,travel,637
33874,E,2024-07-17,health,408
33875,E,2024-05-08,home,633
33876,N,2024-03-29,health,630
33877,E,2024-01-02,travel,498
33878,W,2024-01-25,home,798
33879,N,2024-04-27,auto,1088
33880,W,2024-10-16,travel,510
33881,N,2024-07-24,auto,845
33882,N,2024-05-21,home,943
33883,S,2024-10-28,health,397
33884,S,2024-01-18,home,626
33885,S,2024-07-15,travel,500
33886,E,2024-06-22,auto,733
33887,E,2024-02-29,auto,842
33888,E,2024-10-18,home,580
33889,W,2024-05-21,health,471
33890,S,2024-03-11,travel,367
33891,S,2024-06-16,health,953
33892,E,2024-04-01,home,869
33894,E,2024-06-26,health,706
33895,N,2024-09-22,health,985
33897,N,2024-10-06,auto,712
33898,S,2024-04-17,travel,857
33899,W,2024-06-13,home,615
33900,S,2024-04-14,home,770
33901,N,2024-03-10,health,840
33902,W,2024-06-30,auto,"$1,159"
33903,E,2024-08-06,travel,742
33904,W,2024-05-12,auto,638
33905,S,2024-04-14,home,533
33906,S,2024-04-16,health,905
33907,E,2024-11-26,home,489
33908,E,2024-05-10,auto,759
33909,W,2024-05-26,auto,684
33910,N,2024-10-24,auto,686
33911,W,2024-10-12,health,$800
33912,E,2024-10-14,health,532
33913,W,2024-06-18,auto,883
33914,N,2024-08-09,travel,554
33915,N,2024-03-23,travel,585
33916,S,2024-06-27,auto,647
33917,E,2024-01-30,health,555
33918,S,2024-02-26,auto,761
33919,N,2024-09-16,travel,371
33920,W,2024-03-26,health,530
33921,E,2024-05-03,travel,591
33922,E,2024-01-26,travel,836
33923,W,2024-09-03,travel,576
33924,E,2024-01-08,auto,552
33925,N,2024-03-09,home,736
33926,S,2024-03-07,health,501
33927,N,2024-01-15,home,547
33928,E,2024-11-16,health,896
33929,E,2024-01-25,travel,716
33930,E,2024-06-16,home,806
33931,W,2024-03-17,travel,570
33932,W,2024-05-03,health,1221
33933,E,2024-02-03,health,793
33934,N,2024-01-28,auto,682
33935,N,2024-06-15,auto,769
33936,N,2024-08-03,travel,492
33937,E,2024-01-17,health,637
33938,E,2024-02-25,health,637
33939,N,2024-08-18,health,691
33940,N,2024-04-29,health,493
33941,W,2024-04-17,travel,766
33942,S,2024-02-18,health,606
33943,S,2024-04-04,health,1032
33944,S,2024-03-07,health,615
33946,N,2024-06-24,travel,787
33947,S,2024-05-08,auto,563
33948,W,2024-01-04,home,465
33949,S,2024-08-15,home,731
33950,W,2024-04-17,auto,681
33951,W,2024-06-25,auto,549
33952,W,2024-04-13,health,USD 885
33953,W,2024-02-05,travel,465
33954,S,2024-02-21,travel,774
33955,W,2024-11-18,health,596
33956,E,2024-02-16,travel,628
33957,N,2024-05-13,auto,908
33958,S,2024-02-01,home,1131
33959,E,2024-10-14,travel,789
33960,W,2024-08-26,travel,698
33961,E,2024-05-01,home,1139
33962,S,2024-10-20,health,533
33963,E,2024-05-27,health,914
33964,W,2024-03-27,home,441
33965,W,2024-03-05,health,1083
33966,N,2024-01-25,home,749
33967,S,2024-04-03,travel,603
33968,E,2024-09-24,auto,732
33969,S,2024-04-20,auto,826
33970,N,2024-05-08,travel,$527
33971,N,2024-07-07,travel,1042
33972,N,2024-10-03,home,598
33973,N,2024-10-04,health,719
33974,N,2024-04-24,health,697
33975,N,2024-08-20,travel,USD 513
33976,N,2024-04-29,health,496
33977,S,2024-06-10,travel,624
33978,S,2024-07-20,health,$354
33979,S,2024-03-11,health,491
33980,N,2024-03-03,auto,576
33981,S,2024-01-24,health,749
33982,E,2024-01-28,home,857
33983,S,2024-04-01,travel,770
33984,W,2024-11-13,auto,796
33985,E,2024-11-07,health,609
33986,S,2024-07-15,auto,392
33987,E,2024-05-18,health,730
33988,N,2024-10-22,auto,632
33989,E,2024-03-24,auto,754
33990,N,2024-04-17,travel,1017
33991,E,2024-06-25,travel,759
33992,N,2024-01-05,home,548
33993,N,2024-04-01,health,537
33994,E,2024-06-01,home,796
33995,E,2024-02-08,travel,641
33996,S,2024-07-08,travel,653
33997,W,2024-07-08,travel,$959
33998,N,2024-11-07,travel,575
33999,N,2024-01-22,health,495
34000,W,2024-10-12,home,985
