employee_id,department,hire_date,level,last_promo_date,salary,status
1,Ops,2024-07-19,3,,71825,active
2,Engineering,2024-12-03,2,,89159,active
3,Marketing,2024-09-19,2,,61270,active
4,Marketing,2024-01-07,1,,46664,active
5,Marketing,2024-08-16,1,,94980,active
6,Marketing,2024-10-04,2,2024-05-18,50252,active
7,Support,2024-01-15,1,,55795,active
8,Engineering,2024-08-09,1,,87745,active
9,Support,2024-02-09,1,,49024,active
10,Marketing,2024-11-08,2,2024-06-13,90894,active
11,Ops,2024-04-19,2,2024-04-28,98854,active
12,Support,2024-05-12,2,,75336,active
13,Sales,2024-04-29,1,2024-03-30,85704,active
14,Marketing,2024-09-29,1,2024-02-24,88501,active
15,Support,2024-01-14,1,,43369,left
16,Sales,2024-10-28,2,,76185,active
17,Sales,2024-08-12,3,,76287,active
18,Sales,2024-07-13,1,2024-12-20,56638,active
19,Engineering,2024-07-15,2,2024-05-13,106462,active
20,Sales,2024-03-18,2,,45097,active
21,Support,2024-05-28,1,,62007,active
22,Marketing,2024-03-19,3,2024-06-10,94249,active
23,Sales,2024-06-16,1,,45623,active
24,Engineering,2024-03-24,3,2024-01-31,76238,active
25,Marketing,2024-01-27,1,,83625,active
26,Marketing,2024-06-18,3,2024-12-03,87844,active
27,Ops,2024-02-26,3,2024-05-09,52597,active
28,Support,2024-12-17,2,,87591,active
29,Ops,2024-10-12,2,,92486,active
30,Ops,2024-07-19,2,,47107,active
31,Ops,2024-06-12,3,,97413,active
32,Ops,2024-07-30,2,,61569,active
33,Marketing,2024-06-18,2,,88730,active
34,Engineering,2024-07-12,3,,64463,active
35,Engineering,2024-01-02,3,,80771,active
36,Engineering,2024-12-11,3,,66564,active
37,Ops,2024-05-02,3,,76981,left
38,Ops,2024-10-16,3,,92891,active
39,Ops,2024-01-19,2,,83404,active
40,Ops,2024-03-04,1,,51832,left
41,Ops,2024-12-04,1,2024-02-05,48620,active
42,Engineering,2024-04-29,2,,104018,active
43,Ops,2024-06-26,2,,76716,active
44,Support,2024-08-25,3,,99187,active
45,Sales,2024-05-01,3,2024-09-24,96897,active
46,Marketing,2024-09-26,3,,59868,active
47,Marketing,2024-05-23,2,2024-04-03,42486,active
48,Marketing,2024-09-24,3,,52074,active
49,Sales,2024-08-16,2,2024-09-15,73581,active
50,Ops,2024-07-14,3,,81258,left
51,Engineering,2024-03-07,1,,115789,active
52,Sales,2024-03-17,3,,60279,active
53,Sales,2024-09-16,3,,87822,active
54,Ops,2024-12-12,1,,67255,active
55,Engineering,2024-08-11,3,,105554,active
56,Marketing,2024-04-09,1,,62115,active
57,Sales,2024-10-05,2,2024-05-04,88670,active
58,Sales,2024-01-26,3,,45296,active
59,Marketing,2024-06-14,1,,70878,active
60,Ops,2024-08-21,2,,86699,active
61,Engineering,2024-05-27,3,,92438,active
62,Marketing,2024-01-27,3,,58345,active
63,Ops,2024-08-18,2,,47093,active
64,Ops,2024-11-29,2,,67534,active
65,Sales,2024-08-29,1,,44905,active
66,Engineering,2024-12-22,1,,72107,left
67,Marketing,2024-08-24,3,,77228,active
68,Sales,2024-11-02,3,,87335,active
69,Sales,2024-03-11,3,,76428,active
70,Sales,2024-09-15,2,,64650,active
71,Sales,2024-06-11,2,2024-06-24,60786,active
72,Sales,2024-07-24,1,,41402,left
73,Engineering,2024-04-10,3,,103337,active
74,Ops,2024-07-11,3,,85590,active
75,Sales,2024-07-25,2,2024-08-06,65762,left
76,Engineering,2024-09-29,1,,84338,active
77,Support,2024-02-18,2,,40528,active
78,Ops,2024-04-01,2,,66147,active
79,Marketing,2024-07-25,1,2024-09-04,63054,active
80,Marketing,2024-07-19,1,,43869,active
81,Ops,2024-04-24,3,2024-12-08,40118,left
82,Support,2024-10-05,3,2024-02-11,59068,active
83,Sales,2024-05-18,1,,64124,active
84,Ops,2024-01-24,3,,85655,active
85,Ops,2024-05-07,2,,63578,active
86,Sales,2024-08-14,2,,56913,active
87,Engineering,2024-08-03,2,2024-09-29,110197,active
88,Support,2024-08-11,1,,86279,active
89,Marketing,2024-02-21,2,,69914,active
90,Sales,2024-03-11,1,,50757,active
91,Engineering,2024-07-29,1,,64278,left
92,Support,2024-07-14,2,,80109,left
93,Engineering,2024-06-17,1,,115039,active
94,Engineering,2024-07-18,2,2024-06-19,95308,active
95,Engineering,2024-08-20,2,,79666,active
96,Support,2024-01-28,3,,71784,active
97,Sales,2024-07-03,2,,73793,active
98,Engineering,2024-11-07,3,2024-01-13,98315,active
99,Engineering,2024-01-05,2,2024-03-21,75037,active
100,Marketing,2024-07-05,1,2024-08-26,85108,active
101,Engineering,2024-01-03,2,,91555,active
102,Marketing,2024-11-07,1,,51341,active
103,Engineering,2024-06-13,2,,93925,active
104,Sales,2024-05-12,1,,93104,active
105,Marketing,2024-05-17,3,2024-01-04,81515,active
106,Marketing,2024-04-06,2,2024-05-11,96491,active
107,Ops,2024-04-02,1,,85022,active
108,Support,2024-11-10,1,2024-11-15,78224,active
109,Engineering,2024-12-26,1,,64118,active
110,Sales,2024-11-07,2,,75122,active
111,Support,2024-12-24,2,,76658,active
112,Engineering,2024-11-03,3,,89865,active
113,Sales,2024-08-24,1,2024-09-21,85164,active
114,Sales,2024-11-29,2,,65992,active
115,Engineering,2024-03-14,3,,89407,active
116,Marketing,2024-12-01,2,,44083,active
117,Marketing,2024-03-10,2,,93303,active
118,Sales,2024-12-28,1,2024-03-02,44969,active
119,Engineering,2024-11-16,3,,91551,active
120,Sales,2024-01-11,3,2024-02-03,50671,active
121,Engineering,2024-02-18,1,,117750,active
122,Sales,2024-01-13,1,,90019,active
123,Support,2024-12-06,2,,74037,active
124,Sales,2024-07-04,1,2024-05-22,50787,active
125,Sales,2024-08-30,2,,60912,active
126,Ops,2024-06-28,3,2024-11-05,88335,active
127,Support,2024-10-30,3,2024-10-13,59673,active
128,Sales,2024-04-16,2,,67608,active
129,Marketing,2024-02-20,1,,55012,active
130,Sales,2024-10-22,1,2024-06-03,89355,active
131,Engineering,2024-10-23,1,2024-05-29,82332,active
132,Engineering,2024-03-02,2,2024-08-19,63995,active
133,Sales,2024-07-19,2,,56569,left
134,Ops,2024-01-13,2,,46231,active
135,Marketing,2024-03-12,2,2024-06-24,67433,active
136,Sales,2024-07-18,2,,64240,active
137,Marketing,2024-07-01,1,,68588,active
138,Marketing,2024-04-11,3,,91622,active
139,Support,2024-11-15,3,2024-10-03,83070,active
140,Support,2024-04-24,1,2024-08-27,96518,left
141,Ops,2024-09-09,1,,59294,active
142,Marketing,2024-03-11,2,,79954,active
143,Marketing,2024-05-31,2,2024-07-10,59991,active
144,Ops,2024-05-03,3,,90426,active
145,Ops,2024-05-08,1,,77368,active
146,Ops,2024-08-29,3,2024-04-13,82784,active
147,Ops,2024-12-03,2,2024-06-06,75640,active
148,Support,2024-05-25,1,,43318,active
149,Support,2024-11-16,1,2024-10-04,50075,active
150,Marketing,2024-11-04,3,2024-10-07,45379,active
151,Engineering,2024-03-08,1,,77678,active
152,Ops,2024-02-08,2,,54785,active
153,Ops,2024-02-26,1,2024-06-07,70125,active
154,Ops,2024-07-19,1,,68713,left
155,Engineering,2024-11-15,2,,115328,active
156,Engineering,2024-06-25,2,2024-02-10,98341,active
157,Ops,2024-02-15,1,2024-04-03,50740,left
158,Engineering,2024-01-03,3,,104750,active
159,Support,2024-06-10,1,,89425,active
160,Sales,2024-09-05,3,,55578,active
161,Engineering,2024-12-13,3,,110373,active
162,Sales,2024-11-08,3,,87898,active
163,Support,2024-02-01,2,2024-09-22,44410,active
164,Engineering,2024-05-10,2,,82948,active
165,Marketing,2024-07-24,3,,52206,active
166,Support,2024-06-03,2,2024-08-12,60208,active
167,Marketing,2024-09-09,2,,92030,active
168,Marketing,2024-06-06,1,2024-12-15,53354,active
169,Marketing,2024-06-29,3,,80100,active
170,Engineering,2024-07-30,2,2024-07-02,79023,left
171,Marketing,2024-02-01,3,,51156,active
172,Ops,2024-02-11,2,2024-04-16,65179,active
173,Engineering,2024-04-13,2,2024-10-21,62223,active
174,Support,2024-12-25,2,2024-07-29,45698,active
175,Marketing,2024-09-17,2,,99899,active
176,Sales,2024-04-21,1,,53632,active
177,Ops,2024-12-29,3,2024-05-31,95360,active
178,Sales,2024-08-03,1,,58713,active
179,Engineering,2024-09-08,2,2024-07-24,104609,active
180,Ops,2024-11-26,1,,69084,active
181,Support,2024-08-09,1,,78756,left
182,Sales,2024-07-27,2,2024-08-04,81393,active
183,Engineering,2024-05-12,3,2024-10-18,62964,active
184,Engineering,2024-11-16,2,,110817,active
185,Engineering,2024-12-27,1,2024-01-01,62620,active
186,Support,2024-04-30,1,,47125,active
187,Support,2024-09-27,1,2024-01-22,72252,active
188,Support,2024-03-12,1,2024-08-15,85900,active
189,Ops,2024-03-30,1,,69035,active
190,Marketing,2024-02-28,1,,63874,active
191,Engineering,2024-01-16,3,,94170,active
192,Marketing,2024-10-22,3,,57845,active
193,Ops,2024-01-26,1,,60337,active
194,Sales,2024-11-11,2,,41015,active
195,Sales,2024-10-05,3,2024-09-26,80562,active
196,Ops,2024-03-11,2,,92605,active
197,Marketing,2024-02-25,3,,52845,active
198,Ops,2024-02-10,3,,96068,active
199,Engineering,2024-03-23,2,2024-09-28,74288,active
200,Engineering,2024-07-02,1,,116998,active
201,Engineering,2024-05-02,1,,96112,active
202,Sales,2024-11-19,3,,46519,active
203,Engineering,2024-08-28,2,,69143,active
204,Sales,2024-02-19,3,,42449,active
205,Support,2024-11-26,3,,54693,active
206,Sales,2024-08-28,1,2024-09-20,89642,active
207,Engineering,2024-07-27,3,,109768,active
208,Sales,2024-10-22,3,,83445,active
209,Ops,2024-01-25,1,,84758,active
210,Support,2024-04-04,1,,46372,active
211,Engineering,2024-06-09,1,,89486,active
212,Support,2024-11-17,1,,41728,active
213,Support,2024-01-14,1,,41642,active
214,Support,2024-06-28,3,2024-07-14,56907,active
215,Support,2024-06-04,1,2024-11-19,76960,active
216,Ops,2024-01-13,2,,64720,active
217,Sales,2024-05-19,3,2024-11-21,78938,active
218,Support,2024-10-20,1,,55516,active
219,Sales,2024-06-22,1,,89507,active
220,Ops,2024-07-01,2,,60399,active
221,Engineering,2024-03-25,3,,109028,active
222,Support,2024-03-22,2,2024-09-24,47631,active
223,Engineering,2024-05-29,2,,70825,active
224,Sales,2024-05-23,3,2024-09-09,69334,active
225,Support,2024-12-16,2,,83536,left
226,Support,2024-02-28,3,,65342,active
227,Ops,2024-07-08,2,,41526,active
228,Sales,2024-05-04,3,,91701,active
229,Sales,2024-11-03,1,,42214,active
230,Marketing,2024-08-16,3,,63062,active
231,Support,2024-07-19,3,,72114,active
232,Marketing,2024-07-10,2,2024-12-20,93631,active
233,Ops,2024-02-24,1,2024-07-25,52388,active
234,Support,2024-06-03,2,,45976,active
235,Engineering,2024-09-22,1,2024-12-29,82408,active
236,Marketing,2024-08-28,1,2024-07-07,97065,active
237,Marketing,2024-03-09,3,2024-07-13,86815,left
238,Marketing,2024-09-16,1,2024-12-04,82053,active
239,Engineering,2024-07-03,2,2024-07-15,75179,active
240,Engineering,2024-08-15,2,,78492,active
241,Ops,2024-09-11,2,,93588,active
242,Ops,2024-11-08,3,,52229,active
243,Sales,2024-04-19,3,2024-06-20,91645,active
244,Ops,2024-05-20,2,2024-09-26,43756,left
245,Engineering,2024-07-17,2,2024-05-19,91999,active
246,Ops,2024-02-16,2,,62085,active
247,Sales,2024-12-28,2,,87546,left
248,Support,2024-12-10,2,,92220,active
249,Ops,2024-05-10,1,2024-08-06,50125,active
250,Ops,2024-06-12,1,,93292,active
251,Ops,2024-02-07,3,,94921,active
252,Engineering,2024-12-18,2,,77822,active
253,Engineering,2024-03-14,1,2024-02-13,103740,active
254,Ops,2024-05-27,1,,43443,active
255,Engineering,2024-05-28,3,,83694,active
256,Marketing,2024-11-23,3,2024-01-21,75516,active
257,Engineering,2024-08-10,2,,73626,active
258,Support,2024-02-21,1,2024-10-10,51296,left
259,Engineering,2024-06-30,3,,117726,active
260,Ops,2024-10-15,2,,79707,active
261,Support,2024-03-05,2,,79099,active
262,Engineering,2024-01-14,3,2024-07-11,96358,active
263,Engineering,2024-12-22,3,2024-07-04,78148,active
264,Engineering,2024-03-04,1,,107780,left
265,Ops,2024-03-09,1,2024-04-08,61434,active
266,Ops,2024-03-03,1,,82943,active
267,Marketing,2024-10-03,2,,85327,active
268,Engineering,2024-11-22,1,,105184,active
269,Sales,2024-06-14,3,,90432,active
270,Ops,2024-03-22,1,,99536,active
271,Engineering,2024-02-29,1,,112158,active
272,Marketing,2024-01-26,2,2024-07-29,62176,active
273,Support,2024-02-25,1,,57271,active
274,Sales,2024-12-26,3,2024-12-20,69201,active
275,Support,2024-08-25,2,,52508,active
276,Marketing,2024-09-22,1,2024-04-06,72296,active
277,Marketing,2024-06-28,3,,85417,left
278,Engineering,2024-10-09,2,2024-12-25,93200,active
279,Support,2024-11-02,3,,61130,active
280,Support,2024-11-08,3,2024-11-16,47573,active
281,Engineering,2024-10-28,2,,96664,active
282,Support,2024-09-12,2,,63886,active
283,Engineering,2024-05-01,3,2024-03-31,117138,left
284,Support,2024-03-11,1,,92731,active
285,Support,2024-03-24,1,2024-04-15,62463,active
286,Support,2024-03-18,2,2024-01-17,80557,active
287,Sales,2024-11-25,2,,58375,active
288,Support,2024-08-14,2,,69781,active
289,Support,2024-07-23,2,2024-02-16,71280,active
290,Sales,2024-05-04,2,,59046,active
291,Marketing,2024-04-25,2,,43677,active
292,Ops,2024-02-05,1,2024-08-23,42389,active
293,Support,2024-10-12,1,,55756,active
294,Engineering,2024-08-21,2,,98350,active
295,Marketing,2024-07-28,1,2024-10-23,71899,active
296,Marketing,2024-05-06,2,,67813,active
297,Sales,2024-11-14,1,,79785,active
298,Engineering,2024-04-15,3,,101828,active
299,Support,2024-11-24,1,2024-12-28,65143,active
300,Marketing,2024-08-18,1,,73698,active
301,Ops,2024-06-20,1,,76688,active
302,Ops,2024-05-24,2,,61180,active
303,Support,2024-11-22,3,2024-02-26,45474,active
304,Ops,2024-05-28,1,2024-10-21,41296,active
305,Sales,2024-12-07,3,,90532,active
306,Ops,2024-09-02,3,,58180,active
307,Engineering,2024-10-18,1,2024-11-14,79664,active
308,Sales,2024-12-10,3,2024-07-20,54534,active
309,Engineering,2024-06-20,1,,86933,active
310,Ops,2024-11-23,2,2024-07-01,94663,active
311,Sales,2024-01-18,1,,76455,left
312,Ops,2024-08-30,2,2024-09-21,72519,active
313,Ops,2024-05-04,2,,68618,active
314,Ops,2024-06-17,3,,51756,active
315,Marketing,2024-03-27,2,2024-05-03,64014,active
316,Support,2024-04-29,1,,81513,active
317,Sales,2024-05-06,2,2024-12-23,48048,left
318,Support,2024-09-15,2,,91797,active
319,Engineering,2024-09-14,2,,62822,active
320,Sales,2024-05-04,2,,93538,active
321,Support,2024-02-08,3,,88371,active
322,Marketing,2024-03-01,3,,92057,left
323,Marketing,2024-05-23,3,,87850,left
324,Sales,2024-09-21,2,,62015,left
325,Marketing,2024-06-03,1,2024-04-20,68752,active
326,Marketing,2024-08-06,2,,46021,active
327,Ops,2024-04-15,3,,47878,active
328,Sales,2024-08-22,1,,52992,active
329,Support,2024-02-18,3,2024-04-13,55918,active
330,Sales,2024-09-06,3,,86143,left
331,Ops,2024-07-26,2,,63978,active
332,Support,2024-04-16,1,,72933,active
333,Sales,2024-10-22,1,,75030,active
334,Engineering,2024-08-27,3,,85334,active
335,Sales,2024-06-14,3,,71621,left
336,Engineering,2024-04-29,3,,101369,active
337,Ops,2024-03-03,1,2024-10-16,84406,active
338,Marketing,2024-07-16,3,2024-12-06,68716,active
339,Sales,2024-09-11,2,,45141,active
340,Marketing,2024-02-21,1,2024-09-27,81077,left
341,Ops,2024-05-21,3,,61126,active
342,Marketing,2024-03-01,3,,51797,active
343,Engineering,2024-09-12,3,2024-02-24,69041,active
344,Sales,2024-05-17,3,2024-08-01,53463,active
345,Sales,2024-09-03,3,2024-08-25,48644,left
346,Support,2024-10-11,3,,63126,left
347,Support,2024-02-12,2,2024-05-24,88719,active
348,Marketing,2024-09-03,1,,52682,active
349,Support,2024-09-09,3,2024-04-10,88622,left
350,Sales,2024-05-02,1,2024-10-04,91172,active
351,Ops,2024-05-13,1,,44419,active
352,Sales,2024-01-22,2,,80623,active
353,Sales,2024-08-17,2,,47107,active
354,Support,2024-06-16,1,2024-06-19,73746,active
355,Sales,2024-07-24,3,,88067,active
356,Marketing,2024-12-19,1,,57788,left
357,Ops,2024-04-08,2,,67165,active
358,Support,2024-03-04,1,,53544,active
359,Sales,2024-12-27,1,,68558,active
360,Marketing,2024-05-27,2,,56642,active
361,Support,2024-08-25,1,,82216,left
362,Engineering,2024-05-14,3,,80175,active
363,Marketing,2024-03-18,1,2024-08-15,48064,active
364,Support,2024-03-23,3,,89703,active
365,Ops,2024-07-08,2,2024-12-18,83375,active
366,Marketing,2024-02-13,1,2024-01-28,94921,active
367,Sales,2024-06-12,1,,98914,active
368,Sales,2024-09-27,1,2024-04-27,40158,active
369,Ops,2024-05-13,3,,85377,active
370,Marketing,2024-11-05,3,,76424,active
371,Support,2024-08-18,2,2024-01-10,96612,active
372,Marketing,2024-04-06,2,,66439,active
373,Marketing,2024-04-02,2,,76836,active
374,Sales,2024-10-09,1,,96989,active
375,Ops,2024-05-15,2,,49052,active
376,Sales,2024-12-27,1,,93281,active
377,Engineering,2024-10-10,3,2024-10-08,60224,active
378,Ops,2024-07-01,1,,64009,active
379,Engineering,2024-06-22,1,,109347,active
380,Marketing,2024-11-18,2,,92551,active
381,Ops,2024-07-16,3,,64878,active
382,Marketing,2024-09-29,2,,58002,active
383,Sales,2024-12-12,1,,54791,left
384,Ops,2024-12-05,1,,92401,left
385,Sales,2024-04-10,2,,47676,active
386,Marketing,2024-07-19,2,,40128,active
387,Ops,2024-09-11,1,,40100,active
388,Sales,2024-11-11,3,,90479,active
389,Ops,2024-11-08,3,,73650,active
390,Sales,2024-06-30,2,,58476,active
391,Sales,2024-11-26,1,,40630,active
392,Marketing,2024-03-11,2,,72228,active
393,Engineering,2024-05-12,2,,60509,active
394,Support,2024-03-12,2,,93110,left
395,Ops,2024-07-30,3,,70170,left
396,Support,2024-04-26,1,,63484,active
397,Engineering,2024-10-15,3,2024-03-06,77259,active
398,Marketing,2024-07-05,3,,57290,active
399,Marketing,2024-01-17,2,,64096,active
400,Marketing,2024-08-15,1,2024-02-21,99912,active
401,Ops,2024-02-28,1,2024-05-29,99086,active
402,Ops,2024-02-09,2,2024-05-08,60552,active
403,Support,2024-09-10,3,2024-01-14,91966,active
404,Ops,2024-07-18,1,,51962,active
405,Ops,2024-12-05,2,2024-06-28,97065,active
406,Support,2024-06-07,1,,86203,left
407,Sales,2024-04-29,2,,68385,active
408,Ops,2024-03-20,3,2024-02-14,56378,active
409,Marketing,2024-10-23,3,2024-03-10,40421,active
410,Marketing,2024-04-21,3,,86182,active
411,Support,2024-06-11,1,,60243,active
412,Engineering,2024-05-12,2,,93735,active
413,Ops,2024-05-29,1,2024-10-23,77335,active
414,Engineering,2024-08-09,1,,84415,active
415,Sales,2024-03-28,2,,63212,active
416,Marketing,2024-02-14,2,,43226,left
417,Sales,2024-10-17,1,2024-04-05,64817,active
418,Sales,2024-04-30,1,2024-12-09,63759,active
419,Sales,2024-05-17,2,,51301,active
420,Sales,2024-11-03,2,,79303,active
421,Sales,2024-11-20,1,,42853,active
422,Sales,2024-03-22,3,,66835,active
423,Engineering,2024-12-09,2,,60072,active
424,Support,2024-03-16,2,,55217,active
425,Engineering,2024-09-04,2,2024-02-15,87383,active
426,Ops,2024-11-02,3,,81177,active
427,Engineering,2024-11-21,1,,119733,active
428,Engineering,2024-04-19,2,,85001,active
429,Ops,2024-03-09,3,2024-02-28,56625,active
430,Support,2024-03-26,2,,41829,active
431,Marketing,2024-02-10,1,,63371,active
432,Support,2024-05-31,3,,86922,left
433,Marketing,2024-11-07,2,,97104,active
434,Marketing,2024-09-13,3,2024-04-03,95691,active
435,Engineering,2024-04-19,2,,103976,active
436,Sales,2024-07-02,1,,68804,active
437,Engineering,2024-06-09,2,,68234,active
438,Sales,2024-06-01,1,2024-08-28,98317,active
439,Marketing,2024-02-15,2,,86265,active
440,Support,2024-11-10,2,2024-02-18,98680,active
441,Ops,2024-04-21,1,2024-12-10,78453,active
442,Support,2024-10-19,3,,81458,active
443,Sales,2024-02-19,1,2024-04-18,82693,active
444,Engineering,2024-11-02,3,,64567,left
445,Ops,2024-08-22,1,2024-03-06,80923,active
446,Support,2024-02-26,1,2024-02-07,83707,left
447,Ops,2024-07-22,3,,48688,left
448,Support,2024-05-13,1,2024-10-26,68007,active
449,Marketing,2024-07-11,1,2024-09-21,66979,active
450,Marketing,2024-03-02,3,,82383,active
451,Ops,2024-05-17,3,2024-06-07,68942,active
452,Ops,2024-01-15,3,,48213,active
453,Ops,2024-02-14,3,,63662,active
454,Marketing,2024-11-04,3,,92425,active
455,Marketing,2024-05-12,2,,55708,active
456,Ops,2024-01-08,2,2024-07-25,69930,active
457,Marketing,2024-04-25,3,,87893,active
458,Engineering,2024-09-26,1,2024-10-12,81222,active
459,Ops,2024-02-09,1,,55279,active
460,Engineering,2024-05-11,2,2024-05-07,117807,active
461,Marketing,2024-10-10,1,2024-01-12,63712,active
462,Marketing,2024-09-07,1,2024-04-30,53719,active
463,Support,2024-03-05,2,,41172,active
464,Sales,2024-10-11,2,2024-09-04,92800,active
465,Sales,2024-05-14,3,,95678,active
466,Engineering,2024-07-11,3,,65205,active
467,Engineering,2024-01-28,3,2024-01-09,92160,active
468,Support,2024-03-29,1,,71846,active
469,Ops,2024-02-07,2,,85749,left
470,Engineering,2024-09-12,3,,105502,left
471,Sales,2024-03-29,3,2024-11-13,97675,active
472,Ops,2024-09-08,3,,43427,active
473,Marketing,2024-01-07,3,2024-12-11,54375,active
474,Support,2024-08-22,2,,87528,active
475,Sales,2024-10-02,3,,68469,active
476,Engineering,2024-01-02,1,,103923,active
477,Engineering,2024-09-11,1,2024-01-19,90620,active
478,Engineering,2024-01-20,2,,91531,active
479,Marketing,2024-09-27,1,,89088,left
480,Ops,2024-12-05,1,,67835,active
481,Ops,2024-08-08,2,,70402,active
482,Marketing,2024-04-18,1,2024-12-04,96545,left
483,Sales,2024-08-27,2,,87948,left
484,Support,2024-02-17,1,,81457,active
485,Marketing,2024-02-10,2,2024-02-28,96720,active
486,Engineering,2024-07-30,3,,71355,active
487,Marketing,2024-03-07,3,,88734,active
488,Support,2024-12-14,1,2024-11-25,43177,left
489,Sales,2024-03-17,2,,68651,active
490,Marketing,2024-04-09,2,,41250,active
491,Support,2024-01-26,2,,72916,active
492,Marketing,2024-08-27,2,,62967,active
493,Marketing,2024-10-19,2,2024-02-02,65135,active
494,Engineering,2024-05-27,2,,84016,active
495,Marketing,2024-05-29,2,2024-06-07,67246,left
496,Marketing,2024-12-04,1,,61945,active
497,Marketing,2024-01-11,2,2024-06-23,88210,active
498,Ops,2024-02-29,1,,69278,active
499,Sales,2024-03-22,1,,73254,active
500,Ops,2024-07-08,3,,40841,active
501,Engineering,2024-02-07,1,2024-01-02,80389,active
502,Marketing,2024-09-19,1,,68586,active
503,Marketing,2024-03-20,1,,71252,active
504,Support,2024-12-01,3,,49772,active
505,Support,2024-10-25,3,,62793,active
506,Support,2024-05-29,1,2024-09-21,87543,active
507,Support,2024-02-27,1,,81831,active
508,Ops,2024-11-28,3,,90641,left
509,Marketing,2024-05-21,3,,41536,active
510,Sales,2024-05-19,3,,86749,active
511,Marketing,2024-05-25,2,,89628,active
512,Ops,2024-03-08,1,,47644,active
513,Sales,2024-11-15,1,2024-06-12,66837,active
514,Ops,2024-03-20,3,2024-09-13,66049,active
515,Marketing,2024-12-30,1,,73545,active
516,Marketing,2024-08-27,1,2024-06-26,74344,active
517,Sales,2024-02-09,1,2024-04-30,43095,active
518,Marketing,2024-10-07,2,,43464,active
519,Support,2024-01-11,2,2024-07-27,72832,active
520,Ops,2024-05-28,3,,65499,active
521,Support,2024-02-17,2,2024-06-12,71230,active
522,Marketing,2024-08-09,2,,64508,active
523,Support,2024-04-24,2,,82233,active
524,Support,2024-12-03,1,2024-06-16,90669,active
525,Ops,2024-02-18,3,,59894,active
526,Support,2024-03-29,1,,99267,active
527,Sales,2024-03-25,3,,59395,active
528,Ops,2024-09-26,3,,44555,active
529,Engineering,2024-10-25,1,,82747,active
530,Engineering,2024-05-10,2,,117235,active
531,Engineering,2024-11-14,2,2024-09-17,69337,active
532,Marketing,2024-08-09,3,2024-06-28,45056,active
533,Marketing,2024-12-03,1,,63614,active
534,Engineering,2024-10-01,3,,72352,active
535,Support,2024-06-16,2,,41342,active
536,Engineering,2024-03-31,3,,89424,active
537,Support,2024-05-20,3,,54701,left
538,Engineering,2024-01-11,1,,74043,active
539,Engineering,2024-06-15,3,,60808,active
540,Marketing,2024-05-16,2,2024-04-28,47607,active
541,Support,2024-05-03,3,,75042,active
542,Sales,2024-06-27,2,,86648,active
543,Engineering,2024-08-29,1,,73507,active
544,Sales,2024-09-14,3,2024-11-21,93234,active
545,Marketing,2024-10-26,3,,63022,active
546,Engineering,2024-08-08,2,2024-06-05,73679,active
547,Marketing,2024-03-04,1,,44907,active
548,Support,2024-03-03,2,2024-02-19,87742,active
549,Support,2024-02-10,1,2024-05-09,73089,active
550,Ops,2024-02-03,3,2024-06-17,46449,active
551,Support,2024-06-30,1,,54359,active
552,Marketing,2024-05-19,1,,94426,left
553,Support,2024-06-26,2,,77922,active
554,Marketing,2024-04-20,2,2024-07-23,64855,active
555,Support,2024-05-27,1,2024-04-30,96754,active
556,Sales,2024-07-08,2,2024-05-19,67285,active
557,Ops,2024-06-11,3,2024-07-10,51717,active
558,Support,2024-06-07,1,,84997,active
559,Engineering,2024-03-23,1,2024-05-30,98262,active
560,Marketing,2024-02-27,1,,73606,active
561,Engineering,2024-08-07,1,,101870,active
562,Engineering,2024-01-03,2,,80479,active
563,Support,2024-02-29,3,,58506,active
564,Support,2024-03-30,3,2024-04-05,76820,active
565,Ops,2024-09-16,3,,56353,active
566,Sales,2024-09-29,2,,45844,active
567,Engineering,2024-12-04,2,,108711,active
568,Ops,2024-11-12,2,,64636,active
569,Support,2024-05-07,2,,55358,active
570,Ops,2024-10-29,1,,55654,active
571,Ops,2024-02-03,2,2024-02-10,77610,active
572,Ops,2024-08-13,1,,68482,active
573,Support,2024-05-09,2,,97520,active
574,Ops,2024-04-28,2,,62756,active
575,Engineering,2024-04-11,3,,92885,active
576,Ops,2024-11-24,2,,86026,active
577,Ops,2024-06-22,3,,44936,active
578,Support,2024-03-11,3,2024-01-24,81926,active
579,Ops,2024-07-14,3,2024-10-21,42893,active
580,Sales,2024-11-04,2,,99721,active
581,Sales,2024-11-05,1,,86398,active
582,Support,2024-11-01,3,,45602,left
583,Support,2024-12-21,2,2024-02-19,89112,active
584,Sales,2024-07-28,3,,54038,active
585,Engineering,2024-11-02,2,2024-03-13,73367,active
586,Marketing,2024-04-22,1,,47099,active
587,Sales,2024-07-02,3,,56829,active
588,Support,2024-12-09,1,2024-10-24,46736,left
589,Marketing,2024-02-14,1,,51976,active
590,Sales,2024-09-08,3,2024-03-15,89919,active
591,Sales,2024-03-05,3,,87194,active
592,Support,2024-07-07,3,,73148,active
593,Marketing,2024-09-20,3,,82082,active
594,Ops,2024-01-21,2,2024-03-04,50133,active
595,Sales,2024-02-19,2,,66468,active
596,Sales,2024-03-19,2,2024-10-04,71919,active
597,Support,2024-12-06,1,,89297,active
598,Support,2024-07-11,3,,87842,active
599,Ops,2024-06-05,3,,48614,active
600,Sales,2024-09-15,3,2024-05-02,94781,active
601,Sales,2024-03-22,1,2024-06-10,50098,active
602,Marketing,2024-10-13,1,,73924,active
603,Engineering,2024-10-10,2,,75348,active
604,Engineering,2024-08-03,1,,100195,active
605,Ops,2024-09-10,3,,60980,active
606,Support,2024-09-11,1,,65402,active
607,Marketing,2024-04-02,1,,82099,active
608,Support,2024-07-16,2,,42760,active
609,Support,2024-04-09,2,,48270,active
610,Engineering,2024-05-04,3,2024-11-15,66580,active
611,Sales,2024-04-23,1,2024-05-15,93556,active
612,Engineering,2024-12-24,1,,109432,active
613,Ops,2024-01-08,1,2024-07-20,63280,active
614,Marketing,2024-04-01,2,2024-07-16,97745,active
615,Marketing,2024-12-13,1,2024-01-07,83370,active
616,Engineering,2024-06-25,1,,60713,active
617,Marketing,2024-07-16,2,,96269,active
618,Engineering,2024-07-15,3,,100334,left
619,Support,2024-07-16,3,,73261,active
620,Ops,2024-01-13,3,,50380,active
621,Marketing,2024-06-27,2,,61672,active
622,Marketing,2024-10-16,2,2024-04-29,95921,active
623,Engineering,2024-07-25,1,2024-02-22,99866,active
624,Sales,2024-02-12,2,,70059,active
625,Marketing,2024-04-16,1,2024-04-13,55719,active
626,Sales,2024-09-15,2,,45689,active
627,Engineering,2024-06-20,2,2024-09-05,99706,active
628,Marketing,2024-12-29,1,,78707,active
629,Engineering,2024-02-28,2,,86247,active
630,Marketing,2024-06-12,1,,43399,active
631,Support,2024-08-07,2,,83172,active
632,Sales,2024-12-02,1,,41176,active
633,Support,2024-05-27,3,2024-06-19,42592,active
634,Engineering,2024-12-11,2,,113713,active
635,Engineering,2024-01-09,2,,95720,active
636,Ops,2024-06-27,1,,50131,active
637,Sales,2024-08-09,3,2024-10-19,56639,active
638,Engineering,2024-09-12,3,,65512,active
639,Ops,2024-08-24,3,,59870,active
640,Engineering,2024-05-13,3,,109241,active
641,Engineering,2024-01-21,1,2024-12-26,103156,active
642,Marketing,2024-11-06,2,2024-03-21,66531,active
643,Marketing,2024-01-12,3,2024-01-31,50721,active
644,Sales,2024-01-26,1,,47913,active
645,Ops,2024-06-16,2,,55758,active
646,Sales,2024-02-03,2,2024-03-01,91673,active
647,Sales,2024-03-04,1,2024-07-20,63995,active
648,Ops,2024-11-20,2,,78683,active
649,Sales,2024-04-10,3,,53084,active
650,Engineering,2024-05-17,2,,71304,left
651,Sales,2024-12-29,2,,60682,active
652,Support,2024-09-06,1,,56892,active
653,Marketing,2024-10-21,1,,63410,left
654,Engineering,2024-08-09,2,2024-10-01,102513,active
655,Support,2024-08-04,1,2024-10-15,66297,active
656,Engineering,2024-11-08,1,,76918,active
657,Engineering,2024-03-14,1,,106817,active
658,Engineering,2024-01-15,3,,69253,active
659,Marketing,2024-01-11,1,,41688,left
660,Ops,2024-09-17,3,,44316,active
661,Ops,2024-07-17,1,,57589,active
662,Engineering,2024-02-15,3,2024-01-12,110398,left
663,Marketing,2024-06-10,1,2024-01-06,93432,active
664,Support,2024-11-13,1,,71541,active
665,Ops,2024-12-20,3,,70028,active
666,Marketing,2024-04-27,1,,65327,active
667,Engineering,2024-03-08,2,2024-02-19,90943,active
668,Sales,2024-04-15,2,2024-05-20,75281,active
669,Sales,2024-08-20,2,2024-07-27,94924,active
670,Ops,2024-04-22,2,2024-04-23,55943,active
671,Marketing,2024-05-05,3,,41283,active
672,Marketing,2024-10-09,2,,87888,active
673,Support,2024-12-17,2,,92558,left
674,Marketing,2024-12-19,2,,78084,active
675,Ops,2024-03-16,1,,92498,active
676,Sales,2024-03-17,2,,64575,active
677,Ops,2024-04-18,1,2024-03-22,52525,active
678,Support,2024-01-07,2,,54987,active
679,Ops,2024-03-31,1,,77906,active
680,Ops,2024-12-27,3,,85725,active
681,Support,2024-04-21,1,,58465,active
682,Ops,2024-08-19,3,,53259,active
683,Ops,2024-06-13,2,,48337,active
684,Support,2024-01-17,2,,68739,active
685,Support,2024-11-29,2,,50587,active
686,Engineering,2024-05-30,3,2024-08-14,65039,active
687,Sales,2024-08-26,3,,75201,active
688,Support,2024-03-28,2,2024-09-22,89900,active
689,Support,2024-08-31,2,,90688,active
690,Support,2024-05-28,2,,70899,active
691,Engineering,2024-10-26,2,2024-04-23,100967,active
692,Ops,2024-10-30,3,,61211,active
693,Marketing,2024-07-11,3,,93508,active
694,Support,2024-05-13,1,2024-04-03,52553,active
695,Marketing,2024-04-06,1,2024-06-30,82883,active
696,Support,2024-10-28,1,,91367,active
697,Sales,2024-02-05,2,,49938,active
698,Marketing,2024-04-07,1,,64412,left
699,Engineering,2024-06-22,1,2024-07-07,75272,active
700,Ops,2024-06-07,3,,73991,active
701,Ops,2024-06-27,3,,70145,left
702,Marketing,2024-10-05,3,2024-09-15,99966,active
703,Sales,2024-04-28,3,2024-10-17,43958,active
704,Ops,2024-11-12,3,2024-05-18,50557,active
705,Engineering,2024-05-05,1,2024-08-26,81590,active
706,Support,2024-04-27,3,2024-07-31,62583,active
707,Support,2024-04-03,3,,76176,active
708,Engineering,2024-11-30,2,,105537,active
709,Ops,2024-04-18,2,2024-09-23,51298,active
710,Marketing,2024-06-12,1,,96242,active
711,Ops,2024-04-07,2,,44378,active
712,Support,2024-06-26,3,,68791,left
713,Sales,2024-03-13,1,,69873,active
714,Engineering,2024-08-03,2,,88563,active
715,Marketing,2024-06-04,2,2024-08-09,50526,active
716,Ops,2024-11-13,2,,86033,active
717,Marketing,2024-12-14,1,2024-06-05,96811,active
718,Marketing,2024-05-07,2,,60051,active
719,Sales,2024-06-28,1,,65346,active
720,Marketing,2024-06-04,3,,69698,active
721,Ops,2024-03-04,2,,92263,active
722,Support,2024-11-04,3,,83776,left
723,Engineering,2024-08-15,2,,87411,active
724,Engineering,2024-02-20,1,2024-01-16,103336,active
725,Support,2024-06-23,1,,94108,active
726,Support,2024-11-11,2,2024-11-04,75175,active
727,Sales,2024-02-01,2,2024-12-08,57222,active
728,Marketing,2024-04-07,2,,45543,active
729,Sales,2024-07-16,3,,78802,active
730,Sales,2024-02-12,1,,97518,active
731,Marketing,2024-03-04,1,,74240,active
732,Marketing,2024-01-13,1,,54045,active
733,Support,2024-09-13,3,,89973,active
734,Engineering,2024-11-10,3,,89847,active
735,Engineering,2024-12-15,2,,102759,active
736,Support,2024-07-05,2,,90629,active
737,Sales,2024-12-13,2,,90153,left
738,Ops,2024-10-08,1,,52519,active
739,Engineering,2024-08-09,3,,112080,active
740,Support,2024-06-12,3,,63487,active
741,Ops,2024-04-15,2,,47299,active
742,Support,2024-07-10,3,2024-05-28,82623,active
743,Support,2024-01-09,1,,92244,active
744,Ops,2024-12-17,2,2024-12-22,58622,active
745,Marketing,2024-03-12,3,2024-05-27,52951,active
746,Support,2024-06-05,1,2024-06-01,72521,active
747,Support,2024-05-01,2,2024-11-04,83567,active
748,Ops,2024-09-06,2,,81277,active
749,Engineering,2024-04-04,2,2024-06-13,84373,active
750,Support,2024-11-04,3,,80220,active
751,Marketing,2024-12-15,1,,96511,active
752,Marketing,2024-06-07,3,,74041,active
753,Marketing,2024-05-24,1,2024-11-18,75335,active
754,Support,2024-08-04,1,,59665,active
755,Ops,2024-03-12,2,,64583,active
756,Engineering,2024-06-13,1,,62114,active
757,Engineering,2024-06-06,1,2024-10-29,118661,active
758,Engineering,2024-03-13,3,2024-04-14,62411,active
759,Support,2024-10-23,3,2024-10-31,61909,active
760,Marketing,2024-11-28,2,2024-05-31,96183,active
761,Marketing,2024-11-06,2,,57375,active
762,Marketing,2024-01-11,2,,63692,active
763,Ops,2024-07-04,2,2024-09-20,80654,active
764,Marketing,2024-09-17,2,,86481,active
765,Sales,2024-05-21,3,,57787,active
766,Sales,2024-09-29,3,,48723,active
767,Marketing,2024-11-17,1,,43951,active
768,Marketing,2024-02-09,3,2024-08-08,87274,active
769,Ops,2024-02-13,1,,67675,active
770,Engineering,2024-11-07,1,2024-01-01,74590,active
771,Marketing,2024-06-26,3,2024-07-10,94828,active
772,Ops,2024-07-22,2,,65018,active
773,Engineering,2024-08-12,2,,99292,active
774,Support,2024-05-05,1,2024-07-19,61058,active
775,Ops,2024-10-09,1,,97989,active
776,Support,2024-07-04,2,,40960,active
777,Ops,2024-06-04,1,2024-07-06,93041,active
778,Sales,2024-11-27,3,,62364,active
779,Support,2024-03-16,3,2024-05-31,59547,active
780,Support,2024-02-02,2,,44143,active
781,Support,2024-03-21,2,,82911,active
782,Engineering,2024-12-25,3,,112013,active
783,Engineering,2024-01-23,2,2024-12-26,117059,active
784,Marketing,2024-10-17,3,,42535,active
785,Engineering,2024-07-27,3,2024-10-15,89551,active
786,Marketing,2024-08-13,3,2024-01-20,52377,active
787,Marketing,2024-12-01,3,2024-07-03,99171,active
788,Sales,2024-05-04,2,,82890,active
789,Support,2024-02-25,1,,41494,active
790,Engineering,2024-03-10,1,,118296,left
791,Sales,2024-06-13,1,2024-06-17,97438,active
792,Ops,2024-06-21,2,,86999,left
793,Marketing,2024-02-10,1,,77359,active
794,Support,2024-11-06,1,,64916,left
795,Marketing,2024-04-26,1,2024-08-15,98006,active
796,Engineering,2024-10-12,3,,110451,active
797,Support,2024-09-19,1,,47185,active
798,Sales,2024-10-10,2,2024-12-15,53626,active
799,Marketing,2024-07-03,3,2024-07-09,45196,active
800,Marketing,2024-09-16,3,,42880,active
801,Engineering,2024-08-22,3,,70966,left
802,Support,2024-05-21,3,,50342,active
803,Marketing,2024-10-27,2,2024-03-09,92169,active
804,Marketing,2024-09-04,3,,92851,active
805,Engineering,2024-06-26,2,,69487,active
806,Ops,2024-06-17,3,,95733,active
807,Support,2024-06-05,2,,62576,active
808,Marketing,2024-05-23,3,2024-08-04,89275,active
809,Sales,2024-05-12,2,2024-12-01,68390,active
810,Support,2024-09-25,3,2024-10-27,90840,active
811,Support,2024-07-05,3,,80349,active
812,Sales,2024-02-12,1,2024-09-28,86650,active
813,Marketing,2024-05-16,2,2024-04-21,84949,active
814,Support,2024-08-06,1,,87637,active
815,Marketing,2024-07-08,1,,64143,active
816,Marketing,2024-10-29,2,,73067,active
817,Sales,2024-09-05,1,,65998,active
818,Support,2024-07-21,2,2024-07-05,91471,active
819,Sales,2024-09-17,2,2024-04-24,75875,active
820,Marketing,2024-04-30,3,2024-09-12,68040,active
821,Marketing,2024-07-21,3,2024-10-10,62915,active
822,Sales,2024-10-10,2,,82761,active
823,Marketing,2024-05-28,1,,86921,active
824,Engineering,2024-01-30,1,2024-03-10,113886,active
825,Engineering,2024-03-11,2,2024-08-15,82750,active
826,Support,2024-11-15,1,,75584,active
827,Ops,2024-05-27,3,,45072,active
828,Support,2024-08-18,1,2024-03-29,51983,active
829,Engineering,2024-09-24,1,,76305,active
830,Engineering,2024-03-25,3,,99767,active
831,Marketing,2024-12-10,2,,84317,active
832,Marketing,2024-08-19,1,,45985,active
833,Marketing,2024-07-18,3,,41949,active
834,Engineering,2024-06-13,3,,87095,active
835,Support,2024-05-25,3,,93291,active
836,Engineering,2024-06-15,1,,66773,active
837,Support,2024-01-08,1,,72415,active
838,Sales,2024-10-03,3,2024-05-07,77605,active
839,Marketing,2024-06-05,1,2024-09-17,61019,active
840,Support,2024-07-22,2,,90074,active
841,Ops,2024-05-17,3,,75912,active
842,Engineering,2024-04-13,3,,88569,active
843,Marketing,2024-06-27,1,,63245,active
844,Support,2024-08-28,2,,59707,active
845,Ops,2024-10-15,1,,99455,left
846,Ops,2024-01-31,3,,77864,active
847,Ops,2024-04-29,2,2024-03-16,85119,active
848,Ops,2024-02-25,3,,40119,active
849,Marketing,2024-08-02,3,,65131,active
850,Ops,2024-04-08,1,,69743,active
851,Ops,2024-07-25,2,,83216,active
852,Engineering,2024-01-25,1,2024-11-22,101514,active
853,Ops,2024-11-06,3,,96059,active
854,Engineering,2024-05-08,3,,119230,active
855,Sales,2024-03-21,2,2024-11-04,76721,active
856,Support,2024-10-29,1,2024-04-13,46270,active
857,Marketing,2024-07-04,1,,41859,active
858,Sales,2024-09-07,3,,46317,active
859,Sales,2024-06-22,3,2024-12-22,55902,active
860,Marketing,2024-03-03,1,2024-08-28,60838,active
861,Support,2024-10-10,2,2024-09-11,46580,active
862,Engineering,2024-03-13,3,2024-10-15,107676,active
863,Support,2024-08-25,1,,55949,active
864,Support,2024-03-01,3,2024-04-11,57208,active
865,Engineering,2024-02-12,1,,65303,active
866,Ops,2024-10-13,3,2024-10-05,72925,active
867,Support,2024-03-20,3,2024-10-21,45777,left
868,Support,2024-08-11,2,2024-03-28,54369,active
869,Engineering,2024-05-23,2,2024-04-06,118335,active
870,Ops,2024-06-02,1,,94378,active
871,Marketing,2024-03-13,2,,79459,active
872,Support,2024-09-22,1,,95626,active
873,Marketing,2024-08-03,1,,91303,active
874,Support,2024-11-04,2,2024-01-23,41887,active
875,Marketing,2024-08-08,1,,94232,active
876,Engineering,2024-08-20,2,,99919,left
877,Sales,2024-08-10,2,2024-08-19,83051,active
878,Support,2024-02-27,1,,55826,left
879,Ops,2024-07-16,2,,65022,active
880,Marketing,2024-04-04,2,,40196,active
881,Sales,2024-11-24,3,,47022,active
882,Engineering,2024-06-10,1,2024-04-29,95970,active
883,Engineering,2024-09-03,1,,66881,active
884,Sales,2024-07-02,1,,78740,active
885,Sales,2024-02-25,1,,73391,active
886,Support,2024-09-03,2,,91859,active
887,Ops,2024-01-15,3,,64955,active
888,Marketing,2024-12-01,3,,54494,active
889,Marketing,2024-04-08,1,,95409,active
890,Sales,2024-12-18,1,,51483,active
891,Ops,2024-11-25,1,2024-11-19,96048,active
892,Engineering,2024-03-01,3,,119442,active
893,Engineering,2024-04-06,1,,71083,active
894,Engineering,2024-04-30,2,,96720,active
895,Ops,2024-02-13,2,2024-04-05,68494,active
896,Engineering,2024-09-08,2,,74083,active
897,Support,2024-04-08,2,2024-06-09,80088,active
898,Ops,2024-12-29,2,,86405,active
899,Marketing,2024-06-17,1,,70621,active
900,Engineering,2024-04-28,1,2024-09-01,88131,left
901,Ops,2024-11-18,3,,82052,active
902,Ops,2024-05-18,3,,66409,active
903,Ops,2024-10-21,3,,92761,active
904,Ops,2024-09-04,3,,63286,active
905,Support,2024-04-17,2,2024-05-13,64342,active
906,Sales,2024-09-14,2,,61827,left
907,Sales,2024-05-25,1,2024-10-22,81947,active
908,Ops,2024-10-08,1,,61657,active
909,Marketing,2024-07-06,1,,83334,active
910,Marketing,2024-01-15,1,,62560,active
911,Engineering,2024-02-03,3,,100826,active
912,Support,2024-09-02,3,2024-08-05,83291,active
913,Ops,2024-06-05,3,2024-04-13,46413,active
914,Sales,2024-10-04,2,2024-05-13,82854,active
915,Sales,2024-11-15,2,2024-06-05,80073,active
916,Marketing,2024-08-18,1,,69328,active
917,Ops,2024-09-17,1,,78960,active
918,Sales,2024-09-18,3,,51466,active
919,Sales,2024-10-14,3,,55126,active
920,Ops,2024-03-31,1,,64521,active
921,Sales,2024-05-27,1,2024-06-24,67357,active
922,Support,2024-04-07,2,,45627,active
923,Marketing,2024-04-21,2,,72791,active
924,Engineering,2024-06-04,1,2024-06-03,89673,active
925,Marketing,2024-07-21,2,,60669,active
926,Sales,2024-02-29,2,,85164,active
927,Marketing,2024-01-17,1,2024-09-04,43471,active
928,Support,2024-05-14,3,,87901,active
929,Marketing,2024-09-02,3,,72104,active
930,Sales,2024-01-27,1,,70474,active
931,Support,2024-09-15,2,,51505,active
932,Ops,2024-11-20,3,2024-09-20,96339,active
933,Support,2024-03-28,3,,47308,active
934,Sales,2024-09-16,3,2024-01-19,41028,active
935,Engineering,2024-04-27,3,2024-07-19,64791,active
936,Sales,2024-02-03,3,,94708,active
937,Marketing,2024-08-23,1,2024-09-07,87346,active
938,Sales,2024-12-03,3,,65040,active
939,Ops,2024-03-13,2,,92309,active
940,Support,2024-08-15,2,,68871,active
941,Support,2024-10-23,1,,77699,active
942,Sales,2024-05-13,3,,62578,active
943,Sales,2024-09-05,2,,43821,active
944,Sales,2024-08-23,1,,48534,active
945,Ops,2024-05-31,3,2024-10-19,59053,active
946,Engineering,2024-09-23,1,,97959,active
947,Ops,2024-10-19,2,,77573,active
948,Support,2024-05-08,1,2024-10-11,94686,active
949,Sales,2024-05-31,1,,93624,active
950,Marketing,2024-09-30,3,2024-09-25,67830,active
951,Sales,2024-09-20,1,,53970,active
952,Engineering,2024-12-20,1,,91944,active
953,Engineering,2024-03-04,3,,101853,left
954,Support,2024-02-07,2,,74573,active
955,Sales,2024-08-05,2,2024-01-11,94670,active
956,Support,2024-01-13,1,,99617,active
957,Support,2024-01-18,2,2024-01-10,62820,left
958,Engineering,2024-01-10,2,,62767,active
959,Sales,2024-12-18,1,2024-11-12,85270,active
960,Engineering,2024-04-08,3,,95489,active
961,Engineering,2024-11-02,3,2024-09-22,117958,active
962,Ops,2024-09-25,1,,52675,active
963,Sales,2024-06-14,1,2024-05-26,62248,active
964,Marketing,2024-10-11,1,2024-10-18,62068,active
965,Sales,2024-06-14,1,2024-10-27,50029,left
966,Engineering,2024-12-25,1,2024-01-06,107442,active
967,Engineering,2024-08-22,1,,117430,active
968,Support,2024-08-12,3,2024-02-12,63435,active
969,Support,2024-03-23,1,,92339,active
970,Sales,2024-03-27,2,2024-04-05,69897,active
971,Sales,2024-03-07,2,2024-05-29,67311,active
972,Engineering,2024-11-13,2,,105735,active
973,Marketing,2024-10-07,3,,60332,active
974,Engineering,2024-07-24,1,,107598,active
975,Engineering,2024-08-21,3,,74294,active
976,Marketing,2024-11-07,3,2024-03-31,76634,active
977,Support,2024-01-27,2,,69011,active
978,Ops,2024-11-26,1,2024-02-16,87612,active
979,Marketing,2024-06-24,3,,44534,active
980,Engineering,2024-10-27,1,,70224,active
981,Support,2024-01-25,2,2024-07-21,56603,active
982,Marketing,2024-06-27,2,,48856,active
983,Marketing,2024-03-09,1,,65602,left
984,Marketing,2024-04-07,2,2024-11-11,54411,active
985,Engineering,2024-01-04,2,2024-11-21,101813,active
986,Engineering,2024-05-15,3,,90455,active
987,Sales,2024-07-26,3,,70923,left
988,Sales,2024-03-14,3,,43615,active
989,Ops,2024-04-07,3,,86801,active
990,Support,2024-03-17,2,2024-09-23,51753,active
991,Ops,2024-02-02,3,,41572,active
992,Ops,2024-01-23,2,2024-06-04,73705,active
993,Sales,2024-02-04,2,,53224,active
994,Ops,2024-03-09,3,,56441,active
995,Sales,2024-10-29,2,,75524,active
996,Support,2024-05-26,1,2024-01-04,86944,active
997,Support,2024-08-03,3,,92599,active
998,Ops,2024-03-22,2,,54074,active
999,Ops,2024-05-20,3,,78448,active
1000,Engineering,2024-07-18,3,,103172,active
1001,Marketing,2024-05-08,3,,65735,active
1002,Marketing,2024-07-01,2,2024-09-01,48117,active
1003,Support,2024-07-20,3,,89953,left
1004,Ops,2024-07-05,2,2024-12-16,96523,active
1005,Marketing,2024-08-03,3,,50692,active
1006,Ops,2024-05-11,2,,95229,active
1007,Marketing,2024-09-15,2,,46990,active
1008,Marketing,2024-07-31,1,,76560,active
1009,Support,2024-11-13,2,2024-01-03,47579,active
1010,Ops,2024-08-15,1,2024-11-01,65051,active
1011,Marketing,2024-05-26,2,2024-07-26,79787,active
1012,Marketing,2024-10-03,1,,52475,active
1013,Marketing,2024-03-28,3,,91035,active
1014,Marketing,2024-05-05,2,2024-03-30,44291,active
1015,Sales,2024-10-06,1,,87942,active
1016,Marketing,2024-10-22,1,,95027,active
1017,Ops,2024-08-03,3,,96359,active
1018,Marketing,2024-04-12,1,,59663,active
1019,Engineering,2024-07-24,3,,98130,active
1020,Marketing,2024-02-20,1,2024-02-16,54511,active
1021,Ops,2024-10-17,3,,85801,active
1022,Marketing,2024-04-01,3,,71210,active
1023,Sales,2024-04-28,2,,97837,active
1024,Sales,2024-12-23,3,2024-06-24,44538,active
1025,Ops,2024-02-09,2,,55152,active
1026,Support,2024-05-09,2,,93422,active
1027,Marketing,2024-02-29,2,,61717,left
1028,Sales,2024-02-04,1,,46901,active
1029,Marketing,2024-09-10,3,,85093,active
1030,Ops,2024-04-14,1,,98735,active
1031,Marketing,2024-03-12,2,2024-09-24,89129,active
1032,Marketing,2024-03-24,1,,64321,active
1033,Engineering,2024-12-02,2,,88745,left
1034,Ops,2024-03-28,1,2024-08-10,66544,active
1035,Engineering,2024-12-06,2,,64072,active
1036,Marketing,2024-12-04,3,,59804,active
1037,Ops,2024-12-03,3,2024-12-13,98510,left
1038,Support,2024-09-08,1,2024-07-16,79984,active
1039,Sales,2024-10-02,3,2024-04-07,94978,active
1040,Support,2024-05-05,3,,95811,left
1041,Marketing,2024-04-14,1,,74853,active
1042,Sales,2024-02-29,2,,55956,active
1043,Sales,2024-04-29,2,,60748,active
1044,Sales,2024-09-16,1,,68062,left
1045,Ops,2024-02-14,1,2024-06-29,71174,active
1046,Ops,2024-05-04,1,,84567,active
1047,Engineering,2024-06-28,3,,64082,active
1048,Marketing,2024-11-18,1,2024-10-25,78530,active
1049,Marketing,2024-09-01,1,,52600,active
1050,Engineering,2024-07-12,2,,82843,active
1051,Engineering,2024-07-14,2,,75296,active
1052,Support,2024-06-24,1,2024-07-18,77188,active
1053,Sales,2024-07-07,1,,40021,left
1054,Ops,2024-09-09,3,,45955,left
1055,Support,2024-07-24,1,,73238,active
1056,Marketing,2024-10-04,2,,76634,left
1057,Engineering,2024-01-04,1,,97165,active
1058,Marketing,2024-09-27,2,2024-10-27,61398,active
1059,Sales,2024-07-23,2,2024-01-06,84253,active
1060,Ops,2024-10-17,2,,60112,active
1061,Ops,2024-11-14,1,2024-10-23,71777,active
1062,Marketing,2024-07-12,2,,69007,active
1063,Support,2024-08-12,2,,82443,active
1064,Ops,2024-01-24,2,,40877,active
1065,Engineering,2024-04-22,2,,95486,active
1066,Engineering,2024-11-26,2,2024-07-13,105499,active
1067,Support,2024-05-12,3,,96627,active
1068,Ops,2024-08-14,2,,67720,active
1069,Ops,2024-07-04,3,,60970,active
1070,Ops,2024-02-15,2,,41764,active
1071,Ops,2024-10-02,1,,45006,active
1072,Engineering,2024-03-13,2,,117043,active
1073,Support,2024-12-16,3,,61954,active
1074,Sales,2024-10-05,1,,57743,active
1075,Ops,2024-08-30,1,,43447,active
1076,Support,2024-07-09,1,2024-01-21,71514,active
1077,Ops,2024-05-29,3,2024-08-13,41572,active
1078,Sales,2024-08-20,1,,47517,active
1079,Marketing,2024-09-14,2,2024-04-11,49545,active
1080,Marketing,2024-06-26,3,2024-12-12,44958,active
1081,Support,2024-05-16,1,,62466,active
1082,Marketing,2024-07-12,1,,85355,active
1083,Ops,2024-01-30,3,,64264,active
1084,Marketing,2024-05-10,2,2024-06-16,78037,active
1085,Marketing,2024-06-12,2,,89277,active
1086,Marketing,2024-08-18,3,,89737,active
1087,Engineering,2024-06-08,1,2024-05-07,93695,active
1088,Engineering,2024-12-11,3,2024-10-25,67068,active
1089,Ops,2024-08-24,3,,66519,active
1090,Engineering,2024-06-01,3,,78652,active
1091,Sales,2024-04-13,1,,54281,active
1092,Support,2024-03-14,1,,44707,active
1093,Marketing,2024-08-01,1,,95172,active
1094,Engineering,2024-09-12,2,2024-04-14,93032,active
1095,Sales,2024-02-24,2,2024-09-20,94499,active
1096,Engineering,2024-10-29,2,2024-04-01,71728,active
1097,Marketing,2024-03-14,3,2024-05-13,94106,active
1098,Marketing,2024-08-21,1,,67222,active
1099,Sales,2024-09-12,1,,40923,active
1100,Support,2024-05-30,1,,68881,active
1101,Engineering,2024-06-28,1,,87953,active
1102,Support,2024-02-04,1,,82149,active
1103,Sales,2024-02-02,3,,47122,active
1104,Marketing,2024-02-21,1,,71143,active
1105,Sales,2024-04-24,1,,77567,active
1106,Ops,2024-09-13,3,2024-10-14,66993,active
1107,Support,2024-02-18,2,2024-07-29,95356,active
1108,Support,2024-01-06,2,,77985,active
1109,Marketing,2024-01-27,2,2024-08-16,41943,active
1110,Ops,2024-03-12,2,,89796,active
1111,Sales,2024-02-23,1,2024-09-22,45349,active
1112,Support,2024-03-06,3,2024-08-07,42405,active
1113,Ops,2024-09-17,2,,58153,active
1114,Support,2024-11-06,3,,60518,active
1115,Marketing,2024-01-06,1,2024-01-16,45855,active
1116,Support,2024-05-25,3,,42999,active
1117,Ops,2024-03-03,3,2024-05-09,93750,active
1118,Engineering,2024-01-23,2,2024-05-28,76952,active
1119,Ops,2024-11-27,1,2024-07-04,43406,active
1120,Ops,2024-05-29,3,,48038,active
1121,Support,2024-09-07,3,,86030,active
1122,Engineering,2024-02-11,3,,112120,active
1123,Ops,2024-05-30,2,,68979,active
1124,Marketing,2024-03-31,1,,65747,active
1125,Sales,2024-06-01,1,,41392,left
1126,Engineering,2024-01-11,2,,110038,active
1127,Sales,2024-04-02,3,,90880,active
1128,Support,2024-05-06,3,2024-12-20,80945,active
1129,Marketing,2024-07-06,3,2024-07-08,69275,active
1130,Sales,2024-12-16,1,,70488,active
1131,Sales,2024-05-02,1,,85757,active
1132,Engineering,2024-08-15,1,,92086,active
1133,Support,2024-12-09,3,,83047,active
1134,Marketing,2024-04-19,2,,56457,active
1135,Engineering,2024-08-09,1,,75951,active
1136,Ops,2024-07-25,3,2024-02-21,65236,active
1137,Engineering,2024-07-01,1,,68331,left
1138,Engineering,2024-09-27,3,2024-01-28,83381,active
1139,Support,2024-05-12,1,,55521,active
1140,Marketing,2024-10-23,2,,99669,active
1141,Engineering,2024-09-14,3,2024-01-18,107153,active
1142,Ops,2024-05-31,2,,73561,active
1143,Support,2024-08-15,3,2024-01-18,99073,active
1144,Sales,2024-12-06,3,,45418,active
1145,Marketing,2024-08-27,2,,83726,active
1146,Ops,2024-10-15,1,,65636,active
1147,Marketing,2024-03-18,1,2024-05-07,50128,active
1148,Support,2024-07-09,3,,89795,active
1149,Sales,2024-01-31,2,2024-07-22,74967,left
1150,Support,2024-09-10,2,,55092,left
1151,Ops,2024-07-29,3,,53950,active
1152,Sales,2024-06-28,3,,75110,active
1153,Ops,2024-10-02,3,,86660,active
1154,Support,2024-03-19,3,,84505,active
1155,Sales,2024-04-02,2,2024-06-21,56140,active
1156,Marketing,2024-01-08,2,,96037,active
1157,Marketing,2024-05-18,2,,64232,active
1158,Sales,2024-07-15,3,,56648,active
1159,Engineering,2024-03-18,2,2024-02-15,107532,active
1160,Support,2024-12-10,1,2024-04-26,42423,active
1161,Marketing,2024-12-28,2,2024-02-08,62863,active
1162,Engineering,2024-05-21,1,2024-05-23,76511,active
1163,Ops,2024-09-25,3,,90490,active
1164,Marketing,2024-03-18,1,,76101,active
1165,Sales,2024-10-15,3,2024-02-22,43824,active
1166,Engineering,2024-12-18,2,2024-11-25,100697,active
1167,Marketing,2024-12-17,3,2024-01-29,57903,active
1168,Ops,2024-04-28,2,,99782,active
1169,Ops,2024-11-21,2,,87322,left
1170,Ops,2024-04-11,1,2024-02-06,98454,left
1171,Ops,2024-04-01,2,,64500,active
1172,Ops,2024-01-29,1,,68275,active
1173,Marketing,2024-08-16,3,,51160,active
1174,Engineering,2024-09-11,1,,73123,active
1175,Engineering,2024-05-12,2,2024-05-16,63891,active
1176,Engineering,2024-01-10,3,,109827,active
1177,Marketing,2024-08-31,1,,40051,left
1178,Ops,2024-10-03,3,,72010,active
1179,Sales,2024-05-25,2,,86723,active
1180,Support,2024-09-26,1,,77743,left
1181,Sales,2024-06-07,3,,94643,active
1182,Engineering,2024-06-20,3,,60357,active
1183,Engineering,2024-05-22,1,,86647,active
1184,Sales,2024-05-19,2,,63558,active
1185,Sales,2024-10-22,1,,95177,active
1186,Engineering,2024-09-28,3,,71247,active
1187,Sales,2024-09-18,1,,80847,active
1188,Marketing,2024-04-14,3,,43593,active
1189,Support,2024-05-19,1,,91532,active
1190,Engineering,2024-10-10,3,2024-03-14,90340,active
1191,Engineering,2024-05-27,2,,94469,active
1192,Support,2024-04-11,1,,68748,active
1193,Engineering,2024-11-05,3,,73865,active
1194,Marketing,2024-05-21,3,2024-11-23,41101,active
1195,Ops,2024-07-05,1,,60284,active
1196,Engineering,2024-04-20,3,2024-07-19,73373,active
1197,Support,2024-03-31,1,,80819,active
1198,Ops,2024-10-27,1,2024-10-24,98847,active
1199,Sales,2024-07-15,3,,63858,active
1200,Support,2024-06-10,3,,43632,active
1201,Support,2024-01-11,3,,52058,active
1202,Support,2024-01-12,1,,89414,active
1203,Ops,2024-01-13,3,,89942,active
1204,Marketing,2024-05-10,2,,89958,active
1205,Engineering,2024-09-19,3,,92135,active
1206,Sales,2024-10-07,1,2024-04-05,60088,active
1207,Sales,2024-12-28,3,,91245,active
1208,Sales,2024-12-03,2,,79908,active
1209,Marketing,2024-01-12,3,,44495,active
1210,Ops,2024-10-13,1,,66348,active
1211,Support,2024-01-12,1,,90694,active
1212,Support,2024-04-26,1,2024-07-16,96606,active
1213,Marketing,2024-08-18,1,,75972,active
1214,Ops,2024-05-01,2,2024-02-29,92795,active
1215,Marketing,2024-08-30,2,,91843,active
1216,Marketing,2024-06-22,2,,66319,active
1217,Engineering,2024-04-17,2,2024-09-23,66356,active
1218,Engineering,2024-06-03,2,2024-11-08,79645,active
1219,Marketing,2024-12-11,1,,75289,active
1220,Engineering,2024-10-09,2,,95206,active
1221,Sales,2024-03-06,2,2024-08-25,67367,active
1222,Sales,2024-07-23,3,2024-07-27,84102,left
1223,Support,2024-09-20,2,,77233,active
1224,Support,2024-01-23,1,,48163,active
1225,Ops,2024-04-05,2,,79042,active
1226,Ops,2024-06-20,2,,51044,active
1227,Ops,2024-10-09,3,,82056,active
1228,Ops,2024-03-24,3,,89079,left
1229,Sales,2024-04-06,2,2024-07-15,66818,active
1230,Sales,2024-02-10,2,,81369,active
1231,Engineering,2024-03-07,1,2024-03-06,99990,active
1232,Sales,2024-08-28,3,,54621,active
1233,Support,2024-01-05,3,,87816,active
1234,Marketing,2024-04-07,3,,56267,left
1235,Engineering,2024-07-31,1,,105153,active
1236,Support,2024-05-28,3,,71684,active
1237,Engineering,2024-11-08,2,2024-01-14,83287,left
1238,Marketing,2024-07-29,3,2024-08-14,84763,active
1239,Engineering,2024-02-17,2,2024-12-29,92607,active
1240,Support,2024-05-17,2,2024-07-01,72034,active
1241,Ops,2024-03-07,2,,53485,active
1242,Marketing,2024-11-26,3,2024-12-15,84301,active
1243,Marketing,2024-02-03,3,,96836,active
1244,Support,2024-02-19,1,,70180,active
1245,Support,2024-03-31,3,2024-07-23,98549,active
1246,Ops,2024-10-11,1,2024-03-27,80606,active
1247,Support,2024-01-06,1,,74194,active
1248,Support,2024-04-19,1,,95732,active
1249,Ops,2024-10-08,2,,95510,active
1250,Support,2024-07-08,3,,42462,active
1251,Support,2024-09-05,1,,80286,active
1252,Sales,2024-11-21,1,2024-02-15,97474,active
1253,Ops,2024-08-20,1,2024-11-19,66723,active
1254,Support,2024-08-21,3,,98136,left
1255,Sales,2024-08-25,2,,95237,active
1256,Engineering,2024-07-31,3,,103055,active
1257,Sales,2024-11-27,1,,85260,active
1258,Ops,2024-05-14,1,2024-09-25,44275,active
1259,Support,2024-10-23,1,,65587,left
1260,Marketing,2024-04-21,1,2024-11-20,82294,left
1261,Support,2024-11-14,1,2024-01-06,81150,active
1262,Engineering,2024-02-27,3,,95469,active
1263,Support,2024-08-17,3,2024-12-19,98328,active
1264,Support,2024-06-03,3,,62589,left
1265,Sales,2024-03-04,2,,86340,active
1266,Engineering,2024-08-14,2,,60191,left
1267,Marketing,2024-04-19,3,,88506,active
1268,Marketing,2024-07-11,1,,45178,active
1269,Support,2024-04-18,1,,75011,active
1270,Marketing,2024-08-05,2,,66622,active
1271,Support,2024-08-12,1,,52806,active
1272,Marketing,2024-07-13,3,,47677,active
1273,Support,2024-02-19,2,,43042,active
1274,Ops,2024-03-11,3,2024-03-05,64466,active
1275,Marketing,2024-01-26,2,,80830,active
1276,Sales,2024-06-21,1,,96004,active
1277,Support,2024-06-06,1,,99531,active
1278,Engineering,2024-06-03,1,2024-01-22,114841,active
1279,Support,2024-03-10,1,,84308,active
1280,Engineering,2024-12-14,3,,100481,active
1281,Support,2024-02-04,1,,69226,active
1282,Support,2024-09-14,3,2024-01-11,45361,active
1283,Engineering,2024-11-02,1,,63398,active
1284,Support,2024-03-30,1,,63275,active
1285,Marketing,2024-07-14,1,,85282,active
1286,Ops,2024-07-01,3,,99973,left
1287,Engineering,2024-03-05,2,,68574,active
1288,Marketing,2024-04-07,1,2024-06-23,50486,active
1289,Sales,2024-02-02,2,2024-02-01,83815,active
1290,Sales,2024-10-15,3,,63980,active
1291,Sales,2024-11-04,1,,55255,active
1292,Support,2024-04-10,3,,86743,active
1293,Marketing,2024-07-06,1,,69572,active
1294,Ops,2024-04-01,1,2024-10-10,68044,active
1295,Marketing,2024-01-17,1,,79379,active
1296,Engineering,2024-09-22,2,,117392,active
1297,Support,2024-11-03,3,,85765,left
1298,Support,2024-08-22,3,,65158,active
1299,Support,2024-04-19,3,2024-09-22,75693,active
1300,Ops,2024-05-16,3,2024-05-05,65522,active
1301,Support,2024-11-19,3,,50323,active
1302,Sales,2024-08-29,2,,65860,active
1303,Sales,2024-03-13,3,,52008,active
1304,Marketing,2024-06-09,1,2024-05-05,61556,left
1305,Support,2024-05-04,3,2024-08-05,58851,active
1306,Engineering,2024-06-30,3,2024-04-27,105738,active
1307,Marketing,2024-10-03,2,,40942,active
1308,Marketing,2024-03-07,1,,42612,active
1309,Support,2024-09-21,1,,83140,active
1310,Marketing,2024-08-09,3,2024-10-03,90274,active
1311,Ops,2024-03-29,3,,58331,active
1312,Engineering,2024-06-23,1,,84111,active
1313,Sales,2024-06-06,3,,84390,active
1314,Ops,2024-11-27,1,2024-03-21,56017,active
1315,Engineering,2024-12-30,2,,103991,active
1316,Marketing,2024-02-04,3,,49410,active
1317,Sales,2024-01-24,2,,70559,active
1318,Support,2024-02-03,3,,61488,active
1319,Engineering,2024-05-30,1,,88464,active
1320,Support,2024-01-05,3,2024-12-17,70798,active
1321,Ops,2024-07-05,3,2024-02-17,74639,active
1322,Ops,2024-02-12,2,,81698,active
1323,Ops,2024-07-16,3,,77864,active
1324,Ops,2024-03-02,2,2024-01-12,43188,active
1325,Engineering,2024-09-03,1,,115431,active
1326,Engineering,2024-11-10,2,2024-05-25,93511,active
1327,Ops,2024-10-10,2,2024-11-16,83229,active
1328,Sales,2024-07-26,3,,97004,active
1329,Marketing,2024-11-30,1,,63882,left
1330,Sales,2024-05-10,1,,65516,active
1331,Ops,2024-04-22,3,2024-11-04,41045,active
1332,Support,2024-02-04,1,,72041,active
1333,Support,2024-04-28,3,,60966,active
1334,Sales,2024-07-30,1,,90782,active
1335,Engineering,2024-01-14,2,2024-05-02,76178,active
1336,Support,2024-02-12,2,,84461,active
1337,Sales,2024-11-19,3,2024-12-11,69910,active
1338,Support,2024-03-18,1,2024-02-14,74664,active
1339,Engineering,2024-05-25,1,,100960,active
1340,Ops,2024-01-15,2,,97234,active
1341,Ops,2024-03-10,2,,83575,active
1342,Sales,2024-06-14,1,,46313,active
1343,Ops,2024-02-19,2,2024-10-05,70675,active
1344,Engineering,2024-02-07,2,2024-06-09,105497,active
1345,Support,2024-05-01,1,2024-05-10,43363,active
1346,Sales,2024-01-22,2,2024-09-02,67635,active
1347,Ops,2024-03-13,1,,62800,active
1348,Engineering,2024-09-02,2,,70057,active
1349,Ops,2024-08-10,3,,57540,active
1350,Support,2024-06-14,2,,87603,active
1351,Sales,2024-08-03,1,,90581,active
1352,Support,2024-06-28,2,,55940,active
1353,Engineering,2024-12-14,3,,68441,active
1354,Engineering,2024-11-10,3,,97227,active
1355,Marketing,2024-04-18,3,2024-08-23,56467,active
1356,Marketing,2024-03-14,3,2024-05-24,97576,active
1357,Ops,2024-05-29,2,,90448,active
1358,Engineering,2024-07-08,2,,76133,active
1359,Sales,2024-04-26,1,2024-07-06,81932,active
1360,Sales,2024-11-10,3,2024-01-01,75829,active
1361,Ops,2024-03-17,2,2024-05-28,51850,active
1362,Ops,2024-06-26,1,,63623,active
1363,Ops,2024-07-28,3,,71396,active
1364,Engineering,2024-12-04,3,,76778,active
1365,Ops,2024-02-11,1,,87894,active
1366,Engineering,2024-11-09,1,,95374,active
1367,Ops,2024-03-21,2,2024-06-21,79860,active
1368,Ops,2024-05-12,2,,55321,active
1369,Ops,2024-04-17,2,,59803,active
1370,Engineering,2024-10-26,2,2024-02-16,101367,active
1371,Marketing,2024-06-27,2,,42568,active
1372,Marketing,2024-09-18,3,,53579,active
1373,Sales,2024-05-18,2,,98232,active
1374,Support,2024-04-28,2,,42910,active
1375,Ops,2024-09-24,3,,93628,active
1376,Engineering,2024-10-30,2,,89324,active
1377,Engineering,2024-01-16,3,,74617,active
1378,Support,2024-10-07,1,,54214,active
1379,Sales,2024-09-15,2,2024-01-27,57318,active
1380,Sales,2024-03-18,1,2024-02-25,74460,left
1381,Support,2024-09-08,2,,88559,active
1382,Ops,2024-02-21,2,2024-08-22,93733,active
1383,Marketing,2024-05-05,1,2024-03-10,88096,active
1384,Engineering,2024-12-05,3,,103232,active
1385,Support,2024-12-22,1,,96370,active
1386,Support,2024-09-16,3,,46037,active
1387,Ops,2024-02-11,3,2024-08-29,44699,active
1388,Support,2024-07-11,1,,89883,left
1389,Support,2024-10-22,3,2024-12-06,84353,active
1390,Sales,2024-10-29,1,,76138,active
1391,Sales,2024-10-20,2,2024-12-15,67709,active
1392,Ops,2024-01-06,1,,45278,active
1393,Ops,2024-08-27,3,,51708,active
1394,Sales,2024-04-23,2,2024-02-28,77814,active
1395,Sales,2024-02-26,3,2024-06-10,73099,active
1396,Sales,2024-06-05,2,,74302,active
1397,Support,2024-05-11,1,2024-05-19,90967,active
1398,Marketing,2024-05-26,2,2024-10-04,78059,active
1399,Marketing,2024-04-17,1,,93580,active
1400,Engineering,2024-09-19,2,,69125,active
1401,Sales,2024-08-31,2,,44939,active
1402,Engineering,2024-04-08,1,2024-06-15,86798,active
1403,Engineering,2024-05-30,1,,63218,left
1404,Support,2024-12-13,1,2024-11-10,68006,active
1405,Support,2024-12-07,3,,87721,active
1406,Engineering,2024-03-07,2,,86008,active
1407,Sales,2024-06-03,2,,68052,active
1408,Sales,2024-11-10,3,2024-06-07,91523,active
1409,Engineering,2024-09-11,2,,107552,active
1410,Support,2024-06-27,2,,81256,left
1411,Ops,2024-05-30,1,2024-05-07,83752,active
1412,Ops,2024-05-11,3,,78867,active
1413,Sales,2024-10-08,3,,81279,active
1414,Marketing,2024-04-06,2,2024-09-29,92429,active
1415,Marketing,2024-07-15,3,2024-08-22,44608,active
1416,Engineering,2024-05-28,2,,71443,active
1417,Support,2024-08-13,1,2024-02-19,55110,active
1418,Marketing,2024-01-18,2,,93371,left
1419,Ops,2024-04-09,2,2024-05-07,94628,active
1420,Marketing,2024-04-06,3,,49888,active
1421,Ops,2024-08-22,1,2024-09-18,52141,active
1422,Engineering,2024-11-11,3,2024-06-12,116919,active
1423,Marketing,2024-12-12,3,,90150,active
1424,Support,2024-08-11,2,,74159,active
1425,Marketing,2024-05-23,3,2024-04-09,65667,active
1426,Ops,2024-01-21,1,2024-04-22,75338,active
1427,Marketing,2024-05-18,3,,44655,active
1428,Engineering,2024-02-19,1,2024-06-10,64379,active
1429,Support,2024-06-18,1,,81144,active
1430,Support,2024-07-11,2,,44968,active
1431,Ops,2024-11-02,2,,59514,active
1432,Marketing,2024-03-08,3,,53227,active
1433,Support,2024-09-21,3,,44916,active
1434,Marketing,2024-04-30,1,,85010,active
1435,Sales,2024-01-04,3,,92008,active
1436,Sales,2024-02-03,3,2024-06-16,90556,active
1437,Support,2024-08-23,1,,62773,active
1438,Sales,2024-10-09,1,2024-04-10,90069,active
1439,Marketing,2024-08-19,3,2024-10-27,75453,active
1440,Marketing,2024-01-22,1,,50451,active
1441,Ops,2024-07-30,1,,92030,active
1442,Ops,2024-08-10,1,2024-11-09,54327,active
1443,Support,2024-08-15,3,,65697,active
1444,Support,2024-06-24,1,,43491,active
1445,Ops,2024-11-01,2,,95628,active
1446,Marketing,2024-11-16,1,,85250,active
1447,Marketing,2024-10-19,1,2024-01-22,92016,left
1448,Sales,2024-12-29,2,,68518,active
1449,Engineering,2024-09-08,3,,101773,active
1450,Ops,2024-10-08,2,,95662,active
1451,Support,2024-06-21,2,,98655,active
1452,Sales,2024-09-14,1,2024-02-20,64381,active
1453,Marketing,2024-03-23,3,,96279,active
1454,Support,2024-10-10,2,2024-09-08,51413,active
1455,Support,2024-04-14,1,2024-04-23,79106,active
1456,Support,2024-12-10,3,,76221,active
1457,Sales,2024-05-26,1,2024-04-07,55191,active
1458,Sales,2024-02-01,3,2024-01-19,82540,active
1459,Sales,2024-07-17,3,,50866,active
1460,Marketing,2024-05-30,2,,66390,active
1461,Marketing,2024-09-10,1,2024-07-15,90882,active
1462,Support,2024-04-04,2,,41581,active
1463,Marketing,2024-04-09,1,,90479,active
1464,Engineering,2024-07-01,2,,64501,active
1465,Marketing,2024-01-04,3,,58984,active
1466,Sales,2024-05-04,2,,46238,left
1467,Marketing,2024-04-24,3,2024-12-14,71141,active
1468,Ops,2024-01-23,3,,96991,active
1469,Support,2024-03-10,2,2024-04-14,43855,active
1470,Support,2024-09-19,1,,83924,left
1471,Ops,2024-08-16,1,,98219,active
1472,Engineering,2024-06-08,3,,119941,active
1473,Marketing,2024-04-25,3,,47482,active
1474,Marketing,2024-09-19,3,,97744,active
1475,Engineering,2024-09-22,1,,113765,active
1476,Ops,2024-03-14,1,2024-02-14,82681,active
1477,Ops,2024-01-18,1,2024-06-28,98118,active
1478,Ops,2024-09-14,3,2024-04-15,89272,active
1479,Engineering,2024-12-29,2,,99461,active
1480,Marketing,2024-03-07,2,2024-03-05,80228,active
1481,Marketing,2024-11-11,3,2024-11-08,48896,active
1482,Support,2024-05-01,2,2024-09-28,50480,active
1483,Sales,2024-01-27,2,2024-09-06,80857,active
1484,Support,2024-09-04,1,2024-03-26,59310,active
1485,Support,2024-01-14,2,,51224,active
1486,Sales,2024-04-10,3,,77892,active
1487,Engineering,2024-09-27,1,2024-03-10,103208,active
1488,Ops,2024-05-16,1,2024-07-16,59739,active
1489,Sales,2024-01-02,3,,56269,active
1490,Support,2024-06-17,3,,61194,active
1491,Support,2024-04-28,2,2024-08-11,94034,left
1492,Marketing,2024-07-05,3,,60384,active
1493,Support,2024-08-02,3,,54839,active
1494,Ops,2024-10-07,3,,99562,active
1495,Engineering,2024-09-07,1,,77734,active
1496,Support,2024-06-10,2,2024-01-07,68937,active
1497,Marketing,2024-09-27,3,2024-01-13,48403,active
1498,Ops,2024-05-15,1,,73645,active
1499,Sales,2024-08-02,1,,62966,active
1500,Support,2024-07-16,2,,66821,left
1501,Sales,2024-08-12,2,2024-07-25,74417,active
1502,Support,2024-06-25,1,,66915,active
1503,Ops,2024-09-19,3,,66490,active
1504,Engineering,2024-08-13,1,,104312,active
1505,Ops,2024-06-28,2,,84156,active
1506,Engineering,2024-11-28,2,2024-05-24,116632,active
1507,Engineering,2024-09-02,1,2024-01-29,65640,active
1508,Ops,2024-06-13,1,,78389,active
1509,Marketing,2024-07-28,1,,91887,active
1510,Engineering,2024-06-29,3,,74569,left
1511,Sales,2024-05-14,3,,48491,active
1512,Engineering,2024-09-27,1,,66187,active
1513,Marketing,2024-03-02,3,,46215,active
1514,Sales,2024-08-26,1,2024-07-30,89634,active
1515,Marketing,2024-11-18,3,,88632,active
1516,Sales,2024-04-13,3,,76738,active
1517,Ops,2024-04-22,2,2024-04-08,72107,active
1518,Support,2024-06-06,1,,99680,left
1519,Engineering,2024-02-06,1,2024-05-30,87718,active
1520,Ops,2024-04-12,3,2024-04-07,70807,active
1521,Engineering,2024-03-04,1,2024-09-09,87638,active
1522,Marketing,2024-05-01,3,2024-06-03,45165,active
1523,Marketing,2024-08-19,2,,53363,active
1524,Support,2024-10-30,2,2024-02-15,65164,active
1525,Marketing,2024-06-20,1,,49187,active
1526,Engineering,2024-09-22,1,,93457,active
1527,Engineering,2024-09-17,2,,118657,active
1528,Marketing,2024-12-25,3,2024-06-01,44922,active
1529,Sales,2024-08-19,1,,63105,active
1530,Ops,2024-07-22,1,2024-05-27,68554,active
1531,Ops,2024-04-06,2,2024-05-26,75718,active
1532,Marketing,2024-03-17,1,,47520,active
1533,Ops,2024-10-20,2,,93437,active
1534,Support,2024-04-14,2,,56506,active
1535,Marketing,2024-05-02,2,,55319,active
1536,Sales,2024-04-09,2,,74720,active
1537,Marketing,2024-10-21,3,,73715,active
1538,Support,2024-06-24,2,,84628,active
1539,Engineering,2024-12-02,1,2024-07-11,116518,active
1540,Engineering,2024-02-20,2,,104124,active
1541,Support,2024-02-01,3,,49365,active
1542,Support,2024-02-15,1,,67396,active
1543,Ops,2024-07-22,2,,54796,active
1544,Marketing,2024-05-29,2,2024-06-24,58246,active
1545,Marketing,2024-01-31,3,,40791,active
1546,Ops,2024-03-15,3,,55157,active
1547,Engineering,2024-10-07,1,,115517,active
1548,Sales,2024-10-23,1,,86779,active
1549,Ops,2024-04-22,3,2024-08-19,53504,active
1550,Engineering,2024-09-25,3,,62805,active
1551,Ops,2024-01-02,2,2024-03-30,78062,active
1552,Sales,2024-07-01,1,2024-06-25,54976,left
1553,Marketing,2024-05-08,2,,97071,active
1554,Engineering,2024-09-07,2,2024-07-26,109370,active
1555,Ops,2024-12-02,2,2024-01-30,62041,active
1556,Sales,2024-12-24,3,,54198,active
1557,Sales,2024-10-23,1,2024-05-05,44494,active
1558,Engineering,2024-09-14,1,,81130,active
1559,Ops,2024-05-02,2,,52757,active
1560,Ops,2024-04-09,3,2024-07-19,59408,active
1561,Support,2024-05-14,3,,85387,left
1562,Sales,2024-08-16,3,,53011,active
1563,Support,2024-10-09,1,,84355,active
1564,Sales,2024-06-17,2,2024-11-03,92686,active
1565,Engineering,2024-10-03,3,2024-08-13,108449,active
1566,Ops,2024-11-09,2,2024-11-11,80245,active
1567,Engineering,2024-09-13,2,2024-08-08,114522,active
1568,Marketing,2024-07-05,1,,46811,active
1569,Support,2024-04-04,2,,44736,active
1570,Support,2024-07-13,1,,93256,left
1571,Sales,2024-03-13,3,,57746,left
1572,Ops,2024-03-27,3,,51881,active
1573,Marketing,2024-04-21,1,2024-12-09,50299,active
1574,Sales,2024-09-24,3,,40026,active
1575,Engineering,2024-05-22,2,,80775,active
1576,Sales,2024-09-17,2,,96315,active
1577,Engineering,2024-09-16,3,,78019,active
1578,Sales,2024-03-13,1,,42348,active
1579,Ops,2024-01-19,1,,73057,active
1580,Sales,2024-01-09,2,,88021,left
1581,Sales,2024-07-02,1,2024-12-24,64267,active
1582,Support,2024-08-06,3,,86977,active
1583,Engineering,2024-06-02,1,2024-07-23,92174,active
1584,Support,2024-12-23,3,2024-03-06,83914,active
1585,Ops,2024-02-19,2,2024-12-25,91739,active
1586,Marketing,2024-09-09,3,,93026,active
1587,Engineering,2024-07-22,1,,116257,active
1588,Ops,2024-01-13,3,,41570,active
1589,Marketing,2024-08-12,1,2024-11-20,86969,active
1590,Ops,2024-12-17,2,,68954,active
1591,Sales,2024-12-05,1,,77089,active
1592,Marketing,2024-09-14,1,,95847,active
1593,Support,2024-05-23,2,2024-11-05,49029,active
1594,Engineering,2024-02-19,1,,88968,active
1595,Engineering,2024-06-20,1,,63223,active
1596,Engineering,2024-10-16,3,,73722,left
1597,Ops,2024-07-04,3,,70121,active
1598,Marketing,2024-03-16,3,,92114,left
1599,Marketing,2024-06-07,1,,98193,active
1600,Marketing,2024-03-24,2,,95662,active
1601,Sales,2024-04-17,1,,57071,active
1602,Support,2024-12-29,3,,47685,active
1603,Sales,2024-03-06,3,2024-06-10,55204,active
1604,Sales,2024-05-17,1,,99229,active
1605,Sales,2024-08-10,3,,54209,active
1606,Support,2024-06-06,2,,72845,active
1607,Sales,2024-08-08,3,2024-06-21,47765,active
1608,Engineering,2024-01-04,3,2024-04-15,80583,active
1609,Sales,2024-04-15,2,,92044,active
1610,Marketing,2024-11-01,2,,84138,active
1611,Ops,2024-09-10,2,,52846,active
1612,Marketing,2024-12-30,2,,87892,left
1613,Ops,2024-03-28,3,,73229,active
1614,Sales,2024-10-11,3,,61597,active
1615,Ops,2024-08-30,1,,76641,active
1616,Sales,2024-06-07,3,2024-11-02,65922,active
1617,Engineering,2024-08-21,1,2024-08-09,75385,active
1618,Marketing,2024-12-25,1,2024-03-26,57095,active
1619,Support,2024-12-28,2,,91306,active
1620,Support,2024-05-07,2,,95129,active
1621,Support,2024-05-21,3,,70927,active
1622,Marketing,2024-12-06,1,2024-04-20,54188,left
1623,Marketing,2024-11-30,3,2024-02-02,84884,active
1624,Engineering,2024-03-20,1,,110121,left
1625,Marketing,2024-04-19,2,2024-03-03,60021,active
1626,Engineering,2024-06-19,3,2024-10-06,92673,active
1627,Marketing,2024-10-30,2,,62386,active
1628,Ops,2024-10-07,1,2024-05-06,82558,active
1629,Sales,2024-07-09,1,,84042,active
1630,Support,2024-06-05,3,2024-09-10,64068,active
1631,Ops,2024-12-16,2,,51552,active
1632,Marketing,2024-07-22,1,,73502,left
1633,Support,2024-12-21,2,,48991,active
1634,Marketing,2024-03-31,2,,52669,active
1635,Support,2024-03-04,2,,81255,active
1636,Ops,2024-03-24,2,2024-10-07,92021,active
1637,Sales,2024-03-03,3,,63290,active
1638,Ops,2024-03-10,2,,46207,active
1639,Sales,2024-01-07,1,,64579,active
1640,Ops,2024-05-21,3,,82490,active
1641,Engineering,2024-03-27,1,,110394,active
1642,Engineering,2024-05-03,1,2024-09-10,70247,active
1643,Engineering,2024-02-07,2,,69781,active
1644,Support,2024-03-12,3,,81327,active
1645,Sales,2024-01-08,3,2024-12-04,63838,active
1646,Engineering,2024-11-12,1,2024-04-08,71666,left
1647,Marketing,2024-05-29,3,,78429,active
1648,Marketing,2024-11-26,1,,98465,active
1649,Marketing,2024-07-11,2,,69881,active
1650,Sales,2024-08-03,3,,98393,active
1651,Support,2024-03-15,2,2024-04-21,62312,active
1652,Sales,2024-06-16,1,,61526,active
1653,Sales,2024-03-06,3,,98477,active
1654,Sales,2024-09-24,3,2024-08-07,97829,left
1655,Sales,2024-02-04,2,,94644,active
1656,Engineering,2024-01-16,3,,106708,active
1657,Marketing,2024-02-11,1,2024-08-09,43671,active
1658,Ops,2024-05-01,1,,66732,active
1659,Marketing,2024-03-29,1,2024-02-04,98338,left
1660,Support,2024-03-03,2,,54514,active
1661,Ops,2024-04-13,3,,74789,active
1662,Sales,2024-01-13,2,,59354,active
1663,Support,2024-09-21,2,,76145,active
1664,Support,2024-05-20,1,,67685,active
1665,Sales,2024-05-10,3,,46137,active
1666,Ops,2024-12-22,2,,46046,active
1667,Ops,2024-05-08,3,2024-07-14,58758,active
1668,Sales,2024-09-10,2,2024-03-15,44086,active
1669,Ops,2024-08-08,3,,77085,active
1670,Sales,2024-06-30,2,,64275,active
1671,Engineering,2024-11-03,2,2024-01-04,109163,active
1672,Engineering,2024-03-20,3,2024-01-19,85519,active
1673,Support,2024-07-11,3,,50986,active
1674,Support,2024-08-05,1,,43329,active
1675,Ops,2024-12-07,2,2024-11-20,67528,active
1676,Support,2024-03-22,2,,47107,active
1677,Marketing,2024-08-20,3,2024-07-30,93969,active
1678,Marketing,2024-09-30,1,2024-02-09,71081,active
1679,Sales,2024-06-05,2,2024-04-03,80355,active
1680,Support,2024-09-22,1,,92426,left
1681,Ops,2024-09-16,1,,96581,active
1682,Sales,2024-02-06,2,,79303,active
1683,Sales,2024-01-06,3,,47837,active
1684,Sales,2024-03-09,1,,60618,left
1685,Support,2024-03-12,2,,43109,active
1686,Marketing,2024-07-06,2,,95632,active
1687,Sales,2024-09-11,3,,85757,active
1688,Sales,2024-11-29,1,2024-04-14,95651,active
1689,Support,2024-12-24,2,2024-08-16,92134,active
1690,Sales,2024-07-10,3,,42227,active
1691,Sales,2024-06-25,2,,96927,left
1692,Marketing,2024-08-23,3,,72160,active
1693,Ops,2024-12-29,2,,89988,active
1694,Marketing,2024-03-31,3,,58497,left
1695,Engineering,2024-09-14,3,,108616,active
1696,Marketing,2024-05-03,2,,63740,active
1697,Sales,2024-09-24,1,2024-10-16,87099,active
1698,Ops,2024-09-22,2,,58059,active
1699,Marketing,2024-08-14,1,,75772,active
1700,Sales,2024-07-03,2,,64082,active
1701,Ops,2024-03-17,1,,72048,active
1702,Engineering,2024-02-28,2,2024-01-22,85362,active
1703,Sales,2024-06-24,3,,60239,active
1704,Marketing,2024-08-29,3,2024-01-02,89691,active
1705,Ops,2024-03-19,3,,47077,active
1706,Ops,2024-11-30,2,,44428,active
1707,Sales,2024-04-16,2,,47736,active
1708,Sales,2024-03-21,3,2024-11-03,83434,active
1709,Engineering,2024-05-05,2,,104434,active
1710,Ops,2024-05-06,3,,49012,active
1711,Support,2024-12-17,1,2024-04-07,63555,active
1712,Ops,2024-07-21,2,,91481,active
1713,Support,2024-06-07,1,2024-06-11,91012,active
1714,Sales,2024-08-20,2,,47129,active
1715,Ops,2024-09-27,3,,69384,active
1716,Ops,2024-09-22,2,,82189,active
1717,Sales,2024-05-04,2,2024-05-24,83250,active
1718,Ops,2024-01-30,1,,64906,active
1719,Ops,2024-06-16,2,2024-07-30,50971,active
1720,Marketing,2024-02-15,2,2024-04-21,55722,active
1721,Ops,2024-01-05,2,2024-06-12,54605,active
1722,Sales,2024-08-25,1,2024-04-14,80919,active
1723,Marketing,2024-05-08,3,2024-08-03,84687,active
1724,Engineering,2024-08-31,1,,67003,active
1725,Marketing,2024-03-11,3,2024-05-03,87244,active
1726,Engineering,2024-05-09,3,,113724,active
1727,Sales,2024-11-17,2,,78942,active
1728,Sales,2024-06-05,2,,59496,active
1729,Marketing,2024-02-10,3,,79163,active
1730,Support,2024-12-13,3,2024-12-10,72070,active
1731,Marketing,2024-03-06,1,2024-03-14,77839,active
1732,Ops,2024-03-01,3,,78220,active
1733,Engineering,2024-07-14,1,2024-07-26,100778,active
1734,Marketing,2024-01-17,3,,40442,active
1735,Engineering,2024-07-10,1,,116884,active
1736,Marketing,2024-06-26,1,,71830,active
1737,Sales,2024-07-12,1,,52152,active
1738,Engineering,2024-11-20,3,2024-09-24,68371,active
1739,Support,2024-06-23,3,2024-11-12,93140,active
1740,Support,2024-10-09,2,2024-08-26,54429,active
1741,Marketing,2024-06-30,3,,84121,active
1742,Support,2024-09-19,2,,45601,active
1743,Ops,2024-09-02,3,2024-12-28,84666,active
1744,Sales,2024-09-08,2,2024-08-08,47944,left
1745,Support,2024-04-04,1,,95861,active
1746,Sales,2024-09-23,1,2024-03-08,61079,active
1747,Marketing,2024-07-25,2,,56948,active
1748,Marketing,2024-02-17,3,,63431,active
1749,Ops,2024-01-27,2,,67294,active
1750,Marketing,2024-03-20,3,,65514,active
1751,Support,2024-05-01,3,2024-09-23,71831,active
1752,Ops,2024-04-22,1,,83291,left
1753,Ops,2024-01-17,1,2024-08-17,49375,active
1754,Support,2024-08-13,2,,44487,active
1755,Marketing,2024-04-11,2,,71042,active
1756,Marketing,2024-10-09,3,2024-02-06,51868,active
1757,Marketing,2024-08-15,1,,41276,active
1758,Marketing,2024-01-10,1,,80768,active
1759,Marketing,2024-03-21,1,,60104,active
1760,Support,2024-09-20,3,,46640,active
1761,Support,2024-05-15,3,2024-09-02,51536,active
1762,Support,2024-01-07,1,,44807,active
1763,Engineering,2024-04-03,2,,110508,active
1764,Engineering,2024-05-22,3,,68568,active
1765,Marketing,2024-08-21,3,,81823,active
1766,Marketing,2024-09-30,1,,91453,active
1767,Sales,2024-04-20,1,2024-10-04,46187,active
1768,Support,2024-02-04,3,,65195,active
1769,Marketing,2024-09-04,1,2024-12-15,59152,active
1770,Support,2024-02-29,3,2024-06-12,98882,active
1771,Support,2024-08-08,1,,70345,active
1772,Marketing,2024-01-16,1,,54238,active
1773,Support,2024-07-14,1,,76054,active
1774,Support,2024-09-13,2,,72776,active
1775,Support,2024-05-03,1,,74302,active
1776,Engineering,2024-06-10,2,,114298,active
1777,Engineering,2024-07-29,1,2024-09-20,71875,left
1778,Support,2024-07-19,2,2024-03-09,57609,active
1779,Support,2024-12-10,3,2024-01-02,57529,active
1780,Marketing,2024-02-17,2,2024-09-25,95649,active
1781,Support,2024-02-24,1,2024-02-29,92706,active
1782,Marketing,2024-04-24,1,2024-10-23,98168,active
1783,Engineering,2024-09-28,1,2024-08-15,80800,active
1784,Marketing,2024-04-22,3,,76880,active
1785,Support,2024-02-15,1,,70128,active
1786,Ops,2024-09-20,2,,53983,left
1787,Sales,2024-07-03,2,2024-11-26,48741,active
1788,Support,2024-09-04,3,,46513,active
1789,Support,2024-11-29,2,,85868,active
1790,Sales,2024-08-09,3,2024-06-21,94234,active
1791,Ops,2024-12-04,1,2024-03-06,70377,active
1792,Support,2024-02-25,1,,94404,active
1793,Engineering,2024-01-24,2,,82607,active
1794,Support,2024-07-30,1,2024-11-16,81542,active
1795,Engineering,2024-08-09,1,,91790,active
1796,Marketing,2024-09-18,2,2024-10-06,89257,active
1797,Engineering,2024-07-16,2,,62064,active
1798,Support,2024-06-13,1,2024-08-16,74342,active
1799,Engineering,2024-12-24,1,2024-12-12,82923,active
1800,Marketing,2024-04-02,3,,61311,active
1801,Support,2024-02-03,3,2024-07-15,52630,active
1802,Sales,2024-02-10,2,,73321,active
1803,Sales,2024-10-31,2,,94278,active
1804,Sales,2024-02-28,2,2024-06-26,48872,active
1805,Engineering,2024-04-15,3,,100453,active
1806,Marketing,2024-03-14,2,2024-02-28,41209,active
1807,Ops,2024-10-03,1,2024-08-27,76001,active
1808,Engineering,2024-10-26,2,,103786,active
1809,Support,2024-02-19,2,,56414,active
1810,Marketing,2024-05-24,2,,78308,active
1811,Engineering,2024-04-26,3,,82737,active
1812,Ops,2024-08-30,2,,71571,active
1813,Ops,2024-09-03,1,,48915,active
1814,Ops,2024-05-06,3,,59909,active
1815,Engineering,2024-05-16,1,2024-07-02,80322,active
1816,Marketing,2024-12-30,1,,67104,active
1817,Engineering,2024-08-12,2,,98428,active
1818,Engineering,2024-11-05,2,,105416,active
1819,Marketing,2024-02-15,1,2024-03-22,72914,active
1820,Support,2024-08-27,1,,70818,active
1821,Marketing,2024-04-25,2,,43264,active
1822,Engineering,2024-07-18,1,,117705,active
1823,Marketing,2024-10-21,1,,77880,active
1824,Ops,2024-03-01,3,,75173,active
1825,Support,2024-01-03,1,,83468,active
1826,Engineering,2024-03-31,2,,83373,active
1827,Marketing,2024-12-14,1,2024-11-01,52639,active
1828,Sales,2024-04-03,3,,69748,active
1829,Ops,2024-12-18,2,2024-01-20,85481,active
1830,Engineering,2024-09-08,3,,77132,active
1831,Engineering,2024-01-06,3,,81440,active
1832,Ops,2024-07-13,2,,97052,active
1833,Sales,2024-12-15,3,,86521,active
1834,Engineering,2024-09-07,2,,117406,left
1835,Sales,2024-02-13,1,,92362,left
1836,Sales,2024-12-19,3,,69092,active
1837,Engineering,2024-05-13,1,2024-10-28,110166,active
1838,Ops,2024-11-24,1,,50933,active
1839,Engineering,2024-10-21,2,2024-01-14,90849,active
1840,Marketing,2024-06-14,3,,76578,active
1841,Sales,2024-06-23,3,,64374,left
1842,Ops,2024-05-12,1,2024-10-01,50582,active
1843,Ops,2024-07-04,2,,58545,left
1844,Ops,2024-03-29,2,2024-06-01,43374,active
1845,Ops,2024-09-09,1,,49867,active
1846,Sales,2024-08-18,2,2024-11-09,49713,left
1847,Sales,2024-02-16,3,2024-04-07,68785,active
1848,Support,2024-05-27,1,,91296,active
1849,Marketing,2024-11-12,3,2024-11-21,43778,active
1850,Marketing,2024-07-03,1,,99922,active
1851,Engineering,2024-06-15,2,,67806,active
1852,Sales,2024-01-25,1,,80063,active
1853,Engineering,2024-02-11,1,,111860,active
1854,Marketing,2024-03-10,2,,71376,active
1855,Marketing,2024-04-04,1,2024-11-24,97933,left
1856,Engineering,2024-01-04,1,,78216,left
1857,Sales,2024-05-31,3,,90341,active
1858,Marketing,2024-03-27,2,,46127,active
1859,Support,2024-03-20,2,2024-06-01,62086,active
1860,Marketing,2024-04-20,2,,69783,active
1861,Support,2024-09-10,1,,42823,active
1862,Marketing,2024-07-15,1,2024-01-22,44114,left
1863,Sales,2024-08-28,1,,92344,active
1864,Engineering,2024-05-28,3,2024-07-12,112539,active
1865,Marketing,2024-03-18,2,,61256,active
1866,Engineering,2024-06-15,1,,82624,active
1867,Support,2024-06-22,2,2024-06-27,81502,active
1868,Engineering,2024-07-11,3,,95326,active
1869,Support,2024-03-29,2,,46543,active
1870,Engineering,2024-10-12,1,,87133,active
1871,Support,2024-05-28,2,2024-08-18,53721,active
1872,Marketing,2024-03-05,1,,40430,active
1873,Ops,2024-03-08,3,2024-01-18,51150,active
1874,Support,2024-08-18,2,,52668,active
1875,Support,2024-03-11,1,2024-09-03,42788,active
1876,Ops,2024-09-04,2,,72146,active
1877,Engineering,2024-03-23,3,,82436,active
1878,Ops,2024-11-17,3,,92674,active
1879,Support,2024-06-29,2,,83273,active
1880,Engineering,2024-04-26,3,2024-12-13,86780,active
1881,Engineering,2024-01-26,1,2024-02-22,80607,active
1882,Marketing,2024-04-14,3,,47015,active
1883,Ops,2024-02-09,3,,92115,active
1884,Marketing,2024-08-31,1,,77314,active
1885,Sales,2024-08-02,3,2024-03-04,60677,active
1886,Ops,2024-01-29,3,,55238,active
1887,Marketing,2024-04-21,3,,55013,active
1888,Marketing,2024-08-05,2,,97889,active
1889,Engineering,2024-07-16,1,,63239,active
1890,Support,2024-05-14,1,,42542,active
1891,Marketing,2024-09-20,1,,48821,active
1892,Ops,2024-05-08,3,,50683,active
1893,Engineering,2024-10-14,1,,116988,active
1894,Ops,2024-11-21,3,2024-04-01,79335,active
1895,Sales,2024-04-04,1,,98579,active
1896,Sales,2024-04-06,2,,61569,left
1897,Ops,2024-08-04,2,,52531,active
1898,Marketing,2024-07-04,3,,66790,active
1899,Sales,2024-09-26,1,,97890,active
1900,Engineering,2024-09-14,3,2024-02-11,95838,active
1901,Marketing,2024-09-23,1,2024-10-29,52091,active
1902,Marketing,2024-02-16,3,2024-05-27,82302,active
1903,Marketing,2024-02-08,1,2024-05-10,92366,left
1904,Engineering,2024-11-01,1,,60772,left
1905,Sales,2024-09-01,2,2024-03-04,82541,active
1906,Support,2024-12-29,1,,63728,active
1907,Ops,2024-12-13,1,2024-11-05,72350,active
1908,Support,2024-03-31,3,,80159,active
1909,Sales,2024-03-04,2,,54279,active
1910,Ops,2024-09-06,2,,95032,active
1911,Ops,2024-02-13,3,,80931,active
1912,Engineering,2024-03-02,3,2024-01-07,108050,active
1913,Marketing,2024-05-30,3,,52725,active
1914,Marketing,2024-03-25,3,,99516,active
1915,Ops,2024-11-19,1,2024-03-24,93823,active
1916,Ops,2024-05-30,2,,51613,active
1917,Ops,2024-04-07,1,2024-06-09,71503,active
1918,Support,2024-05-24,2,,60910,left
1919,Sales,2024-07-04,1,,75967,active
1920,Marketing,2024-02-07,3,,42509,active
1921,Marketing,2024-06-26,3,,76614,active
1922,Ops,2024-04-28,3,,93505,left
1923,Support,2024-07-21,1,,69021,active
1924,Sales,2024-09-18,1,2024-01-05,90001,active
1925,Ops,2024-08-10,3,,87521,active
1926,Marketing,2024-07-05,3,,89938,active
1927,Engineering,2024-03-25,3,,117206,active
1928,Engineering,2024-10-14,3,,60101,active
1929,Sales,2024-07-16,2,,53964,active
1930,Support,2024-12-25,1,,82703,active
1931,Engineering,2024-05-08,3,,102977,active
1932,Sales,2024-02-16,1,,82025,active
1933,Ops,2024-11-22,2,,41621,active
1934,Sales,2024-10-05,2,,76031,active
1935,Engineering,2024-04-11,3,2024-04-14,84715,left
1936,Ops,2024-10-28,1,,62373,active
1937,Support,2024-09-30,3,,79024,active
1938,Engineering,2024-03-18,1,2024-04-08,116351,active
1939,Ops,2024-09-13,2,,47476,active
1940,Marketing,2024-01-06,3,,62120,active
1941,Marketing,2024-03-31,2,2024-10-23,97403,active
1942,Ops,2024-09-28,1,,43879,active
1943,Ops,2024-06-17,3,2024-11-01,99527,left
1944,Marketing,2024-04-22,1,2024-07-22,78116,active
1945,Ops,2024-04-05,2,,70754,active
1946,Marketing,2024-10-01,3,,40082,active
1947,Sales,2024-05-05,1,,58429,active
1948,Sales,2024-03-12,3,2024-01-19,87608,active
1949,Sales,2024-04-26,1,,47984,left
1950,Sales,2024-01-21,1,,67675,active
1951,Support,2024-10-14,3,,95671,active
1952,Support,2024-09-24,2,,52077,left
1953,Marketing,2024-11-22,1,,44328,active
1954,Marketing,2024-06-26,3,2024-06-03,65944,active
1955,Support,2024-07-25,1,2024-07-27,95946,active
1956,Support,2024-09-14,3,2024-04-25,94465,active
1957,Engineering,2024-08-04,2,,79641,active
1958,Engineering,2024-09-25,3,2024-07-30,86895,active
1959,Marketing,2024-05-25,2,2024-05-19,91066,active
1960,Ops,2024-07-09,1,,92965,left
1961,Engineering,2024-12-10,2,,99922,active
1962,Marketing,2024-09-17,2,2024-10-10,61387,active
1963,Sales,2024-04-14,3,,56981,left
1964,Engineering,2024-06-22,1,2024-12-22,109189,active
1965,Sales,2024-03-29,1,,59672,active
1966,Marketing,2024-02-07,2,2024-08-19,72553,active
1967,Marketing,2024-07-14,2,,51020,active
1968,Marketing,2024-03-11,2,2024-07-16,61221,left
1969,Ops,2024-03-15,1,,46650,active
1970,Marketing,2024-07-30,2,,94755,left
1971,Ops,2024-06-23,3,,40699,active
1972,Support,2024-08-07,1,2024-11-11,75007,active
1973,Sales,2024-09-08,3,,53993,active
1974,Engineering,2024-12-13,1,,119168,active
1975,Ops,2024-03-28,3,,41300,active
1976,Sales,2024-10-15,1,,53399,active
1977,Marketing,2024-01-06,2,,73135,active
1978,Ops,2024-06-22,3,,59041,active
1979,Sales,2024-05-03,2,,87891,active
1980,Sales,2024-11-04,1,2024-03-06,48707,active
1981,Engineering,2024-03-15,1,2024-07-01,117411,active
1982,Support,2024-01-20,3,,71385,active
1983,Sales,2024-04-11,1,2024-03-16,64968,active
1984,Ops,2024-12-29,3,2024-02-23,51127,active
1985,Sales,2024-05-10,3,,47409,active
1986,Marketing,2024-05-22,1,,86491,active
1987,Ops,2024-04-07,2,,62959,active
1988,Marketing,2024-11-24,3,,56070,active
1989,Sales,2024-03-24,1,2024-07-09,62504,active
1990,Ops,2024-06-24,2,2024-01-26,53206,active
1991,Sales,2024-09-01,3,,57759,active
1992,Ops,2024-01-16,1,,50624,active
1993,Engineering,2024-06-06,3,,92285,active
1994,Support,2024-03-12,1,,48767,active
1995,Engineering,2024-07-11,2,,71465,active
1996,Support,2024-11-15,1,,56135,active
1997,Sales,2024-05-06,3,,66876,active
1998,Ops,2024-12-02,3,,74021,active
1999,Ops,2024-09-19,2,,40393,active
2000,Engineering,2024-01-28,2,,114297,active
2001,Sales,2024-10-04,3,2024-02-15,54679,active
2002,Ops,2024-02-04,3,2024-01-19,79871,active
2003,Sales,2024-04-04,2,,65091,active
2004,Sales,2024-03-17,2,2024-10-22,58690,active
2005,Marketing,2024-07-20,1,,69749,left
2006,Marketing,2024-04-07,2,,57058,active
2007,Ops,2024-12-18,3,2024-07-10,50152,active
2008,Engineering,2024-06-13,3,2024-07-08,85736,left
2009,Sales,2024-05-08,3,,53258,active
2010,Sales,2024-06-18,3,,89695,active
2011,Marketing,2024-10-10,2,,47020,active
2012,Marketing,2024-12-09,1,,78718,active
2013,Marketing,2024-03-10,3,,84655,active
2014,Ops,2024-04-27,2,,43872,active
2015,Support,2024-12-07,3,,78229,active
2016,Sales,2024-12-17,2,,97647,left
2017,Sales,2024-01-15,3,2024-07-09,76131,active
2018,Engineering,2024-12-16,3,,114321,active
2019,Marketing,2024-07-27,1,2024-01-20,66964,active
2020,Engineering,2024-07-21,1,,108840,active
2021,Ops,2024-02-16,2,,40761,active
2022,Support,2024-02-02,2,,64903,active
2023,Sales,2024-05-10,2,,57362,active
2024,Engineering,2024-01-22,1,,86676,active
2025,Engineering,2024-12-03,3,,78702,active
2026,Support,2024-10-14,1,,86904,active
2027,Marketing,2024-09-22,1,2024-01-06,80367,active
2028,Support,2024-09-20,3,2024-08-28,90218,active
2029,Sales,2024-10-11,3,2024-10-05,70304,active
2030,Marketing,2024-07-25,1,,41258,active
2031,Marketing,2024-08-03,2,,87011,active
2032,Ops,2024-04-11,2,,79510,active
2033,Ops,2024-01-03,2,,63034,active
2034,Support,2024-12-09,3,,77549,active
2035,Support,2024-04-15,2,2024-10-05,86204,active
2036,Engineering,2024-08-23,2,,97561,active
2037,Marketing,2024-02-21,3,2024-03-09,76058,left
2038,Support,2024-05-25,3,,52758,active
2039,Engineering,2024-08-05,1,,107109,active
2040,Sales,2024-08-24,2,2024-03-17,69545,active
2041,Engineering,2024-08-30,2,,95956,active
2042,Ops,2024-08-10,2,,91833,active
2043,Ops,2024-05-08,3,,98934,active
2044,Ops,2024-07-10,2,,80985,active
2045,Support,2024-05-07,1,,91417,active
2046,Engineering,2024-06-06,1,,98397,active
2047,Sales,2024-10-05,3,,56259,left
2048,Sales,2024-04-18,3,2024-09-02,77264,active
2049,Engineering,2024-11-06,3,,103221,active
2050,Support,2024-06-24,3,2024-05-31,60241,active
2051,Support,2024-09-21,1,,81542,active
2052,Ops,2024-06-07,2,,77315,active
2053,Engineering,2024-03-13,1,,72074,active
2054,Marketing,2024-10-19,3,2024-05-16,89181,active
2055,Marketing,2024-08-02,2,,95316,active
2056,Ops,2024-03-10,3,,84417,active
2057,Marketing,2024-10-15,2,2024-01-04,76887,active
2058,Engineering,2024-05-19,2,2024-03-18,63017,left
2059,Ops,2024-04-27,3,2024-08-14,66014,left
2060,Support,2024-02-12,2,,74060,active
2061,Marketing,2024-05-05,2,,90276,active
2062,Sales,2024-01-27,3,2024-12-21,59011,active
2063,Marketing,2024-04-19,1,,87690,active
2064,Marketing,2024-10-23,1,,83277,left
2065,Sales,2024-06-04,1,,54429,active
2066,Ops,2024-02-06,3,,46799,left
2067,Marketing,2024-01-06,2,2024-08-28,84924,active
2068,Marketing,2024-05-28,1,2024-04-23,79499,active
2069,Support,2024-03-11,2,2024-01-31,50047,active
2070,Support,2024-07-03,3,,61713,active
2071,Marketing,2024-04-22,2,2024-05-24,55551,active
2072,Marketing,2024-02-19,2,,99107,active
2073,Support,2024-11-25,1,,45691,active
2074,Support,2024-08-16,1,,54705,active
2075,Engineering,2024-06-28,1,,108065,active
2076,Sales,2024-10-14,2,,91003,active
2077,Engineering,2024-03-23,2,2024-04-05,107160,active
2078,Engineering,2024-03-12,3,2024-05-18,106518,active
2079,Sales,2024-09-10,2,,61839,active
2080,Ops,2024-01-15,1,2024-05-25,60031,left
2081,Sales,2024-04-15,1,,98579,active
2082,Support,2024-10-09,3,,55241,active
2083,Marketing,2024-06-15,3,2024-01-31,99626,active
2084,Ops,2024-01-04,3,,62425,active
2085,Sales,2024-04-28,3,2024-04-08,75752,active
2086,Sales,2024-12-19,3,,60501,active
2087,Marketing,2024-08-11,2,2024-01-24,95368,active
2088,Ops,2024-07-19,1,2024-02-15,87236,left
2089,Support,2024-04-16,3,2024-10-12,68002,active
2090,Support,2024-04-29,2,,46072,left
2091,Engineering,2024-02-11,3,,61545,active
2092,Marketing,2024-11-26,2,,65495,active
2093,Sales,2024-06-13,3,,91896,active
2094,Ops,2024-06-25,3,2024-09-25,71868,active
2095,Sales,2024-07-26,3,2024-11-23,83000,active
2096,Engineering,2024-07-17,3,,101093,left
2097,Marketing,2024-07-26,2,,84112,active
2098,Ops,2024-09-22,1,2024-09-02,90910,active
2099,Sales,2024-09-10,3,2024-01-11,65600,active
2100,Engineering,2024-07-09,3,,103220,active
2101,Engineering,2024-09-13,3,,92660,active
2102,Support,2024-05-30,3,,95439,active
2103,Sales,2024-10-03,3,2024-12-24,67534,active
2104,Support,2024-11-02,1,,80669,left
2105,Engineering,2024-06-03,1,,115840,active
2106,Support,2024-01-15,3,2024-12-20,47863,active
2107,Sales,2024-03-26,1,,98283,active
2108,Marketing,2024-03-15,1,,63194,active
2109,Engineering,2024-03-26,3,,102698,active
2110,Ops,2024-03-17,1,2024-01-18,52707,active
2111,Sales,2024-02-02,1,,53389,active
2112,Marketing,2024-02-24,2,,58537,active
2113,Support,2024-02-17,2,2024-08-29,62443,active
2114,Engineering,2024-05-21,2,2024-03-21,60807,active
2115,Sales,2024-09-20,3,,48421,left
2116,Support,2024-08-17,1,,65708,active
2117,Marketing,2024-12-30,3,2024-02-19,78249,active
2118,Marketing,2024-08-03,1,,77700,active
2119,Marketing,2024-04-08,1,,40799,active
2120,Sales,2024-10-03,1,,81704,active
2121,Marketing,2024-08-25,2,2024-10-14,70055,active
2122,Sales,2024-09-25,2,,62510,active
2123,Support,2024-08-01,2,2024-10-23,67413,active
2124,Sales,2024-04-01,2,,57754,left
2125,Support,2024-01-02,2,,64683,left
2126,Marketing,2024-07-19,3,,53214,active
2127,Sales,2024-08-05,1,,85795,active
2128,Sales,2024-01-01,2,,47920,active
2129,Sales,2024-04-20,1,2024-06-01,76516,active
2130,Marketing,2024-05-28,1,,54869,active
2131,Support,2024-09-21,3,,85254,active
2132,Sales,2024-09-17,3,,41443,active
2133,Ops,2024-11-22,2,2024-11-04,66840,left
2134,Support,2024-02-11,2,,58570,active
2135,Engineering,2024-07-17,3,2024-10-14,117543,active
2136,Marketing,2024-06-24,2,,48961,active
2137,Marketing,2024-05-02,3,,40994,active
2138,Ops,2024-06-23,2,,87289,active
2139,Marketing,2024-01-07,3,,72702,left
2140,Sales,2024-07-27,2,,81767,active
2141,Ops,2024-12-04,1,2024-04-23,49586,active
2142,Marketing,2024-07-24,3,,88272,active
2143,Ops,2024-02-14,2,,95586,active
2144,Support,2024-04-29,1,,52564,active
2145,Sales,2024-02-14,1,,99418,active
2146,Sales,2024-08-02,3,2024-06-27,95022,active
2147,Support,2024-09-06,1,,67907,active
2148,Marketing,2024-11-04,2,,97512,active
2149,Engineering,2024-12-17,2,,92107,active
2150,Support,2024-03-05,3,,94460,active
2151,Engineering,2024-08-10,3,,73573,active
2152,Engineering,2024-11-05,2,,72574,active
2153,Ops,2024-03-17,2,,73055,active
2154,Ops,2024-11-12,1,,87692,left
2155,Engineering,2024-07-16,1,2024-12-04,97786,active
2156,Ops,2024-12-16,3,2024-01-05,42106,left
2157,Engineering,2024-03-09,2,,95908,active
2158,Support,2024-10-07,2,2024-05-09,92641,active
2159,Support,2024-03-13,3,2024-06-01,89136,active
2160,Support,2024-06-12,1,,53370,active
2161,Ops,2024-12-19,2,,59533,active
2162,Engineering,2024-05-03,3,2024-07-27,85685,active
2163,Marketing,2024-04-18,1,,64652,active
2164,Engineering,2024-12-19,3,,72406,active
2165,Engineering,2024-12-10,3,2024-11-30,69884,active
2166,Marketing,2024-04-19,2,,66317,active
2167,Support,2024-09-15,3,,43629,left
2168,Sales,2024-06-30,3,2024-12-05,96353,active
2169,Support,2024-05-06,2,,77327,active
2170,Sales,2024-04-24,2,,81015,active
2171,Support,2024-01-07,1,,50381,active
2172,Ops,2024-08-21,2,,90303,active
2173,Sales,2024-11-28,2,,71216,active
2174,Marketing,2024-04-08,1,,95105,active
2175,Ops,2024-12-12,2,,51531,active
2176,Marketing,2024-12-17,3,,70626,active
2177,Engineering,2024-08-27,1,,65183,active
2178,Marketing,2024-05-31,2,2024-12-03,98655,active
2179,Engineering,2024-11-22,3,,69099,active
2180,Marketing,2024-12-08,3,,76493,active
2181,Marketing,2024-09-27,2,,58182,active
2182,Sales,2024-09-04,1,,91850,left
2183,Support,2024-05-07,3,,42511,active
2184,Support,2024-08-06,2,,85847,active
2185,Marketing,2024-07-27,2,,97578,active
2186,Marketing,2024-03-15,1,,91335,active
2187,Sales,2024-01-08,3,,60134,active
2188,Sales,2024-01-30,2,,69982,active
2189,Engineering,2024-01-19,3,,98691,active
2190,Engineering,2024-10-10,2,2024-02-27,98671,active
2191,Ops,2024-06-05,3,,53168,active
2192,Marketing,2024-03-26,2,2024-08-27,83774,active
2193,Support,2024-09-16,1,,50481,left
2194,Marketing,2024-09-18,3,,65047,active
2195,Support,2024-11-03,1,,53293,left
2196,Engineering,2024-07-17,2,2024-07-14,76604,active
2197,Engineering,2024-04-14,3,,81809,active
2198,Engineering,2024-09-30,3,,87041,active
2199,Engineering,2024-01-15,2,2024-03-18,97013,left
2200,Sales,2024-09-15,2,,82041,active
2201,Marketing,2024-12-17,2,,57619,active
2202,Ops,2024-08-16,3,,91620,active
2203,Sales,2024-01-20,3,,43647,active
2204,Engineering,2024-08-12,1,,98871,active
2205,Ops,2024-07-07,1,,48790,active
2206,Sales,2024-06-22,3,,42521,active
2207,Ops,2024-08-05,2,,63353,active
2208,Support,2024-04-05,1,,90489,active
2209,Marketing,2024-02-21,2,,48075,active
2210,Engineering,2024-04-19,3,2024-11-17,116911,active
2211,Sales,2024-09-12,2,,81059,active
2212,Sales,2024-07-29,1,2024-11-20,73452,active
2213,Engineering,2024-02-15,3,,78359,active
2214,Ops,2024-02-12,2,,85841,active
2215,Ops,2024-04-19,3,,46493,active
2216,Sales,2024-03-24,3,,43630,active
2217,Ops,2024-06-19,2,,50058,active
2218,Sales,2024-09-30,3,,62291,active
2219,Ops,2024-04-13,1,2024-09-25,41783,active
2220,Marketing,2024-01-29,1,,84666,active
2221,Marketing,2024-06-10,2,,96329,active
2222,Marketing,2024-04-04,2,,59105,left
2223,Marketing,2024-07-01,2,,43353,active
2224,Marketing,2024-11-02,3,,62420,active
2225,Engineering,2024-10-25,1,2024-02-14,107473,active
2226,Support,2024-07-21,3,,68526,left
2227,Support,2024-11-23,1,,97111,active
2228,Engineering,2024-07-09,3,,87664,active
2229,Ops,2024-04-20,1,2024-11-18,62425,active
2230,Ops,2024-02-16,3,,90820,active
2231,Marketing,2024-11-14,2,2024-10-12,88655,active
2232,Ops,2024-09-18,2,,98874,active
2233,Marketing,2024-01-03,1,2024-06-16,69727,active
2234,Sales,2024-10-22,1,,60855,active
2235,Engineering,2024-07-13,2,,69482,active
2236,Support,2024-05-16,1,,80272,active
2237,Support,2024-08-04,3,,45978,active
2238,Marketing,2024-04-02,2,2024-04-27,87720,active
2239,Support,2024-02-04,2,2024-05-26,72900,active
2240,Marketing,2024-03-22,3,2024-08-26,57502,active
2241,Engineering,2024-05-13,1,,100186,active
2242,Marketing,2024-09-11,3,,95084,active
2243,Engineering,2024-03-04,3,,100061,active
2244,Support,2024-05-14,3,,82841,active
2245,Sales,2024-04-15,1,,50609,active
2246,Ops,2024-08-11,2,,87459,active
2247,Ops,2024-07-29,1,2024-06-17,53657,active
2248,Engineering,2024-07-21,1,2024-11-03,94454,active
2249,Ops,2024-05-04,2,,70926,active
2250,Marketing,2024-08-26,1,,72743,active
2251,Marketing,2024-07-06,1,,69199,active
2252,Support,2024-04-13,1,,61265,active
2253,Engineering,2024-01-15,1,,91481,left
2254,Engineering,2024-05-15,1,,60247,active
2255,Marketing,2024-01-13,1,,54249,active
2256,Marketing,2024-07-27,2,,49451,active
2257,Engineering,2024-10-22,1,,103494,active
2258,Sales,2024-01-26,2,,41154,active
2259,Engineering,2024-11-21,2,2024-12-01,111918,active
2260,Marketing,2024-12-28,1,,53302,active
2261,Engineering,2024-04-02,2,2024-04-05,113981,active
2262,Sales,2024-08-07,2,2024-11-14,51023,left
2263,Ops,2024-08-26,1,2024-12-17,44294,active
2264,Ops,2024-08-09,1,,46973,active
2265,Marketing,2024-03-16,3,,90783,active
2266,Support,2024-12-17,3,2024-05-08,64742,active
2267,Marketing,2024-09-20,1,,41190,active
2268,Ops,2024-11-07,3,2024-10-02,61556,active
2269,Marketing,2024-03-28,1,2024-08-19,86898,active
2270,Marketing,2024-05-20,2,2024-07-30,40001,active
2271,Ops,2024-04-26,2,,45886,active
2272,Ops,2024-03-20,2,,46019,active
2273,Sales,2024-07-27,3,2024-02-29,58390,active
2274,Ops,2024-08-20,1,,85936,active
2275,Sales,2024-02-18,1,2024-09-30,46656,active
2276,Support,2024-08-30,1,,90141,active
2277,Support,2024-01-20,1,,42782,active
2278,Engineering,2024-06-12,3,,108974,active
2279,Marketing,2024-05-24,3,,63036,active
2280,Sales,2024-08-22,1,,81871,active
2281,Sales,2024-04-18,2,,70319,active
2282,Marketing,2024-11-25,1,2024-06-27,85735,active
2283,Engineering,2024-03-19,3,2024-10-07,67701,active
2284,Engineering,2024-09-11,1,,112934,active
2285,Engineering,2024-04-08,2,2024-10-22,96456,active
2286,Ops,2024-04-12,1,,71580,active
2287,Marketing,2024-12-27,1,,55057,active
2288,Sales,2024-12-11,2,2024-11-29,61761,active
2289,Support,2024-08-05,3,,62592,active
2290,Engineering,2024-06-27,3,,103444,active
2291,Support,2024-05-22,1,,49386,active
2292,Engineering,2024-05-03,2,,74896,active
2293,Support,2024-08-24,3,2024-03-26,42398,active
2294,Engineering,2024-05-10,3,,105441,left
2295,Support,2024-10-09,1,2024-04-27,77309,active
2296,Ops,2024-05-06,2,,88637,active
2297,Engineering,2024-10-04,3,2024-05-12,76866,active
2298,Marketing,2024-05-06,1,,74354,active
2299,Support,2024-12-04,2,,66366,active
2300,Support,2024-08-19,3,,91198,active
2301,Engineering,2024-08-24,2,2024-07-01,103366,active
2302,Support,2024-09-30,2,2024-04-17,90168,active
2303,Engineering,2024-12-09,1,2024-07-17,78671,active
2304,Marketing,2024-09-05,3,2024-04-05,93053,active
2305,Sales,2024-11-24,2,,52849,active
2306,Ops,2024-01-07,3,2024-01-07,91985,left
2307,Ops,2024-08-28,1,,46394,active
2308,Sales,2024-12-11,3,2024-01-25,71511,active
2309,Sales,2024-05-24,1,2024-06-22,75431,active
2310,Ops,2024-04-23,1,,75157,active
2311,Sales,2024-09-01,1,2024-11-18,79537,active
2312,Marketing,2024-03-15,3,,48646,active
2313,Support,2024-12-29,2,,96757,active
2314,Engineering,2024-07-14,3,2024-11-03,84487,active
2315,Marketing,2024-07-30,1,,49345,active
2316,Support,2024-12-27,1,2024-07-08,97114,active
2317,Marketing,2024-01-05,1,2024-11-15,74527,active
2318,Engineering,2024-02-15,2,,76601,active
2319,Marketing,2024-11-05,2,,69378,active
2320,Marketing,2024-09-18,1,,83783,active
2321,Ops,2024-10-25,3,,66898,active
2322,Marketing,2024-03-11,3,2024-10-28,65531,active
2323,Engineering,2024-06-18,2,2024-10-27,96217,active
2324,Sales,2024-11-29,2,2024-02-25,55093,active
2325,Engineering,2024-08-27,1,,62179,active
2326,Ops,2024-06-05,1,,62375,active
2327,Ops,2024-10-24,2,,57942,active
2328,Support,2024-04-01,2,,84919,active
2329,Sales,2024-10-12,3,,71515,left
2330,Ops,2024-09-04,2,,51458,left
2331,Sales,2024-06-28,2,,63421,active
2332,Support,2024-06-14,3,,63077,active
2333,Ops,2024-12-22,2,,95224,active
2334,Engineering,2024-10-20,1,,98076,active
2335,Support,2024-07-22,3,,83986,active
2336,Ops,2024-01-07,3,,91537,active
2337,Engineering,2024-08-10,2,,100005,active
2338,Support,2024-07-24,3,,85123,left
2339,Sales,2024-12-19,2,2024-07-21,92468,active
2340,Engineering,2024-11-23,2,,81995,active
2341,Marketing,2024-05-24,1,2024-08-31,99838,active
2342,Marketing,2024-03-25,3,,82450,active
2343,Marketing,2024-09-02,2,,67646,active
2344,Sales,2024-07-16,2,,99831,active
2345,Sales,2024-02-07,1,,92739,active
2346,Engineering,2024-07-02,3,,70539,active
2347,Support,2024-02-25,2,,89463,active
2348,Ops,2024-08-16,1,,90189,active
2349,Marketing,2024-02-27,1,,50688,active
2350,Sales,2024-04-14,2,2024-06-16,58201,active
2351,Support,2024-09-19,3,,92020,active
2352,Support,2024-10-12,1,,45225,active
2353,Sales,2024-07-05,1,,62928,active
2354,Engineering,2024-08-26,3,,67086,active
2355,Support,2024-01-04,1,,86048,left
2356,Support,2024-06-04,3,,63486,left
2357,Marketing,2024-03-27,2,2024-05-04,55710,active
2358,Sales,2024-12-26,3,,84075,active
2359,Engineering,2024-06-22,1,2024-06-16,84036,active
2360,Sales,2024-10-29,1,,78885,left
2361,Support,2024-07-27,1,,86112,left
2362,Ops,2024-04-11,1,,60256,active
2363,Ops,2024-05-22,3,2024-04-05,64013,active
2364,Marketing,2024-04-07,2,2024-03-06,77173,active
2365,Ops,2024-07-12,2,,88571,active
2366,Marketing,2024-02-19,1,2024-06-14,60978,active
2367,Support,2024-03-03,3,,42234,active
2368,Engineering,2024-03-01,3,2024-02-15,74508,active
2369,Ops,2024-09-11,3,,96464,active
2370,Sales,2024-05-25,3,,81590,active
2371,Marketing,2024-11-12,2,,70328,left
2372,Marketing,2024-02-23,2,,97382,active
2373,Marketing,2024-08-15,3,,77561,active
2374,Marketing,2024-10-16,1,,58948,active
2375,Support,2024-07-14,2,,75828,active
2376,Marketing,2024-09-27,2,2024-08-28,45712,active
2377,Sales,2024-12-07,3,,70768,active
2378,Marketing,2024-06-23,3,,57384,active
2379,Sales,2024-02-07,2,2024-06-26,93418,active
2380,Marketing,2024-04-30,1,2024-10-19,70271,active
2381,Engineering,2024-06-27,1,2024-12-17,65161,active
2382,Support,2024-05-06,1,,62132,active
2383,Sales,2024-04-16,2,,66325,active
2384,Engineering,2024-04-15,1,2024-06-29,112189,active
2385,Engineering,2024-04-21,3,2024-10-29,109754,active
2386,Ops,2024-10-18,3,2024-08-22,90433,active
2387,Marketing,2024-12-22,2,2024-01-06,48267,active
2388,Sales,2024-10-05,1,2024-12-14,46240,active
2389,Ops,2024-01-06,3,,41781,active
2390,Marketing,2024-08-15,1,,93003,active
2391,Ops,2024-06-01,2,2024-08-14,85277,active
2392,Support,2024-07-22,3,2024-08-21,97008,active
2393,Sales,2024-05-13,2,2024-04-18,70203,active
2394,Engineering,2024-12-18,2,,66304,active
2395,Engineering,2024-10-20,3,,66614,active
2396,Marketing,2024-05-21,3,2024-08-17,48475,active
2397,Support,2024-08-26,1,,47420,active
2398,Engineering,2024-11-11,3,,102614,active
2399,Engineering,2024-05-10,2,,90949,active
2400,Engineering,2024-12-08,3,,92627,left
2401,Engineering,2024-09-11,2,,68373,active
2402,Marketing,2024-05-31,1,,61047,active
2403,Sales,2024-04-09,2,,95021,active
2404,Engineering,2024-05-30,1,,111533,active
2405,Ops,2024-03-19,2,,63808,active
2406,Engineering,2024-08-07,2,,73643,active
2407,Ops,2024-08-22,1,2024-08-05,94030,active
2408,Sales,2024-11-19,2,,63773,left
2409,Ops,2024-10-08,1,2024-08-23,80993,active
2410,Sales,2024-01-22,1,,95250,active
2411,Ops,2024-09-26,1,,40635,active
2412,Engineering,2024-12-23,2,,74028,active
2413,Sales,2024-10-25,2,,52086,active
2414,Engineering,2024-03-08,1,2024-05-23,86490,active
2415,Ops,2024-07-25,3,,70497,active
2416,Support,2024-04-15,3,2024-05-14,97477,active
2417,Engineering,2024-02-05,2,2024-06-17,76172,active
2418,Sales,2024-06-19,2,2024-05-10,67320,active
2419,Marketing,2024-03-11,2,2024-04-24,57531,active
2420,Engineering,2024-10-01,3,2024-09-02,87538,active
2421,Engineering,2024-10-23,3,2024-12-10,80782,active
2422,Sales,2024-03-02,1,,99083,active
2423,Support,2024-08-05,2,,78901,active
2424,Support,2024-09-02,1,,41971,active
2425,Engineering,2024-01-25,1,,114870,active
2426,Engineering,2024-08-17,3,,118689,active
2427,Sales,2024-04-11,2,2024-06-02,75442,active
2428,Engineering,2024-06-22,1,2024-07-05,117284,active
2429,Sales,2024-02-10,2,,91982,active
2430,Engineering,2024-05-07,2,,109320,active
2431,Engineering,2024-08-20,2,,97070,active
2432,Engineering,2024-09-05,3,,68846,active
2433,Sales,2024-10-07,2,,42626,active
2434,Marketing,2024-04-07,2,,61408,active
2435,Sales,2024-06-06,1,2024-04-22,98504,active
2436,Sales,2024-05-25,3,2024-01-03,68662,active
2437,Support,2024-05-27,1,,58484,active
2438,Engineering,2024-12-21,2,,75140,active
2439,Marketing,2024-06-20,3,,96331,left
2440,Marketing,2024-07-18,2,,77245,active
2441,Engineering,2024-09-30,1,2024-04-21,81396,active
2442,Ops,2024-05-17,3,,73471,active
2443,Ops,2024-09-15,2,2024-03-27,85913,active
2444,Support,2024-07-31,1,,74090,left
2445,Marketing,2024-05-08,3,2024-05-17,64579,active
2446,Ops,2024-01-29,3,,89744,active
2447,Support,2024-05-06,1,2024-05-02,49533,active
2448,Marketing,2024-12-14,1,,67253,active
2449,Engineering,2024-08-21,2,,115238,active
2450,Sales,2024-12-13,3,,59418,active
2451,Sales,2024-02-28,2,,59698,left
2452,Sales,2024-08-12,3,,56848,active
2453,Marketing,2024-07-25,1,,42033,left
2454,Engineering,2024-02-29,3,2024-09-25,78886,active
2455,Sales,2024-01-27,2,,73045,active
2456,Marketing,2024-02-13,3,,75277,active
2457,Ops,2024-11-14,3,2024-02-20,46751,active
2458,Ops,2024-05-24,3,2024-11-24,74018,active
2459,Marketing,2024-09-13,2,,46850,left
2460,Marketing,2024-07-20,3,,82901,active
2461,Sales,2024-12-19,1,,73538,active
2462,Support,2024-07-09,1,,46206,active
2463,Marketing,2024-01-06,1,2024-11-04,99481,active
2464,Sales,2024-12-03,3,2024-03-15,78434,active
2465,Marketing,2024-06-17,2,,60514,active
2466,Ops,2024-10-06,3,,77845,active
2467,Sales,2024-11-10,1,2024-03-01,84637,active
2468,Ops,2024-02-06,3,,59673,active
2469,Support,2024-06-24,3,2024-10-03,58323,active
2470,Support,2024-03-12,3,2024-05-01,92660,active
2471,Ops,2024-03-18,1,,53096,active
2472,Support,2024-09-05,3,,83052,left
2473,Support,2024-11-03,3,,96861,left
2474,Marketing,2024-08-14,1,2024-01-22,88662,active
2475,Ops,2024-10-16,1,,67880,active
2476,Engineering,2024-08-19,3,,75853,active
2477,Ops,2024-05-05,1,2024-06-07,88233,active
2478,Support,2024-04-15,3,,55034,active
2479,Ops,2024-09-10,1,2024-04-18,40131,active
2480,Ops,2024-02-14,3,,75207,active
2481,Sales,2024-05-27,2,,57905,active
2482,Engineering,2024-04-26,1,2024-10-04,110427,active
2483,Sales,2024-12-03,3,,98948,left
2484,Ops,2024-09-16,2,,83666,active
2485,Ops,2024-06-14,2,,89754,active
2486,Sales,2024-06-05,2,,80002,active
2487,Engineering,2024-12-22,1,,114390,active
2488,Engineering,2024-04-25,2,2024-06-02,82727,active
2489,Engineering,2024-06-11,1,2024-05-24,78663,active
2490,Sales,2024-07-27,1,2024-09-23,87339,active
2491,Sales,2024-08-21,3,,81950,active
2492,Ops,2024-04-13,3,2024-05-15,70555,active
2493,Ops,2024-08-09,2,,95035,active
2494,Support,2024-11-14,1,2024-05-22,56391,active
2495,Support,2024-08-04,1,,41498,active
2496,Ops,2024-04-14,2,,73341,active
2497,Support,2024-07-08,1,,98256,active
2498,Marketing,2024-07-06,2,,53274,active
2499,Sales,2024-05-22,2,2024-08-01,95652,active
2500,Sales,2024-12-01,1,,90988,active
2501,Sales,2024-08-28,3,,85343,active
2502,Ops,2024-01-24,3,2024-04-08,80498,active
2503,Support,2024-03-05,2,2024-03-08,78883,active
2504,Marketing,2024-05-23,1,,79293,active
2505,Marketing,2024-12-26,1,,52971,active
2506,Sales,2024-08-12,3,,41768,active
2507,Ops,2024-04-14,3,2024-07-22,53971,active
2508,Sales,2024-05-04,1,2024-08-22,93180,active
2509,Engineering,2024-12-10,1,,100226,active
2510,Support,2024-01-29,3,2024-04-05,85256,active
2511,Ops,2024-02-26,3,,78869,active
2512,Marketing,2024-09-04,3,,64484,active
2513,Ops,2024-10-12,1,,72409,active
2514,Marketing,2024-03-04,3,2024-05-13,60917,active
2515,Engineering,2024-09-12,2,,61575,active
2516,Sales,2024-01-17,1,,49446,active
2517,Engineering,2024-09-18,1,,85072,active
2518,Support,2024-01-27,1,2024-05-06,99822,active
2519,Engineering,2024-05-05,1,,106502,active
2520,Ops,2024-08-06,1,2024-03-18,92575,active
2521,Ops,2024-01-26,1,2024-03-02,77101,active
2522,Engineering,2024-08-05,3,,73626,active
2523,Sales,2024-04-17,3,,44874,active
2524,Support,2024-04-03,2,2024-05-25,45801,active
2525,Sales,2024-12-17,3,,45995,active
2526,Support,2024-01-30,3,2024-08-10,90374,active
2527,Ops,2024-01-01,1,2024-04-02,85851,left
2528,Sales,2024-10-21,2,,95546,active
2529,Support,2024-01-08,3,2024-11-07,95399,active
2530,Marketing,2024-08-29,1,,71454,left
2531,Ops,2024-03-17,2,,73551,active
2532,Marketing,2024-07-09,3,,72873,left
2533,Support,2024-08-13,2,,50596,active
2534,Sales,2024-05-10,2,,61495,active
2535,Engineering,2024-03-09,3,2024-02-09,102498,active
2536,Marketing,2024-07-20,3,,78531,left
2537,Marketing,2024-11-25,2,,72038,active
2538,Support,2024-04-20,1,,50534,active
2539,Marketing,2024-07-16,3,,91681,active
2540,Ops,2024-04-05,3,2024-09-22,63946,active
2541,Marketing,2024-10-17,2,,53578,active
2542,Marketing,2024-01-30,2,,45537,active
2543,Ops,2024-06-24,1,2024-11-24,90354,active
2544,Support,2024-01-31,2,2024-01-21,70458,active
2545,Ops,2024-04-26,2,2024-08-21,71380,active
2546,Marketing,2024-12-13,1,2024-11-28,97686,active
2547,Support,2024-09-04,2,2024-09-12,79529,active
2548,Ops,2024-12-01,1,,57691,active
2549,Sales,2024-11-11,1,,93480,active
2550,Ops,2024-07-16,2,,82397,active
2551,Support,2024-09-12,2,,56520,active
2552,Ops,2024-07-28,3,,68311,active
2553,Engineering,2024-08-03,3,2024-08-21,104523,active
2554,Ops,2024-05-28,3,,94273,active
2555,Marketing,2024-06-04,1,2024-05-15,80107,active
2556,Support,2024-11-04,3,2024-02-19,42327,active
2557,Ops,2024-08-16,1,,45646,active
2558,Engineering,2024-08-06,1,,110099,active
2559,Marketing,2024-10-07,3,,81376,left
2560,Marketing,2024-04-24,3,,57756,active
2561,Support,2024-03-18,3,,91459,active
2562,Engineering,2024-10-11,3,2024-08-22,94745,active
2563,Sales,2024-10-04,3,2024-08-06,58079,active
2564,Sales,2024-04-28,3,2024-06-05,93573,active
2565,Ops,2024-01-13,1,,73026,active
2566,Engineering,2024-02-06,2,,102999,active
2567,Sales,2024-09-11,2,2024-01-16,87112,active
2568,Ops,2024-12-26,1,,99960,active
2569,Marketing,2024-02-03,2,2024-05-04,91968,active
2570,Engineering,2024-08-05,2,,78459,active
2571,Engineering,2024-03-27,1,,96519,active
2572,Support,2024-02-18,2,,44232,active
2573,Support,2024-08-25,1,2024-10-22,98399,active
2574,Engineering,2024-06-29,3,,63764,left
2575,Support,2024-08-28,1,,89824,left
2576,Engineering,2024-11-09,3,,97355,active
2577,Support,2024-12-28,3,,93056,left
2578,Support,2024-08-24,3,2024-10-15,44521,active
2579,Sales,2024-02-14,2,2024-08-14,47365,active
2580,Support,2024-09-06,3,2024-11-19,46427,active
2581,Ops,2024-05-03,2,2024-11-01,98636,active
2582,Sales,2024-05-09,2,,72542,active
2583,Ops,2024-08-28,3,,63073,active
2584,Support,2024-09-19,3,,54396,active
2585,Support,2024-04-27,1,2024-09-10,69804,active
2586,Sales,2024-02-18,2,2024-03-30,90073,active
2587,Support,2024-06-20,2,2024-05-03,79450,active
2588,Engineering,2024-09-03,1,2024-12-06,90558,active
2589,Support,2024-01-14,1,,61506,active
2590,Support,2024-09-16,2,,84222,left
2591,Engineering,2024-10-01,2,,64301,active
2592,Ops,2024-05-12,2,,52794,active
2593,Support,2024-02-28,1,2024-08-25,95334,active
2594,Support,2024-06-19,1,2024-02-06,65092,left
2595,Support,2024-10-19,2,,75864,left
2596,Marketing,2024-06-16,1,2024-07-09,96269,active
2597,Sales,2024-11-28,3,,88301,active
2598,Ops,2024-04-02,1,,74506,active
2599,Engineering,2024-12-26,3,,61225,active
2600,Ops,2024-06-20,3,,99415,active
2601,Marketing,2024-05-29,3,2024-11-18,74177,active
2602,Marketing,2024-11-19,3,2024-01-14,88343,left
2603,Engineering,2024-07-31,1,,84481,active
2604,Marketing,2024-01-17,3,2024-03-23,46628,active
2605,Engineering,2024-01-16,3,,90017,active
2606,Engineering,2024-04-10,1,,90110,active
2607,Engineering,2024-07-04,2,,106983,left
2608,Marketing,2024-10-14,3,,57757,active
2609,Sales,2024-07-26,1,,79352,active
2610,Ops,2024-11-13,3,,53912,active
2611,Ops,2024-09-08,2,2024-12-09,70912,active
2612,Marketing,2024-11-08,2,,72242,active
2613,Sales,2024-09-15,1,,93000,active
2614,Sales,2024-06-05,3,,49010,active
2615,Support,2024-08-07,2,,60908,active
2616,Engineering,2024-03-19,3,,100715,left
2617,Support,2024-04-13,2,,60317,left
2618,Support,2024-03-01,2,2024-07-08,58739,active
2619,Engineering,2024-08-10,1,,78636,active
2620,Sales,2024-04-15,3,2024-11-21,70928,active
2621,Ops,2024-04-07,3,,47447,active
2622,Support,2024-11-17,1,,99974,active
2623,Engineering,2024-02-08,1,,99401,active
2624,Engineering,2024-11-20,3,,63828,active
2625,Support,2024-10-03,2,,53863,active
2626,Engineering,2024-03-26,3,,91831,left
2627,Marketing,2024-02-02,3,,48306,active
2628,Engineering,2024-01-12,2,2024-05-11,87135,active
2629,Sales,2024-03-29,3,2024-08-09,76669,active
2630,Sales,2024-11-01,2,,81816,active
2631,Engineering,2024-09-12,1,,70497,active
2632,Ops,2024-09-26,2,,50642,active
2633,Ops,2024-05-05,1,2024-10-28,70578,active
2634,Engineering,2024-03-20,1,,93215,active
2635,Marketing,2024-10-22,3,2024-09-25,94038,active
2636,Engineering,2024-11-17,1,,71590,active
2637,Ops,2024-03-21,3,2024-03-10,47571,active
2638,Engineering,2024-12-14,3,,77155,active
2639,Engineering,2024-09-11,1,2024-03-06,66158,active
2640,Sales,2024-06-23,3,,99232,active
2641,Ops,2024-02-10,1,,86803,active
2642,Ops,2024-07-07,1,,98717,active
2643,Sales,2024-11-01,2,,87514,active
2644,Marketing,2024-07-10,1,,76910,active
2645,Engineering,2024-12-20,1,2024-04-10,71940,active
2646,Support,2024-06-13,3,,79179,active
2647,Ops,2024-09-24,3,,93500,active
2648,Sales,2024-09-05,2,,93193,active
2649,Engineering,2024-02-05,2,,66730,active
2650,Marketing,2024-03-28,3,,72611,active
2651,Engineering,2024-07-18,1,2024-11-04,74564,active
2652,Engineering,2024-01-04,2,,83687,active
2653,Engineering,2024-05-06,1,2024-07-25,76285,active
2654,Support,2024-01-30,2,,92012,active
2655,Ops,2024-06-23,1,,63369,active
2656,Engineering,2024-04-01,3,,110798,active
2657,Engineering,2024-09-03,3,,81041,active
2658,Engineering,2024-03-06,2,,69105,active
2659,Sales,2024-04-28,3,,68625,active
2660,Marketing,2024-09-18,1,2024-11-21,84162,active
2661,Ops,2024-11-24,2,2024-09-27,54092,active
2662,Engineering,2024-08-02,1,,112349,active
2663,Ops,2024-03-17,1,2024-07-12,72924,active
2664,Support,2024-05-16,1,,96246,active
2665,Support,2024-09-25,2,,69860,active
2666,Ops,2024-04-12,1,2024-07-15,92815,active
2667,Ops,2024-07-12,1,,88649,active
2668,Support,2024-05-23,1,,90195,active
2669,Support,2024-10-02,3,,48950,active
2670,Sales,2024-01-09,2,2024-11-15,46904,active
2671,Engineering,2024-10-19,3,,87176,active
2672,Support,2024-01-20,2,,75199,left
2673,Support,2024-08-31,2,,83310,active
2674,Engineering,2024-04-22,1,,75759,active
2675,Marketing,2024-07-01,2,,57668,active
2676,Support,2024-07-16,1,,50580,active
2677,Ops,2024-10-05,1,,82404,active
2678,Sales,2024-03-05,3,,69350,active
2679,Engineering,2024-10-22,3,,87361,active
2680,Support,2024-05-30,2,,81078,active
2681,Support,2024-05-05,3,,49612,active
2682,Engineering,2024-09-09,3,2024-03-27,112842,active
2683,Marketing,2024-11-23,1,,89003,active
2684,Ops,2024-11-21,3,2024-10-04,82296,active
2685,Ops,2024-02-24,1,,78839,active
2686,Ops,2024-09-15,2,,62307,active
2687,Engineering,2024-07-04,3,,107461,left
2688,Support,2024-10-31,2,2024-09-15,94061,left
2689,Sales,2024-09-07,3,2024-01-04,91570,active
2690,Engineering,2024-08-18,1,,73102,active
2691,Support,2024-08-26,3,2024-02-20,41754,active
2692,Engineering,2024-07-13,3,2024-07-10,96937,active
2693,Ops,2024-03-13,3,,75868,active
2694,Ops,2024-03-06,2,,91771,active
2695,Sales,2024-01-14,3,2024-04-18,76972,active
2696,Sales,2024-03-08,3,,44823,active
2697,Ops,2024-04-05,3,,40670,left
2698,Engineering,2024-07-15,3,2024-05-19,98518,active
2699,Sales,2024-08-02,3,,77445,active
2700,Sales,2024-08-13,3,,83647,active
2701,Support,2024-08-17,1,2024-04-08,65424,active
2702,Ops,2024-12-06,3,2024-05-12,45530,active
2703,Ops,2024-04-29,3,2024-10-10,64322,active
2704,Engineering,2024-05-19,2,,114848,active
2705,Engineering,2024-10-20,1,,105148,left
2706,Ops,2024-08-17,1,,91988,active
2707,Sales,2024-03-21,2,2024-01-19,80695,active
2708,Support,2024-12-18,2,2024-10-15,81224,active
2709,Support,2024-10-05,2,,99556,left
2710,Marketing,2024-10-27,1,,43987,active
2711,Support,2024-12-05,1,,44514,left
2712,Support,2024-11-17,1,,88388,active
2713,Sales,2024-07-17,2,,65328,active
2714,Ops,2024-06-11,1,,50383,active
2715,Marketing,2024-03-19,3,2024-06-30,97854,active
2716,Engineering,2024-07-01,3,,108019,active
2717,Ops,2024-05-07,1,2024-08-02,54261,active
2718,Ops,2024-03-25,3,2024-02-15,63313,active
2719,Engineering,2024-05-20,2,,67091,active
2720,Marketing,2024-06-22,2,,47335,active
2721,Marketing,2024-05-29,3,2024-01-17,95410,active
2722,Sales,2024-05-08,3,,92407,active
2723,Marketing,2024-12-07,1,,42446,active
2724,Support,2024-02-14,1,,83588,active
2725,Support,2024-07-20,3,,82501,active
2726,Engineering,2024-05-02,3,,105299,active
2727,Support,2024-08-26,3,,79878,active
2728,Sales,2024-05-21,2,,96082,active
2729,Ops,2024-06-12,1,,88802,active
2730,Sales,2024-06-11,2,,49103,left
2731,Support,2024-07-13,3,2024-06-22,85405,active
2732,Sales,2024-07-27,3,,77935,active
2733,Engineering,2024-10-21,2,,64051,active
2734,Marketing,2024-10-17,3,,45633,active
2735,Support,2024-07-11,2,,72520,active
2736,Support,2024-09-06,3,,76815,active
2737,Support,2024-10-29,3,2024-10-21,85486,active
2738,Sales,2024-02-17,2,,93501,active
2739,Marketing,2024-04-04,3,,63638,active
2740,Support,2024-02-22,1,2024-01-03,82617,active
2741,Marketing,2024-06-06,2,,65320,active
2742,Marketing,2024-11-11,3,,92402,left
2743,Ops,2024-08-08,2,,63663,active
2744,Ops,2024-02-14,3,2024-04-13,60030,active
2745,Support,2024-05-25,2,,89897,active
2746,Support,2024-02-18,2,2024-03-22,55764,active
2747,Ops,2024-03-19,3,,88585,active
2748,Engineering,2024-09-03,1,,95748,active
2749,Support,2024-10-18,2,,54377,active
2750,Engineering,2024-10-05,2,2024-09-30,78769,active
2751,Ops,2024-04-20,2,,73873,active
2752,Support,2024-12-10,3,2024-06-09,75180,active
2753,Marketing,2024-01-01,2,,45422,active
2754,Sales,2024-10-13,2,,52162,active
2755,Support,2024-05-27,1,2024-11-02,42388,active
2756,Sales,2024-07-26,2,,89016,active
2757,Marketing,2024-06-17,3,,95929,active
2758,Support,2024-05-29,2,,90328,active
2759,Engineering,2024-10-30,3,,98131,active
2760,Marketing,2024-06-22,2,2024-05-02,82275,active
2761,Engineering,2024-01-24,2,,95152,active
2762,Sales,2024-10-29,3,,59131,active
2763,Ops,2024-08-23,1,,80111,active
2764,Ops,2024-10-06,1,,91563,active
2765,Ops,2024-06-04,2,2024-05-06,78455,active
2766,Engineering,2024-03-12,1,2024-04-08,115258,active
2767,Ops,2024-04-29,1,,62625,active
2768,Sales,2024-06-08,2,,74572,active
2769,Sales,2024-08-03,2,,90576,active
2770,Marketing,2024-09-30,1,2024-09-08,69012,active
2771,Support,2024-08-05,1,,80447,active
2772,Sales,2024-08-12,1,,49472,active
2773,Engineering,2024-05-21,3,,64155,active
2774,Support,2024-09-10,3,2024-09-13,80688,active
2775,Sales,2024-05-10,2,,58438,active
2776,Engineering,2024-01-03,2,,62605,active
2777,Engineering,2024-01-13,2,2024-05-17,67716,active
2778,Ops,2024-07-08,3,2024-06-17,54550,active
2779,Marketing,2024-01-05,3,,73289,active
2780,Sales,2024-02-27,1,,81860,active
2781,Sales,2024-08-18,2,,84625,active
2782,Marketing,2024-12-14,2,,75531,active
2783,Ops,2024-05-08,1,,82949,active
2784,Engineering,2024-11-29,3,,85637,active
2785,Engineering,2024-07-01,3,,93065,active
2786,Ops,2024-01-01,2,,75654,active
2787,Marketing,2024-05-21,2,,89098,active
2788,Sales,2024-03-31,3,,91118,active
2789,Engineering,2024-04-02,1,,116890,active
2790,Sales,2024-03-08,3,,82464,active
2791,Ops,2024-07-10,1,,46944,active
2792,Marketing,2024-12-11,2,2024-01-13,42942,active
2793,Marketing,2024-11-12,3,2024-05-25,70386,active
2794,Sales,2024-04-29,1,2024-04-05,60965,active
2795,Sales,2024-04-19,2,2024-02-20,69824,active
2796,Ops,2024-12-23,1,,96800,active
2797,Engineering,2024-07-06,1,,94529,active
2798,Marketing,2024-09-18,1,2024-03-03,59883,active
2799,Engineering,2024-06-29,2,,84793,active
2800,Engineering,2024-02-01,1,,91903,active
2801,Support,2024-05-23,1,2024-09-21,63702,active
2802,Sales,2024-04-16,1,2024-08-26,48908,active
2803,Ops,2024-07-09,2,,56534,active
2804,Ops,2024-05-22,1,,57213,active
2805,Engineering,2024-08-06,2,2024-11-22,108261,active
2806,Support,2024-03-12,2,2024-05-05,49400,active
2807,Engineering,2024-07-20,2,,107473,active
2808,Ops,2024-05-10,2,2024-08-23,64627,active
2809,Sales,2024-01-03,1,,66204,active
2810,Marketing,2024-08-31,3,,41369,active
2811,Ops,2024-11-27,3,,61211,active
2812,Support,2024-03-04,3,,58750,active
2813,Ops,2024-08-06,2,,48548,active
2814,Marketing,2024-07-15,3,,75830,active
2815,Marketing,2024-09-16,2,2024-04-14,72386,active
2816,Marketing,2024-06-04,3,,50841,active
2817,Marketing,2024-10-01,2,2024-10-05,62357,active
2818,Ops,2024-04-28,1,,44736,active
2819,Sales,2024-06-21,2,,80735,active
2820,Support,2024-07-18,1,,98008,active
2821,Sales,2024-03-14,2,,76531,active
2822,Ops,2024-06-23,1,2024-02-14,49861,active
2823,Ops,2024-05-01,3,,76028,active
2824,Engineering,2024-08-03,1,,75699,active
2825,Support,2024-01-07,1,,50519,active
2826,Sales,2024-11-08,3,,52076,active
2827,Sales,2024-09-12,3,,41746,active
2828,Engineering,2024-04-13,3,,103064,active
2829,Marketing,2024-02-18,2,,58581,active
2830,Support,2024-08-28,3,2024-08-23,97980,active
2831,Support,2024-01-22,1,,97812,active
2832,Marketing,2024-07-09,2,,93763,active
2833,Engineering,2024-06-07,1,,91238,active
2834,Engineering,2024-04-28,1,2024-10-06,107155,active
2835,Engineering,2024-05-02,2,2024-11-16,107855,left
2836,Engineering,2024-12-26,1,,82849,active
2837,Ops,2024-09-05,3,,73214,active
2838,Ops,2024-04-27,2,,82969,active
2839,Ops,2024-01-30,2,,46377,active
2840,Sales,2024-11-05,3,,67498,active
2841,Ops,2024-04-11,2,2024-08-17,47229,active
2842,Engineering,2024-09-02,1,2024-04-18,81091,active
2843,Engineering,2024-09-14,2,,116018,active
2844,Sales,2024-02-08,2,,67555,active
2845,Engineering,2024-01-11,1,2024-01-06,112939,active
2846,Marketing,2024-03-25,3,,92240,active
2847,Support,2024-06-28,3,,87116,active
2848,Marketing,2024-03-10,2,2024-04-06,68935,active
2849,Support,2024-12-08,3,2024-07-22,40887,active
2850,Support,2024-08-19,2,,87572,active
2851,Sales,2024-08-29,1,2024-10-12,87114,active
2852,Ops,2024-02-29,2,2024-08-13,92935,left
2853,Support,2024-02-09,1,2024-12-13,75909,active
2854,Support,2024-06-07,2,,90097,active
2855,Marketing,2024-05-26,1,,40149,active
2856,Sales,2024-02-03,2,,63079,active
2857,Ops,2024-01-13,3,2024-06-22,78294,active
2858,Marketing,2024-11-03,3,2024-09-08,41800,active
2859,Marketing,2024-06-29,2,,60149,active
2860,Sales,2024-05-09,2,,79140,active
2861,Engineering,2024-01-10,2,,101682,active
2862,Engineering,2024-12-05,3,2024-10-27,103977,active
2863,Ops,2024-12-21,2,2024-07-21,62190,active
2864,Sales,2024-08-15,2,,48319,active
2865,Ops,2024-07-05,1,,57178,active
2866,Sales,2024-03-24,3,,80000,active
2867,Engineering,2024-12-21,1,,108765,active
2868,Sales,2024-07-27,1,2024-12-28,91624,left
2869,Sales,2024-01-20,1,,70476,active
2870,Marketing,2024-04-22,1,,65294,active
2871,Marketing,2024-06-26,2,,43284,active
2872,Sales,2024-06-10,3,2024-09-08,88262,active
2873,Support,2024-04-24,3,,76083,active
2874,Support,2024-09-17,2,,63412,active
2875,Support,2024-06-30,2,,62925,left
2876,Ops,2024-07-03,1,,97639,active
2877,Engineering,2024-08-11,2,,104679,active
2878,Ops,2024-07-08,3,,78034,active
2879,Sales,2024-07-05,2,,74089,left
2880,Marketing,2024-06-01,2,,49910,active
2881,Support,2024-04-06,3,,40736,active
2882,Marketing,2024-11-23,3,,50626,active
2883,Engineering,2024-06-09,3,,108186,active
2884,Engineering,2024-05-26,2,,83188,left
2885,Marketing,2024-11-27,2,,87993,active
2886,Engineering,2024-09-23,3,2024-08-31,81115,active
2887,Sales,2024-09-18,2,2024-02-28,81365,active
2888,Engineering,2024-02-18,3,,98235,left
2889,Ops,2024-02-01,2,,71675,left
2890,Marketing,2024-11-20,2,2024-10-31,74924,active
2891,Marketing,2024-04-30,2,,48454,active
2892,Engineering,2024-01-18,3,,82089,active
2893,Marketing,2024-11-20,2,2024-04-26,79909,active
2894,Sales,2024-09-20,1,2024-10-04,75854,active
2895,Marketing,2024-08-22,1,2024-10-06,46929,active
2896,Marketing,2024-09-19,3,,93796,active
2897,Sales,2024-04-19,2,2024-06-25,88145,active
2898,Ops,2024-05-07,2,,99455,active
2899,Support,2024-05-28,3,,98455,active
2900,Support,2024-07-04,3,,70267,active
2901,Engineering,2024-09-15,1,,87567,active
2902,Sales,2024-09-16,3,,70187,active
2903,Ops,2024-01-03,2,,61719,active
2904,Engineering,2024-05-08,1,,108230,active
2905,Marketing,2024-10-13,3,2024-01-25,53935,active
2906,Marketing,2024-06-20,3,2024-10-06,71774,active
2907,Sales,2024-03-28,3,,48139,left
2908,Support,2024-04-16,1,2024-10-12,91423,active
2909,Engineering,2024-11-17,1,,76208,active
2910,Ops,2024-12-27,3,,44618,active
2911,Marketing,2024-01-28,3,,92039,active
2912,Support,2024-03-16,3,,65726,active
2913,Support,2024-06-15,2,2024-01-02,88377,active
2914,Sales,2024-09-01,3,,78573,active
2915,Support,2024-03-23,2,,64874,active
2916,Ops,2024-09-09,3,,48677,active
2917,Support,2024-06-17,3,2024-07-09,67654,active
2918,Ops,2024-06-23,1,2024-07-30,58743,active
2919,Engineering,2024-08-12,3,2024-07-16,72139,active
2920,Marketing,2024-05-28,1,,97710,active
2921,Engineering,2024-09-24,3,,85839,active
2922,Sales,2024-06-15,1,2024-12-29,42952,active
2923,Ops,2024-11-08,2,,88280,active
2924,Sales,2024-03-14,1,,62729,active
2925,Ops,2024-05-21,1,2024-05-11,63555,active
2926,Marketing,2024-12-17,2,2024-05-04,89216,active
2927,Support,2024-05-08,1,2024-04-16,93523,active
2928,Support,2024-01-05,2,2024-03-23,73734,left
2929,Support,2024-09-30,2,,97964,active
2930,Engineering,2024-03-26,2,2024-06-21,117782,active
2931,Engineering,2024-04-07,3,,73083,active
2932,Sales,2024-04-02,1,2024-02-05,81026,active
2933,Sales,2024-10-18,2,,87609,active
2934,Marketing,2024-03-07,1,2024-07-27,55787,active
2935,Support,2024-08-20,3,,88086,left
2936,Support,2024-09-29,2,,44094,active
2937,Ops,2024-04-23,3,,61794,left
2938,Engineering,2024-06-27,1,,75638,active
2939,Engineering,2024-04-19,3,,75520,active
2940,Ops,2024-07-11,1,,66880,left
2941,Engineering,2024-07-25,2,,66680,active
2942,Engineering,2024-07-25,1,,102502,active
2943,Ops,2024-06-14,3,,61148,active
2944,Ops,2024-08-11,2,2024-03-31,45157,left
2945,Sales,2024-09-22,3,,77446,active
2946,Marketing,2024-08-27,1,,65483,active
2947,Marketing,2024-04-24,2,,43205,active
2948,Sales,2024-04-21,2,2024-07-23,86221,active
2949,Marketing,2024-08-28,2,,81820,active
2950,Ops,2024-06-25,1,2024-01-09,64779,active
2951,Ops,2024-04-07,3,,56699,active
2952,Support,2024-08-18,1,,98586,active
2953,Sales,2024-09-14,3,,76347,active
2954,Support,2024-11-20,2,,47391,left
2955,Engineering,2024-03-10,3,,80383,active
2956,Support,2024-04-09,2,,43084,active
2957,Support,2024-06-24,3,,73096,active
2958,Support,2024-10-30,1,2024-03-14,81071,active
2959,Ops,2024-08-13,1,,55246,active
2960,Ops,2024-03-22,2,,54795,left
2961,Marketing,2024-12-01,2,2024-04-12,64313,left
2962,Marketing,2024-06-08,1,2024-06-16,64961,active
2963,Engineering,2024-10-20,3,2024-10-04,68931,active
2964,Support,2024-04-07,2,,60874,active
2965,Marketing,2024-03-15,3,2024-06-10,57223,active
2966,Sales,2024-01-07,3,,76146,active
2967,Sales,2024-09-24,2,,98852,active
2968,Ops,2024-10-06,1,,47426,active
2969,Ops,2024-06-11,1,,64757,active
2970,Marketing,2024-08-27,3,,63057,active
2971,Engineering,2024-05-06,1,2024-04-09,73040,active
2972,Marketing,2024-12-28,3,,60428,active
2973,Sales,2024-03-19,1,,99059,active
2974,Support,2024-10-08,1,,46358,active
2975,Ops,2024-08-28,1,,64449,active
2976,Support,2024-04-12,3,,42955,active
2977,Support,2024-02-21,2,,95718,active
2978,Support,2024-04-20,3,2024-06-05,90878,left
2979,Engineering,2024-10-02,1,,71285,active
2980,Ops,2024-08-30,2,,56954,active
2981,Marketing,2024-06-17,3,,99598,active
2982,Support,2024-04-03,1,,98393,active
2983,Engineering,2024-06-29,2,2024-06-27,62792,active
2984,Marketing,2024-03-19,1,2024-07-28,77610,active
2985,Marketing,2024-12-25,1,2024-04-10,86570,active
2986,Marketing,2024-11-07,3,,73327,active
2987,Ops,2024-02-08,1,2024-07-09,56275,active
2988,Support,2024-09-24,3,,79174,active
2989,Engineering,2024-11-22,1,,119667,active
2990,Engineering,2024-09-28,1,,113205,active
2991,Engineering,2024-01-27,1,,99633,active
2992,Marketing,2024-02-09,3,,74465,active
2993,Engineering,2024-11-24,2,2024-10-02,97419,active
2994,Ops,2024-01-10,3,2024-01-11,63485,left
2995,Support,2024-02-25,3,,40832,active
2996,Support,2024-11-25,3,,70804,left
2997,Engineering,2024-08-12,3,,62516,active
2998,Sales,2024-09-19,1,,57575,left
2999,Ops,2024-02-03,3,,58242,active
3000,Support,2024-05-12,3,,62334,active
3001,Ops,2024-01-05,2,,41170,active
3002,Support,2024-07-27,1,,74221,active
3003,Engineering,2024-11-30,2,,79213,active
3004,Support,2024-11-17,2,,51131,left
3005,Engineering,2024-02-15,1,2024-03-17,91934,active
3006,Ops,2024-01-30,2,,44179,active
3007,Engineering,2024-07-22,1,2024-10-09,72532,active
3008,Support,2024-03-19,2,,58006,active
3009,Engineering,2024-09-11,2,2024-04-20,63274,active
3010,Support,2024-02-27,3,,59453,active
3011,Ops,2024-06-25,3,2024-08-19,58235,active
3012,Ops,2024-01-14,1,,85815,active
3013,Marketing,2024-10-08,3,,76626,active
3014,Engineering,2024-11-17,2,,105462,active
3015,Ops,2024-08-25,1,2024-03-22,78744,active
3016,Engineering,2024-06-02,2,2024-07-20,116994,active
3017,Ops,2024-12-23,2,2024-11-28,78412,active
3018,Marketing,2024-10-25,3,2024-05-20,91346,active
3019,Ops,2024-06-11,2,2024-11-29,53814,active
3020,Sales,2024-12-24,1,,60802,active
3021,Marketing,2024-11-28,3,2024-01-31,61277,active
3022,Engineering,2024-09-06,1,,90168,active
3023,Sales,2024-11-09,2,2024-02-11,91396,active
3024,Ops,2024-03-25,3,,76755,active
3025,Engineering,2024-06-22,2,2024-12-07,88768,active
3026,Engineering,2024-03-13,3,,72413,active
3027,Ops,2024-05-30,3,,46194,active
3028,Sales,2024-05-19,1,,89550,active
3029,Sales,2024-07-27,1,,74719,active
3030,Sales,2024-03-15,2,,87701,active
3031,Engineering,2024-05-17,2,,93032,active
3032,Engineering,2024-09-21,3,,70262,active
3033,Sales,2024-07-29,1,,74598,active
3034,Engineering,2024-06-24,3,2024-01-31,94689,active
3035,Marketing,2024-08-08,3,,45510,left
3036,Ops,2024-04-28,3,,97331,active
3037,Support,2024-02-03,1,2024-03-24,69616,active
3038,Support,2024-03-12,2,,43337,active
3039,Sales,2024-07-06,1,,76911,active
3040,Sales,2024-07-12,1,,79447,active
3041,Support,2024-08-19,3,,76944,active
3042,Support,2024-02-22,3,2024-04-09,87774,active
3043,Engineering,2024-12-21,2,2024-02-04,74813,active
3044,Sales,2024-09-04,2,,85057,active
3045,Sales,2024-06-06,1,,47081,active
3046,Sales,2024-11-10,3,,97701,active
3047,Support,2024-03-09,3,2024-01-19,71022,active
3048,Ops,2024-08-13,1,,74668,active
3049,Marketing,2024-04-06,2,,48991,active
3050,Marketing,2024-03-23,2,,73157,active
3051,Engineering,2024-04-05,2,,81901,active
3052,Sales,2024-07-12,1,,42791,active
3053,Ops,2024-08-29,1,,67343,active
3054,Ops,2024-04-30,3,,55758,left
3055,Engineering,2024-09-04,2,,107350,active
3056,Marketing,2024-07-29,3,2024-06-01,56135,active
3057,Sales,2024-03-31,1,,79759,active
3058,Ops,2024-05-17,1,,60016,active
3059,Sales,2024-02-22,1,,88855,active
3060,Engineering,2024-12-06,2,,80445,active
3061,Marketing,2024-07-31,3,,95534,active
3062,Marketing,2024-01-14,2,2024-02-02,85396,active
3063,Ops,2024-05-13,1,,76620,active
3064,Sales,2024-02-01,1,,53316,active
3065,Engineering,2024-12-03,3,2024-11-20,81241,left
3066,Ops,2024-12-29,1,,97191,active
3067,Engineering,2024-05-17,2,,103985,active
3068,Engineering,2024-01-02,3,2024-11-11,69088,active
3069,Ops,2024-01-01,1,,46033,active
3070,Engineering,2024-09-07,1,,110080,active
3071,Sales,2024-08-02,1,,69297,active
3072,Marketing,2024-06-18,3,2024-04-27,44542,active
3073,Engineering,2024-06-07,3,2024-08-05,101204,active
3074,Support,2024-07-30,2,,65307,active
3075,Marketing,2024-12-14,3,,41866,left
3076,Marketing,2024-01-27,1,2024-08-17,86478,active
3077,Support,2024-10-22,1,2024-09-02,53680,active
3078,Support,2024-04-05,2,2024-06-02,80250,active
3079,Engineering,2024-09-02,3,2024-07-10,64552,active
3080,Ops,2024-05-19,1,,88157,active
3081,Marketing,2024-04-15,3,2024-05-31,86317,active
3082,Support,2024-04-01,2,,58090,active
3083,Ops,2024-08-29,3,,88838,active
3084,Engineering,2024-04-23,2,,116391,active
3085,Ops,2024-08-10,3,2024-09-15,98452,active
3086,Ops,2024-08-09,1,2024-03-05,59569,active
3087,Ops,2024-12-07,3,,44964,active
3088,Support,2024-11-26,3,,86769,active
3089,Ops,2024-01-27,1,2024-01-08,91780,active
3090,Engineering,2024-11-18,2,,88154,active
3091,Sales,2024-03-13,2,,47707,active
3092,Support,2024-12-30,3,,45123,active
3093,Support,2024-11-25,3,,88915,left
3094,Ops,2024-04-24,2,,76951,active
3095,Marketing,2024-05-03,2,,86728,active
3096,Support,2024-09-04,1,,63075,active
3097,Engineering,2024-11-10,2,,67356,active
3098,Support,2024-07-07,1,,95362,active
3099,Marketing,2024-01-03,1,,88327,active
3100,Marketing,2024-07-13,3,,90519,active
3101,Ops,2024-07-12,2,,87885,active
3102,Sales,2024-11-04,2,,73604,active
3103,Support,2024-03-27,1,2024-01-28,74306,active
3104,Sales,2024-05-16,1,2024-06-26,49606,active
3105,Engineering,2024-06-14,3,,116978,active
3106,Engineering,2024-06-14,1,,90476,active
3107,Engineering,2024-01-05,3,,110465,active
3108,Support,2024-08-01,2,,97163,active
3109,Engineering,2024-01-31,2,,99581,active
3110,Sales,2024-05-13,1,2024-07-07,85634,active
3111,Sales,2024-10-10,2,,40293,active
3112,Support,2024-07-30,2,,70610,active
3113,Engineering,2024-02-16,2,,96153,active
3114,Marketing,2024-07-14,2,,49952,active
3115,Engineering,2024-05-21,3,2024-04-23,104684,active
3116,Ops,2024-07-16,1,,94258,left
3117,Engineering,2024-04-04,1,,66724,active
3118,Sales,2024-12-13,3,,63313,left
3119,Ops,2024-01-20,2,,71054,active
3120,Marketing,2024-10-08,1,,89906,active
3121,Sales,2024-10-06,1,,70101,active
3122,Sales,2024-01-11,2,,75159,left
3123,Marketing,2024-08-11,1,,86472,active
3124,Engineering,2024-06-26,1,,73758,active
3125,Ops,2024-08-23,2,,90348,left
3126,Sales,2024-08-21,2,,90484,active
3127,Sales,2024-03-21,3,,76326,active
3128,Marketing,2024-02-06,3,,71875,active
3129,Sales,2024-01-30,2,2024-04-10,52969,active
3130,Sales,2024-03-21,3,,72791,active
3131,Support,2024-06-21,2,,79253,left
3132,Engineering,2024-04-20,2,,102987,active
3133,Marketing,2024-04-09,3,,62288,active
3134,Engineering,2024-02-20,1,,119867,active
3135,Ops,2024-07-17,3,,67590,active
3136,Sales,2024-05-24,3,2024-09-02,64571,active
3137,Ops,2024-05-25,3,2024-05-12,97882,left
3138,Engineering,2024-05-24,3,2024-01-09,78241,active
3139,Support,2024-09-23,2,2024-02-14,53107,active
3140,Ops,2024-05-03,1,2024-03-26,70023,active
3141,Engineering,2024-11-13,1,,78274,active
3142,Sales,2024-11-27,3,2024-05-22,66034,active
3143,Marketing,2024-07-12,1,,55146,left
3144,Support,2024-03-21,3,2024-10-18,73908,active
3145,Marketing,2024-06-10,3,,79841,active
3146,Ops,2024-01-17,3,,60999,active
3147,Sales,2024-06-26,1,,94527,active
3148,Sales,2024-04-03,1,,94602,left
3149,Support,2024-06-10,3,,41696,active
3150,Support,2024-12-06,3,,61337,active
3151,Ops,2024-12-18,2,,90716,active
3152,Support,2024-06-06,3,2024-05-16,90051,active
3153,Engineering,2024-12-09,2,,108034,active
3154,Engineering,2024-03-16,3,2024-10-19,60539,active
3155,Marketing,2024-04-26,3,,99566,active
3156,Support,2024-10-07,1,,48457,active
3157,Sales,2024-12-28,3,,87777,active
3158,Marketing,2024-09-04,3,,97354,active
3159,Engineering,2024-05-18,1,,83062,active
3160,Ops,2024-02-17,2,,80638,active
3161,Sales,2024-05-25,2,,70726,active
3162,Ops,2024-08-10,3,,61789,active
3163,Sales,2024-02-05,1,,52191,active
3164,Support,2024-10-07,3,2024-04-27,88817,active
3165,Sales,2024-07-07,2,,70903,active
3166,Marketing,2024-07-31,1,2024-12-20,93875,active
3167,Sales,2024-01-02,3,2024-02-24,70648,active
3168,Ops,2024-01-31,3,,99841,active
3169,Marketing,2024-08-18,3,,58185,active
3170,Ops,2024-05-11,3,,78352,active
3171,Marketing,2024-10-31,3,,79937,left
3172,Sales,2024-08-19,2,,85320,active
3173,Sales,2024-06-08,3,,45420,active
3174,Support,2024-04-27,1,2024-05-20,71795,active
3175,Support,2024-10-12,2,2024-05-12,86064,active
3176,Marketing,2024-03-04,3,2024-01-26,59910,active
3177,Engineering,2024-05-07,3,,116664,active
3178,Engineering,2024-06-27,3,,89716,active
3179,Support,2024-06-18,2,2024-06-05,60822,active
3180,Support,2024-10-11,2,2024-12-11,76783,active
3181,Marketing,2024-02-03,2,,75286,active
3182,Sales,2024-02-20,3,,63187,active
3183,Sales,2024-12-14,2,,52407,active
3184,Marketing,2024-07-17,2,,90661,active
3185,Engineering,2024-07-29,1,,74470,left
3186,Sales,2024-04-10,3,,86749,active
3187,Marketing,2024-01-30,2,2024-06-13,62228,left
3188,Sales,2024-08-04,2,,45897,active
3189,Sales,2024-06-22,3,,55372,left
3190,Ops,2024-12-24,3,2024-06-24,69149,active
3191,Engineering,2024-07-04,2,,97119,active
3192,Support,2024-12-11,2,,55719,active
3193,Ops,2024-04-12,3,,82846,active
3194,Ops,2024-04-28,2,2024-10-17,88020,active
3195,Engineering,2024-12-15,1,,115797,active
3196,Sales,2024-04-07,3,,92597,active
3197,Sales,2024-02-15,2,,42906,left
3198,Sales,2024-07-16,3,,99085,active
3199,Sales,2024-06-14,3,,71489,active
3200,Marketing,2024-05-11,1,2024-04-08,67781,active
