date,store,category,units,unit_price,discount_pct,payment_method
2023-12-31,Ikeja,Soil,6,2200,0.05,cash
2023-12-31,Lekki,Other,3,1500,0.2,cash
2023-12-31,Yaba,Tools,2,8000,0,cash
2023-12-31,Yaba,Other,4,1500,0,card
2023-12-31,Surulere,Pots,4,3000,0.1,card
2023-12-31,Surulere,Soil,2,2200,0,transfer
2023-12-31,Surulere,Tools,3,,0,cash
2023-12-31,Ajah,Plants,1,4500,0,transfer
2023-12-31,Ajah,Pots,2,3000,0,card
2023-12-31,Maryland,Other,3,1500,0.1,transfer
2023-12-31,Maryland,Tools,1,8000,0.05,transfer
2023-12-31,Maryland,Soil,0,2200,0,transfer
2024-01-01,Ikeja,Other,2,1500,0.05,cash
2024-01-01,Ikeja,Furniture,4,26000,0,cash
2024-01-01,Lekki,Plants,5,4500,0.05,cash
2024-01-01,Yaba,Tools,1,8000,0,cash
2024-01-01,Yaba,Furniture,4,26000,0.1,card
2024-01-01,Yaba,Furniture,3,26000,0.05,card
2024-01-01,Surulere,Pots,5,3000,0.1,cash
2024-01-01,Surulere,Plants,3,4500,0,card
2024-01-01,Surulere,Furniture,5,26000,0,card
2024-01-01,Ajah,Other,4,1500,0.05,card
2024-01-01,Ajah,Furniture,2,26000,0,cash
2024-01-01,Maryland,Soil,5,2200,0,cash
2024-01-01,Maryland,Other,3,1500,0,cash
2024-01-01,Maryland,Furniture,6,26000,0.05,card
2024-01-02,Ikeja,Furniture,5,26000,0.05,card
2024-01-02,Ikeja,Tools,5,8000,0,card
2024-01-02,Ikeja,Pots,1,3000,0,card
2024-01-02,Lekki,Furniture,5,26000,0,card
2024-01-02,Lekki,Other,4,1500,0.1,card
2024-01-02,Lekki,Plants,3,4500,0.25,cash
2024-01-02,Yaba,Other,4,1500,0,transfer
2024-01-02,Yaba,Soil,1,2200,0,cash
2024-01-02,Surulere,Other,1,1500,0,card
2024-01-02,Surulere,Pots,4,3000,0.05,cash
2024-01-02,Surulere,Other,6,1500,0,card
2024-01-02,Ajah,Tools,3,8000,0,card
2024-01-02,Maryland,Tools,5,8000,0.05,transfer
2024-01-03,Ikeja,Pots,3,3000,0,transfer
2024-01-03,Ikeja,Pots,1,3000,0.1,card
2024-01-03,Ikeja,Soil,3,2200,0.05,cash
2024-01-03,Lekki,Pots,2,3000,0.1,transfer
2024-01-03,Lekki,Other,3,1500,0,card
2024-01-03,Yaba,Pots,4,3000,0,transfer
2024-01-03,Yaba,Plants,3,4500,0,cash
2024-01-03,Yaba,Other,6,1500,0,transfer
2024-01-03,Surulere,Plants,5,4500,0,cash
2024-01-03,Ajah,Pots,5,3000,0.05,cash
2024-01-03,Maryland,Pots,4,3000,0,cash
2024-01-03,Maryland,Other,5,1500,0.1,card
2024-01-03,Marylnd,Pots,1,3000,0,transfer
2024-01-04,Ikeja,Pots,2,3000,0.1,transfer
2024-01-04,Ikeja,Pots,4,3000,0,card
2024-01-04,Lekki,Pots,2,3000,0,cash
2024-01-04,Yaba,Soil,5,2200,0,transfer
2024-01-04,Yaba,Plants,6,4500,0,cash
2024-01-04,Surulere,Soil,6,2200,0.1,transfer
2024-01-04,Ajah,Soil,3,2200,0,cash
2024-01-04,Ajah,Tools,6,8000,0,card
2024-01-04,Ajah,Furniture,1,26000,0,transfer
2024-01-04,Maryland,Pots,6,3000,0,cash
2024-01-05,Ikeja,Pots,5,3000,0,card
2024-01-05,Ikeja,Pots,6,3000,0,cash
2024-01-05,Ikeja,Furniture,5,26000,0.1,cash
2024-01-05,Lekki,Tools,2,8000,0.05,transfer
2024-01-05,Lekki,Tools,3,8000,0.05,transfer
2024-01-05,Yaba,Tools,2,8000,0.1,card
2024-01-05,Surulere,Tools,6,8000,0.05,card
2024-01-05,Surelere,Tools,1,8000,0.1,card
2024-01-05,Ajah,Soil,5,2200,0.05,transfer
2024-01-05,Maryland,Tools,4,8000,0.1,card
2024-01-05,Maryland,Soil,2,2200,0,card
2024-01-06,Ikeja,Plants,3,4500,0,cash
2024-01-06,Ikeja,Tools,4,8000,0,card
2024-01-06,Lekki,Pots,3,3000,0,card
2024-01-06,Yaba,Other,6,1500,0,card
2024-01-06,Yaba,Tools,5,8000,0,card
2024-01-06,Yaba,Pots,4,3000,0.1,cash
2024-01-06,Surulere,Plants,5,4500,0,card
2024-01-06,Surulere,Pots,5,3000,0,card
2024-01-06,Ajah,Furniture,6,26000,0.1,card
2024-01-06,Ajah,Soil,1,2200,0,card
2024-01-06,Maryland,Furniture,5,26000,0,cash
2024-01-06,Maryland,Furniture,4,26000,0.05,card
2024-01-06,Maryland,Tools,5,8000,0,transfer
2024-01-07,Ikeja,Furniture,3,26000,0,cash
2024-01-07,Ikeja,Plants,3,4500,0,transfer
2024-01-07,Lekki,Pots,3,3000,0,cash
2024-01-07,Lekki,Pots,1,3000,0,card
2024-01-07,Lekki,Soil,1,2200,0,card
2024-01-07,Yaba,Soil,1,2200,0.1,transfer
2024-01-07,Yaba,Furniture,5,26000,0,transfer
2024-01-07,Yaba,Plants,6,4500,0,transfer
2024-01-07,Surulere,Soil,6,2200,0.1,transfer
2024-01-07,Surulere,Other,2,1500,0,card
2024-01-07,Surulere,Other,6,1500,0,card
2024-01-07,Ajah,Pots,1,3000,0,card
2024-01-07,Ajah,Soil,5,2200,0.05,transfer
2024-01-07,Maryland,Pots,1,3000,0.05,transfer
2024-01-07,Maryland,Furniture,3,26000,0,card
2024-01-07,Maryland,Pots,2,3000,0,card
2024-01-08,Ikeja,Pots,4,3000,0,card
2024-01-08,Ikeja,Pots,1,3000,0,card
2024-01-08,Ikeja,Other,1,1500,0.05,cash
2024-01-08,Lekki,Tools,4,8000,0,card
2024-01-08,Lekki,Other,0,3000,0,cash
2024-01-08,Yaba,Pots,2,3000,0,cash
2024-01-08,Yaba,Plants,4,4500,0,card
2024-01-08,Yaba,Plants,3,4500,0.1,transfer
2024-01-08,Surulere,Furniture,1,26000,0,cash
2024-01-08,Surulere,Plants,4,4500,0,card
2024-01-08,Ajah,Tools,5,8000,0,cash
2024-01-08,Maryland,Pots,1,3000,0,cash
2024-01-08,Maryland,Soil,6,2200,0,card
2024-01-08,Maryland,Tools,1,8000,0,cash
2024-01-09,Ikeja,Pots,3,3000,0.05,card
2024-01-09,Ikeja,Other,6,1500,0,transfer
2024-01-09,Ikeja,Pots,3,3000,0.1,cash
2024-01-09,Lekki,Furniture,5,26000,0,transfer
2024-01-09,Lekki,Pots,0,8000,0,cash
2024-01-09,Lekki,Furniture,0,4500,0,cash
2024-01-09,Yaba,Other,6,1500,0,card
2024-01-09,Yaba,Furniture,6,26000,0,card
2024-01-09,Yaba,Other,2,1500,0,card
2024-01-09,Surulere,Furniture,6,26000,0.05,card
2024-01-09,Surulere,Plants,3,4500,0,card
2024-01-09,Surulere,Other,1,1500,0.1,cash
2024-01-09,Ajah,Tools,3,8000,0,transfer
2024-01-09,Maryland,Furniture,5,26000,0.05,cash
2024-01-09,Maryland,Soil,6,2200,0,card
2024-01-10,Ikeja,Pots,4,3000,0,card
2024-01-10,Ikeja,Tools,6,8000,0.05,cash
2024-01-10,Lekki,Tools,1,8000,0.05,cash
2024-01-10,Lekki,Tools,3,8000,0.05,card
2024-01-10,Lekki,Plants,1,4500,0.05,cash
2024-01-10,Yaba,Plants,3,4500,0.05,transfer
2024-01-10,Surulere,Tools,5,8000,0,transfer
2024-01-10,Surulere,Pots,2,3000,0,card
2024-01-10,Surulere,Other,6,1500,0.1,cash
2024-01-10,Ajah,Pots,1,3000,0,transfer
2024-01-10,Ajah,Pots,2,3000,0,cash
2024-01-10,Ajah,Furniture,2,26000,0,transfer
2024-01-10,Maryland,Tools,5,8000,0.05,card
2024-01-10,Maryland,Plants,3,4500,0,transfer
2024-01-10,Maryland,Tools,1,8000,0,card
2024-01-11,Ikeja,Soil,5,2200,0,transfer
2024-01-11,Ikeja,Soil,5,2200,0,card
2024-01-11,Ikeja,Other,4,1500,0.1,transfer
2024-01-11,Lekki,Tools,2,8000,0,card
2024-01-11,Yaba,Tools,4,8000,0,transfer
2024-01-11,Surulere,Soil,2,2200,0.1,card
2024-01-11,Surulere,Plants,1,4500,0.1,card
2024-01-11,Ajah,Pots,2,3000,0,card
2024-01-11,Maryland,Plants,3,4500,0,cash
2024-01-11,Maryland,Soil,1,2200,0,transfer
2024-01-11,Maryland,Tools,1,8000,0.05,card
2024-01-12,Ikeja,Tools,4,8000,0,transfer
2024-01-12,Lekki,Furniture,5,26000,0,transfer
2024-01-12,Lekki,Tools,1,8000,0.25,cash
2024-01-12,Yaba,Plants,6,4500,0,card
2024-01-12,Yaba,Other,1,1500,0.05,cash
2024-01-12,Yaba,Tools,5,8000,0,transfer
2024-01-12,Surulere,Soil,2,2200,0,cash
2024-01-12,Ajah,Tools,5,8000,0.05,transfer
2024-01-12,Ajah,Other,1,1500,0.05,transfer
2024-01-12,Ajah,Plants,6,4500,0.05,transfer
2024-01-12,Maryland,Soil,5,2200,0.05,cash
2024-01-13,Ikeja,Plants,2,4500,0,cash
2024-01-13,Lekki,Plants,4,4500,0.1,cash
2024-01-13,Lekki,Pots,6,3000,0.3,cash
2024-01-13,Lekki,Furniture,6,26000,0.05,card
2024-01-13,Lekki,Furniture,0,3000,0,cash
2024-01-13,Yaba,Furniture,5,26000,0,card
2024-01-13,Yaba,Pots,2,3000,0,transfer
2024-01-13,Surulere,Furniture,6,26000,0,transfer
2024-01-13,Surulere,Furniture,3,26000,0.05,transfer
2024-01-13,Surulere,Furniture,4,26000,0.1,card
2024-01-13,Ajah,Soil,2,2200,0.05,transfer
2024-01-13,Ajah,Soil,3,2200,0,transfer
2024-01-13,Ajah,Tools,2,8000,0,card
2024-01-13,Maryland,Furniture,3,26000,0,card
2024-01-13,Maryland,Pots,4,3000,0.05,card
2024-01-13,Maryland,Furniture,5,26000,0,transfer
2024-01-14,Ikeja,Plants,5,4500,0,card
2024-01-14,Ikeja,Plants,1,4500,0,card
2024-01-14,Lekki,Tools,4,8000,0,card
2024-01-14,Lekki,Plants,3,4500,0,card
2024-01-14,Lekki,Pots,1,3000,0.1,cash
2024-01-14,Yaba,Other,6,1500,0,cash
2024-01-14,Surulere,Other,4,1500,0.05,transfer
2024-01-14,Surulere,Furniture,3,26000,0,card
2024-01-14,Surulere,Other,1,1500,0.05,transfer
2024-01-14,Ajah,Other,3,1500,0,card
2024-01-14,Ajah,Other,6,1500,0,card
2024-01-14,Maryland,Soil,1,2200,0,transfer
2024-01-14,Maryland,Plants,3,4500,0.05,cash
2024-01-14,Maryland,Tools,1,8000,0,transfer
2024-01-15,Ikeja,Other,4,1500,0.05,cash
2024-01-15,Ikeja,Tools,2,8000,0,transfer
2024-01-15,Ikeja,Furniture,2,26000,0.05,cash
2024-01-15,Lekki,Pots,3,3000,0,transfer
2024-01-15,Yaba,Furniture,3,26000,0,card
2024-01-15,Yaba,Other,4,1500,0.05,transfer
2024-01-15,Surulere,Other,1,1500,0,cash
2024-01-15,Surulere,Pots,1,3000,0,transfer
2024-01-15,Ajah,Other,5,1500,0,card
2024-01-15,Ajah,Soil,2,2200,0.1,transfer
2024-01-15,Ajah,Furniture,2,26000,0,card
2024-01-15,Maryland,Plants,6,4500,0,card
2024-01-15,Maryland,Other,1,1500,0.05,cash
2024-01-15,Maryland,Tools,6,8000,0,card
2024-01-16,Ikeja,Pots,4,3000,0.1,transfer
2024-01-16,Ikeja,Soil,1,2200,0,transfer
2024-01-16,Lekki,Plants,6,4500,0.2,cash
2024-01-16,Lekki,Furniture,3,26000,0,transfer
2024-01-16,Lekki,Other,3,1500,0.1,card
2024-01-16,Yaba,Pots,6,3000,0,cash
2024-01-16,Yaba,Pots,2,3000,0,card
2024-01-16,Surulere,Soil,6,2200,0.1,card
2024-01-16,Surulere,Pots,1,3000,0,card
2024-01-16,Ajah,Pots,4,3000,0.05,cash
2024-01-16,Maryland,Other,3,1500,0.05,transfer
2024-01-17,Ikeja,Plants,3,4500,0,card
2024-01-17,Ikeja,Tools,1,8000,0,card
2024-01-17,Ikeja,Soil,4,2200,0,card
2024-01-17,Lekki,Furniture,4,26000,0,cash
2024-01-17,Lekki,Tools,1,8000,0,card
2024-01-17,Lekki,Plants,1,4500,0,card
2024-01-17,Yaba,Pots,1,3000,0,transfer
2024-01-17,Surulere,Other,5,1500,0,transfer
2024-01-17,Surulere,Pots,5,3000,0,card
2024-01-17,Surulere,Pots,4,,0.05,cash
2024-01-17,Ajah,Furniture,4,26000,0,cash
2024-01-17,Ajah,Other,6,1500,0.1,card
2024-01-17,Maryland,Furniture,2,26000,0,card
2024-01-18,Ikeja,Soil,5,2200,0,transfer
2024-01-18,Ikeja,Other,4,1500,0.1,cash
2024-01-18,Ikeja,Soil,1,2200,0.05,transfer
2024-01-18,Lekki,Pots,5,3000,0.05,card
2024-01-18,Yaba,Pots,4,3000,0,cash
2024-01-18,Yaba,Tools,6,8000,0,card
2024-01-18,Surulere,Furniture,2,,0,card
2024-01-18,Ajah,Furniture,2,26000,0,transfer
2024-01-18,Ajah,Other,5,1500,0.05,card
2024-01-18,Maryland,Plants,6,4500,0,card
2024-01-18,Maryland,Furniture,5,26000,0,card
2024-01-19,Ikeja,Other,2,1500,0,cash
2024-01-19,Ikeja,Tools,1,8000,0.05,cash
2024-01-19,Ikeja,Soil,1,2200,0,card
2024-01-19,Lekki,Tools,2,8000,0,cash
2024-01-19,Yaba,Soil,4,2200,0.1,card
2024-01-19,Surulere,Furniture,1,26000,0,card
2024-01-19,Ajah,Pots,3,3000,0,transfer
2024-01-19,Ajah,Plants,1,4500,0,cash
2024-01-19,Maryland,Furniture,3,26000,0,card
2024-01-19,Maryland,Other,1,1500,0.1,transfer
2024-01-20,Ikeja,Pots,2,3000,0,transfer
2024-01-20,Ikeja,Pots,5,3000,0.1,card
2024-01-20,Lekki,Furniture,2,26000,0.1,cash
2024-01-20,Lekki,Other,2,1500,0.1,cash
2024-01-20,Lekki,Furniture,6,26000,0.1,card
2024-01-20,Yaba,Furniture,2,26000,0,cash
2024-01-20,Surulere,Plants,3,4500,0,transfer
2024-01-20,Surulere,Tools,1,8000,0,card
2024-01-20,Surulere,Soil,6,2200,0,transfer
2024-01-20,Ajah,Other,6,1500,0,cash
2024-01-20,Ajah,Tools,1,8000,0,transfer
2024-01-20,Maryland,Plants,5,4500,0.05,cash
2024-01-20,Maryland,Tools,6,8000,0,transfer
2024-01-20,Maryland,Other,6,1500,0,card
2024-01-21,Ikeja,Soil,6,2200,0.05,cash
2024-01-21,Ikeja,Tools,1,8000,0.05,card
2024-01-21,Lekki,Other,5,1500,0.3,cash
2024-01-21,Lekki,Pots,3,3000,0.05,card
2024-01-21,Lekki,Tools,0,8000,0,cash
2024-01-21,Lekki,Soil,0,3000,0,cash
2024-01-21,Yaba,Other,3,1500,0.1,transfer
2024-01-21,Yaba,Plants,4,4500,0,transfer
2024-01-21,Yaba,Furniture,5,26000,0,cash
2024-01-21,Surulere,Other,5,1500,0,cash
2024-01-21,Surulere,Tools,2,8000,0,card
2024-01-21,Surulere,Other,2,1500,0.1,cash
2024-01-21,Ajah,Furniture,3,26000,0.05,transfer
2024-01-21,Ajah,Soil,1,2200,0,cash
2024-01-21,Ajah,Pots,6,3000,0.1,cash
2024-01-21,Maryland,Tools,2,8000,0.1,transfer
2024-01-21,Maryland,Furniture,3,26000,0.1,transfer
2024-01-21,Maryland,Tools,3,8000,0,cash
2024-01-22,Ikeja,Soil,1,2200,0.05,card
2024-01-22,Ikeja,Other,6,1500,0,transfer
2024-01-22,Ikeja,Furniture,4,26000,0.05,cash
2024-01-22,Lekki,Plants,1,4500,0.1,card
2024-01-22,Yaba,Pots,1,3000,0,transfer
2024-01-22,Surulere,Furniture,1,26000,0,transfer
2024-01-22,Surulere,Other,4,1500,0,transfer
2024-01-22,Ajah,Furniture,1,26000,0.1,transfer
2024-01-22,Maryland,Other,2,1500,0,transfer
2024-01-22,Maryland,Plants,3,4500,0.05,transfer
2024-01-23,Ikeja,Tools,3,8000,0,cash
2024-01-23,Lekki,Pots,1,3000,0,card
2024-01-23,Lekki,Soil,3,2200,0,card
2024-01-23,Lekki,Furniture,1,26000,0,card
2024-01-23,Yaba,Plants,0,4500,0.05,card
2024-01-23,Surulere,Soil,5,2200,0.1,transfer
2024-01-23,Surulere,Furniture,4,26000,0.1,card
2024-01-23,Ajah,Furniture,1,26000,0,card
2024-01-23,Maryland,Pots,6,3000,0.1,card
2024-01-23,Maryland,Tools,4,8000,0,card
2024-01-24,Ikeja,Furniture,4,26000,0,cash
2024-01-24,Ikeja,Furniture,4,26000,0,card
2024-01-24,Lekki,Tools,3,8000,0.05,transfer
2024-01-24,Yaba,Furniture,5,26000,0.1,card
2024-01-24,Surulere,Pots,1,3000,0.1,cash
2024-01-24,Surulere,Plants,6,4500,0,transfer
2024-01-24,Surulere,Plants,6,4500,0.05,transfer
2024-01-24,Ajah,Furniture,2,26000,0,card
2024-01-24,Maryland,Other,5,1500,0.1,cash
2024-01-24,Maryland,Soil,5,,0,cash
2024-01-24,Maryland,Tools,2,8000,0,transfer
2024-01-25,Ikeja,Tools,3,8000,0,transfer
2024-01-25,Lekki,Plants,2,4500,0,card
2024-01-25,Lekki,Tools,4,,0.05,card
2024-01-25,Yaba,Soil,1,2200,0,cash
2024-01-25,Yaba,Soil,1,2200,0,transfer
2024-01-25,Surulere,Tools,2,8000,0.1,cash
2024-01-25,Surulere,Soil,4,2200,0,transfer
2024-01-25,Surulere,Furniture,5,26000,0,transfer
2024-01-25,Ajah,Other,5,1500,0.05,transfer
2024-01-25,Ajah,Soil,1,2200,0,cash
2024-01-25,Ajah,Plants,2,4500,0.05,card
2024-01-25,Maryland,Furniture,3,,0,transfer
2024-01-25,Maryland,Other,2,1500,0.1,cash
2024-01-26,Ikeja,Pots,1,3000,0,card
2024-01-26,Ikeja,Other,3,1500,0,card
2024-01-26,Lekki,Pots,2,3000,0,transfer
2024-01-26,Lekki,Tools,0,8000,0,cash
2024-01-26,Yaba,Furniture,3,26000,0.05,cash
2024-01-26,Yaba,Tools,4,8000,0,card
2024-01-26,Yaba,Furniture,5,26000,0,transfer
2024-01-26,Surulere,Soil,3,2200,0.05,transfer
2024-01-26,Surulere,Soil,3,2200,0,card
2024-01-26,Ajah,Pots,6,3000,0,card
2024-01-26,Maryland,Soil,4,2200,0.1,card
2024-01-26,Maryland,Furniture,1,26000,0,cash
2024-01-27,Ikeja,Tools,5,8000,0,transfer
2024-01-27,Ikeja,Pots,3,3000,0,card
2024-01-27,Ikeja,Plants,5,4500,0,card
2024-01-27,Lekki,Pots,2,3000,0.35,cash
2024-01-27,Lekki,Plants,1,4500,0,card
2024-01-27,Yaba,Tools,3,8000,0.05,card
2024-01-27,Yaba,Soil,6,2200,0,transfer
2024-01-27,Surulere,Tools,1,8000,0,cash
2024-01-27,Ajah,Other,6,1500,0.05,transfer
2024-01-27,Ajah,Other,4,1500,0,cash
2024-01-27,Ajah,Soil,5,2200,0.05,transfer
2024-01-27,Maryland,Furniture,6,26000,0.1,cash
2024-01-27,Maryland,Other,6,1500,0,card
2024-01-27,Maryland,Soil,2,2200,0,cash
2024-01-28,Ikeja,Other,4,1500,0.05,transfer
2024-01-28,Ikeja,Plants,3,4500,0,cash
2024-01-28,Ikeja,Furniture,4,26000,0,cash
2024-01-28,Lekki,Furniture,2,26000,0.35,cash
2024-01-28,Lekki,Plants,1,4500,0,card
2024-01-28,Lekki,Furniture,1,26000,0,transfer
2024-01-28,Lekki,Tools,0,8000,0,cash
2024-01-28,Yaba,Tools,4,8000,0,card
2024-01-28,Yaba,Furniture,4,26000,0,card
2024-01-28,Yaba,Plants,2,4500,0,card
2024-01-28,Surulere,Furniture,6,26000,0,cash
2024-01-28,Surulere,Plants,1,4500,0.1,card
2024-01-28,Surulere,Other,5,1500,0.05,transfer
2024-01-28,Ajah,Pots,2,3000,0.1,transfer
2024-01-28,Ajah,Plants,6,4500,0.05,card
2024-01-28,Maryland,Pots,2,3000,0.1,card
2024-01-28,Maryland,Furniture,5,26000,0.1,transfer
2024-01-28,Maryland,Tools,1,8000,0.1,transfer
2024-01-29,Ikeja,Plants,4,4500,0.1,cash
2024-01-29,Ikeja,Furniture,2,26000,0,transfer
2024-01-29,Lekki,Other,5,1500,0,card
2024-01-29,Lekki,Soil,1,2200,0,transfer
2024-01-29,Yaba,Tools,4,8000,0.1,card
2024-01-29,Yaba,Plants,2,4500,0,transfer
2024-01-29,Yaba,Plants,1,4500,0.1,transfer
2024-01-29,Surulere,Other,2,1500,0,transfer
2024-01-29,Ajah,Furniture,6,26000,0,card
2024-01-29,Maryland,Pots,5,3000,0,cash
2024-01-29,Maryland,Furniture,4,26000,0,card
2024-01-29,Maryland,Pots,3,3000,0,card
2024-01-30,Ikeja,Plants,5,4500,0,card
2024-01-30,Ikeja,Other,6,1500,0,card
2024-01-30,Lekki,Other,1,1500,0,card
2024-01-30,Lekki,Tools,5,8000,0,card
2024-01-30,Lekki,Furniture,0,3000,0,cash
2024-01-30,Lekki,Soil,0,4500,0,cash
2024-01-30,Lekki,Other,0,4500,0,cash
2024-01-30,Yaba,Other,4,1500,0.05,card
2024-01-30,Yaba,Soil,6,2200,0,transfer
2024-01-30,Surulere,Plants,6,4500,0,cash
2024-01-30,Ajah,Tools,1,8000,0.05,cash
2024-01-30,Ajah,Other,1,1500,0.1,cash
2024-01-30,Maryland,Tools,3,8000,0.1,card
2024-01-31,Ikeja,Plants,5,4500,0.05,transfer
2024-01-31,Ikeja,Soil,5,2200,0,card
2024-01-31,Ikeja,Furniture,1,26000,0,cash
2024-01-31,Lekki,Tools,3,8000,0,card
2024-01-31,Lekki,Pots,4,,0,transfer
2024-01-31,Yaba,Tools,6,8000,0,card
2024-01-31,Surulere,Tools,3,8000,0.05,transfer
2024-01-31,Surulere,Soil,2,2200,0,card
2024-01-31,Surulere,Other,5,1500,0,transfer
2024-01-31,Ajah,Furniture,6,26000,0,cash
2024-01-31,Ajah,Tools,2,8000,0,transfer
2024-01-31,Maryland,Furniture,1,26000,0.05,transfer
2024-01-31,Maryland,Furniture,6,26000,0,transfer
2024-01-31,Maryland,Other,5,1500,0.1,card
2024-02-01,Ikeja,Plants,2,4500,0.05,cash
2024-02-01,Ikeja,Soil,4,2200,0,cash
2024-02-01,Lekki,Plants,2,4500,0,transfer
2024-02-01,Lekki,Tools,5,8000,0.1,card
2024-02-01,Yaba,Other,6,1500,0,card
2024-02-01,Yaba,Plants,5,4500,0,cash
2024-02-01,Yaba,Pots,6,3000,0.05,cash
2024-02-01,Surulere,Soil,6,2200,0.05,card
2024-02-01,Ajah,Plants,4,4500,0.05,cash
2024-02-01,Ajah,Tools,1,8000,0.05,cash
2024-02-01,Maryland,Plants,3,4500,0,cash
2024-02-01,Maryland,Pots,6,3000,0.05,transfer
2024-02-02,Ikeja,Furniture,6,26000,0,transfer
2024-02-02,Lekki,Tools,3,8000,0.05,transfer
2024-02-02,Yaba,Other,3,1500,0.05,cash
2024-02-02,Yaba,Tools,6,8000,0,cash
2024-02-02,Yaba,Soil,5,2200,0.05,card
2024-02-02,Surulere,Soil,4,2200,0,cash
2024-02-02,Surulere,Furniture,1,26000,0,transfer
2024-02-02,Ajah,Tools,3,8000,0.05,cash
2024-02-02,Maryland,Furniture,6,26000,0,transfer
2024-02-02,Maryland,Soil,2,2200,0,transfer
2024-02-02,Maryland,Furniture,6,26000,0,transfer
2024-02-03,Ikeja,Other,6,1500,0,card
2024-02-03,Ikeja,Furniture,3,26000,0,cash
2024-02-03,Lekki,Plants,5,4500,0,cash
2024-02-03,Lekki,Soil,1,2200,0.1,transfer
2024-02-03,Lekki,Pots,3,3000,0.1,card
2024-02-03,Yaba,Tools,2,8000,0,transfer
2024-02-03,Yaba,Plants,4,4500,0,cash
2024-02-03,Yaba,Pots,3,3000,0,card
2024-02-03,Surulere,Other,4,1500,0,cash
2024-02-03,Surulere,Other,6,1500,0.1,card
2024-02-03,Surulere,Tools,4,8000,0,card
2024-02-03,Ajah,Plants,6,4500,0,cash
2024-02-03,Ajah,Pots,2,3000,0.05,transfer
2024-02-03,Ajah,Other,5,1500,0.1,transfer
2024-02-03,Maryland,Plants,5,4500,0,transfer
2024-02-04,Ikeja,Pots,4,3000,0,card
2024-02-04,Ikeja,Soil,1,2200,0.05,card
2024-02-04,Lekki,Plants,5,4500,0.1,cash
2024-02-04,Lekki,Tools,0,4500,0,cash
2024-02-04,Lekki,Furniture,0,3000,0,cash
2024-02-04,Lekki,Furniture,0,3000,0,cash
2024-02-04,Yaba,Pots,5,3000,0,card
2024-02-04,Yaba,Plants,2,4500,0.1,card
2024-02-04,Surulere,Other,2,1500,0.05,card
2024-02-04,Surulere,Soil,4,2200,0.1,card
2024-02-04,Surulere,Soil,5,2200,0.1,cash
2024-02-04,Ajah,Furniture,3,26000,0.1,cash
2024-02-04,Maryland,Pots,4,3000,0,card
2024-02-04,Maryland,Tools,4,8000,0.1,card
2024-02-05,Ikeja,Pots,3,3000,0.05,transfer
2024-02-05,Ikeja,Other,3,1500,0,cash
2024-02-05,Ikeja,Pots,1,3000,0,cash
2024-02-05,Lekki,Pots,6,3000,0.1,card
2024-02-05,Lekki,Pots,5,3000,0,transfer
2024-02-05,Lekki,Tools,0,3000,0,cash
2024-02-05,Yaba,Tools,1,8000,0,transfer
2024-02-05,Yaba,Furniture,2,26000,0,transfer
2024-02-05,Surulere,Tools,4,8000,0,cash
2024-02-05,Surulere,Plants,5,4500,0.1,transfer
2024-02-05,Ajah,Pots,1,3000,0.1,transfer
2024-02-05,Maryland,Pots,4,3000,0,cash
2024-02-05,Maryland,Furniture,2,26000,0,cash
2024-02-05,Maryland,Pots,4,3000,0,transfer
2024-02-06,Ikeja,Plants,5,4500,0.05,card
2024-02-06,Lekki,Pots,5,3000,0.05,card
2024-02-06,Leki,Other,2,1500,0,cash
2024-02-06,Yaba,Plants,2,4500,0,cash
2024-02-06,Yaba,Tools,2,8000,0,cash
2024-02-06,Surulere,Tools,4,8000,0,card
2024-02-06,Surulere,Plants,4,4500,0,transfer
2024-02-06,Surulere,Plants,6,4500,0,cash
2024-02-06,Ajah,Plants,4,4500,0,transfer
2024-02-06,Ajah,Soil,4,2200,0,cash
2024-02-06,Ajah,Pots,4,3000,0.05,cash
2024-02-06,Maryland,Soil,6,2200,0,card
2024-02-06,Maryland,Furniture,4,26000,0.1,cash
2024-02-06,Maryland,Plants,2,4500,0.1,card
2024-02-07,Ikeja,Plants,5,4500,0,cash
2024-02-07,Lekki,Plants,4,4500,0.05,transfer
2024-02-07,Lekki,Soil,6,2200,0.1,transfer
2024-02-07,Lekki,Plants,3,4500,0,cash
2024-02-07,Yaba,Soil,2,2200,0.1,cash
2024-02-07,Surulere,Furniture,3,26000,0.1,cash
2024-02-07,Surulere,Tools,4,8000,0.05,cash
2024-02-07,Ajah,Other,1,1500,0.1,card
2024-02-07,Ajah,Tools,1,8000,0.05,card
2024-02-07,Ajah,Pots,3,3000,0.1,cash
2024-02-07,Maryland,Other,5,1500,0,cash
2024-02-08,Ikeja,Pots,5,3000,0.1,transfer
2024-02-08,Ikeja,Tools,1,8000,0.05,transfer
2024-02-08,Lekki,Pots,1,3000,0,card
2024-02-08,Lekki,Other,4,1500,0.35,cash
2024-02-08,Yaba,Furniture,1,26000,0.1,card
2024-02-08,Yaba,Soil,6,2200,0,cash
2024-02-08,Yaba,Other,3,1500,0,cash
2024-02-08,Surulere,Soil,2,2200,0,transfer
2024-02-08,Ajah,Furniture,6,26000,0,card
2024-02-08,Ajah,Furniture,5,26000,0,card
2024-02-08,Maryland,Pots,2,3000,0.05,card
2024-02-08,Maryland,Tools,4,8000,0,transfer
2024-02-09,Ikeja,Pots,5,3000,0,card
2024-02-09,Ikeja,Tools,1,8000,0,cash
2024-02-09,Lekki,Tools,6,8000,0,card
2024-02-09,Lekki,Furniture,6,26000,0.1,card
2024-02-09,Yaba,Other,3,1500,0.05,cash
2024-02-09,Yaba,Soil,1,2200,0,card
2024-02-09,Surulere,Other,4,1500,0.05,card
2024-02-09,Surulere,Tools,5,8000,0,transfer
2024-02-09,Ajah,Soil,4,2200,0.05,card
2024-02-09,Maryland,Pots,4,3000,0,cash
2024-02-09,Maryland,Pots,3,3000,0,transfer
2024-02-09,Marylnd,Plants,5,4500,0,transfer
2024-02-10,Ikeja,Pots,3,3000,0,card
2024-02-10,Lekki,Pots,1,3000,0.35,cash
2024-02-10,Lekki,Pots,6,3000,0.1,transfer
2024-02-10,Yaba,Pots,5,3000,0,card
2024-02-10,Surulere,Furniture,1,26000,0.1,card
2024-02-10,Ajah,Tools,2,8000,0.05,transfer
2024-02-10,Ajah,Furniture,6,26000,0.05,cash
2024-02-10,Ajah,Plants,1,4500,0.1,card
2024-02-10,Maryland,Other,4,1500,0.1,card
2024-02-11,Ikeja,Plants,2,4500,0.1,transfer
2024-02-11,Ikeja,Plants,3,,0,cash
2024-02-11,Ikeja,Furniture,2,26000,0,card
2024-02-11,Lekki,Pots,2,3000,0,cash
2024-02-11,Yaba,Plants,2,4500,0,card
2024-02-11,Surulere,Other,3,1500,0,cash
2024-02-11,Ajah,Other,2,1500,0,card
2024-02-11,Maryland,Pots,6,3000,0.1,cash
2024-02-12,Ikeja,Plants,4,4500,0,card
2024-02-12,Ikeja,Furniture,4,26000,0,transfer
2024-02-12,Lekki,Plants,4,4500,0.35,cash
2024-02-12,Lekki,Soil,3,2200,0,card
2024-02-12,Yaba,Other,3,1500,0,cash
2024-02-12,Yaba,Furniture,4,26000,0,cash
2024-02-12,Surulere,Plants,2,4500,0,card
2024-02-12,Ajah,Plants,6,4500,0.05,transfer
2024-02-12,Ajah,Tools,0,8000,0,transfer
2024-02-12,Ajah,Plants,1,,0,cash
2024-02-12,Maryland,Furniture,3,26000,0,card
2024-02-12,Maryland,Tools,2,8000,0.1,transfer
2024-02-12,Maryland,Pots,1,3000,0,card
2024-02-13,Ikeja,Plants,5,4500,0,cash
2024-02-13,Ikeja,Plants,4,4500,0,cash
2024-02-13,Ikeja,Pots,5,3000,0,cash
2024-02-13,Lekki,Plants,4,4500,0,cash
2024-02-13,Lekki,Furniture,3,26000,0.1,transfer
2024-02-13,Yaba,Plants,3,4500,0,cash
2024-02-13,Yaba,Soil,2,2200,0,transfer
2024-02-13,Surulere,Pots,6,3000,0,cash
2024-02-13,Surulere,Pots,1,3000,0.05,transfer
2024-02-13,Surulere,Pots,6,3000,0,transfer
2024-02-13,Ajah,Pots,4,3000,0.1,cash
2024-02-13,Maryland,Other,6,1500,0,card
2024-02-14,Ikeja,Other,4,1500,0.1,cash
2024-02-14,Ikeja,Furniture,4,26000,0,transfer
2024-02-14,Lekki,Other,3,1500,0.2,cash
2024-02-14,Lekki,Furniture,2,26000,0,transfer
2024-02-14,Yaba,Plants,4,4500,0.05,card
2024-02-14,Yaba,Tools,4,8000,0,transfer
2024-02-14,Yaba,Plants,2,4500,0.1,cash
2024-02-14,Surulere,Soil,2,,0.1,transfer
2024-02-14,Surulere,Other,3,1500,0,card
2024-02-14,Ajah,Soil,3,2200,0,transfer
2024-02-14,Ajah,Tools,5,8000,0,transfer
2024-02-14,Maryland,Pots,5,3000,0.05,transfer
2024-02-14,Maryland,Other,6,1500,0.1,card
2024-02-14,Maryland,Tools,6,8000,0.05,card
2024-02-15,Ikeja,Pots,6,3000,0,cash
2024-02-15,Ikeja,Other,3,1500,0.1,transfer
2024-02-15,Ikeja,Pots,5,3000,0,cash
2024-02-15,Lekki,Other,6,1500,0,card
2024-02-15,Lekki,Tools,4,8000,0.05,card
2024-02-15,Lekki,Soil,0,3000,0,cash
2024-02-15,Lekki,Soil,0,4500,0,cash
2024-02-15,Yaba,Soil,6,2200,0,cash
2024-02-15,Surulere,Other,5,1500,0,cash
2024-02-15,Surulere,Soil,5,2200,0.05,cash
2024-02-15,Ajah,Furniture,5,26000,0.05,cash
2024-02-15,Ajah,Plants,6,4500,0.1,transfer
2024-02-15,Ajah,Pots,2,3000,0.05,cash
2024-02-15,Maryland,Plants,1,4500,0.05,cash
2024-02-15,Maryland,Plants,5,4500,0,cash
2024-02-15,Maryland,Plants,1,4500,0.05,transfer
2024-02-16,Ikeja,Other,1,1500,0,card
2024-02-16,Ikeja,Other,3,1500,0,cash
2024-02-16,Lekki,Tools,4,,0,cash
2024-02-16,Lekki,Pots,1,3000,0.05,cash
2024-02-16,Yaba,Pots,5,3000,0.1,transfer
2024-02-16,Yaba,Soil,6,2200,0.1,card
2024-02-16,Surulere,Other,2,1500,0,cash
2024-02-16,Surulere,Plants,2,4500,0,card
2024-02-16,Surulere,Tools,5,8000,0,transfer
2024-02-16,Ajah,Other,5,1500,0,card
2024-02-16,Maryland,Other,4,1500,0.1,cash
2024-02-16,Maryland,Other,3,1500,0,transfer
2024-02-16,Maryland,Tools,5,8000,0,card
2024-02-17,Ikeja,Furniture,5,26000,0,cash
2024-02-17,Ikeja,Other,1,1500,0,cash
2024-02-17,Lekki,Furniture,3,26000,0,transfer
2024-02-17,Lekki,Other,3,1500,0,transfer
2024-02-17,Lekki,Plants,2,4500,0.05,transfer
2024-02-17,Yaba,Soil,1,2200,0.1,transfer
2024-02-17,Surulere,Soil,4,2200,0.05,transfer
2024-02-17,Surulere,Pots,1,3000,0,transfer
2024-02-17,Surulere,Soil,3,2200,0,card
2024-02-17,Ajah,Furniture,1,26000,0.05,card
2024-02-17,Ajah,Plants,5,4500,0,transfer
2024-02-17,Maryland,Other,1,1500,0.05,cash
2024-02-18,Ikeja,Other,4,1500,0,card
2024-02-18,Lekki,Pots,1,3000,0,transfer
2024-02-18,Lekki,Tools,6,8000,0,card
2024-02-18,Yaba,Other,3,1500,0.05,card
2024-02-18,Yaba,Pots,1,3000,0,card
2024-02-18,Yaba,Furniture,3,26000,0,card
2024-02-18,Surulere,Furniture,4,26000,0,cash
2024-02-18,Surulere,Plants,6,,0.1,transfer
2024-02-18,Ajah,Soil,3,2200,0,transfer
2024-02-18,Maryland,Pots,1,3000,0.1,transfer
2024-02-18,Maryland,Soil,5,2200,0,card
2024-02-19,Ikeja,Soil,2,2200,0,card
2024-02-19,Ikeja,Pots,2,3000,0,card
2024-02-19,Ikeja,Tools,6,8000,0,transfer
2024-02-19,Lekki,Tools,3,8000,0,transfer
2024-02-19,Lekki,Tools,4,8000,0.35,cash
2024-02-19,Lekki,Plants,4,4500,0,card
2024-02-19,Yaba,Pots,6,3000,0,cash
2024-02-19,Yaba,Other,4,1500,0.1,transfer
2024-02-19,Surulere,Furniture,5,26000,0,card
2024-02-19,Ajah,Other,5,1500,0.1,card
2024-02-19,Maryland,Tools,4,8000,0.05,transfer
2024-02-19,Maryland,Furniture,4,26000,0.05,cash
2024-02-20,Ikeja,Furniture,1,26000,0.05,cash
2024-02-20,Ikeja,Furniture,3,26000,0.05,cash
2024-02-20,Ikeja,Pots,2,3000,0.1,transfer
2024-02-20,Lekki,Soil,3,2200,0.05,card
2024-02-20,Yaba,Plants,5,4500,0,transfer
2024-02-20,Yaba,Plants,5,4500,0,card
2024-02-20,Yaba,Furniture,5,26000,0,transfer
2024-02-20,Surulere,Furniture,3,26000,0,transfer
2024-02-20,Surulere,Pots,1,3000,0,card
2024-02-20,Surulere,Tools,4,8000,0.1,cash
2024-02-20,Ajah,Furniture,2,26000,0,transfer
2024-02-20,Maryland,Furniture,4,26000,0.05,cash
2024-02-20,Maryland,Tools,4,8000,0,transfer
2024-02-21,Ikeja,Soil,5,2200,0,card
2024-02-21,Ikeja,Soil,3,2200,0,cash
2024-02-21,Lekki,Soil,5,2200,0.35,cash
2024-02-21,Lekki,Soil,6,2200,0,card
2024-02-21,Lekki,Pots,6,3000,0.25,cash
2024-02-21,Yaba,Other,3,1500,0,transfer
2024-02-21,Yaba,Furniture,4,26000,0,card
2024-02-21,Yaba,Other,2,1500,0.1,card
2024-02-21,Surulere,Soil,5,2200,0,transfer
2024-02-21,Surulere,Plants,3,4500,0,cash
2024-02-21,Ajah,Plants,5,4500,0,cash
2024-02-21,Maryland,Other,2,1500,0,cash
2024-02-22,Ikeja,Tools,2,8000,0,transfer
2024-02-22,Ikeja,Furniture,2,26000,0,card
2024-02-22,Lekki,Pots,4,3000,0,transfer
2024-02-22,Yaba,Other,4,1500,0.1,transfer
2024-02-22,Surulere,Tools,2,8000,0.1,card
2024-02-22,Surulere,Plants,5,4500,0.1,transfer
2024-02-22,Ajah,Pots,4,3000,0.05,card
2024-02-22,Maryland,Plants,5,4500,0,cash
2024-02-23,Ikeja,Plants,6,4500,0.1,card
2024-02-23,Lekki,Pots,6,3000,0.2,cash
2024-02-23,Lekki,Plants,1,4500,0.2,cash
2024-02-23,Yaba,Tools,2,8000,0,card
2024-02-23,Yaba,Pots,5,3000,0.1,card
2024-02-23,Surulere,Other,3,1500,0,transfer
2024-02-23,Surulere,Other,3,1500,0,cash
2024-02-23,Ajah,Plants,4,4500,0.05,card
2024-02-23,Maryland,Soil,6,2200,0.1,transfer
2024-02-23,Maryland,Pots,1,3000,0,card
2024-02-24,Ikeja,Plants,2,4500,0.1,transfer
2024-02-24,Ikeja,Pots,2,3000,0.05,cash
2024-02-24,Ikeja,Plants,2,4500,0,transfer
2024-02-24,Lekki,Furniture,6,26000,0,card
2024-02-24,Lekki,Soil,2,2200,0,card
2024-02-24,Lekki,Furniture,1,26000,0,card
2024-02-24,Yaba,Soil,4,2200,0,card
2024-02-24,Yaba,Soil,2,2200,0.1,cash
2024-02-24,Yaba,Furniture,2,26000,0.05,transfer
2024-02-24,Surulere,Soil,4,2200,0,transfer
2024-02-24,Surulere,Pots,3,3000,0,cash
2024-02-24,Ajah,Plants,3,,0,card
2024-02-24,Maryland,Other,6,1500,0,transfer
2024-02-24,Maryland,Soil,1,2200,0,cash
2024-02-24,Maryland,Pots,2,3000,0.1,transfer
2024-02-25,Ikeja,Soil,3,2200,0,card
2024-02-25,Ikeja,Tools,4,8000,0.1,cash
2024-02-25,Ikeja,Furniture,6,26000,0,transfer
2024-02-25,Lekki,Soil,6,2200,0.1,transfer
2024-02-25,Lekki,Pots,0,4500,0,cash
2024-02-25,Yaba,Other,5,1500,0,cash
2024-02-25,Yaba,Pots,3,3000,0.05,transfer
2024-02-25,Surulere,Pots,2,3000,0,card
2024-02-25,Surulere,Tools,5,8000,0,cash
2024-02-25,Ajah,Soil,6,2200,0,cash
2024-02-25,Ajah,Tools,1,8000,0,card
2024-02-25,Maryland,Tools,1,8000,0,cash
2024-02-25,Maryland,Tools,4,8000,0.05,transfer
2024-02-26,Ikeja,Other,5,1500,0,cash
2024-02-26,Ikeja,Furniture,2,26000,0.1,transfer
2024-02-26,Ikeja,Pots,2,3000,0,card
2024-02-26,Lekki,Other,3,1500,0,card
2024-02-26,Yaba,Other,6,1500,0,transfer
2024-02-26,Yaba,Soil,1,,0.05,transfer
2024-02-26,Surulere,Plants,3,4500,0.05,transfer
2024-02-26,Surulere,Tools,1,8000,0.05,transfer
2024-02-26,Ajah,Furniture,3,,0.05,cash
2024-02-26,Ajah,Plants,2,4500,0,cash
2024-02-26,Maryland,Tools,4,8000,0,cash
2024-02-26,Maryland,Pots,6,3000,0,card
2024-02-26,Maryland,Plants,5,4500,0.05,card
2024-02-27,Ikeja,Soil,5,2200,0,cash
2024-02-27,Ikeja,Plants,6,4500,0,transfer
2024-02-27,Ikeja,Tools,3,8000,0.1,cash
2024-02-27,Lekki,Soil,5,2200,0.2,cash
2024-02-27,Lekki,Tools,1,8000,0,transfer
2024-02-27,Yaba,Furniture,4,26000,0.05,card
2024-02-27,Yaba,Plants,6,4500,0.05,cash
2024-02-27,Yaba,Pots,5,3000,0.05,transfer
2024-02-27,Surulere,Plants,5,4500,0.05,cash
2024-02-27,Surulere,Tools,3,8000,0.1,cash
2024-02-27,Ajah,Pots,3,3000,0,cash
2024-02-27,Ajah,Plants,3,4500,0,transfer
2024-02-27,Maryland,Tools,2,8000,0,card
2024-02-27,Maryland,Tools,2,8000,0,transfer
2024-02-28,Ikeja,Tools,1,8000,0.1,cash
2024-02-28,Ikeja,Plants,4,4500,0,transfer
2024-02-28,Lekki,Tools,3,8000,0.05,transfer
2024-02-28,Lekki,Other,4,1500,0,transfer
2024-02-28,Lekki,Plants,3,4500,0,cash
2024-02-28,Yaba,Soil,1,2200,0.05,cash
2024-02-28,Yaba,Other,1,1500,0.1,card
2024-02-28,Surulere,Soil,4,2200,0.1,card
2024-02-28,Surulere,Soil,3,2200,0.1,card
2024-02-28,Ajah,Plants,1,4500,0,cash
2024-02-28,Ajah,Tools,2,8000,0,transfer
2024-02-28,Maryland,Pots,4,3000,0,card
2024-02-29,Ikeja,Soil,6,2200,0.05,cash
2024-02-29,Ikeja,Pots,1,3000,0.1,cash
2024-02-29,Ikeja,Tools,1,8000,0.05,transfer
2024-02-29,Lekki,Furniture,1,26000,0,card
2024-02-29,Lekki,Plants,0,3000,0,cash
2024-02-29,Lekki,Other,0,8000,0,cash
2024-02-29,Lekki,Tools,0,8000,0,cash
2024-02-29,Yaba,Tools,3,8000,0,cash
2024-02-29,Surulere,Furniture,5,26000,0.1,card
2024-02-29,Surulere,Plants,3,4500,0.1,card
2024-02-29,Ajah,Plants,6,4500,0.05,cash
2024-02-29,Ajah,Pots,3,3000,0.05,cash
2024-02-29,Maryland,Pots,1,3000,0.05,card
2024-03-01,Ikeja,Soil,4,2200,0.1,card
2024-03-01,Ikeja,Pots,6,3000,0,cash
2024-03-01,Lekki,Tools,2,8000,0,transfer
2024-03-01,Leki,Soil,4,2200,0.05,card
2024-03-01,Yaba,Soil,2,2200,0,transfer
2024-03-01,Yaba,Soil,5,2200,0,card
2024-03-01,Surulere,Pots,3,3000,0.1,card
2024-03-01,Ajah,Tools,5,8000,0,transfer
2024-03-01,Ajah,Tools,6,8000,0,transfer
2024-03-01,Ajah,Other,1,1500,0.05,card
2024-03-01,Maryland,Pots,1,3000,0.1,cash
2024-03-01,Maryland,Furniture,1,26000,0,cash
2024-03-02,Ikeja,Tools,5,8000,0,card
2024-03-02,Ikeja,Plants,3,4500,0,card
2024-03-02,Ikeja,Furniture,5,26000,0,transfer
2024-03-02,Lekki,Tools,5,8000,0,card
2024-03-02,Lekki,Soil,5,2200,0,card
2024-03-02,Lekki,Tools,5,8000,0,card
2024-03-02,Lekki,Plants,0,8000,0,cash
2024-03-02,Lekki,Pots,0,3000,0,cash
2024-03-02,Lekki,Plants,0,3000,0,cash
2024-03-02,Yaba,Plants,3,4500,0,cash
2024-03-02,Yaba,Furniture,1,26000,0,transfer
2024-03-02,Yaba,Furniture,3,26000,0,cash
2024-03-02,Surulere,Plants,2,4500,0,cash
2024-03-02,Ajah,Tools,4,8000,0,transfer
2024-03-02,Ajah,Tools,6,8000,0,cash
2024-03-02,Ajah,Soil,3,2200,0.1,transfer
2024-03-02,Maryland,Pots,6,3000,0.05,transfer
2024-03-02,Maryland,Other,2,1500,0,cash
2024-03-03,Ikeja,Pots,3,3000,0.1,card
2024-03-03,Ikeja,Tools,5,8000,0.05,cash
2024-03-03,Ikeja,Soil,6,2200,0,card
2024-03-03,Lekki,Pots,3,3000,0,transfer
2024-03-03,Yaba,Pots,1,3000,0.05,card
2024-03-03,Surulere,Furniture,1,26000,0.1,card
2024-03-03,Ajah,Other,3,1500,0,transfer
2024-03-03,Maryland,Pots,5,3000,0.05,transfer
2024-03-03,Maryland,Soil,2,2200,0.1,card
2024-03-03,Maryland,Furniture,3,26000,0,card
2024-03-04,Ikeja,Pots,5,3000,0.05,transfer
2024-03-04,Ikeja,Pots,6,3000,0,card
2024-03-04,Lekki,Plants,4,4500,0.35,cash
2024-03-04,Lekki,Soil,2,2200,0.1,transfer
2024-03-04,Yaba,Plants,4,4500,0,transfer
2024-03-04,Yaba,Tools,1,8000,0.1,card
2024-03-04,Yaba,Furniture,5,26000,0.1,cash
2024-03-04,Surulere,Tools,3,8000,0,card
2024-03-04,Surulere,Soil,5,2200,0.1,card
2024-03-04,Ajah,Pots,4,3000,0,cash
2024-03-04,Ajah,Other,1,1500,0.1,cash
2024-03-04,Maryland,Furniture,4,26000,0,card
2024-03-04,Maryland,Plants,5,4500,0,cash
2024-03-05,Ikeja,Furniture,5,26000,0,transfer
2024-03-05,Ikeja,Pots,1,3000,0,card
2024-03-05,Lekki,Other,1,1500,0,card
2024-03-05,Lekki,Furniture,5,26000,0,transfer
2024-03-05,Yaba,Soil,6,2200,0,card
2024-03-05,Surelere,Plants,2,4500,0,card
2024-03-05,Ajah,Other,5,1500,0,cash
2024-03-05,Ajah,Furniture,4,26000,0,card
2024-03-05,Maryland,Soil,5,2200,0,card
2024-03-06,Ikeja,Soil,5,2200,0,cash
2024-03-06,Ikeja,Pots,2,3000,0,transfer
2024-03-06,Lekki,Other,2,1500,0.1,cash
2024-03-06,Lekki,Plants,0,3000,0,cash
2024-03-06,Lekki,Furniture,0,8000,0,cash
2024-03-06,Yaba,Plants,1,4500,0,card
2024-03-06,Yaba,Tools,3,8000,0,transfer
2024-03-06,Surulere,Pots,3,3000,0,card
2024-03-06,Surulere,Pots,1,3000,0.05,cash
2024-03-06,Ajah,Tools,3,8000,0.05,transfer
2024-03-06,Maryland,Plants,3,4500,0,cash
2024-03-06,Maryland,Furniture,6,26000,0.05,transfer
2024-03-07,Ikeja,Tools,6,8000,0,transfer
2024-03-07,Ikeja,Furniture,4,26000,0,cash
2024-03-07,Ikeja,Furniture,2,26000,0,transfer
2024-03-07,Lekki,Other,2,1500,0.1,cash
2024-03-07,Lekki,Pots,6,3000,0,cash
2024-03-07,Lekki,Pots,4,3000,0.05,card
2024-03-07,Yaba,Furniture,3,26000,0,cash
2024-03-07,Yaba,Furniture,4,26000,0.1,card
2024-03-07,Yaba,Other,3,1500,0,transfer
2024-03-07,Surulere,Pots,1,3000,0.1,cash
2024-03-07,Surulere,Furniture,1,26000,0,cash
2024-03-07,Surulere,Tools,4,8000,0,card
2024-03-07,Ajah,Pots,3,3000,0.05,cash
2024-03-07,Maryland,Soil,3,,0,transfer
2024-03-07,Maryland,Other,5,1500,0.05,card
2024-03-07,Maryland,Tools,6,8000,0.05,cash
2024-03-08,Ikeja,Plants,1,4500,0,transfer
2024-03-08,Lekki,Furniture,5,26000,0.05,cash
2024-03-08,Yaba,Pots,2,3000,0.05,cash
2024-03-08,Yaba,Tools,6,8000,0.05,card
2024-03-08,Yaba,Tools,4,8000,0,card
2024-03-08,Surulere,Other,6,,0.05,card
2024-03-08,Ajah,Soil,2,2200,0.05,card
2024-03-08,Ajah,Pots,4,3000,0,transfer
2024-03-08,Maryland,Other,5,1500,0.05,card
2024-03-09,Ikeja,Furniture,1,26000,0.05,card
2024-03-09,Ikeja,Plants,3,4500,0,cash
2024-03-09,Lekki,Plants,2,4500,0,card
2024-03-09,Yaba,Furniture,6,26000,0,transfer
2024-03-09,Yaba,Plants,6,4500,0.1,transfer
2024-03-09,Yaba,Furniture,3,26000,0.1,cash
2024-03-09,Surulere,Pots,6,3000,0.05,card
2024-03-09,Ajah,Soil,2,2200,0.05,cash
2024-03-09,Ajah,Plants,5,4500,0.05,transfer
2024-03-09,Maryland,Other,5,1500,0.1,transfer
2024-03-10,Ikeja,Furniture,2,26000,0,card
2024-03-10,Lekki,Other,1,1500,0.1,card
2024-03-10,Yaba,Furniture,1,26000,0,card
2024-03-10,Yaba,Plants,3,4500,0,card
2024-03-10,Surelere,Tools,1,8000,0,card
2024-03-10,Surulere,Other,3,1500,0,card
2024-03-10,Ajah,Furniture,1,26000,0,card
2024-03-10,Ajah,Plants,3,4500,0,transfer
2024-03-10,Maryland,Pots,1,3000,0.1,cash
2024-03-11,Ikeja,Other,1,1500,0,card
2024-03-11,Lekki,Furniture,3,26000,0.3,cash
2024-03-11,Lekki,Plants,5,4500,0.05,card
2024-03-11,Lekki,Furniture,0,3000,0,cash
2024-03-11,Lekki,Pots,0,8000,0,cash
2024-03-11,Lekki,Tools,0,4500,0,cash
2024-03-11,Yaba,Furniture,4,26000,0.05,card
2024-03-11,Surulere,Furniture,5,26000,0.1,cash
2024-03-11,Ajah,Furniture,2,26000,0.1,transfer
2024-03-11,Ajah,Soil,5,2200,0.05,cash
2024-03-11,Maryland,Furniture,1,26000,0,cash
2024-03-12,Ikeja,Soil,6,2200,0.1,cash
2024-03-12,Ikeja,Plants,2,4500,0,cash
2024-03-12,Ikeja,Plants,2,4500,0.1,card
2024-03-12,Lekki,Other,4,1500,0.25,cash
2024-03-12,Lekki,Pots,1,3000,0.2,cash
2024-03-12,Lekki,Soil,4,2200,0,cash
2024-03-12,Yaba,Tools,1,8000,0,card
2024-03-12,Yaba,Soil,5,2200,0,card
2024-03-12,Yaba,Tools,4,8000,0.05,transfer
2024-03-12,Surulere,Furniture,0,26000,0,cash
2024-03-12,Surulere,Pots,5,3000,0,transfer
2024-03-12,Surulere,Soil,1,2200,0,transfer
2024-03-12,Ajah,Furniture,6,26000,0.1,card
2024-03-12,Maryland,Tools,3,8000,0.1,cash
2024-03-12,Maryland,Tools,5,8000,0.05,card
2024-03-13,Ikeja,Soil,6,2200,0,transfer
2024-03-13,Lekki,Plants,3,4500,0.35,cash
2024-03-13,Lekki,Plants,6,4500,0.1,cash
2024-03-13,Yaba,Soil,6,2200,0.05,cash
2024-03-13,Yaba,Furniture,2,26000,0.05,transfer
2024-03-13,Surulere,Soil,2,2200,0.1,card
2024-03-13,Ajah,Soil,4,2200,0.1,card
2024-03-13,Ajah,Other,4,1500,0,cash
2024-03-13,Maryland,Tools,5,8000,0,card
2024-03-13,Maryland,Pots,3,3000,0.1,cash
2024-03-13,Maryland,Tools,2,8000,0.05,card
2024-03-14,Ikeja,Plants,4,4500,0,card
2024-03-14,Lekki,Furniture,5,26000,0,card
2024-03-14,Lekki,Plants,5,4500,0.05,cash
2024-03-14,Lekki,Soil,3,2200,0.05,transfer
2024-03-14,Yaba,Furniture,5,26000,0,transfer
2024-03-14,Surulere,Tools,1,8000,0.1,transfer
2024-03-14,Surulere,Tools,6,8000,0,cash
2024-03-14,Ajah,Pots,5,3000,0.05,card
2024-03-14,Ajah,Furniture,3,26000,0.1,card
2024-03-14,Maryland,Tools,5,8000,0,cash
2024-03-14,Maryland,Soil,2,2200,0,card
2024-03-14,Maryland,Plants,5,4500,0,card
2024-03-15,Ikeja,Tools,3,8000,0.1,card
2024-03-15,Lekki,Plants,4,,0.05,transfer
2024-03-15,Lekki,Furniture,5,26000,0,cash
2024-03-15,Lekki,Plants,6,4500,0.3,cash
2024-03-15,Yaba,Pots,2,3000,0,card
2024-03-15,Yaba,Plants,3,4500,0,transfer
2024-03-15,Yaba,Pots,2,3000,0,card
2024-03-15,Surulere,Plants,5,4500,0,card
2024-03-15,Ajah,Other,6,1500,0,transfer
2024-03-15,Ajah,Plants,5,4500,0,cash
2024-03-15,Ajah,Soil,5,2200,0.05,transfer
2024-03-15,Maryland,Pots,4,3000,0,card
2024-03-15,Maryland,Pots,1,3000,0.1,card
2024-03-15,Maryland,Pots,5,3000,0,cash
2024-03-16,Ikeja,Pots,4,3000,0,cash
2024-03-16,Ikeja,Tools,5,8000,0.1,cash
2024-03-16,Ikeja,Plants,5,4500,0,transfer
2024-03-16,Lekki,Pots,4,,0,transfer
2024-03-16,Lekki,Other,6,1500,0,transfer
2024-03-16,Lekki,Other,6,1500,0,cash
2024-03-16,Yaba,Furniture,5,26000,0.05,card
2024-03-16,Yaba,Tools,4,8000,0.1,cash
2024-03-16,Surulere,Furniture,4,26000,0.1,transfer
2024-03-16,Surulere,Soil,2,2200,0,transfer
2024-03-16,Ajah,Furniture,2,26000,0.05,transfer
2024-03-16,Maryland,Soil,1,2200,0,card
2024-03-16,Maryland,Plants,3,4500,0,card
2024-03-16,Maryland,Pots,6,3000,0,cash
2024-03-17,Ikeja,Tools,1,8000,0.1,transfer
2024-03-17,Lekki,Pots,2,3000,0.35,cash
2024-03-17,Lekki,Pots,0,8000,0,cash
2024-03-17,Lekki,Other,0,8000,0,cash
2024-03-17,Yaba,Pots,4,3000,0,cash
2024-03-17,Yaba,Tools,5,8000,0,cash
2024-03-17,Yaba,Soil,4,2200,0,card
2024-03-17,Surulere,Furniture,3,26000,0,card
2024-03-17,Surulere,Other,6,1500,0,transfer
2024-03-17,Ajah,Tools,3,8000,0.1,transfer
2024-03-17,Ajah,Plants,4,4500,0.1,cash
2024-03-17,Maryland,Furniture,1,26000,0.05,cash
2024-03-17,Maryland,Furniture,1,26000,0,card
2024-03-18,Ikeja,Plants,2,4500,0,card
2024-03-18,Lekki,Tools,3,8000,0,transfer
2024-03-18,Yaba,Other,1,1500,0,transfer
2024-03-18,Surulere,Furniture,6,26000,0.1,card
2024-03-18,Surulere,Tools,1,8000,0,transfer
2024-03-18,Surulere,Furniture,2,26000,0.05,card
2024-03-18,Ajah,Plants,3,4500,0,card
2024-03-18,Ajah,Furniture,4,26000,0.05,transfer
2024-03-18,Maryland,Other,2,1500,0,card
2024-03-19,Ikeja,Furniture,1,26000,0.05,card
2024-03-19,Ikeja,Other,1,1500,0,card
2024-03-19,Ikeja,Pots,1,3000,0.1,transfer
2024-03-19,Lekki,Soil,6,2200,0,transfer
2024-03-19,Yaba,Pots,5,3000,0.05,cash
2024-03-19,Surulere,Other,2,1500,0.05,cash
2024-03-19,Surulere,Tools,1,8000,0,cash
2024-03-19,Ajah,Tools,4,8000,0,transfer
2024-03-19,Ajah,Soil,6,2200,0.1,card
2024-03-19,Ajah,Pots,6,3000,0.1,card
2024-03-19,Maryland,Soil,2,2200,0,cash
2024-03-20,Ikeja,Furniture,1,26000,0,cash
2024-03-20,Ikeja,Furniture,6,26000,0,card
2024-03-20,Ikeja,Pots,5,3000,0,cash
2024-03-20,Lekki,Plants,6,4500,0.05,card
2024-03-20,Yaba,Furniture,4,26000,0,cash
2024-03-20,Yaba,Tools,6,8000,0,cash
2024-03-20,Yaba,Other,6,1500,0,transfer
2024-03-20,Surulere,Tools,3,8000,0.05,cash
2024-03-20,Surulere,Soil,1,2200,0,transfer
2024-03-20,Surulere,Other,6,1500,0.1,cash
2024-03-20,Ajah,Pots,5,3000,0,transfer
2024-03-20,Ajah,Other,5,1500,0,card
2024-03-20,Maryland,Other,2,1500,0,transfer
2024-03-20,Maryland,Soil,3,2200,0,transfer
2024-03-21,Ikeja,Furniture,2,26000,0,cash
2024-03-21,Ikeja,Furniture,3,26000,0.05,card
2024-03-21,Lekki,Tools,5,8000,0,transfer
2024-03-21,Lekki,Other,1,1500,0,transfer
2024-03-21,Lekki,Pots,4,3000,0,transfer
2024-03-21,Lekki,Plants,0,3000,0,cash
2024-03-21,Yaba,Plants,5,,0,cash
2024-03-21,Yaba,Tools,4,8000,0,transfer
2024-03-21,Surulere,Soil,6,2200,0,transfer
2024-03-21,Surulere,Furniture,1,26000,0.1,transfer
2024-03-21,Surulere,Soil,6,2200,0,card
2024-03-21,Ajah,Tools,6,8000,0.05,card
2024-03-21,Ajah,Furniture,1,26000,0,cash
2024-03-21,Ajah,Tools,2,8000,0.05,transfer
2024-03-21,Maryland,Furniture,3,26000,0,cash
2024-03-21,Maryland,Tools,4,8000,0.1,cash
2024-03-21,Maryland,Furniture,2,26000,0.05,card
2024-03-22,Ikeja,Plants,5,4500,0,transfer
2024-03-22,Ikeja,Furniture,3,26000,0,card
2024-03-22,Ikeja,Other,2,1500,0.1,card
2024-03-22,Lekki,Other,6,1500,0,card
2024-03-22,Lekki,Plants,3,4500,0.1,card
2024-03-22,Lekki,Furniture,5,26000,0,transfer
2024-03-22,Yaba,Pots,5,3000,0.1,card
2024-03-22,Yaba,Soil,1,2200,0,transfer
2024-03-22,Yaba,Furniture,3,26000,0.1,cash
2024-03-22,Surulere,Furniture,4,26000,0,transfer
2024-03-22,Surulere,Soil,3,2200,0,card
2024-03-22,Ajah,Soil,5,2200,0.1,transfer
2024-03-22,Maryland,Other,6,1500,0,transfer
2024-03-22,Maryland,Furniture,4,26000,0,transfer
2024-03-23,Ikeja,Soil,2,2200,0,cash
2024-03-23,Lekki,Tools,2,8000,0.05,cash
2024-03-23,Lekki,Tools,3,8000,0.05,card
2024-03-23,Lekki,Furniture,3,26000,0,card
2024-03-23,Yaba,Plants,3,4500,0,transfer
2024-03-23,Yaba,Pots,1,3000,0.1,card
2024-03-23,Surulere,Pots,4,3000,0.1,card
2024-03-23,Ajah,Plants,6,4500,0.1,cash
2024-03-23,Ajah,Plants,5,4500,0.1,transfer
2024-03-23,Maryland,Tools,3,8000,0,cash
2024-03-23,Maryland,Pots,6,3000,0.1,card
2024-03-23,Marylnd,Plants,4,4500,0,cash
2024-03-24,Ikeja,Pots,1,3000,0.1,cash
2024-03-24,Lekki,Pots,6,3000,0,card
2024-03-24,Lekki,Furniture,5,26000,0.05,transfer
2024-03-24,Lekki,Plants,3,4500,0.1,card
2024-03-24,Yaba,Plants,1,4500,0,transfer
2024-03-24,Yaba,Pots,1,3000,0.1,cash
2024-03-24,Surulere,Other,4,1500,0.1,transfer
2024-03-24,Surulere,Plants,1,4500,0.05,cash
2024-03-24,Ajah,Soil,1,2200,0.05,transfer
2024-03-24,Maryland,Pots,4,3000,0,cash
2024-03-24,Maryland,Tools,2,8000,0.05,transfer
2024-03-25,Ikeja,Tools,6,8000,0.1,transfer
2024-03-25,Ikeja,Plants,4,4500,0,card
2024-03-25,Lekki,Plants,5,4500,0,card
2024-03-25,Lekki,Soil,5,2200,0.1,transfer
2024-03-25,Yaba,Soil,4,2200,0.1,cash
2024-03-25,Yaba,Furniture,3,26000,0,transfer
2024-03-25,Surulere,Tools,1,8000,0.05,cash
2024-03-25,Surulere,Soil,6,2200,0,cash
2024-03-25,Ajah,Other,4,1500,0.1,card
2024-03-25,Ajah,Soil,2,2200,0.05,card
2024-03-25,Maryland,Other,2,1500,0.1,transfer
2024-03-25,Maryland,Pots,6,3000,0,card
2024-03-25,Maryland,Other,5,1500,0.1,card
2024-03-26,Ikeja,Furniture,6,26000,0.1,cash
2024-03-26,Ikeja,Pots,5,3000,0.05,transfer
2024-03-26,Ikeja,Furniture,4,26000,0.05,card
2024-03-26,Lekki,Furniture,3,26000,0,card
2024-03-26,Lekki,Pots,3,3000,0,cash
2024-03-26,Lekki,Other,2,1500,0,card
2024-03-26,Yaba,Pots,4,3000,0.1,transfer
2024-03-26,Surulere,Furniture,5,26000,0.05,cash
2024-03-26,Surulere,Plants,5,4500,0.1,cash
2024-03-26,Surulere,Other,3,1500,0,card
2024-03-26,Ajah,Plants,6,4500,0.05,transfer
2024-03-26,Ajah,Pots,1,3000,0,card
2024-03-26,Ajah,Furniture,4,26000,0,cash
2024-03-26,Maryland,Soil,2,2200,0,cash
2024-03-26,Maryland,Tools,2,8000,0,transfer
2024-03-26,Marylnd,Tools,2,8000,0,card
2024-03-27,Ikeja,Tools,6,8000,0.05,cash
2024-03-27,Ikeja,Other,5,1500,0,transfer
2024-03-27,Lekki,Plants,3,4500,0.2,cash
2024-03-27,Lekki,Soil,5,2200,0.35,cash
2024-03-27,Yaba,Furniture,3,26000,0,cash
2024-03-27,Yaba,Tools,4,8000,0.1,cash
2024-03-27,Yaba,Soil,4,2200,0,card
2024-03-27,Surulere,Furniture,3,,0.05,card
2024-03-27,Surulere,Tools,6,8000,0.05,card
2024-03-27,Surulere,Furniture,5,26000,0,transfer
2024-03-27,Ajah,Tools,1,8000,0.05,cash
2024-03-27,Ajah,Pots,1,3000,0.1,card
2024-03-27,Maryland,Other,1,1500,0.05,cash
2024-03-28,Ikeja,Plants,4,4500,0,cash
2024-03-28,Ikeja,Other,2,1500,0.1,card
2024-03-28,Ikeja,Pots,2,3000,0,transfer
2024-03-28,Lekki,Pots,2,3000,0,cash
2024-03-28,Lekki,Plants,3,4500,0.05,transfer
2024-03-28,Yaba,Pots,1,3000,0,cash
2024-03-28,Yaba,Plants,4,4500,0.1,card
2024-03-28,Yaba,Soil,4,2200,0,cash
2024-03-28,Surulere,Pots,2,3000,0.1,card
2024-03-28,Surulere,Furniture,2,26000,0.05,card
2024-03-28,Ajah,Furniture,4,26000,0,cash
2024-03-28,Ajah,Pots,4,3000,0,transfer
2024-03-28,Maryland,Furniture,6,26000,0,transfer
2024-03-29,Ikeja,Plants,3,4500,0,transfer
2024-03-29,Ikeja,Other,6,1500,0.05,card
2024-03-29,Ikeja,Soil,6,2200,0.1,cash
2024-03-29,Lekki,Plants,6,4500,0.1,transfer
2024-03-29,Yaba,Plants,3,4500,0.1,cash
2024-03-29,Yaba,Plants,4,4500,0.1,card
2024-03-29,Surulere,Pots,5,3000,0,transfer
2024-03-29,Surulere,Soil,1,2200,0.05,cash
2024-03-29,Surulere,Furniture,5,26000,0.05,card
2024-03-29,Ajah,Plants,6,4500,0.1,card
2024-03-29,Maryland,Tools,1,8000,0,transfer
2024-03-29,Maryland,Soil,2,2200,0,transfer
2024-03-30,Ikeja,Other,1,1500,0.05,cash
2024-03-30,Lekki,Pots,1,3000,0.25,cash
2024-03-30,Lekki,Pots,3,3000,0,transfer
2024-03-30,Lekki,Tools,5,8000,0.2,cash
2024-03-30,Yaba,Plants,2,4500,0,cash
2024-03-30,Yaba,Other,3,1500,0.05,cash
2024-03-30,Yaba,Plants,1,4500,0,transfer
2024-03-30,Surulere,Furniture,1,26000,0,transfer
2024-03-30,Surulere,Plants,5,4500,0,cash
2024-03-30,Surulere,Plants,3,4500,0,cash
2024-03-30,Ajah,Soil,4,2200,0,transfer
2024-03-30,Maryland,Soil,3,2200,0,transfer
2024-03-30,Maryland,Other,4,1500,0.05,card
2024-03-31,Ikeja,Furniture,5,26000,0,card
2024-03-31,Lekki,Tools,6,8000,0,card
2024-03-31,Lekki,Pots,3,3000,0.2,cash
2024-03-31,Lekki,Pots,0,8000,0,cash
2024-03-31,Yaba,Pots,4,3000,0.05,transfer
2024-03-31,Surulere,Furniture,4,26000,0.05,transfer
2024-03-31,Surulere,Soil,6,2200,0,card
2024-03-31,Surulere,Furniture,1,26000,0.05,cash
2024-03-31,Ajah,Pots,3,3000,0.05,transfer
2024-03-31,Ajah,Plants,4,4500,0,card
2024-03-31,Ajah,Other,4,1500,0.05,card
2024-03-31,Maryland,Plants,2,4500,0,card
2024-03-31,Maryland,Soil,5,2200,0.1,card
2024-04-01,Ikeja,Soil,2,2200,0.05,transfer
2024-04-01,Ikeja,Tools,4,8000,0,transfer
2024-04-01,Lekki,Other,2,1500,0,transfer
2024-04-01,Lekki,Tools,4,8000,0,card
2024-04-01,Lekki,Pots,0,8000,0,cash
2024-04-01,Lekki,Tools,0,3000,0,cash
2024-04-01,Yaba,Other,5,1500,0,transfer
2024-04-01,Surulere,Pots,2,3000,0,cash
2024-04-01,Surulere,Furniture,6,26000,0.1,card
2024-04-01,Surulere,Plants,5,4500,0,card
2024-04-01,Ajah,Other,4,1500,0,card
2024-04-01,Maryland,Plants,2,4500,0,transfer
2024-04-01,Maryland,Other,1,1500,0,card
2024-04-02,Ikeja,Plants,2,4500,0,card
2024-04-02,Lekki,Plants,1,4500,0,card
2024-04-02,Yaba,Plants,1,4500,0,transfer
2024-04-02,Yaba,Tools,4,8000,0,cash
2024-04-02,Surulere,Soil,4,2200,0,cash
2024-04-02,Surulere,Plants,3,4500,0.05,transfer
2024-04-02,Ajah,Soil,5,2200,0.1,card
2024-04-02,Ajah,Soil,4,2200,0,cash
2024-04-02,Ajah,Other,5,1500,0,cash
2024-04-02,Maryland,Other,2,1500,0,transfer
2024-04-02,Maryland,Pots,1,3000,0,card
2024-04-02,Maryland,Plants,1,,0,card
2024-04-03,Ikeja,Furniture,1,26000,0,card
2024-04-03,Lekki,Other,2,1500,0,transfer
2024-04-03,Lekki,Furniture,0,8000,0,cash
2024-04-03,Lekki,Furniture,0,4500,0,cash
2024-04-03,Lekki,Tools,0,4500,0,cash
2024-04-03,Yaba,Other,6,1500,0,transfer
2024-04-03,Yaba,Soil,2,2200,0,transfer
2024-04-03,Surulere,Furniture,6,26000,0.05,transfer
2024-04-03,Ajah,Soil,0,2200,0,cash
2024-04-03,Maryland,Other,1,1500,0,transfer
2024-04-04,Ikeja,Plants,5,,0,cash
2024-04-04,Lekki,Other,4,1500,0,transfer
2024-04-04,Yaba,Furniture,3,26000,0.05,cash
2024-04-04,Yaba,Other,2,1500,0,cash
2024-04-04,Yaba,Pots,3,3000,0,transfer
2024-04-04,Surulere,Soil,6,2200,0,card
2024-04-04,Surulere,Plants,6,4500,0.1,cash
2024-04-04,Surulere,Tools,1,8000,0,cash
2024-04-04,Ajah,Furniture,2,26000,0.1,cash
2024-04-04,Ajah,Other,3,1500,0,transfer
2024-04-04,Maryland,Other,4,1500,0.05,cash
2024-04-04,Maryland,Soil,1,2200,0,cash
2024-04-05,Ikeja,Other,2,1500,0.05,transfer
2024-04-05,Ikeja,Plants,4,4500,0.05,card
2024-04-05,Lekki,Soil,3,2200,0.35,cash
2024-04-05,Lekki,Soil,0,4500,0,cash
2024-04-05,Lekki,Plants,0,3000,0,cash
2024-04-05,Lekki,Tools,0,8000,0,cash
2024-04-05,Yaba,Furniture,5,26000,0,transfer
2024-04-05,Yaba,Plants,4,4500,0,cash
2024-04-05,Yaba,Plants,6,4500,0.05,transfer
2024-04-05,Surulere,Other,2,1500,0.1,card
2024-04-05,Surulere,Furniture,6,26000,0,cash
2024-04-05,Ajah,Other,5,1500,0,card
2024-04-05,Ajah,Furniture,3,26000,0.1,card
2024-04-05,Maryland,Soil,3,2200,0.05,transfer
2024-04-05,Maryland,Pots,4,3000,0.05,cash
2024-04-05,Maryland,Furniture,3,26000,0.05,transfer
2024-04-06,Ikeja,Other,3,1500,0.1,cash
2024-04-06,Lekki,Pots,6,3000,0.35,cash
2024-04-06,Yaba,Plants,6,4500,0,transfer
2024-04-06,Yaba,Furniture,3,26000,0,cash
2024-04-06,Surulere,Furniture,2,,0,card
2024-04-06,Surulere,Plants,1,4500,0,transfer
2024-04-06,Surulere,Tools,6,8000,0,card
2024-04-06,Ajah,Furniture,3,26000,0,cash
2024-04-06,Ajah,Tools,5,8000,0.1,card
2024-04-06,Ajah,Furniture,5,26000,0.05,transfer
2024-04-06,Maryland,Pots,5,3000,0,cash
2024-04-07,Ikeja,Furniture,2,26000,0.05,card
2024-04-07,Ikeja,Other,6,1500,0,card
2024-04-07,Ikeja,Other,4,1500,0,card
2024-04-07,Lekki,Tools,3,8000,0.25,cash
2024-04-07,Yaba,Soil,1,2200,0,cash
2024-04-07,Surulere,Plants,6,4500,0.1,card
2024-04-07,Ajah,Furniture,5,26000,0.05,cash
2024-04-07,Ajah,Furniture,2,26000,0.1,cash
2024-04-07,Maryland,Soil,2,2200,0,cash
2024-04-07,Maryland,Plants,5,4500,0,cash
2024-04-08,Ikeja,Soil,3,2200,0.05,card
2024-04-08,Ikeja,Pots,1,3000,0,transfer
2024-04-08,Lekki,Pots,5,3000,0.05,cash
2024-04-08,Lekki,Other,1,1500,0,card
2024-04-08,Lekki,Tools,3,8000,0,cash
2024-04-08,Yaba,Plants,6,4500,0.1,transfer
2024-04-08,Yaba,Pots,3,3000,0,card
2024-04-08,Yaba,Soil,6,2200,0.1,card
2024-04-08,Surulere,Pots,6,3000,0,transfer
2024-04-08,Surulere,Soil,2,2200,0,cash
2024-04-08,Surulere,Tools,1,8000,0.1,cash
2024-04-08,Ajah,Other,6,1500,0,transfer
2024-04-08,Ajah,Tools,4,8000,0.1,transfer
2024-04-08,Maryland,Tools,6,8000,0.05,card
2024-04-09,Ikeja,Furniture,1,26000,0,card
2024-04-09,Ikeja,Plants,5,4500,0,transfer
2024-04-09,Lekki,Plants,1,4500,0.35,cash
2024-04-09,Lekki,Soil,5,2200,0,card
2024-04-09,Yaba,Furniture,1,26000,0,card
2024-04-09,Surulere,Plants,6,4500,0,card
2024-04-09,Surulere,Plants,2,4500,0,transfer
2024-04-09,Ajah,Soil,5,2200,0.05,cash
2024-04-09,Maryland,Other,1,1500,0.1,cash
2024-04-09,Maryland,Tools,3,8000,0,transfer
2024-04-10,Ikeja,Pots,1,3000,0.05,card
2024-04-10,Ikeja,Tools,5,8000,0.1,card
2024-04-10,Ikeja,Soil,3,2200,0.1,card
2024-04-10,Lekki,Plants,3,4500,0,cash
2024-04-10,Lekki,Plants,3,4500,0,transfer
2024-04-10,Lekki,Tools,3,8000,0,transfer
2024-04-10,Lekki,Other,0,3000,0,cash
2024-04-10,Yaba,Tools,0,8000,0.1,transfer
2024-04-10,Yaba,Pots,4,3000,0,cash
2024-04-10,Surulere,Plants,5,4500,0.05,card
2024-04-10,Surulere,Pots,2,3000,0,card
2024-04-10,Ajah,Plants,1,4500,0.1,card
2024-04-10,Ajah,Other,6,1500,0,cash
2024-04-10,Maryland,Soil,5,2200,0,cash
2024-04-10,Marylnd,Other,6,1500,0,transfer
2024-04-10,Maryland,Soil,6,2200,0.05,cash
2024-04-11,Ikeja,Tools,1,8000,0,cash
2024-04-11,Lekki,Plants,1,4500,0,cash
2024-04-11,Lekki,Soil,4,2200,0.05,transfer
2024-04-11,Lekki,Furniture,3,26000,0,card
2024-04-11,Yaba,Furniture,5,26000,0.1,card
2024-04-11,Surulere,Other,6,1500,0.05,transfer
2024-04-11,Ajah,Soil,5,2200,0.1,transfer
2024-04-11,Ajah,Soil,4,2200,0,cash
2024-04-11,Ajah,Furniture,6,26000,0.05,card
2024-04-11,Maryland,Tools,4,8000,0.05,transfer
2024-04-11,Maryland,Plants,5,4500,0.05,cash
2024-04-12,Ikeja,Pots,5,3000,0,transfer
2024-04-12,Ikeja,Pots,6,3000,0,card
2024-04-12,Leki,Other,1,1500,0.1,transfer
2024-04-12,Lekki,Other,2,1500,0,transfer
2024-04-12,Lekki,Furniture,2,26000,0.05,transfer
2024-04-12,Yaba,Pots,6,3000,0,transfer
2024-04-12,Surulere,Other,3,1500,0,card
2024-04-12,Ajah,Tools,1,8000,0,transfer
2024-04-12,Ajah,Soil,5,2200,0,transfer
2024-04-12,Maryland,Furniture,3,26000,0,card
2024-04-13,Ikeja,Furniture,6,26000,0,cash
2024-04-13,Ikeja,Pots,5,3000,0,transfer
2024-04-13,Lekki,Furniture,5,26000,0.1,cash
2024-04-13,Lekki,Pots,1,3000,0,card
2024-04-13,Yaba,Other,4,1500,0,transfer
2024-04-13,Yaba,Soil,3,,0,cash
2024-04-13,Yaba,Other,1,1500,0.1,card
2024-04-13,Surulere,Furniture,3,26000,0,cash
2024-04-13,Surulere,Soil,5,2200,0.1,cash
2024-04-13,Ajah,Furniture,5,26000,0,transfer
2024-04-13,Ajah,Plants,3,4500,0.1,card
2024-04-13,Maryland,Plants,2,4500,0,cash
2024-04-13,Maryland,Soil,1,2200,0,transfer
2024-04-14,Ikeja,Pots,1,3000,0,transfer
2024-04-14,Lekki,Soil,3,2200,0.25,cash
2024-04-14,Yaba,Plants,6,4500,0.1,transfer
2024-04-14,Yaba,Furniture,4,26000,0.1,cash
2024-04-14,Yaba,Soil,3,2200,0.1,cash
2024-04-14,Surulere,Other,1,1500,0,cash
2024-04-14,Surulere,Other,6,1500,0,card
2024-04-14,Surulere,Other,1,1500,0,transfer
2024-04-14,Ajah,Soil,5,2200,0,transfer
2024-04-14,Ajah,Pots,3,3000,0,cash
2024-04-14,Ajah,Soil,6,2200,0,cash
2024-04-14,Maryland,Plants,5,4500,0.05,card
2024-04-14,Maryland,Pots,4,3000,0,card
2024-04-15,Ikeja,Other,1,1500,0.1,card
2024-04-15,Ikeja,Plants,3,4500,0,transfer
2024-04-15,Lekki,Furniture,1,26000,0.2,cash
2024-04-15,Yaba,Plants,1,4500,0.1,card
2024-04-15,Yaba,Other,3,1500,0.1,card
2024-04-15,Surulere,Furniture,1,26000,0,card
2024-04-15,Ajah,Plants,1,4500,0,cash
2024-04-15,Maryland,Tools,2,8000,0,card
2024-04-16,Ikeja,Pots,4,3000,0,card
2024-04-16,Ikeja,Tools,5,8000,0.1,card
2024-04-16,Ikeja,Soil,4,2200,0,card
2024-04-16,Lekki,Plants,2,4500,0,cash
2024-04-16,Lekki,Pots,1,3000,0.1,cash
2024-04-16,Lekki,Pots,6,3000,0,cash
2024-04-16,Yaba,Pots,4,3000,0.1,transfer
2024-04-16,Yaba,Soil,3,2200,0,cash
2024-04-16,Surulere,Pots,1,3000,0,cash
2024-04-16,Ajah,Tools,4,8000,0,cash
2024-04-16,Ajah,Soil,3,2200,0.05,cash
2024-04-16,Ajah,Other,6,1500,0,transfer
2024-04-16,Maryland,Furniture,2,26000,0,card
2024-04-17,Ikeja,Furniture,2,26000,0.1,transfer
2024-04-17,Ikeja,Pots,3,3000,0,card
2024-04-17,Lekki,Pots,6,3000,0,cash
2024-04-17,Lekki,Tools,6,8000,0,card
2024-04-17,Yaba,Furniture,3,26000,0.1,card
2024-04-17,Surulere,Soil,1,2200,0.05,transfer
2024-04-17,Surulere,Furniture,4,26000,0,transfer
2024-04-17,Ajah,Furniture,3,26000,0,transfer
2024-04-17,Ajah,Furniture,3,26000,0,cash
2024-04-17,Ajah,Pots,2,3000,0.1,transfer
2024-04-17,Maryland,Furniture,3,26000,0,cash
2024-04-17,Maryland,Pots,1,,0,card
2024-04-17,Maryland,Furniture,6,26000,0.05,transfer
2024-04-18,Ikeja,Soil,6,2200,0,transfer
2024-04-18,Lekki,Furniture,1,26000,0,card
2024-04-18,Yaba,Plants,1,4500,0.1,card
2024-04-18,Yaba,Furniture,1,26000,0,transfer
2024-04-18,Yaba,Plants,3,4500,0,card
2024-04-18,Surulere,Furniture,4,26000,0.1,card
2024-04-18,Surulere,Other,6,1500,0.1,transfer
2024-04-18,Surulere,Other,3,1500,0,cash
2024-04-18,Ajah,Plants,6,4500,0,card
2024-04-18,Marylnd,Other,4,1500,0.05,cash
2024-04-18,Maryland,Other,6,1500,0,card
2024-04-19,Ikeja,Plants,5,4500,0,card
2024-04-19,Ikeja,Pots,3,3000,0.1,transfer
2024-04-19,Lekki,Plants,3,4500,0.1,cash
2024-04-19,Lekki,Pots,1,3000,0,cash
2024-04-19,Yaba,Plants,3,4500,0,transfer
2024-04-19,Yaba,Furniture,4,26000,0.05,card
2024-04-19,Yaba,Soil,2,2200,0.05,cash
2024-04-19,Surulere,Other,1,1500,0.1,cash
2024-04-19,Surulere,Other,5,1500,0.1,transfer
2024-04-19,Ajah,Pots,1,3000,0.05,cash
2024-04-19,Maryland,Pots,3,3000,0,card
2024-04-19,Maryland,Soil,3,2200,0,transfer
2024-04-20,Ikeja,Soil,6,2200,0,transfer
2024-04-20,Ikeja,Tools,3,8000,0.05,transfer
2024-04-20,Lekki,Other,2,1500,0,cash
2024-04-20,Yaba,Soil,5,2200,0,transfer
2024-04-20,Yaba,Soil,5,2200,0.05,card
2024-04-20,Yaba,Soil,4,2200,0.1,card
2024-04-20,Surulere,Tools,5,8000,0.05,card
2024-04-20,Surulere,Other,4,1500,0,cash
2024-04-20,Surulere,Soil,5,2200,0,transfer
2024-04-20,Ajah,Furniture,4,26000,0,transfer
2024-04-20,Ajah,Pots,1,3000,0,card
2024-04-20,Maryland,Tools,1,8000,0,cash
2024-04-20,Maryland,Plants,6,4500,0,cash
2024-04-20,Maryland,Plants,5,4500,0.05,card
2024-04-21,Ikeja,Plants,3,4500,0.1,transfer
2024-04-21,Ikeja,Soil,3,2200,0,cash
2024-04-21,Lekki,Furniture,4,26000,0.3,cash
2024-04-21,Lekki,Pots,1,3000,0.1,transfer
2024-04-21,Lekki,Plants,2,4500,0,card
2024-04-21,Yaba,Pots,6,3000,0,card
2024-04-21,Yaba,Plants,6,4500,0.1,card
2024-04-21,Yaba,Furniture,5,26000,0.1,card
2024-04-21,Surulere,Pots,1,3000,0,cash
2024-04-21,Surulere,Pots,4,3000,0,card
2024-04-21,Ajah,Plants,3,4500,0.1,card
2024-04-21,Ajah,Other,0,1500,0,transfer
2024-04-21,Maryland,Soil,6,2200,0.1,cash
2024-04-21,Maryland,Pots,4,3000,0,transfer
2024-04-22,Ikeja,Plants,3,4500,0.05,transfer
2024-04-22,Ikeja,Plants,6,4500,0.05,cash
2024-04-22,Ikeja,Plants,4,4500,0,transfer
2024-04-22,Lekki,Tools,2,8000,0.1,transfer
2024-04-22,Lekki,Soil,5,2200,0.05,transfer
2024-04-22,Lekki,Soil,6,2200,0,card
2024-04-22,Yaba,Plants,6,4500,0.1,card
2024-04-22,Yaba,Other,6,1500,0.05,transfer
2024-04-22,Surulere,Plants,3,4500,0,cash
2024-04-22,Surulere,Plants,4,4500,0,cash
2024-04-22,Surulere,Other,3,1500,0.05,card
2024-04-22,Ajah,Furniture,4,26000,0.05,card
2024-04-22,Ajah,Plants,2,4500,0.05,cash
2024-04-22,Maryland,Other,5,1500,0,cash
2024-04-22,Maryland,Furniture,3,26000,0,cash
2024-04-23,Ikeja,Furniture,6,26000,0.05,cash
2024-04-23,Lekki,Plants,6,4500,0,transfer
2024-04-23,Yaba,Pots,2,3000,0,card
2024-04-23,Surulere,Plants,4,4500,0.05,transfer
2024-04-23,Surulere,Furniture,3,26000,0,transfer
2024-04-23,Ajah,Other,2,1500,0,cash
2024-04-23,Maryland,Other,0,1500,0,card
2024-04-23,Maryland,Tools,1,8000,0,card
2024-04-23,Maryland,Tools,5,8000,0.1,cash
2024-04-24,Ikeja,Pots,1,3000,0,card
2024-04-24,Lekki,Tools,3,8000,0.25,cash
2024-04-24,Lekki,Other,5,1500,0.05,cash
2024-04-24,Yaba,Tools,6,8000,0,card
2024-04-24,Surulere,Soil,5,2200,0.1,cash
2024-04-24,Surulere,Pots,3,3000,0.1,transfer
2024-04-24,Surulere,Soil,3,2200,0,card
2024-04-24,Ajah,Plants,6,4500,0.1,cash
2024-04-24,Ajah,Soil,5,2200,0,card
2024-04-24,Maryland,Pots,3,3000,0.05,transfer
2024-04-24,Maryland,Plants,2,4500,0,cash
2024-04-24,Maryland,Plants,2,4500,0.1,card
2024-04-25,Ikeja,Other,3,1500,0.05,transfer
2024-04-25,Lekki,Other,1,1500,0,card
2024-04-25,Lekki,Tools,1,8000,0.25,cash
2024-04-25,Yaba,Other,2,1500,0.1,transfer
2024-04-25,Yaba,Other,4,1500,0,transfer
2024-04-25,Surulere,Tools,6,8000,0,cash
2024-04-25,Surulere,Plants,5,4500,0.1,card
2024-04-25,Surelere,Other,6,1500,0,transfer
2024-04-25,Ajah,Furniture,2,26000,0.05,transfer
2024-04-25,Maryland,Tools,1,8000,0,card
2024-04-25,Maryland,Furniture,4,26000,0,cash
2024-04-25,Maryland,Other,4,1500,0,cash
2024-04-26,Ikeja,Tools,5,8000,0.05,card
2024-04-26,Ikeja,Furniture,5,26000,0,cash
2024-04-26,Ikeja,Tools,1,8000,0,cash
2024-04-26,Lekki,Other,2,1500,0.05,transfer
2024-04-26,Lekki,Plants,3,4500,0,transfer
2024-04-26,Yaba,Plants,2,4500,0.05,transfer
2024-04-26,Surulere,Pots,3,3000,0.05,cash
2024-04-26,Surulere,Furniture,3,26000,0.05,card
2024-04-26,Ajah,Tools,3,8000,0,cash
2024-04-26,Ajah,Furniture,6,26000,0.05,transfer
2024-04-26,Maryland,Pots,6,3000,0,cash
2024-04-26,Maryland,Tools,1,8000,0,transfer
2024-04-26,Maryland,Other,2,1500,0,cash
2024-04-27,Ikeja,Tools,2,8000,0,cash
2024-04-27,Ikeja,Plants,4,4500,0.1,card
2024-04-27,Ikeja,Tools,2,8000,0,card
2024-04-27,Lekki,Furniture,6,26000,0.1,card
2024-04-27,Lekki,Tools,4,8000,0.2,cash
2024-04-27,Lekki,Plants,3,4500,0,card
2024-04-27,Yaba,Plants,1,4500,0.1,card
2024-04-27,Yaba,Other,6,1500,0,cash
2024-04-27,Surulere,Tools,6,8000,0.05,transfer
2024-04-27,Surulere,Tools,4,8000,0,card
2024-04-27,Ajah,Other,2,1500,0.05,cash
2024-04-27,Ajah,Furniture,1,26000,0.1,card
2024-04-27,Ajah,Furniture,4,26000,0.1,transfer
2024-04-27,Maryland,Pots,4,3000,0,card
2024-04-28,Ikeja,Tools,4,8000,0.1,card
2024-04-28,Ikeja,Pots,4,3000,0.05,card
2024-04-28,Lekki,Tools,6,8000,0,card
2024-04-28,Lekki,Furniture,2,26000,0,transfer
2024-04-28,Yaba,Pots,1,3000,0.05,card
2024-04-28,Yaba,Other,5,1500,0.1,transfer
2024-04-28,Surulere,Soil,5,2200,0,cash
2024-04-28,Surulere,Pots,5,3000,0,card
2024-04-28,Surulere,Furniture,5,26000,0,cash
2024-04-28,Ajah,Plants,5,4500,0,transfer
2024-04-28,Ajah,Other,6,1500,0,cash
2024-04-28,Ajah,Other,2,1500,0.1,card
2024-04-28,Maryland,Soil,2,2200,0,transfer
2024-04-29,Ikeja,Tools,6,,0,card
2024-04-29,Lekki,Furniture,3,26000,0,transfer
2024-04-29,Lekki,Pots,2,3000,0.3,cash
2024-04-29,Yaba,Other,6,1500,0,transfer
2024-04-29,Surulere,Plants,6,4500,0,card
2024-04-29,Surulere,Furniture,4,26000,0.05,transfer
2024-04-29,Ajah,Tools,1,8000,0.1,cash
2024-04-29,Ajah,Pots,3,3000,0.05,transfer
2024-04-29,Ajah,Plants,2,4500,0.05,cash
2024-04-29,Maryland,Furniture,5,26000,0,card
2024-04-29,Maryland,Other,4,1500,0,cash
2024-04-30,Ikeja,Tools,4,8000,0,transfer
2024-04-30,Ikeja,Furniture,6,26000,0,transfer
2024-04-30,Lekki,Furniture,3,26000,0,card
2024-04-30,Lekki,Plants,6,4500,0.25,cash
2024-04-30,Lekki,Furniture,4,26000,0.05,card
2024-04-30,Yaba,Pots,6,3000,0,transfer
2024-04-30,Yaba,Other,3,1500,0,cash
2024-04-30,Surulere,Furniture,4,26000,0,cash
2024-04-30,Surulere,Plants,2,4500,0.1,card
2024-04-30,Ajah,Furniture,1,26000,0.1,card
2024-04-30,Ajah,Soil,6,2200,0,transfer
2024-04-30,Ajah,Plants,1,4500,0,card
2024-04-30,Maryland,Pots,5,3000,0,cash
2024-05-01,Ikeja,Pots,4,3000,0.05,transfer
2024-05-01,Ikeja,Furniture,6,26000,0,card
2024-05-01,Ikeja,Tools,3,8000,0.1,card
2024-05-01,Lekki,Other,4,1500,0.05,card
2024-05-01,Lekki,Tools,4,8000,0.1,card
2024-05-01,Yaba,Furniture,1,26000,0,transfer
2024-05-01,Yaba,Furniture,4,26000,0.1,transfer
2024-05-01,Yaba,Furniture,5,26000,0,cash
2024-05-01,Surulere,Other,5,1500,0,cash
2024-05-01,Ajah,Other,1,1500,0.05,card
2024-05-01,Ajah,Other,2,1500,0.05,card
2024-05-01,Maryland,Pots,4,3000,0,cash
2024-05-01,Maryland,Furniture,1,26000,0,card
2024-05-01,Maryland,Furniture,4,26000,0.1,card
2024-05-02,Ikeja,Plants,2,4500,0,card
2024-05-02,Lekki,Pots,4,3000,0,card
2024-05-02,Lekki,Plants,5,4500,0.25,cash
2024-05-02,Yaba,Soil,2,2200,0,card
2024-05-02,Yaba,Other,2,1500,0.1,transfer
2024-05-02,Yaba,Pots,5,3000,0.05,cash
2024-05-02,Surulere,Plants,6,4500,0.1,card
2024-05-02,Ajah,Plants,1,4500,0.1,cash
2024-05-02,Ajah,Pots,1,3000,0,transfer
2024-05-02,Ajah,Soil,3,2200,0,card
2024-05-02,Maryland,Other,5,1500,0,transfer
2024-05-02,Maryland,Plants,6,4500,0,cash
2024-05-03,Ikeja,Furniture,3,26000,0,transfer
2024-05-03,Ikeja,Pots,2,3000,0,transfer
2024-05-03,Lekki,Furniture,4,26000,0,card
2024-05-03,Yaba,Tools,3,8000,0.1,card
2024-05-03,Yaba,Furniture,6,26000,0,transfer
2024-05-03,Yaba,Other,3,1500,0,cash
2024-05-03,Surulere,Tools,4,8000,0.1,transfer
2024-05-03,Surulere,Tools,2,8000,0,transfer
2024-05-03,Surulere,Furniture,6,,0.1,cash
2024-05-03,Ajah,Plants,6,4500,0,card
2024-05-03,Ajah,Soil,6,2200,0,cash
2024-05-03,Maryland,Plants,4,4500,0,cash
2024-05-03,Maryland,Other,4,1500,0,cash
2024-05-03,Maryland,Soil,5,2200,0,transfer
2024-05-04,Ikeja,Pots,3,3000,0.1,cash
2024-05-04,Lekki,Other,1,1500,0,transfer
2024-05-04,Lekki,Pots,5,3000,0.05,transfer
2024-05-04,Lekki,Tools,0,3000,0,cash
2024-05-04,Lekki,Furniture,0,4500,0,cash
2024-05-04,Lekki,Plants,0,8000,0,cash
2024-05-04,Yaba,Soil,5,2200,0,card
2024-05-04,Surulere,Pots,1,3000,0,cash
2024-05-04,Ajah,Pots,2,3000,0.05,card
2024-05-04,Ajah,Soil,1,2200,0,transfer
2024-05-04,Ajah,Plants,2,4500,0.05,transfer
2024-05-04,Maryland,Tools,1,8000,0,card
2024-05-04,Maryland,Tools,3,8000,0.05,card
2024-05-04,Maryland,Pots,2,3000,0,transfer
2024-05-05,Ikeja,Other,3,1500,0,transfer
2024-05-05,Ikeja,Soil,2,2200,0,cash
2024-05-05,Ikeja,Other,5,1500,0,transfer
2024-05-05,Lekki,Other,6,1500,0.1,card
2024-05-05,Lekki,Soil,0,4500,0,cash
2024-05-05,Lekki,Plants,0,8000,0,cash
2024-05-05,Lekki,Soil,0,8000,0,cash
2024-05-05,Yaba,Tools,5,8000,0,cash
2024-05-05,Surulere,Plants,2,4500,0,cash
2024-05-05,Surulere,Plants,4,4500,0,card
2024-05-05,Ajah,Furniture,1,26000,0,card
2024-05-05,Maryland,Tools,6,8000,0,cash
2024-05-06,Ikeja,Pots,3,3000,0.05,card
2024-05-06,Ikeja,Soil,4,2200,0.1,transfer
2024-05-06,Ikeja,Tools,3,8000,0,transfer
2024-05-06,Leki,Plants,2,,0,card
2024-05-06,Lekki,Other,2,1500,0.05,transfer
2024-05-06,Lekki,Tools,1,8000,0,card
2024-05-06,Lekki,Plants,0,4500,0,cash
2024-05-06,Yaba,Tools,4,8000,0.1,cash
2024-05-06,Yaba,Other,5,1500,0.1,transfer
2024-05-06,Surulere,Other,3,1500,0,card
2024-05-06,Ajah,Tools,3,8000,0,card
2024-05-06,Ajah,Plants,3,4500,0,cash
2024-05-06,Maryland,Plants,2,4500,0,card
2024-05-06,Maryland,Pots,5,3000,0,transfer
2024-05-07,Ikeja,Plants,2,4500,0,cash
2024-05-07,Ikeja,Other,4,1500,0,cash
2024-05-07,Lekki,Furniture,3,26000,0,card
2024-05-07,Lekki,Furniture,3,26000,0.2,cash
2024-05-07,Lekki,Plants,3,4500,0,transfer
2024-05-07,Lekki,Pots,0,3000,0,cash
2024-05-07,Yaba,Soil,6,2200,0.1,transfer
2024-05-07,Yaba,Soil,3,2200,0,transfer
2024-05-07,Yaba,Tools,6,8000,0,transfer
2024-05-07,Surulere,Plants,1,4500,0,transfer
2024-05-07,Ajah,Tools,5,8000,0,cash
2024-05-07,Ajah,Plants,6,4500,0,cash
2024-05-07,Maryland,Furniture,3,26000,0.05,card
2024-05-07,Maryland,Soil,3,2200,0.1,card
2024-05-07,Maryland,Pots,5,3000,0.1,card
2024-05-08,Ikeja,Furniture,5,26000,0.05,cash
2024-05-08,Ikeja,Soil,4,2200,0,card
2024-05-08,Lekki,Furniture,2,26000,0,card
2024-05-08,Lekki,Tools,3,8000,0.05,transfer
2024-05-08,Lekki,Other,0,4500,0,cash
2024-05-08,Yaba,Plants,5,4500,0,transfer
2024-05-08,Yaba,Soil,6,2200,0.1,card
2024-05-08,Yaba,Plants,4,4500,0.1,transfer
2024-05-08,Surulere,Plants,2,4500,0.05,cash
2024-05-08,Ajah,Furniture,5,26000,0,cash
2024-05-08,Maryland,Other,2,1500,0,cash
2024-05-08,Maryland,Pots,3,3000,0.05,cash
2024-05-09,Ikeja,Plants,2,4500,0,cash
2024-05-09,Ikeja,Furniture,5,26000,0.05,card
2024-05-09,Ikeja,Tools,3,8000,0.05,cash
2024-05-09,Lekki,Pots,1,3000,0.2,cash
2024-05-09,Lekki,Pots,2,3000,0.25,cash
2024-05-09,Yaba,Tools,1,8000,0,card
2024-05-09,Surulere,Soil,4,2200,0,transfer
2024-05-09,Ajah,Soil,4,2200,0.1,cash
2024-05-09,Ajah,Soil,6,2200,0,card
2024-05-09,Ajah,Other,6,,0.05,cash
2024-05-09,Maryland,Tools,5,8000,0.1,card
2024-05-09,Maryland,Plants,2,4500,0.1,transfer
2024-05-10,Ikeja,Other,1,1500,0,cash
2024-05-10,Lekki,Furniture,5,26000,0,card
2024-05-10,Yaba,Plants,3,4500,0.05,cash
2024-05-10,Surulere,Tools,6,8000,0.1,card
2024-05-10,Surulere,Tools,6,8000,0,cash
2024-05-10,Ajah,Soil,6,2200,0,cash
2024-05-10,Ajah,Tools,4,8000,0,card
2024-05-10,Ajah,Other,4,1500,0.05,transfer
2024-05-10,Maryland,Soil,6,2200,0.05,transfer
2024-05-10,Maryland,Pots,3,3000,0,card
2024-05-11,Ikeja,Other,4,1500,0,card
2024-05-11,Ikeja,Tools,6,8000,0,cash
2024-05-11,Ikeja,Plants,4,4500,0,cash
2024-05-11,Lekki,Furniture,3,26000,0.1,card
2024-05-11,Lekki,Pots,4,3000,0,card
2024-05-11,Lekki,Pots,0,3000,0,cash
2024-05-11,Lekki,Other,0,4500,0,cash
2024-05-11,Yaba,Soil,5,2200,0,transfer
2024-05-11,Yaba,Pots,5,3000,0,cash
2024-05-11,Surulere,Furniture,1,26000,0.1,card
2024-05-11,Surulere,Tools,4,8000,0,card
2024-05-11,Ajah,Other,4,1500,0.05,cash
2024-05-11,Maryland,Tools,4,8000,0,cash
2024-05-11,Maryland,Pots,6,3000,0.05,transfer
2024-05-12,Ikeja,Pots,4,3000,0,cash
2024-05-12,Ikeja,Tools,3,8000,0.05,transfer
2024-05-12,Ikeja,Furniture,3,26000,0.1,card
2024-05-12,Lekki,Other,2,1500,0,card
2024-05-12,Yaba,Furniture,6,26000,0,transfer
2024-05-12,Yaba,Tools,2,8000,0.1,card
2024-05-12,Surulere,Tools,1,8000,0,card
2024-05-12,Surulere,Tools,5,8000,0,card
2024-05-12,Surulere,Tools,6,8000,0,card
2024-05-12,Ajah,Plants,5,4500,0,card
2024-05-12,Ajah,Pots,4,3000,0,transfer
2024-05-12,Ajah,Furniture,2,26000,0.05,cash
2024-05-12,Maryland,Plants,2,4500,0.05,cash
2024-05-12,Maryland,Plants,6,4500,0.05,card
2024-05-12,Maryland,Plants,4,4500,0,transfer
2024-05-13,Ikeja,Pots,4,3000,0,card
2024-05-13,Ikeja,Soil,6,2200,0,card
2024-05-13,Lekki,Tools,2,8000,0,card
2024-05-13,Lekki,Other,2,1500,0.1,cash
2024-05-13,Yaba,Other,4,1500,0.05,cash
2024-05-13,Surulere,Plants,1,4500,0,card
2024-05-13,Surulere,Other,1,1500,0,transfer
2024-05-13,Surulere,Furniture,6,26000,0.1,card
2024-05-13,Ajah,Furniture,5,26000,0.1,transfer
2024-05-13,Marylnd,Furniture,1,26000,0.05,card
2024-05-14,Ikeja,Pots,2,3000,0,transfer
2024-05-14,Ikeja,Soil,1,2200,0.05,card
2024-05-14,Lekki,Furniture,1,26000,0,transfer
2024-05-14,Yaba,Other,5,1500,0.05,cash
2024-05-14,Surulere,Tools,6,8000,0.05,cash
2024-05-14,Ajah,Plants,2,4500,0.05,card
2024-05-14,Maryland,Furniture,3,26000,0,card
2024-05-14,Maryland,Soil,6,2200,0,cash
2024-05-15,Ikeja,Pots,1,3000,0.1,cash
2024-05-15,Lekki,Plants,5,4500,0,cash
2024-05-15,Lekki,Soil,6,2200,0,card
2024-05-15,Lekki,Pots,0,4500,0,cash
2024-05-15,Lekki,Pots,0,8000,0,cash
2024-05-15,Yaba,Furniture,3,26000,0.05,transfer
2024-05-15,Surulere,Pots,1,3000,0.1,cash
2024-05-15,Surulere,Furniture,1,26000,0,card
2024-05-15,Surulere,Other,3,,0.1,transfer
2024-05-15,Ajah,Other,1,1500,0,cash
2024-05-15,Ajah,Soil,3,2200,0,card
2024-05-15,Ajah,Pots,5,3000,0,card
2024-05-15,Maryland,Tools,5,8000,0,transfer
2024-05-15,Maryland,Pots,6,3000,0.1,transfer
2024-05-16,Ikeja,Pots,4,3000,0.05,transfer
2024-05-16,Ikeja,Furniture,4,26000,0.05,card
2024-05-16,Lekki,Furniture,6,26000,0,transfer
2024-05-16,Lekki,Plants,5,4500,0,card
2024-05-16,Lekki,Tools,5,8000,0,card
2024-05-16,Yaba,Soil,6,2200,0.05,cash
2024-05-16,Yaba,Tools,1,8000,0,card
2024-05-16,Surulere,Other,5,1500,0.05,card
2024-05-16,Ajah,Other,1,1500,0,cash
2024-05-16,Ajah,Plants,4,4500,0,cash
2024-05-16,Ajah,Furniture,2,26000,0,card
2024-05-16,Maryland,Soil,1,2200,0,transfer
2024-05-16,Maryland,Furniture,4,26000,0,card
2024-05-17,Ikeja,Plants,5,4500,0.05,cash
2024-05-17,Lekki,Soil,4,2200,0,card
2024-05-17,Lekki,Soil,2,2200,0,card
2024-05-17,Lekki,Furniture,5,,0,transfer
2024-05-17,Yaba,Tools,4,8000,0,transfer
2024-05-17,Surulere,Plants,4,4500,0,transfer
2024-05-17,Surulere,Furniture,6,26000,0,card
2024-05-17,Surulere,Plants,4,4500,0,card
2024-05-17,Ajah,Other,1,1500,0.1,card
2024-05-17,Ajah,Other,4,1500,0,transfer
2024-05-17,Ajah,Plants,1,4500,0,cash
2024-05-17,Maryland,Other,4,1500,0.05,cash
2024-05-17,Maryland,Pots,2,3000,0,card
2024-05-17,Maryland,Other,1,1500,0.1,card
2024-05-18,Ikeja,Pots,6,3000,0,card
2024-05-18,Lekki,Pots,3,3000,0,transfer
2024-05-18,Lekki,Plants,3,4500,0,transfer
2024-05-18,Yaba,Soil,4,2200,0,transfer
2024-05-18,Yaba,Pots,1,,0,cash
2024-05-18,Surulere,Pots,2,3000,0,card
2024-05-18,Ajah,Furniture,5,26000,0.05,transfer
2024-05-18,Ajah,Tools,6,8000,0,cash
2024-05-18,Maryland,Other,2,1500,0,transfer
2024-05-18,Maryland,Other,4,1500,0.1,cash
2024-05-19,Ikeja,Furniture,3,26000,0.1,transfer
2024-05-19,Lekki,Plants,4,4500,0,transfer
2024-05-19,Lekki,Pots,1,3000,0.2,cash
2024-05-19,Lekki,Plants,0,4500,0,cash
2024-05-19,Lekki,Furniture,0,4500,0,cash
2024-05-19,Yaba,Soil,1,2200,0.1,transfer
2024-05-19,Surulere,Pots,4,3000,0,card
2024-05-19,Ajah,Plants,4,4500,0,transfer
2024-05-19,Ajah,Plants,5,4500,0.05,cash
2024-05-19,Maryland,Soil,3,2200,0.1,transfer
2024-05-19,Maryland,Other,4,1500,0,transfer
2024-05-20,Ikeja,Other,1,1500,0.1,cash
2024-05-20,Lekki,Plants,4,4500,0.1,card
2024-05-20,Lekki,Other,3,1500,0.1,transfer
2024-05-20,Yaba,Soil,1,2200,0.1,card
2024-05-20,Surulere,Soil,4,2200,0.05,cash
2024-05-20,Ajah,Other,3,1500,0,cash
2024-05-20,Maryland,Tools,5,8000,0,card
2024-05-21,Ikeja,Furniture,3,26000,0,transfer
2024-05-21,Ikeja,Other,2,1500,0,cash
2024-05-21,Lekki,Other,2,1500,0,cash
2024-05-21,Yaba,Plants,5,4500,0,cash
2024-05-21,Yaba,Plants,5,4500,0,cash
2024-05-21,Surulere,Other,3,1500,0.1,cash
2024-05-21,Surulere,Soil,3,2200,0,transfer
2024-05-21,Ajah,Soil,2,2200,0,cash
2024-05-21,Ajah,Plants,4,4500,0,transfer
2024-05-21,Ajah,Soil,3,2200,0,transfer
2024-05-21,Maryland,Tools,3,8000,0,transfer
2024-05-22,Ikeja,Other,5,1500,0,transfer
2024-05-22,Ikeja,Plants,2,4500,0,card
2024-05-22,Ikeja,Furniture,3,26000,0,card
2024-05-22,Lekki,Pots,2,3000,0,card
2024-05-22,Lekki,Tools,6,8000,0,card
2024-05-22,Yaba,Soil,6,2200,0.05,transfer
2024-05-22,Surulere,Plants,6,4500,0,transfer
2024-05-22,Surulere,Pots,6,3000,0,cash
2024-05-22,Ajah,Pots,4,3000,0,card
2024-05-22,Ajah,Other,2,1500,0,transfer
2024-05-22,Ajah,Pots,3,3000,0,cash
2024-05-22,Maryland,Furniture,5,26000,0,transfer
2024-05-23,Ikeja,Tools,6,8000,0.05,transfer
2024-05-23,Ikeja,Soil,6,2200,0,cash
2024-05-23,Ikeja,Soil,2,2200,0.1,card
2024-05-23,Lekki,Pots,5,3000,0,card
2024-05-23,Lekki,Soil,0,3000,0,cash
2024-05-23,Lekki,Soil,0,3000,0,cash
2024-05-23,Yaba,Tools,3,8000,0,card
2024-05-23,Surulere,Tools,2,8000,0.1,card
2024-05-23,Ajah,Pots,5,3000,0,transfer
2024-05-23,Ajah,Pots,1,3000,0,card
2024-05-23,Maryland,Other,4,1500,0,card
2024-05-23,Maryland,Pots,5,3000,0.05,card
2024-05-24,Ikeja,Furniture,6,26000,0,card
2024-05-24,Ikeja,Other,1,1500,0.05,transfer
2024-05-24,Lekki,Soil,2,2200,0.05,transfer
2024-05-24,Lekki,Plants,6,4500,0,card
2024-05-24,Lekki,Other,4,1500,0,transfer
2024-05-24,Yaba,Pots,3,3000,0.1,transfer
2024-05-24,Yaba,Furniture,2,26000,0.05,cash
2024-05-24,Yaba,Other,5,1500,0.05,cash
2024-05-24,Surulere,Furniture,1,26000,0,transfer
2024-05-24,Surelere,Furniture,1,26000,0.05,transfer
2024-05-24,Ajah,Pots,6,3000,0,transfer
2024-05-24,Ajah,Tools,6,8000,0.1,card
2024-05-24,Maryland,Furniture,4,26000,0.1,cash
2024-05-25,Ikeja,Soil,3,2200,0,cash
2024-05-25,Ikeja,Plants,6,,0,transfer
2024-05-25,Ikeja,Pots,3,3000,0,cash
2024-05-25,Lekki,Furniture,5,26000,0.35,cash
2024-05-25,Lekki,Plants,0,4500,0,cash
2024-05-25,Lekki,Soil,0,4500,0,cash
2024-05-25,Lekki,Plants,0,8000,0,cash
2024-05-25,Yaba,Other,3,1500,0,cash
2024-05-25,Yaba,Pots,1,3000,0,card
2024-05-25,Yaba,Furniture,3,26000,0.05,card
2024-05-25,Surulere,Furniture,5,26000,0.1,card
2024-05-25,Surulere,Furniture,4,26000,0,cash
2024-05-25,Surulere,Furniture,2,26000,0,transfer
2024-05-25,Ajah,Furniture,4,26000,0,card
2024-05-25,Maryland,Furniture,2,26000,0,card
2024-05-25,Maryland,Pots,2,3000,0.1,card
2024-05-25,Maryland,Other,4,1500,0.05,card
2024-05-26,Ikeja,Soil,5,2200,0,transfer
2024-05-26,Lekki,Plants,5,4500,0,transfer
2024-05-26,Yaba,Soil,2,2200,0,card
2024-05-26,Yaba,Furniture,3,26000,0.05,transfer
2024-05-26,Yaba,Soil,4,2200,0,cash
2024-05-26,Surulere,Furniture,6,26000,0.05,cash
2024-05-26,Ajah,Soil,1,2200,0.1,cash
2024-05-26,Maryland,Soil,6,2200,0,card
2024-05-26,Maryland,Pots,5,3000,0,transfer
2024-05-26,Maryland,Other,6,1500,0,transfer
2024-05-27,Ikeja,Other,1,1500,0,transfer
2024-05-27,Lekki,Pots,3,3000,0.35,cash
2024-05-27,Lekki,Tools,5,8000,0,card
2024-05-27,Lekki,Furniture,2,26000,0,card
2024-05-27,Yaba,Soil,1,2200,0.05,card
2024-05-27,Yaba,Furniture,6,26000,0,transfer
2024-05-27,Yaba,Pots,5,3000,0,transfer
2024-05-27,Surulere,Tools,6,8000,0,transfer
2024-05-27,Surulere,Other,1,1500,0,cash
2024-05-27,Surulere,Plants,3,4500,0,transfer
2024-05-27,Ajah,Furniture,3,26000,0.05,card
2024-05-27,Maryland,Tools,6,8000,0.05,cash
2024-05-27,Maryland,Plants,6,4500,0,transfer
2024-05-28,Ikeja,Other,5,1500,0.05,card
2024-05-28,Ikeja,Soil,3,2200,0.1,card
2024-05-28,Ikeja,Tools,3,,0,card
2024-05-28,Lekki,Tools,3,8000,0.1,transfer
2024-05-28,Lekki,Soil,3,2200,0.1,transfer
2024-05-28,Yaba,Other,4,1500,0.1,card
2024-05-28,Yaba,Furniture,6,26000,0.05,cash
2024-05-28,Yaba,Soil,4,2200,0,transfer
2024-05-28,Surulere,Furniture,2,26000,0,card
2024-05-28,Ajah,Other,3,1500,0.05,card
2024-05-28,Ajah,Pots,2,3000,0,card
2024-05-28,Maryland,Plants,5,4500,0.1,card
2024-05-28,Maryland,Furniture,6,26000,0,card
2024-05-28,Maryland,Soil,1,2200,0,cash
2024-05-29,Ikeja,Furniture,3,26000,0.05,transfer
2024-05-29,Ikeja,Plants,1,4500,0,card
2024-05-29,Ikeja,Furniture,6,26000,0.05,card
2024-05-29,Leki,Tools,5,8000,0.1,transfer
2024-05-29,Yaba,Plants,6,4500,0,card
2024-05-29,Yaba,Other,2,1500,0,transfer
2024-05-29,Yaba,Pots,5,3000,0,cash
2024-05-29,Surulere,Tools,5,8000,0,card
2024-05-29,Surulere,Furniture,4,26000,0.1,cash
2024-05-29,Surulere,Plants,4,4500,0,cash
2024-05-29,Ajah,Plants,4,4500,0.1,cash
2024-05-29,Maryland,Soil,3,2200,0,card
2024-05-29,Maryland,Tools,1,8000,0.05,cash
2024-05-30,Ikeja,Tools,4,8000,0.1,cash
2024-05-30,Ikeja,Other,2,1500,0.1,transfer
2024-05-30,Ikeja,Furniture,6,26000,0.1,transfer
2024-05-30,Lekki,Tools,6,8000,0.35,cash
2024-05-30,Yaba,Pots,4,3000,0,card
2024-05-30,Yaba,Other,1,1500,0,transfer
2024-05-30,Surulere,Pots,6,3000,0.1,cash
2024-05-30,Surulere,Pots,3,3000,0,card
2024-05-30,Ajah,Furniture,1,26000,0.05,card
2024-05-30,Ajah,Plants,1,4500,0,card
2024-05-30,Maryland,Tools,2,8000,0,card
2024-05-31,Ikeja,Soil,5,2200,0,card
2024-05-31,Lekki,Furniture,5,26000,0,transfer
2024-05-31,Lekki,Other,3,1500,0.25,cash
2024-05-31,Yaba,Other,1,1500,0,transfer
2024-05-31,Surulere,Tools,4,8000,0,transfer
2024-05-31,Surulere,Soil,3,2200,0,transfer
2024-05-31,Ajah,Soil,2,2200,0.05,transfer
2024-05-31,Ajah,Furniture,1,26000,0,cash
2024-05-31,Ajah,Plants,4,4500,0,cash
2024-05-31,Maryland,Pots,6,3000,0.05,card
2024-05-31,Maryland,Other,3,1500,0,card
2024-06-01,Ikeja,Tools,6,8000,0.05,transfer
2024-06-01,Ikeja,Tools,1,8000,0,card
2024-06-01,Lekki,Plants,5,4500,0,cash
2024-06-01,Lekki,Soil,3,2200,0,transfer
2024-06-01,Yaba,Pots,1,3000,0,transfer
2024-06-01,Yaba,Soil,3,2200,0.05,card
2024-06-01,Surulere,Plants,5,4500,0.05,card
2024-06-01,Surulere,Soil,2,2200,0,cash
2024-06-01,Ajah,Soil,4,2200,0.1,cash
2024-06-01,Maryland,Furniture,6,26000,0.1,card
2024-06-01,Maryland,Pots,4,3000,0.1,cash
2024-06-02,Ikeja,Other,2,1500,0,transfer
2024-06-02,Ikeja,Soil,6,2200,0,cash
2024-06-02,Ikeja,Soil,5,2200,0,transfer
2024-06-02,Lekki,Tools,4,8000,0,cash
2024-06-02,Lekki,Pots,6,3000,0,transfer
2024-06-02,Lekki,Tools,4,8000,0,card
2024-06-02,Yaba,Other,2,1500,0,card
2024-06-02,Yaba,Furniture,3,26000,0,card
2024-06-02,Yaba,Plants,5,4500,0,card
2024-06-02,Surulere,Furniture,3,26000,0.05,transfer
2024-06-02,Ajah,Furniture,2,26000,0,card
2024-06-02,Maryland,Plants,5,4500,0,cash
2024-06-03,Ikeja,Plants,6,4500,0,card
2024-06-03,Ikeja,Other,4,1500,0.1,card
2024-06-03,Ikeja,Other,5,1500,0,transfer
2024-06-03,Lekki,Furniture,2,26000,0,card
2024-06-03,Lekki,Tools,2,8000,0.05,card
2024-06-03,Yaba,Soil,4,2200,0,cash
2024-06-03,Yaba,Tools,2,8000,0,transfer
2024-06-03,Surulere,Soil,2,2200,0,transfer
2024-06-03,Surulere,Pots,4,3000,0,transfer
2024-06-03,Ajah,Soil,1,2200,0.1,transfer
2024-06-03,Maryland,Furniture,3,26000,0.1,transfer
2024-06-03,Maryland,Tools,3,8000,0,transfer
2024-06-03,Maryland,Furniture,5,26000,0,cash
2024-06-04,Ikeja,Tools,6,8000,0.05,card
2024-06-04,Ikeja,Soil,4,2200,0,card
2024-06-04,Lekki,Tools,5,8000,0.3,cash
2024-06-04,Lekki,Tools,3,8000,0.35,cash
2024-06-04,Lekki,Plants,0,8000,0,cash
2024-06-04,Yaba,Plants,1,4500,0,cash
2024-06-04,Yaba,Soil,5,2200,0.1,cash
2024-06-04,Surulere,Soil,6,2200,0,transfer
2024-06-04,Surulere,Furniture,1,26000,0,transfer
2024-06-04,Surulere,Furniture,6,26000,0,transfer
2024-06-04,Ajah,Other,5,1500,0,card
2024-06-04,Ajah,Plants,4,4500,0,cash
2024-06-04,Ajah,Soil,3,2200,0.1,card
2024-06-04,Maryland,Pots,3,3000,0,card
2024-06-04,Maryland,Soil,1,2200,0,card
2024-06-04,Maryland,Pots,3,3000,0,transfer
2024-06-05,Ikeja,Pots,5,3000,0.05,cash
2024-06-05,Ikeja,Tools,3,8000,0.05,card
2024-06-05,Ikeja,Furniture,6,26000,0.05,cash
2024-06-05,Lekki,Tools,3,8000,0.05,card
2024-06-05,Yaba,Tools,4,8000,0.05,transfer
2024-06-05,Surelere,Plants,6,4500,0.1,cash
2024-06-05,Ajah,Furniture,4,26000,0.1,cash
2024-06-05,Ajah,Pots,5,3000,0.05,cash
2024-06-05,Ajah,Plants,3,4500,0.05,cash
2024-06-05,Marylnd,Soil,1,2200,0,transfer
2024-06-05,Maryland,Pots,6,3000,0,cash
2024-06-05,Maryland,Other,1,1500,0,transfer
2024-06-06,Ikeja,Pots,2,3000,0.05,card
2024-06-06,Ikeja,Furniture,3,26000,0.05,transfer
2024-06-06,Lekki,Tools,5,8000,0,transfer
2024-06-06,Lekki,Other,3,1500,0.1,cash
2024-06-06,Yaba,Tools,5,8000,0,transfer
2024-06-06,Yaba,Tools,5,8000,0.05,card
2024-06-06,Yaba,Tools,2,8000,0,transfer
2024-06-06,Surulere,Plants,2,4500,0.1,cash
2024-06-06,Ajah,Furniture,5,26000,0,card
2024-06-06,Ajah,Tools,6,8000,0,cash
2024-06-06,Ajah,Soil,3,2200,0.05,cash
2024-06-06,Maryland,Soil,5,2200,0.05,cash
2024-06-06,Maryland,Furniture,6,26000,0,cash
2024-06-06,Maryland,Other,5,1500,0,card
2024-06-07,Ikeja,Tools,1,8000,0,transfer
2024-06-07,Ikeja,Pots,3,3000,0,cash
2024-06-07,Lekki,Tools,4,8000,0,transfer
2024-06-07,Lekki,Tools,5,8000,0.05,card
2024-06-07,Lekki,Plants,0,4500,0,cash
2024-06-07,Lekki,Plants,0,8000,0,cash
2024-06-07,Yaba,Tools,5,8000,0,card
2024-06-07,Yaba,Soil,4,2200,0,cash
2024-06-07,Surulere,Tools,3,8000,0,cash
2024-06-07,Surulere,Pots,4,3000,0,card
2024-06-07,Surulere,Tools,6,8000,0,cash
2024-06-07,Ajah,Other,2,1500,0.1,cash
2024-06-07,Maryland,Furniture,3,26000,0,cash
2024-06-08,Ikeja,Furniture,4,26000,0,transfer
2024-06-08,Lekki,Tools,5,8000,0.05,card
2024-06-08,Yaba,Plants,1,4500,0,cash
2024-06-08,Yaba,Other,6,1500,0.1,cash
2024-06-08,Yaba,Tools,2,8000,0,card
2024-06-08,Surulere,Furniture,6,26000,0.05,cash
2024-06-08,Surulere,Other,1,1500,0,transfer
2024-06-08,Surulere,Soil,6,2200,0,cash
2024-06-08,Ajah,Tools,3,8000,0.05,card
2024-06-08,Ajah,Soil,6,2200,0.1,card
2024-06-08,Ajah,Other,2,1500,0.05,card
2024-06-08,Maryland,Plants,5,4500,0.1,cash
2024-06-08,Maryland,Other,3,1500,0.05,card
2024-06-09,Ikeja,Other,2,1500,0.05,card
2024-06-09,Lekki,Other,4,1500,0,cash
2024-06-09,Lekki,Furniture,4,26000,0.1,transfer
2024-06-09,Leki,Tools,6,8000,0.3,cash
2024-06-09,Yaba,Tools,0,8000,0,cash
2024-06-09,Surulere,Plants,4,4500,0,card
2024-06-09,Surulere,Tools,1,8000,0.1,cash
2024-06-09,Surulere,Soil,2,2200,0.05,cash
2024-06-09,Ajah,Furniture,4,26000,0,card
2024-06-09,Ajah,Furniture,2,26000,0,transfer
2024-06-09,Ajah,Soil,4,,0,cash
2024-06-09,Maryland,Other,3,1500,0.05,transfer
2024-06-09,Maryland,Tools,2,8000,0,cash
2024-06-09,Maryland,Tools,3,8000,0,cash
2024-06-10,Ikeja,Furniture,6,26000,0.1,transfer
2024-06-10,Lekki,Soil,5,2200,0,cash
2024-06-10,Yaba,Soil,2,2200,0,transfer
2024-06-10,Yaba,Other,6,1500,0,transfer
2024-06-10,Surulere,Furniture,4,26000,0.05,card
2024-06-10,Ajah,Other,4,1500,0.05,card
2024-06-10,Ajah,Pots,1,3000,0,transfer
2024-06-10,Ajah,Other,3,1500,0.1,card
2024-06-10,Maryland,Pots,6,3000,0,transfer
2024-06-10,Maryland,Plants,5,4500,0.05,card
2024-06-10,Maryland,Pots,5,3000,0,transfer
2024-06-11,Ikeja,Pots,4,3000,0.1,transfer
2024-06-11,Lekki,Tools,5,8000,0.05,card
2024-06-11,Lekki,Tools,3,,0,cash
2024-06-11,Lekki,Tools,5,8000,0.1,card
2024-06-11,Yaba,Soil,4,2200,0,cash
2024-06-11,Yaba,Soil,3,2200,0,card
2024-06-11,Yaba,Tools,6,8000,0,card
2024-06-11,Surulere,Other,2,1500,0.1,card
2024-06-11,Surulere,Plants,3,4500,0.1,card
2024-06-11,Ajah,Tools,3,8000,0,transfer
2024-06-11,Ajah,Tools,1,8000,0,cash
2024-06-11,Maryland,Soil,3,2200,0,cash
2024-06-11,Maryland,Soil,5,2200,0,transfer
2024-06-11,Maryland,Other,3,1500,0.1,card
2024-06-12,Ikeja,Pots,3,3000,0,card
2024-06-12,Ikeja,Plants,6,4500,0.05,transfer
2024-06-12,Lekki,Plants,5,,0.05,transfer
2024-06-12,Lekki,Soil,1,2200,0,cash
2024-06-12,Lekki,Plants,3,4500,0.05,card
2024-06-12,Yaba,Tools,5,8000,0,cash
2024-06-12,Yaba,Soil,1,2200,0,cash
2024-06-12,Yaba,Other,4,1500,0.05,cash
2024-06-12,Surulere,Other,2,1500,0,card
2024-06-12,Ajah,Soil,1,2200,0,card
2024-06-12,Ajah,Pots,3,3000,0,cash
2024-06-12,Ajah,Tools,4,8000,0,card
2024-06-12,Maryland,Furniture,3,26000,0.1,transfer
2024-06-12,Maryland,Other,3,1500,0,cash
2024-06-12,Maryland,Pots,1,3000,0,transfer
2024-06-13,Ikeja,Tools,5,8000,0,transfer
2024-06-13,Ikeja,Furniture,5,26000,0.1,transfer
2024-06-13,Ikeja,Tools,5,8000,0,card
2024-06-13,Lekki,Other,4,1500,0.05,transfer
2024-06-13,Lekki,Soil,2,2200,0.1,transfer
2024-06-13,Yaba,Plants,2,4500,0,transfer
2024-06-13,Surulere,Tools,2,8000,0,card
2024-06-13,Surulere,Furniture,2,26000,0,transfer
2024-06-13,Ajah,Plants,6,4500,0,card
2024-06-13,Maryland,Soil,1,2200,0.1,transfer
2024-06-13,Maryland,Furniture,6,26000,0.1,transfer
2024-06-14,Ikeja,Furniture,5,26000,0.1,cash
2024-06-14,Ikeja,Other,5,1500,0.1,cash
2024-06-14,Ikeja,Other,4,1500,0.05,transfer
2024-06-14,Leki,Plants,5,4500,0,card
2024-06-14,Lekki,Other,2,1500,0.1,card
2024-06-14,Lekki,Furniture,5,26000,0.1,card
2024-06-14,Lekki,Furniture,0,3000,0,cash
2024-06-14,Lekki,Soil,0,3000,0,cash
2024-06-14,Yaba,Furniture,6,26000,0,cash
2024-06-14,Yaba,Other,5,1500,0.1,card
2024-06-14,Yaba,Other,1,1500,0,transfer
2024-06-14,Surulere,Pots,4,3000,0,cash
2024-06-14,Surulere,Soil,3,2200,0,transfer
2024-06-14,Surulere,Furniture,6,26000,0,card
2024-06-14,Ajah,Plants,5,4500,0,transfer
2024-06-14,Ajah,Furniture,1,26000,0,card
2024-06-14,Maryland,Pots,2,3000,0.05,cash
2024-06-14,Maryland,Pots,0,3000,0.1,transfer
2024-06-15,Ikeja,Tools,6,8000,0,transfer
2024-06-15,Ikeja,Tools,4,8000,0.05,cash
2024-06-15,Lekki,Tools,3,8000,0.25,cash
2024-06-15,Lekki,Furniture,0,4500,0,cash
2024-06-15,Yaba,Furniture,5,26000,0,card
2024-06-15,Yaba,Soil,3,2200,0,card
2024-06-15,Surulere,Other,6,1500,0,card
2024-06-15,Surulere,Furniture,6,26000,0,transfer
2024-06-15,Ajah,Plants,5,4500,0,card
2024-06-15,Ajah,Furniture,3,26000,0,transfer
2024-06-15,Ajah,Furniture,3,26000,0.05,cash
2024-06-15,Maryland,Furniture,1,26000,0,transfer
2024-06-16,Ikeja,Plants,5,4500,0,card
2024-06-16,Ikeja,Furniture,1,26000,0.05,cash
2024-06-16,Ikeja,Tools,3,8000,0.1,card
2024-06-16,Lekki,Tools,4,8000,0.3,cash
2024-06-16,Yaba,Tools,1,8000,0,card
2024-06-16,Yaba,Pots,6,3000,0,transfer
2024-06-16,Yaba,Other,2,1500,0.1,cash
2024-06-16,Surulere,Furniture,6,26000,0.05,cash
2024-06-16,Surulere,Other,2,1500,0.1,cash
2024-06-16,Surulere,Plants,5,4500,0.05,cash
2024-06-16,Ajah,Tools,2,8000,0,card
2024-06-16,Maryland,Plants,6,4500,0,card
2024-06-17,Ikeja,Pots,5,3000,0,cash
2024-06-17,Ikeja,Plants,5,4500,0,card
2024-06-17,Lekki,Tools,5,8000,0,card
2024-06-17,Yaba,Soil,2,2200,0.05,cash
2024-06-17,Yaba,Soil,3,2200,0,transfer
2024-06-17,Surulere,Soil,2,2200,0,transfer
2024-06-17,Surulere,Furniture,1,26000,0.05,transfer
2024-06-17,Ajah,Furniture,2,26000,0,transfer
2024-06-17,Ajah,Pots,6,3000,0,card
2024-06-17,Ajah,Soil,6,2200,0,transfer
2024-06-17,Maryland,Tools,6,8000,0,card
2024-06-18,Ikeja,Soil,5,2200,0,cash
2024-06-18,Ikeja,Pots,5,3000,0.05,card
2024-06-18,Lekki,Pots,6,3000,0,cash
2024-06-18,Lekki,Furniture,1,26000,0,card
2024-06-18,Lekki,Plants,2,4500,0,transfer
2024-06-18,Yaba,Plants,1,4500,0,transfer
2024-06-18,Yaba,Tools,2,8000,0,transfer
2024-06-18,Yaba,Soil,6,2200,0.05,transfer
2024-06-18,Surulere,Pots,3,3000,0,transfer
2024-06-18,Ajah,Plants,3,4500,0,cash
2024-06-18,Ajah,Tools,6,8000,0,transfer
2024-06-18,Maryland,Plants,5,4500,0.1,cash
2024-06-19,Ikeja,Pots,2,3000,0,cash
2024-06-19,Ikeja,Pots,5,3000,0.1,cash
2024-06-19,Ikeja,Plants,2,4500,0.05,card
2024-06-19,Lekki,Tools,4,8000,0,cash
2024-06-19,Yaba,Pots,5,3000,0,cash
2024-06-19,Yaba,Tools,4,8000,0,card
2024-06-19,Yaba,Other,3,1500,0,transfer
2024-06-19,Surulere,Other,2,1500,0.1,cash
2024-06-19,Surulere,Other,2,1500,0.1,card
2024-06-19,Surulere,Plants,6,4500,0,cash
2024-06-19,Ajah,Plants,5,4500,0.05,card
2024-06-19,Ajah,Furniture,2,26000,0,transfer
2024-06-19,Ajah,Pots,2,3000,0.1,cash
2024-06-19,Maryland,Pots,3,3000,0,card
2024-06-19,Maryland,Other,2,1500,0.1,cash
2024-06-20,Ikeja,Furniture,3,26000,0,cash
2024-06-20,Leki,Plants,4,4500,0,card
2024-06-20,Lekki,Plants,5,,0,transfer
2024-06-20,Lekki,Plants,2,4500,0,transfer
2024-06-20,Yaba,Other,3,1500,0.05,card
2024-06-20,Yaba,Furniture,3,26000,0.1,card
2024-06-20,Surulere,Plants,3,4500,0,card
2024-06-20,Surulere,Soil,4,2200,0,transfer
2024-06-20,Ajah,Other,2,1500,0,transfer
2024-06-20,Ajah,Tools,3,8000,0,transfer
2024-06-20,Ajah,Plants,6,4500,0,card
2024-06-20,Maryland,Pots,5,3000,0,card
2024-06-20,Maryland,Soil,5,2200,0.05,cash
2024-06-20,Maryland,Soil,3,2200,0.1,card
2024-06-21,Ikeja,Other,6,1500,0.1,cash
2024-06-21,Ikeja,Tools,6,8000,0,card
2024-06-21,Ikeja,Furniture,3,26000,0,card
2024-06-21,Lekki,Soil,6,2200,0.05,transfer
2024-06-21,Lekki,Other,1,1500,0.05,cash
2024-06-21,Yaba,Soil,1,2200,0,card
2024-06-21,Surulere,Furniture,5,26000,0.1,card
2024-06-21,Surulere,Soil,1,2200,0.05,transfer
2024-06-21,Ajah,Pots,2,3000,0,transfer
2024-06-21,Ajah,Plants,5,4500,0,card
2024-06-21,Ajah,Soil,4,2200,0,card
2024-06-21,Maryland,Other,6,1500,0.05,transfer
2024-06-21,Maryland,Plants,2,4500,0.05,cash
2024-06-22,Ikeja,Tools,1,8000,0.05,transfer
2024-06-22,Ikeja,Pots,1,3000,0.1,cash
2024-06-22,Lekki,Other,5,1500,0.05,transfer
2024-06-22,Lekki,Furniture,4,26000,0,transfer
2024-06-22,Lekki,Furniture,4,26000,0.3,cash
2024-06-22,Lekki,Plants,0,4500,0,cash
2024-06-22,Lekki,Other,0,8000,0,cash
2024-06-22,Lekki,Other,0,3000,0,cash
2024-06-22,Yaba,Pots,6,3000,0.05,transfer
2024-06-22,Yaba,Other,5,1500,0.05,transfer
2024-06-22,Yaba,Soil,1,2200,0,transfer
2024-06-22,Surulere,Other,3,1500,0,card
2024-06-22,Surulere,Tools,6,8000,0.05,card
2024-06-22,Surulere,Tools,6,8000,0.1,cash
2024-06-22,Ajah,Tools,4,8000,0,cash
2024-06-22,Ajah,Tools,6,8000,0.1,transfer
2024-06-22,Maryland,Plants,2,4500,0.05,cash
2024-06-22,Maryland,Furniture,1,26000,0.1,transfer
2024-06-23,Ikeja,Other,5,1500,0.05,transfer
2024-06-23,Lekki,Pots,6,3000,0,card
2024-06-23,Lekki,Other,4,1500,0.1,transfer
2024-06-23,Yaba,Pots,3,3000,0,card
2024-06-23,Yaba,Soil,5,2200,0,card
2024-06-23,Yaba,Tools,6,8000,0,transfer
2024-06-23,Surulere,Soil,3,2200,0.05,card
2024-06-23,Surulere,Soil,3,2200,0,cash
2024-06-23,Surulere,Other,1,,0,cash
2024-06-23,Ajah,Soil,6,2200,0,cash
2024-06-23,Ajah,Other,3,1500,0.1,cash
2024-06-23,Maryland,Plants,2,4500,0,transfer
2024-06-23,Maryland,Plants,3,4500,0.05,transfer
2024-06-24,Ikeja,Pots,1,3000,0,transfer
2024-06-24,Ikeja,Furniture,4,26000,0.05,transfer
2024-06-24,Ikeja,Furniture,3,26000,0.05,transfer
2024-06-24,Lekki,Plants,4,4500,0.3,cash
2024-06-24,Lekki,Soil,5,2200,0.25,cash
2024-06-24,Yaba,Other,2,1500,0,card
2024-06-24,Surulere,Plants,3,4500,0,transfer
2024-06-24,Surulere,Tools,3,8000,0,transfer
2024-06-24,Surulere,Furniture,2,26000,0.05,transfer
2024-06-24,Ajah,Plants,4,4500,0.05,cash
2024-06-24,Ajah,Furniture,3,26000,0,cash
2024-06-24,Ajah,Other,2,1500,0,cash
2024-06-24,Maryland,Plants,3,4500,0.1,cash
2024-06-24,Maryland,Plants,4,4500,0.05,card
2024-06-25,Ikeja,Soil,5,2200,0.1,cash
2024-06-25,Ikeja,Tools,5,8000,0,transfer
2024-06-25,Lekki,Furniture,5,26000,0,cash
2024-06-25,Yaba,Pots,3,3000,0,cash
2024-06-25,Yaba,Other,1,1500,0.05,transfer
2024-06-25,Yaba,Pots,5,3000,0,card
2024-06-25,Surulere,Tools,6,8000,0,transfer
2024-06-25,Surulere,Pots,2,3000,0.05,card
2024-06-25,Surulere,Furniture,5,26000,0,card
2024-06-25,Ajah,Other,3,1500,0,card
2024-06-25,Ajah,Pots,5,3000,0,cash
2024-06-25,Ajah,Furniture,2,26000,0,transfer
2024-06-25,Maryland,Soil,5,2200,0.05,transfer
2024-06-25,Maryland,Furniture,2,26000,0.1,card
2024-06-25,Maryland,Other,4,1500,0.05,transfer
2024-06-26,Ikeja,Tools,5,8000,0,transfer
2024-06-26,Lekki,Furniture,5,26000,0,transfer
2024-06-26,Lekki,Plants,6,4500,0,cash
2024-06-26,Yaba,Soil,4,2200,0.05,cash
2024-06-26,Yaba,Pots,6,3000,0.05,cash
2024-06-26,Yaba,Pots,3,3000,0,cash
2024-06-26,Surelere,Furniture,5,26000,0,cash
2024-06-26,Surulere,Pots,3,3000,0.1,transfer
2024-06-26,Ajah,Plants,6,4500,0,cash
2024-06-26,Maryland,Furniture,6,26000,0,card
2024-06-26,Maryland,Furniture,3,26000,0,transfer
2024-06-26,Maryland,Pots,1,3000,0,cash
2024-06-27,Ikeja,Soil,6,2200,0.1,cash
2024-06-27,Lekki,Pots,3,3000,0.05,transfer
2024-06-27,Lekki,Other,6,1500,0,card
2024-06-27,Lekki,Furniture,0,3000,0,cash
2024-06-27,Lekki,Tools,0,4500,0,cash
2024-06-27,Yaba,Plants,6,4500,0,card
2024-06-27,Yaba,Soil,5,2200,0,cash
2024-06-27,Surulere,Furniture,1,26000,0,cash
2024-06-27,Surulere,Other,5,1500,0,card
2024-06-27,Surulere,Other,4,1500,0.05,transfer
2024-06-27,Ajah,Tools,5,8000,0,transfer
2024-06-27,Maryland,Tools,2,8000,0.1,cash
2024-06-27,Maryland,Soil,2,2200,0.1,transfer
2024-06-27,Maryland,Furniture,3,26000,0,transfer
2024-06-28,Ikeja,Tools,6,8000,0,card
2024-06-28,Ikeja,Plants,4,4500,0.1,cash
2024-06-28,Lekki,Pots,4,3000,0.05,transfer
2024-06-28,Lekki,Tools,3,8000,0.05,card
2024-06-28,Lekki,Other,3,1500,0,cash
2024-06-28,Yaba,Plants,4,4500,0,cash
2024-06-28,Surulere,Furniture,5,26000,0.05,transfer
2024-06-28,Surulere,Soil,4,2200,0.05,cash
2024-06-28,Ajah,Tools,6,8000,0,transfer
2024-06-28,Ajah,Pots,6,3000,0,card
2024-06-28,Maryland,Pots,5,3000,0,card
2024-06-28,Maryland,Other,3,1500,0,card
2024-06-28,Maryland,Plants,1,4500,0.05,cash
2024-06-29,Ikeja,Plants,5,,0.05,card
2024-06-29,Ikeja,Other,1,1500,0,card
2024-06-29,Lekki,Pots,6,3000,0.3,cash
2024-06-29,Lekki,Furniture,4,26000,0.1,transfer
2024-06-29,Lekki,Pots,5,3000,0,card
2024-06-29,Yaba,Other,6,1500,0.05,transfer
2024-06-29,Yaba,Other,4,1500,0.1,card
2024-06-29,Yaba,Other,1,1500,0.05,transfer
2024-06-29,Surulere,Furniture,1,26000,0.05,transfer
2024-06-29,Surulere,Pots,6,3000,0,transfer
2024-06-29,Ajah,Other,6,1500,0,cash
2024-06-29,Ajah,Tools,2,8000,0.05,cash
2024-06-29,Ajah,Soil,1,2200,0,transfer
2024-06-29,Maryland,Plants,5,4500,0.1,cash
2024-06-29,Maryland,Furniture,2,26000,0,cash
2024-06-29,Maryland,Furniture,4,26000,0.1,transfer
2024-06-30,Ikeja,Furniture,5,26000,0,transfer
2024-06-30,Ikeja,Plants,6,4500,0.05,cash
2024-06-30,Lekki,Tools,5,8000,0,card
2024-06-30,Yaba,Soil,5,2200,0,card
2024-06-30,Yaba,Plants,5,4500,0,cash
2024-06-30,Surulere,Tools,6,8000,0.05,card
2024-06-30,Ajah,Tools,1,8000,0,card
2024-06-30,Ajah,Plants,5,4500,0,cash
2024-06-30,Maryland,Soil,2,2200,0.05,cash
2024-06-30,Maryland,Furniture,1,26000,0,cash
2024-06-30,Maryland,Other,2,1500,0.1,transfer
2024-07-01,Ikeja,Other,4,1500,0,transfer
2024-07-01,Ikeja,Other,4,1500,0.05,transfer
2024-07-01,Lekki,Soil,4,2200,0.05,transfer
2024-07-01,Lekki,Tools,1,8000,0,cash
2024-07-01,Lekki,Other,3,1500,0.25,cash
2024-07-01,Yaba,Plants,2,4500,0.05,card
2024-07-01,Yaba,Plants,2,4500,0.1,transfer
2024-07-01,Surulere,Tools,3,8000,0.1,card
2024-07-01,Surulere,Pots,5,3000,0,card
2024-07-01,Ajah,Pots,2,3000,0.1,card
2024-07-01,Ajah,Tools,2,8000,0,cash
2024-07-01,Ajah,Pots,6,3000,0,card
2024-07-01,Maryland,Tools,2,8000,0,transfer
2024-07-01,Maryland,Pots,5,3000,0,card
2024-07-02,Ikeja,Soil,3,2200,0,cash
2024-07-02,Ikeja,Tools,3,8000,0,card
2024-07-02,Ikeja,Plants,6,4500,0.05,transfer
2024-07-02,Lekki,Other,6,1500,0,card
2024-07-02,Yaba,Other,4,1500,0,card
2024-07-02,Yaba,Soil,4,2200,0,transfer
2024-07-02,Yaba,Soil,1,2200,0,cash
2024-07-02,Surulere,Soil,6,2200,0.1,transfer
2024-07-02,Ajah,Soil,1,2200,0,card
2024-07-02,Ajah,Tools,4,8000,0.1,cash
2024-07-02,Maryland,Plants,1,4500,0,transfer
2024-07-02,Maryland,Furniture,2,26000,0,cash
2024-07-03,Ikeja,Pots,2,3000,0.1,cash
2024-07-03,Ikeja,Plants,4,4500,0.05,transfer
2024-07-03,Lekki,Soil,6,2200,0,card
2024-07-03,Lekki,Furniture,6,26000,0,transfer
2024-07-03,Yaba,Tools,1,8000,0,transfer
2024-07-03,Yaba,Pots,1,3000,0,transfer
2024-07-03,Surulere,Pots,5,3000,0,card
2024-07-03,Surulere,Soil,2,2200,0,transfer
2024-07-03,Ajah,Plants,1,4500,0,cash
2024-07-03,Maryland,Pots,2,3000,0,card
2024-07-03,Maryland,Other,1,1500,0,transfer
2024-07-03,Maryland,Other,1,1500,0.1,transfer
2024-07-04,Ikeja,Other,1,1500,0.1,card
2024-07-04,Ikeja,Tools,6,8000,0,card
2024-07-04,Lekki,Other,2,1500,0,transfer
2024-07-04,Lekki,Other,5,1500,0,transfer
2024-07-04,Lekki,Tools,2,8000,0,transfer
2024-07-04,Lekki,Furniture,0,8000,0,cash
2024-07-04,Lekki,Plants,0,8000,0,cash
2024-07-04,Yaba,Other,2,1500,0.05,card
2024-07-04,Yaba,Other,2,1500,0,transfer
2024-07-04,Yaba,Other,2,1500,0.05,card
2024-07-04,Surulere,Tools,6,8000,0.05,cash
2024-07-04,Surulere,Tools,5,8000,0,card
2024-07-04,Ajah,Furniture,5,26000,0,card
2024-07-04,Ajah,Other,2,1500,0.1,card
2024-07-04,Ajah,Other,2,1500,0,card
2024-07-04,Maryland,Pots,2,3000,0,transfer
2024-07-04,Maryland,Furniture,2,26000,0,card
2024-07-05,Ikeja,Soil,1,2200,0,card
2024-07-05,Ikeja,Furniture,2,26000,0.1,card
2024-07-05,Lekki,Tools,5,8000,0.2,cash
2024-07-05,Lekki,Furniture,3,26000,0.1,card
2024-07-05,Yaba,Other,6,1500,0,cash
2024-07-05,Yaba,Pots,5,3000,0.05,cash
2024-07-05,Surulere,Furniture,0,26000,0,card
2024-07-05,Surulere,Tools,3,8000,0,transfer
2024-07-05,Ajah,Tools,6,8000,0,cash
2024-07-05,Ajah,Tools,6,8000,0,card
2024-07-05,Maryland,Soil,1,2200,0,transfer
2024-07-05,Maryland,Pots,4,3000,0,cash
2024-07-06,Ikeja,Tools,3,8000,0.1,card
2024-07-06,Lekki,Soil,5,2200,0,card
2024-07-06,Yaba,Pots,2,3000,0,card
2024-07-06,Yaba,Pots,3,3000,0.1,cash
2024-07-06,Yaba,Pots,4,3000,0.05,cash
2024-07-06,Surulere,Plants,4,4500,0,cash
2024-07-06,Ajah,Other,5,1500,0,transfer
2024-07-06,Ajah,Tools,3,8000,0.05,transfer
2024-07-06,Ajah,Pots,2,3000,0.05,card
2024-07-06,Maryland,Pots,5,3000,0.05,card
2024-07-06,Maryland,Furniture,3,26000,0,card
2024-07-07,Ikeja,Furniture,1,26000,0,transfer
2024-07-07,Ikeja,Furniture,6,26000,0.1,transfer
2024-07-07,Lekki,Plants,3,4500,0,cash
2024-07-07,Lekki,Soil,3,2200,0.1,transfer
2024-07-07,Lekki,Tools,1,8000,0,cash
2024-07-07,Lekki,Pots,0,3000,0,cash
2024-07-07,Yaba,Furniture,2,26000,0,transfer
2024-07-07,Surulere,Tools,4,8000,0,cash
2024-07-07,Ajah,Pots,3,3000,0.05,cash
2024-07-07,Maryland,Plants,5,4500,0,card
2024-07-08,Ikeja,Other,0,1500,0.1,transfer
2024-07-08,Ikeja,Soil,3,2200,0.1,cash
2024-07-08,Ikeja,Soil,1,2200,0.1,card
2024-07-08,Lekki,Tools,3,8000,0.1,transfer
2024-07-08,Yaba,Plants,5,4500,0,card
2024-07-08,Yaba,Plants,3,4500,0.1,card
2024-07-08,Yaba,Tools,4,8000,0.05,card
2024-07-08,Surulere,Tools,4,8000,0,transfer
2024-07-08,Surulere,Pots,2,3000,0,card
2024-07-08,Surulere,Plants,1,4500,0,card
2024-07-08,Ajah,Furniture,2,26000,0,card
2024-07-08,Ajah,Tools,3,8000,0,transfer
2024-07-08,Ajah,Plants,6,4500,0.05,transfer
2024-07-08,Maryland,Plants,2,4500,0.05,transfer
2024-07-08,Maryland,Soil,1,2200,0.05,transfer
2024-07-09,Ikeja,Furniture,2,26000,0,card
2024-07-09,Ikeja,Other,1,1500,0.05,transfer
2024-07-09,Ikeja,Other,2,1500,0.1,transfer
2024-07-09,Lekki,Plants,5,4500,0.05,card
2024-07-09,Lekki,Plants,3,4500,0,card
2024-07-09,Lekki,Furniture,6,26000,0.35,cash
2024-07-09,Lekki,Soil,0,8000,0,cash
2024-07-09,Lekki,Pots,0,4500,0,cash
2024-07-09,Yaba,Soil,3,2200,0,transfer
2024-07-09,Yaba,Other,5,1500,0.1,cash
2024-07-09,Yaba,Pots,1,3000,0.1,cash
2024-07-09,Surulere,Other,2,1500,0,cash
2024-07-09,Ajah,Furniture,5,26000,0,cash
2024-07-09,Maryland,Plants,4,4500,0.1,cash
2024-07-09,Maryland,Soil,1,2200,0,transfer
2024-07-09,Maryland,Plants,5,4500,0,cash
2024-07-10,Ikeja,Pots,3,3000,0.1,cash
2024-07-10,Ikeja,Other,5,1500,0,card
2024-07-10,Lekki,Plants,4,4500,0,card
2024-07-10,Lekki,Other,5,1500,0,transfer
2024-07-10,Lekki,Furniture,2,26000,0.1,cash
2024-07-10,Yaba,Pots,1,3000,0.1,cash
2024-07-10,Surulere,Furniture,1,,0.05,card
2024-07-10,Surulere,Soil,1,2200,0,transfer
2024-07-10,Ajah,Tools,4,8000,0,transfer
2024-07-10,Maryland,Furniture,1,26000,0.1,cash
2024-07-11,Ikeja,Tools,4,8000,0.1,transfer
2024-07-11,Lekki,Plants,3,4500,0.1,card
2024-07-11,Lekki,Plants,2,4500,0.1,card
2024-07-11,Lekki,Plants,1,4500,0.05,card
2024-07-11,Yaba,Pots,2,3000,0,cash
2024-07-11,Yaba,Pots,6,3000,0,card
2024-07-11,Yaba,Soil,6,2200,0,transfer
2024-07-11,Surulere,Furniture,2,26000,0,transfer
2024-07-11,Ajah,Other,5,1500,0,card
2024-07-11,Maryland,Soil,2,2200,0.05,card
2024-07-11,Maryland,Pots,5,3000,0,cash
2024-07-11,Maryland,Tools,3,8000,0,cash
2024-07-12,Ikeja,Tools,3,8000,0,transfer
2024-07-12,Ikeja,Soil,4,2200,0.05,cash
2024-07-12,Lekki,Other,1,1500,0,cash
2024-07-12,Lekki,Plants,4,4500,0,transfer
2024-07-12,Yaba,Tools,6,8000,0,card
2024-07-12,Yaba,Pots,4,3000,0,transfer
2024-07-12,Surulere,Tools,3,8000,0,cash
2024-07-12,Surelere,Soil,5,2200,0.05,cash
2024-07-12,Surulere,Other,1,1500,0,card
2024-07-12,Ajah,Furniture,5,26000,0,transfer
2024-07-12,Ajah,Pots,3,3000,0,cash
2024-07-12,Ajah,Pots,4,3000,0.1,card
2024-07-12,Maryland,Soil,2,2200,0.05,cash
2024-07-12,Maryland,Pots,2,3000,0,cash
2024-07-13,Ikeja,Other,4,1500,0,card
2024-07-13,Ikeja,Soil,3,2200,0,cash
2024-07-13,Lekki,Furniture,2,26000,0.05,transfer
2024-07-13,Lekki,Soil,0,4500,0,cash
2024-07-13,Lekki,Tools,0,4500,0,cash
2024-07-13,Yaba,Furniture,6,26000,0,card
2024-07-13,Surulere,Pots,3,3000,0.1,card
2024-07-13,Surulere,Other,2,1500,0.1,transfer
2024-07-13,Ajah,Other,1,1500,0.1,cash
2024-07-13,Ajah,Tools,2,8000,0,card
2024-07-13,Maryland,Tools,3,8000,0.1,transfer
2024-07-14,Ikeja,Furniture,5,26000,0,cash
2024-07-14,Ikeja,Plants,4,4500,0.05,cash
2024-07-14,Lekki,Tools,2,8000,0.1,card
2024-07-14,Lekki,Furniture,1,26000,0,card
2024-07-14,Lekki,Furniture,0,3000,0,cash
2024-07-14,Yaba,Soil,3,2200,0,cash
2024-07-14,Surulere,Furniture,1,26000,0.05,transfer
2024-07-14,Surulere,Furniture,1,26000,0.05,card
2024-07-14,Ajah,Tools,5,8000,0,transfer
2024-07-14,Ajah,Pots,1,3000,0,card
2024-07-14,Maryland,Furniture,4,26000,0.1,transfer
2024-07-14,Maryland,Furniture,5,26000,0,cash
2024-07-14,Maryland,Other,3,1500,0.1,cash
2024-07-15,Ikeja,Plants,1,4500,0.1,cash
2024-07-15,Ikeja,Soil,3,2200,0.05,cash
2024-07-15,Ikeja,Tools,3,8000,0.1,cash
2024-07-15,Lekki,Tools,1,8000,0,transfer
2024-07-15,Lekki,Plants,5,4500,0.2,cash
2024-07-15,Lekki,Other,4,1500,0.1,cash
2024-07-15,Yaba,Furniture,5,26000,0,transfer
2024-07-15,Yaba,Other,2,1500,0,cash
2024-07-15,Surulere,Pots,1,3000,0,transfer
2024-07-15,Surulere,Other,2,1500,0.1,cash
2024-07-15,Ajah,Pots,5,3000,0.1,card
2024-07-15,Maryland,Soil,2,2200,0,transfer
2024-07-16,Ikeja,Furniture,4,26000,0.1,transfer
2024-07-16,Leki,Pots,3,,0.35,cash
2024-07-16,Lekki,Soil,4,2200,0,card
2024-07-16,Yaba,Furniture,2,26000,0.1,transfer
2024-07-16,Yaba,Plants,2,4500,0.05,transfer
2024-07-16,Surulere,Furniture,3,26000,0,card
2024-07-16,Surulere,Other,2,1500,0,cash
2024-07-16,Surulere,Other,1,1500,0,cash
2024-07-16,Ajah,Furniture,2,26000,0.1,card
2024-07-16,Ajah,Soil,6,2200,0.05,card
2024-07-16,Ajah,Furniture,3,26000,0.1,card
2024-07-16,Maryland,Other,3,1500,0,cash
2024-07-16,Maryland,Soil,1,2200,0.05,cash
2024-07-16,Maryland,Furniture,4,26000,0.05,transfer
2024-07-17,Ikeja,Other,2,1500,0,cash
2024-07-17,Ikeja,Pots,5,3000,0.1,cash
2024-07-17,Lekki,Other,2,1500,0.25,cash
2024-07-17,Lekki,Pots,4,3000,0,card
2024-07-17,Lekki,Pots,2,3000,0,transfer
2024-07-17,Yaba,Soil,2,2200,0.05,cash
2024-07-17,Surulere,Other,3,1500,0,transfer
2024-07-17,Surulere,Furniture,1,26000,0,cash
2024-07-17,Ajah,Other,3,1500,0,card
2024-07-17,Ajah,Plants,1,4500,0.05,cash
2024-07-17,Maryland,Pots,6,3000,0.1,transfer
2024-07-17,Maryland,Soil,1,2200,0.1,transfer
2024-07-18,Ikeja,Pots,4,3000,0,card
2024-07-18,Lekki,Pots,3,3000,0,card
2024-07-18,Yaba,Other,1,1500,0,card
2024-07-18,Surulere,Soil,4,2200,0.1,transfer
2024-07-18,Surulere,Plants,4,4500,0.1,transfer
2024-07-18,Surulere,Soil,3,2200,0,cash
2024-07-18,Ajah,Pots,6,3000,0.1,card
2024-07-18,Maryland,Soil,6,2200,0,card
2024-07-18,Maryland,Tools,1,8000,0,cash
2024-07-19,Ikeja,Tools,4,8000,0,cash
2024-07-19,Ikeja,Plants,6,4500,0,transfer
2024-07-19,Lekki,Tools,5,8000,0.05,cash
2024-07-19,Lekki,Furniture,6,26000,0,card
2024-07-19,Lekki,Tools,0,3000,0,cash
2024-07-19,Lekki,Soil,0,8000,0,cash
2024-07-19,Yaba,Soil,6,2200,0,card
2024-07-19,Yaba,Plants,5,4500,0.05,transfer
2024-07-19,Surulere,Soil,3,2200,0,transfer
2024-07-19,Surulere,Other,4,1500,0,cash
2024-07-19,Ajah,Soil,5,2200,0,transfer
2024-07-19,Ajah,Soil,3,2200,0,cash
2024-07-19,Maryland,Pots,5,3000,0.05,transfer
2024-07-19,Maryland,Other,2,1500,0,card
2024-07-20,Ikeja,Plants,4,4500,0.05,cash
2024-07-20,Ikeja,Other,1,1500,0,transfer
2024-07-20,Leki,Soil,3,2200,0.05,transfer
2024-07-20,Yaba,Other,2,1500,0.1,cash
2024-07-20,Surulere,Tools,5,8000,0,card
2024-07-20,Ajah,Other,1,1500,0,transfer
2024-07-20,Ajah,Other,1,1500,0,cash
2024-07-20,Ajah,Plants,5,4500,0,card
2024-07-20,Maryland,Tools,4,8000,0,card
2024-07-20,Maryland,Tools,2,8000,0.05,cash
2024-07-20,Maryland,Plants,4,4500,0.1,card
2024-07-21,Ikeja,Soil,5,2200,0,card
2024-07-21,Lekki,Furniture,1,26000,0.3,cash
2024-07-21,Lekki,Plants,4,4500,0,transfer
2024-07-21,Yaba,Soil,4,2200,0.05,card
2024-07-21,Surulere,Other,2,1500,0.05,card
2024-07-21,Ajah,Plants,4,4500,0,transfer
2024-07-21,Maryland,Furniture,1,26000,0,transfer
2024-07-21,Maryland,Plants,2,4500,0,card
2024-07-21,Maryland,Tools,3,8000,0.1,transfer
2024-07-22,Ikeja,Other,5,1500,0,card
2024-07-22,Ikeja,Furniture,4,26000,0.05,transfer
2024-07-22,Lekki,Soil,5,2200,0,transfer
2024-07-22,Yaba,Soil,6,2200,0,transfer
2024-07-22,Yaba,Tools,2,8000,0,card
2024-07-22,Surulere,Tools,3,8000,0.1,cash
2024-07-22,Surulere,Pots,4,3000,0.1,card
2024-07-22,Ajah,Furniture,6,26000,0.05,cash
2024-07-22,Maryland,Pots,6,3000,0,transfer
2024-07-23,Ikeja,Tools,2,8000,0,cash
2024-07-23,Lekki,Plants,4,4500,0.3,cash
2024-07-23,Lekki,Furniture,1,26000,0,transfer
2024-07-23,Lekki,Tools,5,8000,0,transfer
2024-07-23,Yaba,Pots,1,3000,0,card
2024-07-23,Yaba,Plants,5,4500,0.05,card
2024-07-23,Yaba,Soil,3,2200,0,transfer
2024-07-23,Surulere,Tools,6,8000,0,transfer
2024-07-23,Surulere,Soil,2,2200,0.1,card
2024-07-23,Ajah,Soil,2,2200,0,cash
2024-07-23,Ajah,Plants,6,4500,0,card
2024-07-23,Ajah,Furniture,4,26000,0.1,cash
2024-07-23,Maryland,Pots,5,3000,0,cash
2024-07-23,Maryland,Tools,1,8000,0,cash
2024-07-24,Ikeja,Plants,2,4500,0,cash
2024-07-24,Ikeja,Furniture,6,26000,0.1,transfer
2024-07-24,Ikeja,Tools,4,8000,0,card
2024-07-24,Lekki,Pots,4,3000,0,card
2024-07-24,Yaba,Pots,2,3000,0.05,transfer
2024-07-24,Yaba,Plants,5,4500,0,cash
2024-07-24,Surulere,Furniture,4,26000,0,card
2024-07-24,Ajah,Furniture,4,26000,0.1,transfer
2024-07-24,Marylnd,Pots,2,3000,0,transfer
2024-07-24,Maryland,Other,2,1500,0,cash
2024-07-24,Maryland,Plants,1,4500,0.1,cash
2024-07-25,Ikeja,Other,1,1500,0.1,transfer
2024-07-25,Ikeja,Other,2,1500,0.1,transfer
2024-07-25,Lekki,Tools,4,8000,0,transfer
2024-07-25,Lekki,Furniture,3,26000,0,transfer
2024-07-25,Lekki,Plants,1,4500,0.35,cash
2024-07-25,Yaba,Tools,3,8000,0,transfer
2024-07-25,Yaba,Furniture,5,26000,0.05,cash
2024-07-25,Surelere,Pots,2,3000,0,card
2024-07-25,Surulere,Soil,6,2200,0.1,cash
2024-07-25,Surulere,Other,5,1500,0,cash
2024-07-25,Ajah,Plants,5,4500,0.05,card
2024-07-25,Ajah,Tools,2,8000,0,cash
2024-07-25,Maryland,Pots,2,3000,0.1,card
2024-07-25,Maryland,Plants,5,4500,0,transfer
2024-07-26,Ikeja,Plants,2,4500,0,cash
2024-07-26,Ikeja,Plants,6,4500,0,card
2024-07-26,Ikeja,Tools,1,8000,0,transfer
2024-07-26,Lekki,Soil,6,2200,0.05,cash
2024-07-26,Leki,Furniture,5,26000,0.1,card
2024-07-26,Lekki,Tools,0,3000,0,cash
2024-07-26,Yaba,Plants,1,4500,0.1,card
2024-07-26,Surulere,Other,5,1500,0.05,card
2024-07-26,Surulere,Furniture,5,26000,0,transfer
2024-07-26,Ajah,Tools,5,8000,0.1,cash
2024-07-26,Ajah,Other,1,1500,0,card
2024-07-26,Ajah,Plants,3,4500,0,transfer
2024-07-26,Maryland,Tools,5,8000,0.1,cash
2024-07-26,Maryland,Plants,4,4500,0,card
2024-07-26,Maryland,Soil,1,2200,0,transfer
2024-07-27,Ikeja,Other,1,1500,0,cash
2024-07-27,Ikeja,Pots,6,3000,0,transfer
2024-07-27,Lekki,Other,6,1500,0,card
2024-07-27,Lekki,Plants,5,4500,0,transfer
2024-07-27,Lekki,Other,6,1500,0,card
2024-07-27,Yaba,Other,5,,0,transfer
2024-07-27,Yaba,Furniture,2,26000,0.05,cash
2024-07-27,Yaba,Furniture,6,26000,0,cash
2024-07-27,Surulere,Pots,1,3000,0,cash
2024-07-27,Ajah,Pots,6,3000,0,transfer
2024-07-27,Ajah,Furniture,1,26000,0.1,card
2024-07-27,Ajah,Furniture,4,26000,0,card
2024-07-27,Maryland,Pots,3,3000,0,cash
2024-07-28,Ikeja,Soil,3,2200,0.05,transfer
2024-07-28,Ikeja,Pots,4,3000,0,transfer
2024-07-28,Lekki,Pots,3,3000,0,transfer
2024-07-28,Lekki,Pots,6,3000,0,card
2024-07-28,Yaba,Furniture,3,26000,0,cash
2024-07-28,Surulere,Pots,3,3000,0.1,card
2024-07-28,Ajah,Plants,6,4500,0,card
2024-07-28,Ajah,Tools,4,8000,0,transfer
2024-07-28,Ajah,Soil,4,2200,0.05,cash
2024-07-28,Maryland,Plants,4,4500,0.05,cash
2024-07-28,Maryland,Furniture,1,26000,0.1,cash
2024-07-28,Maryland,Other,4,1500,0,cash
2024-07-29,Ikeja,Other,4,1500,0.05,card
2024-07-29,Ikeja,Other,2,1500,0,transfer
2024-07-29,Ikeja,Pots,4,3000,0.1,transfer
2024-07-29,Lekki,Plants,1,4500,0.05,cash
2024-07-29,Lekki,Soil,0,8000,0,cash
2024-07-29,Lekki,Tools,0,4500,0,cash
2024-07-29,Lekki,Soil,0,3000,0,cash
2024-07-29,Yaba,Other,4,1500,0,card
2024-07-29,Yaba,Tools,2,8000,0.05,transfer
2024-07-29,Surulere,Other,1,1500,0,transfer
2024-07-29,Ajah,Tools,2,8000,0,card
2024-07-29,Ajah,Other,5,1500,0,transfer
2024-07-29,Ajah,Furniture,6,26000,0,cash
2024-07-29,Maryland,Pots,4,3000,0.05,cash
2024-07-30,Ikeja,Plants,5,4500,0.1,card
2024-07-30,Ikeja,Pots,1,3000,0.1,cash
2024-07-30,Ikeja,Plants,5,4500,0,transfer
2024-07-30,Lekki,Soil,2,,0,transfer
2024-07-30,Lekki,Furniture,2,26000,0.1,card
2024-07-30,Lekki,Pots,2,3000,0,transfer
2024-07-30,Yaba,Tools,6,,0,card
2024-07-30,Yaba,Soil,1,2200,0,cash
2024-07-30,Yaba,Furniture,3,26000,0.1,transfer
2024-07-30,Surulere,Plants,6,4500,0.05,transfer
2024-07-30,Surulere,Tools,3,8000,0,transfer
2024-07-30,Ajah,Furniture,4,26000,0,transfer
2024-07-30,Ajah,Tools,3,8000,0.1,cash
2024-07-30,Maryland,Pots,2,3000,0.05,card
2024-07-31,Ikeja,Furniture,6,26000,0.05,card
2024-07-31,Ikeja,Pots,6,3000,0,card
2024-07-31,Lekki,Pots,2,3000,0.1,transfer
2024-07-31,Yaba,Plants,2,4500,0.05,transfer
2024-07-31,Surulere,Plants,5,4500,0,cash
2024-07-31,Ajah,Furniture,1,26000,0.1,cash
2024-07-31,Ajah,Pots,6,3000,0,cash
2024-07-31,Maryland,Soil,4,2200,0,transfer
2024-07-31,Maryland,Pots,6,3000,0,cash
2024-08-01,Ikeja,Furniture,4,26000,0,transfer
2024-08-01,Ikeja,Pots,4,3000,0,transfer
2024-08-01,Ikeja,Pots,5,,0.1,transfer
2024-08-01,Lekki,Tools,3,8000,0.05,transfer
2024-08-01,Yaba,Furniture,3,26000,0,card
2024-08-01,Yaba,Pots,3,3000,0,transfer
2024-08-01,Yaba,Pots,4,3000,0,card
2024-08-01,Surulere,Plants,2,4500,0,transfer
2024-08-01,Ajah,Soil,5,2200,0,transfer
2024-08-01,Ajah,Soil,6,2200,0,card
2024-08-01,Ajah,Plants,1,4500,0,card
2024-08-01,Maryland,Furniture,0,26000,0,card
2024-08-01,Maryland,Furniture,3,26000,0,cash
2024-08-01,Maryland,Other,3,1500,0,cash
2024-08-02,Ikeja,Tools,2,8000,0,transfer
2024-08-02,Ikeja,Pots,6,3000,0,transfer
2024-08-02,Lekki,Other,4,1500,0.05,transfer
2024-08-02,Lekki,Soil,3,2200,0.2,cash
2024-08-02,Yaba,Soil,5,2200,0,transfer
2024-08-02,Yaba,Soil,5,2200,0,card
2024-08-02,Yaba,Soil,1,2200,0,transfer
2024-08-02,Surulere,Soil,3,2200,0,cash
2024-08-02,Surulere,Tools,4,8000,0,transfer
2024-08-02,Surulere,Pots,2,3000,0.05,card
2024-08-02,Ajah,Pots,4,,0,transfer
2024-08-02,Ajah,Other,4,1500,0.1,card
2024-08-02,Maryland,Other,2,1500,0,cash
2024-08-03,Ikeja,Other,5,1500,0,cash
2024-08-03,Ikeja,Other,4,1500,0,card
2024-08-03,Lekki,Plants,3,4500,0.05,transfer
2024-08-03,Yaba,Tools,5,8000,0.05,transfer
2024-08-03,Surulere,Plants,1,4500,0.1,cash
2024-08-03,Surulere,Pots,4,3000,0,transfer
2024-08-03,Ajah,Other,6,1500,0.05,cash
2024-08-03,Maryland,Soil,6,2200,0,card
2024-08-04,Ikeja,Pots,2,3000,0,card
2024-08-04,Ikeja,Furniture,3,26000,0,card
2024-08-04,Lekki,Soil,3,2200,0.05,cash
2024-08-04,Lekki,Other,0,3000,0,cash
2024-08-04,Lekki,Other,0,8000,0,cash
2024-08-04,Yaba,Tools,6,8000,0.1,cash
2024-08-04,Yaba,Other,4,1500,0,card
2024-08-04,Surelere,Tools,4,8000,0.05,card
2024-08-04,Surulere,Pots,6,3000,0,cash
2024-08-04,Ajah,Pots,2,3000,0.05,cash
2024-08-04,Ajah,Furniture,2,26000,0,card
2024-08-04,Ajah,Furniture,6,26000,0.1,card
2024-08-04,Maryland,Pots,2,3000,0,card
2024-08-04,Marylnd,Pots,5,3000,0.1,transfer
2024-08-05,Ikeja,Soil,4,2200,0,cash
2024-08-05,Ikeja,Tools,1,8000,0,card
2024-08-05,Ikeja,Pots,1,3000,0.05,transfer
2024-08-05,Lekki,Pots,5,3000,0.1,card
2024-08-05,Lekki,Other,4,1500,0.1,card
2024-08-05,Yaba,Furniture,6,26000,0.05,card
2024-08-05,Yaba,Pots,6,3000,0.05,cash
2024-08-05,Yaba,Pots,3,3000,0,transfer
2024-08-05,Surulere,Pots,4,3000,0.1,card
2024-08-05,Surulere,Pots,1,3000,0,card
2024-08-05,Ajah,Soil,1,2200,0.05,cash
2024-08-05,Maryland,Other,3,1500,0,transfer
2024-08-05,Maryland,Furniture,2,26000,0.05,transfer
2024-08-05,Maryland,Tools,1,8000,0,cash
2024-08-06,Ikeja,Other,1,1500,0,cash
2024-08-06,Ikeja,Furniture,1,26000,0,transfer
2024-08-06,Ikeja,Soil,6,2200,0,cash
2024-08-06,Lekki,Tools,1,8000,0.05,card
2024-08-06,Lekki,Pots,4,3000,0,transfer
2024-08-06,Lekki,Soil,4,2200,0,card
2024-08-06,Lekki,Plants,0,3000,0,cash
2024-08-06,Yaba,Tools,5,8000,0.05,transfer
2024-08-06,Yaba,Tools,6,8000,0,cash
2024-08-06,Yaba,Soil,4,2200,0.05,card
2024-08-06,Surulere,Pots,2,3000,0,cash
2024-08-06,Surulere,Other,5,1500,0.05,card
2024-08-06,Ajah,Tools,6,8000,0.05,cash
2024-08-06,Ajah,Tools,3,8000,0,transfer
2024-08-06,Maryland,Soil,5,2200,0,transfer
2024-08-07,Ikeja,Furniture,2,26000,0,cash
2024-08-07,Ikeja,Furniture,4,26000,0,cash
2024-08-07,Ikeja,Soil,2,2200,0,transfer
2024-08-07,Lekki,Soil,5,2200,0,card
2024-08-07,Lekki,Other,1,1500,0,card
2024-08-07,Lekki,Plants,1,4500,0.25,cash
2024-08-07,Yaba,Other,5,1500,0,card
2024-08-07,Surulere,Plants,3,4500,0.05,card
2024-08-07,Ajah,Other,5,1500,0.1,cash
2024-08-07,Ajah,Soil,5,2200,0.1,card
2024-08-07,Maryland,Furniture,6,26000,0,card
2024-08-08,Ikeja,Soil,3,2200,0.1,cash
2024-08-08,Ikeja,Plants,6,4500,0,transfer
2024-08-08,Lekki,Soil,5,2200,0.1,transfer
2024-08-08,Lekki,Other,0,8000,0,cash
2024-08-08,Lekki,Pots,0,8000,0,cash
2024-08-08,Yaba,Plants,3,4500,0,card
2024-08-08,Yaba,Furniture,1,26000,0,card
2024-08-08,Yaba,Tools,6,8000,0.05,cash
2024-08-08,Surulere,Pots,1,3000,0,card
2024-08-08,Ajah,Pots,4,3000,0,cash
2024-08-08,Maryland,Tools,4,8000,0.05,cash
2024-08-08,Maryland,Pots,4,3000,0.05,transfer
2024-08-08,Maryland,Soil,2,2200,0,card
2024-08-09,Ikeja,Other,1,1500,0.1,cash
2024-08-09,Ikeja,Soil,5,2200,0,cash
2024-08-09,Ikeja,Tools,5,8000,0,cash
2024-08-09,Lekki,Furniture,3,26000,0,cash
2024-08-09,Lekki,Pots,0,3000,0,cash
2024-08-09,Yaba,Other,5,1500,0,cash
2024-08-09,Surulere,Plants,5,4500,0.05,cash
2024-08-09,Surulere,Furniture,3,26000,0,transfer
2024-08-09,Surulere,Furniture,6,26000,0.05,transfer
2024-08-09,Ajah,Tools,5,8000,0.1,transfer
2024-08-09,Ajah,Tools,5,8000,0.05,transfer
2024-08-09,Maryland,Tools,0,8000,0,cash
2024-08-10,Ikeja,Other,6,1500,0.05,transfer
2024-08-10,Lekki,Soil,6,2200,0,card
2024-08-10,Lekki,Plants,6,4500,0,transfer
2024-08-10,Lekki,Plants,3,4500,0,transfer
2024-08-10,Lekki,Plants,0,8000,0,cash
2024-08-10,Lekki,Other,0,8000,0,cash
2024-08-10,Yaba,Plants,1,4500,0.05,cash
2024-08-10,Yaba,Pots,5,3000,0,transfer
2024-08-10,Yaba,Plants,3,4500,0,transfer
2024-08-10,Surulere,Pots,6,3000,0.1,transfer
2024-08-10,Ajah,Plants,2,,0,transfer
2024-08-10,Ajah,Pots,4,3000,0.05,transfer
2024-08-10,Ajah,Plants,6,4500,0,cash
2024-08-10,Maryland,Other,2,1500,0,cash
2024-08-10,Maryland,Soil,1,2200,0.1,transfer
2024-08-11,Ikeja,Other,3,1500,0.1,transfer
2024-08-11,Lekki,Pots,5,,0,transfer
2024-08-11,Lekki,Soil,5,2200,0.1,transfer
2024-08-11,Lekki,Soil,3,2200,0,card
2024-08-11,Lekki,Pots,0,4500,0,cash
2024-08-11,Lekki,Soil,0,8000,0,cash
2024-08-11,Yaba,Soil,3,2200,0,transfer
2024-08-11,Yaba,Other,4,1500,0,card
2024-08-11,Surulere,Furniture,1,26000,0,transfer
2024-08-11,Ajah,Furniture,5,26000,0,transfer
2024-08-11,Ajah,Soil,3,2200,0.05,card
2024-08-11,Ajah,Other,2,1500,0.05,card
2024-08-11,Maryland,Plants,1,4500,0.05,transfer
2024-08-11,Maryland,Pots,3,3000,0.05,cash
2024-08-11,Marylnd,Pots,3,3000,0,card
2024-08-12,Ikeja,Furniture,5,26000,0,cash
2024-08-12,Lekki,Other,5,1500,0.05,transfer
2024-08-12,Lekki,Soil,4,2200,0.05,card
2024-08-12,Yaba,Other,5,1500,0,cash
2024-08-12,Yaba,Plants,2,4500,0,cash
2024-08-12,Yaba,Furniture,5,26000,0,cash
2024-08-12,Surulere,Other,5,1500,0.1,cash
2024-08-12,Surulere,Tools,2,8000,0,cash
2024-08-12,Ajah,Tools,3,8000,0,transfer
2024-08-12,Maryland,Tools,3,8000,0,cash
2024-08-13,Ikeja,Plants,4,4500,0.1,transfer
2024-08-13,Lekki,Other,1,1500,0,card
2024-08-13,Lekki,Other,0,3000,0,cash
2024-08-13,Lekki,Soil,0,4500,0,cash
2024-08-13,Lekki,Furniture,0,4500,0,cash
2024-08-13,Yaba,Other,1,1500,0,transfer
2024-08-13,Yaba,Tools,4,8000,0,transfer
2024-08-13,Surulere,Other,6,1500,0,cash
2024-08-13,Ajah,Furniture,3,26000,0,card
2024-08-13,Ajah,Furniture,2,26000,0.05,card
2024-08-13,Ajah,Pots,1,3000,0,cash
2024-08-13,Maryland,Pots,2,3000,0,cash
2024-08-13,Maryland,Tools,4,8000,0.05,card
2024-08-14,Ikeja,Other,5,1500,0,transfer
2024-08-14,Ikeja,Pots,5,3000,0.05,transfer
2024-08-14,Lekki,Soil,3,2200,0,card
2024-08-14,Lekki,Soil,2,2200,0.05,card
2024-08-14,Lekki,Pots,4,3000,0.1,cash
2024-08-14,Yaba,Pots,5,3000,0.1,card
2024-08-14,Yaba,Other,3,1500,0,card
2024-08-14,Surulere,Pots,5,3000,0.05,card
2024-08-14,Ajah,Furniture,3,26000,0,cash
2024-08-14,Ajah,Plants,4,4500,0,transfer
2024-08-14,Maryland,Soil,6,2200,0.05,card
2024-08-14,Maryland,Tools,2,8000,0.05,cash
2024-08-14,Maryland,Furniture,3,26000,0.1,card
2024-08-15,Ikeja,Tools,4,8000,0.05,transfer
2024-08-15,Ikeja,Pots,1,3000,0.05,cash
2024-08-15,Lekki,Soil,5,2200,0.35,cash
2024-08-15,Lekki,Other,4,1500,0,card
2024-08-15,Lekki,Tools,4,8000,0.05,transfer
2024-08-15,Lekki,Pots,0,4500,0,cash
2024-08-15,Lekki,Pots,0,8000,0,cash
2024-08-15,Lekki,Plants,0,8000,0,cash
2024-08-15,Yaba,Soil,5,2200,0,transfer
2024-08-15,Yaba,Furniture,6,26000,0,card
2024-08-15,Yaba,Other,4,1500,0,cash
2024-08-15,Surulere,Tools,5,8000,0.1,transfer
2024-08-15,Surulere,Tools,3,8000,0,cash
2024-08-15,Ajah,Furniture,2,26000,0,transfer
2024-08-15,Maryland,Tools,3,8000,0.05,transfer
2024-08-15,Maryland,Furniture,6,26000,0.1,transfer
2024-08-16,Ikeja,Tools,3,8000,0.05,cash
2024-08-16,Ikeja,Pots,4,3000,0.1,card
2024-08-16,Ikeja,Furniture,3,26000,0,card
2024-08-16,Lekki,Tools,6,8000,0,card
2024-08-16,Lekki,Soil,0,8000,0,cash
2024-08-16,Yaba,Furniture,3,26000,0,card
2024-08-16,Surulere,Furniture,4,26000,0.05,transfer
2024-08-16,Surulere,Furniture,4,26000,0,card
2024-08-16,Surulere,Tools,6,8000,0.05,card
2024-08-16,Ajah,Pots,1,3000,0,transfer
2024-08-16,Ajah,Soil,2,2200,0,transfer
2024-08-16,Maryland,Other,5,1500,0,transfer
2024-08-16,Maryland,Furniture,5,26000,0.05,transfer
2024-08-16,Maryland,Pots,1,3000,0.05,transfer
2024-08-17,Ikeja,Pots,2,3000,0.1,card
2024-08-17,Ikeja,Furniture,1,26000,0,transfer
2024-08-17,Ikeja,Soil,4,2200,0,card
2024-08-17,Lekki,Pots,5,3000,0,cash
2024-08-17,Yaba,Plants,3,4500,0,transfer
2024-08-17,Yaba,Furniture,5,26000,0,cash
2024-08-17,Yaba,Tools,5,8000,0,cash
2024-08-17,Surulere,Tools,1,8000,0,card
2024-08-17,Ajah,Soil,4,2200,0,cash
2024-08-17,Ajah,Tools,1,8000,0.05,card
2024-08-17,Ajah,Tools,3,8000,0,transfer
2024-08-17,Maryland,Soil,1,2200,0.05,cash
2024-08-17,Maryland,Tools,2,8000,0,card
2024-08-18,Ikeja,Soil,3,2200,0.05,cash
2024-08-18,Ikeja,Plants,6,4500,0.05,cash
2024-08-18,Lekki,Soil,1,2200,0,transfer
2024-08-18,Lekki,Soil,2,2200,0.1,transfer
2024-08-18,Lekki,Plants,6,4500,0.05,card
2024-08-18,Lekki,Soil,0,4500,0,cash
2024-08-18,Yaba,Other,1,1500,0,cash
2024-08-18,Yaba,Pots,3,3000,0,cash
2024-08-18,Surulere,Furniture,2,26000,0.05,cash
2024-08-18,Ajah,Other,5,1500,0,cash
2024-08-18,Ajah,Furniture,4,26000,0,card
2024-08-18,Maryland,Pots,3,3000,0,transfer
2024-08-18,Maryland,Furniture,6,26000,0.1,cash
2024-08-18,Maryland,Other,2,1500,0.05,card
2024-08-19,Ikeja,Tools,6,8000,0.05,card
2024-08-19,Ikeja,Tools,5,8000,0.1,cash
2024-08-19,Ikeja,Pots,3,3000,0.05,transfer
2024-08-19,Lekki,Furniture,6,26000,0.1,transfer
2024-08-19,Lekki,Other,5,1500,0,cash
2024-08-19,Yaba,Tools,1,8000,0.05,card
2024-08-19,Yaba,Other,5,1500,0,transfer
2024-08-19,Yaba,Furniture,3,26000,0,transfer
2024-08-19,Surulere,Plants,2,4500,0.1,card
2024-08-19,Surulere,Plants,1,4500,0,transfer
2024-08-19,Ajah,Tools,3,8000,0,cash
2024-08-19,Ajah,Furniture,2,26000,0.05,card
2024-08-19,Maryland,Soil,5,2200,0,card
2024-08-19,Maryland,Plants,3,4500,0.05,cash
2024-08-20,Ikeja,Plants,4,4500,0,transfer
2024-08-20,Ikeja,Plants,4,4500,0.1,transfer
2024-08-20,Ikeja,Soil,2,2200,0,transfer
2024-08-20,Lekki,Pots,6,3000,0.05,transfer
2024-08-20,Yaba,Pots,4,3000,0,transfer
2024-08-20,Yaba,Pots,3,3000,0.05,card
2024-08-20,Yaba,Furniture,4,26000,0,cash
2024-08-20,Surulere,Furniture,3,26000,0.1,card
2024-08-20,Ajah,Furniture,1,26000,0,transfer
2024-08-20,Maryland,Plants,5,4500,0,cash
2024-08-20,Maryland,Plants,4,4500,0.05,transfer
2024-08-20,Maryland,Plants,6,4500,0,transfer
2024-08-21,Ikeja,Soil,1,2200,0,card
2024-08-21,Ikeja,Furniture,6,26000,0.1,transfer
2024-08-21,Ikeja,Tools,2,8000,0.1,card
2024-08-21,Lekki,Soil,5,2200,0.2,cash
2024-08-21,Lekki,Furniture,6,26000,0.05,card
2024-08-21,Lekki,Other,3,1500,0,cash
2024-08-21,Yaba,Pots,2,3000,0.1,cash
2024-08-21,Surulere,Furniture,2,26000,0.1,card
2024-08-21,Surulere,Pots,1,3000,0.1,card
2024-08-21,Ajah,Pots,1,3000,0.05,transfer
2024-08-21,Maryland,Tools,6,8000,0.1,cash
2024-08-21,Maryland,Furniture,2,26000,0,transfer
2024-08-22,Ikeja,Tools,2,8000,0.05,transfer
2024-08-22,Lekki,Other,5,,0,card
2024-08-22,Lekki,Furniture,3,26000,0.1,card
2024-08-22,Lekki,Plants,3,4500,0,card
2024-08-22,Lekki,Other,0,3000,0,cash
2024-08-22,Lekki,Other,0,3000,0,cash
2024-08-22,Yaba,Plants,3,4500,0.05,transfer
2024-08-22,Yaba,Soil,3,2200,0,transfer
2024-08-22,Yaba,Other,5,1500,0,card
2024-08-22,Surulere,Furniture,2,26000,0.1,cash
2024-08-22,Ajah,Other,5,1500,0,transfer
2024-08-22,Maryland,Pots,2,3000,0.1,cash
2024-08-23,Ikeja,Plants,3,4500,0,card
2024-08-23,Ikeja,Furniture,5,26000,0.05,cash
2024-08-23,Lekki,Plants,5,4500,0.05,card
2024-08-23,Yaba,Pots,3,3000,0,card
2024-08-23,Surulere,Other,5,1500,0,transfer
2024-08-23,Surulere,Pots,1,3000,0,transfer
2024-08-23,Surulere,Plants,5,4500,0.05,transfer
2024-08-23,Ajah,Furniture,1,26000,0,transfer
2024-08-23,Ajah,Furniture,3,26000,0.05,cash
2024-08-23,Ajah,Tools,3,8000,0,transfer
2024-08-23,Maryland,Furniture,2,26000,0,cash
2024-08-23,Maryland,Furniture,2,26000,0,transfer
2024-08-24,Ikeja,Pots,3,3000,0.05,cash
2024-08-24,Ikeja,Plants,3,,0.1,card
2024-08-24,Lekki,Soil,4,2200,0,transfer
2024-08-24,Lekki,Furniture,2,26000,0.1,card
2024-08-24,Lekki,Other,4,1500,0.35,cash
2024-08-24,Lekki,Soil,0,8000,0,cash
2024-08-24,Lekki,Plants,0,8000,0,cash
2024-08-24,Lekki,Plants,0,8000,0,cash
2024-08-24,Yaba,Furniture,1,26000,0,cash
2024-08-24,Surulere,Tools,4,8000,0,cash
2024-08-24,Ajah,Soil,4,2200,0,cash
2024-08-24,Ajah,Soil,1,2200,0.1,card
2024-08-24,Maryland,Soil,1,2200,0,card
2024-08-24,Maryland,Soil,3,2200,0,cash
2024-08-24,Maryland,Furniture,2,26000,0,transfer
2024-08-25,Ikeja,Furniture,2,26000,0.05,transfer
2024-08-25,Ikeja,Furniture,5,26000,0,transfer
2024-08-25,Lekki,Tools,1,8000,0.1,transfer
2024-08-25,Lekki,Pots,6,3000,0,card
2024-08-25,Yaba,Plants,4,4500,0.1,transfer
2024-08-25,Surulere,Soil,3,2200,0,transfer
2024-08-25,Surulere,Furniture,2,26000,0,cash
2024-08-25,Surulere,Other,4,1500,0.1,card
2024-08-25,Ajah,Plants,1,4500,0.05,cash
2024-08-25,Ajah,Tools,2,8000,0,transfer
2024-08-25,Maryland,Plants,5,4500,0,card
2024-08-26,Ikeja,Soil,1,2200,0.05,card
2024-08-26,Lekki,Other,2,1500,0.05,transfer
2024-08-26,Yaba,Soil,5,2200,0,cash
2024-08-26,Yaba,Tools,4,8000,0.1,cash
2024-08-26,Yaba,Tools,4,8000,0.1,transfer
2024-08-26,Surulere,Plants,5,4500,0,cash
2024-08-26,Surulere,Plants,1,4500,0.1,transfer
2024-08-26,Surulere,Soil,6,2200,0,transfer
2024-08-26,Ajah,Soil,5,2200,0.1,cash
2024-08-26,Maryland,Tools,1,8000,0.05,card
2024-08-26,Maryland,Other,2,1500,0,transfer
2024-08-26,Maryland,Soil,6,2200,0,cash
2024-08-27,Ikeja,Soil,5,2200,0,card
2024-08-27,Lekki,Soil,6,2200,0,card
2024-08-27,Yaba,Furniture,3,26000,0,transfer
2024-08-27,Yaba,Furniture,2,26000,0,card
2024-08-27,Yaba,Soil,1,2200,0,transfer
2024-08-27,Surulere,Furniture,3,26000,0.05,cash
2024-08-27,Surulere,Soil,2,2200,0,cash
2024-08-27,Surulere,Pots,4,3000,0,card
2024-08-27,Ajah,Pots,2,3000,0.05,cash
2024-08-27,Ajah,Plants,1,4500,0.1,cash
2024-08-27,Maryland,Pots,2,3000,0,transfer
2024-08-27,Maryland,Other,4,1500,0.1,transfer
2024-08-27,Maryland,Plants,3,4500,0.1,card
2024-08-28,Ikeja,Pots,3,3000,0.05,transfer
2024-08-28,Ikeja,Other,3,1500,0.1,cash
2024-08-28,Ikeja,Other,2,1500,0.05,transfer
2024-08-28,Lekki,Other,5,1500,0,transfer
2024-08-28,Yaba,Plants,6,4500,0,card
2024-08-28,Yaba,Tools,4,8000,0,transfer
2024-08-28,Yaba,Soil,1,2200,0.05,cash
2024-08-28,Surulere,Soil,3,2200,0.05,cash
2024-08-28,Surulere,Furniture,1,26000,0,card
2024-08-28,Ajah,Other,5,1500,0.1,transfer
2024-08-28,Ajah,Soil,6,2200,0,transfer
2024-08-28,Ajah,Pots,3,3000,0,transfer
2024-08-28,Maryland,Other,6,1500,0,cash
2024-08-29,Ikeja,Tools,4,8000,0,cash
2024-08-29,Ikeja,Furniture,6,26000,0.05,transfer
2024-08-29,Ikeja,Plants,5,4500,0,transfer
2024-08-29,Lekki,Furniture,2,26000,0,card
2024-08-29,Yaba,Pots,5,3000,0,card
2024-08-29,Yaba,Tools,1,,0,card
2024-08-29,Surulere,Plants,2,4500,0,card
2024-08-29,Ajah,Furniture,3,26000,0,cash
2024-08-29,Ajah,Furniture,3,26000,0.05,transfer
2024-08-29,Ajah,Pots,3,3000,0,cash
2024-08-29,Maryland,Plants,1,4500,0,transfer
2024-08-30,Ikeja,Plants,5,,0,transfer
2024-08-30,Lekki,Plants,4,4500,0.2,cash
2024-08-30,Lekki,Furniture,0,4500,0,cash
2024-08-30,Lekki,Plants,0,4500,0,cash
2024-08-30,Yaba,Soil,6,2200,0.05,transfer
2024-08-30,Yaba,Soil,3,2200,0,transfer
2024-08-30,Surulere,Pots,2,3000,0,card
2024-08-30,Surulere,Soil,2,2200,0,cash
2024-08-30,Surulere,Other,2,1500,0,cash
2024-08-30,Ajah,Pots,5,3000,0.1,cash
2024-08-30,Ajah,Other,6,1500,0,cash
2024-08-30,Ajah,Plants,5,4500,0,card
2024-08-30,Maryland,Soil,4,2200,0,card
2024-08-30,Maryland,Soil,3,2200,0.05,cash
2024-08-30,Maryland,Tools,4,8000,0,cash
2024-08-31,Ikeja,Tools,3,8000,0,transfer
2024-08-31,Ikeja,Plants,5,4500,0,transfer
2024-08-31,Lekki,Furniture,2,26000,0,transfer
2024-08-31,Lekki,Furniture,3,26000,0,transfer
2024-08-31,Lekki,Plants,6,4500,0.1,transfer
2024-08-31,Yaba,Other,5,1500,0.05,transfer
2024-08-31,Surulere,Other,3,1500,0,transfer
2024-08-31,Ajah,Tools,5,8000,0,card
2024-08-31,Maryland,Soil,1,2200,0,transfer
2024-08-31,Maryland,Other,6,1500,0,transfer
2024-08-31,Maryland,Pots,2,3000,0.05,transfer
2024-09-01,Ikeja,Plants,5,4500,0.1,transfer
2024-09-01,Ikeja,Furniture,4,26000,0.1,card
2024-09-01,Lekki,Furniture,4,26000,0.35,cash
2024-09-01,Lekki,Pots,4,3000,0.1,card
2024-09-01,Yaba,Furniture,1,26000,0.1,cash
2024-09-01,Yaba,Plants,1,4500,0.1,cash
2024-09-01,Surulere,Plants,1,4500,0.05,cash
2024-09-01,Surulere,Pots,2,3000,0,transfer
2024-09-01,Surulere,Soil,1,2200,0,card
2024-09-01,Ajah,Pots,6,3000,0,cash
2024-09-01,Ajah,Other,3,1500,0,card
2024-09-01,Maryland,Plants,5,4500,0,card
2024-09-01,Maryland,Other,4,1500,0.05,cash
2024-09-02,Ikeja,Soil,2,2200,0,card
2024-09-02,Ikeja,Soil,6,2200,0.1,card
2024-09-02,Ikeja,Other,4,1500,0,transfer
2024-09-02,Lekki,Plants,6,4500,0,cash
2024-09-02,Lekki,Furniture,3,26000,0.05,transfer
2024-09-02,Lekki,Tools,0,4500,0,cash
2024-09-02,Lekki,Pots,0,4500,0,cash
2024-09-02,Yaba,Soil,4,2200,0.05,card
2024-09-02,Yaba,Tools,5,8000,0.1,transfer
2024-09-02,Surulere,Soil,1,2200,0,cash
2024-09-02,Surulere,Plants,2,4500,0,transfer
2024-09-02,Surulere,Soil,5,2200,0,cash
2024-09-02,Ajah,Pots,4,3000,0,transfer
2024-09-02,Ajah,Other,6,1500,0,card
2024-09-02,Ajah,Other,3,1500,0,cash
2024-09-02,Maryland,Plants,6,4500,0.05,cash
2024-09-02,Maryland,Other,5,,0,cash
2024-09-03,Ikeja,Other,2,,0,cash
2024-09-03,Ikeja,Soil,6,2200,0.05,card
2024-09-03,Ikeja,Other,5,1500,0,transfer
2024-09-03,Lekki,Soil,1,2200,0.2,cash
2024-09-03,Lekki,Soil,6,2200,0,transfer
2024-09-03,Yaba,Other,1,1500,0,transfer
2024-09-03,Yaba,Pots,4,3000,0.05,cash
2024-09-03,Yaba,Furniture,5,26000,0,card
2024-09-03,Surulere,Pots,2,3000,0.05,cash
2024-09-03,Surulere,Other,3,1500,0.1,transfer
2024-09-03,Surulere,Furniture,4,26000,0,card
2024-09-03,Ajah,Pots,4,3000,0,transfer
2024-09-03,Ajah,Soil,3,2200,0.1,cash
2024-09-03,Maryland,Other,5,1500,0.1,cash
2024-09-03,Maryland,Pots,3,3000,0,cash
2024-09-04,Ikeja,Plants,4,4500,0,transfer
2024-09-04,Ikeja,Tools,6,8000,0,transfer
2024-09-04,Lekki,Other,2,1500,0,card
2024-09-04,Yaba,Plants,5,4500,0,transfer
2024-09-04,Yaba,Soil,4,2200,0,transfer
2024-09-04,Surulere,Tools,2,8000,0,transfer
2024-09-04,Ajah,Soil,4,2200,0.1,card
2024-09-04,Ajah,Other,4,1500,0.05,transfer
2024-09-04,Ajah,Tools,3,8000,0.05,card
2024-09-04,Maryland,Soil,2,2200,0.1,card
2024-09-04,Maryland,Tools,4,8000,0,transfer
2024-09-05,Ikeja,Pots,5,3000,0,cash
2024-09-05,Ikeja,Soil,1,2200,0,card
2024-09-05,Lekki,Pots,1,3000,0,card
2024-09-05,Lekki,Plants,6,4500,0,card
2024-09-05,Lekki,Furniture,6,26000,0.05,card
2024-09-05,Yaba,Other,5,1500,0.1,transfer
2024-09-05,Yaba,Soil,4,2200,0.05,card
2024-09-05,Surulere,Pots,5,3000,0.05,transfer
2024-09-05,Ajah,Plants,5,4500,0,card
2024-09-05,Ajah,Furniture,5,26000,0,transfer
2024-09-05,Ajah,Tools,6,8000,0,card
2024-09-05,Maryland,Soil,4,2200,0.05,transfer
2024-09-05,Maryland,Tools,5,8000,0,cash
2024-09-05,Maryland,Furniture,3,26000,0.05,cash
2024-09-06,Ikeja,Tools,4,8000,0,cash
2024-09-06,Ikeja,Pots,1,3000,0.05,transfer
2024-09-06,Lekki,Other,5,1500,0,card
2024-09-06,Lekki,Soil,6,2200,0,card
2024-09-06,Lekki,Tools,3,8000,0,card
2024-09-06,Yaba,Other,5,1500,0,card
2024-09-06,Yaba,Pots,2,3000,0.1,card
2024-09-06,Surulere,Soil,1,2200,0,transfer
2024-09-06,Surulere,Plants,1,4500,0,transfer
2024-09-06,Ajah,Furniture,6,26000,0,card
2024-09-06,Ajah,Furniture,2,26000,0,card
2024-09-06,Ajah,Furniture,4,26000,0,cash
2024-09-06,Maryland,Pots,6,3000,0.1,cash
2024-09-06,Maryland,Soil,6,2200,0,transfer
2024-09-06,Maryland,Pots,1,3000,0.1,card
2024-09-07,Ikeja,Pots,6,3000,0,card
2024-09-07,Ikeja,Pots,6,3000,0,cash
2024-09-07,Lekki,Pots,3,3000,0,transfer
2024-09-07,Lekki,Plants,1,4500,0.05,transfer
2024-09-07,Yaba,Plants,5,4500,0,cash
2024-09-07,Surulere,Plants,4,4500,0.1,cash
2024-09-07,Ajah,Pots,6,3000,0.05,cash
2024-09-07,Ajah,Other,1,1500,0.05,cash
2024-09-07,Ajah,Other,0,1500,0,transfer
2024-09-07,Maryland,Plants,1,4500,0.1,cash
2024-09-07,Maryland,Pots,5,3000,0,transfer
2024-09-08,Ikeja,Other,3,1500,0,card
2024-09-08,Lekki,Tools,3,8000,0.1,card
2024-09-08,Lekki,Furniture,5,26000,0,cash
2024-09-08,Lekki,Other,4,1500,0,transfer
2024-09-08,Lekki,Plants,0,3000,0,cash
2024-09-08,Lekki,Other,0,4500,0,cash
2024-09-08,Lekki,Tools,0,8000,0,cash
2024-09-08,Yaba,Plants,3,4500,0,transfer
2024-09-08,Yaba,Tools,5,8000,0.1,cash
2024-09-08,Yaba,Other,5,1500,0,cash
2024-09-08,Surulere,Tools,0,8000,0,cash
2024-09-08,Ajah,Furniture,6,26000,0.1,transfer
2024-09-08,Maryland,Soil,3,2200,0.1,card
2024-09-08,Maryland,Tools,3,8000,0.05,card
2024-09-08,Maryland,Pots,5,3000,0.1,transfer
2024-09-09,Ikeja,Soil,6,2200,0.05,transfer
2024-09-09,Lekki,Other,5,1500,0.1,card
2024-09-09,Yaba,Soil,4,2200,0,transfer
2024-09-09,Yaba,Tools,4,8000,0,transfer
2024-09-09,Surulere,Furniture,4,26000,0.05,card
2024-09-09,Ajah,Other,2,1500,0,transfer
2024-09-09,Ajah,Soil,4,2200,0,card
2024-09-09,Maryland,Pots,0,3000,0.05,transfer
2024-09-09,Maryland,Tools,3,8000,0.05,cash
2024-09-10,Ikeja,Furniture,1,26000,0,cash
2024-09-10,Lekki,Soil,2,2200,0.05,transfer
2024-09-10,Lekki,Pots,6,3000,0.05,transfer
2024-09-10,Lekki,Plants,3,4500,0,transfer
2024-09-10,Yaba,Plants,1,4500,0.05,card
2024-09-10,Yaba,Plants,3,4500,0,card
2024-09-10,Surulere,Soil,6,2200,0,transfer
2024-09-10,Surulere,Other,4,1500,0.05,card
2024-09-10,Ajah,Furniture,5,26000,0.05,transfer
2024-09-10,Ajah,Pots,6,3000,0.1,card
2024-09-10,Maryland,Tools,1,8000,0,transfer
2024-09-10,Maryland,Soil,3,2200,0,card
2024-09-10,Maryland,Furniture,1,26000,0.1,cash
2024-09-11,Ikeja,Furniture,4,26000,0,card
2024-09-11,Ikeja,Other,1,,0,transfer
2024-09-11,Lekki,Tools,6,8000,0,transfer
2024-09-11,Lekki,Furniture,3,26000,0.1,transfer
2024-09-11,Yaba,Tools,5,8000,0.05,transfer
2024-09-11,Surulere,Other,4,1500,0.1,transfer
2024-09-11,Ajah,Furniture,2,26000,0.05,transfer
2024-09-11,Maryland,Tools,3,8000,0,cash
2024-09-12,Ikeja,Other,3,1500,0,cash
2024-09-12,Ikeja,Tools,6,8000,0,cash
2024-09-12,Ikeja,Other,1,1500,0.05,transfer
2024-09-12,Lekki,Soil,1,2200,0.05,card
2024-09-12,Lekki,Plants,0,8000,0,cash
2024-09-12,Lekki,Pots,0,3000,0,cash
2024-09-12,Yaba,Furniture,5,26000,0,transfer
2024-09-12,Yaba,Tools,2,8000,0.1,card
2024-09-12,Yaba,Soil,3,2200,0,cash
2024-09-12,Surulere,Soil,6,2200,0,transfer
2024-09-12,Surulere,Furniture,2,26000,0.05,cash
2024-09-12,Ajah,Soil,1,2200,0,transfer
2024-09-12,Maryland,Furniture,2,26000,0.05,card
2024-09-12,Maryland,Other,1,1500,0,transfer
2024-09-13,Ikeja,Other,2,1500,0,cash
2024-09-13,Ikeja,Furniture,4,26000,0,transfer
2024-09-13,Lekki,Other,5,1500,0,transfer
2024-09-13,Yaba,Tools,5,8000,0.1,transfer
2024-09-13,Surulere,Other,6,1500,0,transfer
2024-09-13,Surulere,Pots,5,3000,0.05,card
2024-09-13,Ajah,Soil,2,2200,0,cash
2024-09-13,Ajah,Tools,2,8000,0,card
2024-09-13,Ajah,Plants,6,4500,0,card
2024-09-13,Maryland,Plants,3,4500,0,cash
2024-09-14,Ikeja,Other,6,1500,0,card
2024-09-14,Lekki,Tools,6,8000,0.35,cash
2024-09-14,Lekki,Soil,2,2200,0.1,transfer
2024-09-14,Yaba,Tools,6,8000,0,card
2024-09-14,Yaba,Soil,6,2200,0,card
2024-09-14,Surulere,Soil,5,2200,0,transfer
2024-09-14,Surulere,Soil,1,2200,0.05,cash
2024-09-14,Ajah,Tools,4,8000,0.1,cash
2024-09-14,Maryland,Plants,3,4500,0,cash
2024-09-14,Maryland,Furniture,6,26000,0,card
2024-09-15,Ikeja,Tools,1,8000,0,card
2024-09-15,Ikeja,Tools,6,8000,0,transfer
2024-09-15,Ikeja,Pots,5,3000,0,transfer
2024-09-15,Lekki,Soil,6,2200,0.35,cash
2024-09-15,Yaba,Tools,4,8000,0,card
2024-09-15,Surulere,Plants,6,4500,0,card
2024-09-15,Ajah,Plants,2,4500,0,transfer
2024-09-15,Maryland,Plants,3,4500,0.1,cash
2024-09-15,Maryland,Tools,1,8000,0.05,card
2024-09-15,Maryland,Soil,6,2200,0.1,transfer
2024-09-16,Ikeja,Tools,5,8000,0,cash
2024-09-16,Ikeja,Other,5,1500,0,cash
2024-09-16,Lekki,Furniture,4,26000,0.05,transfer
2024-09-16,Lekki,Plants,0,4500,0,cash
2024-09-16,Lekki,Soil,0,4500,0,cash
2024-09-16,Yaba,Other,2,,0.1,card
2024-09-16,Yaba,Furniture,4,26000,0,transfer
2024-09-16,Yaba,Other,5,1500,0,cash
2024-09-16,Surelere,Other,2,1500,0,transfer
2024-09-16,Surulere,Pots,4,3000,0,card
2024-09-16,Ajah,Pots,4,3000,0,transfer
2024-09-16,Maryland,Soil,1,2200,0,card
2024-09-17,Ikeja,Tools,3,8000,0.05,transfer
2024-09-17,Ikeja,Tools,4,8000,0,transfer
2024-09-17,Lekki,Soil,6,2200,0,card
2024-09-17,Yaba,Furniture,4,26000,0,card
2024-09-17,Yaba,Pots,1,3000,0,transfer
2024-09-17,Yaba,Furniture,1,26000,0,card
2024-09-17,Surulere,Soil,4,2200,0.05,card
2024-09-17,Ajah,Other,1,1500,0,card
2024-09-17,Maryland,Other,6,1500,0,transfer
2024-09-17,Maryland,Plants,2,4500,0,card
2024-09-17,Maryland,Other,3,1500,0,card
2024-09-18,Ikeja,Soil,5,2200,0,card
2024-09-18,Ikeja,Plants,3,4500,0,card
2024-09-18,Ikeja,Plants,6,4500,0,card
2024-09-18,Lekki,Plants,2,,0,card
2024-09-18,Lekki,Tools,0,8000,0,cash
2024-09-18,Lekki,Pots,0,8000,0,cash
2024-09-18,Yaba,Soil,3,2200,0,transfer
2024-09-18,Yaba,Other,2,1500,0,card
2024-09-18,Yaba,Soil,1,2200,0,cash
2024-09-18,Surulere,Soil,1,2200,0,card
2024-09-18,Surulere,Tools,3,8000,0.1,card
2024-09-18,Surulere,Plants,3,4500,0.1,cash
2024-09-18,Ajah,Plants,5,4500,0,cash
2024-09-18,Ajah,Tools,5,8000,0,card
2024-09-18,Ajah,Plants,5,4500,0.1,card
2024-09-18,Maryland,Pots,1,3000,0,transfer
2024-09-19,Ikeja,Pots,1,3000,0.1,cash
2024-09-19,Ikeja,Pots,2,3000,0.1,card
2024-09-19,Ikeja,Pots,2,3000,0,card
2024-09-19,Lekki,Furniture,4,26000,0,card
2024-09-19,Lekki,Plants,1,4500,0,card
2024-09-19,Lekki,Soil,2,2200,0,card
2024-09-19,Yaba,Soil,5,2200,0,card
2024-09-19,Yaba,Furniture,2,26000,0,cash
2024-09-19,Surulere,Furniture,3,26000,0,card
2024-09-19,Surulere,Tools,5,8000,0,cash
2024-09-19,Surulere,Pots,1,3000,0.1,cash
2024-09-19,Ajah,Soil,4,2200,0.1,cash
2024-09-19,Ajah,Other,4,1500,0,card
2024-09-19,Ajah,Pots,6,3000,0.1,cash
2024-09-19,Maryland,Pots,4,3000,0,cash
2024-09-19,Maryland,Furniture,2,26000,0.05,card
2024-09-19,Maryland,Soil,1,2200,0,transfer
2024-09-20,Ikeja,Pots,1,3000,0,card
2024-09-20,Ikeja,Tools,2,8000,0.05,card
2024-09-20,Lekki,Plants,1,4500,0.1,card
2024-09-20,Lekki,Plants,2,4500,0,transfer
2024-09-20,Lekki,Pots,1,3000,0.1,card
2024-09-20,Yaba,Pots,4,3000,0,card
2024-09-20,Surulere,Soil,6,2200,0.05,card
2024-09-20,Surulere,Other,3,1500,0,cash
2024-09-20,Surulere,Other,5,1500,0,cash
2024-09-20,Ajah,Plants,1,4500,0,transfer
2024-09-20,Ajah,Pots,4,3000,0,cash
2024-09-20,Maryland,Plants,4,4500,0.05,transfer
2024-09-20,Maryland,Pots,5,3000,0,card
2024-09-21,Ikeja,Soil,2,2200,0,transfer
2024-09-21,Ikeja,Other,6,1500,0,card
2024-09-21,Leki,Pots,6,3000,0.1,cash
2024-09-21,Yaba,Soil,4,2200,0,card
2024-09-21,Yaba,Other,5,1500,0,transfer
2024-09-21,Surulere,Pots,2,3000,0.1,card
2024-09-21,Surulere,Furniture,6,26000,0,cash
2024-09-21,Surulere,Furniture,5,26000,0,card
2024-09-21,Ajah,Furniture,0,26000,0,card
2024-09-21,Ajah,Soil,5,2200,0.05,card
2024-09-21,Maryland,Other,3,1500,0,cash
2024-09-21,Maryland,Plants,2,4500,0,cash
2024-09-21,Maryland,Other,1,1500,0.1,card
2024-09-22,Ikeja,Other,6,1500,0.05,card
2024-09-22,Ikeja,Pots,5,3000,0,cash
2024-09-22,Lekki,Pots,1,3000,0.35,cash
2024-09-22,Lekki,Soil,5,2200,0.1,card
2024-09-22,Lekki,Soil,0,8000,0,cash
2024-09-22,Lekki,Soil,0,3000,0,cash
2024-09-22,Yaba,Furniture,3,26000,0.05,card
2024-09-22,Yaba,Furniture,1,26000,0,card
2024-09-22,Yaba,Furniture,1,26000,0.1,transfer
2024-09-22,Surulere,Tools,4,8000,0,cash
2024-09-22,Surulere,Pots,6,3000,0,cash
2024-09-22,Surulere,Tools,6,8000,0.1,card
2024-09-22,Ajah,Tools,2,8000,0.05,card
2024-09-22,Ajah,Furniture,5,26000,0.05,cash
2024-09-22,Ajah,Tools,4,8000,0.1,card
2024-09-22,Maryland,Soil,3,2200,0,card
2024-09-23,Ikeja,Pots,2,3000,0.1,cash
2024-09-23,Ikeja,Plants,4,4500,0,card
2024-09-23,Ikeja,Tools,2,8000,0.1,cash
2024-09-23,Lekki,Pots,1,3000,0.05,transfer
2024-09-23,Lekki,Plants,6,4500,0,transfer
2024-09-23,Yaba,Tools,1,8000,0,card
2024-09-23,Surulere,Tools,4,8000,0,transfer
2024-09-23,Surulere,Tools,2,8000,0.1,cash
2024-09-23,Surulere,Other,3,1500,0,card
2024-09-23,Ajah,Pots,1,3000,0,cash
2024-09-23,Ajah,Pots,2,3000,0,card
2024-09-23,Maryland,Soil,1,2200,0,card
2024-09-23,Maryland,Plants,4,4500,0,transfer
2024-09-23,Maryland,Furniture,6,26000,0,transfer
2024-09-24,Ikeja,Plants,5,4500,0,cash
2024-09-24,Lekki,Plants,2,4500,0.35,cash
2024-09-24,Lekki,Other,3,1500,0.1,transfer
2024-09-24,Lekki,Plants,3,4500,0.05,transfer
2024-09-24,Yaba,Pots,3,,0,card
2024-09-24,Yaba,Other,2,1500,0,cash
2024-09-24,Surelere,Furniture,2,26000,0,card
2024-09-24,Ajah,Soil,2,2200,0,card
2024-09-24,Ajah,Soil,1,2200,0,card
2024-09-24,Maryland,Other,2,1500,0.05,cash
2024-09-24,Maryland,Furniture,3,26000,0,cash
2024-09-24,Maryland,Tools,4,8000,0,transfer
2024-09-25,Ikeja,Furniture,1,26000,0,cash
2024-09-25,Ikeja,Plants,4,4500,0.05,card
2024-09-25,Lekki,Pots,1,3000,0,cash
2024-09-25,Yaba,Tools,5,8000,0,transfer
2024-09-25,Yaba,Soil,4,2200,0,cash
2024-09-25,Surulere,Soil,4,2200,0.1,cash
2024-09-25,Surulere,Pots,4,3000,0.05,cash
2024-09-25,Surulere,Other,5,1500,0.1,cash
2024-09-25,Ajah,Plants,3,4500,0.05,cash
2024-09-25,Ajah,Furniture,2,26000,0.05,cash
2024-09-25,Maryland,Tools,2,8000,0.05,card
2024-09-26,Ikeja,Plants,2,4500,0,transfer
2024-09-26,Ikeja,Tools,2,8000,0,card
2024-09-26,Ikeja,Tools,6,8000,0,cash
2024-09-26,Lekki,Tools,3,8000,0,card
2024-09-26,Lekki,Other,5,1500,0.05,card
2024-09-26,Yaba,Furniture,5,26000,0,transfer
2024-09-26,Yaba,Soil,1,2200,0.1,transfer
2024-09-26,Surulere,Soil,2,2200,0.05,transfer
2024-09-26,Surulere,Tools,2,8000,0.05,card
2024-09-26,Ajah,Furniture,3,26000,0,cash
2024-09-26,Ajah,Pots,6,,0,transfer
2024-09-26,Ajah,Other,6,1500,0,card
2024-09-26,Maryland,Pots,6,3000,0,cash
2024-09-26,Maryland,Soil,2,2200,0.1,card
2024-09-26,Maryland,Soil,2,2200,0.1,cash
2024-09-27,Ikeja,Tools,3,8000,0,transfer
2024-09-27,Lekki,Plants,3,4500,0.1,card
2024-09-27,Lekki,Soil,3,2200,0,cash
2024-09-27,Yaba,Tools,4,8000,0.05,transfer
2024-09-27,Yaba,Pots,5,3000,0,card
2024-09-27,Yaba,Furniture,5,26000,0.05,card
2024-09-27,Surulere,Other,2,1500,0,card
2024-09-27,Ajah,Other,2,1500,0,transfer
2024-09-27,Maryland,Tools,2,8000,0.1,card
2024-09-27,Maryland,Soil,1,2200,0.1,card
2024-09-27,Maryland,Furniture,5,26000,0,cash
2024-09-28,Ikeja,Other,3,1500,0.1,card
2024-09-28,Ikeja,Plants,3,4500,0,transfer
2024-09-28,Ikeja,Furniture,4,26000,0,card
2024-09-28,Lekki,Other,4,1500,0.1,transfer
2024-09-28,Lekki,Tools,5,8000,0,transfer
2024-09-28,Lekki,Plants,5,4500,0.1,card
2024-09-28,Yaba,Other,5,1500,0.05,transfer
2024-09-28,Surulere,Other,1,1500,0.05,card
2024-09-28,Surulere,Furniture,2,26000,0,cash
2024-09-28,Ajah,Plants,6,4500,0,card
2024-09-28,Maryland,Other,1,1500,0.05,transfer
2024-09-28,Maryland,Plants,2,4500,0,transfer
2024-09-29,Ikeja,Furniture,6,26000,0,cash
2024-09-29,Ikeja,Other,6,1500,0,transfer
2024-09-29,Ikeja,Other,1,1500,0,transfer
2024-09-29,Lekki,Plants,6,4500,0,transfer
2024-09-29,Lekki,Pots,6,3000,0,transfer
2024-09-29,Yaba,Other,3,1500,0,transfer
2024-09-29,Yaba,Other,5,1500,0,cash
2024-09-29,Surulere,Plants,5,4500,0,transfer
2024-09-29,Surulere,Tools,5,8000,0,card
2024-09-29,Ajah,Other,6,1500,0.1,cash
2024-09-29,Maryland,Furniture,1,26000,0.05,transfer
2024-09-30,Ikeja,Furniture,4,26000,0,card
2024-09-30,Ikeja,Tools,6,8000,0,card
2024-09-30,Ikeja,Soil,4,2200,0,cash
2024-09-30,Lekki,Plants,5,4500,0,transfer
2024-09-30,Lekki,Furniture,1,26000,0.05,cash
2024-09-30,Lekki,Pots,4,3000,0,card
2024-09-30,Yaba,Pots,6,3000,0,transfer
2024-09-30,Yaba,Plants,6,4500,0,cash
2024-09-30,Yaba,Tools,5,8000,0,transfer
2024-09-30,Surulere,Furniture,6,26000,0,card
2024-09-30,Surulere,Tools,2,8000,0.05,transfer
2024-09-30,Ajah,Soil,4,2200,0,transfer
2024-09-30,Maryland,Furniture,2,26000,0.1,cash
2024-09-30,Maryland,Other,5,1500,0,transfer
2024-09-30,Maryland,Other,6,1500,0.05,transfer
2024-10-01,Ikeja,Pots,1,3000,0.1,transfer
2024-10-01,Ikeja,Soil,2,2200,0.1,transfer
2024-10-01,Ikeja,Furniture,1,26000,0.1,transfer
2024-10-01,Lekki,Furniture,1,26000,0.25,cash
2024-10-01,Yaba,Soil,2,2200,0,card
2024-10-01,Surulere,Other,2,1500,0.1,cash
2024-10-01,Ajah,Tools,6,8000,0,cash
2024-10-01,Ajah,Pots,1,3000,0,transfer
2024-10-01,Maryland,Other,1,1500,0,card
2024-10-01,Maryland,Other,2,1500,0.05,cash
2024-10-01,Maryland,Furniture,2,26000,0.05,transfer
2024-10-02,Ikeja,Soil,1,2200,0.05,cash
2024-10-02,Lekki,Pots,3,3000,0.1,cash
2024-10-02,Lekki,Plants,6,4500,0,card
2024-10-02,Lekki,Tools,1,8000,0,card
2024-10-02,Lekki,Soil,0,4500,0,cash
2024-10-02,Yaba,Other,2,1500,0,card
2024-10-02,Yaba,Pots,3,3000,0.05,card
2024-10-02,Surulere,Other,2,1500,0.05,cash
2024-10-02,Surulere,Tools,4,8000,0,transfer
2024-10-02,Surulere,Tools,4,8000,0,transfer
2024-10-02,Ajah,Other,6,1500,0,cash
2024-10-02,Maryland,Pots,1,3000,0,transfer
2024-10-02,Maryland,Pots,2,3000,0,card
2024-10-03,Ikeja,Pots,5,3000,0.1,card
2024-10-03,Ikeja,Soil,1,2200,0.1,card
2024-10-03,Lekki,Pots,6,3000,0.1,card
2024-10-03,Lekki,Plants,4,4500,0.1,cash
2024-10-03,Yaba,Other,4,1500,0.05,card
2024-10-03,Surulere,Tools,6,8000,0,card
2024-10-03,Ajah,Other,4,1500,0,cash
2024-10-03,Ajah,Other,5,1500,0,card
2024-10-03,Maryland,Other,4,1500,0,card
2024-10-03,Maryland,Tools,1,8000,0.1,card
2024-10-03,Maryland,Furniture,1,26000,0.05,transfer
2024-10-04,Ikeja,Other,6,1500,0,transfer
2024-10-04,Lekki,Plants,2,4500,0.05,card
2024-10-04,Lekki,Plants,2,4500,0.25,cash
2024-10-04,Lekki,Soil,6,2200,0.1,transfer
2024-10-04,Yaba,Pots,1,3000,0,cash
2024-10-04,Surulere,Furniture,1,26000,0,cash
2024-10-04,Surulere,Furniture,6,26000,0,transfer
2024-10-04,Surulere,Pots,3,3000,0,cash
2024-10-04,Ajah,Furniture,3,26000,0.1,card
2024-10-04,Ajah,Plants,5,4500,0,cash
2024-10-04,Ajah,Pots,5,3000,0,transfer
2024-10-04,Maryland,Soil,5,2200,0.05,transfer
2024-10-04,Maryland,Furniture,4,26000,0,card
2024-10-04,Maryland,Plants,1,4500,0,transfer
2024-10-05,Ikeja,Furniture,1,26000,0.05,cash
2024-10-05,Ikeja,Plants,2,4500,0,cash
2024-10-05,Lekki,Soil,3,2200,0,card
2024-10-05,Lekki,Tools,1,8000,0.2,cash
2024-10-05,Lekki,Other,1,1500,0.35,cash
2024-10-05,Lekki,Other,0,8000,0,cash
2024-10-05,Lekki,Pots,0,3000,0,cash
2024-10-05,Yaba,Pots,4,3000,0,transfer
2024-10-05,Yaba,Plants,1,,0,transfer
2024-10-05,Yaba,Furniture,5,26000,0,card
2024-10-05,Surulere,Pots,1,3000,0.1,cash
2024-10-05,Surulere,Soil,5,2200,0.1,cash
2024-10-05,Ajah,Furniture,4,26000,0,transfer
2024-10-05,Maryland,Tools,5,8000,0.05,cash
2024-10-06,Ikeja,Plants,5,4500,0,transfer
2024-10-06,Lekki,Other,5,1500,0,transfer
2024-10-06,Yaba,Other,2,1500,0,card
2024-10-06,Yaba,Other,1,1500,0,cash
2024-10-06,Surulere,Pots,5,3000,0,transfer
2024-10-06,Ajah,Pots,2,3000,0,transfer
2024-10-06,Maryland,Soil,4,2200,0,transfer
2024-10-06,Maryland,Tools,2,8000,0,card
2024-10-06,Marylnd,Tools,6,8000,0.05,card
2024-10-07,Ikeja,Tools,1,8000,0,card
2024-10-07,Ikeja,Plants,1,4500,0,transfer
2024-10-07,Ikeja,Soil,4,2200,0.05,cash
2024-10-07,Lekki,Plants,5,4500,0.3,cash
2024-10-07,Yaba,Other,3,,0,transfer
2024-10-07,Yaba,Plants,1,4500,0.1,transfer
2024-10-07,Yaba,Other,3,1500,0.1,cash
2024-10-07,Surulere,Furniture,6,26000,0,cash
2024-10-07,Surulere,Furniture,6,26000,0.1,cash
2024-10-07,Surulere,Furniture,1,26000,0.1,card
2024-10-07,Ajah,Other,6,1500,0,card
2024-10-07,Maryland,Furniture,1,26000,0.1,transfer
2024-10-08,Ikeja,Furniture,4,26000,0,card
2024-10-08,Ikeja,Plants,1,4500,0.05,cash
2024-10-08,Ikeja,Tools,3,8000,0,card
2024-10-08,Lekki,Soil,4,2200,0,transfer
2024-10-08,Yaba,Furniture,4,26000,0.05,card
2024-10-08,Surulere,Furniture,4,26000,0,transfer
2024-10-08,Surulere,Pots,6,3000,0,transfer
2024-10-08,Ajah,Soil,4,2200,0,card
2024-10-08,Ajah,Furniture,2,26000,0.05,cash
2024-10-08,Ajah,Furniture,5,26000,0,cash
2024-10-08,Maryland,Plants,1,4500,0,transfer
2024-10-09,Ikeja,Plants,4,4500,0.1,transfer
2024-10-09,Ikeja,Soil,5,2200,0,card
2024-10-09,Leki,Other,5,1500,0.05,card
2024-10-09,Yaba,Tools,2,8000,0.1,card
2024-10-09,Yaba,Other,1,1500,0.1,card
2024-10-09,Surulere,Tools,2,8000,0,card
2024-10-09,Ajah,Plants,5,4500,0.05,card
2024-10-09,Maryland,Soil,6,2200,0.05,card
2024-10-10,Ikeja,Furniture,4,,0.1,cash
2024-10-10,Ikeja,Pots,1,3000,0.05,cash
2024-10-10,Ikeja,Other,1,1500,0.05,transfer
2024-10-10,Lekki,Plants,5,4500,0.3,cash
2024-10-10,Lekki,Plants,6,4500,0.05,card
2024-10-10,Yaba,Soil,4,2200,0.05,card
2024-10-10,Surulere,Furniture,6,26000,0.05,card
2024-10-10,Ajah,Pots,5,3000,0,transfer
2024-10-10,Ajah,Furniture,2,26000,0,transfer
2024-10-10,Maryland,Furniture,2,26000,0.05,card
2024-10-10,Maryland,Furniture,2,26000,0.1,transfer
2024-10-10,Maryland,Pots,5,3000,0,transfer
2024-10-11,Ikeja,Pots,2,3000,0,transfer
2024-10-11,Ikeja,Soil,4,2200,0,card
2024-10-11,Lekki,Furniture,5,26000,0.1,transfer
2024-10-11,Lekki,Soil,4,2200,0.1,transfer
2024-10-11,Yaba,Furniture,5,26000,0,transfer
2024-10-11,Yaba,Other,6,1500,0,transfer
2024-10-11,Surulere,Other,3,1500,0,cash
2024-10-11,Surulere,Pots,2,3000,0.1,card
2024-10-11,Ajah,Pots,2,3000,0,transfer
2024-10-11,Maryland,Furniture,2,,0.05,transfer
2024-10-11,Maryland,Pots,5,3000,0.1,cash
2024-10-11,Maryland,Other,5,1500,0.1,cash
2024-10-12,Ikeja,Plants,1,4500,0,cash
2024-10-12,Ikeja,Tools,2,8000,0.05,transfer
2024-10-12,Ikeja,Plants,3,4500,0,card
2024-10-12,Lekki,Tools,6,8000,0.05,card
2024-10-12,Yaba,Furniture,2,26000,0.05,card
2024-10-12,Surulere,Plants,3,4500,0,transfer
2024-10-12,Surulere,Pots,5,3000,0,transfer
2024-10-12,Surulere,Soil,2,2200,0,card
2024-10-12,Ajah,Plants,1,4500,0,cash
2024-10-12,Ajah,Pots,3,3000,0.1,card
2024-10-12,Maryland,Tools,3,8000,0,card
2024-10-12,Maryland,Tools,1,8000,0,transfer
2024-10-12,Maryland,Tools,5,8000,0,transfer
2024-10-13,Ikeja,Plants,1,4500,0,cash
2024-10-13,Ikeja,Pots,3,3000,0,cash
2024-10-13,Lekki,Soil,1,2200,0,transfer
2024-10-13,Lekki,Plants,4,4500,0,cash
2024-10-13,Yaba,Soil,5,2200,0,card
2024-10-13,Yaba,Plants,5,4500,0,card
2024-10-13,Surulere,Pots,3,3000,0,transfer
2024-10-13,Surulere,Furniture,6,26000,0.05,card
2024-10-13,Ajah,Plants,3,4500,0.1,card
2024-10-13,Ajah,Pots,4,3000,0,transfer
2024-10-13,Ajah,Plants,2,4500,0.1,cash
2024-10-13,Maryland,Pots,1,3000,0,transfer
2024-10-14,Ikeja,Other,1,,0.05,card
2024-10-14,Ikeja,Other,1,1500,0,cash
2024-10-14,Ikeja,Tools,2,8000,0,transfer
2024-10-14,Lekki,Pots,3,3000,0.2,cash
2024-10-14,Lekki,Pots,5,3000,0.05,card
2024-10-14,Lekki,Tools,6,8000,0.2,cash
2024-10-14,Yaba,Plants,5,4500,0.05,transfer
2024-10-14,Yaba,Furniture,2,26000,0,card
2024-10-14,Surulere,Furniture,2,26000,0,transfer
2024-10-14,Surulere,Soil,5,2200,0,card
2024-10-14,Surulere,Plants,2,4500,0.05,transfer
2024-10-14,Ajah,Soil,2,2200,0,cash
2024-10-14,Ajah,Plants,3,4500,0.05,transfer
2024-10-14,Ajah,Pots,5,3000,0.1,cash
2024-10-14,Maryland,Soil,2,2200,0.1,transfer
2024-10-14,Maryland,Pots,3,3000,0,card
2024-10-14,Maryland,Furniture,5,26000,0.1,cash
2024-10-15,Ikeja,Furniture,1,26000,0,transfer
2024-10-15,Lekki,Furniture,2,26000,0.05,transfer
2024-10-15,Lekki,Plants,1,4500,0.2,cash
2024-10-15,Yaba,Tools,4,8000,0,cash
2024-10-15,Yaba,Plants,2,4500,0.05,card
2024-10-15,Yaba,Pots,4,3000,0.1,card
2024-10-15,Surulere,Soil,3,2200,0,card
2024-10-15,Ajah,Other,5,1500,0.1,transfer
2024-10-15,Maryland,Other,3,1500,0,card
2024-10-15,Maryland,Plants,4,4500,0,card
2024-10-16,Ikeja,Tools,2,8000,0,card
2024-10-16,Lekki,Furniture,3,26000,0,cash
2024-10-16,Lekki,Plants,5,4500,0,card
2024-10-16,Lekki,Tools,1,8000,0,card
2024-10-16,Lekki,Soil,0,3000,0,cash
2024-10-16,Lekki,Plants,0,3000,0,cash
2024-10-16,Yaba,Tools,5,8000,0.1,card
2024-10-16,Surulere,Tools,2,8000,0,card
2024-10-16,Surulere,Tools,0,8000,0,transfer
2024-10-16,Surulere,Soil,2,2200,0.05,cash
2024-10-16,Ajah,Pots,1,3000,0.05,transfer
2024-10-16,Maryland,Plants,1,4500,0,cash
2024-10-16,Maryland,Pots,4,3000,0,cash
2024-10-16,Maryland,Plants,6,4500,0.1,cash
2024-10-17,Ikeja,Pots,5,3000,0,cash
2024-10-17,Ikeja,Furniture,5,26000,0,transfer
2024-10-17,Lekki,Tools,2,8000,0,transfer
2024-10-17,Yaba,Soil,4,2200,0,card
2024-10-17,Surulere,Tools,4,8000,0.1,transfer
2024-10-17,Surulere,Other,5,1500,0.05,card
2024-10-17,Surulere,Plants,3,4500,0,card
2024-10-17,Ajah,Pots,1,3000,0.05,card
2024-10-17,Maryland,Other,1,1500,0,transfer
2024-10-17,Maryland,Other,5,1500,0.05,card
2024-10-18,Ikeja,Soil,6,2200,0.1,transfer
2024-10-18,Ikeja,Plants,4,4500,0,card
2024-10-18,Ikeja,Furniture,3,26000,0,transfer
2024-10-18,Lekki,Furniture,3,26000,0,transfer
2024-10-18,Lekki,Pots,5,3000,0.05,transfer
2024-10-18,Lekki,Pots,5,3000,0,card
2024-10-18,Lekki,Plants,0,4500,0,cash
2024-10-18,Lekki,Plants,0,8000,0,cash
2024-10-18,Lekki,Soil,0,8000,0,cash
2024-10-18,Yaba,Soil,3,2200,0,cash
2024-10-18,Yaba,Other,6,1500,0,cash
2024-10-18,Surulere,Tools,3,8000,0,cash
2024-10-18,Ajah,Other,6,1500,0.05,card
2024-10-18,Ajah,Plants,6,4500,0.05,cash
2024-10-18,Maryland,Soil,4,2200,0,cash
2024-10-19,Ikeja,Pots,2,3000,0.05,cash
2024-10-19,Lekki,Furniture,4,26000,0,transfer
2024-10-19,Lekki,Soil,5,2200,0.25,cash
2024-10-19,Yaba,Other,6,1500,0.1,transfer
2024-10-19,Yaba,Plants,5,4500,0,card
2024-10-19,Yaba,Tools,4,8000,0.05,card
2024-10-19,Surulere,Plants,6,4500,0,cash
2024-10-19,Surulere,Furniture,3,26000,0.1,card
2024-10-19,Ajah,Plants,3,4500,0.05,cash
2024-10-19,Ajah,Soil,1,2200,0,card
2024-10-19,Ajah,Soil,2,2200,0,cash
2024-10-19,Maryland,Plants,5,4500,0,cash
2024-10-19,Maryland,Pots,6,3000,0.05,cash
2024-10-20,Ikeja,Other,5,1500,0,card
2024-10-20,Ikeja,Furniture,4,26000,0,card
2024-10-20,Ikeja,Plants,1,4500,0.1,cash
2024-10-20,Lekki,Tools,4,8000,0.05,cash
2024-10-20,Yaba,Soil,6,2200,0,card
2024-10-20,Yaba,Soil,6,2200,0.05,card
2024-10-20,Surulere,Pots,2,3000,0,transfer
2024-10-20,Surulere,Soil,3,2200,0.1,transfer
2024-10-20,Surulere,Furniture,3,,0,transfer
2024-10-20,Ajah,Soil,5,2200,0,cash
2024-10-20,Ajah,Furniture,3,26000,0,card
2024-10-20,Ajah,Furniture,3,26000,0,card
2024-10-20,Maryland,Pots,6,3000,0.05,cash
2024-10-21,Ikeja,Tools,6,8000,0.05,cash
2024-10-21,Ikeja,Furniture,3,26000,0,cash
2024-10-21,Ikeja,Plants,6,4500,0,transfer
2024-10-21,Lekki,Other,5,1500,0,card
2024-10-21,Lekki,Plants,1,4500,0,cash
2024-10-21,Lekki,Furniture,0,3000,0,cash
2024-10-21,Lekki,Tools,0,3000,0,cash
2024-10-21,Yaba,Plants,4,4500,0,cash
2024-10-21,Yaba,Pots,4,3000,0,transfer
2024-10-21,Yaba,Furniture,3,26000,0.1,card
2024-10-21,Surulere,Tools,3,8000,0,cash
2024-10-21,Surulere,Plants,4,4500,0,transfer
2024-10-21,Ajah,Plants,5,4500,0,cash
2024-10-21,Ajah,Pots,6,3000,0.1,cash
2024-10-21,Maryland,Soil,1,2200,0.05,transfer
2024-10-21,Maryland,Soil,5,,0,card
2024-10-21,Maryland,Plants,1,4500,0,cash
2024-10-22,Ikeja,Furniture,4,26000,0,card
2024-10-22,Ikeja,Pots,1,3000,0,card
2024-10-22,Lekki,Soil,5,2200,0.35,cash
2024-10-22,Lekki,Soil,6,2200,0,transfer
2024-10-22,Yaba,Plants,5,4500,0.1,cash
2024-10-22,Yaba,Other,4,1500,0.1,transfer
2024-10-22,Surulere,Soil,1,2200,0.05,cash
2024-10-22,Surulere,Furniture,4,26000,0,card
2024-10-22,Surulere,Other,6,1500,0,card
2024-10-22,Ajah,Tools,4,8000,0,card
2024-10-22,Ajah,Soil,4,2200,0,card
2024-10-22,Maryland,Pots,4,3000,0,cash
2024-10-23,Ikeja,Plants,2,,0,transfer
2024-10-23,Ikeja,Other,2,1500,0,card
2024-10-23,Ikeja,Furniture,6,26000,0,cash
2024-10-23,Lekki,Soil,3,2200,0,transfer
2024-10-23,Lekki,Furniture,6,26000,0,cash
2024-10-23,Lekki,Plants,0,4500,0,cash
2024-10-23,Lekki,Soil,0,3000,0,cash
2024-10-23,Lekki,Pots,0,4500,0,cash
2024-10-23,Yaba,Tools,1,8000,0.05,transfer
2024-10-23,Yaba,Plants,6,4500,0,transfer
2024-10-23,Yaba,Pots,6,3000,0.05,transfer
2024-10-23,Surulere,Soil,4,2200,0.05,transfer
2024-10-23,Surulere,Pots,2,3000,0.1,card
2024-10-23,Surulere,Other,5,1500,0,card
2024-10-23,Ajah,Plants,2,4500,0.05,card
2024-10-23,Maryland,Soil,1,2200,0.05,cash
2024-10-23,Maryland,Other,1,1500,0,cash
2024-10-23,Maryland,Soil,2,2200,0.1,transfer
2024-10-24,Ikeja,Other,4,1500,0,card
2024-10-24,Leki,Tools,6,8000,0.3,cash
2024-10-24,Leki,Pots,5,3000,0.05,transfer
2024-10-24,Lekki,Plants,0,8000,0,cash
2024-10-24,Lekki,Plants,0,4500,0,cash
2024-10-24,Lekki,Pots,0,3000,0,cash
2024-10-24,Yaba,Pots,2,3000,0.1,transfer
2024-10-24,Surulere,Plants,1,4500,0.05,card
2024-10-24,Ajah,Tools,4,8000,0,transfer
2024-10-24,Ajah,Pots,5,3000,0,cash
2024-10-24,Ajah,Other,6,1500,0,cash
2024-10-24,Maryland,Other,4,1500,0,card
2024-10-24,Maryland,Plants,3,4500,0.1,transfer
2024-10-25,Ikeja,Furniture,3,26000,0.05,cash
2024-10-25,Lekki,Other,4,1500,0.1,cash
2024-10-25,Lekki,Pots,6,3000,0.35,cash
2024-10-25,Lekki,Pots,5,3000,0,card
2024-10-25,Yaba,Soil,1,2200,0,cash
2024-10-25,Surulere,Pots,5,3000,0.1,transfer
2024-10-25,Surulere,Pots,2,3000,0,card
2024-10-25,Ajah,Tools,2,8000,0,transfer
2024-10-25,Maryland,Plants,5,4500,0,transfer
2024-10-25,Maryland,Tools,3,8000,0,cash
2024-10-26,Ikeja,Other,2,1500,0,transfer
2024-10-26,Ikeja,Other,2,1500,0.1,cash
2024-10-26,Lekki,Pots,3,3000,0,card
2024-10-26,Lekki,Furniture,3,26000,0.1,card
2024-10-26,Yaba,Pots,5,3000,0.1,card
2024-10-26,Surulere,Furniture,6,26000,0,transfer
2024-10-26,Surulere,Pots,5,3000,0,transfer
2024-10-26,Ajah,Tools,4,8000,0.05,transfer
2024-10-26,Ajah,Soil,1,2200,0.1,transfer
2024-10-26,Ajah,Pots,5,3000,0,card
2024-10-26,Maryland,Tools,3,8000,0,transfer
2024-10-26,Maryland,Soil,3,2200,0,transfer
2024-10-26,Maryland,Soil,6,2200,0,cash
2024-10-27,Ikeja,Soil,1,2200,0,cash
2024-10-27,Lekki,Plants,6,4500,0,card
2024-10-27,Lekki,Tools,0,8000,0,cash
2024-10-27,Yaba,Tools,2,8000,0,card
2024-10-27,Yaba,Furniture,2,26000,0,cash
2024-10-27,Yaba,Other,3,1500,0,card
2024-10-27,Surulere,Pots,1,3000,0,transfer
2024-10-27,Surulere,Pots,5,3000,0.05,cash
2024-10-27,Surulere,Tools,6,8000,0,card
2024-10-27,Ajah,Other,6,,0.1,cash
2024-10-27,Ajah,Furniture,4,26000,0,cash
2024-10-27,Maryland,Plants,3,4500,0,cash
2024-10-28,Ikeja,Other,6,1500,0.05,card
2024-10-28,Ikeja,Plants,5,,0,card
2024-10-28,Lekki,Soil,4,2200,0,transfer
2024-10-28,Lekki,Plants,1,4500,0,transfer
2024-10-28,Yaba,Furniture,5,26000,0.05,card
2024-10-28,Surulere,Tools,5,8000,0.05,card
2024-10-28,Surulere,Pots,2,3000,0,card
2024-10-28,Ajah,Tools,1,8000,0.1,cash
2024-10-28,Maryland,Plants,3,4500,0,transfer
2024-10-28,Maryland,Furniture,3,26000,0.05,card
2024-10-29,Ikeja,Pots,1,3000,0,transfer
2024-10-29,Ikeja,Tools,4,8000,0,transfer
2024-10-29,Lekki,Other,5,1500,0,card
2024-10-29,Lekki,Other,3,1500,0.05,transfer
2024-10-29,Yaba,Furniture,2,26000,0,card
2024-10-29,Yaba,Plants,4,4500,0,cash
2024-10-29,Yaba,Other,5,1500,0,cash
2024-10-29,Surulere,Furniture,2,26000,0,transfer
2024-10-29,Ajah,Furniture,3,26000,0.05,transfer
2024-10-29,Ajah,Other,1,1500,0,card
2024-10-29,Ajah,Tools,6,8000,0,cash
2024-10-29,Maryland,Pots,6,3000,0,cash
2024-10-30,Ikeja,Tools,6,8000,0,transfer
2024-10-30,Ikeja,Soil,6,2200,0,transfer
2024-10-30,Ikeja,Tools,1,8000,0,cash
2024-10-30,Lekki,Tools,5,8000,0,transfer
2024-10-30,Lekki,Furniture,6,26000,0,transfer
2024-10-30,Yaba,Soil,0,2200,0,card
2024-10-30,Yaba,Tools,6,8000,0.05,card
2024-10-30,Yaba,Soil,3,2200,0.05,card
2024-10-30,Surulere,Tools,1,8000,0.05,transfer
2024-10-30,Surulere,Soil,1,2200,0.1,card
2024-10-30,Ajah,Soil,6,2200,0,cash
2024-10-30,Maryland,Soil,1,2200,0,card
2024-10-30,Maryland,Plants,5,4500,0,transfer
2024-10-30,Maryland,Pots,5,3000,0.05,transfer
2024-10-31,Ikeja,Plants,1,4500,0.05,card
2024-10-31,Lekki,Tools,3,8000,0,card
2024-10-31,Lekki,Soil,2,2200,0.3,cash
2024-10-31,Yaba,Soil,3,2200,0,card
2024-10-31,Surulere,Pots,3,3000,0,card
2024-10-31,Ajah,Pots,5,3000,0,card
2024-10-31,Ajah,Other,3,1500,0.05,card
2024-10-31,Maryland,Furniture,2,26000,0,cash
2024-10-31,Maryland,Soil,5,2200,0,card
2024-11-01,Ikeja,Soil,3,2200,0,cash
2024-11-01,Ikeja,Soil,3,2200,0,cash
2024-11-01,Lekki,Soil,5,2200,0.1,card
2024-11-01,Lekki,Furniture,3,,0,card
2024-11-01,Lekki,Furniture,0,3000,0,cash
2024-11-01,Lekki,Furniture,0,8000,0,cash
2024-11-01,Yaba,Furniture,2,26000,0,cash
2024-11-01,Surulere,Pots,1,3000,0,card
2024-11-01,Surulere,Pots,6,3000,0,transfer
2024-11-01,Ajah,Other,4,1500,0,transfer
2024-11-01,Maryland,Plants,6,4500,0.1,card
2024-11-01,Maryland,Soil,2,2200,0,card
2024-11-01,Maryland,Soil,3,2200,0,cash
2024-11-02,Ikeja,Plants,2,4500,0,cash
2024-11-02,Ikeja,Plants,1,4500,0,card
2024-11-02,Lekki,Furniture,5,26000,0.35,cash
2024-11-02,Yaba,Furniture,4,26000,0.05,transfer
2024-11-02,Yaba,Soil,5,2200,0,card
2024-11-02,Yaba,Plants,6,4500,0,cash
2024-11-02,Surulere,Tools,2,8000,0.1,card
2024-11-02,Surulere,Plants,2,4500,0,transfer
2024-11-02,Ajah,Pots,4,3000,0,cash
2024-11-02,Ajah,Other,5,1500,0,card
2024-11-02,Maryland,Tools,6,8000,0.05,transfer
2024-11-02,Marylnd,Tools,1,8000,0,card
2024-11-03,Ikeja,Furniture,2,26000,0,card
2024-11-03,Ikeja,Pots,1,3000,0,card
2024-11-03,Ikeja,Other,2,1500,0.05,card
2024-11-03,Lekki,Tools,5,8000,0.35,cash
2024-11-03,Yaba,Plants,2,4500,0,cash
2024-11-03,Yaba,Soil,3,2200,0,cash
2024-11-03,Surulere,Plants,5,,0.05,transfer
2024-11-03,Ajah,Furniture,2,26000,0,card
2024-11-03,Ajah,Soil,0,2200,0.05,card
2024-11-03,Maryland,Soil,6,2200,0,transfer
2024-11-03,Maryland,Tools,6,8000,0,transfer
2024-11-04,Ikeja,Pots,1,3000,0.05,transfer
2024-11-04,Ikeja,Pots,6,3000,0.05,card
2024-11-04,Ikeja,Other,1,1500,0,cash
2024-11-04,Lekki,Plants,4,4500,0.05,transfer
2024-11-04,Lekki,Plants,0,3000,0,cash
2024-11-04,Lekki,Plants,0,4500,0,cash
2024-11-04,Yaba,Plants,3,4500,0,card
2024-11-04,Yaba,Plants,1,,0.05,card
2024-11-04,Yaba,Other,2,1500,0,card
2024-11-04,Surulere,Plants,3,4500,0,card
2024-11-04,Surulere,Tools,1,8000,0.1,transfer
2024-11-04,Ajah,Furniture,3,26000,0,cash
2024-11-04,Ajah,Pots,3,3000,0.05,cash
2024-11-04,Maryland,Other,4,1500,0,card
2024-11-04,Maryland,Other,1,1500,0,card
2024-11-04,Maryland,Furniture,6,26000,0.1,cash
2024-11-05,Ikeja,Furniture,1,26000,0.1,card
2024-11-05,Ikeja,Furniture,5,26000,0.1,card
2024-11-05,Ikeja,Furniture,3,26000,0,card
2024-11-05,Lekki,Plants,6,4500,0.1,card
2024-11-05,Lekki,Plants,6,4500,0,card
2024-11-05,Yaba,Other,2,1500,0,cash
2024-11-05,Yaba,Furniture,2,26000,0.1,transfer
2024-11-05,Yaba,Soil,3,2200,0,cash
2024-11-05,Surulere,Tools,3,8000,0,cash
2024-11-05,Ajah,Plants,1,4500,0,card
2024-11-05,Ajah,Soil,6,2200,0,cash
2024-11-05,Maryland,Furniture,3,26000,0,transfer
2024-11-06,Ikeja,Tools,5,8000,0.05,cash
2024-11-06,Ikeja,Pots,3,3000,0.1,cash
2024-11-06,Ikeja,Soil,6,2200,0,transfer
2024-11-06,Lekki,Pots,2,3000,0.25,cash
2024-11-06,Lekki,Soil,0,8000,0,cash
2024-11-06,Lekki,Furniture,0,4500,0,cash
2024-11-06,Yaba,Tools,5,8000,0,card
2024-11-06,Yaba,Plants,6,4500,0,card
2024-11-06,Surulere,Furniture,2,26000,0,card
2024-11-06,Surulere,Tools,4,8000,0.05,cash
2024-11-06,Ajah,Pots,6,3000,0,card
2024-11-06,Maryland,Plants,5,4500,0.1,card
2024-11-07,Ikeja,Tools,3,8000,0,card
2024-11-07,Ikeja,Pots,1,3000,0,transfer
2024-11-07,Ikeja,Other,6,1500,0,transfer
2024-11-07,Lekki,Furniture,1,26000,0,transfer
2024-11-07,Yaba,Tools,1,8000,0.05,card
2024-11-07,Yaba,Other,1,1500,0,cash
2024-11-07,Yaba,Furniture,2,,0,card
2024-11-07,Surulere,Pots,6,3000,0.05,transfer
2024-11-07,Ajah,Other,2,1500,0,cash
2024-11-07,Maryland,Tools,5,8000,0,card
2024-11-08,Ikeja,Pots,3,3000,0,card
2024-11-08,Ikeja,Furniture,4,26000,0.1,cash
2024-11-08,Lekki,Soil,1,2200,0.1,cash
2024-11-08,Lekki,Other,3,1500,0.05,transfer
2024-11-08,Yaba,Tools,4,8000,0.05,cash
2024-11-08,Surulere,Pots,4,3000,0,cash
2024-11-08,Surulere,Furniture,2,26000,0.1,cash
2024-11-08,Surulere,Plants,2,4500,0.1,card
2024-11-08,Ajah,Tools,3,8000,0.1,card
2024-11-08,Ajah,Pots,3,3000,0.1,cash
2024-11-08,Ajah,Other,4,1500,0.1,card
2024-11-08,Maryland,Pots,6,3000,0,transfer
2024-11-08,Maryland,Pots,4,3000,0.05,transfer
2024-11-08,Maryland,Other,4,1500,0,card
2024-11-09,Ikeja,Other,4,1500,0.1,card
2024-11-09,Ikeja,Pots,1,3000,0,card
2024-11-09,Lekki,Other,1,1500,0.05,card
2024-11-09,Lekki,Soil,6,2200,0,cash
2024-11-09,Lekki,Tools,5,8000,0.1,cash
2024-11-09,Yaba,Furniture,1,26000,0,cash
2024-11-09,Yaba,Plants,3,4500,0.05,cash
2024-11-09,Surulere,Other,4,1500,0,transfer
2024-11-09,Surulere,Other,6,1500,0,transfer
2024-11-09,Surulere,Soil,1,2200,0,card
2024-11-09,Ajah,Furniture,3,26000,0,card
2024-11-09,Ajah,Pots,5,3000,0.1,transfer
2024-11-09,Ajah,Plants,2,4500,0,cash
2024-11-09,Maryland,Pots,6,3000,0,card
2024-11-09,Maryland,Plants,5,4500,0,cash
2024-11-09,Maryland,Plants,5,4500,0.05,cash
2024-11-10,Ikeja,Furniture,6,26000,0,cash
2024-11-10,Ikeja,Plants,6,4500,0,cash
2024-11-10,Lekki,Soil,3,2200,0.05,card
2024-11-10,Yaba,Tools,5,8000,0,transfer
2024-11-10,Surulere,Tools,5,8000,0,card
2024-11-10,Surulere,Soil,3,2200,0.05,card
2024-11-10,Ajah,Plants,6,4500,0.1,cash
2024-11-10,Ajah,Pots,5,3000,0,card
2024-11-10,Ajah,Soil,3,2200,0,card
2024-11-10,Maryland,Plants,5,4500,0,transfer
2024-11-10,Maryland,Plants,2,4500,0,transfer
2024-11-11,Ikeja,Other,1,1500,0.05,card
2024-11-11,Lekki,Pots,3,3000,0,transfer
2024-11-11,Lekki,Soil,1,2200,0.05,card
2024-11-11,Yaba,Soil,3,2200,0.1,transfer
2024-11-11,Yaba,Other,4,1500,0.05,cash
2024-11-11,Surulere,Plants,5,4500,0,cash
2024-11-11,Ajah,Pots,2,3000,0,card
2024-11-11,Maryland,Plants,5,4500,0,cash
2024-11-11,Maryland,Plants,1,4500,0,card
2024-11-12,Ikeja,Tools,1,8000,0.1,card
2024-11-12,Ikeja,Furniture,3,26000,0,transfer
2024-11-12,Lekki,Other,3,1500,0,transfer
2024-11-12,Lekki,Tools,3,8000,0,card
2024-11-12,Lekki,Soil,0,4500,0,cash
2024-11-12,Yaba,Tools,4,8000,0,transfer
2024-11-12,Yaba,Tools,5,8000,0,card
2024-11-12,Yaba,Pots,5,3000,0,cash
2024-11-12,Surulere,Soil,3,2200,0,card
2024-11-12,Surulere,Plants,3,4500,0,card
2024-11-12,Surulere,Soil,2,2200,0.05,transfer
2024-11-12,Ajah,Soil,1,2200,0,cash
2024-11-12,Maryland,Furniture,3,26000,0,transfer
2024-11-12,Maryland,Furniture,1,26000,0.1,card
2024-11-13,Ikeja,Furniture,6,26000,0,transfer
2024-11-13,Ikeja,Furniture,6,26000,0.05,card
2024-11-13,Lekki,Furniture,4,26000,0.1,card
2024-11-13,Lekki,Plants,0,8000,0,cash
2024-11-13,Lekki,Soil,0,8000,0,cash
2024-11-13,Yaba,Furniture,2,26000,0.05,card
2024-11-13,Yaba,Soil,5,2200,0,cash
2024-11-13,Yaba,Pots,5,3000,0,card
2024-11-13,Surulere,Soil,6,2200,0.05,cash
2024-11-13,Surulere,Furniture,2,26000,0,cash
2024-11-13,Surulere,Tools,3,8000,0,transfer
2024-11-13,Ajah,Furniture,1,26000,0,cash
2024-11-13,Ajah,Soil,4,2200,0.05,transfer
2024-11-13,Maryland,Tools,5,8000,0.05,transfer
2024-11-13,Maryland,Pots,3,3000,0.1,cash
2024-11-13,Maryland,Soil,1,2200,0,card
2024-11-14,Ikeja,Soil,5,2200,0,card
2024-11-14,Ikeja,Other,1,1500,0,cash
2024-11-14,Lekki,Other,1,1500,0.1,card
2024-11-14,Lekki,Tools,3,8000,0.1,card
2024-11-14,Lekki,Pots,4,3000,0,transfer
2024-11-14,Yaba,Other,5,1500,0,cash
2024-11-14,Yaba,Other,6,1500,0,card
2024-11-14,Surulere,Other,1,1500,0,card
2024-11-14,Surulere,Plants,5,4500,0,card
2024-11-14,Surulere,Pots,6,3000,0.05,cash
2024-11-14,Ajah,Furniture,5,26000,0.05,transfer
2024-11-14,Ajah,Soil,1,2200,0,card
2024-11-14,Maryland,Other,5,1500,0,transfer
2024-11-15,Ikeja,Plants,2,4500,0,cash
2024-11-15,Ikeja,Tools,5,8000,0.05,transfer
2024-11-15,Ikeja,Pots,2,3000,0.05,transfer
2024-11-15,Lekki,Soil,2,2200,0,transfer
2024-11-15,Yaba,Plants,2,4500,0.1,card
2024-11-15,Yaba,Pots,1,3000,0,card
2024-11-15,Surulere,Plants,4,4500,0,cash
2024-11-15,Surulere,Furniture,2,26000,0,transfer
2024-11-15,Surulere,Tools,1,8000,0.05,cash
2024-11-15,Ajah,Tools,6,8000,0.1,cash
2024-11-15,Ajah,Plants,5,4500,0,transfer
2024-11-15,Maryland,Other,2,1500,0.05,cash
2024-11-15,Maryland,Furniture,5,26000,0.05,cash
2024-11-15,Maryland,Pots,5,3000,0,card
2024-11-16,Ikeja,Other,5,1500,0.1,card
2024-11-16,Lekki,Pots,2,3000,0.05,card
2024-11-16,Lekki,Furniture,6,26000,0.2,cash
2024-11-16,Lekki,Other,6,1500,0,cash
2024-11-16,Yaba,Furniture,1,26000,0.05,card
2024-11-16,Yaba,Tools,2,8000,0,transfer
2024-11-16,Surulere,Other,5,1500,0.1,card
2024-11-16,Surulere,Furniture,5,26000,0,cash
2024-11-16,Surulere,Pots,4,3000,0,card
2024-11-16,Ajah,Pots,2,3000,0,card
2024-11-16,Ajah,Furniture,5,26000,0,transfer
2024-11-16,Ajah,Pots,3,3000,0,card
2024-11-16,Maryland,Pots,1,3000,0,transfer
2024-11-16,Maryland,Other,5,1500,0.05,card
2024-11-16,Maryland,Tools,1,8000,0,transfer
2024-11-17,Ikeja,Plants,2,4500,0.1,cash
2024-11-17,Lekki,Furniture,1,26000,0,transfer
2024-11-17,Yaba,Plants,6,4500,0,transfer
2024-11-17,Yaba,Soil,4,2200,0,cash
2024-11-17,Surulere,Other,4,1500,0,cash
2024-11-17,Surulere,Soil,3,2200,0.05,transfer
2024-11-17,Ajah,Other,4,1500,0.1,card
2024-11-17,Ajah,Plants,6,4500,0,transfer
2024-11-17,Maryland,Other,1,1500,0,transfer
2024-11-18,Ikeja,Pots,4,3000,0,card
2024-11-18,Ikeja,Tools,1,8000,0,card
2024-11-18,Ikeja,Furniture,2,26000,0.05,cash
2024-11-18,Lekki,Soil,5,2200,0,transfer
2024-11-18,Lekki,Other,2,1500,0,cash
2024-11-18,Yaba,Soil,1,2200,0,cash
2024-11-18,Yaba,Other,1,1500,0.1,transfer
2024-11-18,Yaba,Plants,3,4500,0,card
2024-11-18,Surulere,Soil,3,2200,0.05,cash
2024-11-18,Ajah,Other,4,1500,0,card
2024-11-18,Ajah,Plants,5,4500,0.1,card
2024-11-18,Maryland,Soil,1,2200,0.05,card
2024-11-19,Ikeja,Tools,6,8000,0,transfer
2024-11-19,Ikeja,Furniture,6,26000,0,transfer
2024-11-19,Ikeja,Soil,2,2200,0.05,cash
2024-11-19,Lekki,Furniture,4,26000,0.1,transfer
2024-11-19,Lekki,Pots,6,3000,0,transfer
2024-11-19,Lekki,Other,5,1500,0,transfer
2024-11-19,Yaba,Other,5,1500,0,cash
2024-11-19,Surulere,Other,2,,0,card
2024-11-19,Surulere,Tools,2,8000,0,cash
2024-11-19,Surulere,Other,2,1500,0,card
2024-11-19,Ajah,Other,6,1500,0,card
2024-11-19,Ajah,Other,2,1500,0.1,card
2024-11-19,Maryland,Furniture,5,26000,0,card
2024-11-19,Maryland,Soil,4,2200,0.1,card
2024-11-20,Ikeja,Plants,6,4500,0,card
2024-11-20,Lekki,Pots,6,3000,0,card
2024-11-20,Lekki,Tools,0,8000,0,cash
2024-11-20,Yaba,Soil,6,2200,0,card
2024-11-20,Surulere,Other,4,1500,0.1,transfer
2024-11-20,Surulere,Soil,4,2200,0,cash
2024-11-20,Surulere,Tools,2,8000,0,cash
2024-11-20,Ajah,Furniture,2,26000,0,cash
2024-11-20,Maryland,Tools,2,8000,0,transfer
2024-11-21,Ikeja,Soil,6,2200,0.05,cash
2024-11-21,Ikeja,Plants,5,4500,0,card
2024-11-21,Lekki,Plants,2,4500,0,card
2024-11-21,Lekki,Tools,3,8000,0,cash
2024-11-21,Lekki,Tools,2,,0.35,cash
2024-11-21,Lekki,Soil,0,3000,0,cash
2024-11-21,Yaba,Furniture,3,26000,0,card
2024-11-21,Surulere,Soil,4,2200,0.05,card
2024-11-21,Ajah,Furniture,6,26000,0,card
2024-11-21,Ajah,Soil,3,2200,0,card
2024-11-21,Ajah,Furniture,1,26000,0.05,transfer
2024-11-21,Maryland,Pots,2,3000,0.05,transfer
2024-11-22,Ikeja,Other,5,1500,0.05,card
2024-11-22,Lekki,Tools,2,8000,0.05,card
2024-11-22,Yaba,Soil,6,2200,0,card
2024-11-22,Yaba,Pots,3,3000,0,card
2024-11-22,Yaba,Plants,4,4500,0,transfer
2024-11-22,Surulere,Tools,2,8000,0,cash
2024-11-22,Surulere,Other,1,1500,0,transfer
2024-11-22,Ajah,Pots,6,3000,0,card
2024-11-22,Ajah,Furniture,4,26000,0.05,cash
2024-11-22,Ajah,Soil,1,2200,0,card
2024-11-22,Maryland,Soil,5,2200,0.05,cash
2024-11-22,Maryland,Tools,3,8000,0.05,transfer
2024-11-22,Maryland,Other,5,1500,0.1,cash
2024-11-23,Ikeja,Furniture,1,26000,0.1,cash
2024-11-23,Ikeja,Furniture,3,26000,0,card
2024-11-23,Lekki,Other,6,1500,0.3,cash
2024-11-23,Lekki,Soil,0,3000,0,cash
2024-11-23,Lekki,Tools,0,8000,0,cash
2024-11-23,Lekki,Furniture,0,4500,0,cash
2024-11-23,Yaba,Pots,1,3000,0,transfer
2024-11-23,Yaba,Soil,1,2200,0.1,card
2024-11-23,Yaba,Furniture,5,26000,0,cash
2024-11-23,Surulere,Pots,5,3000,0.05,cash
2024-11-23,Surulere,Pots,2,3000,0,card
2024-11-23,Ajah,Furniture,4,26000,0,transfer
2024-11-23,Ajah,Tools,6,8000,0,transfer
2024-11-23,Maryland,Furniture,1,26000,0,cash
2024-11-24,Ikeja,Pots,5,3000,0.05,transfer
2024-11-24,Ikeja,Soil,1,2200,0.05,cash
2024-11-24,Ikeja,Other,6,1500,0,cash
2024-11-24,Lekki,Soil,4,2200,0.35,cash
2024-11-24,Lekki,Furniture,5,26000,0,card
2024-11-24,Lekki,Pots,2,3000,0.2,cash
2024-11-24,Yaba,Furniture,6,26000,0.05,card
2024-11-24,Yaba,Soil,1,2200,0.05,card
2024-11-24,Surulere,Soil,3,2200,0,cash
2024-11-24,Surulere,Tools,1,8000,0.05,transfer
2024-11-24,Surulere,Pots,2,3000,0.05,cash
2024-11-24,Ajah,Pots,5,3000,0,transfer
2024-11-24,Maryland,Plants,5,4500,0.05,transfer
2024-11-24,Maryland,Furniture,6,26000,0.05,transfer
2024-11-24,Maryland,Pots,4,3000,0.1,cash
2024-11-25,Ikeja,Plants,1,4500,0,card
2024-11-25,Ikeja,Pots,2,3000,0,cash
2024-11-25,Ikeja,Plants,2,4500,0,transfer
2024-11-25,Leki,Tools,5,8000,0,cash
2024-11-25,Lekki,Furniture,4,26000,0.3,cash
2024-11-25,Lekki,Furniture,2,26000,0.1,transfer
2024-11-25,Lekki,Plants,0,8000,0,cash
2024-11-25,Yaba,Pots,2,3000,0,transfer
2024-11-25,Yaba,Furniture,3,26000,0,transfer
2024-11-25,Surulere,Plants,5,4500,0.1,transfer
2024-11-25,Surulere,Other,3,1500,0,card
2024-11-25,Ajah,Tools,2,8000,0,cash
2024-11-25,Ajah,Pots,2,3000,0,transfer
2024-11-25,Ajah,Other,2,1500,0,transfer
2024-11-25,Maryland,Tools,2,8000,0,card
2024-11-26,Ikeja,Pots,1,3000,0.1,transfer
2024-11-26,Lekki,Other,3,1500,0,transfer
2024-11-26,Lekki,Furniture,3,26000,0,transfer
2024-11-26,Lekki,Other,0,3000,0,cash
2024-11-26,Lekki,Soil,0,3000,0,cash
2024-11-26,Lekki,Other,0,8000,0,cash
2024-11-26,Yaba,Soil,1,2200,0.1,transfer
2024-11-26,Yaba,Soil,1,2200,0,cash
2024-11-26,Surulere,Furniture,2,26000,0,cash
2024-11-26,Ajah,Other,4,1500,0,cash
2024-11-26,Ajah,Other,2,1500,0,cash
2024-11-26,Maryland,Soil,4,2200,0.1,transfer
2024-11-27,Ikeja,Plants,1,4500,0.05,card
2024-11-27,Ikeja,Tools,3,8000,0.05,transfer
2024-11-27,Ikeja,Plants,1,,0,cash
2024-11-27,Lekki,Other,2,1500,0.2,cash
2024-11-27,Yaba,Furniture,1,26000,0.1,transfer
2024-11-27,Yaba,Plants,5,4500,0,transfer
2024-11-27,Surulere,Soil,5,2200,0.05,card
2024-11-27,Ajah,Soil,6,2200,0,cash
2024-11-27,Ajah,Plants,6,4500,0,transfer
2024-11-27,Ajah,Soil,2,2200,0,cash
2024-11-27,Maryland,Plants,3,4500,0.1,card
2024-11-28,Ikeja,Tools,5,8000,0,transfer
2024-11-28,Ikeja,Furniture,4,26000,0.05,card
2024-11-28,Ikeja,Furniture,6,26000,0,cash
2024-11-28,Lekki,Pots,2,3000,0,transfer
2024-11-28,Yaba,Other,4,1500,0,cash
2024-11-28,Yaba,Plants,5,4500,0,transfer
2024-11-28,Yaba,Furniture,3,26000,0,transfer
2024-11-28,Surulere,Tools,5,8000,0.05,transfer
2024-11-28,Surulere,Plants,2,4500,0.1,card
2024-11-28,Surulere,Tools,4,8000,0.05,cash
2024-11-28,Ajah,Furniture,3,26000,0,card
2024-11-28,Ajah,Furniture,3,26000,0.1,cash
2024-11-28,Maryland,Soil,3,2200,0.05,card
2024-11-29,Ikeja,Furniture,4,26000,0,cash
2024-11-29,Lekki,Other,2,1500,0.25,cash
2024-11-29,Lekki,Other,6,1500,0,transfer
2024-11-29,Lekki,Furniture,6,26000,0,card
2024-11-29,Yaba,Tools,3,8000,0,card
2024-11-29,Yaba,Tools,2,8000,0.05,transfer
2024-11-29,Yaba,Soil,2,2200,0.05,transfer
2024-11-29,Surulere,Soil,3,2200,0.05,transfer
2024-11-29,Surulere,Other,5,1500,0,transfer
2024-11-29,Ajah,Furniture,2,26000,0.1,transfer
2024-11-29,Maryland,Pots,4,3000,0,transfer
2024-11-29,Maryland,Furniture,4,26000,0,card
2024-11-30,Ikeja,Furniture,6,26000,0,transfer
2024-11-30,Ikeja,Furniture,1,26000,0.05,transfer
2024-11-30,Lekki,Tools,6,8000,0,transfer
2024-11-30,Yaba,Tools,2,8000,0.1,transfer
2024-11-30,Yaba,Tools,6,8000,0,transfer
2024-11-30,Surulere,Pots,6,3000,0,card
2024-11-30,Surulere,Soil,1,2200,0,card
2024-11-30,Surelere,Plants,6,4500,0,card
2024-11-30,Ajah,Furniture,2,26000,0,cash
2024-11-30,Maryland,Pots,6,3000,0.1,card
2024-12-01,Ikeja,Plants,6,4500,0,cash
2024-12-01,Lekki,Plants,1,4500,0.05,cash
2024-12-01,Yaba,Pots,3,3000,0.1,transfer
2024-12-01,Yaba,Other,5,1500,0,card
2024-12-01,Yaba,Plants,4,4500,0.05,transfer
2024-12-01,Surulere,Furniture,2,26000,0.05,cash
2024-12-01,Surulere,Furniture,5,26000,0,transfer
2024-12-01,Surulere,Plants,6,4500,0.05,transfer
2024-12-01,Ajah,Pots,1,3000,0,transfer
2024-12-01,Ajah,Pots,4,3000,0.1,cash
2024-12-01,Maryland,Tools,5,8000,0.1,cash
2024-12-01,Maryland,Soil,5,2200,0,card
2024-12-02,Ikeja,Soil,2,2200,0,transfer
2024-12-02,Lekki,Soil,6,2200,0.05,cash
2024-12-02,Lekki,Pots,2,3000,0,transfer
2024-12-02,Lekki,Tools,0,8000,0,cash
2024-12-02,Lekki,Plants,0,3000,0,cash
2024-12-02,Yaba,Tools,4,8000,0,card
2024-12-02,Yaba,Other,1,1500,0,card
2024-12-02,Yaba,Furniture,5,26000,0.1,cash
2024-12-02,Surulere,Soil,4,2200,0.05,card
2024-12-02,Ajah,Other,2,1500,0,transfer
2024-12-02,Ajah,Tools,4,8000,0,transfer
2024-12-02,Maryland,Furniture,6,26000,0,card
2024-12-02,Maryland,Soil,2,2200,0,cash
2024-12-03,Ikeja,Furniture,6,26000,0,card
2024-12-03,Ikeja,Soil,1,2200,0.05,card
2024-12-03,Ikeja,Furniture,3,26000,0,card
2024-12-03,Lekki,Other,5,1500,0.1,card
2024-12-03,Yaba,Pots,2,3000,0,transfer
2024-12-03,Surulere,Other,1,1500,0,transfer
2024-12-03,Surulere,Other,6,1500,0,transfer
2024-12-03,Ajah,Other,6,1500,0,card
2024-12-03,Ajah,Furniture,3,26000,0,transfer
2024-12-03,Ajah,Furniture,1,26000,0,card
2024-12-03,Maryland,Other,1,1500,0,transfer
2024-12-03,Maryland,Plants,5,4500,0,cash
2024-12-03,Maryland,Tools,2,8000,0.05,transfer
2024-12-04,Ikeja,Plants,5,4500,0.05,cash
2024-12-04,Ikeja,Tools,2,8000,0,cash
2024-12-04,Ikeja,Furniture,4,26000,0.05,card
2024-12-04,Lekki,Pots,4,3000,0,transfer
2024-12-04,Yaba,Plants,1,4500,0.05,transfer
2024-12-04,Surulere,Furniture,6,26000,0.05,card
2024-12-04,Surulere,Plants,6,4500,0.05,card
2024-12-04,Surulere,Furniture,3,26000,0.1,transfer
2024-12-04,Ajah,Plants,6,4500,0,cash
2024-12-04,Ajah,Pots,1,3000,0.1,card
2024-12-04,Ajah,Plants,1,4500,0,card
2024-12-04,Maryland,Soil,4,2200,0,cash
2024-12-05,Ikeja,Tools,6,8000,0,cash
2024-12-05,Ikeja,Other,5,1500,0.1,card
2024-12-05,Lekki,Plants,4,4500,0,transfer
2024-12-05,Yaba,Pots,4,3000,0,cash
2024-12-05,Yaba,Furniture,2,26000,0.05,transfer
2024-12-05,Yaba,Soil,2,2200,0,card
2024-12-05,Surulere,Other,1,1500,0.1,transfer
2024-12-05,Surulere,Tools,4,8000,0,cash
2024-12-05,Ajah,Plants,5,4500,0,transfer
2024-12-05,Maryland,Furniture,3,26000,0.05,transfer
2024-12-05,Maryland,Other,1,1500,0,cash
2024-12-05,Maryland,Plants,2,4500,0,cash
2024-12-06,Ikeja,Tools,4,8000,0.05,transfer
2024-12-06,Ikeja,Furniture,3,26000,0,cash
2024-12-06,Lekki,Soil,4,2200,0.05,transfer
2024-12-06,Lekki,Tools,1,8000,0,cash
2024-12-06,Lekki,Pots,6,3000,0.05,transfer
2024-12-06,Yaba,Tools,6,8000,0.1,card
2024-12-06,Surulere,Plants,3,4500,0,card
2024-12-06,Surulere,Plants,6,4500,0,transfer
2024-12-06,Surulere,Other,2,1500,0,cash
2024-12-06,Ajah,Plants,3,4500,0.1,transfer
2024-12-06,Ajah,Pots,5,3000,0,card
2024-12-06,Ajah,Soil,3,2200,0,card
2024-12-06,Maryland,Tools,1,8000,0.05,cash
2024-12-07,Ikeja,Soil,4,2200,0,card
2024-12-07,Ikeja,Plants,2,4500,0,cash
2024-12-07,Ikeja,Plants,2,4500,0,cash
2024-12-07,Lekki,Soil,1,2200,0,card
2024-12-07,Lekki,Pots,5,3000,0,transfer
2024-12-07,Lekki,Plants,6,4500,0,transfer
2024-12-07,Lekki,Tools,0,4500,0,cash
2024-12-07,Lekki,Plants,0,4500,0,cash
2024-12-07,Yaba,Soil,1,2200,0,card
2024-12-07,Surulere,Pots,6,3000,0.05,card
2024-12-07,Surulere,Tools,6,8000,0,cash
2024-12-07,Ajah,Other,6,1500,0,transfer
2024-12-07,Ajah,Plants,1,4500,0,cash
2024-12-07,Ajah,Other,3,1500,0,cash
2024-12-07,Maryland,Plants,2,4500,0.1,card
2024-12-07,Maryland,Pots,5,3000,0,transfer
2024-12-07,Maryland,Pots,6,3000,0,cash
2024-12-08,Ikeja,Pots,2,3000,0,transfer
2024-12-08,Ikeja,Plants,2,4500,0.05,transfer
2024-12-08,Lekki,Other,2,1500,0,card
2024-12-08,Lekki,Plants,3,4500,0,card
2024-12-08,Yaba,Other,5,1500,0,card
2024-12-08,Surulere,Tools,3,8000,0,transfer
2024-12-08,Ajah,Furniture,6,26000,0,card
2024-12-08,Maryland,Furniture,2,26000,0,cash
2024-12-08,Maryland,Soil,4,2200,0.05,card
2024-12-08,Maryland,Other,4,1500,0.1,card
2024-12-09,Ikeja,Furniture,5,26000,0,transfer
2024-12-09,Ikeja,Other,5,1500,0,card
2024-12-09,Lekki,Plants,1,4500,0.1,cash
2024-12-09,Lekki,Soil,4,2200,0.05,transfer
2024-12-09,Yaba,Soil,4,2200,0,card
2024-12-09,Surulere,Plants,4,4500,0.1,card
2024-12-09,Surulere,Pots,3,3000,0.1,card
2024-12-09,Ajah,Plants,6,4500,0,transfer
2024-12-09,Ajah,Tools,2,8000,0.05,cash
2024-12-09,Ajah,Plants,1,4500,0,card
2024-12-09,Maryland,Pots,3,3000,0,transfer
2024-12-10,Ikeja,Pots,1,3000,0.1,transfer
2024-12-10,Ikeja,Plants,5,4500,0.05,transfer
2024-12-10,Lekki,Plants,2,4500,0,card
2024-12-10,Lekki,Other,4,1500,0.25,cash
2024-12-10,Yaba,Plants,5,,0,card
2024-12-10,Yaba,Pots,6,3000,0.05,card
2024-12-10,Surulere,Tools,5,8000,0,cash
2024-12-10,Surulere,Plants,3,4500,0,cash
2024-12-10,Surulere,Other,3,1500,0.05,transfer
2024-12-10,Ajah,Plants,3,4500,0,transfer
2024-12-10,Ajah,Soil,5,2200,0,cash
2024-12-10,Maryland,Pots,2,3000,0.1,card
2024-12-10,Maryland,Plants,2,4500,0,cash
2024-12-10,Maryland,Other,5,1500,0,cash
2024-12-11,Ikeja,Soil,2,2200,0.1,cash
2024-12-11,Ikeja,Plants,1,4500,0,transfer
2024-12-11,Ikeja,Soil,4,2200,0,transfer
2024-12-11,Lekki,Pots,1,3000,0,transfer
2024-12-11,Lekki,Other,4,1500,0,cash
2024-12-11,Lekki,Other,4,1500,0.05,cash
2024-12-11,Yaba,Plants,5,4500,0,cash
2024-12-11,Yaba,Plants,4,4500,0,cash
2024-12-11,Surulere,Tools,6,8000,0,transfer
2024-12-11,Surulere,Other,1,1500,0,transfer
2024-12-11,Ajah,Furniture,6,26000,0,cash
2024-12-11,Ajah,Other,4,1500,0.05,card
2024-12-11,Maryland,Other,5,1500,0,cash
2024-12-11,Maryland,Other,2,1500,0.1,cash
2024-12-12,Ikeja,Other,5,1500,0.05,card
2024-12-12,Ikeja,Pots,3,3000,0,card
2024-12-12,Ikeja,Other,5,1500,0,card
2024-12-12,Lekki,Furniture,4,26000,0.2,cash
2024-12-12,Yaba,Other,3,1500,0.1,cash
2024-12-12,Yaba,Pots,1,,0,cash
2024-12-12,Yaba,Other,1,1500,0.05,cash
2024-12-12,Surulere,Pots,5,3000,0.05,transfer
2024-12-12,Ajah,Plants,3,4500,0.1,cash
2024-12-12,Maryland,Other,1,1500,0.1,cash
2024-12-13,Ikeja,Tools,4,8000,0,card
2024-12-13,Lekki,Other,2,1500,0,transfer
2024-12-13,Yaba,Other,3,1500,0,card
2024-12-13,Surulere,Pots,2,3000,0,transfer
2024-12-13,Surulere,Pots,1,3000,0,cash
2024-12-13,Surulere,Tools,6,8000,0,transfer
2024-12-13,Ajah,Tools,2,8000,0,cash
2024-12-13,Ajah,Other,1,1500,0,cash
2024-12-13,Ajah,Tools,1,8000,0,cash
2024-12-13,Maryland,Furniture,2,26000,0,transfer
2024-12-13,Maryland,Plants,3,4500,0,transfer
2024-12-13,Maryland,Pots,4,3000,0,cash
2024-12-14,Ikeja,Soil,6,2200,0,cash
2024-12-14,Ikeja,Plants,3,4500,0.1,card
2024-12-14,Ikeja,Other,4,1500,0.1,cash
2024-12-14,Lekki,Soil,2,2200,0,transfer
2024-12-14,Lekki,Tools,2,8000,0,transfer
2024-12-14,Lekki,Plants,0,3000,0,cash
2024-12-14,Lekki,Furniture,0,4500,0,cash
2024-12-14,Yaba,Soil,5,2200,0.1,card
2024-12-14,Yaba,Pots,1,3000,0.05,card
2024-12-14,Surulere,Furniture,5,,0.05,cash
2024-12-14,Surulere,Furniture,2,26000,0.05,cash
2024-12-14,Surulere,Other,1,1500,0.1,cash
2024-12-14,Ajah,Furniture,4,26000,0.1,transfer
2024-12-14,Ajah,Plants,1,,0,card
2024-12-14,Maryland,Tools,5,8000,0.05,card
2024-12-14,Maryland,Plants,5,4500,0,transfer
2024-12-15,Ikeja,Plants,4,4500,0,cash
2024-12-15,Lekki,Pots,1,3000,0.25,cash
2024-12-15,Lekki,Plants,6,4500,0.25,cash
2024-12-15,Lekki,Other,4,1500,0.3,cash
2024-12-15,Yaba,Tools,4,8000,0,cash
2024-12-15,Yaba,Plants,5,4500,0,card
2024-12-15,Surulere,Furniture,6,26000,0.05,card
2024-12-15,Surulere,Plants,4,4500,0,transfer
2024-12-15,Ajah,Furniture,5,26000,0.1,cash
2024-12-15,Ajah,Tools,4,8000,0,card
2024-12-15,Ajah,Pots,2,3000,0,card
2024-12-15,Maryland,Plants,2,4500,0,card
2024-12-15,Maryland,Plants,4,4500,0.05,cash
2024-12-16,Ikeja,Tools,3,8000,0,transfer
2024-12-16,Ikeja,Furniture,4,26000,0.05,cash
2024-12-16,Ikeja,Pots,3,3000,0.05,card
2024-12-16,Lekki,Pots,1,3000,0.25,cash
2024-12-16,Lekki,Plants,0,8000,0,cash
2024-12-16,Lekki,Plants,0,3000,0,cash
2024-12-16,Yaba,Furniture,4,26000,0,transfer
2024-12-16,Surulere,Plants,5,4500,0,transfer
2024-12-16,Ajah,Tools,2,8000,0.1,cash
2024-12-16,Maryland,Tools,0,8000,0.1,transfer
2024-12-16,Maryland,Soil,6,2200,0,card
2024-12-16,Maryland,Tools,1,8000,0.05,cash
2024-12-17,Ikeja,Soil,6,2200,0.1,cash
2024-12-17,Ikeja,Other,1,1500,0,transfer
2024-12-17,Ikeja,Tools,5,8000,0.05,cash
2024-12-17,Lekki,Other,2,1500,0.1,transfer
2024-12-17,Yaba,Soil,5,2200,0,card
2024-12-17,Yaba,Soil,2,2200,0.05,card
2024-12-17,Surulere,Furniture,5,26000,0,card
2024-12-17,Surulere,Soil,4,2200,0,card
2024-12-17,Ajah,Plants,6,4500,0,transfer
2024-12-17,Ajah,Pots,1,3000,0,cash
2024-12-17,Maryland,Soil,3,2200,0,cash
2024-12-17,Maryland,Pots,5,3000,0,card
2024-12-18,Ikeja,Furniture,5,26000,0.05,cash
2024-12-18,Lekki,Other,4,1500,0,card
2024-12-18,Lekki,Other,4,1500,0.1,transfer
2024-12-18,Lekki,Plants,0,3000,0,cash
2024-12-18,Lekki,Pots,0,3000,0,cash
2024-12-18,Yaba,Plants,1,4500,0,card
2024-12-18,Yaba,Plants,4,4500,0.1,transfer
2024-12-18,Surulere,Plants,4,4500,0,card
2024-12-18,Ajah,Tools,6,8000,0.05,cash
2024-12-18,Maryland,Other,2,1500,0.1,card
2024-12-19,Ikeja,Pots,1,3000,0.05,cash
2024-12-19,Lekki,Tools,2,,0,cash
2024-12-19,Lekki,Other,3,1500,0.05,transfer
2024-12-19,Lekki,Tools,6,8000,0,cash
2024-12-19,Yaba,Furniture,6,26000,0,transfer
2024-12-19,Yaba,Pots,1,3000,0,transfer
2024-12-19,Surelere,Tools,2,8000,0.05,transfer
2024-12-19,Surulere,Soil,5,2200,0.05,card
2024-12-19,Surulere,Furniture,6,26000,0,cash
2024-12-19,Ajah,Furniture,2,26000,0,card
2024-12-19,Ajah,Furniture,4,26000,0,card
2024-12-19,Maryland,Soil,5,2200,0.1,cash
2024-12-19,Maryland,Soil,1,2200,0.05,transfer
2024-12-20,Ikeja,Furniture,6,26000,0.05,transfer
2024-12-20,Ikeja,Plants,2,4500,0,card
2024-12-20,Ikeja,Pots,1,3000,0,cash
2024-12-20,Lekki,Soil,1,2200,0.05,transfer
2024-12-20,Lekki,Pots,5,3000,0.3,cash
2024-12-20,Yaba,Soil,2,2200,0.05,cash
2024-12-20,Yaba,Pots,3,3000,0.1,card
2024-12-20,Yaba,Plants,4,4500,0,cash
2024-12-20,Surulere,Plants,2,4500,0.1,transfer
2024-12-20,Ajah,Furniture,1,26000,0,cash
2024-12-20,Maryland,Pots,1,,0.1,card
2024-12-20,Marylnd,Pots,1,3000,0,card
2024-12-20,Maryland,Pots,6,3000,0.05,cash
2024-12-21,Ikeja,Soil,4,2200,0,transfer
2024-12-21,Ikeja,Plants,6,4500,0.1,card
2024-12-21,Ikeja,Tools,1,8000,0,transfer
2024-12-21,Lekki,Other,6,1500,0.1,card
2024-12-21,Leki,Pots,3,3000,0,card
2024-12-21,Lekki,Soil,0,8000,0,cash
2024-12-21,Lekki,Tools,0,3000,0,cash
2024-12-21,Lekki,Tools,0,4500,0,cash
2024-12-21,Yaba,Pots,3,3000,0,transfer
2024-12-21,Yaba,Soil,2,2200,0.05,transfer
2024-12-21,Surulere,Soil,3,2200,0,transfer
2024-12-21,Surulere,Plants,5,4500,0.1,transfer
2024-12-21,Ajah,Plants,4,4500,0.1,cash
2024-12-21,Ajah,Plants,1,4500,0.1,cash
2024-12-21,Maryland,Other,4,1500,0.05,card
2024-12-22,Ikeja,Other,4,1500,0,transfer
2024-12-22,Lekki,Tools,4,8000,0,card
2024-12-22,Lekki,Soil,1,2200,0,transfer
2024-12-22,Lekki,Furniture,6,26000,0,cash
2024-12-22,Yaba,Pots,2,,0.1,transfer
2024-12-22,Yaba,Soil,4,2200,0,cash
2024-12-22,Surulere,Tools,6,8000,0,cash
2024-12-22,Surulere,Tools,2,8000,0,transfer
2024-12-22,Surulere,Plants,4,4500,0.05,transfer
2024-12-22,Ajah,Tools,3,8000,0,card
2024-12-22,Maryland,Furniture,1,26000,0.05,cash
2024-12-23,Ikeja,Other,3,1500,0.05,cash
2024-12-23,Lekki,Soil,3,2200,0.35,cash
2024-12-23,Yaba,Furniture,2,26000,0.1,transfer
2024-12-23,Yaba,Soil,5,2200,0,transfer
2024-12-23,Yaba,Plants,6,4500,0,cash
2024-12-23,Surulere,Tools,3,8000,0,cash
2024-12-23,Surulere,Plants,4,4500,0.1,transfer
2024-12-23,Surulere,Plants,4,4500,0,transfer
2024-12-23,Ajah,Tools,4,8000,0.1,card
2024-12-23,Maryland,Furniture,4,26000,0.05,card
2024-12-23,Maryland,Pots,3,3000,0,card
2024-12-24,Ikeja,Other,6,1500,0,cash
2024-12-24,Lekki,Furniture,6,26000,0.3,cash
2024-12-24,Lekki,Other,2,1500,0.05,card
2024-12-24,Yaba,Plants,1,4500,0,transfer
2024-12-24,Yaba,Soil,3,2200,0,transfer
2024-12-24,Yaba,Pots,6,3000,0.1,transfer
2024-12-24,Surulere,Soil,1,2200,0.05,card
2024-12-24,Surulere,Soil,2,2200,0,transfer
2024-12-24,Ajah,Furniture,4,26000,0.1,card
2024-12-24,Ajah,Soil,4,2200,0,cash
2024-12-24,Maryland,Plants,6,4500,0.1,transfer
2024-12-25,Ikeja,Tools,5,8000,0.05,card
2024-12-25,Ikeja,Other,2,,0.05,cash
2024-12-25,Ikeja,Furniture,3,26000,0,cash
2024-12-25,Lekki,Plants,6,4500,0,transfer
2024-12-25,Yaba,Soil,3,2200,0.1,cash
2024-12-25,Yaba,Furniture,2,26000,0,transfer
2024-12-25,Surulere,Tools,1,8000,0.1,card
2024-12-25,Surulere,Pots,2,3000,0,card
2024-12-25,Surulere,Furniture,5,26000,0.05,cash
2024-12-25,Ajah,Tools,3,8000,0,cash
2024-12-25,Ajah,Other,1,1500,0.1,card
2024-12-25,Maryland,Tools,6,8000,0.05,card
2024-12-25,Maryland,Furniture,6,26000,0,transfer
2024-12-25,Maryland,Soil,6,2200,0,card
2024-12-26,Ikeja,Tools,2,8000,0,card
2024-12-26,Lekki,Pots,4,3000,0,card
2024-12-26,Lekki,Pots,6,3000,0,transfer
2024-12-26,Lekki,Furniture,5,26000,0.1,card
2024-12-26,Yaba,Plants,1,4500,0.05,cash
2024-12-26,Yaba,Other,5,1500,0,card
2024-12-26,Yaba,Furniture,2,26000,0,transfer
2024-12-26,Surulere,Plants,2,4500,0,transfer
2024-12-26,Ajah,Tools,0,8000,0,card
2024-12-26,Ajah,Tools,5,8000,0,card
2024-12-26,Ajah,Furniture,5,26000,0.05,card
2024-12-26,Maryland,Plants,2,4500,0,card
2024-12-27,Ikeja,Soil,5,2200,0.1,cash
2024-12-27,Ikeja,Other,4,1500,0.05,cash
2024-12-27,Lekki,Tools,2,8000,0.05,transfer
2024-12-27,Lekki,Plants,4,4500,0.05,card
2024-12-27,Lekki,Soil,6,2200,0,card
2024-12-27,Yaba,Plants,3,4500,0,cash
2024-12-27,Yaba,Pots,5,3000,0,transfer
2024-12-27,Yaba,Furniture,2,26000,0.05,cash
2024-12-27,Surulere,Other,5,1500,0.05,cash
2024-12-27,Ajah,Furniture,6,26000,0.05,cash
2024-12-27,Ajah,Other,5,1500,0.05,card
2024-12-27,Ajah,Plants,2,4500,0,cash
2024-12-27,Maryland,Tools,5,8000,0.1,transfer
2024-12-27,Maryland,Soil,2,2200,0,card
2024-12-27,Maryland,Soil,3,2200,0.05,card
2024-12-28,Ikeja,Other,6,1500,0,card
2024-12-28,Lekki,Tools,3,8000,0.05,card
2024-12-28,Lekki,Other,4,1500,0,transfer
2024-12-28,Lekki,Furniture,1,26000,0.05,transfer
2024-12-28,Yaba,Soil,5,2200,0.1,transfer
2024-12-28,Surulere,Plants,5,4500,0,cash
2024-12-28,Surulere,Other,4,1500,0.05,card
2024-12-28,Surulere,Furniture,3,26000,0.1,transfer
2024-12-28,Ajah,Soil,4,2200,0.1,cash
2024-12-28,Ajah,Pots,5,3000,0,transfer
2024-12-28,Maryland,Pots,5,3000,0,card
2024-12-28,Maryland,Pots,2,3000,0,transfer
2024-12-28,Maryland,Pots,1,3000,0,card
2024-12-29,Ikeja,Pots,1,3000,0.05,card
2024-12-29,Lekki,Soil,4,2200,0.1,card
2024-12-29,Lekki,Pots,1,3000,0.1,cash
2024-12-29,Yaba,Other,1,1500,0.05,card
2024-12-29,Yaba,Furniture,2,26000,0,cash
2024-12-29,Surulere,Other,6,1500,0,cash
2024-12-29,Surulere,Plants,5,4500,0,cash
2024-12-29,Surulere,Furniture,5,26000,0,transfer
2024-12-29,Ajah,Other,5,1500,0,cash
2024-12-29,Ajah,Furniture,5,26000,0.1,cash
2024-12-29,Maryland,Plants,6,4500,0,cash
