account_id,signup_date,plan,seats
1,2024-09-29,business,7
2,2024-05-13,team,25
3,2024-06-21,team,33
4,2024-07-05,team,32
5,2024-07-14,team,21
6,2024-01-14,enterprise,22
7,2024-06-14,business,31
8,2024-11-17,team,6
9,2024-09-20,enterprise,37
10,2024-04-06,business,23
11,2024-11-19,enterprise,32
12,2024-01-29,team,34
13,2024-04-08,team,40
14,2024-11-13,enterprise,21
15,2024-04-12,enterprise,31
16,2024-01-16,team,25
17,2024-04-29,team,36
18,2024-02-17,team,3
19,2024-10-03,team,27
20,2024-11-08,team,32
21,2024-07-18,team,17
22,2024-04-13,enterprise,7
23,2024-11-25,enterprise,5
24,2024-05-04,enterprise,10
25,2024-03-21,enterprise,37
26,2024-07-06,team,40
27,2024-06-06,business,25
28,2024-05-25,team,35
29,2024-07-23,enterprise,9
30,2024-01-22,business,33
31,2024-08-21,team,16
32,2024-03-30,business,16
33,2024-04-26,business,8
34,2024-11-08,business,24
35,2024-06-21,team,28
36,2024-01-03,enterprise,10
37,2024-05-29,business,8
38,2024-01-24,enterprise,3
39,2024-02-16,team,24
40,2024-07-18,team,28
41,2024-08-12,team,38
42,2024-07-08,enterprise,11
43,2024-10-27,enterprise,6
44,2024-07-03,team,34
45,2024-04-04,enterprise,34
46,2024-08-27,enterprise,26
47,2024-01-19,enterprise,13
48,2024-04-22,enterprise,34
49,2024-01-14,team,28
50,2024-04-23,team,21
51,2024-08-03,team,40
52,2024-07-27,team,6
53,2024-10-31,business,19
54,2024-08-02,team,30
55,2024-06-02,team,36
56,2024-07-12,team,32
57,2024-11-10,enterprise,16
58,2024-08-19,business,38
59,2024-09-01,business,17
60,2024-04-15,business,15
61,2024-10-10,enterprise,11
62,2024-09-19,team,7
63,2024-07-21,business,26
64,2024-03-22,enterprise,16
65,2024-01-11,team,27
66,2024-02-02,business,32
67,2024-08-16,business,27
68,2024-10-12,enterprise,40
69,2024-02-12,enterprise,23
70,2024-08-18,team,2
71,2024-03-16,business,25
72,2024-02-29,team,18
73,2024-07-21,business,3
74,2024-07-01,enterprise,18
75,2024-02-25,business,34
76,2024-01-14,business,25
77,2024-07-19,team,4
78,2024-10-16,team,7
79,2024-03-20,business,32
80,2024-03-28,enterprise,4
81,2024-03-25,team,31
82,2024-01-07,enterprise,7
83,2024-07-27,enterprise,37
84,2024-07-08,team,27
85,2024-10-31,enterprise,22
86,2024-05-11,enterprise,3
87,2024-03-10,business,7
88,2024-01-07,business,14
89,2024-09-13,business,24
90,2024-06-17,team,4
91,2024-05-29,business,31
92,2024-08-07,team,33
93,2024-03-30,team,23
94,2024-06-04,business,35
95,2024-06-11,enterprise,34
96,2024-05-27,team,34
97,2024-09-04,enterprise,19
98,2024-07-10,team,36
99,2024-01-11,enterprise,30
100,2024-01-11,enterprise,8
101,2024-11-06,team,13
102,2024-05-25,enterprise,3
103,2024-03-01,team,40
104,2024-08-01,team,9
105,2024-07-02,business,24
106,2024-10-17,team,19
107,2024-03-10,team,24
108,2024-05-24,business,8
109,2024-07-29,business,26
110,2024-04-03,business,19
111,2024-10-08,team,28
112,2024-06-28,team,11
113,2024-04-13,business,23
114,2024-05-18,team,18
115,2024-01-04,business,24
116,2024-05-20,team,13
117,2024-10-17,enterprise,40
118,2024-06-30,team,4
119,2024-05-16,team,17
120,2024-09-05,team,30
121,2024-08-01,team,21
122,2024-10-04,enterprise,11
123,2024-08-26,business,12
124,2024-05-07,business,28
125,2024-07-24,enterprise,6
126,2024-02-28,team,29
127,2024-04-18,business,33
128,2024-07-25,enterprise,24
129,2024-11-13,enterprise,14
130,2024-01-25,enterprise,9
131,2024-08-20,enterprise,32
132,2024-03-12,enterprise,17
133,2024-09-15,business,19
134,2024-06-25,team,13
135,2024-09-16,business,8
136,2024-10-07,team,15
137,2024-09-02,enterprise,5
138,2024-05-27,business,16
139,2024-01-02,business,2
140,2024-04-18,enterprise,8
141,2024-09-20,business,38
142,2024-07-03,enterprise,21
143,2024-06-09,team,18
144,2024-01-03,business,18
145,2024-11-11,enterprise,34
146,2024-04-07,team,11
147,2024-09-20,team,19
148,2024-10-26,enterprise,39
149,2024-10-18,business,21
150,2024-02-08,business,32
151,2024-10-24,enterprise,21
152,2024-05-31,team,31
153,2024-06-06,enterprise,4
154,2024-04-23,team,14
155,2024-08-10,team,17
156,2024-04-23,business,35
157,2024-03-18,business,25
158,2024-04-25,enterprise,12
159,2024-02-21,enterprise,11
160,2024-03-14,team,16
161,2024-05-01,team,25
162,2024-05-26,team,33
163,2024-06-08,team,14
164,2024-04-28,business,4
165,2024-11-15,team,10
166,2024-09-12,business,4
167,2024-11-08,enterprise,4
168,2024-04-26,team,26
169,2024-06-27,team,8
170,2024-09-30,team,13
171,2024-07-24,team,6
172,2024-03-09,team,20
173,2024-04-30,enterprise,8
174,2024-08-26,team,10
175,2024-04-26,team,35
176,2024-08-22,enterprise,30
177,2024-06-10,team,15
178,2024-09-26,team,8
179,2024-06-09,enterprise,31
180,2024-10-02,business,15
181,2024-06-02,team,8
182,2024-09-09,team,3
183,2024-02-04,business,6
184,2024-01-06,team,12
185,2024-01-28,enterprise,9
186,2024-07-19,team,4
187,2024-07-06,enterprise,9
188,2024-02-10,business,33
189,2024-09-16,enterprise,27
190,2024-09-21,enterprise,38
191,2024-07-21,enterprise,33
192,2024-02-17,team,4
193,2024-07-09,team,35
194,2024-11-03,enterprise,29
195,2024-11-11,team,14
196,2024-02-28,team,2
197,2024-11-24,business,37
198,2024-03-09,team,24
199,2024-02-06,business,3
200,2024-07-24,team,27
201,2024-01-05,team,18
202,2024-08-01,enterprise,7
203,2024-06-25,team,20
204,2024-08-24,team,30
205,2024-11-03,business,27
206,2024-09-20,team,25
207,2024-09-10,team,20
208,2024-07-02,team,34
209,2024-08-04,team,11
210,2024-10-24,team,40
211,2024-08-31,team,7
212,2024-11-14,enterprise,28
213,2024-09-13,business,14
214,2024-05-07,enterprise,25
215,2024-04-20,team,28
216,2024-08-20,business,31
217,2024-03-30,enterprise,17
218,2024-02-11,enterprise,19
219,2024-02-19,business,8
220,2024-07-18,business,29
221,2024-05-22,team,6
222,2024-05-18,business,26
223,2024-09-03,business,33
224,2024-08-08,team,15
225,2024-06-10,business,24
226,2024-10-19,enterprise,13
227,2024-10-18,team,24
228,2024-03-14,business,36
229,2024-09-08,team,9
230,2024-07-11,team,33
231,2024-05-12,team,10
232,2024-07-15,team,37
233,2024-05-15,team,4
234,2024-08-11,team,5
235,2024-09-16,enterprise,3
236,2024-07-13,team,11
237,2024-06-22,team,26
238,2024-03-08,team,24
239,2024-10-11,team,39
240,2024-08-01,business,11
241,2024-07-25,team,30
242,2024-02-22,business,37
243,2024-07-28,enterprise,33
244,2024-08-11,business,31
245,2024-06-05,team,34
246,2024-06-01,business,9
247,2024-03-19,team,33
248,2024-04-10,team,11
249,2024-04-18,team,9
250,2024-01-21,team,28
251,2024-01-26,enterprise,27
252,2024-09-25,team,40
253,2024-01-24,team,12
254,2024-01-22,enterprise,26
255,2024-05-23,business,11
256,2024-03-27,team,15
257,2024-01-26,team,32
258,2024-09-01,team,9
259,2024-03-18,team,4
260,2024-01-27,team,12
261,2024-11-13,business,22
262,2024-01-28,business,27
263,2024-10-03,team,36
264,2024-06-01,business,11
265,2024-03-21,enterprise,6
266,2024-07-31,business,16
267,2024-06-26,team,18
268,2024-07-09,team,20
269,2024-02-11,team,20
270,2024-04-08,enterprise,32
271,2024-03-04,team,8
272,2024-10-18,team,14
273,2024-02-03,team,18
274,2024-10-11,team,29
275,2024-04-25,team,22
276,2024-04-25,enterprise,18
277,2024-08-26,team,16
278,2024-03-20,business,5
279,2024-01-15,enterprise,12
280,2024-05-27,team,2
281,2024-07-08,enterprise,5
282,2024-09-25,enterprise,33
283,2024-05-26,enterprise,40
284,2024-02-12,team,10
285,2024-04-24,team,2
286,2024-10-08,team,24
287,2024-04-12,team,8
288,2024-10-28,team,13
289,2024-10-11,team,28
290,2024-07-26,team,32
291,2024-08-20,team,29
292,2024-06-16,team,15
293,2024-02-15,business,3
294,2024-11-24,team,37
295,2024-05-26,team,37
296,2024-11-10,team,2
297,2024-05-15,team,23
298,2024-06-19,team,11
299,2024-11-04,business,33
300,2024-09-04,enterprise,4
301,2024-01-06,team,36
302,2024-08-12,team,4
303,2024-05-29,enterprise,4
304,2024-01-29,business,12
305,2024-07-22,business,21
306,2024-08-12,enterprise,18
307,2024-02-20,team,18
308,2024-02-11,enterprise,10
309,2024-01-29,team,24
310,2024-06-15,team,28
311,2024-05-10,team,14
312,2024-03-30,team,17
313,2024-06-29,team,4
314,2024-10-01,team,2
315,2024-10-19,team,36
316,2024-02-16,enterprise,40
317,2024-04-13,team,18
318,2024-06-24,team,36
319,2024-08-30,enterprise,13
320,2024-10-10,team,39
321,2024-02-28,business,16
322,2024-01-14,enterprise,35
323,2024-08-17,team,3
324,2024-02-08,team,35
325,2024-09-02,business,15
326,2024-06-16,enterprise,15
327,2024-10-27,enterprise,7
328,2024-04-12,team,9
329,2024-04-28,enterprise,36
330,2024-06-23,team,20
331,2024-02-11,team,10
332,2024-08-30,team,24
333,2024-10-26,business,16
334,2024-09-15,team,20
335,2024-08-01,enterprise,27
336,2024-10-27,enterprise,27
337,2024-10-30,team,21
338,2024-03-09,team,11
339,2024-07-31,team,28
340,2024-03-15,enterprise,29
341,2024-11-24,team,34
342,2024-09-25,business,25
343,2024-03-26,team,36
344,2024-03-04,business,12
345,2024-08-17,enterprise,4
346,2024-04-19,enterprise,29
347,2024-09-29,business,28
348,2024-04-14,enterprise,32
349,2024-11-18,team,23
350,2024-04-06,team,33
351,2024-03-20,team,29
352,2024-08-16,team,20
353,2024-02-14,business,17
354,2024-02-25,business,21
355,2024-05-10,team,26
356,2024-01-11,team,7
357,2024-01-03,enterprise,7
358,2024-05-12,business,9
359,2024-10-03,team,8
360,2024-02-06,enterprise,4
361,2024-06-17,enterprise,34
362,2024-05-28,business,16
363,2024-09-17,team,37
364,2024-11-11,team,21
365,2024-08-21,enterprise,11
366,2024-03-21,business,30
367,2024-07-07,team,29
368,2024-06-19,team,40
369,2024-07-08,team,2
370,2024-10-22,business,18
371,2024-03-27,business,36
372,2024-05-22,business,27
373,2024-04-07,team,34
374,2024-03-26,business,25
375,2024-05-13,team,29
376,2024-05-04,enterprise,32
377,2024-10-29,team,25
378,2024-11-08,team,23
379,2024-01-04,team,12
380,2024-08-11,business,12
381,2024-03-31,enterprise,30
382,2024-03-10,team,10
383,2024-03-05,enterprise,39
384,2024-11-22,team,32
385,2024-07-30,team,25
386,2024-03-06,enterprise,3
387,2024-07-19,enterprise,21
388,2024-11-26,team,21
389,2024-05-04,team,23
390,2024-07-01,enterprise,24
391,2024-03-09,team,40
392,2024-09-18,team,31
393,2024-04-26,team,28
394,2024-03-01,enterprise,10
395,2024-09-14,team,16
396,2024-08-21,business,17
397,2024-10-03,team,36
398,2024-05-07,team,28
399,2024-02-26,team,40
400,2024-11-19,team,2
401,2024-11-22,team,40
402,2024-10-29,team,12
403,2024-03-07,enterprise,14
404,2024-02-18,team,40
405,2024-06-20,business,3
406,2024-01-03,team,19
407,2024-08-23,business,21
408,2024-06-13,enterprise,27
409,2024-09-24,business,25
410,2024-08-26,team,31
411,2024-05-06,team,35
412,2024-07-12,team,13
413,2024-09-23,team,23
414,2024-09-13,team,11
415,2024-05-30,business,26
416,2024-07-09,team,3
417,2024-10-14,team,8
418,2024-05-11,enterprise,38
419,2024-04-17,team,7
420,2024-01-23,team,10
421,2024-03-28,business,35
422,2024-06-03,team,13
423,2024-03-06,team,5
424,2024-06-01,enterprise,21
425,2024-06-22,team,9
426,2024-06-08,team,9
427,2024-01-28,team,21
428,2024-06-15,enterprise,10
429,2024-05-02,business,15
430,2024-07-08,team,29
431,2024-01-30,enterprise,12
432,2024-03-16,team,11
433,2024-10-09,business,31
434,2024-09-02,business,35
435,2024-06-18,enterprise,15
436,2024-10-23,enterprise,13
437,2024-05-08,business,25
438,2024-03-20,team,15
439,2024-04-14,team,38
440,2024-03-08,team,18
441,2024-01-04,enterprise,40
442,2024-06-29,team,18
443,2024-01-12,team,40
444,2024-06-15,team,24
445,2024-04-30,team,22
446,2024-05-31,business,10
447,2024-02-14,team,3
448,2024-03-25,enterprise,4
449,2024-08-05,team,27
450,2024-01-31,enterprise,11
451,2024-08-23,enterprise,39
452,2024-10-21,business,7
453,2024-03-01,team,7
454,2024-07-08,enterprise,19
455,2024-04-29,team,30
456,2024-02-11,business,6
457,2024-04-14,enterprise,29
458,2024-07-12,business,4
459,2024-08-29,team,37
460,2024-03-03,business,28
461,2024-11-16,team,4
462,2024-05-16,team,33
463,2024-02-12,team,31
464,2024-11-22,enterprise,39
465,2024-05-22,enterprise,27
466,2024-04-17,team,28
467,2024-11-26,team,16
468,2024-03-06,business,39
469,2024-08-25,business,16
470,2024-07-18,enterprise,36
471,2024-01-10,team,12
472,2024-10-05,team,20
473,2024-04-13,team,37
474,2024-01-27,team,18
475,2024-02-17,enterprise,23
476,2024-04-09,enterprise,22
477,2024-03-21,business,28
478,2024-05-18,business,14
479,2024-07-31,enterprise,33
480,2024-07-01,team,29
481,2024-05-12,enterprise,12
482,2024-01-06,team,25
483,2024-11-02,business,28
484,2024-01-18,business,12
485,2024-07-19,team,22
486,2024-10-25,business,9
487,2024-07-07,team,11
488,2024-09-20,team,28
489,2024-09-21,team,37
490,2024-09-30,team,13
491,2024-04-16,team,27
492,2024-09-30,business,24
493,2024-10-04,enterprise,12
494,2024-08-18,enterprise,31
495,2024-05-10,team,4
496,2024-10-21,enterprise,12
497,2024-11-19,team,12
498,2024-03-15,business,14
499,2024-10-08,team,37
500,2024-10-10,team,14
501,2024-03-27,enterprise,10
502,2024-08-12,team,12
503,2024-08-11,team,24
504,2024-05-12,team,3
505,2024-02-28,team,29
506,2024-01-04,team,24
507,2024-08-14,team,38
508,2024-06-24,enterprise,16
509,2024-04-23,team,34
510,2024-07-12,team,11
511,2024-01-30,team,6
512,2024-07-24,enterprise,26
513,2024-07-18,team,18
514,2024-10-04,enterprise,18
515,2024-05-04,team,3
516,2024-07-28,team,20
517,2024-04-11,team,31
518,2024-03-09,team,9
519,2024-10-18,team,31
520,2024-11-10,team,27
521,2024-08-31,enterprise,24
522,2024-08-02,team,10
523,2024-05-02,enterprise,40
524,2024-03-25,enterprise,2
525,2024-04-16,team,37
526,2024-06-14,business,37
527,2024-01-28,team,23
528,2024-02-14,enterprise,21
529,2024-10-10,team,16
530,2024-07-27,team,36
531,2024-10-14,enterprise,35
532,2024-01-16,team,8
533,2024-11-14,enterprise,16
534,2024-02-01,team,29
535,2024-10-06,enterprise,5
536,2024-11-11,enterprise,5
537,2024-11-23,business,33
538,2024-10-29,enterprise,30
539,2024-05-11,team,27
540,2024-02-04,team,24
541,2024-07-11,team,33
542,2024-06-13,team,8
543,2024-05-31,business,35
544,2024-06-02,business,29
545,2024-10-01,enterprise,39
546,2024-11-08,business,12
547,2024-07-09,team,35
548,2024-06-29,team,34
549,2024-03-25,team,14
550,2024-10-18,business,9
551,2024-07-20,team,3
552,2024-06-09,enterprise,12
553,2024-10-28,enterprise,10
554,2024-02-20,team,2
555,2024-08-20,enterprise,14
556,2024-02-29,team,12
557,2024-07-04,enterprise,9
558,2024-05-25,business,34
559,2024-02-25,enterprise,20
560,2024-06-11,team,14
561,2024-05-30,business,18
562,2024-01-17,business,7
563,2024-08-03,team,37
564,2024-10-30,team,6
565,2024-07-08,team,18
566,2024-01-16,business,20
567,2024-06-24,business,4
568,2024-11-10,business,12
569,2024-07-09,team,28
570,2024-01-04,team,12
571,2024-02-06,business,28
572,2024-06-28,team,2
573,2024-01-09,team,27
574,2024-02-19,team,12
575,2024-06-21,business,3
576,2024-04-30,enterprise,38
577,2024-08-24,team,15
578,2024-10-11,business,18
579,2024-06-17,business,30
580,2024-10-14,business,20
581,2024-11-11,team,29
582,2024-08-22,team,2
583,2024-06-13,enterprise,13
584,2024-02-07,business,20
585,2024-05-21,enterprise,39
586,2024-09-19,business,38
587,2024-01-05,team,37
588,2024-05-19,team,6
589,2024-03-15,enterprise,22
590,2024-08-16,team,18
591,2024-03-06,enterprise,38
592,2024-08-26,team,39
593,2024-09-29,enterprise,22
594,2024-04-28,business,14
595,2024-10-09,team,34
596,2024-03-09,team,39
597,2024-02-25,team,30
598,2024-08-31,team,35
599,2024-04-30,team,24
600,2024-09-15,team,24
601,2024-08-13,team,7
602,2024-09-10,team,30
603,2024-09-02,enterprise,2
604,2024-01-02,team,13
605,2024-09-27,business,22
606,2024-10-02,team,21
607,2024-04-27,business,4
608,2024-03-06,team,32
609,2024-06-11,team,10
610,2024-05-24,team,16
611,2024-10-30,team,17
612,2024-02-09,team,38
613,2024-10-27,team,14
614,2024-02-16,enterprise,11
615,2024-01-04,enterprise,13
616,2024-01-08,enterprise,15
617,2024-01-27,team,37
618,2024-03-14,business,22
619,2024-07-23,enterprise,27
620,2024-03-16,business,2
621,2024-09-25,enterprise,35
622,2024-07-07,business,27
623,2024-01-11,enterprise,9
624,2024-03-22,team,14
625,2024-04-01,team,19
626,2024-01-13,team,7
627,2024-05-17,business,33
628,2024-11-13,enterprise,2
629,2024-09-29,team,21
630,2024-02-14,enterprise,3
631,2024-11-15,enterprise,11
632,2024-10-31,business,34
633,2024-10-07,enterprise,29
634,2024-07-24,team,38
635,2024-08-30,team,17
636,2024-09-06,team,7
637,2024-10-02,team,9
638,2024-02-01,team,23
639,2024-06-30,team,36
640,2024-06-16,enterprise,6
641,2024-05-07,team,33
642,2024-05-05,team,17
643,2024-01-31,business,18
644,2024-06-17,team,25
645,2024-05-21,team,19
646,2024-05-04,team,28
647,2024-04-11,enterprise,40
648,2024-01-05,business,29
649,2024-04-18,team,21
650,2024-05-22,business,33
651,2024-05-23,enterprise,30
652,2024-11-05,team,13
653,2024-05-01,team,30
654,2024-05-30,team,9
655,2024-05-06,enterprise,11
656,2024-08-15,business,2
657,2024-04-15,team,8
658,2024-10-09,business,19
659,2024-03-19,enterprise,35
660,2024-10-24,team,28
661,2024-04-01,business,13
662,2024-04-23,team,15
663,2024-04-24,enterprise,12
664,2024-01-10,enterprise,15
665,2024-02-20,team,16
666,2024-01-25,business,12
667,2024-06-27,enterprise,24
668,2024-07-12,business,40
669,2024-01-19,team,4
670,2024-04-09,team,33
671,2024-07-09,team,32
672,2024-03-08,team,36
673,2024-10-07,team,15
674,2024-03-21,team,24
675,2024-10-01,enterprise,35
676,2024-02-14,team,28
677,2024-06-16,team,6
678,2024-05-28,business,7
679,2024-01-28,team,35
680,2024-08-28,team,6
681,2024-06-17,team,35
682,2024-03-01,team,37
683,2024-04-07,enterprise,32
684,2024-05-24,team,35
685,2024-02-12,business,11
686,2024-05-30,business,7
687,2024-03-09,team,36
688,2024-01-31,business,25
689,2024-07-02,enterprise,7
690,2024-05-29,team,2
691,2024-01-23,business,36
692,2024-09-27,team,30
693,2024-04-05,enterprise,2
694,2024-06-01,team,37
695,2024-11-25,enterprise,24
696,2024-01-07,team,36
697,2024-08-12,team,2
698,2024-05-24,team,6
699,2024-04-29,business,31
700,2024-01-26,enterprise,39
701,2024-08-28,team,19
702,2024-05-23,enterprise,17
703,2024-08-22,team,3
704,2024-08-29,team,6
705,2024-01-02,business,29
706,2024-01-27,business,38
707,2024-10-26,team,18
708,2024-05-30,business,37
709,2024-08-21,team,8
710,2024-06-03,team,5
711,2024-02-15,team,40
712,2024-11-06,team,38
713,2024-09-07,business,19
714,2024-10-04,enterprise,30
715,2024-10-05,team,25
716,2024-03-03,enterprise,17
717,2024-01-15,enterprise,19
718,2024-06-20,enterprise,32
719,2024-04-16,team,21
720,2024-08-17,team,18
721,2024-04-18,team,40
722,2024-09-08,business,20
723,2024-08-30,enterprise,9
724,2024-10-15,team,27
725,2024-02-17,enterprise,13
726,2024-08-25,enterprise,8
727,2024-09-19,team,7
728,2024-10-20,enterprise,38
729,2024-09-09,enterprise,32
730,2024-01-18,team,36
731,2024-06-21,team,26
732,2024-05-14,team,10
733,2024-04-02,team,35
734,2024-11-09,team,8
735,2024-01-22,team,20
736,2024-05-01,business,13
737,2024-03-13,team,17
738,2024-01-22,business,23
739,2024-04-27,team,27
740,2024-06-03,business,30
741,2024-03-26,business,28
742,2024-08-24,enterprise,28
743,2024-10-24,team,31
744,2024-06-01,team,34
745,2024-07-07,enterprise,34
746,2024-08-29,team,20
747,2024-10-19,team,11
748,2024-06-02,team,27
749,2024-08-25,team,26
750,2024-02-04,business,14
751,2024-03-22,enterprise,33
752,2024-09-19,enterprise,8
753,2024-07-15,business,29
754,2024-10-17,team,38
755,2024-05-10,business,17
756,2024-11-13,business,27
757,2024-05-02,team,18
758,2024-07-01,business,22
759,2024-09-09,team,7
760,2024-03-19,team,35
761,2024-06-19,business,30
762,2024-06-23,business,30
763,2024-03-19,team,3
764,2024-04-25,team,17
765,2024-10-23,team,37
766,2024-09-03,enterprise,39
767,2024-01-05,business,3
768,2024-06-09,enterprise,29
769,2024-09-06,team,39
770,2024-11-24,enterprise,37
771,2024-02-05,business,6
772,2024-04-14,team,11
773,2024-07-06,team,33
774,2024-02-01,enterprise,11
775,2024-07-09,team,13
776,2024-01-02,team,27
777,2024-09-27,enterprise,17
778,2024-11-19,enterprise,34
779,2024-02-01,team,25
780,2024-10-18,business,6
781,2024-10-22,enterprise,32
782,2024-05-01,team,17
783,2024-01-13,team,14
784,2024-02-17,business,15
785,2024-02-19,team,25
786,2024-09-15,team,16
787,2024-01-19,team,25
788,2024-10-15,enterprise,25
789,2024-04-12,enterprise,10
790,2024-03-08,team,38
791,2024-03-14,business,26
792,2024-05-31,business,23
793,2024-09-12,enterprise,33
794,2024-02-14,business,25
795,2024-05-31,team,24
796,2024-06-16,team,38
797,2024-02-07,business,33
798,2024-03-21,enterprise,26
799,2024-01-02,enterprise,39
800,2024-03-23,enterprise,30
801,2024-09-17,team,35
802,2024-02-20,enterprise,20
803,2024-04-05,team,7
804,2024-06-09,business,6
805,2024-04-10,team,2
806,2024-04-02,enterprise,25
807,2024-10-09,business,11
808,2024-09-10,team,22
809,2024-02-25,team,35
810,2024-02-25,team,6
811,2024-03-27,team,6
812,2024-04-11,enterprise,28
813,2024-06-20,team,19
814,2024-05-11,business,4
815,2024-11-05,enterprise,14
816,2024-06-01,enterprise,25
817,2024-04-12,enterprise,3
818,2024-04-16,team,40
819,2024-04-07,team,25
820,2024-10-10,team,39
821,2024-07-28,team,9
822,2024-05-11,business,5
823,2024-10-17,enterprise,28
824,2024-05-08,team,4
825,2024-07-25,team,11
826,2024-05-30,enterprise,14
827,2024-08-10,enterprise,7
828,2024-06-14,team,24
829,2024-06-25,enterprise,38
830,2024-01-20,enterprise,38
831,2024-06-09,team,27
832,2024-02-24,team,22
833,2024-10-22,business,24
834,2024-03-27,team,33
835,2024-09-29,team,8
836,2024-01-30,team,10
837,2024-07-02,team,32
838,2024-03-30,business,16
839,2024-04-05,team,39
840,2024-11-04,team,35
841,2024-03-30,team,28
842,2024-08-28,business,11
843,2024-07-31,team,26
844,2024-02-04,business,40
845,2024-05-01,business,3
846,2024-04-06,team,18
847,2024-05-25,team,3
848,2024-11-02,business,8
849,2024-03-13,team,31
850,2024-06-18,enterprise,27
851,2024-03-20,enterprise,37
852,2024-09-22,team,28
853,2024-10-08,business,33
854,2024-07-08,business,8
855,2024-04-26,enterprise,39
856,2024-10-03,enterprise,33
857,2024-03-03,enterprise,18
858,2024-06-06,enterprise,35
859,2024-07-03,enterprise,17
860,2024-09-09,team,30
861,2024-09-02,business,31
862,2024-03-09,team,25
863,2024-07-17,enterprise,36
864,2024-06-20,enterprise,10
865,2024-07-05,team,30
866,2024-05-24,team,14
867,2024-01-01,business,17
868,2024-08-31,team,16
869,2024-11-11,team,22
870,2024-07-11,team,25
871,2024-07-09,team,8
872,2024-05-09,enterprise,10
873,2024-05-08,team,32
874,2024-11-16,team,10
875,2024-10-14,team,31
876,2024-04-09,enterprise,28
877,2024-11-11,team,29
878,2024-02-12,business,27
879,2024-03-28,team,18
880,2024-07-30,enterprise,8
881,2024-06-09,business,17
882,2024-03-18,team,31
883,2024-07-27,enterprise,4
884,2024-04-09,team,29
885,2024-02-20,enterprise,27
886,2024-06-05,business,25
887,2024-09-16,team,6
888,2024-07-19,business,21
889,2024-09-02,team,3
890,2024-05-06,enterprise,8
891,2024-11-04,team,17
892,2024-08-08,enterprise,3
893,2024-01-31,team,16
894,2024-04-25,enterprise,33
895,2024-07-24,business,39
896,2024-09-20,business,32
897,2024-06-24,team,28
898,2024-03-24,team,12
899,2024-11-22,team,33
900,2024-08-16,enterprise,20
901,2024-05-29,team,9
902,2024-03-03,team,4
903,2024-07-30,team,8
904,2024-03-13,business,30
905,2024-03-21,business,10
906,2024-11-18,team,19
907,2024-08-22,business,11
908,2024-03-31,enterprise,5
909,2024-04-20,team,26
910,2024-06-18,business,27
911,2024-02-06,team,32
912,2024-01-12,team,12
913,2024-11-11,business,5
914,2024-10-11,business,8
915,2024-01-09,team,12
916,2024-04-08,team,10
917,2024-03-12,team,25
918,2024-06-02,team,16
919,2024-05-05,enterprise,37
920,2024-11-14,business,13
921,2024-08-23,team,5
922,2024-08-24,team,22
923,2024-01-18,team,12
924,2024-10-11,team,4
925,2024-01-13,business,8
926,2024-07-24,team,13
927,2024-03-30,enterprise,27
928,2024-09-23,enterprise,35
929,2024-03-14,team,17
930,2024-02-24,team,16
931,2024-11-09,business,10
932,2024-07-31,team,8
933,2024-09-29,team,33
934,2024-07-19,business,34
935,2024-04-21,team,7
936,2024-01-01,team,20
937,2024-11-15,business,8
938,2024-11-23,enterprise,11
939,2024-01-08,team,16
940,2024-01-17,enterprise,27
941,2024-08-15,team,11
942,2024-08-31,enterprise,15
943,2024-06-05,team,14
944,2024-06-30,business,13
945,2024-09-02,team,10
946,2024-10-16,business,36
947,2024-03-18,team,39
948,2024-10-06,team,34
949,2024-09-11,team,4
950,2024-10-18,enterprise,2
951,2024-05-28,business,21
952,2024-09-07,team,3
953,2024-06-12,business,10
954,2024-10-07,team,28
955,2024-08-09,team,19
956,2024-08-23,team,32
957,2024-09-24,team,22
958,2024-09-07,team,34
959,2024-07-20,business,18
960,2024-11-09,team,19
961,2024-02-07,enterprise,29
962,2024-02-15,enterprise,28
963,2024-03-20,team,20
964,2024-01-12,enterprise,23
965,2024-08-19,team,34
966,2024-02-06,team,3
967,2024-08-10,enterprise,31
968,2024-05-25,team,2
969,2024-03-21,enterprise,39
970,2024-06-13,team,34
971,2024-06-26,business,35
972,2024-05-06,team,37
973,2024-11-11,team,7
974,2024-02-05,team,4
975,2024-07-05,team,5
976,2024-11-04,team,28
977,2024-11-15,business,25
978,2024-03-02,team,12
979,2024-11-19,team,8
980,2024-07-13,team,12
981,2024-10-02,enterprise,8
982,2024-05-03,enterprise,36
983,2024-10-09,team,34
984,2024-03-28,team,13
985,2024-02-25,team,40
986,2024-02-16,business,13
987,2024-10-22,team,4
988,2024-07-14,business,9
989,2024-06-03,team,38
990,2024-08-30,business,35
991,2024-08-02,enterprise,9
992,2024-04-03,team,6
993,2024-08-31,business,20
994,2024-07-17,team,40
995,2024-06-17,business,25
996,2024-01-05,enterprise,37
997,2024-09-10,business,20
998,2024-08-10,team,13
999,2024-09-01,business,15
1000,2024-04-13,team,36
1001,2024-08-08,team,15
1002,2024-05-04,team,32
1003,2024-09-02,team,40
1004,2024-02-25,team,36
1005,2024-08-31,team,6
1006,2024-08-15,team,40
1007,2024-02-15,enterprise,6
1008,2024-09-09,business,9
1009,2024-01-19,team,3
1010,2024-05-06,team,14
1011,2024-01-10,team,23
1012,2024-09-09,enterprise,32
1013,2024-10-24,team,36
1014,2024-11-16,team,9
1015,2024-04-27,business,40
1016,2024-06-06,team,17
1017,2024-06-14,business,34
1018,2024-11-12,enterprise,10
1019,2024-04-20,team,12
1020,2024-11-24,business,8
1021,2024-10-10,team,34
1022,2024-05-31,team,39
1023,2024-02-08,enterprise,3
1024,2024-03-26,team,38
1025,2024-02-21,team,36
1026,2024-11-04,team,14
1027,2024-02-06,team,4
1028,2024-10-29,team,9
1029,2024-02-05,team,28
1030,2024-07-19,enterprise,6
1031,2024-10-24,business,35
1032,2024-08-01,team,30
1033,2024-06-21,team,12
1034,2024-11-25,team,38
1035,2024-01-03,team,18
1036,2024-03-21,enterprise,21
1037,2024-02-16,enterprise,5
1038,2024-03-03,team,30
1039,2024-07-04,enterprise,38
1040,2024-04-23,enterprise,40
1041,2024-04-29,business,2
1042,2024-01-08,enterprise,24
1043,2024-07-11,enterprise,17
1044,2024-06-09,team,26
1045,2024-09-26,team,18
1046,2024-05-01,team,13
1047,2024-11-09,team,16
1048,2024-01-21,enterprise,21
1049,2024-11-17,team,23
1050,2024-10-22,team,8
1051,2024-08-08,enterprise,30
1052,2024-09-12,team,24
1053,2024-10-14,team,24
1054,2024-06-06,team,9
1055,2024-06-29,team,6
1056,2024-11-15,enterprise,28
1057,2024-05-31,team,25
1058,2024-05-18,business,11
1059,2024-05-23,business,29
1060,2024-08-12,business,28
1061,2024-07-03,enterprise,24
1062,2024-06-05,team,34
1063,2024-01-24,team,40
1064,2024-10-24,business,7
1065,2024-09-07,team,27
1066,2024-11-09,team,33
1067,2024-10-16,business,5
1068,2024-04-29,business,32
1069,2024-07-24,team,16
1070,2024-08-12,business,34
1071,2024-09-22,team,38
1072,2024-09-16,enterprise,23
1073,2024-10-02,business,22
1074,2024-09-29,business,14
1075,2024-01-19,team,37
1076,2024-11-16,team,4
1077,2024-07-28,enterprise,38
1078,2024-03-20,team,31
1079,2024-07-08,enterprise,5
1080,2024-01-18,team,15
1081,2024-02-05,business,2
1082,2024-11-11,team,6
1083,2024-01-14,enterprise,40
1084,2024-04-17,business,18
1085,2024-03-04,team,15
1086,2024-11-22,team,24
1087,2024-08-23,business,22
1088,2024-05-29,enterprise,6
1089,2024-10-01,enterprise,34
1090,2024-03-02,team,37
1091,2024-08-08,enterprise,26
1092,2024-02-22,enterprise,22
1093,2024-10-25,team,37
1094,2024-09-02,business,17
1095,2024-02-18,team,29
1096,2024-05-09,business,34
1097,2024-06-28,team,32
1098,2024-01-16,team,37
1099,2024-04-06,enterprise,3
1100,2024-07-23,enterprise,20
1101,2024-06-28,business,23
1102,2024-03-11,team,35
1103,2024-07-18,business,36
1104,2024-05-14,team,13
1105,2024-10-12,team,18
1106,2024-03-03,team,25
1107,2024-02-28,enterprise,5
1108,2024-06-26,team,26
1109,2024-11-09,enterprise,6
1110,2024-03-11,team,16
1111,2024-01-30,business,12
1112,2024-02-20,team,9
1113,2024-03-24,team,8
1114,2024-05-18,enterprise,22
1115,2024-03-28,business,34
1116,2024-07-03,team,5
1117,2024-04-13,business,5
1118,2024-07-22,enterprise,29
1119,2024-11-07,team,19
1120,2024-01-12,team,20
1121,2024-04-25,team,22
1122,2024-09-11,team,27
1123,2024-08-30,enterprise,23
1124,2024-07-18,team,36
1125,2024-03-11,business,22
1126,2024-02-27,enterprise,14
1127,2024-06-09,team,36
1128,2024-10-28,enterprise,12
1129,2024-06-14,team,23
1130,2024-11-18,team,24
1131,2024-09-27,team,38
1132,2024-06-13,business,23
1133,2024-05-29,team,20
1134,2024-03-24,team,24
1135,2024-11-26,team,3
1136,2024-06-09,business,19
1137,2024-11-18,team,15
1138,2024-07-19,team,23
1139,2024-09-11,team,6
1140,2024-02-16,team,12
1141,2024-06-22,team,29
1142,2024-03-04,enterprise,14
1143,2024-09-10,team,10
1144,2024-02-04,business,30
1145,2024-11-13,enterprise,23
1146,2024-02-04,enterprise,27
1147,2024-01-01,enterprise,10
1148,2024-01-19,team,34
1149,2024-01-16,enterprise,35
1150,2024-10-27,team,28
1151,2024-10-11,team,24
1152,2024-07-31,business,35
1153,2024-01-04,enterprise,39
1154,2024-02-12,team,28
1155,2024-11-21,enterprise,8
1156,2024-03-17,enterprise,22
1157,2024-03-23,team,18
1158,2024-08-20,team,11
1159,2024-01-29,team,3
1160,2024-05-09,team,23
1161,2024-06-25,enterprise,30
1162,2024-05-16,team,31
1163,2024-01-12,business,40
1164,2024-02-06,enterprise,26
1165,2024-02-12,enterprise,7
1166,2024-07-14,enterprise,25
1167,2024-08-04,enterprise,10
1168,2024-04-09,business,40
1169,2024-09-20,team,22
1170,2024-01-10,enterprise,24
1171,2024-05-12,enterprise,16
1172,2024-09-26,enterprise,26
1173,2024-01-22,enterprise,9
1174,2024-07-14,team,16
1175,2024-04-23,team,29
1176,2024-07-06,team,27
1177,2024-10-22,team,36
1178,2024-03-25,business,20
1179,2024-08-25,enterprise,30
1180,2024-09-06,business,33
1181,2024-10-26,team,3
1182,2024-09-19,enterprise,23
1183,2024-09-05,team,27
1184,2024-07-24,business,25
1185,2024-11-22,team,38
1186,2024-04-02,enterprise,32
1187,2024-09-20,team,25
1188,2024-05-30,team,21
1189,2024-03-30,team,39
1190,2024-09-27,business,36
1191,2024-08-13,team,34
1192,2024-06-08,team,4
1193,2024-02-19,team,24
1194,2024-04-18,team,40
1195,2024-07-14,enterprise,28
1196,2024-09-03,business,40
1197,2024-07-16,enterprise,39
1198,2024-10-21,team,30
1199,2024-02-12,team,3
1200,2024-03-24,enterprise,37
1201,2024-02-05,team,15
1202,2024-05-01,team,5
1203,2024-05-18,enterprise,10
1204,2024-10-20,business,19
1205,2024-11-10,team,4
1206,2024-06-10,team,8
1207,2024-02-29,enterprise,29
1208,2024-03-15,business,18
1209,2024-07-23,enterprise,14
1210,2024-07-23,team,24
1211,2024-01-19,team,37
1212,2024-02-17,enterprise,37
1213,2024-07-10,enterprise,33
1214,2024-07-21,business,34
1215,2024-02-24,enterprise,24
1216,2024-11-08,team,23
1217,2024-10-20,enterprise,3
1218,2024-10-25,team,38
1219,2024-04-25,business,39
1220,2024-03-12,enterprise,8
1221,2024-05-30,team,35
1222,2024-03-05,team,6
1223,2024-03-13,team,24
1224,2024-11-21,team,20
1225,2024-08-03,team,23
1226,2024-04-09,team,28
1227,2024-06-23,team,11
1228,2024-03-19,business,16
1229,2024-09-07,team,34
1230,2024-02-02,team,37
1231,2024-05-21,business,15
1232,2024-05-26,team,4
1233,2024-10-06,business,19
1234,2024-06-09,team,18
1235,2024-10-30,enterprise,8
1236,2024-01-24,team,2
1237,2024-02-22,team,25
1238,2024-03-24,team,10
1239,2024-04-16,team,37
1240,2024-11-12,team,2
1241,2024-10-20,business,16
1242,2024-07-23,team,40
1243,2024-02-09,business,37
1244,2024-07-26,business,2
1245,2024-08-03,team,35
1246,2024-09-16,team,6
1247,2024-02-29,enterprise,12
1248,2024-01-31,enterprise,12
1249,2024-02-29,team,40
1250,2024-09-06,team,26
1251,2024-01-08,business,25
1252,2024-06-03,team,19
1253,2024-07-07,business,16
1254,2024-06-22,team,13
1255,2024-01-07,business,37
1256,2024-01-25,team,20
1257,2024-10-11,team,2
1258,2024-10-17,team,39
1259,2024-05-10,team,17
1260,2024-09-04,team,40
1261,2024-01-23,business,29
1262,2024-10-12,team,31
1263,2024-05-23,team,18
1264,2024-03-31,team,22
1265,2024-08-22,team,34
1266,2024-11-26,team,19
1267,2024-11-23,team,17
1268,2024-03-24,business,36
1269,2024-11-11,team,14
1270,2024-01-21,team,36
1271,2024-07-21,team,15
1272,2024-04-04,business,31
1273,2024-03-20,team,35
1274,2024-05-09,enterprise,21
1275,2024-09-23,business,17
1276,2024-01-13,enterprise,36
1277,2024-07-08,team,18
1278,2024-04-20,enterprise,3
1279,2024-03-29,enterprise,13
1280,2024-05-31,team,10
1281,2024-06-19,business,4
1282,2024-02-25,business,34
1283,2024-05-17,enterprise,36
1284,2024-06-16,team,12
1285,2024-05-31,team,36
1286,2024-07-31,enterprise,33
1287,2024-05-03,team,24
1288,2024-02-05,enterprise,27
1289,2024-11-19,team,20
1290,2024-09-21,team,26
1291,2024-02-28,team,10
1292,2024-03-01,team,5
1293,2024-11-25,enterprise,24
1294,2024-08-24,team,28
1295,2024-10-17,business,14
1296,2024-08-27,enterprise,40
1297,2024-08-04,business,30
1298,2024-05-11,business,5
1299,2024-02-24,enterprise,7
1300,2024-02-15,team,18
1301,2024-08-24,team,18
1302,2024-02-26,team,27
1303,2024-07-12,team,21
1304,2024-09-22,business,33
1305,2024-10-30,team,9
1306,2024-08-09,team,20
1307,2024-04-10,business,25
1308,2024-05-03,business,23
1309,2024-11-03,enterprise,19
1310,2024-10-06,team,21
1311,2024-05-02,team,5
1312,2024-08-23,team,5
1313,2024-08-26,team,14
1314,2024-02-23,business,13
1315,2024-11-04,team,25
1316,2024-04-18,business,39
1317,2024-09-08,team,32
1318,2024-03-04,team,22
1319,2024-01-16,team,34
1320,2024-06-03,business,38
1321,2024-03-04,enterprise,10
1322,2024-09-06,team,13
1323,2024-05-15,business,26
1324,2024-07-12,team,28
1325,2024-08-13,business,38
1326,2024-05-07,team,18
1327,2024-09-16,team,12
1328,2024-06-12,business,22
1329,2024-05-20,business,23
1330,2024-02-20,team,16
1331,2024-11-15,enterprise,17
1332,2024-10-11,team,7
1333,2024-01-04,team,38
1334,2024-09-19,enterprise,21
1335,2024-06-04,team,26
1336,2024-10-20,team,29
1337,2024-04-13,team,23
1338,2024-04-30,team,11
1339,2024-08-15,business,18
1340,2024-02-01,team,18
1341,2024-09-25,business,3
1342,2024-03-24,business,32
1343,2024-08-21,team,20
1344,2024-04-23,enterprise,8
1345,2024-04-06,business,18
1346,2024-04-30,team,23
1347,2024-03-01,team,11
1348,2024-06-12,team,37
1349,2024-11-14,team,8
1350,2024-03-07,business,24
1351,2024-07-27,team,20
1352,2024-06-28,team,24
1353,2024-09-28,business,40
1354,2024-02-22,enterprise,10
1355,2024-01-12,team,12
1356,2024-09-13,enterprise,17
1357,2024-01-12,team,5
1358,2024-03-09,enterprise,2
1359,2024-02-11,business,16
1360,2024-03-07,business,10
1361,2024-04-20,business,5
1362,2024-05-29,team,10
1363,2024-04-26,business,18
1364,2024-03-20,team,19
1365,2024-11-03,team,10
1366,2024-10-04,team,25
1367,2024-04-30,enterprise,30
1368,2024-11-14,business,28
1369,2024-01-06,enterprise,13
1370,2024-11-04,team,38
1371,2024-04-13,enterprise,10
1372,2024-10-02,business,40
1373,2024-05-03,team,34
1374,2024-11-08,business,6
1375,2024-10-04,business,29
1376,2024-01-05,enterprise,36
1377,2024-07-08,business,29
1378,2024-03-26,enterprise,10
1379,2024-04-22,team,27
1380,2024-02-15,enterprise,28
1381,2024-08-02,enterprise,28
1382,2024-10-17,team,8
1383,2024-04-29,enterprise,40
1384,2024-11-18,team,13
1385,2024-03-14,team,15
1386,2024-05-09,business,34
1387,2024-10-25,business,6
1388,2024-02-02,team,23
1389,2024-02-12,business,39
1390,2024-07-19,team,25
1391,2024-05-02,team,26
1392,2024-10-23,business,24
1393,2024-04-22,team,21
1394,2024-11-13,team,7
1395,2024-01-28,enterprise,11
1396,2024-09-28,enterprise,14
1397,2024-06-23,team,40
1398,2024-03-20,business,34
1399,2024-08-14,enterprise,30
1400,2024-03-13,business,3
1401,2024-10-23,team,33
1402,2024-05-19,business,2
1403,2024-07-19,team,3
1404,2024-01-15,team,21
1405,2024-08-20,team,32
1406,2024-11-07,team,25
1407,2024-11-04,team,12
1408,2024-09-18,business,27
1409,2024-06-12,enterprise,23
1410,2024-09-03,team,26
1411,2024-10-22,team,25
1412,2024-02-12,enterprise,27
1413,2024-05-05,enterprise,25
1414,2024-02-07,team,28
1415,2024-01-08,team,21
1416,2024-02-20,team,6
1417,2024-01-12,business,5
1418,2024-07-05,enterprise,31
1419,2024-02-09,enterprise,6
1420,2024-01-12,business,21
1421,2024-11-03,business,29
1422,2024-03-04,team,13
1423,2024-04-18,enterprise,8
1424,2024-04-20,business,21
1425,2024-05-03,enterprise,21
1426,2024-09-13,team,20
1427,2024-07-05,team,16
1428,2024-11-03,team,36
1429,2024-05-05,team,38
1430,2024-06-23,team,24
1431,2024-08-23,team,33
1432,2024-04-21,business,16
1433,2024-11-06,team,4
1434,2024-08-08,business,6
1435,2024-03-28,team,30
1436,2024-08-23,business,24
1437,2024-07-23,business,7
1438,2024-08-06,team,12
1439,2024-04-05,team,21
1440,2024-06-20,business,37
1441,2024-07-10,team,16
1442,2024-02-24,enterprise,2
1443,2024-02-16,team,22
1444,2024-06-24,business,27
1445,2024-09-26,enterprise,26
1446,2024-04-13,team,34
1447,2024-03-31,team,31
1448,2024-04-28,enterprise,6
1449,2024-03-25,team,24
1450,2024-03-31,team,29
1451,2024-10-03,team,37
1452,2024-10-18,team,24
1453,2024-11-19,team,19
1454,2024-08-01,team,37
1455,2024-11-03,business,29
1456,2024-02-24,enterprise,19
1457,2024-02-10,team,5
1458,2024-07-04,business,24
1459,2024-06-27,enterprise,25
1460,2024-09-08,business,30
1461,2024-01-31,team,4
1462,2024-05-18,business,16
1463,2024-08-27,team,36
1464,2024-04-11,enterprise,28
1465,2024-01-27,team,15
1466,2024-05-12,team,19
1467,2024-11-09,business,23
1468,2024-07-13,team,39
1469,2024-04-05,business,16
1470,2024-01-23,enterprise,5
1471,2024-11-14,enterprise,28
1472,2024-04-04,team,31
1473,2024-08-04,team,15
1474,2024-07-04,enterprise,39
1475,2024-05-09,team,9
1476,2024-09-06,business,22
1477,2024-06-11,enterprise,17
1478,2024-03-17,team,14
1479,2024-01-25,enterprise,34
1480,2024-01-07,enterprise,39
1481,2024-02-23,team,9
1482,2024-07-28,team,19
1483,2024-01-13,business,30
1484,2024-01-19,team,6
1485,2024-11-05,business,4
1486,2024-01-12,team,6
1487,2024-05-11,team,23
1488,2024-08-27,team,40
1489,2024-01-13,team,31
1490,2024-04-23,team,39
1491,2024-08-06,team,18
1492,2024-05-17,business,22
1493,2024-07-22,enterprise,37
1494,2024-09-23,team,33
1495,2024-02-22,enterprise,20
1496,2024-03-08,business,16
1497,2024-03-18,enterprise,16
1498,2024-09-27,team,25
1499,2024-10-05,enterprise,35
1500,2024-05-04,enterprise,16
1501,2024-08-29,enterprise,25
1502,2024-10-24,team,17
1503,2024-03-25,business,39
1504,2024-11-13,team,8
1505,2024-11-07,team,39
1506,2024-09-10,business,29
1507,2024-07-25,enterprise,5
1508,2024-06-17,team,24
1509,2024-11-05,team,35
1510,2024-03-09,business,7
1511,2024-06-29,team,19
1512,2024-04-30,enterprise,14
1513,2024-02-01,team,40
1514,2024-06-27,enterprise,35
1515,2024-11-10,business,14
1516,2024-07-02,business,9
1517,2024-10-27,team,2
1518,2024-08-22,enterprise,3
1519,2024-02-08,team,13
1520,2024-02-28,team,21
1521,2024-06-04,business,37
1522,2024-02-14,team,17
1523,2024-04-04,team,5
1524,2024-05-21,business,32
1525,2024-09-16,team,18
1526,2024-07-03,team,36
1527,2024-02-19,enterprise,10
1528,2024-06-07,team,28
1529,2024-04-09,enterprise,36
1530,2024-04-23,team,38
1531,2024-02-02,team,32
1532,2024-08-13,team,25
1533,2024-03-04,business,5
1534,2024-06-13,team,15
1535,2024-08-07,business,30
1536,2024-08-27,business,31
1537,2024-10-23,business,26
1538,2024-05-30,enterprise,17
1539,2024-08-27,enterprise,27
1540,2024-11-10,business,21
1541,2024-08-30,enterprise,17
1542,2024-01-05,team,34
1543,2024-04-20,team,6
1544,2024-02-14,business,10
1545,2024-10-02,team,38
1546,2024-05-28,enterprise,36
1547,2024-08-24,enterprise,17
1548,2024-02-07,team,11
1549,2024-08-21,team,11
1550,2024-08-11,enterprise,18
1551,2024-11-06,team,18
1552,2024-11-21,business,20
1553,2024-11-24,business,28
1554,2024-02-23,team,28
1555,2024-01-20,business,4
1556,2024-08-13,team,19
1557,2024-05-05,team,17
1558,2024-01-13,enterprise,27
1559,2024-03-09,enterprise,5
1560,2024-03-07,enterprise,19
1561,2024-06-19,team,18
1562,2024-05-18,business,7
1563,2024-01-16,team,24
1564,2024-01-26,team,2
1565,2024-06-20,enterprise,35
1566,2024-09-23,team,29
1567,2024-10-30,enterprise,40
1568,2024-11-13,business,33
1569,2024-04-30,team,14
1570,2024-05-31,team,2
1571,2024-06-01,enterprise,13
1572,2024-07-23,team,4
1573,2024-09-03,team,26
1574,2024-03-10,business,2
1575,2024-11-18,enterprise,35
1576,2024-04-04,team,32
1577,2024-10-04,business,32
1578,2024-07-02,enterprise,6
1579,2024-04-27,team,9
1580,2024-03-08,enterprise,17
1581,2024-05-11,team,19
1582,2024-03-07,business,36
1583,2024-03-21,team,3
1584,2024-02-20,team,15
1585,2024-10-27,team,8
1586,2024-09-13,team,8
1587,2024-08-27,business,22
1588,2024-11-04,business,33
1589,2024-01-06,enterprise,26
1590,2024-03-22,team,21
1591,2024-04-15,team,18
1592,2024-07-10,team,22
1593,2024-02-01,team,19
1594,2024-05-03,enterprise,32
1595,2024-07-05,enterprise,9
1596,2024-07-09,team,4
1597,2024-04-13,team,2
1598,2024-07-15,enterprise,14
1599,2024-01-24,business,9
1600,2024-11-21,team,14
1601,2024-06-06,business,11
1602,2024-08-20,enterprise,2
1603,2024-05-06,business,23
1604,2024-06-24,enterprise,12
1605,2024-10-14,enterprise,34
1606,2024-07-08,enterprise,10
1607,2024-04-28,team,2
1608,2024-01-31,enterprise,27
1609,2024-07-01,team,7
1610,2024-05-03,team,27
1611,2024-08-29,team,26
1612,2024-11-08,team,12
1613,2024-08-26,enterprise,16
1614,2024-08-15,enterprise,20
1615,2024-01-03,team,16
1616,2024-06-19,team,20
1617,2024-07-20,team,18
1618,2024-06-19,business,28
1619,2024-08-08,team,17
1620,2024-03-10,team,26
1621,2024-01-18,business,28
1622,2024-10-22,team,27
1623,2024-06-24,business,34
1624,2024-01-22,enterprise,11
1625,2024-01-21,business,9
1626,2024-06-23,enterprise,3
1627,2024-06-10,business,28
1628,2024-05-25,team,19
1629,2024-04-16,team,19
1630,2024-08-04,business,40
1631,2024-04-27,business,2
1632,2024-05-28,business,22
1633,2024-02-04,enterprise,20
1634,2024-05-01,team,5
1635,2024-01-07,team,9
1636,2024-10-30,business,28
1637,2024-01-23,team,9
1638,2024-06-29,business,37
1639,2024-02-02,business,6
1640,2024-01-15,team,7
1641,2024-01-10,business,8
1642,2024-06-02,enterprise,36
1643,2024-05-11,team,37
1644,2024-07-16,team,26
1645,2024-09-08,team,18
1646,2024-04-15,team,4
1647,2024-06-25,enterprise,8
1648,2024-02-16,business,4
1649,2024-02-23,team,28
1650,2024-02-23,business,15
1651,2024-01-03,enterprise,32
1652,2024-01-23,business,7
1653,2024-09-25,business,33
1654,2024-05-05,team,27
1655,2024-03-19,team,22
1656,2024-02-27,enterprise,19
1657,2024-04-05,business,2
1658,2024-05-15,team,25
1659,2024-10-14,team,39
1660,2024-02-02,team,10
1661,2024-01-10,enterprise,15
1662,2024-01-23,team,13
1663,2024-11-25,team,9
1664,2024-09-09,business,39
1665,2024-09-22,team,11
1666,2024-01-10,business,23
1667,2024-03-07,business,37
1668,2024-11-06,team,13
1669,2024-08-20,enterprise,37
1670,2024-04-03,team,24
1671,2024-09-20,enterprise,26
1672,2024-09-13,enterprise,28
1673,2024-06-30,team,10
1674,2024-02-05,business,28
1675,2024-02-19,enterprise,24
1676,2024-11-01,team,17
1677,2024-02-13,team,20
1678,2024-09-28,business,39
1679,2024-02-27,team,20
1680,2024-11-10,business,39
1681,2024-09-27,team,6
1682,2024-03-18,team,40
1683,2024-10-14,enterprise,14
1684,2024-03-10,team,15
1685,2024-04-19,business,35
1686,2024-09-08,team,13
1687,2024-09-24,business,35
1688,2024-04-21,business,20
1689,2024-08-19,team,9
1690,2024-08-26,team,2
1691,2024-08-10,team,23
1692,2024-06-18,business,40
1693,2024-05-31,business,14
1694,2024-05-20,team,31
1695,2024-02-19,enterprise,29
1696,2024-11-15,enterprise,4
1697,2024-10-12,team,20
1698,2024-06-03,enterprise,17
1699,2024-01-05,team,9
1700,2024-09-23,business,27
1701,2024-06-14,business,18
1702,2024-10-11,business,13
1703,2024-08-22,business,31
1704,2024-07-29,team,10
1705,2024-01-03,team,6
1706,2024-06-16,business,15
1707,2024-09-27,team,18
1708,2024-11-15,team,23
1709,2024-02-28,enterprise,20
1710,2024-01-28,business,28
1711,2024-10-04,business,20
1712,2024-07-02,team,21
1713,2024-08-13,team,40
1714,2024-06-14,team,18
1715,2024-05-04,team,19
1716,2024-09-11,team,29
1717,2024-09-03,enterprise,20
1718,2024-10-07,business,27
1719,2024-08-24,team,40
1720,2024-05-24,team,19
1721,2024-06-23,team,29
1722,2024-11-14,enterprise,2
1723,2024-03-22,team,39
1724,2024-07-02,team,14
1725,2024-11-17,team,13
1726,2024-06-24,team,39
1727,2024-10-29,business,30
1728,2024-08-18,enterprise,5
1729,2024-09-20,enterprise,16
1730,2024-09-22,team,31
1731,2024-07-08,business,18
1732,2024-05-16,team,14
1733,2024-04-16,team,25
1734,2024-01-15,team,13
1735,2024-07-21,team,9
1736,2024-05-10,enterprise,6
1737,2024-04-24,enterprise,8
1738,2024-01-20,enterprise,38
1739,2024-10-06,enterprise,12
1740,2024-10-24,enterprise,4
1741,2024-08-09,team,36
1742,2024-06-29,team,16
1743,2024-04-22,team,37
1744,2024-02-22,enterprise,15
1745,2024-11-14,team,33
1746,2024-07-11,business,15
1747,2024-08-28,enterprise,21
1748,2024-02-16,team,39
1749,2024-01-15,team,25
1750,2024-07-31,enterprise,9
1751,2024-11-06,business,17
1752,2024-05-04,team,24
1753,2024-08-02,team,26
1754,2024-02-17,team,6
1755,2024-05-11,team,15
1756,2024-01-27,business,32
1757,2024-09-14,business,40
1758,2024-01-02,enterprise,40
1759,2024-04-13,enterprise,13
1760,2024-01-07,team,12
1761,2024-06-08,team,2
1762,2024-07-22,team,16
1763,2024-02-11,team,16
1764,2024-05-26,enterprise,39
1765,2024-06-01,business,19
1766,2024-06-10,team,9
1767,2024-08-31,team,4
1768,2024-03-05,business,37
1769,2024-04-20,business,39
1770,2024-05-27,team,33
1771,2024-11-17,enterprise,24
1772,2024-03-07,enterprise,3
1773,2024-06-05,enterprise,36
1774,2024-03-09,enterprise,19
1775,2024-02-03,business,15
1776,2024-09-15,business,16
1777,2024-03-09,team,19
1778,2024-10-05,business,31
1779,2024-02-26,team,23
1780,2024-07-05,team,15
1781,2024-05-23,business,25
1782,2024-06-24,enterprise,14
1783,2024-04-18,business,19
1784,2024-05-14,enterprise,18
1785,2024-06-20,team,28
1786,2024-07-04,team,5
1787,2024-10-07,team,18
1788,2024-10-19,enterprise,30
1789,2024-01-09,business,3
1790,2024-11-07,team,36
1791,2024-08-01,team,7
1792,2024-01-03,team,10
1793,2024-06-29,enterprise,17
1794,2024-11-03,enterprise,13
1795,2024-07-30,team,15
1796,2024-03-11,team,21
1797,2024-07-31,team,6
1798,2024-06-09,enterprise,21
1799,2024-06-06,enterprise,37
1800,2024-04-01,enterprise,8
1801,2024-07-30,team,30
1802,2024-05-28,enterprise,4
1803,2024-09-18,team,2
1804,2024-04-25,team,22
1805,2024-03-07,enterprise,15
1806,2024-06-17,team,19
1807,2024-09-03,team,36
1808,2024-01-13,team,20
1809,2024-08-29,enterprise,22
1810,2024-07-22,team,15
1811,2024-04-22,business,4
1812,2024-06-22,enterprise,37
1813,2024-06-03,business,10
1814,2024-05-05,enterprise,26
1815,2024-09-13,team,3
1816,2024-02-03,team,25
1817,2024-03-19,business,40
1818,2024-11-11,team,10
1819,2024-08-09,team,21
1820,2024-01-01,business,28
1821,2024-05-02,business,3
1822,2024-10-18,business,30
1823,2024-05-02,team,32
1824,2024-10-23,enterprise,3
1825,2024-07-24,enterprise,35
1826,2024-11-19,team,31
1827,2024-08-10,enterprise,2
1828,2024-04-16,business,36
1829,2024-03-28,enterprise,31
1830,2024-01-27,team,5
1831,2024-04-11,team,32
1832,2024-07-30,team,24
1833,2024-06-28,team,34
1834,2024-06-23,team,36
1835,2024-07-24,team,18
1836,2024-08-19,enterprise,24
1837,2024-04-12,enterprise,27
1838,2024-02-27,enterprise,19
1839,2024-09-06,team,33
1840,2024-10-03,enterprise,23
1841,2024-02-10,enterprise,23
1842,2024-08-19,team,23
1843,2024-06-20,business,11
1844,2024-01-29,team,25
1845,2024-07-05,business,25
1846,2024-07-21,team,16
1847,2024-04-26,team,8
1848,2024-08-23,business,30
1849,2024-07-07,team,32
1850,2024-05-30,business,16
1851,2024-11-02,team,20
1852,2024-07-20,team,26
1853,2024-07-02,enterprise,28
1854,2024-11-13,business,10
1855,2024-01-04,enterprise,9
1856,2024-11-13,team,19
1857,2024-06-16,team,6
1858,2024-08-09,enterprise,8
1859,2024-09-04,team,2
1860,2024-05-20,team,5
1861,2024-09-23,business,30
1862,2024-07-20,team,10
1863,2024-10-19,business,7
1864,2024-01-19,team,29
1865,2024-05-03,team,19
1866,2024-07-18,business,2
1867,2024-11-11,business,4
1868,2024-11-20,business,19
1869,2024-02-15,team,16
1870,2024-10-19,business,4
1871,2024-10-26,enterprise,16
1872,2024-08-09,business,18
1873,2024-06-08,team,39
1874,2024-02-15,enterprise,18
1875,2024-10-27,enterprise,28
1876,2024-05-29,team,14
1877,2024-09-03,business,30
1878,2024-03-05,team,20
1879,2024-11-15,enterprise,38
1880,2024-01-08,business,40
1881,2024-04-30,team,27
1882,2024-01-06,team,32
1883,2024-07-23,enterprise,2
1884,2024-04-05,team,24
1885,2024-03-02,team,38
1886,2024-01-19,team,15
1887,2024-07-04,enterprise,16
1888,2024-11-08,enterprise,24
1889,2024-02-17,team,13
1890,2024-08-06,business,30
1891,2024-01-20,team,21
1892,2024-10-26,team,29
1893,2024-11-26,enterprise,15
1894,2024-04-28,team,17
1895,2024-01-24,team,37
1896,2024-09-02,enterprise,17
1897,2024-05-01,team,13
1898,2024-09-15,team,23
1899,2024-05-06,team,39
1900,2024-01-07,team,8
1901,2024-09-17,team,19
1902,2024-03-13,business,9
1903,2024-10-21,team,7
1904,2024-11-01,business,20
1905,2024-05-06,team,14
1906,2024-02-18,team,28
1907,2024-05-29,business,26
1908,2024-04-23,enterprise,34
1909,2024-07-10,enterprise,8
1910,2024-04-26,team,30
1911,2024-10-19,team,14
1912,2024-10-26,business,21
1913,2024-06-23,team,31
1914,2024-08-22,team,35
1915,2024-04-27,business,21
1916,2024-08-15,team,20
1917,2024-11-18,business,26
1918,2024-08-20,team,32
1919,2024-09-15,team,21
1920,2024-10-23,enterprise,11
1921,2024-08-01,enterprise,20
1922,2024-06-20,enterprise,30
1923,2024-08-03,enterprise,11
1924,2024-05-04,team,14
1925,2024-08-30,enterprise,9
1926,2024-01-11,enterprise,20
1927,2024-07-30,enterprise,11
1928,2024-11-04,business,10
1929,2024-05-31,team,10
1930,2024-08-09,enterprise,29
1931,2024-09-02,business,6
1932,2024-02-05,enterprise,20
1933,2024-05-13,business,26
1934,2024-06-11,team,22
1935,2024-06-21,team,16
1936,2024-11-01,team,32
1937,2024-07-07,enterprise,9
1938,2024-09-25,enterprise,13
1939,2024-07-09,team,7
1940,2024-11-15,team,2
1941,2024-08-24,business,26
1942,2024-10-21,enterprise,25
1943,2024-06-01,business,29
1944,2024-03-02,business,34
1945,2024-07-30,business,40
1946,2024-06-01,enterprise,9
1947,2024-08-27,business,14
1948,2024-10-12,business,14
1949,2024-04-15,team,9
1950,2024-08-08,business,29
1951,2024-10-29,enterprise,31
1952,2024-03-08,business,14
1953,2024-08-08,team,35
1954,2024-07-27,team,8
1955,2024-05-10,business,39
1956,2024-10-19,enterprise,38
1957,2024-04-29,team,6
1958,2024-09-06,enterprise,21
1959,2024-08-14,team,14
1960,2024-11-06,enterprise,14
1961,2024-04-15,team,34
1962,2024-01-15,enterprise,38
1963,2024-11-22,enterprise,6
1964,2024-05-28,team,30
1965,2024-03-24,team,15
1966,2024-02-16,enterprise,2
1967,2024-07-23,team,22
1968,2024-01-10,team,4
1969,2024-11-26,team,4
1970,2024-05-29,business,6
1971,2024-07-28,enterprise,25
1972,2024-06-28,team,19
1973,2024-04-16,enterprise,32
1974,2024-01-28,enterprise,13
1975,2024-04-23,team,37
1976,2024-04-16,team,27
1977,2024-01-29,team,11
1978,2024-06-30,business,20
1979,2024-03-23,business,9
1980,2024-09-19,team,37
1981,2024-09-13,enterprise,34
1982,2024-11-18,business,29
1983,2024-10-03,team,7
1984,2024-03-03,team,26
1985,2024-02-10,team,5
1986,2024-10-04,team,23
1987,2024-06-20,enterprise,18
1988,2024-02-02,team,19
1989,2024-02-06,enterprise,31
1990,2024-07-15,enterprise,13
1991,2024-06-22,team,37
1992,2024-01-03,business,4
1993,2024-04-23,team,21
1994,2024-04-22,business,25
1995,2024-05-08,team,39
1996,2024-04-25,team,33
1997,2024-03-11,team,2
1998,2024-09-19,business,19
1999,2024-10-09,team,9
2000,2024-09-25,team,31
2001,2024-11-08,team,31
2002,2024-09-29,enterprise,24
2003,2024-08-22,team,7
2004,2024-02-23,team,23
2005,2024-09-11,enterprise,8
2006,2024-08-15,team,16
2007,2024-08-08,business,28
2008,2024-07-04,enterprise,7
2009,2024-09-22,business,25
2010,2024-08-09,enterprise,34
2011,2024-05-10,team,34
2012,2024-08-31,team,34
2013,2024-01-31,business,37
2014,2024-03-23,team,38
2015,2024-08-10,team,18
2016,2024-09-11,enterprise,13
2017,2024-05-10,enterprise,37
2018,2024-08-25,business,31
2019,2024-01-25,team,33
2020,2024-03-18,enterprise,31
2021,2024-08-10,business,28
2022,2024-09-20,business,26
2023,2024-02-23,team,9
2024,2024-11-22,team,29
2025,2024-02-27,business,24
2026,2024-07-01,team,31
2027,2024-02-25,business,32
2028,2024-11-09,team,3
2029,2024-08-11,business,18
2030,2024-03-15,team,23
2031,2024-02-03,team,16
2032,2024-08-22,team,24
2033,2024-04-25,enterprise,32
2034,2024-01-19,team,26
2035,2024-05-01,team,36
2036,2024-02-29,business,11
2037,2024-05-10,team,22
2038,2024-05-21,business,29
2039,2024-07-09,team,5
2040,2024-03-08,team,15
2041,2024-09-08,team,8
2042,2024-11-20,team,14
2043,2024-06-19,team,40
2044,2024-04-06,team,38
2045,2024-02-28,business,9
2046,2024-07-23,team,7
2047,2024-02-24,business,6
2048,2024-01-03,enterprise,15
2049,2024-04-05,team,7
2050,2024-09-15,team,40
2051,2024-05-08,business,10
2052,2024-11-02,enterprise,34
2053,2024-06-13,enterprise,5
2054,2024-04-21,business,38
2055,2024-05-29,team,34
2056,2024-08-19,business,23
2057,2024-02-04,team,13
2058,2024-04-11,enterprise,2
2059,2024-08-06,enterprise,11
2060,2024-07-03,business,18
2061,2024-11-05,business,21
2062,2024-08-01,team,10
2063,2024-05-20,enterprise,4
2064,2024-04-06,team,39
2065,2024-02-29,enterprise,9
2066,2024-05-26,team,17
2067,2024-01-16,team,20
2068,2024-03-05,enterprise,7
2069,2024-01-24,business,35
2070,2024-07-16,team,18
2071,2024-06-26,business,37
2072,2024-06-28,enterprise,7
2073,2024-11-09,business,8
2074,2024-05-14,enterprise,27
2075,2024-05-09,team,18
2076,2024-07-20,team,18
2077,2024-10-19,team,40
2078,2024-09-13,enterprise,3
2079,2024-08-09,team,33
2080,2024-04-13,team,37
2081,2024-03-15,team,11
2082,2024-07-15,team,13
2083,2024-07-01,team,12
2084,2024-11-22,business,33
2085,2024-04-03,team,33
2086,2024-03-22,team,4
2087,2024-04-03,business,21
2088,2024-01-30,business,23
2089,2024-09-22,business,25
2090,2024-03-23,team,36
2091,2024-10-05,enterprise,10
2092,2024-08-21,team,6
2093,2024-09-17,team,29
2094,2024-06-26,team,38
2095,2024-10-05,team,36
2096,2024-07-20,team,2
2097,2024-02-04,team,28
2098,2024-10-25,business,9
2099,2024-10-13,team,32
2100,2024-02-29,team,21
2101,2024-08-10,team,18
2102,2024-11-19,business,37
2103,2024-01-05,team,20
2104,2024-05-03,enterprise,19
2105,2024-07-02,team,12
2106,2024-07-19,team,16
2107,2024-09-06,team,12
2108,2024-01-09,team,12
2109,2024-11-19,business,23
2110,2024-03-23,team,30
2111,2024-11-14,business,9
2112,2024-03-21,enterprise,22
2113,2024-09-11,business,3
2114,2024-08-10,enterprise,23
2115,2024-03-09,enterprise,10
2116,2024-04-14,team,37
2117,2024-07-02,enterprise,26
2118,2024-05-13,team,16
2119,2024-08-06,team,5
2120,2024-04-23,team,33
2121,2024-11-20,business,36
2122,2024-10-05,enterprise,35
2123,2024-04-22,team,20
2124,2024-03-18,enterprise,38
2125,2024-01-11,team,3
2126,2024-07-30,business,15
2127,2024-09-30,business,2
2128,2024-07-10,enterprise,16
2129,2024-03-25,enterprise,29
2130,2024-10-09,team,38
2131,2024-07-13,enterprise,15
2132,2024-05-05,team,19
2133,2024-04-18,team,22
2134,2024-02-13,enterprise,22
2135,2024-09-29,business,14
2136,2024-03-09,team,9
2137,2024-01-17,enterprise,23
2138,2024-01-04,business,32
2139,2024-06-07,enterprise,27
2140,2024-01-01,team,18
2141,2024-11-06,business,13
2142,2024-02-12,enterprise,38
2143,2024-09-19,enterprise,27
2144,2024-10-17,business,14
2145,2024-08-03,team,27
2146,2024-01-22,business,37
2147,2024-06-12,team,24
2148,2024-01-17,enterprise,26
2149,2024-06-08,business,7
2150,2024-04-21,enterprise,32
2151,2024-10-22,team,28
2152,2024-08-02,business,3
2153,2024-02-15,team,2
2154,2024-11-21,team,37
2155,2024-11-02,business,15
2156,2024-07-18,team,20
2157,2024-04-05,team,2
2158,2024-05-23,business,9
2159,2024-05-04,team,3
2160,2024-06-18,business,33
2161,2024-09-26,team,27
2162,2024-05-20,team,32
2163,2024-11-16,team,26
2164,2024-10-15,business,37
2165,2024-09-25,enterprise,30
2166,2024-11-01,team,37
2167,2024-01-27,enterprise,10
2168,2024-08-27,team,29
2169,2024-03-19,enterprise,19
2170,2024-10-03,team,27
2171,2024-04-14,team,38
2172,2024-03-05,team,34
2173,2024-08-25,team,19
2174,2024-11-13,team,24
2175,2024-03-07,team,23
2176,2024-04-26,team,35
2177,2024-01-19,enterprise,23
2178,2024-05-26,team,9
2179,2024-01-16,business,7
2180,2024-04-11,team,27
2181,2024-01-11,team,17
2182,2024-05-12,business,26
2183,2024-06-10,team,29
2184,2024-07-16,business,26
2185,2024-06-24,team,22
2186,2024-08-07,team,8
2187,2024-09-19,team,28
2188,2024-05-27,enterprise,9
2189,2024-07-21,enterprise,12
2190,2024-10-06,business,28
2191,2024-07-28,enterprise,39
2192,2024-09-02,business,39
2193,2024-05-27,team,35
2194,2024-10-07,business,3
2195,2024-11-05,enterprise,6
2196,2024-02-02,enterprise,22
2197,2024-10-17,team,30
2198,2024-10-17,team,7
2199,2024-09-12,team,20
2200,2024-05-13,enterprise,40
2201,2024-02-16,team,35
2202,2024-02-02,business,2
2203,2024-04-07,business,40
2204,2024-03-14,enterprise,30
2205,2024-10-20,team,5
2206,2024-11-14,team,34
2207,2024-07-25,business,12
2208,2024-03-11,team,25
2209,2024-01-13,enterprise,25
2210,2024-02-01,business,22
2211,2024-07-09,team,34
2212,2024-02-27,team,17
2213,2024-04-03,team,7
2214,2024-01-06,team,9
2215,2024-11-25,enterprise,12
2216,2024-09-28,team,10
2217,2024-06-26,enterprise,28
2218,2024-03-04,team,34
2219,2024-02-29,business,32
2220,2024-07-17,team,13
2221,2024-04-03,business,11
2222,2024-05-26,business,35
2223,2024-10-21,team,38
2224,2024-10-20,enterprise,16
2225,2024-07-25,business,22
2226,2024-10-07,enterprise,33
2227,2024-03-08,enterprise,40
2228,2024-05-09,team,20
2229,2024-10-17,enterprise,2
2230,2024-03-02,team,5
2231,2024-09-22,team,21
2232,2024-08-19,business,34
2233,2024-08-16,team,21
2234,2024-08-29,business,6
2235,2024-01-19,enterprise,31
2236,2024-02-16,team,20
2237,2024-04-29,business,36
2238,2024-02-11,business,38
2239,2024-03-03,team,26
2240,2024-07-08,enterprise,9
2241,2024-06-16,business,11
2242,2024-06-20,team,8
2243,2024-10-27,business,24
2244,2024-01-17,team,3
2245,2024-01-14,team,22
2246,2024-09-23,team,40
2247,2024-07-03,team,30
2248,2024-04-22,business,37
2249,2024-11-04,team,18
2250,2024-04-24,enterprise,35
2251,2024-01-26,enterprise,27
2252,2024-08-09,business,9
2253,2024-07-21,team,15
2254,2024-09-15,team,23
2255,2024-06-24,team,8
2256,2024-02-23,team,33
2257,2024-10-02,team,26
2258,2024-05-10,team,12
2259,2024-01-03,enterprise,28
2260,2024-10-25,enterprise,11
2261,2024-04-24,team,29
2262,2024-07-09,business,28
2263,2024-10-04,business,23
2264,2024-08-07,team,29
2265,2024-05-20,enterprise,3
2266,2024-08-01,business,27
2267,2024-08-17,enterprise,37
2268,2024-11-17,team,36
2269,2024-03-23,team,4
2270,2024-07-24,team,15
2271,2024-06-10,team,2
2272,2024-05-27,team,29
2273,2024-09-18,team,34
2274,2024-11-05,team,12
2275,2024-11-13,team,24
2276,2024-03-22,enterprise,31
2277,2024-01-30,enterprise,26
2278,2024-02-23,business,11
2279,2024-05-02,business,25
2280,2024-06-14,enterprise,36
2281,2024-07-16,enterprise,33
2282,2024-03-01,team,40
2283,2024-10-03,enterprise,20
2284,2024-03-29,team,40
2285,2024-11-11,business,5
2286,2024-08-26,enterprise,21
2287,2024-11-01,team,23
2288,2024-02-07,team,37
2289,2024-03-06,team,28
2290,2024-08-10,team,32
2291,2024-08-27,team,37
2292,2024-10-31,team,37
2293,2024-03-09,enterprise,2
2294,2024-01-30,enterprise,9
2295,2024-09-03,team,28
2296,2024-01-09,business,30
2297,2024-11-23,business,14
2298,2024-02-16,team,36
2299,2024-07-24,team,26
2300,2024-04-17,business,4
2301,2024-05-19,team,24
2302,2024-08-16,business,33
2303,2024-05-11,business,34
2304,2024-09-20,team,23
2305,2024-04-13,team,19
2306,2024-10-17,team,13
2307,2024-02-23,team,10
2308,2024-06-07,enterprise,38
2309,2024-11-10,team,22
2310,2024-03-27,enterprise,22
2311,2024-03-08,team,40
2312,2024-02-03,business,23
2313,2024-04-27,team,37
2314,2024-06-02,team,10
2315,2024-10-07,team,24
2316,2024-09-08,enterprise,22
2317,2024-06-14,business,28
2318,2024-05-10,team,34
2319,2024-10-01,enterprise,27
2320,2024-11-05,enterprise,26
2321,2024-03-28,team,24
2322,2024-01-28,team,38
2323,2024-06-04,business,32
2324,2024-05-08,business,27
2325,2024-03-07,enterprise,28
2326,2024-07-18,team,8
2327,2024-02-14,business,16
2328,2024-05-12,team,26
2329,2024-05-22,enterprise,30
2330,2024-04-01,business,5
2331,2024-09-27,business,4
2332,2024-06-30,team,30
2333,2024-02-07,team,11
2334,2024-05-04,enterprise,27
2335,2024-06-21,team,29
2336,2024-02-15,team,2
2337,2024-08-19,team,19
2338,2024-04-13,team,40
2339,2024-07-08,team,40
2340,2024-07-08,business,34
2341,2024-04-11,business,19
2342,2024-04-20,team,3
2343,2024-02-12,team,31
2344,2024-07-30,enterprise,28
2345,2024-05-26,enterprise,17
2346,2024-08-16,team,24
2347,2024-04-26,team,12
2348,2024-04-06,enterprise,34
2349,2024-09-20,business,12
2350,2024-08-23,team,12
2351,2024-09-28,business,31
2352,2024-10-25,team,26
2353,2024-11-23,enterprise,35
2354,2024-03-25,team,39
2355,2024-01-14,enterprise,37
2356,2024-05-23,team,3
2357,2024-08-24,team,16
2358,2024-02-12,business,35
2359,2024-09-26,business,6
2360,2024-01-29,business,3
2361,2024-03-29,team,19
2362,2024-03-29,team,4
2363,2024-08-24,team,20
2364,2024-01-27,team,3
2365,2024-02-17,team,19
2366,2024-08-05,business,25
2367,2024-08-14,team,22
2368,2024-11-13,enterprise,28
2369,2024-02-17,team,24
2370,2024-02-28,business,12
2371,2024-01-05,team,17
2372,2024-03-03,enterprise,19
2373,2024-01-15,team,28
2374,2024-03-08,team,27
2375,2024-11-14,enterprise,31
2376,2024-07-22,team,14
2377,2024-11-17,business,22
2378,2024-05-07,enterprise,11
2379,2024-03-25,enterprise,30
2380,2024-09-26,team,37
2381,2024-04-13,business,30
2382,2024-04-17,team,14
2383,2024-01-16,team,28
2384,2024-06-06,enterprise,34
2385,2024-01-03,enterprise,30
2386,2024-07-24,enterprise,17
2387,2024-11-20,business,17
2388,2024-11-24,business,34
2389,2024-06-22,team,16
2390,2024-08-20,team,4
2391,2024-02-02,team,17
2392,2024-08-21,team,29
2393,2024-04-09,enterprise,31
2394,2024-01-30,business,39
2395,2024-11-02,business,38
2396,2024-05-21,team,24
2397,2024-10-17,team,40
2398,2024-04-21,team,7
2399,2024-07-21,enterprise,17
2400,2024-07-16,team,5
2401,2024-09-12,enterprise,35
2402,2024-06-12,business,23
2403,2024-02-23,business,16
2404,2024-11-18,business,36
2405,2024-10-25,business,4
2406,2024-08-10,business,27
2407,2024-05-17,team,19
2408,2024-03-21,enterprise,22
2409,2024-06-24,team,29
2410,2024-01-09,business,35
2411,2024-03-05,team,23
2412,2024-01-09,team,15
2413,2024-03-12,team,22
2414,2024-05-28,business,35
2415,2024-10-20,team,32
2416,2024-03-21,team,12
2417,2024-02-20,business,31
2418,2024-05-24,business,6
2419,2024-11-16,business,6
2420,2024-09-03,team,29
2421,2024-09-29,enterprise,14
2422,2024-02-11,business,4
2423,2024-11-16,enterprise,38
2424,2024-07-01,team,28
2425,2024-02-09,business,15
2426,2024-10-16,team,35
2427,2024-05-02,enterprise,2
2428,2024-04-17,business,13
2429,2024-10-28,business,25
2430,2024-10-10,team,19
2431,2024-05-26,team,12
2432,2024-09-22,team,38
2433,2024-06-30,business,26
2434,2024-11-14,business,10
2435,2024-10-11,team,27
2436,2024-08-13,business,21
2437,2024-10-31,enterprise,10
2438,2024-08-28,team,37
2439,2024-03-01,team,27
2440,2024-10-07,team,10
2441,2024-08-28,team,11
2442,2024-02-02,business,37
2443,2024-09-19,enterprise,31
2444,2024-08-23,enterprise,16
2445,2024-04-19,business,34
2446,2024-01-31,team,30
2447,2024-02-05,business,5
2448,2024-08-09,team,21
2449,2024-07-08,enterprise,14
2450,2024-05-04,team,36
2451,2024-10-19,business,9
2452,2024-05-21,enterprise,5
2453,2024-04-07,team,23
2454,2024-03-09,team,38
2455,2024-08-02,team,16
2456,2024-03-25,team,19
2457,2024-02-10,enterprise,13
2458,2024-02-10,enterprise,33
2459,2024-04-23,enterprise,15
2460,2024-11-24,team,9
2461,2024-03-31,business,5
2462,2024-02-16,enterprise,32
2463,2024-10-11,enterprise,38
2464,2024-06-21,enterprise,3
2465,2024-07-03,team,30
2466,2024-03-28,team,6
2467,2024-05-19,team,5
2468,2024-06-22,team,14
2469,2024-11-24,team,21
2470,2024-02-04,team,15
2471,2024-04-17,team,19
2472,2024-02-10,team,23
2473,2024-10-09,enterprise,9
2474,2024-08-23,team,25
2475,2024-09-17,team,21
2476,2024-07-28,enterprise,33
2477,2024-05-27,business,28
2478,2024-09-05,business,19
2479,2024-09-01,enterprise,29
2480,2024-02-06,enterprise,14
2481,2024-02-01,enterprise,33
2482,2024-08-30,team,26
2483,2024-11-14,enterprise,39
2484,2024-03-11,business,6
2485,2024-01-06,team,32
2486,2024-04-24,enterprise,7
2487,2024-10-08,enterprise,4
2488,2024-04-30,business,3
2489,2024-06-08,enterprise,26
2490,2024-01-23,team,40
2491,2024-10-14,business,30
2492,2024-05-09,team,12
2493,2024-04-25,team,26
2494,2024-04-21,enterprise,6
2495,2024-03-20,business,5
2496,2024-04-18,team,22
2497,2024-11-26,enterprise,24
2498,2024-01-04,team,16
2499,2024-05-26,team,18
2500,2024-03-11,team,16
2501,2024-02-04,business,11
2502,2024-02-15,enterprise,18
2503,2024-03-03,team,31
2504,2024-05-03,enterprise,9
2505,2024-02-12,business,27
2506,2024-11-19,team,29
2507,2024-08-19,team,40
2508,2024-05-10,team,26
2509,2024-06-22,team,11
2510,2024-11-13,team,36
2511,2024-10-09,enterprise,40
2512,2024-02-22,business,30
2513,2024-03-12,team,19
2514,2024-10-22,team,7
2515,2024-07-18,enterprise,25
2516,2024-01-29,team,19
2517,2024-05-26,business,13
2518,2024-01-26,team,7
2519,2024-07-12,enterprise,23
2520,2024-07-04,team,13
2521,2024-11-16,business,8
2522,2024-05-20,team,19
2523,2024-11-12,business,3
2524,2024-01-05,team,32
2525,2024-02-09,team,24
2526,2024-11-13,business,22
2527,2024-03-30,business,32
2528,2024-01-02,enterprise,32
2529,2024-09-23,team,16
2530,2024-02-14,team,14
2531,2024-11-01,team,35
2532,2024-06-23,team,33
2533,2024-06-21,team,20
2534,2024-06-30,business,4
2535,2024-03-21,team,37
2536,2024-11-13,business,25
2537,2024-09-16,enterprise,38
2538,2024-10-18,team,39
2539,2024-08-23,team,8
2540,2024-01-07,team,13
2541,2024-09-28,business,26
2542,2024-08-16,business,3
2543,2024-11-07,team,23
2544,2024-10-07,enterprise,15
2545,2024-02-14,enterprise,10
2546,2024-09-27,team,30
2547,2024-01-16,team,13
2548,2024-11-14,team,5
2549,2024-03-26,business,8
2550,2024-01-22,enterprise,26
2551,2024-10-01,team,16
2552,2024-11-24,enterprise,24
2553,2024-08-21,enterprise,11
2554,2024-04-24,team,39
2555,2024-06-19,team,33
2556,2024-09-03,business,26
2557,2024-07-01,team,9
2558,2024-08-26,enterprise,7
2559,2024-11-23,team,29
2560,2024-02-20,team,36
2561,2024-03-12,business,15
2562,2024-01-13,enterprise,13
2563,2024-03-03,business,35
2564,2024-06-09,team,28
2565,2024-01-12,enterprise,24
2566,2024-06-21,enterprise,6
2567,2024-08-23,team,7
2568,2024-08-16,team,29
2569,2024-10-04,enterprise,37
2570,2024-05-14,enterprise,12
2571,2024-11-23,team,28
2572,2024-10-05,team,6
2573,2024-04-05,business,26
2574,2024-08-19,team,39
2575,2024-03-13,business,10
2576,2024-05-31,enterprise,3
2577,2024-04-30,business,20
2578,2024-04-30,team,26
2579,2024-03-19,team,21
2580,2024-09-11,business,8
2581,2024-10-20,business,9
2582,2024-05-07,team,26
2583,2024-06-30,team,30
2584,2024-05-13,team,18
2585,2024-04-03,enterprise,26
2586,2024-07-08,team,20
2587,2024-08-16,enterprise,4
2588,2024-01-28,team,2
2589,2024-05-22,team,29
2590,2024-02-18,team,7
2591,2024-04-17,enterprise,5
2592,2024-02-27,team,26
2593,2024-03-02,team,15
2594,2024-03-11,enterprise,10
2595,2024-04-27,business,15
2596,2024-04-30,business,15
2597,2024-01-18,team,22
2598,2024-04-01,team,12
2599,2024-11-06,team,34
2600,2024-02-22,team,39
2601,2024-08-31,business,17
2602,2024-11-16,team,21
2603,2024-08-08,team,35
2604,2024-05-18,team,17
2605,2024-04-13,business,13
2606,2024-07-29,team,11
2607,2024-09-06,enterprise,30
2608,2024-04-16,business,24
2609,2024-10-02,team,8
2610,2024-01-27,team,25
2611,2024-01-19,enterprise,3
2612,2024-01-16,business,18
2613,2024-03-20,enterprise,25
2614,2024-04-25,business,8
2615,2024-01-12,team,19
2616,2024-09-14,enterprise,12
2617,2024-10-28,business,18
2618,2024-04-13,team,8
2619,2024-03-04,team,25
2620,2024-07-16,business,12
2621,2024-07-22,business,16
2622,2024-09-17,team,19
2623,2024-03-24,business,13
2624,2024-02-19,enterprise,13
2625,2024-06-20,business,8
2626,2024-08-09,team,40
2627,2024-10-10,team,33
2628,2024-09-21,enterprise,9
2629,2024-08-14,team,28
2630,2024-10-30,enterprise,9
2631,2024-05-22,team,13
2632,2024-03-22,enterprise,34
2633,2024-11-07,business,28
2634,2024-02-28,team,27
2635,2024-06-15,business,37
2636,2024-03-09,team,40
2637,2024-01-11,enterprise,6
2638,2024-03-16,team,19
2639,2024-05-11,enterprise,21
2640,2024-05-01,business,33
2641,2024-08-14,business,5
2642,2024-05-25,team,11
2643,2024-02-05,enterprise,39
2644,2024-06-12,enterprise,11
2645,2024-07-01,enterprise,29
2646,2024-07-31,business,20
2647,2024-09-19,team,34
2648,2024-03-05,team,30
2649,2024-03-17,business,3
2650,2024-06-01,business,36
2651,2024-07-08,team,23
2652,2024-02-24,team,32
2653,2024-06-20,team,29
2654,2024-03-14,enterprise,15
2655,2024-10-13,enterprise,35
2656,2024-07-26,enterprise,5
2657,2024-10-04,enterprise,9
2658,2024-08-28,team,25
2659,2024-08-20,enterprise,35
2660,2024-06-12,team,19
2661,2024-08-02,team,31
2662,2024-02-15,team,36
2663,2024-02-26,team,36
2664,2024-08-13,business,18
2665,2024-07-17,team,8
2666,2024-03-25,business,28
2667,2024-06-27,team,18
2668,2024-11-12,business,25
2669,2024-08-24,team,16
2670,2024-10-12,enterprise,37
2671,2024-09-09,team,11
2672,2024-04-22,enterprise,32
2673,2024-10-03,team,39
2674,2024-06-03,team,29
2675,2024-11-05,team,27
2676,2024-10-30,enterprise,27
2677,2024-09-25,business,10
2678,2024-08-21,enterprise,35
2679,2024-11-09,business,18
2680,2024-09-17,team,11
2681,2024-08-13,enterprise,3
2682,2024-06-20,enterprise,28
2683,2024-08-03,team,26
2684,2024-04-01,team,36
2685,2024-05-10,enterprise,27
2686,2024-03-10,team,9
2687,2024-08-08,team,19
2688,2024-04-01,business,28
2689,2024-09-26,team,24
2690,2024-04-20,team,30
2691,2024-09-11,business,25
2692,2024-11-02,team,32
2693,2024-11-04,enterprise,22
2694,2024-11-01,team,24
2695,2024-09-07,business,29
2696,2024-05-31,team,15
2697,2024-03-28,enterprise,39
2698,2024-02-06,business,14
2699,2024-07-27,business,3
2700,2024-09-01,team,19
2701,2024-09-09,business,27
2702,2024-08-16,team,12
2703,2024-09-14,business,40
2704,2024-06-20,enterprise,33
2705,2024-05-22,enterprise,31
2706,2024-05-14,team,4
2707,2024-06-10,enterprise,16
2708,2024-05-22,enterprise,34
2709,2024-07-16,team,38
2710,2024-07-23,team,26
2711,2024-01-07,team,9
2712,2024-06-20,enterprise,2
2713,2024-07-08,team,5
2714,2024-11-02,enterprise,14
2715,2024-09-08,business,20
2716,2024-08-25,team,6
2717,2024-03-10,team,13
2718,2024-03-09,business,13
2719,2024-01-21,enterprise,20
2720,2024-10-14,team,32
2721,2024-02-26,business,21
2722,2024-11-08,team,15
2723,2024-02-27,team,33
2724,2024-11-05,team,2
2725,2024-02-13,enterprise,25
2726,2024-01-16,business,8
2727,2024-04-27,team,18
2728,2024-04-13,enterprise,25
2729,2024-11-03,enterprise,9
2730,2024-04-30,business,11
2731,2024-03-04,team,32
2732,2024-05-22,team,33
2733,2024-11-26,enterprise,31
2734,2024-08-21,team,34
2735,2024-01-20,business,7
2736,2024-08-16,team,15
2737,2024-06-01,team,12
2738,2024-04-27,team,34
2739,2024-07-19,team,26
2740,2024-06-01,business,35
2741,2024-07-03,team,26
2742,2024-11-07,team,18
2743,2024-09-04,enterprise,30
2744,2024-02-28,team,30
2745,2024-05-15,business,37
2746,2024-05-15,enterprise,40
2747,2024-03-15,team,10
2748,2024-01-31,enterprise,9
2749,2024-01-09,enterprise,10
2750,2024-10-29,business,5
2751,2024-09-09,team,29
2752,2024-06-27,team,36
2753,2024-06-29,enterprise,27
2754,2024-04-01,team,22
2755,2024-05-12,team,31
2756,2024-10-28,enterprise,27
2757,2024-08-26,enterprise,3
2758,2024-08-25,enterprise,38
2759,2024-03-17,team,15
2760,2024-01-06,team,25
2761,2024-11-12,business,20
2762,2024-04-29,team,16
2763,2024-10-23,team,31
2764,2024-09-25,team,8
2765,2024-03-10,business,20
2766,2024-05-12,team,39
2767,2024-08-06,team,27
2768,2024-10-01,team,4
2769,2024-07-03,team,25
2770,2024-07-06,team,33
2771,2024-07-16,enterprise,37
2772,2024-03-27,business,33
2773,2024-06-26,enterprise,14
2774,2024-03-27,team,17
2775,2024-05-03,team,32
2776,2024-02-18,team,25
2777,2024-02-20,team,17
2778,2024-10-03,team,21
2779,2024-06-10,business,25
2780,2024-03-23,enterprise,21
2781,2024-10-08,team,13
2782,2024-05-12,enterprise,20
2783,2024-07-08,enterprise,37
2784,2024-02-20,team,13
2785,2024-04-01,team,13
2786,2024-03-27,business,37
2787,2024-07-07,business,27
2788,2024-07-07,team,25
2789,2024-04-10,enterprise,4
2790,2024-06-09,team,24
2791,2024-11-09,enterprise,28
2792,2024-01-06,business,39
2793,2024-06-08,enterprise,20
2794,2024-04-08,team,13
2795,2024-08-04,team,36
2796,2024-04-23,team,39
2797,2024-01-01,enterprise,37
2798,2024-02-24,enterprise,10
2799,2024-04-14,business,15
2800,2024-11-03,team,32
2801,2024-01-22,enterprise,4
2802,2024-03-11,business,4
2803,2024-05-28,enterprise,30
2804,2024-09-22,team,29
2805,2024-06-15,team,18
2806,2024-02-14,business,29
2807,2024-04-09,business,22
2808,2024-09-23,enterprise,16
2809,2024-05-23,team,16
2810,2024-08-20,enterprise,40
2811,2024-03-05,team,24
2812,2024-06-15,team,36
2813,2024-07-08,team,13
2814,2024-06-01,team,8
2815,2024-08-26,business,4
2816,2024-02-11,team,31
2817,2024-04-26,team,5
2818,2024-04-12,team,10
2819,2024-07-17,team,35
2820,2024-07-18,enterprise,30
2821,2024-01-21,business,7
2822,2024-01-17,enterprise,17
2823,2024-07-11,enterprise,17
2824,2024-08-16,team,30
2825,2024-04-02,business,25
2826,2024-03-18,team,39
2827,2024-09-19,business,13
2828,2024-09-11,enterprise,18
2829,2024-03-23,business,15
2830,2024-06-11,team,11
2831,2024-06-16,team,28
2832,2024-03-20,team,27
2833,2024-08-25,team,2
2834,2024-05-03,team,25
2835,2024-06-07,team,33
2836,2024-06-11,business,32
2837,2024-03-13,team,22
2838,2024-05-03,enterprise,14
2839,2024-04-17,business,40
2840,2024-07-01,team,36
2841,2024-08-02,business,2
2842,2024-11-14,business,26
2843,2024-06-08,business,2
2844,2024-11-24,business,36
2845,2024-03-31,team,30
2846,2024-07-08,business,5
2847,2024-03-22,team,17
2848,2024-03-05,business,27
2849,2024-07-18,team,22
2850,2024-09-23,team,7
2851,2024-05-11,enterprise,34
2852,2024-01-07,team,24
2853,2024-04-26,enterprise,17
2854,2024-09-25,business,31
2855,2024-02-10,team,5
2856,2024-06-23,team,34
2857,2024-10-07,enterprise,3
2858,2024-11-20,enterprise,36
2859,2024-11-04,enterprise,12
2860,2024-05-08,business,3
2861,2024-02-29,enterprise,13
2862,2024-08-06,business,9
2863,2024-06-28,team,30
2864,2024-08-02,team,35
2865,2024-04-12,team,39
2866,2024-07-29,team,38
2867,2024-01-16,team,37
2868,2024-05-30,team,22
2869,2024-01-27,enterprise,4
2870,2024-07-04,team,10
2871,2024-05-20,business,18
2872,2024-04-21,enterprise,23
2873,2024-06-18,team,22
2874,2024-08-11,enterprise,27
2875,2024-03-08,business,10
2876,2024-07-03,business,7
2877,2024-05-11,team,33
2878,2024-11-06,enterprise,9
2879,2024-08-25,business,8
2880,2024-05-29,team,13
2881,2024-05-26,team,32
2882,2024-03-15,enterprise,21
2883,2024-03-04,enterprise,26
2884,2024-07-09,team,34
2885,2024-01-18,enterprise,22
2886,2024-05-14,business,30
2887,2024-09-13,enterprise,28
2888,2024-03-18,team,7
2889,2024-09-16,team,3
2890,2024-01-28,enterprise,27
2891,2024-03-14,business,33
2892,2024-05-26,team,5
2893,2024-08-04,business,7
2894,2024-06-25,team,19
2895,2024-09-04,enterprise,26
2896,2024-10-27,team,16
2897,2024-06-16,enterprise,19
2898,2024-02-07,enterprise,12
2899,2024-09-30,team,3
2900,2024-04-22,team,22
2901,2024-02-11,enterprise,7
2902,2024-02-24,business,36
2903,2024-08-13,business,37
2904,2024-03-23,enterprise,13
2905,2024-01-21,enterprise,3
2906,2024-01-11,enterprise,28
2907,2024-05-27,team,16
2908,2024-05-22,enterprise,28
2909,2024-11-06,team,26
2910,2024-05-31,team,39
2911,2024-05-08,team,8
2912,2024-07-12,enterprise,19
2913,2024-11-07,business,33
2914,2024-03-20,business,17
2915,2024-11-08,team,36
2916,2024-11-06,enterprise,31
2917,2024-08-25,enterprise,26
2918,2024-09-02,business,10
2919,2024-07-18,team,13
2920,2024-05-01,team,6
2921,2024-05-20,enterprise,36
2922,2024-07-20,enterprise,34
2923,2024-03-28,business,33
2924,2024-10-05,team,7
2925,2024-04-07,team,35
2926,2024-04-01,enterprise,12
2927,2024-09-14,business,18
2928,2024-05-30,enterprise,31
2929,2024-10-31,enterprise,21
2930,2024-11-06,team,28
2931,2024-10-28,enterprise,37
2932,2024-04-04,team,10
2933,2024-11-18,business,21
2934,2024-11-17,business,9
2935,2024-10-14,enterprise,18
2936,2024-03-17,enterprise,40
2937,2024-03-04,enterprise,29
2938,2024-08-10,team,25
2939,2024-02-25,business,3
2940,2024-09-12,team,38
2941,2024-11-17,team,12
2942,2024-09-22,business,18
2943,2024-01-01,team,14
2944,2024-08-21,team,13
2945,2024-11-25,team,6
2946,2024-02-07,business,4
2947,2024-06-21,team,19
2948,2024-11-23,enterprise,28
2949,2024-11-05,team,25
2950,2024-03-09,team,24
2951,2024-06-03,team,26
2952,2024-01-23,team,6
2953,2024-01-26,team,13
2954,2024-04-02,business,18
2955,2024-03-02,enterprise,34
2956,2024-05-12,team,25
2957,2024-03-24,enterprise,24
2958,2024-05-09,team,38
2959,2024-09-03,enterprise,3
2960,2024-06-28,team,9
2961,2024-07-19,team,31
2962,2024-07-27,team,9
2963,2024-03-23,team,39
2964,2024-06-16,team,40
2965,2024-03-23,team,5
2966,2024-07-27,team,28
2967,2024-09-23,team,6
2968,2024-11-23,business,33
2969,2024-07-29,team,9
2970,2024-02-14,business,10
2971,2024-04-06,team,34
2972,2024-06-27,team,11
2973,2024-04-16,enterprise,11
2974,2024-09-28,business,3
2975,2024-07-26,team,2
2976,2024-09-26,team,25
2977,2024-08-11,team,26
2978,2024-08-26,team,32
2979,2024-01-17,team,22
2980,2024-01-29,business,40
2981,2024-11-17,business,27
2982,2024-09-17,business,17
2983,2024-07-13,team,28
2984,2024-11-18,team,36
2985,2024-04-09,enterprise,14
2986,2024-11-13,enterprise,9
2987,2024-01-20,business,32
2988,2024-04-17,enterprise,7
2989,2024-02-12,enterprise,23
2990,2024-03-02,business,29
2991,2024-06-21,team,17
2992,2024-07-24,team,21
2993,2024-02-09,business,25
2994,2024-01-08,business,21
2995,2024-07-05,team,11
2996,2024-02-12,team,26
2997,2024-02-20,team,24
2998,2024-08-20,team,24
2999,2024-07-09,enterprise,38
3000,2024-11-21,business,25
3001,2024-09-09,team,32
3002,2024-03-23,enterprise,12
3003,2024-06-20,business,34
3004,2024-05-01,business,8
3005,2024-01-11,business,37
3006,2024-09-20,team,29
3007,2024-08-07,team,8
3008,2024-09-02,team,13
3009,2024-08-04,enterprise,9
3010,2024-09-15,team,13
3011,2024-02-14,enterprise,21
3012,2024-07-10,team,18
3013,2024-11-06,team,38
3014,2024-04-12,business,9
3015,2024-05-23,team,26
3016,2024-03-27,enterprise,8
3017,2024-04-23,business,24
3018,2024-10-26,team,21
3019,2024-10-26,team,14
3020,2024-08-06,team,14
3021,2024-02-05,enterprise,16
3022,2024-05-12,enterprise,36
3023,2024-10-28,business,32
3024,2024-05-13,team,19
3025,2024-10-20,enterprise,10
3026,2024-11-04,business,8
3027,2024-08-11,team,34
3028,2024-08-17,enterprise,28
3029,2024-09-29,enterprise,26
3030,2024-07-31,team,16
3031,2024-08-20,enterprise,13
3032,2024-03-21,business,3
3033,2024-10-24,business,29
3034,2024-04-03,enterprise,13
3035,2024-10-30,business,13
3036,2024-05-14,enterprise,10
3037,2024-06-12,business,40
3038,2024-06-13,business,4
3039,2024-03-31,enterprise,5
3040,2024-01-15,enterprise,12
3041,2024-08-25,team,2
3042,2024-08-30,team,4
3043,2024-09-06,team,21
3044,2024-11-14,business,16
3045,2024-08-27,team,3
3046,2024-01-03,team,4
3047,2024-01-13,business,18
3048,2024-03-07,team,23
3049,2024-02-17,team,8
3050,2024-06-17,enterprise,11
3051,2024-04-26,team,35
3052,2024-07-28,enterprise,14
3053,2024-04-05,enterprise,34
3054,2024-08-24,enterprise,23
3055,2024-06-01,enterprise,27
3056,2024-07-20,team,14
3057,2024-06-05,team,16
3058,2024-03-30,enterprise,10
3059,2024-08-26,enterprise,19
3060,2024-08-17,team,27
3061,2024-03-14,team,9
3062,2024-01-02,team,9
3063,2024-09-29,team,16
3064,2024-10-08,team,25
3065,2024-01-25,enterprise,10
3066,2024-09-27,team,21
3067,2024-08-28,team,13
3068,2024-10-01,team,34
3069,2024-07-30,team,24
3070,2024-11-26,enterprise,14
3071,2024-03-14,team,19
3072,2024-02-17,team,37
3073,2024-01-27,business,22
3074,2024-05-16,team,33
3075,2024-04-29,team,21
3076,2024-11-10,team,24
3077,2024-08-25,enterprise,2
3078,2024-05-14,business,20
3079,2024-02-05,business,2
3080,2024-05-01,team,14
3081,2024-11-21,team,11
3082,2024-11-05,business,4
3083,2024-02-04,team,17
3084,2024-05-14,enterprise,14
3085,2024-11-15,team,2
3086,2024-10-14,business,12
3087,2024-03-28,team,23
3088,2024-07-18,business,18
3089,2024-03-30,team,32
3090,2024-11-18,team,20
3091,2024-06-02,enterprise,39
3092,2024-01-17,business,3
3093,2024-01-21,team,11
3094,2024-08-18,enterprise,34
3095,2024-05-09,team,12
3096,2024-07-06,business,23
3097,2024-03-29,enterprise,32
3098,2024-01-04,team,33
3099,2024-09-20,team,21
3100,2024-07-04,enterprise,21
3101,2024-11-20,team,24
3102,2024-08-30,team,3
3103,2024-05-30,enterprise,33
3104,2024-10-04,team,8
3105,2024-05-10,enterprise,20
3106,2024-07-24,team,30
3107,2024-03-29,team,15
3108,2024-01-20,business,3
3109,2024-06-03,business,39
3110,2024-04-01,enterprise,40
3111,2024-03-03,business,4
3112,2024-07-24,business,13
3113,2024-02-14,business,23
3114,2024-04-21,team,10
3115,2024-04-01,enterprise,5
3116,2024-06-03,enterprise,27
3117,2024-08-02,business,20
3118,2024-09-12,business,37
3119,2024-10-02,team,6
3120,2024-08-01,team,33
3121,2024-01-10,enterprise,30
3122,2024-08-10,team,12
3123,2024-01-11,team,39
3124,2024-10-21,team,16
3125,2024-11-22,team,36
3126,2024-01-15,team,12
3127,2024-03-14,enterprise,34
3128,2024-10-20,enterprise,20
3129,2024-08-21,enterprise,7
3130,2024-03-11,business,35
3131,2024-10-07,team,29
3132,2024-01-06,team,26
3133,2024-03-23,team,2
3134,2024-02-08,enterprise,8
3135,2024-10-19,enterprise,7
3136,2024-07-05,team,38
3137,2024-03-19,enterprise,16
3138,2024-05-07,team,34
3139,2024-05-28,enterprise,18
3140,2024-11-14,enterprise,17
3141,2024-03-01,business,20
3142,2024-01-26,team,8
3143,2024-03-14,team,5
3144,2024-11-02,business,29
3145,2024-10-07,team,12
3146,2024-06-18,enterprise,35
3147,2024-05-22,enterprise,11
3148,2024-08-11,team,18
3149,2024-07-27,team,9
3150,2024-06-07,team,18
3151,2024-02-11,team,23
3152,2024-04-11,business,4
3153,2024-05-18,team,13
3154,2024-07-08,enterprise,29
3155,2024-01-20,business,28
3156,2024-01-05,business,12
3157,2024-01-02,enterprise,33
3158,2024-02-05,team,26
3159,2024-07-25,enterprise,22
3160,2024-01-12,enterprise,19
3161,2024-11-06,team,23
3162,2024-01-20,team,20
3163,2024-08-02,team,38
3164,2024-04-11,team,7
3165,2024-08-23,business,30
3166,2024-11-04,team,15
3167,2024-01-31,business,38
3168,2024-09-30,team,15
3169,2024-09-16,team,38
3170,2024-09-23,business,6
3171,2024-10-29,team,2
3172,2024-04-27,team,14
3173,2024-03-28,business,40
3174,2024-06-20,business,37
3175,2024-09-26,team,3
3176,2024-09-26,team,9
3177,2024-05-03,team,37
3178,2024-01-31,team,7
3179,2024-02-21,business,40
3180,2024-07-08,business,34
3181,2024-03-20,team,5
3182,2024-03-15,team,29
3183,2024-03-19,team,38
3184,2024-10-13,team,40
3185,2024-11-20,enterprise,35
3186,2024-02-09,team,16
3187,2024-01-25,team,9
3188,2024-02-29,team,37
3189,2024-06-04,team,35
3190,2024-05-21,enterprise,12
3191,2024-02-13,business,32
3192,2024-09-13,enterprise,17
3193,2024-06-03,team,6
3194,2024-11-22,business,10
3195,2024-05-26,team,25
3196,2024-03-12,team,4
3197,2024-07-05,business,16
3198,2024-04-07,business,18
3199,2024-06-22,enterprise,8
3200,2024-10-25,enterprise,32
3201,2024-03-19,team,4
3202,2024-07-28,enterprise,25
3203,2024-06-10,business,39
3204,2024-06-27,team,31
3205,2024-08-01,team,15
3206,2024-01-04,team,4
3207,2024-05-24,enterprise,9
3208,2024-05-17,business,39
3209,2024-10-13,business,37
3210,2024-07-26,team,28
3211,2024-06-30,team,12
3212,2024-05-25,team,27
3213,2024-11-20,enterprise,25
3214,2024-03-22,team,23
3215,2024-02-26,enterprise,4
3216,2024-01-01,business,23
3217,2024-05-27,business,12
3218,2024-05-04,enterprise,11
3219,2024-08-31,team,13
3220,2024-08-15,business,29
3221,2024-09-19,team,10
3222,2024-05-24,team,26
3223,2024-02-06,team,9
3224,2024-01-28,enterprise,34
3225,2024-06-09,enterprise,16
3226,2024-01-31,enterprise,19
3227,2024-06-02,team,20
3228,2024-10-27,team,32
3229,2024-09-16,enterprise,20
3230,2024-06-03,business,11
3231,2024-02-07,enterprise,16
3232,2024-10-28,business,23
3233,2024-06-05,team,6
3234,2024-06-20,business,11
3235,2024-01-23,team,21
3236,2024-08-28,business,17
3237,2024-11-09,business,6
3238,2024-08-13,business,36
3239,2024-04-18,enterprise,6
3240,2024-11-02,enterprise,40
3241,2024-08-02,team,32
3242,2024-03-22,enterprise,4
3243,2024-04-02,enterprise,2
3244,2024-07-18,team,18
3245,2024-08-27,business,30
3246,2024-06-25,team,34
3247,2024-11-25,team,9
3248,2024-06-07,team,37
3249,2024-08-23,team,17
3250,2024-10-09,team,5
3251,2024-04-12,team,39
3252,2024-10-29,enterprise,18
3253,2024-01-05,enterprise,39
3254,2024-10-10,business,38
3255,2024-09-12,enterprise,14
3256,2024-06-14,enterprise,3
3257,2024-03-09,enterprise,29
3258,2024-04-17,enterprise,4
3259,2024-11-18,business,4
3260,2024-06-24,team,11
3261,2024-11-26,enterprise,11
3262,2024-03-01,team,38
3263,2024-03-18,business,11
3264,2024-06-23,team,21
3265,2024-01-31,enterprise,25
3266,2024-06-04,business,19
3267,2024-04-16,enterprise,28
3268,2024-07-29,enterprise,10
3269,2024-06-14,team,3
3270,2024-01-10,business,39
3271,2024-10-07,team,14
3272,2024-09-17,team,19
3273,2024-05-19,team,39
3274,2024-07-15,business,35
3275,2024-02-23,enterprise,22
3276,2024-01-14,business,37
3277,2024-09-02,business,39
3278,2024-05-13,team,34
3279,2024-04-10,enterprise,23
3280,2024-03-14,team,14
3281,2024-02-04,team,25
3282,2024-10-23,team,16
3283,2024-01-12,enterprise,27
3284,2024-06-08,team,6
3285,2024-01-11,team,9
3286,2024-01-11,enterprise,34
3287,2024-04-22,team,8
3288,2024-06-06,enterprise,31
3289,2024-04-02,team,34
3290,2024-07-21,enterprise,36
3291,2024-11-19,team,15
3292,2024-08-12,team,3
3293,2024-06-30,business,31
3294,2024-08-24,business,33
3295,2024-09-09,team,14
3296,2024-07-31,team,2
3297,2024-03-16,team,33
3298,2024-06-12,team,13
3299,2024-09-26,team,33
3300,2024-10-15,team,32
3301,2024-09-04,business,33
3302,2024-03-11,team,21
3303,2024-07-07,team,37
3304,2024-04-06,team,20
3305,2024-10-23,team,12
3306,2024-06-16,team,21
3307,2024-01-07,team,25
3308,2024-02-19,enterprise,35
3309,2024-04-28,enterprise,38
3310,2024-10-13,business,23
3311,2024-08-22,business,26
3312,2024-09-05,team,32
3313,2024-10-08,enterprise,12
3314,2024-02-03,business,15
3315,2024-11-12,enterprise,2
3316,2024-10-25,enterprise,10
3317,2024-09-27,team,4
3318,2024-05-25,enterprise,37
3319,2024-02-11,business,37
3320,2024-05-08,team,7
3321,2024-10-11,enterprise,10
3322,2024-01-10,business,16
3323,2024-01-02,team,24
3324,2024-05-11,business,6
3325,2024-09-28,business,34
3326,2024-04-18,business,11
3327,2024-01-01,team,20
3328,2024-11-15,team,30
3329,2024-10-16,business,35
3330,2024-09-25,team,7
3331,2024-10-26,business,14
3332,2024-09-17,enterprise,35
3333,2024-09-15,enterprise,31
3334,2024-06-02,team,8
3335,2024-10-16,enterprise,4
3336,2024-02-05,business,25
3337,2024-10-20,enterprise,7
3338,2024-01-29,team,21
3339,2024-10-23,team,3
3340,2024-07-10,business,12
3341,2024-07-18,team,5
3342,2024-03-14,team,39
3343,2024-09-18,business,5
3344,2024-03-08,business,26
3345,2024-01-18,team,13
3346,2024-11-12,enterprise,5
3347,2024-08-21,team,11
3348,2024-11-12,enterprise,28
3349,2024-06-24,business,39
3350,2024-07-29,business,5
3351,2024-11-02,business,39
3352,2024-11-03,team,11
3353,2024-10-05,team,27
3354,2024-05-19,team,3
3355,2024-03-26,business,4
3356,2024-08-06,business,17
3357,2024-04-28,enterprise,10
3358,2024-04-04,team,16
3359,2024-05-27,team,26
3360,2024-05-09,team,9
3361,2024-01-28,enterprise,5
3362,2024-11-17,team,12
3363,2024-04-25,team,17
3364,2024-05-24,business,23
3365,2024-03-29,team,16
3366,2024-06-08,team,37
3367,2024-04-16,enterprise,9
3368,2024-02-10,team,2
3369,2024-07-18,business,5
3370,2024-01-17,team,38
3371,2024-01-06,team,32
3372,2024-02-20,team,28
3373,2024-08-03,team,34
3374,2024-09-07,team,24
3375,2024-07-09,enterprise,24
3376,2024-07-19,team,3
3377,2024-01-14,team,26
3378,2024-06-26,enterprise,5
3379,2024-10-23,business,3
3380,2024-08-17,team,5
3381,2024-07-29,team,33
3382,2024-02-27,team,21
3383,2024-10-04,business,30
3384,2024-11-01,business,34
3385,2024-06-22,team,29
3386,2024-10-11,enterprise,3
3387,2024-01-28,enterprise,24
3388,2024-04-02,team,13
3389,2024-10-22,team,3
3390,2024-11-22,team,27
3391,2024-10-07,team,29
3392,2024-07-08,business,37
3393,2024-08-11,business,5
3394,2024-07-29,team,2
3395,2024-01-15,team,23
3396,2024-02-16,enterprise,25
3397,2024-05-16,business,34
3398,2024-10-15,business,13
3399,2024-05-24,enterprise,26
3400,2024-03-03,team,22
3401,2024-06-22,team,39
3402,2024-02-01,team,33
3403,2024-08-31,business,16
3404,2024-06-23,enterprise,29
3405,2024-03-11,team,24
3406,2024-09-28,team,26
3407,2024-09-06,enterprise,29
3408,2024-07-12,enterprise,24
3409,2024-04-23,business,31
3410,2024-09-30,business,2
3411,2024-01-26,enterprise,30
3412,2024-02-06,team,5
3413,2024-02-04,enterprise,8
3414,2024-06-24,team,7
3415,2024-06-05,team,28
3416,2024-08-13,team,24
3417,2024-07-05,enterprise,30
3418,2024-04-28,team,24
3419,2024-06-21,business,14
3420,2024-09-12,business,8
3421,2024-05-07,enterprise,10
3422,2024-08-21,team,38
3423,2024-03-10,team,25
3424,2024-07-09,enterprise,4
3425,2024-02-12,team,38
3426,2024-07-23,business,22
3427,2024-06-30,team,33
3428,2024-06-19,enterprise,22
3429,2024-04-12,team,27
3430,2024-11-17,enterprise,2
3431,2024-08-30,team,12
3432,2024-09-02,team,32
3433,2024-03-09,business,35
3434,2024-09-25,business,29
3435,2024-02-09,enterprise,16
3436,2024-05-24,team,8
3437,2024-11-22,team,8
3438,2024-05-21,team,16
3439,2024-04-10,team,21
3440,2024-09-26,business,33
3441,2024-11-06,team,11
3442,2024-10-25,team,37
3443,2024-05-16,team,25
3444,2024-07-27,team,19
3445,2024-10-13,enterprise,34
3446,2024-06-18,team,12
3447,2024-01-07,team,14
3448,2024-07-21,team,27
3449,2024-11-16,business,16
3450,2024-05-13,team,3
3451,2024-05-12,team,38
3452,2024-03-13,team,10
3453,2024-01-17,enterprise,22
3454,2024-11-23,enterprise,21
3455,2024-02-13,business,10
3456,2024-01-06,team,36
3457,2024-11-07,team,28
3458,2024-01-15,team,19
3459,2024-08-06,business,18
3460,2024-07-13,business,12
3461,2024-04-07,team,23
3462,2024-04-08,business,24
3463,2024-05-16,enterprise,38
3464,2024-01-05,business,36
3465,2024-05-18,enterprise,20
3466,2024-08-21,team,17
3467,2024-01-11,team,40
3468,2024-01-30,team,25
3469,2024-08-30,team,13
3470,2024-05-11,enterprise,5
3471,2024-08-23,business,39
3472,2024-11-09,enterprise,33
3473,2024-05-04,business,22
3474,2024-04-10,enterprise,36
3475,2024-10-16,enterprise,28
3476,2024-06-16,team,5
3477,2024-10-08,business,9
3478,2024-10-05,team,20
3479,2024-08-30,team,3
3480,2024-03-06,team,32
3481,2024-05-31,team,22
3482,2024-09-17,enterprise,15
3483,2024-09-12,enterprise,25
3484,2024-11-14,team,6
3485,2024-09-16,team,24
3486,2024-04-19,team,35
3487,2024-11-03,business,11
3488,2024-06-28,business,27
3489,2024-05-20,team,35
3490,2024-05-17,team,10
3491,2024-10-03,business,33
3492,2024-06-04,enterprise,23
3493,2024-07-17,business,29
3494,2024-05-11,team,34
3495,2024-06-30,business,3
3496,2024-06-23,team,18
3497,2024-05-10,business,39
3498,2024-01-03,business,8
3499,2024-04-24,business,34
3500,2024-07-02,enterprise,16
3501,2024-03-14,team,28
3502,2024-08-19,enterprise,21
3503,2024-05-15,business,15
3504,2024-03-02,team,38
3505,2024-04-11,enterprise,19
3506,2024-10-06,enterprise,23
3507,2024-05-28,enterprise,5
3508,2024-08-26,team,14
3509,2024-03-16,business,29
3510,2024-01-13,enterprise,6
3511,2024-10-29,team,35
3512,2024-04-06,business,6
3513,2024-07-02,enterprise,7
3514,2024-09-06,team,18
3515,2024-09-21,enterprise,14
3516,2024-04-03,team,36
3517,2024-06-15,business,39
3518,2024-02-26,business,38
3519,2024-10-08,team,12
3520,2024-09-13,enterprise,16
3521,2024-09-01,team,6
3522,2024-09-02,enterprise,15
3523,2024-02-26,team,25
3524,2024-03-04,business,40
3525,2024-02-20,team,25
3526,2024-02-25,business,30
3527,2024-03-31,team,17
3528,2024-07-13,enterprise,39
3529,2024-08-24,business,36
3530,2024-02-08,team,27
3531,2024-08-30,team,13
3532,2024-02-06,team,32
3533,2024-01-20,enterprise,23
3534,2024-06-03,business,9
3535,2024-06-10,enterprise,34
3536,2024-09-28,business,21
3537,2024-07-29,business,40
3538,2024-06-05,team,18
3539,2024-07-18,enterprise,23
3540,2024-09-08,team,12
3541,2024-05-17,team,19
3542,2024-02-23,business,39
3543,2024-05-28,team,19
3544,2024-09-24,business,30
3545,2024-03-06,business,33
3546,2024-11-09,enterprise,38
3547,2024-05-01,team,4
3548,2024-04-09,team,11
3549,2024-04-08,enterprise,14
3550,2024-06-05,team,4
3551,2024-01-23,business,24
3552,2024-07-18,enterprise,15
3553,2024-10-23,business,3
3554,2024-03-14,enterprise,28
3555,2024-07-27,enterprise,15
3556,2024-04-07,team,20
3557,2024-05-05,team,37
3558,2024-01-05,team,35
3559,2024-08-05,team,25
3560,2024-10-26,business,10
3561,2024-11-10,team,3
3562,2024-06-29,team,6
3563,2024-06-18,team,20
3564,2024-06-06,team,20
3565,2024-07-08,enterprise,39
3566,2024-07-23,team,13
3567,2024-11-15,enterprise,27
3568,2024-05-31,team,6
3569,2024-07-29,team,19
3570,2024-09-14,team,29
3571,2024-07-13,team,18
3572,2024-07-04,team,34
3573,2024-03-25,enterprise,26
3574,2024-04-15,business,27
3575,2024-03-18,team,17
3576,2024-11-05,enterprise,19
3577,2024-03-31,team,4
3578,2024-05-31,team,20
3579,2024-11-07,enterprise,16
3580,2024-04-13,business,9
3581,2024-10-12,team,39
3582,2024-02-09,business,39
3583,2024-03-18,team,6
3584,2024-10-06,enterprise,25
3585,2024-06-16,business,31
3586,2024-05-13,business,2
3587,2024-09-30,team,29
3588,2024-01-01,team,16
3589,2024-10-01,business,11
3590,2024-03-31,team,22
3591,2024-02-27,team,33
3592,2024-01-07,business,24
3593,2024-11-14,team,30
3594,2024-09-26,business,3
3595,2024-03-03,team,3
3596,2024-08-30,team,11
3597,2024-03-28,team,25
3598,2024-07-16,business,25
3599,2024-06-08,enterprise,13
3600,2024-03-19,enterprise,39
3601,2024-11-11,enterprise,18
3602,2024-06-30,team,31
3603,2024-07-30,business,22
3604,2024-04-09,business,23
3605,2024-01-07,business,19
3606,2024-08-31,team,2
3607,2024-02-07,business,9
3608,2024-05-08,enterprise,16
3609,2024-10-30,enterprise,37
3610,2024-07-18,enterprise,25
3611,2024-07-15,business,17
3612,2024-09-24,business,7
3613,2024-05-06,business,39
3614,2024-05-14,business,16
3615,2024-07-31,enterprise,8
3616,2024-07-05,team,7
3617,2024-09-22,team,7
3618,2024-04-01,business,36
3619,2024-01-03,enterprise,35
3620,2024-03-18,team,20
3621,2024-09-28,team,12
3622,2024-10-20,team,8
3623,2024-09-30,business,9
3624,2024-07-26,business,4
3625,2024-07-08,enterprise,20
3626,2024-11-26,team,40
3627,2024-08-28,team,22
3628,2024-03-25,business,9
3629,2024-01-15,team,10
3630,2024-07-03,team,11
3631,2024-03-29,team,20
3632,2024-01-19,enterprise,29
3633,2024-08-18,team,16
3634,2024-08-26,enterprise,22
3635,2024-02-09,enterprise,10
3636,2024-01-27,team,11
3637,2024-04-11,business,40
3638,2024-07-19,enterprise,16
3639,2024-09-04,team,4
3640,2024-08-28,team,5
3641,2024-11-12,enterprise,14
3642,2024-08-19,business,30
3643,2024-03-21,business,6
3644,2024-09-12,business,30
3645,2024-10-07,business,26
3646,2024-08-01,team,6
3647,2024-10-09,enterprise,39
3648,2024-05-31,business,25
3649,2024-02-15,business,13
3650,2024-09-11,enterprise,39
3651,2024-01-30,team,6
3652,2024-02-18,enterprise,30
3653,2024-05-21,team,22
3654,2024-06-06,team,33
3655,2024-07-13,enterprise,7
3656,2024-04-21,team,15
3657,2024-03-31,team,20
3658,2024-10-18,business,31
3659,2024-03-25,team,28
3660,2024-01-02,business,13
3661,2024-01-19,enterprise,39
3662,2024-02-27,team,37
3663,2024-08-11,team,20
3664,2024-05-16,business,13
3665,2024-08-06,enterprise,27
3666,2024-03-01,business,39
3667,2024-10-30,team,10
3668,2024-04-11,team,18
3669,2024-11-07,enterprise,40
3670,2024-10-01,enterprise,27
3671,2024-05-01,business,14
3672,2024-11-25,enterprise,23
3673,2024-05-26,enterprise,3
3674,2024-01-06,team,17
3675,2024-10-14,business,8
3676,2024-04-17,enterprise,24
3677,2024-02-18,enterprise,4
3678,2024-04-10,team,7
3679,2024-01-29,team,24
3680,2024-07-16,team,16
3681,2024-05-28,business,11
3682,2024-01-19,team,14
3683,2024-01-19,team,25
3684,2024-02-12,enterprise,30
3685,2024-02-27,team,40
3686,2024-08-11,enterprise,4
3687,2024-03-26,team,20
3688,2024-07-20,enterprise,37
3689,2024-07-16,team,5
3690,2024-10-02,team,15
3691,2024-08-31,enterprise,20
3692,2024-08-17,enterprise,14
3693,2024-07-09,team,11
3694,2024-11-25,business,19
3695,2024-10-27,team,19
3696,2024-05-04,team,18
3697,2024-05-12,enterprise,36
3698,2024-02-20,team,20
3699,2024-02-23,enterprise,15
3700,2024-10-31,business,12
3701,2024-01-26,business,17
3702,2024-09-10,team,4
3703,2024-07-15,team,37
3704,2024-01-03,team,22
3705,2024-03-20,team,12
3706,2024-09-08,team,40
3707,2024-08-12,team,22
3708,2024-09-08,team,22
3709,2024-09-02,team,35
3710,2024-09-10,enterprise,12
3711,2024-01-09,team,12
3712,2024-04-10,team,35
3713,2024-02-07,team,18
3714,2024-03-29,business,25
3715,2024-05-07,business,22
3716,2024-08-16,enterprise,24
3717,2024-05-17,team,33
3718,2024-05-19,enterprise,23
3719,2024-08-06,team,13
3720,2024-06-20,team,26
3721,2024-09-04,team,20
3722,2024-04-04,enterprise,28
3723,2024-05-12,team,20
3724,2024-01-09,business,6
3725,2024-10-02,enterprise,31
3726,2024-04-16,business,18
3727,2024-07-13,team,16
3728,2024-03-25,team,5
3729,2024-08-24,team,18
3730,2024-09-12,business,11
3731,2024-06-25,business,9
3732,2024-08-16,team,13
3733,2024-09-09,team,10
3734,2024-06-14,enterprise,5
3735,2024-03-05,team,37
3736,2024-11-17,team,36
3737,2024-08-25,business,22
3738,2024-07-26,team,21
3739,2024-01-13,team,8
3740,2024-01-31,business,39
3741,2024-05-26,enterprise,10
3742,2024-10-01,team,13
3743,2024-05-02,business,11
3744,2024-03-23,team,11
3745,2024-03-19,business,30
3746,2024-02-28,team,32
3747,2024-05-27,team,7
3748,2024-07-24,enterprise,13
3749,2024-08-12,enterprise,13
3750,2024-10-29,enterprise,14
3751,2024-02-25,business,20
3752,2024-04-08,team,22
3753,2024-05-22,enterprise,26
3754,2024-07-23,business,16
3755,2024-06-20,team,27
3756,2024-08-29,team,18
3757,2024-04-15,business,14
3758,2024-11-08,team,17
3759,2024-01-19,business,34
3760,2024-06-24,business,8
3761,2024-08-14,team,23
3762,2024-08-09,team,40
3763,2024-06-21,business,37
3764,2024-08-21,enterprise,5
3765,2024-11-19,team,28
3766,2024-07-09,business,8
3767,2024-04-16,team,37
3768,2024-10-22,team,14
3769,2024-01-05,team,27
3770,2024-09-12,enterprise,29
3771,2024-06-08,enterprise,36
3772,2024-08-22,enterprise,12
3773,2024-05-18,team,18
3774,2024-04-18,team,9
3775,2024-07-03,enterprise,23
3776,2024-04-01,team,11
3777,2024-07-20,team,5
3778,2024-03-25,team,11
3779,2024-10-07,enterprise,6
3780,2024-05-19,team,15
3781,2024-03-27,business,9
3782,2024-04-25,team,27
3783,2024-02-04,team,19
3784,2024-01-19,business,37
3785,2024-01-06,team,22
3786,2024-04-23,team,26
3787,2024-02-29,business,40
3788,2024-08-23,business,19
3789,2024-03-13,business,10
3790,2024-03-02,team,29
3791,2024-03-09,team,40
3792,2024-10-18,team,26
3793,2024-10-29,enterprise,17
3794,2024-02-29,enterprise,26
3795,2024-09-26,business,27
3796,2024-06-29,team,5
3797,2024-10-31,team,23
3798,2024-06-23,business,25
3799,2024-01-04,business,15
3800,2024-05-12,team,16
3801,2024-11-19,team,34
3802,2024-03-14,team,7
3803,2024-04-16,enterprise,16
3804,2024-04-20,team,39
3805,2024-08-23,team,19
3806,2024-04-13,team,37
3807,2024-07-18,enterprise,27
3808,2024-10-14,team,20
3809,2024-03-23,business,27
3810,2024-02-21,team,39
3811,2024-11-08,team,7
3812,2024-08-30,team,34
3813,2024-02-11,team,34
3814,2024-05-11,team,29
3815,2024-02-02,business,40
3816,2024-10-06,team,39
3817,2024-06-05,enterprise,9
3818,2024-04-24,enterprise,39
3819,2024-08-22,team,6
3820,2024-02-18,team,6
3821,2024-10-22,team,3
3822,2024-11-09,business,6
3823,2024-06-15,team,36
3824,2024-04-19,team,21
3825,2024-01-20,business,28
3826,2024-01-14,team,38
3827,2024-05-06,business,34
3828,2024-10-06,business,39
3829,2024-10-06,team,24
3830,2024-06-10,business,8
3831,2024-04-01,business,19
3832,2024-09-03,team,30
3833,2024-08-26,business,37
3834,2024-02-09,business,14
3835,2024-06-24,enterprise,27
3836,2024-01-27,business,35
3837,2024-09-14,enterprise,22
3838,2024-06-22,team,14
3839,2024-08-12,team,39
3840,2024-08-29,team,34
3841,2024-11-19,team,31
3842,2024-11-11,enterprise,30
3843,2024-06-13,team,19
3844,2024-09-30,enterprise,36
3845,2024-10-14,team,23
3846,2024-04-04,business,11
3847,2024-06-13,team,13
3848,2024-05-13,business,30
3849,2024-03-20,team,36
3850,2024-04-27,team,17
3851,2024-06-10,team,16
3852,2024-04-19,team,19
3853,2024-07-10,business,12
3854,2024-11-08,team,40
3855,2024-07-16,business,40
3856,2024-07-17,team,14
3857,2024-02-15,team,7
3858,2024-06-06,enterprise,19
3859,2024-02-17,team,8
3860,2024-06-27,business,28
3861,2024-02-25,team,36
3862,2024-09-15,team,3
3863,2024-09-24,enterprise,10
3864,2024-07-08,enterprise,2
3865,2024-10-09,business,24
3866,2024-08-24,team,12
3867,2024-09-30,team,33
3868,2024-02-19,team,16
3869,2024-11-18,enterprise,39
3870,2024-02-15,business,18
3871,2024-01-15,team,5
3872,2024-05-28,business,34
3873,2024-10-26,business,16
3874,2024-11-01,enterprise,21
3875,2024-01-28,business,23
3876,2024-07-23,team,36
3877,2024-04-04,business,17
3878,2024-07-10,team,13
3879,2024-04-27,enterprise,18
3880,2024-04-22,team,15
3881,2024-06-05,team,40
3882,2024-05-27,team,3
3883,2024-06-04,team,16
3884,2024-06-06,business,30
3885,2024-03-07,team,16
3886,2024-01-29,business,34
3887,2024-09-03,business,28
3888,2024-06-07,enterprise,7
3889,2024-02-27,team,9
3890,2024-04-18,team,22
3891,2024-01-18,business,34
3892,2024-01-16,enterprise,12
3893,2024-11-04,team,16
3894,2024-03-12,enterprise,8
3895,2024-02-20,team,15
3896,2024-10-25,team,22
3897,2024-02-28,business,13
3898,2024-04-30,team,31
3899,2024-02-06,team,13
3900,2024-04-26,business,6
3901,2024-08-04,team,25
3902,2024-09-25,team,11
3903,2024-05-01,enterprise,3
3904,2024-01-28,team,15
3905,2024-04-24,business,21
3906,2024-09-28,business,14
3907,2024-10-23,enterprise,10
3908,2024-10-01,business,34
3909,2024-05-21,team,37
3910,2024-02-20,team,4
3911,2024-08-04,business,39
3912,2024-11-17,team,38
3913,2024-09-08,team,2
3914,2024-09-10,team,39
3915,2024-11-10,team,8
3916,2024-11-23,business,5
3917,2024-07-17,enterprise,12
3918,2024-10-07,business,11
3919,2024-07-13,business,11
3920,2024-09-05,business,4
3921,2024-05-03,business,14
3922,2024-03-26,team,13
3923,2024-06-01,enterprise,6
3924,2024-09-18,team,19
3925,2024-01-30,team,3
3926,2024-08-17,business,10
3927,2024-02-09,team,34
3928,2024-09-15,enterprise,29
3929,2024-11-24,team,35
3930,2024-11-11,team,35
3931,2024-05-27,enterprise,21
3932,2024-04-19,team,20
3933,2024-06-28,team,22
3934,2024-01-08,team,33
3935,2024-10-14,enterprise,26
3936,2024-06-19,team,35
3937,2024-06-03,team,34
3938,2024-06-13,team,12
3939,2024-02-23,team,27
3940,2024-03-27,enterprise,19
3941,2024-02-20,team,19
3942,2024-10-28,team,19
3943,2024-01-28,enterprise,27
3944,2024-09-13,enterprise,27
3945,2024-01-03,enterprise,40
3946,2024-08-14,business,25
3947,2024-04-11,enterprise,24
3948,2024-08-18,team,15
3949,2024-08-09,team,22
3950,2024-07-03,business,35
3951,2024-07-11,team,38
3952,2024-11-23,team,26
3953,2024-09-04,team,36
3954,2024-02-26,enterprise,22
3955,2024-08-05,team,33
3956,2024-11-16,team,19
3957,2024-07-20,team,6
3958,2024-07-25,team,23
3959,2024-07-03,business,5
3960,2024-07-12,team,18
3961,2024-06-08,team,20
3962,2024-03-25,team,36
3963,2024-10-06,team,28
3964,2024-08-19,team,29
3965,2024-10-29,team,6
3966,2024-11-19,team,34
3967,2024-07-10,business,36
3968,2024-07-11,team,17
3969,2024-09-27,business,5
3970,2024-01-17,team,38
3971,2024-10-24,team,8
3972,2024-06-13,enterprise,2
3973,2024-03-09,team,26
3974,2024-04-30,business,16
3975,2024-01-06,team,16
3976,2024-02-12,team,5
3977,2024-07-24,team,10
3978,2024-02-06,enterprise,31
3979,2024-01-18,team,25
3980,2024-09-04,business,32
3981,2024-01-18,team,17
3982,2024-11-02,team,19
3983,2024-07-15,business,37
3984,2024-02-01,team,24
3985,2024-01-08,team,13
3986,2024-04-20,team,21
3987,2024-09-07,team,29
3988,2024-10-10,business,11
3989,2024-10-15,team,33
3990,2024-01-29,team,10
3991,2024-05-17,business,12
3992,2024-09-15,team,3
3993,2024-11-25,business,35
3994,2024-05-16,business,33
3995,2024-09-25,enterprise,35
3996,2024-11-04,team,19
3997,2024-09-10,team,7
3998,2024-01-26,team,20
3999,2024-04-04,team,21
4000,2024-04-09,business,16
4001,2024-06-20,team,10
4002,2024-05-31,enterprise,24
4003,2024-09-30,team,8
4004,2024-01-21,team,16
4005,2024-03-08,enterprise,10
4006,2024-02-17,team,25
4007,2024-08-06,enterprise,4
4008,2024-03-20,team,39
4009,2024-03-12,team,36
4010,2024-05-11,business,4
4011,2024-01-05,team,28
4012,2024-01-30,business,12
4013,2024-10-23,business,17
4014,2024-10-30,enterprise,35
4015,2024-05-18,team,33
4016,2024-03-31,team,2
4017,2024-06-07,business,21
4018,2024-06-15,enterprise,24
4019,2024-04-26,team,27
4020,2024-01-10,team,28
4021,2024-06-18,business,4
4022,2024-03-01,team,24
4023,2024-09-23,team,15
4024,2024-08-02,team,37
4025,2024-05-01,business,40
4026,2024-10-15,team,21
4027,2024-03-11,team,12
4028,2024-04-21,business,16
4029,2024-03-26,team,14
4030,2024-11-08,enterprise,6
4031,2024-06-20,enterprise,24
4032,2024-04-05,business,31
4033,2024-08-17,enterprise,20
4034,2024-02-12,business,25
4035,2024-06-08,enterprise,12
4036,2024-08-25,team,11
4037,2024-07-07,team,16
4038,2024-06-12,team,27
4039,2024-09-05,team,40
4040,2024-02-25,team,24
4041,2024-11-10,business,39
4042,2024-09-17,business,3
4043,2024-02-29,team,32
4044,2024-02-17,team,6
4045,2024-01-13,team,11
4046,2024-06-18,team,9
4047,2024-07-04,enterprise,27
4048,2024-04-21,team,28
4049,2024-03-11,business,25
4050,2024-09-03,team,2
4051,2024-04-19,enterprise,34
4052,2024-09-01,team,11
4053,2024-06-30,team,29
4054,2024-11-12,team,32
4055,2024-09-10,business,30
4056,2024-10-14,team,20
4057,2024-10-09,enterprise,35
4058,2024-11-13,enterprise,16
4059,2024-08-11,business,11
4060,2024-02-18,business,15
4061,2024-05-14,team,11
4062,2024-09-23,business,30
4063,2024-10-05,enterprise,6
4064,2024-11-16,team,6
4065,2024-03-19,enterprise,27
4066,2024-07-25,team,9
4067,2024-01-09,business,7
4068,2024-05-30,team,8
4069,2024-11-16,team,18
4070,2024-07-02,enterprise,35
4071,2024-11-24,team,17
4072,2024-04-07,business,20
4073,2024-08-08,team,31
4074,2024-07-18,team,39
4075,2024-02-07,enterprise,22
4076,2024-11-10,team,29
4077,2024-09-22,enterprise,15
4078,2024-05-02,business,23
4079,2024-02-28,team,25
4080,2024-09-23,business,33
4081,2024-09-28,team,14
4082,2024-06-05,business,11
4083,2024-11-18,enterprise,7
4084,2024-07-04,business,31
4085,2024-04-11,business,3
4086,2024-05-27,enterprise,31
4087,2024-01-10,enterprise,4
4088,2024-01-07,team,40
4089,2024-03-03,enterprise,11
4090,2024-06-13,team,30
4091,2024-11-05,team,36
4092,2024-02-04,business,9
4093,2024-10-18,business,6
4094,2024-09-26,team,5
4095,2024-11-05,team,38
4096,2024-03-18,enterprise,22
4097,2024-05-17,team,13
4098,2024-01-01,business,28
4099,2024-08-25,team,3
4100,2024-11-12,team,31
4101,2024-01-14,enterprise,19
4102,2024-07-08,business,39
4103,2024-04-20,team,3
4104,2024-11-18,business,13
4105,2024-03-24,business,11
4106,2024-11-09,business,24
4107,2024-03-27,business,7
4108,2024-07-27,team,38
4109,2024-07-18,team,13
4110,2024-05-15,team,37
4111,2024-03-21,enterprise,10
4112,2024-04-03,team,9
4113,2024-10-24,enterprise,6
4114,2024-11-06,team,2
4115,2024-01-11,team,39
4116,2024-11-25,team,28
4117,2024-06-14,team,13
4118,2024-03-06,team,29
4119,2024-10-25,business,30
4120,2024-06-09,business,30
4121,2024-09-24,business,11
4122,2024-03-10,enterprise,2
4123,2024-04-27,business,16
4124,2024-08-15,enterprise,35
4125,2024-01-07,enterprise,18
4126,2024-08-11,team,11
4127,2024-01-21,business,23
4128,2024-05-11,business,23
4129,2024-07-10,team,36
4130,2024-03-06,enterprise,35
4131,2024-05-11,business,21
4132,2024-01-09,enterprise,30
4133,2024-03-19,enterprise,35
4134,2024-05-29,team,6
4135,2024-08-27,business,37
4136,2024-06-09,team,2
4137,2024-06-24,team,26
4138,2024-03-23,business,9
4139,2024-07-14,team,26
4140,2024-08-17,team,32
4141,2024-02-27,enterprise,35
4142,2024-08-25,enterprise,9
4143,2024-11-08,enterprise,19
4144,2024-06-11,team,18
4145,2024-06-05,business,25
4146,2024-03-11,team,31
4147,2024-11-09,team,22
4148,2024-10-14,team,3
4149,2024-01-02,team,27
4150,2024-05-23,enterprise,5
4151,2024-10-30,team,22
4152,2024-04-04,enterprise,6
4153,2024-02-17,team,6
4154,2024-08-06,team,2
4155,2024-05-21,enterprise,23
4156,2024-07-31,business,6
4157,2024-01-22,team,23
4158,2024-01-13,enterprise,37
4159,2024-11-03,business,18
4160,2024-11-25,business,40
4161,2024-08-29,business,5
4162,2024-08-11,enterprise,37
4163,2024-11-08,business,37
4164,2024-05-02,business,8
4165,2024-06-12,enterprise,9
4166,2024-05-07,team,39
4167,2024-11-08,team,34
4168,2024-09-28,team,2
4169,2024-07-09,team,3
4170,2024-11-14,team,27
4171,2024-09-23,business,37
4172,2024-02-27,team,36
4173,2024-05-11,business,14
4174,2024-05-08,team,31
4175,2024-05-16,business,28
4176,2024-09-16,business,31
4177,2024-11-16,enterprise,24
4178,2024-04-20,team,11
4179,2024-01-09,team,31
4180,2024-02-14,enterprise,31
4181,2024-07-05,enterprise,12
4182,2024-05-13,team,31
4183,2024-01-22,enterprise,18
4184,2024-02-19,business,19
4185,2024-08-21,team,29
4186,2024-02-22,business,23
4187,2024-06-30,team,21
4188,2024-08-12,business,36
4189,2024-10-22,business,22
4190,2024-06-20,enterprise,5
4191,2024-07-15,team,16
4192,2024-06-02,team,4
4193,2024-03-02,enterprise,37
4194,2024-01-22,team,20
4195,2024-02-18,team,28
4196,2024-09-05,team,39
4197,2024-08-10,team,3
4198,2024-01-18,enterprise,16
4199,2024-03-19,business,10
4200,2024-04-30,team,40
4201,2024-10-18,business,2
4202,2024-01-10,enterprise,24
4203,2024-08-13,enterprise,19
4204,2024-07-29,enterprise,14
4205,2024-01-09,enterprise,26
4206,2024-02-17,team,29
4207,2024-06-03,business,9
4208,2024-07-26,team,27
4209,2024-10-17,business,34
4210,2024-05-26,business,3
4211,2024-02-19,team,8
4212,2024-05-14,enterprise,33
4213,2024-08-24,team,33
4214,2024-04-14,team,10
4215,2024-08-21,business,16
4216,2024-02-10,business,22
4217,2024-02-12,team,15
4218,2024-04-08,team,17
4219,2024-04-01,team,28
4220,2024-08-16,team,27
4221,2024-04-21,business,23
4222,2024-04-04,business,18
4223,2024-03-22,business,26
4224,2024-11-06,team,2
4225,2024-05-08,team,34
4226,2024-05-02,business,21
4227,2024-07-12,enterprise,35
4228,2024-11-09,team,40
4229,2024-06-06,business,22
4230,2024-03-27,enterprise,23
4231,2024-09-04,business,29
4232,2024-09-02,enterprise,19
4233,2024-11-09,enterprise,14
4234,2024-05-08,team,10
4235,2024-02-28,business,29
4236,2024-06-19,business,25
4237,2024-09-11,team,26
4238,2024-01-21,enterprise,39
4239,2024-11-22,team,32
4240,2024-08-14,enterprise,15
4241,2024-03-17,business,8
4242,2024-07-26,team,18
4243,2024-04-08,enterprise,10
4244,2024-03-21,team,32
4245,2024-06-02,business,28
4246,2024-11-10,business,30
4247,2024-08-15,team,38
4248,2024-10-15,business,25
4249,2024-09-08,team,17
4250,2024-03-13,business,31
4251,2024-02-28,enterprise,11
4252,2024-11-20,enterprise,12
4253,2024-11-01,enterprise,16
4254,2024-05-15,team,26
4255,2024-04-02,team,19
4256,2024-04-08,business,31
4257,2024-10-07,enterprise,37
4258,2024-01-28,enterprise,18
4259,2024-11-24,team,5
4260,2024-11-12,team,20
4261,2024-09-18,business,17
4262,2024-01-30,team,10
4263,2024-02-20,team,20
4264,2024-03-25,team,3
4265,2024-11-18,team,31
4266,2024-05-04,team,40
4267,2024-11-15,enterprise,25
4268,2024-01-16,team,16
4269,2024-02-27,team,31
4270,2024-05-16,team,25
4271,2024-09-09,team,9
4272,2024-03-13,business,13
4273,2024-10-21,enterprise,25
4274,2024-07-23,team,15
4275,2024-05-25,enterprise,2
4276,2024-01-11,business,39
4277,2024-02-05,team,28
4278,2024-01-15,team,5
4279,2024-08-08,team,8
4280,2024-05-28,enterprise,10
4281,2024-10-04,team,12
4282,2024-06-21,enterprise,16
4283,2024-03-15,team,17
4284,2024-09-14,enterprise,37
4285,2024-11-01,business,31
4286,2024-06-30,enterprise,21
4287,2024-06-23,team,14
4288,2024-07-24,team,26
4289,2024-02-26,team,35
4290,2024-10-21,enterprise,26
4291,2024-09-21,team,13
4292,2024-10-10,enterprise,9
4293,2024-06-30,team,35
4294,2024-11-24,enterprise,31
4295,2024-08-29,team,22
4296,2024-04-02,team,40
4297,2024-11-02,team,23
4298,2024-09-16,team,23
4299,2024-11-03,team,24
4300,2024-07-17,business,36
4301,2024-07-11,team,19
4302,2024-09-10,team,14
4303,2024-06-02,team,20
4304,2024-07-20,enterprise,17
4305,2024-10-24,team,20
4306,2024-06-18,team,6
4307,2024-10-20,business,20
4308,2024-03-27,team,5
4309,2024-03-20,enterprise,20
4310,2024-04-16,business,14
4311,2024-09-01,team,15
4312,2024-07-28,enterprise,18
4313,2024-06-30,team,6
4314,2024-02-10,business,3
4315,2024-08-24,team,10
4316,2024-01-28,team,37
4317,2024-05-19,team,11
4318,2024-03-10,business,40
4319,2024-07-09,enterprise,7
4320,2024-07-02,business,39
4321,2024-08-07,team,17
4322,2024-05-25,team,6
4323,2024-01-26,team,34
4324,2024-08-16,enterprise,8
4325,2024-01-15,enterprise,28
4326,2024-04-16,team,10
4327,2024-07-21,team,8
4328,2024-04-06,enterprise,27
4329,2024-06-03,team,40
4330,2024-06-06,enterprise,25
4331,2024-01-06,enterprise,12
4332,2024-10-30,team,14
4333,2024-11-09,business,31
4334,2024-09-26,enterprise,17
4335,2024-08-28,business,11
4336,2024-02-12,business,34
4337,2024-11-03,team,20
4338,2024-04-04,business,32
4339,2024-07-15,enterprise,15
4340,2024-08-01,enterprise,17
4341,2024-10-21,enterprise,36
4342,2024-03-31,team,11
4343,2024-01-02,team,3
4344,2024-05-31,team,11
4345,2024-08-17,enterprise,2
4346,2024-05-01,enterprise,22
4347,2024-04-03,business,30
4348,2024-02-16,enterprise,32
4349,2024-09-23,enterprise,5
4350,2024-10-24,enterprise,21
4351,2024-06-21,enterprise,16
4352,2024-06-14,enterprise,26
4353,2024-09-15,business,13
4354,2024-05-03,business,38
4355,2024-02-16,business,17
4356,2024-11-09,business,3
4357,2024-04-21,team,5
4358,2024-01-25,team,23
4359,2024-08-08,team,3
4360,2024-11-08,team,29
4361,2024-06-14,team,21
4362,2024-05-25,team,8
4363,2024-07-02,team,4
4364,2024-05-23,enterprise,5
4365,2024-04-24,team,40
4366,2024-08-28,team,11
4367,2024-10-04,enterprise,32
4368,2024-02-19,team,20
4369,2024-08-22,business,20
4370,2024-01-01,business,9
4371,2024-05-05,enterprise,31
4372,2024-09-20,team,36
4373,2024-04-27,team,4
4374,2024-08-04,business,30
4375,2024-08-26,enterprise,9
4376,2024-08-26,team,18
4377,2024-11-15,team,36
4378,2024-02-09,team,3
4379,2024-03-13,business,18
4380,2024-10-12,business,17
4381,2024-09-18,team,6
4382,2024-06-27,team,14
4383,2024-08-07,team,40
4384,2024-04-26,team,19
4385,2024-05-26,enterprise,11
4386,2024-02-08,team,10
4387,2024-03-16,team,35
4388,2024-09-29,team,15
4389,2024-08-30,enterprise,40
4390,2024-05-01,team,8
4391,2024-04-01,business,19
4392,2024-09-02,enterprise,8
4393,2024-09-24,team,9
4394,2024-05-01,enterprise,2
4395,2024-08-23,team,19
4396,2024-02-28,team,14
4397,2024-06-03,team,7
4398,2024-07-02,enterprise,32
4399,2024-09-29,business,19
4400,2024-05-26,team,32
4401,2024-02-09,team,27
4402,2024-09-01,team,14
4403,2024-04-18,business,10
4404,2024-04-26,business,30
4405,2024-05-03,team,3
4406,2024-07-17,team,18
4407,2024-02-05,team,2
4408,2024-11-08,team,5
4409,2024-10-01,enterprise,31
4410,2024-05-09,team,7
4411,2024-01-23,enterprise,19
4412,2024-10-28,team,31
4413,2024-02-13,team,5
4414,2024-06-01,team,8
4415,2024-11-08,team,39
4416,2024-09-04,enterprise,24
4417,2024-04-12,enterprise,15
4418,2024-01-22,team,25
4419,2024-11-15,enterprise,40
4420,2024-10-14,enterprise,5
4421,2024-03-25,enterprise,37
4422,2024-10-16,business,17
4423,2024-03-10,business,19
4424,2024-07-25,business,35
4425,2024-03-22,team,5
4426,2024-10-29,business,13
4427,2024-06-11,business,30
4428,2024-09-19,business,8
4429,2024-07-19,team,2
4430,2024-09-03,business,31
4431,2024-02-04,team,6
4432,2024-11-13,team,8
4433,2024-10-08,team,37
4434,2024-05-03,business,4
4435,2024-05-25,team,18
4436,2024-06-22,enterprise,30
4437,2024-03-06,team,6
4438,2024-01-14,team,9
4439,2024-02-17,enterprise,23
4440,2024-10-30,enterprise,15
4441,2024-04-11,team,24
4442,2024-04-21,enterprise,39
4443,2024-04-17,team,7
4444,2024-06-02,enterprise,26
4445,2024-03-27,team,19
4446,2024-02-08,business,40
4447,2024-03-25,team,34
4448,2024-11-10,enterprise,31
4449,2024-09-18,enterprise,23
4450,2024-02-22,team,38
4451,2024-08-20,team,6
4452,2024-10-29,business,13
4453,2024-06-07,enterprise,9
4454,2024-06-20,business,22
4455,2024-10-13,team,24
4456,2024-01-24,team,26
4457,2024-05-11,team,13
4458,2024-04-12,team,29
4459,2024-02-23,team,39
4460,2024-01-30,team,32
4461,2024-05-26,enterprise,28
4462,2024-01-08,team,13
4463,2024-07-03,business,39
4464,2024-02-03,team,36
4465,2024-02-19,team,24
4466,2024-05-17,team,7
4467,2024-11-14,business,24
4468,2024-10-22,business,4
4469,2024-11-08,team,24
4470,2024-06-06,enterprise,11
4471,2024-02-24,team,16
4472,2024-05-23,business,5
4473,2024-05-21,team,20
4474,2024-07-11,enterprise,11
4475,2024-01-08,enterprise,30
4476,2024-07-12,business,21
4477,2024-05-04,team,22
4478,2024-05-30,team,23
4479,2024-10-10,enterprise,3
4480,2024-02-28,team,8
4481,2024-11-16,team,27
4482,2024-03-25,enterprise,23
4483,2024-06-05,team,4
4484,2024-09-26,team,38
4485,2024-06-06,team,2
4486,2024-05-16,team,33
4487,2024-06-30,enterprise,5
4488,2024-01-14,business,39
4489,2024-10-02,business,16
4490,2024-09-23,team,29
4491,2024-04-05,business,21
4492,2024-03-17,team,28
4493,2024-01-26,team,12
4494,2024-05-21,team,7
4495,2024-06-17,business,2
4496,2024-01-01,team,29
4497,2024-08-05,team,12
4498,2024-01-04,business,32
4499,2024-02-27,business,19
4500,2024-03-09,team,16
4501,2024-04-08,team,23
4502,2024-05-26,team,32
4503,2024-03-06,enterprise,10
4504,2024-09-13,enterprise,32
4505,2024-04-04,team,38
4506,2024-06-21,business,12
4507,2024-11-08,business,33
4508,2024-01-25,team,12
4509,2024-07-27,enterprise,12
4510,2024-03-21,business,25
4511,2024-02-28,enterprise,24
4512,2024-03-06,business,5
4513,2024-03-24,team,6
4514,2024-02-04,business,13
4515,2024-02-20,business,14
4516,2024-07-16,business,9
4517,2024-02-11,team,35
4518,2024-09-19,team,21
4519,2024-01-27,team,19
4520,2024-07-09,business,20
4521,2024-03-29,enterprise,33
4522,2024-06-12,team,23
4523,2024-05-09,business,8
4524,2024-09-28,business,20
4525,2024-09-18,team,34
4526,2024-06-29,team,18
4527,2024-03-03,enterprise,26
4528,2024-10-18,team,37
4529,2024-02-23,enterprise,4
4530,2024-09-02,business,12
4531,2024-01-19,team,28
4532,2024-04-29,team,23
4533,2024-05-10,business,33
4534,2024-06-21,team,8
4535,2024-04-27,team,2
4536,2024-04-21,team,28
4537,2024-03-15,business,25
4538,2024-03-28,team,21
4539,2024-02-10,team,19
4540,2024-05-29,business,22
4541,2024-05-27,business,25
4542,2024-08-07,team,16
4543,2024-09-20,team,5
4544,2024-08-27,team,33
4545,2024-05-22,team,38
4546,2024-07-24,team,18
4547,2024-05-30,team,31
4548,2024-08-22,team,28
4549,2024-10-15,team,40
4550,2024-04-19,team,14
4551,2024-06-08,business,4
4552,2024-11-12,team,7
4553,2024-06-01,business,35
4554,2024-01-26,team,15
4555,2024-11-15,enterprise,16
4556,2024-08-06,business,13
4557,2024-08-31,enterprise,37
4558,2024-05-08,enterprise,33
4559,2024-09-15,enterprise,35
4560,2024-03-07,team,32
4561,2024-04-14,business,6
4562,2024-01-23,business,11
4563,2024-04-24,team,34
4564,2024-10-26,business,2
4565,2024-07-08,business,7
4566,2024-10-22,team,31
4567,2024-07-17,business,7
4568,2024-06-06,team,23
4569,2024-06-10,team,7
4570,2024-03-13,team,22
4571,2024-09-19,team,28
4572,2024-08-01,enterprise,10
4573,2024-03-15,team,24
4574,2024-08-12,enterprise,36
4575,2024-02-06,team,26
4576,2024-02-13,team,18
4577,2024-08-03,team,36
4578,2024-11-20,business,27
4579,2024-06-25,team,32
4580,2024-03-19,team,8
4581,2024-07-25,business,40
4582,2024-05-11,enterprise,18
4583,2024-07-04,business,31
4584,2024-04-05,team,36
4585,2024-07-29,business,37
4586,2024-04-19,team,13
4587,2024-08-14,business,19
4588,2024-03-12,team,21
4589,2024-03-13,business,8
4590,2024-09-16,enterprise,13
4591,2024-04-16,team,40
4592,2024-08-29,team,10
4593,2024-07-07,team,11
4594,2024-01-24,team,29
4595,2024-05-27,enterprise,5
4596,2024-11-17,enterprise,27
4597,2024-07-30,business,4
4598,2024-03-18,team,6
4599,2024-08-03,enterprise,5
4600,2024-04-24,team,6
4601,2024-03-05,team,36
4602,2024-10-28,team,11
4603,2024-07-09,enterprise,16
4604,2024-06-21,team,32
4605,2024-03-09,team,34
4606,2024-09-05,enterprise,25
4607,2024-06-25,team,24
4608,2024-04-12,business,22
4609,2024-05-17,enterprise,22
4610,2024-05-15,enterprise,4
4611,2024-02-25,business,17
4612,2024-05-13,team,25
4613,2024-06-13,team,6
4614,2024-06-03,team,25
4615,2024-09-21,business,34
4616,2024-06-06,enterprise,2
4617,2024-08-05,team,24
4618,2024-05-04,business,3
4619,2024-06-12,business,39
4620,2024-05-12,team,13
4621,2024-01-08,team,2
4622,2024-08-22,enterprise,13
4623,2024-01-02,team,17
4624,2024-07-07,team,8
4625,2024-04-07,business,37
4626,2024-09-22,team,7
4627,2024-09-03,enterprise,37
4628,2024-03-22,team,38
4629,2024-10-08,team,40
4630,2024-03-26,enterprise,15
4631,2024-02-25,team,23
4632,2024-04-19,team,6
4633,2024-07-28,team,37
4634,2024-04-18,enterprise,6
4635,2024-01-19,enterprise,39
4636,2024-04-07,enterprise,40
4637,2024-08-02,team,19
4638,2024-09-15,business,25
4639,2024-04-09,business,35
4640,2024-03-18,team,37
4641,2024-02-08,enterprise,18
4642,2024-01-11,business,2
4643,2024-07-11,team,22
4644,2024-06-21,business,8
4645,2024-11-03,team,30
4646,2024-10-10,enterprise,31
4647,2024-05-12,team,33
4648,2024-10-13,team,23
4649,2024-02-13,enterprise,8
4650,2024-05-14,team,22
4651,2024-07-10,team,21
4652,2024-05-25,team,32
4653,2024-10-03,team,40
4654,2024-03-23,business,4
4655,2024-11-10,business,5
4656,2024-09-25,team,8
4657,2024-07-25,team,12
4658,2024-11-25,team,4
4659,2024-02-07,business,2
4660,2024-11-25,team,38
4661,2024-06-23,team,6
4662,2024-10-05,enterprise,16
4663,2024-05-13,team,16
4664,2024-09-10,team,4
4665,2024-05-23,business,23
4666,2024-05-05,business,37
4667,2024-01-07,business,32
4668,2024-09-01,team,25
4669,2024-05-04,business,33
4670,2024-06-23,enterprise,5
4671,2024-09-21,team,22
4672,2024-03-12,business,8
4673,2024-09-29,business,13
4674,2024-04-24,team,20
4675,2024-04-06,team,24
4676,2024-04-19,team,37
4677,2024-10-12,team,33
4678,2024-11-07,team,14
4679,2024-11-20,team,2
4680,2024-07-10,enterprise,25
4681,2024-02-18,enterprise,15
4682,2024-05-28,enterprise,33
4683,2024-11-17,team,2
4684,2024-06-28,team,15
4685,2024-09-04,team,24
4686,2024-05-15,business,29
4687,2024-11-25,team,27
4688,2024-08-01,business,40
4689,2024-01-27,enterprise,32
4690,2024-02-01,team,12
4691,2024-08-21,enterprise,10
4692,2024-11-10,team,20
4693,2024-11-13,enterprise,10
4694,2024-10-07,business,5
4695,2024-06-14,business,36
4696,2024-02-19,team,15
4697,2024-05-03,team,39
4698,2024-11-16,team,27
4699,2024-07-08,business,19
4700,2024-07-06,team,18
4701,2024-08-20,team,4
4702,2024-09-30,team,8
4703,2024-04-11,team,33
4704,2024-03-05,business,36
4705,2024-01-30,business,5
4706,2024-03-13,business,36
4707,2024-03-01,enterprise,13
4708,2024-01-31,team,35
4709,2024-03-21,business,12
4710,2024-09-22,team,11
4711,2024-06-01,business,2
4712,2024-06-02,team,33
4713,2024-06-06,team,14
4714,2024-06-18,team,21
4715,2024-10-24,enterprise,17
4716,2024-04-14,business,27
4717,2024-08-02,team,26
4718,2024-06-05,business,32
4719,2024-05-29,team,22
4720,2024-06-20,team,35
4721,2024-05-18,enterprise,35
4722,2024-05-25,business,33
4723,2024-05-09,business,20
4724,2024-01-24,business,19
4725,2024-06-07,team,2
4726,2024-02-22,team,10
4727,2024-08-31,team,19
4728,2024-05-30,team,6
4729,2024-06-17,team,12
4730,2024-06-19,enterprise,24
4731,2024-06-10,business,31
4732,2024-04-10,team,21
4733,2024-07-04,enterprise,31
4734,2024-09-12,business,16
4735,2024-09-11,team,39
4736,2024-09-21,team,35
4737,2024-08-25,enterprise,28
4738,2024-01-26,team,9
4739,2024-10-26,team,39
4740,2024-02-01,team,19
4741,2024-11-05,business,40
4742,2024-03-29,enterprise,32
4743,2024-11-05,enterprise,39
4744,2024-07-30,team,15
4745,2024-06-27,team,8
4746,2024-01-19,business,32
4747,2024-04-21,business,18
4748,2024-09-21,team,13
4749,2024-08-27,team,35
4750,2024-01-17,team,30
4751,2024-05-15,team,36
4752,2024-05-25,business,21
4753,2024-03-25,enterprise,34
4754,2024-07-17,team,40
4755,2024-04-01,business,38
4756,2024-01-12,team,40
4757,2024-07-10,team,38
4758,2024-03-21,team,31
4759,2024-01-04,team,25
4760,2024-03-15,business,19
4761,2024-04-07,team,23
4762,2024-07-28,team,19
4763,2024-04-22,team,10
4764,2024-06-11,team,4
4765,2024-09-19,enterprise,22
4766,2024-01-05,enterprise,23
4767,2024-10-20,business,8
4768,2024-10-30,enterprise,33
4769,2024-02-07,team,37
4770,2024-05-26,team,13
4771,2024-09-17,business,36
4772,2024-09-15,team,11
4773,2024-05-31,team,30
4774,2024-09-29,business,2
4775,2024-08-01,team,24
4776,2024-07-11,team,10
4777,2024-04-07,team,8
4778,2024-03-30,team,29
4779,2024-08-14,team,16
4780,2024-01-29,business,32
4781,2024-09-11,enterprise,26
4782,2024-04-27,team,20
4783,2024-08-10,team,29
4784,2024-11-23,team,7
4785,2024-05-20,enterprise,39
4786,2024-05-05,enterprise,30
4787,2024-11-12,team,32
4788,2024-09-11,team,8
4789,2024-10-28,enterprise,6
4790,2024-04-23,team,7
4791,2024-06-07,business,19
4792,2024-06-26,team,34
4793,2024-04-01,team,18
4794,2024-03-29,enterprise,21
4795,2024-07-14,enterprise,9
4796,2024-05-23,team,36
4797,2024-02-02,team,24
4798,2024-08-29,team,12
4799,2024-02-27,business,20
4800,2024-10-22,team,37
4801,2024-01-28,team,19
4802,2024-02-07,team,33
4803,2024-11-23,enterprise,20
4804,2024-01-24,enterprise,9
4805,2024-11-23,business,37
4806,2024-09-15,team,31
4807,2024-04-22,enterprise,11
4808,2024-08-07,enterprise,22
4809,2024-07-14,enterprise,15
4810,2024-07-10,business,34
4811,2024-03-13,team,29
4812,2024-01-02,business,36
4813,2024-11-19,team,4
4814,2024-06-05,team,36
4815,2024-05-24,team,11
4816,2024-03-28,team,26
4817,2024-11-14,enterprise,2
4818,2024-11-12,team,15
4819,2024-11-04,business,6
4820,2024-11-24,team,12
4821,2024-03-03,enterprise,31
4822,2024-07-11,team,23
4823,2024-09-24,team,35
4824,2024-02-17,team,14
4825,2024-07-17,team,31
4826,2024-06-23,team,18
4827,2024-01-11,business,22
4828,2024-06-15,business,12
4829,2024-01-12,team,13
4830,2024-11-20,enterprise,21
4831,2024-05-05,team,3
4832,2024-04-12,enterprise,36
4833,2024-06-26,team,17
4834,2024-03-27,team,37
4835,2024-09-29,team,30
4836,2024-02-11,team,27
4837,2024-11-08,team,23
4838,2024-09-08,business,6
4839,2024-08-30,team,31
4840,2024-11-14,team,27
4841,2024-05-18,business,35
4842,2024-03-30,business,12
4843,2024-07-29,team,30
4844,2024-02-04,team,2
4845,2024-08-03,team,29
4846,2024-03-06,business,3
4847,2024-01-03,team,27
4848,2024-01-28,business,18
4849,2024-11-20,team,18
4850,2024-07-02,enterprise,27
4851,2024-04-21,business,30
4852,2024-08-24,enterprise,3
4853,2024-11-11,enterprise,9
4854,2024-06-25,business,28
4855,2024-05-26,business,26
4856,2024-06-10,enterprise,21
4857,2024-06-05,team,40
4858,2024-02-18,team,38
4859,2024-01-21,enterprise,21
4860,2024-07-15,enterprise,39
4861,2024-05-06,business,23
4862,2024-01-17,team,3
4863,2024-03-13,team,38
4864,2024-07-14,team,15
4865,2024-09-03,team,19
4866,2024-04-03,business,32
4867,2024-01-07,enterprise,8
4868,2024-11-06,team,7
4869,2024-05-12,team,11
4870,2024-06-12,enterprise,27
4871,2024-01-20,business,25
4872,2024-09-17,team,18
4873,2024-01-27,team,38
4874,2024-09-08,business,4
4875,2024-07-01,team,35
4876,2024-11-19,team,8
4877,2024-10-04,team,12
4878,2024-03-19,business,10
4879,2024-08-08,team,26
4880,2024-08-17,enterprise,32
4881,2024-03-21,enterprise,13
4882,2024-03-05,business,35
4883,2024-02-26,enterprise,37
4884,2024-08-27,enterprise,27
4885,2024-06-29,team,36
4886,2024-10-20,team,2
4887,2024-10-13,team,5
4888,2024-01-18,team,11
4889,2024-03-17,team,28
4890,2024-07-12,enterprise,28
4891,2024-01-01,business,38
4892,2024-01-22,business,31
4893,2024-02-13,business,16
4894,2024-01-18,business,5
4895,2024-01-24,team,2
4896,2024-05-27,business,17
4897,2024-01-28,business,31
4898,2024-06-10,business,27
4899,2024-03-17,business,40
4900,2024-04-14,business,33
4901,2024-08-16,business,24
4902,2024-02-16,team,22
4903,2024-06-29,business,12
4904,2024-04-06,enterprise,6
4905,2024-01-25,enterprise,37
4906,2024-07-17,team,7
4907,2024-05-02,team,6
4908,2024-08-18,team,26
4909,2024-05-09,team,23
4910,2024-07-24,team,36
4911,2024-06-07,business,15
4912,2024-01-27,enterprise,26
4913,2024-04-20,enterprise,23
4914,2024-05-28,enterprise,11
4915,2024-10-23,business,12
4916,2024-06-04,enterprise,9
4917,2024-11-23,enterprise,29
4918,2024-02-28,team,28
4919,2024-05-07,enterprise,7
4920,2024-02-13,team,21
4921,2024-11-20,enterprise,25
4922,2024-05-05,business,12
4923,2024-03-14,enterprise,22
4924,2024-10-03,business,36
4925,2024-04-23,team,11
4926,2024-09-03,team,3
4927,2024-07-30,team,24
4928,2024-05-12,business,14
4929,2024-02-20,team,6
4930,2024-11-25,business,19
4931,2024-08-23,team,7
4932,2024-05-28,enterprise,8
4933,2024-08-15,business,8
4934,2024-09-16,team,10
4935,2024-01-21,business,29
4936,2024-04-01,enterprise,26
4937,2024-03-02,team,35
4938,2024-10-01,enterprise,26
4939,2024-01-26,team,13
4940,2024-10-10,business,4
4941,2024-05-11,team,11
4942,2024-01-10,team,29
4943,2024-11-24,team,33
4944,2024-07-13,team,23
4945,2024-06-18,team,23
4946,2024-04-07,business,35
4947,2024-04-06,enterprise,17
4948,2024-08-01,team,28
4949,2024-04-25,business,6
4950,2024-04-16,team,10
4951,2024-08-09,team,12
4952,2024-03-15,enterprise,10
4953,2024-08-24,team,17
4954,2024-05-23,enterprise,38
4955,2024-07-10,enterprise,25
4956,2024-11-11,team,6
4957,2024-02-01,team,29
4958,2024-04-29,business,17
4959,2024-10-17,team,11
4960,2024-01-26,enterprise,17
4961,2024-05-01,team,34
4962,2024-03-16,business,24
4963,2024-09-03,team,22
4964,2024-06-24,team,15
4965,2024-04-08,team,9
4966,2024-02-05,team,20
4967,2024-11-13,team,27
4968,2024-02-24,business,25
4969,2024-01-23,team,40
4970,2024-02-21,enterprise,35
4971,2024-07-23,business,5
4972,2024-01-29,team,12
4973,2024-04-06,enterprise,37
4974,2024-09-25,team,24
4975,2024-07-15,enterprise,7
4976,2024-09-11,team,23
4977,2024-10-29,business,25
4978,2024-11-07,team,33
4979,2024-04-08,team,3
4980,2024-07-23,team,15
4981,2024-11-15,team,12
4982,2024-06-20,team,24
4983,2024-05-02,business,9
4984,2024-01-22,team,18
4985,2024-11-07,business,30
4986,2024-09-17,team,20
4987,2024-08-12,team,3
4988,2024-10-02,team,5
4989,2024-03-08,team,9
4990,2024-06-14,team,14
4991,2024-06-05,team,24
4992,2024-10-22,team,17
4993,2024-04-03,team,22
4994,2024-08-11,team,30
4995,2024-11-12,team,40
4996,2024-08-25,team,26
4997,2024-05-24,enterprise,34
4998,2024-06-20,enterprise,20
4999,2024-11-05,team,39
5000,2024-09-24,business,19
5001,2024-11-23,business,4
5002,2024-02-21,business,34
5003,2024-11-22,enterprise,12
5004,2024-01-10,enterprise,20
5005,2024-02-02,team,10
5006,2024-10-30,team,28
5007,2024-11-04,business,30
5008,2024-11-16,enterprise,7
5009,2024-08-07,business,27
5010,2024-09-11,team,30
5011,2024-05-30,enterprise,2
5012,2024-07-05,team,7
5013,2024-11-21,enterprise,4
5014,2024-09-29,team,31
5015,2024-07-25,enterprise,27
5016,2024-08-23,enterprise,22
5017,2024-04-01,business,32
5018,2024-11-16,enterprise,23
5019,2024-08-14,team,6
5020,2024-07-14,business,27
5021,2024-02-08,team,37
5022,2024-06-17,enterprise,14
5023,2024-04-20,enterprise,23
5024,2024-01-10,team,20
5025,2024-08-24,team,7
5026,2024-07-24,team,35
5027,2024-11-19,team,8
5028,2024-08-25,team,38
5029,2024-01-15,team,23
5030,2024-05-19,team,29
5031,2024-07-14,team,8
5032,2024-09-02,team,4
5033,2024-07-21,team,34
5034,2024-06-25,enterprise,37
5035,2024-04-14,business,16
5036,2024-10-19,team,34
5037,2024-07-03,team,38
5038,2024-10-02,enterprise,4
5039,2024-01-07,team,21
5040,2024-07-25,team,24
5041,2024-07-25,team,26
5042,2024-06-21,team,20
5043,2024-10-21,business,2
5044,2024-05-21,team,11
5045,2024-03-29,business,8
5046,2024-01-04,enterprise,30
5047,2024-05-16,business,14
5048,2024-05-11,enterprise,33
5049,2024-05-16,business,21
5050,2024-10-26,team,14
5051,2024-10-21,enterprise,19
5052,2024-04-22,business,21
5053,2024-05-14,business,13
5054,2024-07-15,business,27
5055,2024-04-29,enterprise,4
5056,2024-03-18,enterprise,8
5057,2024-03-19,team,5
5058,2024-04-26,business,39
5059,2024-05-15,team,26
5060,2024-07-12,team,20
5061,2024-07-03,team,6
5062,2024-11-26,team,36
5063,2024-11-26,business,15
5064,2024-01-24,team,14
5065,2024-02-24,team,29
5066,2024-09-08,team,30
5067,2024-04-09,business,12
5068,2024-03-06,enterprise,31
5069,2024-06-17,business,16
5070,2024-08-01,business,20
5071,2024-06-09,enterprise,37
5072,2024-06-25,business,35
5073,2024-10-17,business,11
5074,2024-05-18,team,36
5075,2024-02-28,business,22
5076,2024-11-16,enterprise,27
5077,2024-01-13,enterprise,36
5078,2024-02-29,team,24
5079,2024-09-03,business,13
5080,2024-07-13,enterprise,9
5081,2024-07-08,enterprise,13
5082,2024-01-23,enterprise,18
5083,2024-08-09,business,23
5084,2024-10-25,team,12
5085,2024-10-22,team,4
5086,2024-01-28,business,27
5087,2024-02-28,team,18
5088,2024-03-18,business,39
5089,2024-11-23,team,22
5090,2024-09-21,enterprise,11
5091,2024-02-07,enterprise,40
5092,2024-10-17,team,38
5093,2024-01-13,business,12
5094,2024-05-06,team,17
5095,2024-08-14,team,11
5096,2024-04-19,business,18
5097,2024-05-26,business,34
5098,2024-04-06,business,8
5099,2024-10-06,team,35
5100,2024-02-08,business,21
5101,2024-03-16,business,31
5102,2024-08-17,team,36
5103,2024-03-09,team,38
5104,2024-07-05,business,7
5105,2024-09-24,team,2
5106,2024-07-04,team,36
5107,2024-05-15,enterprise,5
5108,2024-07-12,business,29
5109,2024-10-19,enterprise,29
5110,2024-01-25,team,20
5111,2024-08-21,enterprise,8
5112,2024-10-15,team,34
5113,2024-07-27,team,21
5114,2024-03-02,enterprise,11
5115,2024-09-13,business,39
5116,2024-07-18,team,31
5117,2024-05-23,enterprise,28
5118,2024-04-09,enterprise,4
5119,2024-08-01,team,2
5120,2024-09-19,team,3
5121,2024-04-06,enterprise,21
5122,2024-03-28,enterprise,4
5123,2024-01-24,enterprise,31
5124,2024-10-08,team,10
5125,2024-09-07,team,13
5126,2024-04-26,enterprise,16
5127,2024-01-15,enterprise,30
5128,2024-03-21,business,3
5129,2024-05-22,enterprise,26
5130,2024-06-15,business,24
5131,2024-04-16,team,7
5132,2024-07-20,team,7
5133,2024-06-13,team,15
5134,2024-05-10,enterprise,36
5135,2024-09-05,team,14
5136,2024-07-08,enterprise,26
5137,2024-05-08,team,15
5138,2024-10-10,enterprise,24
5139,2024-04-22,team,8
5140,2024-04-07,enterprise,32
5141,2024-03-14,team,13
5142,2024-01-01,team,15
5143,2024-09-18,business,21
5144,2024-06-02,team,40
5145,2024-08-08,team,31
5146,2024-11-17,team,7
5147,2024-07-18,team,3
5148,2024-07-13,team,33
5149,2024-02-09,team,2
5150,2024-06-06,team,20
5151,2024-10-28,business,38
5152,2024-08-10,team,13
5153,2024-01-19,team,36
5154,2024-08-21,enterprise,30
5155,2024-05-31,business,15
5156,2024-08-06,enterprise,19
5157,2024-08-02,enterprise,17
5158,2024-09-10,team,2
5159,2024-03-01,team,13
5160,2024-08-14,team,40
5161,2024-05-03,team,10
5162,2024-09-17,business,22
5163,2024-08-01,team,26
5164,2024-10-11,business,7
5165,2024-11-03,enterprise,34
5166,2024-07-29,business,15
5167,2024-11-21,team,35
5168,2024-08-22,enterprise,35
5169,2024-05-30,team,14
5170,2024-05-09,enterprise,30
5171,2024-11-26,business,29
5172,2024-01-08,business,25
5173,2024-06-17,business,23
5174,2024-01-23,team,5
5175,2024-02-20,team,28
5176,2024-04-28,team,5
5177,2024-11-08,team,34
5178,2024-04-27,team,12
5179,2024-04-17,team,20
5180,2024-07-05,business,10
5181,2024-07-06,team,18
5182,2024-08-20,team,23
5183,2024-06-06,team,18
5184,2024-10-18,business,13
5185,2024-05-15,enterprise,6
5186,2024-04-12,team,4
5187,2024-05-10,team,21
5188,2024-01-29,enterprise,34
5189,2024-05-13,enterprise,20
5190,2024-06-30,team,5
5191,2024-03-30,team,24
5192,2024-05-11,team,8
5193,2024-02-15,team,39
5194,2024-04-07,team,3
5195,2024-02-03,team,20
5196,2024-10-16,team,30
5197,2024-06-21,enterprise,15
5198,2024-06-06,team,38
5199,2024-03-14,business,8
5200,2024-11-12,team,30
5201,2024-04-17,business,18
5202,2024-02-10,business,12
5203,2024-08-04,team,28
5204,2024-03-23,business,13
5205,2024-11-11,enterprise,33
5206,2024-08-21,enterprise,26
5207,2024-04-13,enterprise,10
5208,2024-10-01,team,7
5209,2024-03-06,business,2
5210,2024-10-31,team,31
5211,2024-03-20,team,21
5212,2024-03-26,business,13
5213,2024-01-07,enterprise,20
5214,2024-03-27,business,13
5215,2024-11-14,team,30
5216,2024-08-19,team,39
5217,2024-03-18,team,24
5218,2024-04-18,business,17
5219,2024-05-19,team,28
5220,2024-02-27,enterprise,3
5221,2024-10-15,team,39
5222,2024-05-02,enterprise,25
5223,2024-04-08,team,18
5224,2024-01-21,enterprise,9
5225,2024-09-21,team,23
5226,2024-02-11,team,5
5227,2024-05-04,team,9
5228,2024-10-23,business,2
5229,2024-08-21,team,34
5230,2024-09-14,business,40
5231,2024-01-15,team,13
5232,2024-07-18,team,13
5233,2024-03-23,team,28
5234,2024-05-23,team,24
5235,2024-07-24,enterprise,34
5236,2024-01-10,enterprise,21
5237,2024-08-02,team,12
5238,2024-08-17,team,32
5239,2024-11-13,business,14
5240,2024-02-12,team,38
5241,2024-04-10,business,7
5242,2024-01-28,team,25
5243,2024-08-08,team,14
5244,2024-11-17,business,31
5245,2024-11-11,business,30
5246,2024-10-09,business,25
5247,2024-11-03,team,27
5248,2024-10-05,business,17
5249,2024-11-09,enterprise,27
5250,2024-11-10,enterprise,6
5251,2024-06-08,team,38
5252,2024-11-24,team,34
5253,2024-09-04,team,21
5254,2024-04-05,enterprise,5
5255,2024-07-31,business,9
5256,2024-07-23,team,12
5257,2024-05-18,enterprise,11
5258,2024-01-01,team,3
5259,2024-02-10,enterprise,28
5260,2024-11-17,enterprise,3
5261,2024-03-16,team,17
5262,2024-07-13,team,27
5263,2024-05-25,business,13
5264,2024-10-25,business,15
5265,2024-07-28,business,23
5266,2024-08-21,team,5
5267,2024-01-03,team,27
5268,2024-09-16,team,30
5269,2024-03-20,team,24
5270,2024-07-14,team,7
5271,2024-07-09,business,15
5272,2024-06-02,team,13
5273,2024-03-27,enterprise,13
5274,2024-09-12,business,28
5275,2024-02-01,team,20
5276,2024-09-01,team,3
5277,2024-01-08,team,24
5278,2024-01-08,enterprise,24
5279,2024-06-09,enterprise,3
5280,2024-02-22,enterprise,20
5281,2024-09-10,enterprise,26
5282,2024-03-24,team,2
5283,2024-05-16,enterprise,32
5284,2024-08-24,team,4
5285,2024-05-29,business,9
5286,2024-02-20,business,2
5287,2024-04-29,enterprise,23
5288,2024-05-11,team,40
5289,2024-11-09,team,29
5290,2024-04-02,business,35
5291,2024-01-20,enterprise,16
5292,2024-08-23,team,7
5293,2024-10-01,business,18
5294,2024-09-17,team,17
5295,2024-06-15,business,19
5296,2024-05-01,team,3
5297,2024-09-07,team,22
5298,2024-06-11,business,9
5299,2024-06-06,team,17
5300,2024-08-09,team,8
5301,2024-08-06,enterprise,14
5302,2024-08-11,team,20
5303,2024-04-12,team,3
5304,2024-05-15,enterprise,8
5305,2024-11-26,team,5
5306,2024-04-17,team,21
5307,2024-07-19,business,3
5308,2024-09-09,team,5
5309,2024-03-23,team,5
5310,2024-09-02,enterprise,21
5311,2024-01-25,enterprise,36
5312,2024-08-05,enterprise,3
5313,2024-04-11,business,23
5314,2024-09-10,team,28
5315,2024-05-04,business,38
5316,2024-03-04,team,7
5317,2024-01-03,business,12
5318,2024-10-01,enterprise,17
5319,2024-03-13,enterprise,3
5320,2024-08-06,enterprise,4
5321,2024-10-08,business,7
5322,2024-07-31,team,27
5323,2024-05-10,team,17
5324,2024-02-06,business,22
5325,2024-01-06,enterprise,5
5326,2024-08-14,team,39
5327,2024-01-06,enterprise,38
5328,2024-02-06,enterprise,15
5329,2024-07-05,team,22
5330,2024-07-17,enterprise,4
5331,2024-04-12,enterprise,4
5332,2024-07-10,team,8
5333,2024-08-03,enterprise,4
5334,2024-01-13,team,32
5335,2024-02-08,team,29
5336,2024-09-15,enterprise,31
5337,2024-02-13,enterprise,40
5338,2024-01-29,enterprise,37
5339,2024-01-21,team,35
5340,2024-11-15,business,38
5341,2024-11-06,business,40
5342,2024-10-10,enterprise,4
5343,2024-02-28,enterprise,22
5344,2024-09-26,team,3
5345,2024-06-01,team,40
5346,2024-01-28,business,22
5347,2024-05-01,enterprise,19
5348,2024-04-06,team,30
5349,2024-08-16,enterprise,29
5350,2024-06-20,team,20
5351,2024-11-14,team,22
5352,2024-05-19,business,36
5353,2024-07-30,team,20
5354,2024-07-31,team,34
5355,2024-05-11,enterprise,23
5356,2024-08-07,business,9
5357,2024-03-18,team,39
5358,2024-04-06,business,7
5359,2024-10-16,enterprise,27
5360,2024-09-28,team,32
5361,2024-10-23,team,36
5362,2024-09-06,team,6
5363,2024-01-15,business,37
5364,2024-08-28,enterprise,40
5365,2024-04-05,business,11
5366,2024-01-13,business,21
5367,2024-06-09,business,38
5368,2024-01-16,business,11
5369,2024-10-23,business,4
5370,2024-08-27,business,16
5371,2024-08-22,business,20
5372,2024-08-20,business,22
5373,2024-04-15,enterprise,11
5374,2024-03-11,business,23
5375,2024-09-06,team,6
5376,2024-07-26,team,32
5377,2024-10-01,business,16
5378,2024-05-27,team,25
5379,2024-05-12,team,8
5380,2024-08-02,enterprise,13
5381,2024-07-05,team,5
5382,2024-10-26,business,30
5383,2024-09-18,team,12
5384,2024-01-22,team,19
5385,2024-07-26,team,7
5386,2024-07-08,business,38
5387,2024-04-06,team,29
5388,2024-02-19,team,23
5389,2024-01-15,team,37
5390,2024-07-24,business,19
5391,2024-02-28,business,39
5392,2024-03-17,team,13
5393,2024-09-11,enterprise,38
5394,2024-07-20,team,20
5395,2024-05-13,team,27
5396,2024-01-03,business,38
5397,2024-02-21,business,18
5398,2024-08-20,team,22
5399,2024-09-26,team,5
5400,2024-07-26,business,20
5401,2024-10-06,team,7
5402,2024-06-02,team,7
5403,2024-07-30,team,16
5404,2024-10-17,team,35
5405,2024-03-29,business,35
5406,2024-01-20,team,30
5407,2024-01-12,enterprise,27
5408,2024-10-29,enterprise,20
5409,2024-09-13,team,15
5410,2024-05-29,business,20
5411,2024-02-22,business,5
5412,2024-08-22,team,2
5413,2024-08-14,enterprise,32
5414,2024-02-18,team,31
5415,2024-11-01,enterprise,12
5416,2024-03-30,team,39
5417,2024-04-20,team,11
5418,2024-10-19,team,16
5419,2024-05-31,team,9
5420,2024-02-17,business,29
5421,2024-09-16,team,17
5422,2024-05-31,team,8
5423,2024-04-22,team,39
5424,2024-08-12,team,34
5425,2024-11-25,enterprise,30
5426,2024-05-29,team,29
5427,2024-02-20,team,34
5428,2024-04-19,enterprise,25
5429,2024-03-26,team,22
5430,2024-09-03,business,2
5431,2024-11-15,business,22
5432,2024-07-26,team,23
5433,2024-11-14,team,11
5434,2024-05-25,team,35
5435,2024-11-10,business,9
5436,2024-02-03,business,29
5437,2024-06-24,team,15
5438,2024-07-13,business,2
5439,2024-06-05,team,18
5440,2024-02-20,team,29
5441,2024-01-17,enterprise,9
5442,2024-04-26,business,35
5443,2024-09-29,business,10
5444,2024-02-02,team,29
5445,2024-08-13,team,24
5446,2024-01-03,team,4
5447,2024-07-25,team,7
5448,2024-11-24,team,11
5449,2024-08-19,enterprise,12
5450,2024-01-11,enterprise,21
5451,2024-05-11,team,15
5452,2024-03-10,team,7
5453,2024-01-15,team,3
5454,2024-07-27,team,31
5455,2024-09-15,business,17
5456,2024-07-17,team,27
5457,2024-07-02,team,2
5458,2024-01-16,business,24
5459,2024-05-01,team,8
5460,2024-05-24,team,9
5461,2024-01-06,enterprise,8
5462,2024-09-02,team,3
5463,2024-06-14,team,34
5464,2024-07-10,business,25
5465,2024-02-03,business,26
5466,2024-09-23,business,31
5467,2024-10-10,enterprise,18
5468,2024-06-29,team,32
5469,2024-07-10,enterprise,5
5470,2024-02-02,team,3
5471,2024-04-30,team,34
5472,2024-01-27,enterprise,29
5473,2024-06-24,team,16
5474,2024-02-18,team,36
5475,2024-03-09,enterprise,19
5476,2024-10-04,enterprise,3
5477,2024-02-20,business,25
5478,2024-06-01,business,34
5479,2024-10-30,enterprise,32
5480,2024-06-20,business,28
5481,2024-01-23,enterprise,39
5482,2024-11-25,team,6
5483,2024-03-28,business,33
5484,2024-01-05,team,23
5485,2024-05-11,enterprise,23
5486,2024-04-29,team,8
5487,2024-03-27,business,18
5488,2024-09-22,business,22
5489,2024-04-11,enterprise,9
5490,2024-10-20,business,35
5491,2024-01-12,business,31
5492,2024-02-01,enterprise,32
5493,2024-07-26,team,27
5494,2024-03-21,enterprise,22
5495,2024-03-01,team,18
5496,2024-08-06,enterprise,11
5497,2024-09-16,team,34
5498,2024-05-29,business,38
5499,2024-07-03,business,19
5500,2024-11-02,team,14
5501,2024-06-28,team,26
5502,2024-02-03,business,14
5503,2024-09-06,enterprise,3
5504,2024-11-10,business,34
5505,2024-08-07,team,12
5506,2024-05-10,enterprise,14
5507,2024-08-25,team,8
5508,2024-05-11,team,5
5509,2024-02-24,team,7
5510,2024-03-09,enterprise,12
5511,2024-09-18,business,38
5512,2024-08-08,business,21
5513,2024-02-13,team,36
5514,2024-04-21,team,2
5515,2024-10-14,enterprise,40
5516,2024-06-06,team,2
5517,2024-01-22,team,37
5518,2024-03-06,business,13
5519,2024-08-29,business,4
5520,2024-01-29,business,21
5521,2024-07-05,business,35
5522,2024-07-27,enterprise,32
5523,2024-03-26,business,32
5524,2024-05-27,enterprise,12
5525,2024-02-04,team,18
5526,2024-03-06,team,30
5527,2024-11-14,business,4
5528,2024-08-07,team,8
5529,2024-02-13,business,26
5530,2024-09-26,team,14
5531,2024-01-22,team,37
5532,2024-06-26,team,6
5533,2024-08-01,team,36
5534,2024-08-24,business,38
5535,2024-11-16,enterprise,34
5536,2024-08-11,team,5
5537,2024-04-02,team,35
5538,2024-06-14,team,40
5539,2024-08-31,business,17
5540,2024-01-08,team,25
5541,2024-04-04,team,13
5542,2024-10-13,business,11
5543,2024-03-30,team,39
5544,2024-02-06,enterprise,2
5545,2024-08-01,business,18
5546,2024-06-20,enterprise,7
5547,2024-07-18,enterprise,23
5548,2024-10-05,business,15
5549,2024-01-11,business,17
5550,2024-04-08,business,19
5551,2024-09-21,enterprise,5
5552,2024-10-17,business,35
5553,2024-03-03,team,38
5554,2024-11-13,team,31
5555,2024-05-31,team,6
5556,2024-04-20,enterprise,10
5557,2024-08-30,business,23
5558,2024-02-27,business,16
5559,2024-06-19,business,25
5560,2024-11-13,enterprise,37
5561,2024-10-01,enterprise,4
5562,2024-09-25,team,10
5563,2024-10-10,business,2
5564,2024-02-22,team,26
5565,2024-05-27,team,3
5566,2024-01-10,business,28
5567,2024-10-22,business,23
5568,2024-04-22,team,11
5569,2024-04-11,business,15
5570,2024-03-30,enterprise,21
5571,2024-06-26,business,35
5572,2024-11-07,business,40
5573,2024-02-28,business,32
5574,2024-03-31,team,2
5575,2024-05-12,enterprise,31
5576,2024-01-14,team,30
5577,2024-01-26,business,39
5578,2024-10-11,team,25
5579,2024-08-28,team,28
5580,2024-05-06,enterprise,18
5581,2024-06-25,team,23
5582,2024-06-30,team,34
5583,2024-08-28,enterprise,10
5584,2024-07-10,team,39
5585,2024-03-31,enterprise,13
5586,2024-01-06,enterprise,2
5587,2024-11-05,enterprise,12
5588,2024-08-06,team,17
5589,2024-10-13,team,23
5590,2024-11-08,team,28
5591,2024-09-26,team,33
5592,2024-04-26,business,14
5593,2024-10-23,team,13
5594,2024-10-28,team,2
5595,2024-09-18,team,35
5596,2024-04-02,business,3
5597,2024-02-02,team,35
5598,2024-01-01,enterprise,11
5599,2024-09-17,enterprise,30
5600,2024-04-04,team,5
5601,2024-07-26,team,27
5602,2024-05-01,team,7
5603,2024-07-13,business,3
5604,2024-01-28,business,40
5605,2024-01-20,enterprise,23
5606,2024-02-22,enterprise,15
5607,2024-04-08,team,2
5608,2024-08-17,enterprise,39
5609,2024-11-19,enterprise,2
5610,2024-10-04,business,17
5611,2024-04-18,team,35
5612,2024-04-03,team,6
5613,2024-10-19,team,35
5614,2024-10-28,team,40
5615,2024-04-01,team,26
5616,2024-11-12,team,17
5617,2024-10-24,team,32
5618,2024-06-04,team,3
5619,2024-11-20,business,20
5620,2024-02-19,team,11
5621,2024-08-16,enterprise,23
5622,2024-08-16,team,20
5623,2024-05-02,team,3
5624,2024-02-26,team,21
5625,2024-10-27,team,9
5626,2024-08-07,team,35
5627,2024-05-06,team,7
5628,2024-05-28,team,39
5629,2024-02-13,team,14
5630,2024-10-02,enterprise,25
5631,2024-10-30,team,14
5632,2024-08-02,business,19
5633,2024-01-27,team,28
5634,2024-06-04,enterprise,36
5635,2024-01-10,enterprise,28
5636,2024-11-06,business,15
5637,2024-11-16,business,27
5638,2024-05-21,team,2
5639,2024-04-14,business,4
5640,2024-08-12,business,19
5641,2024-07-17,team,8
5642,2024-05-24,team,8
5643,2024-11-12,business,36
5644,2024-06-30,business,34
5645,2024-09-11,business,3
5646,2024-02-26,enterprise,22
5647,2024-09-18,team,29
5648,2024-08-06,business,19
5649,2024-05-25,team,25
5650,2024-06-28,enterprise,16
5651,2024-06-24,business,10
5652,2024-04-23,business,31
5653,2024-07-07,enterprise,24
5654,2024-11-24,enterprise,9
5655,2024-11-16,enterprise,19
5656,2024-01-17,enterprise,20
5657,2024-04-26,team,28
5658,2024-02-18,team,29
5659,2024-06-22,team,37
5660,2024-09-20,team,35
5661,2024-02-23,team,6
5662,2024-09-23,enterprise,19
5663,2024-05-14,enterprise,2
5664,2024-04-04,team,31
5665,2024-11-23,team,14
5666,2024-05-21,team,20
5667,2024-01-20,team,15
5668,2024-10-22,enterprise,33
5669,2024-03-23,team,19
5670,2024-10-30,enterprise,32
5671,2024-02-28,enterprise,4
5672,2024-06-21,enterprise,33
5673,2024-10-29,team,32
5674,2024-09-06,enterprise,37
5675,2024-02-09,business,33
5676,2024-01-13,business,24
5677,2024-06-12,team,20
5678,2024-07-07,business,26
5679,2024-08-10,team,20
5680,2024-06-06,team,34
5681,2024-11-16,enterprise,18
5682,2024-05-26,team,30
5683,2024-02-28,enterprise,35
5684,2024-05-16,team,13
5685,2024-03-22,team,31
5686,2024-11-23,business,2
5687,2024-10-20,business,28
5688,2024-02-04,business,13
5689,2024-01-15,business,39
5690,2024-07-07,team,4
5691,2024-05-28,enterprise,3
5692,2024-05-14,team,19
5693,2024-09-06,team,7
5694,2024-03-31,enterprise,18
5695,2024-05-07,team,17
5696,2024-04-14,business,20
5697,2024-01-31,enterprise,2
5698,2024-07-19,team,34
5699,2024-01-15,team,18
5700,2024-06-17,business,29
5701,2024-04-19,team,28
5702,2024-05-08,team,6
5703,2024-01-03,business,27
5704,2024-11-17,business,26
5705,2024-06-23,business,14
5706,2024-02-29,business,36
5707,2024-01-26,team,16
5708,2024-03-29,team,9
5709,2024-03-05,business,8
5710,2024-06-12,enterprise,25
5711,2024-10-05,enterprise,34
5712,2024-04-11,business,35
5713,2024-07-31,team,14
5714,2024-05-06,team,11
5715,2024-08-02,team,31
5716,2024-09-29,business,29
5717,2024-06-28,team,29
5718,2024-05-11,team,40
5719,2024-02-13,enterprise,6
5720,2024-04-18,team,25
5721,2024-02-29,enterprise,14
5722,2024-03-16,team,36
5723,2024-01-26,enterprise,11
5724,2024-03-08,business,20
5725,2024-03-14,team,20
5726,2024-07-20,team,38
5727,2024-10-20,team,40
5728,2024-01-03,business,38
5729,2024-04-13,enterprise,20
5730,2024-05-12,team,21
5731,2024-06-13,enterprise,30
5732,2024-03-22,business,2
5733,2024-01-05,business,21
5734,2024-05-08,team,4
5735,2024-03-02,enterprise,24
5736,2024-11-15,team,19
5737,2024-01-07,business,34
5738,2024-07-21,business,2
5739,2024-05-12,team,8
5740,2024-03-13,team,8
5741,2024-07-24,enterprise,20
5742,2024-09-11,enterprise,6
5743,2024-10-20,enterprise,38
5744,2024-09-24,team,34
5745,2024-04-02,team,8
5746,2024-11-01,business,33
5747,2024-06-17,business,5
5748,2024-02-02,enterprise,8
5749,2024-06-22,business,35
5750,2024-05-12,team,8
5751,2024-05-11,enterprise,26
5752,2024-07-15,business,2
5753,2024-08-01,team,40
5754,2024-06-14,team,37
5755,2024-04-15,business,26
5756,2024-07-06,team,22
5757,2024-07-07,team,40
5758,2024-09-13,business,23
5759,2024-11-26,enterprise,12
5760,2024-06-13,team,35
5761,2024-02-02,business,5
5762,2024-08-09,enterprise,8
5763,2024-07-27,team,28
5764,2024-07-13,team,27
5765,2024-11-20,business,11
5766,2024-09-07,enterprise,35
5767,2024-03-04,business,34
5768,2024-07-22,business,8
5769,2024-07-16,enterprise,15
5770,2024-07-02,business,38
5771,2024-04-04,team,5
5772,2024-08-28,business,38
5773,2024-05-15,team,37
5774,2024-09-09,team,35
5775,2024-05-27,business,19
5776,2024-09-17,team,11
5777,2024-04-25,team,31
5778,2024-10-18,enterprise,16
5779,2024-07-16,team,16
5780,2024-09-09,enterprise,5
5781,2024-01-21,business,5
5782,2024-10-02,enterprise,28
5783,2024-05-10,team,11
5784,2024-06-25,business,6
5785,2024-08-16,team,33
5786,2024-07-31,team,3
5787,2024-03-28,team,12
5788,2024-06-05,team,29
5789,2024-09-07,team,36
5790,2024-11-03,team,9
5791,2024-09-26,business,26
5792,2024-06-03,enterprise,9
5793,2024-05-01,team,33
5794,2024-05-11,team,19
5795,2024-01-10,team,9
5796,2024-03-15,team,12
5797,2024-05-12,business,28
5798,2024-08-12,enterprise,12
5799,2024-02-04,team,40
5800,2024-09-09,enterprise,27
5801,2024-04-30,enterprise,40
5802,2024-03-01,team,14
5803,2024-03-14,team,2
5804,2024-06-17,business,6
5805,2024-06-19,team,24
5806,2024-01-10,enterprise,11
5807,2024-11-11,business,31
5808,2024-01-10,business,28
5809,2024-01-06,team,24
5810,2024-02-26,team,24
5811,2024-03-07,team,29
5812,2024-06-07,business,19
5813,2024-05-26,enterprise,2
5814,2024-07-30,team,18
5815,2024-09-12,business,3
5816,2024-04-16,team,2
5817,2024-01-21,team,25
5818,2024-11-04,business,9
5819,2024-06-24,team,29
5820,2024-08-04,enterprise,35
5821,2024-06-08,business,5
5822,2024-03-31,team,10
5823,2024-04-04,business,27
5824,2024-05-10,business,34
5825,2024-02-24,team,25
5826,2024-01-08,team,23
5827,2024-05-19,business,35
5828,2024-06-07,team,22
5829,2024-07-07,enterprise,25
5830,2024-04-21,enterprise,40
5831,2024-07-11,enterprise,8
5832,2024-04-30,team,32
5833,2024-03-07,team,23
5834,2024-01-05,team,40
5835,2024-10-01,business,19
5836,2024-03-07,team,35
5837,2024-07-22,enterprise,3
5838,2024-06-13,team,12
5839,2024-09-10,enterprise,26
5840,2024-11-18,business,12
5841,2024-04-25,enterprise,17
5842,2024-08-03,team,22
5843,2024-03-28,enterprise,16
5844,2024-08-05,team,35
5845,2024-07-24,team,33
5846,2024-02-11,business,38
5847,2024-08-02,team,2
5848,2024-06-07,enterprise,33
5849,2024-09-29,business,30
5850,2024-08-23,enterprise,17
5851,2024-07-07,team,9
5852,2024-02-06,enterprise,31
5853,2024-03-31,business,23
5854,2024-10-25,team,34
5855,2024-10-06,business,7
5856,2024-08-23,enterprise,36
5857,2024-02-06,enterprise,3
5858,2024-11-09,team,21
5859,2024-11-12,team,30
5860,2024-06-30,business,26
5861,2024-10-02,enterprise,35
5862,2024-02-22,enterprise,5
5863,2024-05-26,business,28
5864,2024-05-23,business,17
5865,2024-01-01,team,31
5866,2024-04-15,team,28
5867,2024-11-19,enterprise,27
5868,2024-07-11,enterprise,20
5869,2024-08-30,enterprise,38
5870,2024-09-24,business,37
5871,2024-05-16,team,33
5872,2024-11-25,team,18
5873,2024-04-02,team,5
5874,2024-11-18,enterprise,26
5875,2024-07-06,team,17
5876,2024-09-08,team,36
5877,2024-10-01,team,4
5878,2024-08-03,team,4
5879,2024-02-01,team,34
5880,2024-07-01,enterprise,20
5881,2024-02-14,team,8
5882,2024-07-09,team,21
5883,2024-10-09,team,5
5884,2024-06-07,team,31
5885,2024-02-20,team,25
5886,2024-03-02,team,38
5887,2024-11-09,team,29
5888,2024-08-06,team,27
5889,2024-11-03,team,14
5890,2024-07-11,team,29
5891,2024-10-28,team,11
5892,2024-07-26,team,39
5893,2024-08-03,team,6
5894,2024-10-31,business,21
5895,2024-01-06,team,17
5896,2024-01-27,business,32
5897,2024-01-08,team,36
5898,2024-04-05,team,13
5899,2024-08-07,team,12
5900,2024-03-06,enterprise,39
5901,2024-11-01,team,35
5902,2024-07-29,enterprise,14
5903,2024-11-02,team,28
5904,2024-01-30,team,37
5905,2024-04-30,enterprise,12
5906,2024-04-08,enterprise,35
5907,2024-04-08,team,17
5908,2024-09-26,team,36
5909,2024-09-11,enterprise,19
5910,2024-06-22,business,17
5911,2024-10-14,team,4
5912,2024-07-09,business,5
5913,2024-08-09,enterprise,28
5914,2024-02-21,team,8
5915,2024-11-15,team,39
5916,2024-07-23,business,37
5917,2024-09-30,team,15
5918,2024-03-07,team,10
5919,2024-05-16,business,13
5920,2024-04-04,business,17
5921,2024-11-21,business,13
5922,2024-07-07,enterprise,6
5923,2024-09-23,business,37
5924,2024-09-28,team,27
5925,2024-04-29,business,36
5926,2024-03-12,team,32
5927,2024-04-02,business,27
5928,2024-09-24,business,27
5929,2024-04-23,team,15
5930,2024-01-17,business,34
5931,2024-01-01,team,25
5932,2024-10-29,business,26
5933,2024-08-19,team,29
5934,2024-02-02,team,39
5935,2024-04-17,enterprise,31
5936,2024-10-10,business,4
5937,2024-06-30,team,17
5938,2024-08-31,business,34
5939,2024-08-17,team,6
5940,2024-10-25,enterprise,2
5941,2024-03-10,team,33
5942,2024-04-13,enterprise,21
5943,2024-07-21,team,23
5944,2024-05-06,team,23
5945,2024-11-22,team,29
5946,2024-11-26,business,39
5947,2024-08-22,team,15
5948,2024-03-02,enterprise,11
5949,2024-01-21,enterprise,22
5950,2024-04-21,enterprise,2
5951,2024-09-11,team,6
5952,2024-01-10,team,29
5953,2024-07-28,enterprise,6
5954,2024-11-11,team,15
5955,2024-02-08,team,32
5956,2024-02-18,team,35
5957,2024-07-23,team,2
5958,2024-07-10,enterprise,28
5959,2024-02-12,team,15
5960,2024-02-09,team,10
5961,2024-05-13,team,21
5962,2024-05-14,business,25
5963,2024-04-06,team,37
5964,2024-11-02,team,25
5965,2024-02-16,enterprise,30
5966,2024-06-11,team,14
5967,2024-06-30,team,2
5968,2024-09-22,team,39
5969,2024-07-31,team,22
5970,2024-03-31,team,8
5971,2024-02-05,enterprise,2
5972,2024-05-30,team,25
5973,2024-03-31,enterprise,40
5974,2024-10-14,team,40
5975,2024-08-24,enterprise,21
5976,2024-07-12,team,3
5977,2024-10-04,business,17
5978,2024-10-27,business,36
5979,2024-02-28,enterprise,21
5980,2024-03-12,team,23
5981,2024-07-12,enterprise,39
5982,2024-01-09,team,17
5983,2024-01-16,team,29
5984,2024-03-21,enterprise,20
5985,2024-09-02,business,9
5986,2024-06-16,business,13
5987,2024-02-26,team,11
5988,2024-08-17,enterprise,10
5989,2024-01-18,team,21
5990,2024-09-28,business,4
5991,2024-03-29,team,30
5992,2024-11-25,enterprise,18
5993,2024-08-01,business,29
5994,2024-08-05,team,22
5995,2024-02-12,business,18
5996,2024-11-09,team,21
5997,2024-09-25,team,38
5998,2024-09-26,team,21
5999,2024-10-27,team,15
6000,2024-02-26,enterprise,17
6001,2024-04-22,business,13
6002,2024-05-26,team,27
6003,2024-11-03,business,5
6004,2024-04-03,business,3
6005,2024-02-22,enterprise,10
6006,2024-09-11,business,21
6007,2024-05-03,business,36
6008,2024-10-18,team,6
6009,2024-08-12,business,25
6010,2024-06-16,team,36
6011,2024-05-01,enterprise,27
6012,2024-01-30,team,23
6013,2024-06-10,enterprise,24
6014,2024-07-26,enterprise,23
6015,2024-07-13,business,24
6016,2024-07-30,team,18
6017,2024-03-18,team,2
6018,2024-10-23,business,2
6019,2024-03-19,enterprise,32
6020,2024-04-14,business,40
6021,2024-04-14,team,36
6022,2024-04-01,enterprise,31
6023,2024-05-30,enterprise,20
6024,2024-03-06,business,32
6025,2024-08-23,team,37
6026,2024-03-15,business,8
6027,2024-01-28,business,40
6028,2024-07-31,team,40
6029,2024-04-13,enterprise,9
6030,2024-06-07,team,37
6031,2024-03-08,enterprise,32
6032,2024-02-26,business,39
6033,2024-05-13,team,9
6034,2024-08-23,business,35
6035,2024-05-15,enterprise,18
6036,2024-01-02,enterprise,37
6037,2024-10-26,team,5
6038,2024-06-05,enterprise,19
6039,2024-11-12,team,10
6040,2024-11-12,business,39
6041,2024-09-13,business,12
6042,2024-02-13,team,29
6043,2024-07-22,enterprise,18
6044,2024-07-07,team,25
6045,2024-06-15,team,24
6046,2024-02-24,team,6
6047,2024-08-22,team,16
6048,2024-09-23,business,21
6049,2024-07-11,enterprise,35
6050,2024-11-08,team,33
6051,2024-01-10,team,34
6052,2024-01-29,business,38
6053,2024-11-06,business,4
6054,2024-09-26,enterprise,35
6055,2024-02-26,team,38
6056,2024-05-19,business,29
6057,2024-08-11,team,3
6058,2024-11-13,team,26
6059,2024-11-23,enterprise,17
6060,2024-02-03,business,39
6061,2024-01-26,team,5
6062,2024-01-25,business,19
6063,2024-09-14,team,6
6064,2024-02-09,team,10
6065,2024-10-25,business,20
6066,2024-02-12,business,20
6067,2024-02-23,business,39
6068,2024-02-02,enterprise,30
6069,2024-07-14,team,13
6070,2024-01-09,enterprise,19
6071,2024-11-15,business,20
6072,2024-04-25,team,6
6073,2024-02-22,team,33
6074,2024-07-28,team,7
6075,2024-11-07,team,14
6076,2024-06-18,team,18
6077,2024-10-07,team,10
6078,2024-04-21,business,13
6079,2024-01-08,team,27
6080,2024-05-24,team,17
6081,2024-11-12,team,26
6082,2024-08-14,team,34
6083,2024-01-10,enterprise,4
6084,2024-07-11,business,20
6085,2024-01-11,business,26
6086,2024-05-06,enterprise,3
6087,2024-10-25,team,9
6088,2024-08-09,enterprise,18
6089,2024-07-06,team,39
6090,2024-04-14,business,26
6091,2024-05-02,business,27
6092,2024-09-12,business,14
6093,2024-11-02,business,26
6094,2024-05-30,business,14
6095,2024-02-23,team,33
6096,2024-08-02,team,7
6097,2024-08-26,enterprise,5
6098,2024-07-17,enterprise,13
6099,2024-05-03,business,4
6100,2024-01-15,team,9
6101,2024-03-16,team,32
6102,2024-11-15,enterprise,11
6103,2024-03-29,enterprise,8
6104,2024-07-27,enterprise,31
6105,2024-08-11,enterprise,24
6106,2024-01-11,enterprise,14
6107,2024-05-21,enterprise,33
6108,2024-04-03,team,5
6109,2024-03-14,business,27
6110,2024-03-11,business,2
6111,2024-02-12,enterprise,2
6112,2024-03-02,team,4
6113,2024-07-19,team,17
6114,2024-09-05,team,9
6115,2024-03-03,business,15
6116,2024-01-18,team,26
6117,2024-03-08,enterprise,29
6118,2024-09-03,enterprise,10
6119,2024-03-18,business,19
6120,2024-09-05,business,14
6121,2024-11-06,team,28
6122,2024-01-31,team,17
6123,2024-05-16,enterprise,36
6124,2024-05-04,team,35
6125,2024-05-01,business,29
6126,2024-11-06,enterprise,23
6127,2024-05-22,team,32
6128,2024-04-14,enterprise,40
6129,2024-02-03,team,11
6130,2024-05-28,team,13
6131,2024-03-30,team,30
6132,2024-02-01,team,9
6133,2024-10-26,business,24
6134,2024-03-15,business,40
6135,2024-01-10,team,18
6136,2024-01-09,enterprise,37
6137,2024-08-07,business,37
6138,2024-07-23,business,13
6139,2024-08-27,team,24
6140,2024-04-13,team,17
6141,2024-04-23,enterprise,13
6142,2024-08-12,team,25
6143,2024-03-05,team,7
6144,2024-07-23,business,19
6145,2024-06-06,team,11
6146,2024-01-15,team,11
6147,2024-02-23,business,29
6148,2024-08-07,business,3
6149,2024-05-24,team,31
6150,2024-09-12,team,17
6151,2024-09-06,team,22
6152,2024-03-12,team,5
6153,2024-10-31,team,36
6154,2024-07-22,enterprise,40
6155,2024-04-07,enterprise,4
6156,2024-08-26,enterprise,32
6157,2024-11-25,team,33
6158,2024-05-31,team,29
6159,2024-05-12,team,18
6160,2024-01-02,enterprise,5
6161,2024-09-26,team,27
6162,2024-02-12,team,36
6163,2024-02-02,business,29
6164,2024-03-07,team,25
6165,2024-11-04,business,12
6166,2024-04-29,business,5
6167,2024-05-22,business,10
6168,2024-07-13,team,12
6169,2024-04-10,enterprise,10
6170,2024-09-08,team,13
6171,2024-03-22,enterprise,27
6172,2024-11-06,enterprise,32
6173,2024-08-06,team,34
6174,2024-02-29,team,11
6175,2024-07-17,business,32
6176,2024-03-31,enterprise,9
6177,2024-02-17,team,6
6178,2024-09-12,enterprise,29
6179,2024-07-20,team,36
6180,2024-04-04,enterprise,31
6181,2024-01-23,team,34
6182,2024-01-04,team,14
6183,2024-07-01,team,18
6184,2024-06-11,team,16
6185,2024-06-03,team,16
6186,2024-05-18,team,8
6187,2024-07-28,team,5
6188,2024-07-25,enterprise,9
6189,2024-06-18,enterprise,32
6190,2024-02-26,team,38
6191,2024-01-17,team,17
6192,2024-06-08,team,17
6193,2024-08-17,enterprise,29
6194,2024-05-31,team,2
6195,2024-10-21,business,18
6196,2024-06-02,enterprise,14
6197,2024-02-25,team,18
6198,2024-01-02,business,16
6199,2024-05-28,team,29
6200,2024-09-25,team,14
6201,2024-07-29,team,6
6202,2024-02-18,team,38
6203,2024-10-19,enterprise,37
6204,2024-09-04,enterprise,10
6205,2024-06-20,enterprise,36
6206,2024-08-12,business,20
6207,2024-04-26,enterprise,9
6208,2024-05-12,business,34
6209,2024-03-16,business,33
6210,2024-10-18,enterprise,12
6211,2024-06-08,team,16
6212,2024-02-26,business,25
6213,2024-09-24,team,16
6214,2024-05-23,enterprise,16
6215,2024-08-15,team,19
6216,2024-08-01,enterprise,24
6217,2024-03-11,team,32
6218,2024-05-14,enterprise,8
6219,2024-03-28,business,16
6220,2024-02-17,business,8
6221,2024-07-18,enterprise,18
6222,2024-10-23,enterprise,28
6223,2024-10-09,team,2
6224,2024-02-07,team,31
6225,2024-07-06,business,35
6226,2024-02-26,business,10
6227,2024-04-17,business,30
6228,2024-10-18,business,22
6229,2024-03-08,enterprise,7
6230,2024-08-14,business,30
6231,2024-11-21,business,22
6232,2024-05-15,team,40
6233,2024-06-29,team,9
6234,2024-07-14,team,15
6235,2024-06-11,team,3
6236,2024-11-20,team,31
6237,2024-01-25,business,24
6238,2024-11-06,enterprise,5
6239,2024-10-08,team,3
6240,2024-11-06,enterprise,29
6241,2024-11-10,business,35
6242,2024-03-24,enterprise,21
6243,2024-09-23,enterprise,36
6244,2024-04-28,enterprise,39
6245,2024-02-04,enterprise,26
6246,2024-01-12,team,11
6247,2024-04-16,enterprise,18
6248,2024-01-04,team,11
6249,2024-02-05,business,40
6250,2024-06-02,team,5
6251,2024-05-27,team,37
6252,2024-11-08,enterprise,26
6253,2024-09-27,team,26
6254,2024-05-28,business,21
6255,2024-02-08,team,3
6256,2024-03-01,business,17
6257,2024-03-22,team,23
6258,2024-02-14,business,13
6259,2024-01-13,team,30
6260,2024-02-12,team,18
6261,2024-05-24,team,18
6262,2024-01-31,business,22
6263,2024-07-29,enterprise,11
6264,2024-10-09,enterprise,17
6265,2024-08-20,team,18
6266,2024-07-07,team,23
6267,2024-03-02,business,18
6268,2024-08-18,team,19
6269,2024-02-25,team,35
6270,2024-04-15,team,39
6271,2024-08-31,team,6
6272,2024-04-24,team,26
6273,2024-10-26,business,30
6274,2024-05-10,business,34
6275,2024-11-05,business,21
6276,2024-06-13,team,26
6277,2024-01-21,business,5
6278,2024-03-12,team,34
6279,2024-09-24,enterprise,24
6280,2024-01-27,team,21
6281,2024-06-03,team,20
6282,2024-11-10,team,31
6283,2024-01-10,enterprise,27
6284,2024-02-27,team,23
6285,2024-07-26,team,40
6286,2024-09-09,enterprise,33
6287,2024-10-01,enterprise,6
6288,2024-07-17,enterprise,5
6289,2024-11-24,business,7
6290,2024-08-11,team,30
6291,2024-08-19,team,19
6292,2024-07-16,team,16
6293,2024-01-06,enterprise,36
6294,2024-09-22,team,10
6295,2024-08-21,team,15
6296,2024-09-12,team,29
6297,2024-10-12,enterprise,17
6298,2024-10-19,team,29
6299,2024-09-02,business,31
6300,2024-10-25,team,32
6301,2024-01-04,business,2
6302,2024-06-18,team,13
6303,2024-01-15,business,11
6304,2024-03-22,team,34
6305,2024-10-06,team,9
6306,2024-01-10,business,22
6307,2024-05-11,enterprise,18
6308,2024-04-06,team,7
6309,2024-10-22,team,3
6310,2024-01-15,team,11
6311,2024-09-10,enterprise,4
6312,2024-09-08,business,24
6313,2024-05-13,enterprise,2
6314,2024-04-13,business,27
6315,2024-04-27,team,16
6316,2024-11-26,team,13
6317,2024-05-14,team,14
6318,2024-09-16,enterprise,27
6319,2024-03-08,business,3
6320,2024-09-10,team,29
6321,2024-02-17,enterprise,18
6322,2024-02-29,business,10
6323,2024-10-01,team,4
6324,2024-06-24,team,37
6325,2024-02-15,enterprise,27
6326,2024-02-16,team,19
6327,2024-03-11,team,24
6328,2024-05-03,team,18
6329,2024-08-20,team,16
6330,2024-08-31,business,27
6331,2024-01-28,team,32
6332,2024-08-20,team,18
6333,2024-06-23,enterprise,40
6334,2024-04-19,team,11
6335,2024-04-05,team,5
6336,2024-08-14,business,6
6337,2024-02-24,team,18
6338,2024-02-05,business,6
6339,2024-05-30,team,27
6340,2024-02-27,team,17
6341,2024-01-02,team,11
6342,2024-03-07,enterprise,35
6343,2024-07-04,team,39
6344,2024-11-14,business,18
6345,2024-03-05,business,15
6346,2024-02-05,team,9
6347,2024-07-26,team,12
6348,2024-03-14,business,17
6349,2024-11-02,team,39
6350,2024-05-13,business,38
6351,2024-06-03,enterprise,10
6352,2024-05-10,team,34
6353,2024-10-23,business,8
6354,2024-07-08,business,14
6355,2024-01-20,enterprise,8
6356,2024-02-19,business,5
6357,2024-03-17,team,33
6358,2024-03-20,enterprise,16
6359,2024-04-05,enterprise,31
6360,2024-05-19,enterprise,40
6361,2024-01-06,enterprise,27
6362,2024-03-04,team,23
6363,2024-05-22,team,27
6364,2024-07-14,enterprise,20
6365,2024-09-08,enterprise,18
6366,2024-03-16,team,13
6367,2024-05-24,team,21
6368,2024-09-06,team,36
6369,2024-08-11,enterprise,40
6370,2024-08-18,business,35
6371,2024-07-15,team,3
6372,2024-02-08,enterprise,38
6373,2024-09-14,team,11
6374,2024-01-04,enterprise,37
6375,2024-07-15,team,37
6376,2024-11-11,enterprise,19
6377,2024-04-08,enterprise,6
6378,2024-01-19,enterprise,10
6379,2024-11-05,enterprise,34
6380,2024-10-03,team,27
6381,2024-01-20,team,32
6382,2024-04-01,team,5
6383,2024-07-09,team,17
6384,2024-07-29,business,10
6385,2024-01-20,enterprise,19
6386,2024-04-16,enterprise,15
6387,2024-05-10,team,12
6388,2024-10-07,team,8
6389,2024-10-08,enterprise,21
6390,2024-01-27,team,16
6391,2024-01-21,team,22
6392,2024-06-14,business,8
6393,2024-09-24,team,23
6394,2024-09-07,enterprise,6
6395,2024-10-26,enterprise,36
6396,2024-03-04,business,23
6397,2024-08-20,business,7
6398,2024-01-23,business,20
6399,2024-02-02,business,2
6400,2024-05-29,team,25
6401,2024-11-01,business,36
6402,2024-04-22,business,21
6403,2024-08-23,team,12
6404,2024-08-27,team,11
6405,2024-03-08,team,33
6406,2024-10-27,enterprise,7
6407,2024-07-13,team,23
6408,2024-09-22,team,16
6409,2024-06-16,team,11
6410,2024-09-26,enterprise,5
6411,2024-08-12,business,13
6412,2024-11-08,business,25
6413,2024-04-01,business,15
6414,2024-02-25,business,19
6415,2024-11-26,enterprise,30
6416,2024-07-28,team,2
6417,2024-10-18,team,22
6418,2024-03-08,business,28
6419,2024-08-19,team,5
6420,2024-08-06,enterprise,30
6421,2024-06-21,business,33
6422,2024-01-28,team,21
6423,2024-06-02,business,10
6424,2024-09-21,team,13
6425,2024-04-08,enterprise,36
6426,2024-11-21,enterprise,26
6427,2024-09-11,enterprise,7
6428,2024-10-28,enterprise,23
6429,2024-05-27,team,7
6430,2024-04-11,team,18
6431,2024-03-28,business,14
6432,2024-06-08,team,3
6433,2024-09-23,team,21
6434,2024-05-12,business,14
6435,2024-09-26,team,21
6436,2024-05-27,team,20
6437,2024-07-04,team,17
6438,2024-08-10,team,27
6439,2024-03-27,team,14
6440,2024-03-07,enterprise,36
6441,2024-11-14,enterprise,29
6442,2024-10-15,business,13
6443,2024-02-11,team,6
6444,2024-01-21,team,32
6445,2024-07-06,enterprise,9
6446,2024-01-25,team,37
6447,2024-08-30,team,30
6448,2024-08-03,business,16
6449,2024-09-01,enterprise,6
6450,2024-02-19,team,2
6451,2024-10-22,enterprise,9
6452,2024-05-28,team,14
6453,2024-08-20,team,3
6454,2024-07-26,business,36
6455,2024-01-30,team,37
6456,2024-08-13,team,17
6457,2024-05-19,team,10
6458,2024-06-14,enterprise,33
6459,2024-02-29,enterprise,17
6460,2024-08-05,enterprise,31
6461,2024-01-13,business,27
6462,2024-07-07,team,10
6463,2024-05-05,team,39
6464,2024-07-10,enterprise,24
6465,2024-02-24,team,10
6466,2024-05-30,team,9
6467,2024-03-12,team,11
6468,2024-01-04,business,40
6469,2024-10-15,enterprise,31
6470,2024-01-19,team,34
6471,2024-03-31,enterprise,30
6472,2024-01-29,business,30
6473,2024-11-06,team,2
6474,2024-05-11,business,34
6475,2024-09-20,team,30
6476,2024-07-31,enterprise,12
6477,2024-03-18,team,4
6478,2024-07-19,enterprise,13
6479,2024-07-24,enterprise,31
6480,2024-02-17,team,28
6481,2024-10-18,team,26
6482,2024-07-02,enterprise,38
6483,2024-01-02,team,2
6484,2024-10-16,team,26
6485,2024-06-14,team,9
6486,2024-10-05,business,38
6487,2024-04-20,enterprise,25
6488,2024-09-15,enterprise,34
6489,2024-01-24,team,32
6490,2024-08-14,team,22
6491,2024-04-21,team,3
6492,2024-01-18,team,23
6493,2024-08-24,team,36
6494,2024-01-22,enterprise,14
6495,2024-11-03,team,5
6496,2024-09-03,team,33
6497,2024-04-25,enterprise,4
6498,2024-09-11,business,10
6499,2024-01-24,team,3
6500,2024-08-26,business,39
6501,2024-01-23,enterprise,21
6502,2024-10-11,enterprise,39
6503,2024-11-16,business,18
6504,2024-08-01,business,9
6505,2024-02-17,business,40
6506,2024-02-26,team,24
6507,2024-08-20,business,2
6508,2024-07-14,business,19
6509,2024-05-17,team,22
6510,2024-07-19,business,33
6511,2024-03-02,enterprise,34
6512,2024-04-29,enterprise,28
6513,2024-10-24,business,14
6514,2024-05-12,business,37
6515,2024-07-28,team,17
6516,2024-11-26,team,33
6517,2024-02-06,business,4
6518,2024-09-17,team,13
6519,2024-10-28,enterprise,26
6520,2024-07-28,team,22
6521,2024-07-19,team,7
6522,2024-10-31,enterprise,10
6523,2024-03-01,enterprise,39
6524,2024-04-11,team,15
6525,2024-03-09,team,4
6526,2024-09-10,enterprise,39
6527,2024-01-05,team,8
6528,2024-08-17,enterprise,3
6529,2024-11-20,enterprise,31
6530,2024-02-19,team,12
6531,2024-10-31,team,9
6532,2024-02-09,team,39
6533,2024-10-01,enterprise,19
6534,2024-01-07,team,22
6535,2024-02-05,team,31
6536,2024-07-26,business,34
6537,2024-01-08,team,16
6538,2024-06-15,business,5
6539,2024-03-13,enterprise,20
6540,2024-08-24,team,15
6541,2024-10-15,enterprise,13
6542,2024-02-25,business,21
6543,2024-03-03,business,21
6544,2024-08-12,business,14
6545,2024-09-14,enterprise,8
6546,2024-02-16,team,26
6547,2024-03-10,business,40
6548,2024-05-08,team,2
6549,2024-02-09,team,40
6550,2024-09-29,team,23
6551,2024-10-31,team,17
6552,2024-07-18,team,21
6553,2024-01-04,team,38
6554,2024-08-31,enterprise,8
6555,2024-06-03,enterprise,10
6556,2024-04-17,enterprise,14
6557,2024-11-22,business,25
6558,2024-01-20,team,11
6559,2024-08-04,business,5
6560,2024-06-10,team,28
6561,2024-06-17,business,31
6562,2024-08-03,enterprise,11
6563,2024-04-13,enterprise,3
6564,2024-01-16,team,6
6565,2024-08-24,business,2
6566,2024-10-04,enterprise,40
6567,2024-09-27,team,6
6568,2024-07-10,enterprise,13
6569,2024-08-19,enterprise,4
6570,2024-06-13,team,5
6571,2024-09-10,enterprise,7
6572,2024-01-28,team,5
6573,2024-04-06,team,10
6574,2024-04-01,business,3
6575,2024-02-05,team,2
6576,2024-01-26,team,19
6577,2024-05-16,enterprise,13
6578,2024-07-05,enterprise,14
6579,2024-04-20,team,14
6580,2024-02-27,business,2
6581,2024-07-31,team,40
6582,2024-03-03,business,16
6583,2024-09-06,team,31
6584,2024-04-02,business,20
6585,2024-10-08,business,2
6586,2024-03-12,team,33
6587,2024-04-18,team,23
6588,2024-07-19,team,24
6589,2024-04-13,enterprise,14
6590,2024-09-20,team,21
6591,2024-03-08,business,37
6592,2024-04-29,team,18
6593,2024-10-21,business,7
6594,2024-10-23,enterprise,5
6595,2024-02-28,business,2
6596,2024-03-17,team,16
6597,2024-09-07,enterprise,17
6598,2024-05-20,enterprise,21
6599,2024-08-27,team,39
6600,2024-01-21,business,9
6601,2024-09-04,team,14
6602,2024-02-05,enterprise,21
6603,2024-11-09,enterprise,20
6604,2024-02-16,business,34
6605,2024-09-30,business,35
6606,2024-02-13,team,20
6607,2024-09-13,team,24
6608,2024-09-18,team,12
6609,2024-04-12,business,39
6610,2024-01-08,team,6
6611,2024-05-13,business,37
6612,2024-02-10,team,2
6613,2024-03-08,business,37
6614,2024-09-10,team,26
6615,2024-11-19,team,18
6616,2024-07-21,enterprise,23
6617,2024-04-28,enterprise,20
6618,2024-02-01,business,7
6619,2024-11-21,team,22
6620,2024-01-08,business,11
6621,2024-03-19,business,3
6622,2024-08-21,team,36
6623,2024-11-21,team,24
6624,2024-05-21,team,4
6625,2024-07-16,enterprise,10
6626,2024-06-08,enterprise,6
6627,2024-10-16,enterprise,15
6628,2024-10-27,enterprise,26
6629,2024-01-11,enterprise,17
6630,2024-01-02,team,28
6631,2024-02-24,team,22
6632,2024-03-26,business,6
6633,2024-09-20,enterprise,4
6634,2024-10-26,team,18
6635,2024-07-09,enterprise,25
6636,2024-11-22,team,34
6637,2024-11-24,enterprise,3
6638,2024-04-07,team,10
6639,2024-10-28,team,30
6640,2024-11-25,business,39
6641,2024-04-24,team,7
6642,2024-08-22,enterprise,31
6643,2024-10-05,business,13
6644,2024-11-11,business,28
6645,2024-02-22,enterprise,34
6646,2024-11-07,team,38
6647,2024-11-03,business,10
6648,2024-10-23,team,35
6649,2024-09-20,team,19
6650,2024-05-27,enterprise,12
6651,2024-04-12,business,20
6652,2024-04-25,team,16
6653,2024-11-05,team,27
6654,2024-10-20,enterprise,18
6655,2024-10-31,enterprise,29
6656,2024-03-17,team,5
6657,2024-01-25,team,24
6658,2024-06-05,team,11
6659,2024-02-17,enterprise,11
6660,2024-07-10,enterprise,18
6661,2024-07-25,team,31
6662,2024-10-24,team,22
6663,2024-07-26,enterprise,30
6664,2024-04-16,business,7
6665,2024-01-07,business,25
6666,2024-09-03,team,4
6667,2024-06-19,team,34
6668,2024-06-03,business,18
6669,2024-11-11,team,21
6670,2024-09-30,team,13
6671,2024-01-27,business,5
6672,2024-03-02,team,2
6673,2024-01-21,team,20
6674,2024-06-22,team,38
6675,2024-05-14,enterprise,6
6676,2024-03-18,enterprise,3
6677,2024-08-23,team,6
6678,2024-04-23,team,36
6679,2024-11-23,team,33
6680,2024-02-12,team,17
6681,2024-10-24,team,16
6682,2024-04-09,team,12
6683,2024-08-24,business,21
6684,2024-11-11,team,16
6685,2024-10-22,team,6
6686,2024-09-14,team,31
6687,2024-03-06,enterprise,2
6688,2024-07-28,business,14
6689,2024-02-05,enterprise,8
6690,2024-02-25,team,10
6691,2024-07-26,enterprise,38
6692,2024-02-08,team,32
6693,2024-09-27,team,6
6694,2024-11-04,business,33
6695,2024-05-22,enterprise,27
6696,2024-01-02,business,2
6697,2024-08-17,team,24
6698,2024-01-31,business,28
6699,2024-11-03,business,11
6700,2024-05-11,team,29
6701,2024-03-23,team,6
6702,2024-02-04,business,13
6703,2024-07-05,team,18
6704,2024-06-07,team,26
6705,2024-04-19,team,39
6706,2024-09-16,team,20
6707,2024-05-14,business,28
6708,2024-04-26,business,27
6709,2024-10-17,business,24
6710,2024-08-22,team,3
6711,2024-01-18,business,4
6712,2024-06-01,team,35
6713,2024-03-26,enterprise,11
6714,2024-10-22,enterprise,24
6715,2024-05-16,enterprise,23
6716,2024-05-21,business,36
6717,2024-05-16,business,21
6718,2024-09-27,team,35
6719,2024-01-12,enterprise,4
6720,2024-07-07,enterprise,10
6721,2024-10-31,team,8
6722,2024-02-12,team,12
6723,2024-03-04,team,34
6724,2024-08-11,enterprise,36
6725,2024-08-19,team,37
6726,2024-06-02,team,35
6727,2024-05-18,enterprise,2
6728,2024-08-12,team,11
6729,2024-06-27,business,40
6730,2024-04-20,team,40
6731,2024-01-15,team,30
6732,2024-06-30,team,31
6733,2024-10-17,enterprise,35
6734,2024-10-03,enterprise,40
6735,2024-06-03,business,31
6736,2024-03-08,team,13
6737,2024-03-06,enterprise,26
6738,2024-03-20,team,33
6739,2024-05-11,team,40
6740,2024-08-19,team,35
6741,2024-01-15,business,32
6742,2024-08-11,team,32
6743,2024-08-23,business,7
6744,2024-09-28,team,3
6745,2024-01-23,business,24
6746,2024-06-23,team,10
6747,2024-07-18,business,38
6748,2024-08-17,team,27
6749,2024-01-16,team,23
6750,2024-10-23,enterprise,29
6751,2024-11-22,enterprise,26
6752,2024-06-13,team,32
6753,2024-06-02,business,34
6754,2024-10-13,business,6
6755,2024-09-05,team,24
6756,2024-09-16,business,38
6757,2024-03-22,team,27
6758,2024-04-03,team,30
6759,2024-05-17,team,40
6760,2024-10-23,business,11
6761,2024-01-23,team,26
6762,2024-11-05,team,31
6763,2024-08-11,business,38
6764,2024-07-09,team,36
6765,2024-11-06,team,11
6766,2024-03-23,team,40
6767,2024-08-06,team,35
6768,2024-08-11,business,8
6769,2024-10-08,team,13
6770,2024-03-15,team,26
6771,2024-07-27,team,31
6772,2024-10-30,business,38
6773,2024-04-01,business,40
6774,2024-01-11,enterprise,23
6775,2024-05-18,team,6
6776,2024-04-02,enterprise,32
6777,2024-06-18,enterprise,35
6778,2024-09-15,team,6
6779,2024-08-15,enterprise,32
6780,2024-10-29,team,27
6781,2024-07-28,team,14
6782,2024-06-22,team,36
6783,2024-10-27,enterprise,6
6784,2024-06-22,team,40
6785,2024-05-30,team,18
6786,2024-04-25,team,23
6787,2024-10-22,team,3
6788,2024-05-24,business,7
6789,2024-02-16,business,32
6790,2024-08-10,team,2
6791,2024-08-17,team,21
6792,2024-03-10,team,13
6793,2024-03-08,enterprise,30
6794,2024-01-12,team,30
6795,2024-09-15,business,6
6796,2024-09-13,business,19
6797,2024-01-08,enterprise,31
6798,2024-06-14,business,9
6799,2024-07-19,team,12
6800,2024-04-17,enterprise,20
6801,2024-02-03,enterprise,12
6802,2024-11-01,team,21
6803,2024-01-18,team,8
6804,2024-08-18,team,7
6805,2024-05-07,business,33
6806,2024-11-21,team,21
6807,2024-01-18,business,6
6808,2024-07-10,enterprise,25
6809,2024-03-17,enterprise,27
6810,2024-06-28,team,5
6811,2024-08-27,business,15
6812,2024-04-06,team,9
6813,2024-11-14,team,15
6814,2024-11-08,business,19
6815,2024-05-13,team,23
6816,2024-09-30,enterprise,11
6817,2024-05-28,team,20
6818,2024-10-28,enterprise,23
6819,2024-07-06,enterprise,5
6820,2024-04-25,enterprise,34
6821,2024-11-22,team,39
6822,2024-02-08,business,33
6823,2024-05-29,team,19
6824,2024-08-03,business,2
6825,2024-05-20,team,20
6826,2024-04-27,team,25
6827,2024-02-20,team,12
6828,2024-02-03,enterprise,32
6829,2024-01-22,enterprise,33
6830,2024-04-28,team,5
6831,2024-03-01,team,26
6832,2024-03-31,business,2
6833,2024-01-28,enterprise,11
6834,2024-06-18,business,24
6835,2024-02-05,business,25
6836,2024-10-02,enterprise,18
6837,2024-07-21,enterprise,7
6838,2024-06-14,team,8
6839,2024-10-05,team,30
6840,2024-05-10,team,13
6841,2024-01-23,team,40
6842,2024-10-16,enterprise,19
6843,2024-09-30,team,3
6844,2024-07-19,business,13
6845,2024-10-06,team,23
6846,2024-01-23,team,4
6847,2024-05-08,team,35
6848,2024-02-21,enterprise,37
6849,2024-03-14,team,29
6850,2024-06-19,enterprise,20
6851,2024-10-10,team,34
6852,2024-02-05,team,32
6853,2024-07-06,business,23
6854,2024-11-20,team,38
6855,2024-06-10,team,26
6856,2024-03-03,business,4
6857,2024-10-06,business,12
6858,2024-04-20,team,20
6859,2024-06-05,team,3
6860,2024-05-25,business,35
6861,2024-06-12,team,10
6862,2024-10-04,team,23
6863,2024-02-01,enterprise,37
6864,2024-11-15,team,15
6865,2024-08-31,team,12
6866,2024-07-26,enterprise,21
6867,2024-11-02,business,17
6868,2024-07-01,team,6
6869,2024-08-24,business,6
6870,2024-04-24,team,8
6871,2024-11-06,business,15
6872,2024-02-07,enterprise,28
6873,2024-09-08,team,9
6874,2024-07-20,business,22
6875,2024-10-03,enterprise,12
6876,2024-07-13,team,12
6877,2024-06-02,business,20
6878,2024-11-04,business,36
6879,2024-08-28,enterprise,18
6880,2024-03-20,business,28
6881,2024-04-10,team,27
6882,2024-06-11,team,27
6883,2024-04-07,team,25
6884,2024-04-17,business,11
6885,2024-11-10,enterprise,31
6886,2024-09-27,team,25
6887,2024-05-14,team,30
6888,2024-03-15,enterprise,19
6889,2024-02-02,business,4
6890,2024-06-13,business,14
6891,2024-10-18,team,29
6892,2024-06-24,enterprise,33
6893,2024-08-12,team,38
6894,2024-01-03,enterprise,6
6895,2024-05-16,business,8
6896,2024-01-10,business,12
6897,2024-08-04,enterprise,29
6898,2024-10-06,team,10
6899,2024-03-21,business,11
6900,2024-07-04,enterprise,11
6901,2024-08-20,team,6
6902,2024-06-05,team,9
6903,2024-05-16,team,2
6904,2024-02-09,business,40
6905,2024-06-25,enterprise,6
6906,2024-09-09,team,10
6907,2024-10-28,team,30
6908,2024-05-12,enterprise,32
6909,2024-09-06,business,7
6910,2024-04-04,team,23
6911,2024-05-03,team,37
6912,2024-07-05,team,9
6913,2024-09-08,team,8
6914,2024-01-22,business,12
6915,2024-10-07,team,25
6916,2024-05-06,business,7
6917,2024-04-09,enterprise,32
6918,2024-04-04,business,33
6919,2024-05-17,team,11
6920,2024-05-10,team,18
6921,2024-02-28,team,33
6922,2024-03-19,team,9
6923,2024-07-11,team,6
6924,2024-01-07,team,3
6925,2024-10-27,business,24
6926,2024-09-16,team,18
6927,2024-05-13,business,18
6928,2024-05-28,enterprise,12
6929,2024-08-21,team,17
6930,2024-08-18,team,2
6931,2024-05-01,business,21
6932,2024-07-15,team,35
6933,2024-11-18,team,15
6934,2024-05-12,enterprise,30
6935,2024-04-15,enterprise,34
6936,2024-04-24,business,15
6937,2024-10-12,team,7
6938,2024-02-14,team,11
6939,2024-10-13,enterprise,36
6940,2024-02-12,business,10
6941,2024-01-11,business,6
6942,2024-01-08,enterprise,40
6943,2024-08-21,business,14
6944,2024-07-20,enterprise,28
6945,2024-06-17,team,16
6946,2024-02-29,business,24
6947,2024-07-30,team,40
6948,2024-08-24,enterprise,27
6949,2024-04-29,business,37
6950,2024-06-05,business,7
6951,2024-07-24,business,2
6952,2024-03-21,business,14
6953,2024-08-10,business,6
6954,2024-05-11,team,29
6955,2024-06-22,team,2
6956,2024-07-19,team,4
6957,2024-05-30,team,3
6958,2024-05-09,business,34
6959,2024-08-20,team,18
6960,2024-05-24,enterprise,20
6961,2024-11-21,team,22
6962,2024-09-08,team,7
6963,2024-04-14,team,40
6964,2024-07-06,business,32
6965,2024-04-12,business,19
6966,2024-11-24,team,24
6967,2024-11-13,team,33
6968,2024-08-01,team,5
6969,2024-03-02,business,38
6970,2024-04-29,team,15
6971,2024-06-26,team,24
6972,2024-04-18,enterprise,20
6973,2024-08-29,business,26
6974,2024-04-14,enterprise,34
6975,2024-07-04,enterprise,20
6976,2024-05-18,team,20
6977,2024-01-15,team,29
6978,2024-03-17,team,23
6979,2024-11-07,team,39
6980,2024-08-11,enterprise,15
6981,2024-03-23,team,4
6982,2024-03-31,enterprise,9
6983,2024-10-25,enterprise,28
6984,2024-11-04,enterprise,32
6985,2024-08-11,business,5
6986,2024-02-19,team,4
6987,2024-11-19,business,25
6988,2024-05-15,business,25
6989,2024-02-04,team,19
6990,2024-05-26,business,38
6991,2024-07-31,team,12
6992,2024-07-22,team,3
6993,2024-08-07,team,8
6994,2024-06-10,team,10
6995,2024-01-10,team,7
6996,2024-01-12,team,17
6997,2024-02-08,team,12
6998,2024-04-22,enterprise,12
6999,2024-07-01,enterprise,37
7000,2024-01-11,team,30
7001,2024-11-21,business,39
7002,2024-11-08,business,9
7003,2024-10-22,business,6
7004,2024-03-13,team,17
7005,2024-10-17,team,21
7006,2024-01-13,enterprise,36
7007,2024-01-14,business,8
7008,2024-09-05,enterprise,16
7009,2024-02-27,team,13
7010,2024-06-17,enterprise,23
7011,2024-05-10,team,37
7012,2024-03-06,business,25
7013,2024-06-06,business,33
7014,2024-10-23,business,24
7015,2024-01-03,enterprise,23
7016,2024-05-31,team,24
7017,2024-03-30,enterprise,38
7018,2024-05-05,enterprise,22
7019,2024-01-07,team,32
7020,2024-05-27,team,12
7021,2024-03-20,team,13
7022,2024-02-17,team,21
7023,2024-04-07,enterprise,3
7024,2024-07-11,enterprise,8
7025,2024-06-24,enterprise,16
7026,2024-01-02,enterprise,36
7027,2024-08-25,business,3
7028,2024-01-06,enterprise,20
7029,2024-03-21,business,36
7030,2024-01-13,team,4
7031,2024-10-17,team,22
7032,2024-04-26,team,26
7033,2024-02-18,team,31
7034,2024-06-19,business,8
7035,2024-04-16,team,31
7036,2024-10-17,team,30
7037,2024-03-05,business,23
7038,2024-04-01,enterprise,36
7039,2024-10-30,team,17
7040,2024-04-04,enterprise,22
7041,2024-02-13,business,22
7042,2024-05-24,team,38
7043,2024-03-25,business,32
7044,2024-08-21,business,13
7045,2024-11-02,business,22
7046,2024-04-01,team,16
7047,2024-04-22,team,14
7048,2024-10-31,enterprise,5
7049,2024-03-05,business,5
7050,2024-03-28,team,36
7051,2024-07-29,business,28
7052,2024-06-27,team,12
7053,2024-01-23,enterprise,38
7054,2024-05-18,enterprise,40
7055,2024-02-21,business,35
7056,2024-02-21,team,17
7057,2024-03-18,enterprise,7
7058,2024-03-04,team,22
7059,2024-09-26,business,19
7060,2024-04-21,team,17
7061,2024-09-15,enterprise,20
7062,2024-10-09,team,19
7063,2024-08-16,business,30
7064,2024-06-11,business,7
7065,2024-08-16,business,27
7066,2024-08-16,business,22
7067,2024-11-14,team,39
7068,2024-09-21,team,21
7069,2024-03-28,business,29
7070,2024-02-23,business,23
7071,2024-10-22,team,28
7072,2024-01-24,business,7
7073,2024-10-07,enterprise,21
7074,2024-08-07,business,20
7075,2024-10-28,team,20
7076,2024-08-31,enterprise,19
7077,2024-01-05,enterprise,26
7078,2024-10-29,team,29
7079,2024-01-18,team,40
7080,2024-11-15,team,3
7081,2024-05-04,team,12
7082,2024-10-21,team,33
7083,2024-07-22,team,13
7084,2024-04-08,team,39
7085,2024-10-23,team,21
7086,2024-05-25,team,24
7087,2024-06-01,team,26
7088,2024-11-23,team,22
7089,2024-07-22,team,18
7090,2024-01-15,team,40
7091,2024-06-08,enterprise,17
7092,2024-07-06,enterprise,29
7093,2024-04-04,team,27
7094,2024-04-11,business,20
7095,2024-02-01,business,37
7096,2024-04-08,team,20
7097,2024-01-12,team,33
7098,2024-06-11,team,4
7099,2024-03-25,enterprise,4
7100,2024-02-01,business,20
7101,2024-02-11,team,10
7102,2024-08-20,business,9
7103,2024-06-01,enterprise,26
7104,2024-05-08,team,30
7105,2024-07-03,business,20
7106,2024-09-08,enterprise,13
7107,2024-09-04,enterprise,3
7108,2024-04-16,team,2
7109,2024-09-17,team,3
7110,2024-04-25,business,14
7111,2024-02-15,business,9
7112,2024-06-02,team,34
7113,2024-08-31,team,4
7114,2024-04-09,team,22
7115,2024-01-15,team,18
7116,2024-10-30,business,28
7117,2024-03-29,team,38
7118,2024-10-19,team,14
7119,2024-07-05,team,16
7120,2024-09-11,business,26
7121,2024-04-29,enterprise,35
7122,2024-05-15,team,33
7123,2024-05-13,team,30
7124,2024-11-03,business,33
7125,2024-05-05,enterprise,5
7126,2024-11-11,business,23
7127,2024-03-04,enterprise,33
7128,2024-07-04,team,32
7129,2024-02-09,team,3
7130,2024-04-28,team,12
7131,2024-05-06,business,39
7132,2024-01-12,team,14
7133,2024-03-07,team,8
7134,2024-07-07,enterprise,30
7135,2024-10-03,business,14
7136,2024-01-19,team,4
7137,2024-05-09,team,36
7138,2024-02-02,team,7
7139,2024-03-29,team,27
7140,2024-02-05,enterprise,19
7141,2024-01-18,enterprise,36
7142,2024-01-27,team,14
7143,2024-09-09,team,20
7144,2024-06-24,business,37
7145,2024-10-04,team,13
7146,2024-10-10,team,4
7147,2024-11-05,business,38
7148,2024-04-25,enterprise,31
7149,2024-02-14,business,19
7150,2024-05-16,business,4
7151,2024-09-04,team,15
7152,2024-02-11,enterprise,25
7153,2024-02-09,team,12
7154,2024-11-25,team,32
7155,2024-08-20,team,16
7156,2024-03-25,enterprise,23
7157,2024-01-07,business,14
7158,2024-05-05,team,11
7159,2024-03-03,enterprise,16
7160,2024-08-28,business,31
7161,2024-08-03,team,17
7162,2024-04-11,team,11
7163,2024-02-23,enterprise,29
7164,2024-08-04,business,21
7165,2024-10-27,team,26
7166,2024-10-19,business,24
7167,2024-07-27,enterprise,36
7168,2024-05-14,team,15
7169,2024-05-09,team,36
7170,2024-09-14,team,9
7171,2024-04-19,team,38
7172,2024-02-03,team,22
7173,2024-04-09,team,35
7174,2024-08-12,business,24
7175,2024-06-26,enterprise,30
7176,2024-05-09,enterprise,34
7177,2024-06-27,business,27
7178,2024-03-08,team,9
7179,2024-07-20,team,7
7180,2024-10-19,business,25
7181,2024-11-03,team,2
7182,2024-11-16,team,19
7183,2024-08-12,team,4
7184,2024-10-22,enterprise,24
7185,2024-07-30,team,8
7186,2024-05-06,team,40
7187,2024-10-15,business,13
7188,2024-07-31,team,12
7189,2024-08-28,team,35
7190,2024-03-08,enterprise,34
7191,2024-10-24,business,16
7192,2024-03-09,enterprise,3
7193,2024-05-08,team,11
7194,2024-04-10,business,12
7195,2024-04-01,team,38
7196,2024-03-20,team,22
7197,2024-05-08,enterprise,36
7198,2024-09-27,enterprise,23
7199,2024-05-10,enterprise,27
7200,2024-10-18,team,34
7201,2024-04-25,team,34
7202,2024-04-17,team,9
7203,2024-01-11,enterprise,37
7204,2024-01-08,team,16
7205,2024-08-21,business,7
7206,2024-01-29,team,21
7207,2024-09-22,business,38
7208,2024-01-31,enterprise,11
7209,2024-07-27,business,39
7210,2024-06-27,enterprise,32
7211,2024-07-31,business,40
7212,2024-04-05,team,35
7213,2024-02-18,team,9
7214,2024-02-22,team,7
7215,2024-05-04,enterprise,8
7216,2024-03-27,team,34
7217,2024-10-12,business,10
7218,2024-10-25,team,33
7219,2024-05-16,team,32
7220,2024-05-04,enterprise,28
7221,2024-07-12,team,34
7222,2024-08-10,team,19
7223,2024-01-17,team,22
7224,2024-11-03,enterprise,7
7225,2024-11-04,business,20
7226,2024-03-28,enterprise,25
7227,2024-07-28,team,36
7228,2024-08-24,business,5
7229,2024-05-15,team,10
7230,2024-05-30,business,26
7231,2024-01-10,team,13
7232,2024-04-07,business,25
7233,2024-02-13,team,36
7234,2024-09-05,business,22
7235,2024-03-31,team,13
7236,2024-04-23,team,2
7237,2024-05-09,enterprise,20
7238,2024-11-24,team,31
7239,2024-07-15,team,23
7240,2024-03-13,team,17
7241,2024-08-31,team,6
7242,2024-06-15,team,33
7243,2024-09-01,business,6
7244,2024-01-02,business,39
7245,2024-03-11,team,28
7246,2024-02-20,business,25
7247,2024-05-27,team,32
7248,2024-10-03,enterprise,33
7249,2024-03-31,business,33
7250,2024-08-30,team,20
7251,2024-06-20,team,29
7252,2024-10-20,team,15
7253,2024-04-07,enterprise,37
7254,2024-05-13,enterprise,32
7255,2024-01-12,team,38
7256,2024-09-27,team,22
7257,2024-07-22,team,21
7258,2024-08-12,business,8
7259,2024-03-29,enterprise,36
7260,2024-08-15,business,39
7261,2024-06-20,enterprise,25
7262,2024-04-22,team,16
7263,2024-06-17,enterprise,3
7264,2024-09-01,team,22
7265,2024-09-21,business,13
7266,2024-10-02,team,18
7267,2024-04-21,team,15
7268,2024-01-10,enterprise,23
7269,2024-03-15,enterprise,25
7270,2024-07-31,enterprise,2
7271,2024-11-07,team,9
7272,2024-09-01,enterprise,30
7273,2024-08-18,team,28
7274,2024-01-01,enterprise,39
7275,2024-07-25,team,11
7276,2024-08-14,business,12
7277,2024-08-07,team,5
7278,2024-06-30,business,38
7279,2024-05-24,business,40
7280,2024-11-13,team,25
7281,2024-01-05,enterprise,15
7282,2024-04-01,business,21
7283,2024-05-10,enterprise,21
7284,2024-02-22,business,22
7285,2024-10-02,business,29
7286,2024-04-12,team,16
7287,2024-03-02,team,16
7288,2024-02-27,enterprise,12
7289,2024-06-28,business,20
7290,2024-11-05,team,10
7291,2024-09-04,team,5
7292,2024-08-18,enterprise,34
7293,2024-08-06,team,17
7294,2024-06-17,team,17
7295,2024-09-30,team,30
7296,2024-07-29,business,7
7297,2024-02-02,team,9
7298,2024-10-15,enterprise,37
7299,2024-04-04,team,32
7300,2024-02-26,team,38
7301,2024-04-28,team,40
7302,2024-06-16,business,36
7303,2024-01-24,team,21
7304,2024-06-28,business,15
7305,2024-07-04,business,8
7306,2024-10-27,enterprise,19
7307,2024-11-09,business,14
7308,2024-06-12,team,14
7309,2024-05-06,enterprise,29
7310,2024-01-08,team,27
7311,2024-10-04,team,5
7312,2024-08-26,team,13
7313,2024-06-22,enterprise,20
7314,2024-07-22,enterprise,20
7315,2024-10-21,enterprise,17
7316,2024-05-17,business,37
7317,2024-02-21,enterprise,15
7318,2024-09-07,team,20
7319,2024-10-22,enterprise,22
7320,2024-03-17,team,16
7321,2024-06-16,team,32
7322,2024-06-03,team,17
7323,2024-07-13,team,26
7324,2024-05-01,enterprise,21
7325,2024-05-14,team,22
7326,2024-11-02,business,33
7327,2024-08-23,business,37
7328,2024-03-28,team,12
7329,2024-06-30,enterprise,14
7330,2024-11-06,business,22
7331,2024-08-21,team,22
7332,2024-07-03,team,23
7333,2024-07-31,team,24
7334,2024-05-11,business,36
7335,2024-11-04,team,34
7336,2024-11-07,enterprise,36
7337,2024-06-20,enterprise,35
7338,2024-07-11,team,20
7339,2024-03-04,business,28
7340,2024-06-26,business,28
7341,2024-09-20,enterprise,26
7342,2024-06-15,team,25
7343,2024-04-24,team,27
7344,2024-04-24,team,17
7345,2024-08-23,business,9
7346,2024-03-04,team,7
7347,2024-09-16,enterprise,12
7348,2024-02-26,business,26
7349,2024-04-07,business,24
7350,2024-03-14,enterprise,14
7351,2024-01-08,enterprise,26
7352,2024-10-21,team,40
7353,2024-10-20,team,27
7354,2024-05-28,business,40
7355,2024-05-26,team,9
7356,2024-06-27,team,8
7357,2024-03-30,team,18
7358,2024-07-13,business,13
7359,2024-05-13,business,13
7360,2024-05-07,enterprise,10
7361,2024-06-21,team,35
7362,2024-08-22,enterprise,23
7363,2024-05-11,enterprise,8
7364,2024-05-21,enterprise,21
7365,2024-11-18,enterprise,21
7366,2024-03-11,team,23
7367,2024-06-14,team,18
7368,2024-11-06,enterprise,26
7369,2024-07-22,enterprise,36
7370,2024-02-04,team,34
7371,2024-02-18,team,19
7372,2024-11-15,team,33
7373,2024-11-01,enterprise,20
7374,2024-05-05,team,13
7375,2024-04-09,team,7
7376,2024-08-18,business,36
7377,2024-09-03,team,5
7378,2024-07-25,team,33
7379,2024-08-17,enterprise,2
7380,2024-05-16,team,4
7381,2024-09-10,team,17
7382,2024-09-01,enterprise,3
7383,2024-05-18,business,3
7384,2024-07-18,enterprise,10
7385,2024-08-20,enterprise,37
7386,2024-02-04,enterprise,19
7387,2024-05-20,business,8
7388,2024-09-09,business,31
7389,2024-01-06,enterprise,18
7390,2024-08-21,team,9
7391,2024-11-16,team,40
7392,2024-06-07,team,28
7393,2024-03-27,team,37
7394,2024-04-09,enterprise,35
7395,2024-04-11,team,40
7396,2024-08-23,team,19
7397,2024-10-21,team,13
7398,2024-11-16,team,13
7399,2024-07-15,team,20
7400,2024-06-12,enterprise,8
7401,2024-09-18,enterprise,9
7402,2024-11-03,team,16
7403,2024-09-18,team,33
7404,2024-05-18,enterprise,11
7405,2024-02-26,team,37
7406,2024-08-17,team,31
7407,2024-03-01,team,32
7408,2024-11-25,business,19
7409,2024-10-08,team,26
7410,2024-02-01,team,12
7411,2024-08-27,business,10
7412,2024-03-08,team,12
7413,2024-02-17,team,38
7414,2024-10-28,team,37
7415,2024-02-27,team,12
7416,2024-07-27,enterprise,13
7417,2024-02-08,team,27
7418,2024-06-24,team,7
7419,2024-09-17,enterprise,37
7420,2024-06-06,team,31
7421,2024-04-23,team,12
7422,2024-11-25,team,9
7423,2024-11-22,team,27
7424,2024-07-28,team,12
7425,2024-07-08,business,8
7426,2024-09-14,enterprise,13
7427,2024-07-13,business,24
7428,2024-09-05,team,13
7429,2024-02-23,team,33
7430,2024-11-03,team,3
7431,2024-05-09,enterprise,39
7432,2024-09-11,enterprise,7
7433,2024-09-12,enterprise,35
7434,2024-03-05,business,25
7435,2024-10-23,business,4
7436,2024-05-06,business,10
7437,2024-06-23,business,3
7438,2024-03-11,enterprise,5
7439,2024-08-31,business,28
7440,2024-07-19,business,3
7441,2024-08-12,enterprise,27
7442,2024-05-01,team,38
7443,2024-11-24,team,7
7444,2024-10-26,team,19
7445,2024-10-27,team,6
7446,2024-08-04,enterprise,35
7447,2024-07-11,business,38
7448,2024-02-18,business,35
7449,2024-04-12,team,16
7450,2024-07-28,enterprise,11
7451,2024-10-25,business,40
7452,2024-04-18,business,32
7453,2024-10-14,enterprise,34
7454,2024-06-05,team,5
7455,2024-03-11,team,37
7456,2024-02-22,business,28
7457,2024-03-06,business,8
7458,2024-09-21,team,16
7459,2024-03-14,enterprise,14
7460,2024-07-23,enterprise,11
7461,2024-07-10,team,23
7462,2024-03-16,team,14
7463,2024-05-24,team,7
7464,2024-06-08,business,10
7465,2024-06-05,business,2
7466,2024-04-01,team,24
7467,2024-03-26,team,31
7468,2024-11-13,team,30
7469,2024-09-18,enterprise,26
7470,2024-09-30,team,7
7471,2024-09-06,team,28
7472,2024-03-06,enterprise,38
7473,2024-10-14,enterprise,37
7474,2024-08-14,team,19
7475,2024-03-23,enterprise,31
7476,2024-02-18,business,23
7477,2024-08-20,team,33
7478,2024-06-10,enterprise,37
7479,2024-10-10,business,25
7480,2024-11-21,team,12
7481,2024-02-11,team,29
7482,2024-08-22,team,35
7483,2024-09-06,enterprise,12
7484,2024-04-19,team,24
7485,2024-01-19,business,25
7486,2024-05-04,enterprise,25
7487,2024-03-12,team,37
7488,2024-05-20,enterprise,26
7489,2024-08-30,team,9
7490,2024-04-26,business,35
7491,2024-02-04,business,13
7492,2024-06-14,team,28
7493,2024-08-23,enterprise,8
7494,2024-04-20,team,28
7495,2024-07-22,team,11
7496,2024-05-26,enterprise,24
7497,2024-07-07,team,23
7498,2024-01-14,business,37
7499,2024-11-25,enterprise,2
7500,2024-09-16,team,17
7501,2024-03-04,enterprise,12
7502,2024-03-06,team,38
7503,2024-02-04,team,16
7504,2024-07-29,enterprise,10
7505,2024-07-04,team,29
7506,2024-10-06,enterprise,39
7507,2024-03-13,team,7
7508,2024-01-18,team,19
7509,2024-07-17,team,37
7510,2024-06-24,team,25
7511,2024-08-01,business,11
7512,2024-01-31,team,21
7513,2024-02-10,team,38
7514,2024-09-25,business,17
7515,2024-01-09,team,15
7516,2024-07-22,team,6
7517,2024-01-04,business,4
7518,2024-04-27,business,18
7519,2024-03-05,team,7
7520,2024-11-21,business,7
7521,2024-01-22,enterprise,8
7522,2024-06-24,team,22
7523,2024-04-27,team,30
7524,2024-05-30,team,18
7525,2024-08-26,team,2
7526,2024-07-17,enterprise,22
7527,2024-10-23,enterprise,8
7528,2024-11-11,enterprise,15
7529,2024-04-30,business,28
7530,2024-04-05,business,7
7531,2024-06-21,enterprise,39
7532,2024-09-17,team,10
7533,2024-02-26,business,24
7534,2024-10-24,business,2
7535,2024-04-02,team,21
7536,2024-07-07,team,16
7537,2024-10-07,team,9
7538,2024-07-26,business,13
7539,2024-07-29,enterprise,6
7540,2024-06-11,team,14
7541,2024-05-13,enterprise,9
7542,2024-01-17,team,21
7543,2024-01-12,enterprise,2
7544,2024-06-13,team,25
7545,2024-08-03,business,33
7546,2024-08-13,enterprise,2
7547,2024-08-05,enterprise,36
7548,2024-07-24,business,4
7549,2024-04-13,team,4
7550,2024-05-08,team,32
7551,2024-10-20,team,33
7552,2024-01-30,team,28
7553,2024-01-05,team,14
7554,2024-04-16,team,15
7555,2024-03-06,team,27
7556,2024-06-20,enterprise,19
7557,2024-05-25,enterprise,38
7558,2024-09-14,enterprise,34
7559,2024-02-22,business,33
7560,2024-07-26,team,14
7561,2024-05-03,business,5
7562,2024-03-26,team,6
7563,2024-01-21,team,8
7564,2024-06-11,business,22
7565,2024-03-20,business,7
7566,2024-10-05,team,39
7567,2024-02-09,enterprise,14
7568,2024-05-09,team,13
7569,2024-05-12,team,16
7570,2024-07-02,business,15
7571,2024-03-18,enterprise,27
7572,2024-01-22,enterprise,14
7573,2024-06-25,team,16
7574,2024-06-18,team,15
7575,2024-05-24,team,30
7576,2024-01-16,team,34
7577,2024-08-26,enterprise,3
7578,2024-07-25,enterprise,10
7579,2024-08-23,business,30
7580,2024-04-15,enterprise,21
7581,2024-09-21,enterprise,40
7582,2024-11-11,business,22
7583,2024-04-14,business,9
7584,2024-07-23,enterprise,34
7585,2024-03-01,business,24
7586,2024-09-05,team,38
7587,2024-09-30,team,31
7588,2024-11-05,team,36
7589,2024-05-12,team,13
7590,2024-05-12,enterprise,16
7591,2024-06-01,team,20
7592,2024-06-07,team,28
7593,2024-06-25,team,33
7594,2024-04-14,business,40
7595,2024-05-09,business,38
7596,2024-05-08,team,37
7597,2024-06-19,team,9
7598,2024-05-04,team,15
7599,2024-02-03,enterprise,14
7600,2024-01-15,enterprise,31
7601,2024-01-09,business,33
7602,2024-07-19,team,29
7603,2024-01-28,business,28
7604,2024-03-15,business,34
7605,2024-11-10,business,8
7606,2024-10-20,enterprise,21
7607,2024-10-14,team,34
7608,2024-03-07,team,24
7609,2024-04-18,team,4
7610,2024-06-14,team,35
7611,2024-03-31,team,2
7612,2024-04-20,enterprise,15
7613,2024-10-12,team,19
7614,2024-08-24,business,19
7615,2024-10-03,team,15
7616,2024-10-21,team,14
7617,2024-03-29,team,21
7618,2024-10-13,enterprise,28
7619,2024-01-11,business,31
7620,2024-05-30,team,15
7621,2024-04-08,team,22
7622,2024-01-10,enterprise,7
7623,2024-07-31,enterprise,23
7624,2024-07-02,enterprise,26
7625,2024-08-02,business,32
7626,2024-06-07,team,2
7627,2024-11-24,business,21
7628,2024-09-27,business,28
7629,2024-01-14,business,6
7630,2024-10-27,enterprise,7
7631,2024-03-14,enterprise,31
7632,2024-01-22,team,25
7633,2024-05-07,enterprise,24
7634,2024-03-31,enterprise,12
7635,2024-09-25,team,31
7636,2024-04-28,business,20
7637,2024-04-16,enterprise,11
7638,2024-11-14,team,7
7639,2024-10-20,enterprise,7
7640,2024-06-22,team,38
7641,2024-04-18,team,3
7642,2024-03-03,team,32
7643,2024-09-30,enterprise,38
7644,2024-03-30,team,19
7645,2024-01-30,business,37
7646,2024-01-29,business,18
7647,2024-05-21,team,8
7648,2024-03-22,business,24
7649,2024-04-03,business,12
7650,2024-05-30,enterprise,21
7651,2024-09-22,team,19
7652,2024-04-03,enterprise,20
7653,2024-06-13,team,31
7654,2024-04-16,team,25
7655,2024-11-13,enterprise,16
7656,2024-03-03,team,21
7657,2024-03-03,enterprise,26
7658,2024-09-15,team,38
7659,2024-09-25,team,19
7660,2024-01-23,enterprise,4
7661,2024-03-19,team,28
7662,2024-01-28,business,12
7663,2024-04-28,team,15
7664,2024-01-04,business,35
7665,2024-05-05,team,26
7666,2024-08-31,business,37
7667,2024-03-01,team,35
7668,2024-07-01,team,37
7669,2024-01-13,business,11
7670,2024-04-03,team,13
7671,2024-06-05,team,6
7672,2024-04-24,business,18
7673,2024-01-27,team,31
7674,2024-02-22,enterprise,25
7675,2024-05-14,team,17
7676,2024-06-18,enterprise,16
7677,2024-09-30,enterprise,2
7678,2024-07-14,team,6
7679,2024-10-06,team,21
7680,2024-03-28,business,28
7681,2024-01-20,team,37
7682,2024-11-06,team,38
7683,2024-04-12,team,27
7684,2024-07-17,enterprise,16
7685,2024-05-14,business,15
7686,2024-09-11,team,7
7687,2024-08-22,team,19
7688,2024-10-27,enterprise,38
7689,2024-06-19,enterprise,4
7690,2024-09-04,enterprise,5
7691,2024-04-30,business,5
7692,2024-07-16,enterprise,18
7693,2024-02-29,team,3
7694,2024-04-07,team,29
7695,2024-09-09,enterprise,6
7696,2024-01-30,enterprise,13
7697,2024-04-14,enterprise,20
7698,2024-02-23,team,32
7699,2024-04-05,team,9
7700,2024-11-05,team,31
7701,2024-04-29,team,14
7702,2024-08-26,team,9
7703,2024-11-01,business,19
7704,2024-06-07,team,38
7705,2024-07-18,business,22
7706,2024-07-13,team,3
7707,2024-03-17,team,18
7708,2024-07-21,business,25
7709,2024-04-27,team,10
7710,2024-11-22,business,8
7711,2024-03-13,business,22
7712,2024-06-11,enterprise,7
7713,2024-05-14,team,17
7714,2024-09-23,enterprise,19
7715,2024-01-14,team,22
7716,2024-02-19,team,7
7717,2024-06-08,team,32
7718,2024-04-26,team,38
7719,2024-11-21,enterprise,19
7720,2024-09-12,business,37
7721,2024-08-22,team,40
7722,2024-05-15,enterprise,18
7723,2024-03-07,team,12
7724,2024-04-05,business,24
7725,2024-11-23,business,39
7726,2024-01-09,business,12
7727,2024-03-23,team,40
7728,2024-06-22,business,40
7729,2024-09-10,business,24
7730,2024-09-10,team,14
7731,2024-05-23,team,24
7732,2024-10-13,business,2
7733,2024-09-25,team,36
7734,2024-06-09,business,35
7735,2024-04-07,team,40
7736,2024-09-26,team,8
7737,2024-10-20,team,9
7738,2024-03-24,team,15
7739,2024-08-31,enterprise,15
7740,2024-04-04,team,9
7741,2024-01-15,team,39
7742,2024-07-21,enterprise,22
7743,2024-03-16,business,20
7744,2024-05-21,team,19
7745,2024-02-01,business,28
7746,2024-03-22,team,11
7747,2024-03-22,business,31
7748,2024-11-05,team,14
7749,2024-02-25,enterprise,20
7750,2024-05-21,enterprise,30
7751,2024-06-28,enterprise,29
7752,2024-02-05,team,34
7753,2024-01-22,business,21
7754,2024-06-15,team,22
7755,2024-05-27,team,10
7756,2024-06-22,business,17
7757,2024-03-08,team,10
7758,2024-09-06,business,5
7759,2024-08-30,enterprise,7
7760,2024-03-24,business,7
7761,2024-03-18,business,27
7762,2024-08-27,enterprise,31
7763,2024-05-14,team,12
7764,2024-01-28,team,24
7765,2024-08-21,team,8
7766,2024-03-05,business,38
7767,2024-04-28,business,23
7768,2024-01-22,team,6
7769,2024-04-30,team,2
7770,2024-01-16,team,9
7771,2024-09-19,business,6
7772,2024-06-06,enterprise,18
7773,2024-03-28,team,28
7774,2024-08-21,business,7
7775,2024-10-05,enterprise,35
7776,2024-04-23,team,18
7777,2024-04-25,team,39
7778,2024-08-12,team,36
7779,2024-05-06,business,19
7780,2024-08-08,enterprise,30
7781,2024-05-11,team,10
7782,2024-08-28,team,15
7783,2024-04-16,business,27
7784,2024-08-25,business,3
7785,2024-03-18,team,33
7786,2024-10-13,team,29
7787,2024-06-20,team,39
7788,2024-01-22,business,20
7789,2024-09-28,team,2
7790,2024-06-26,team,23
7791,2024-02-27,business,14
7792,2024-03-01,team,31
7793,2024-08-16,business,19
7794,2024-09-13,team,32
7795,2024-03-01,business,30
7796,2024-05-15,business,4
7797,2024-10-22,team,35
7798,2024-10-30,team,3
7799,2024-11-05,team,18
7800,2024-10-15,enterprise,40
7801,2024-06-06,team,15
7802,2024-08-03,enterprise,32
7803,2024-05-21,team,28
7804,2024-03-25,business,32
7805,2024-11-12,team,30
7806,2024-09-01,team,15
7807,2024-02-26,team,15
7808,2024-07-31,team,24
7809,2024-11-09,team,19
7810,2024-08-11,enterprise,36
7811,2024-10-08,team,27
7812,2024-10-27,business,11
7813,2024-03-01,team,30
7814,2024-07-20,business,26
7815,2024-03-05,business,32
7816,2024-03-06,team,26
7817,2024-02-28,enterprise,22
7818,2024-01-03,team,12
7819,2024-04-18,team,22
7820,2024-10-07,team,19
7821,2024-10-02,business,12
7822,2024-10-02,team,35
7823,2024-03-16,enterprise,40
7824,2024-09-28,team,2
7825,2024-04-10,team,32
7826,2024-07-14,business,25
7827,2024-05-22,enterprise,37
7828,2024-04-07,enterprise,15
7829,2024-04-02,enterprise,30
7830,2024-02-27,enterprise,35
7831,2024-04-15,business,12
7832,2024-10-30,team,5
7833,2024-02-24,team,24
7834,2024-07-30,team,19
7835,2024-10-05,team,35
7836,2024-04-18,team,26
7837,2024-03-04,business,23
7838,2024-06-02,business,14
7839,2024-10-04,team,20
7840,2024-05-12,team,16
7841,2024-05-13,enterprise,9
7842,2024-03-28,enterprise,26
7843,2024-11-08,business,5
7844,2024-07-24,business,34
7845,2024-06-09,enterprise,36
7846,2024-11-18,team,17
7847,2024-10-25,team,4
7848,2024-01-23,business,26
7849,2024-09-17,business,12
7850,2024-06-02,enterprise,10
7851,2024-03-20,business,14
7852,2024-01-25,team,6
7853,2024-03-09,enterprise,6
7854,2024-04-11,business,30
7855,2024-11-22,team,6
7856,2024-10-08,enterprise,9
7857,2024-07-04,team,18
7858,2024-02-22,enterprise,16
7859,2024-04-16,enterprise,29
7860,2024-04-05,team,22
7861,2024-09-24,team,37
7862,2024-02-14,team,37
7863,2024-11-16,business,18
7864,2024-11-03,enterprise,20
7865,2024-11-22,business,28
7866,2024-08-21,business,3
7867,2024-06-21,business,23
7868,2024-10-16,team,22
7869,2024-09-23,enterprise,13
7870,2024-07-09,team,14
7871,2024-04-17,enterprise,27
7872,2024-01-28,business,30
7873,2024-07-24,team,19
7874,2024-01-09,team,16
7875,2024-09-22,team,7
7876,2024-02-16,team,6
7877,2024-06-22,team,36
7878,2024-06-04,team,18
7879,2024-04-16,business,6
7880,2024-03-30,team,16
7881,2024-05-06,team,5
7882,2024-11-10,team,15
7883,2024-03-13,team,10
7884,2024-09-07,team,16
7885,2024-03-31,business,2
7886,2024-04-26,enterprise,31
7887,2024-08-17,team,34
7888,2024-03-21,enterprise,32
7889,2024-07-15,business,15
7890,2024-03-05,team,25
7891,2024-05-30,team,31
7892,2024-09-07,business,35
7893,2024-09-01,enterprise,39
7894,2024-01-06,business,30
7895,2024-05-30,enterprise,9
7896,2024-10-04,enterprise,10
7897,2024-06-16,business,39
7898,2024-05-29,business,33
7899,2024-11-23,enterprise,23
7900,2024-03-18,enterprise,21
7901,2024-11-24,business,6
7902,2024-03-16,team,20
7903,2024-07-23,team,32
7904,2024-06-25,team,19
7905,2024-01-26,enterprise,18
7906,2024-08-14,team,19
7907,2024-02-12,team,34
7908,2024-05-06,business,35
7909,2024-05-19,business,28
7910,2024-01-26,enterprise,32
7911,2024-08-11,business,3
7912,2024-06-21,team,18
7913,2024-11-06,team,16
7914,2024-06-23,team,36
7915,2024-04-12,team,29
7916,2024-01-29,enterprise,24
7917,2024-08-06,team,21
7918,2024-01-21,team,23
7919,2024-11-08,team,33
7920,2024-01-10,team,22
7921,2024-07-03,business,20
7922,2024-08-17,enterprise,10
7923,2024-11-25,team,22
7924,2024-05-27,enterprise,34
7925,2024-07-14,team,13
7926,2024-04-30,team,36
7927,2024-05-14,enterprise,40
7928,2024-11-01,team,6
7929,2024-04-23,business,3
7930,2024-11-07,enterprise,7
7931,2024-04-29,enterprise,40
7932,2024-04-01,business,40
7933,2024-08-07,enterprise,35
7934,2024-05-23,business,22
7935,2024-09-21,team,2
7936,2024-10-07,team,30
7937,2024-03-06,team,27
7938,2024-10-02,enterprise,9
7939,2024-05-27,team,8
7940,2024-01-05,business,17
7941,2024-06-12,business,38
7942,2024-06-02,team,2
7943,2024-09-06,team,20
7944,2024-10-16,enterprise,3
7945,2024-03-31,business,21
7946,2024-05-22,enterprise,12
7947,2024-06-27,business,37
7948,2024-02-10,enterprise,34
7949,2024-09-27,team,29
7950,2024-07-06,team,16
7951,2024-08-27,team,26
7952,2024-02-21,enterprise,9
7953,2024-04-18,enterprise,38
7954,2024-04-03,team,23
7955,2024-09-26,business,14
7956,2024-08-09,enterprise,14
7957,2024-05-03,business,6
7958,2024-02-09,business,31
7959,2024-01-25,business,6
7960,2024-06-14,team,26
7961,2024-05-08,business,21
7962,2024-02-23,team,33
7963,2024-02-25,enterprise,40
7964,2024-08-25,team,36
7965,2024-08-11,enterprise,20
7966,2024-11-09,team,13
7967,2024-11-03,business,15
7968,2024-09-11,team,30
7969,2024-11-18,enterprise,15
7970,2024-08-13,team,32
7971,2024-05-10,team,38
7972,2024-01-17,team,28
7973,2024-08-27,team,13
7974,2024-06-03,enterprise,20
7975,2024-04-14,enterprise,19
7976,2024-09-16,team,5
7977,2024-03-13,team,13
7978,2024-10-31,team,35
7979,2024-02-08,team,19
7980,2024-10-01,business,22
7981,2024-04-10,team,39
7982,2024-04-11,team,25
7983,2024-04-11,enterprise,37
7984,2024-07-06,business,21
7985,2024-10-16,team,14
7986,2024-09-28,enterprise,15
7987,2024-10-12,team,26
7988,2024-07-24,team,27
7989,2024-04-08,enterprise,40
7990,2024-04-22,enterprise,33
7991,2024-03-03,team,18
7992,2024-09-30,team,18
7993,2024-08-18,enterprise,19
7994,2024-02-14,business,35
7995,2024-09-26,business,38
7996,2024-04-20,business,8
7997,2024-03-08,business,19
7998,2024-04-22,team,27
7999,2024-01-17,enterprise,18
8000,2024-02-15,team,5
