account_id,event_date,event_type
1,2024-09-29,start
1,2024-12-11,cancel
2,2024-05-13,start
2,2024-11-28,cancel
3,2024-06-21,start
4,2024-07-05,start
4,2024-07-29,cancel
5,2024-07-14,start
5,2024-12-22,cancel
6,2024-01-14,start
6,2024-10-22,cancel
7,2024-06-14,start
7,2024-12-25,pause
8,2024-11-17,start
9,2024-09-20,start
9,2024-12-03,cancel
10,2024-04-06,start
10,2024-07-23,pause
10,2024-09-28,resume
11,2024-11-19,start
12,2024-01-29,start
12,2024-06-16,cancel
13,2024-04-08,start
13,2024-05-19,pause
13,2024-08-02,resume
13,2024-11-05,pause
14,2024-11-13,start
15,2024-04-12,start
15,2024-07-22,pause
15,2024-10-01,resume
16,2024-01-16,start
16,2024-07-23,cancel
17,2024-04-29,start
17,2024-05-22,pause
17,2024-07-01,resume
17,2024-09-04,pause
17,2024-11-15,resume
17,2024-12-05,pause
18,2024-02-17,start
18,2024-11-17,cancel
19,2024-10-03,start
20,2024-11-08,start
21,2024-07-18,start
22,2024-04-13,start
22,2024-08-26,pause
22,2024-11-20,resume
23,2024-11-25,start
24,2024-05-04,start
24,2024-10-15,pause
24,2024-12-24,resume
25,2024-03-21,start
25,2024-06-29,cancel
26,2024-07-06,start
27,2024-06-06,start
27,2024-07-11,cancel
28,2024-05-25,start
28,2024-08-29,pause
28,2024-10-09,resume
29,2024-07-23,start
29,2024-08-22,cancel
30,2024-01-22,start
31,2024-08-21,start
32,2024-03-30,start
33,2024-04-26,start
33,2024-10-28,pause
34,2024-11-08,start
35,2024-06-21,start
36,2024-01-03,start
36,2024-03-08,cancel
37,2024-05-29,start
37,2024-08-06,pause
37,2024-10-17,resume
38,2024-01-24,start
39,2024-02-16,start
39,2024-10-04,cancel
40,2024-07-18,start
40,2024-10-05,cancel
41,2024-08-12,start
42,2024-07-08,start
43,2024-10-27,start
44,2024-07-03,start
44,2024-12-13,cancel
45,2024-04-04,start
45,2024-10-04,pause
46,2024-08-27,start
47,2024-01-19,start
48,2024-04-22,start
48,2024-09-23,pause
48,2024-11-09,resume
48,2024-12-23,pause
49,2024-01-14,start
50,2024-04-23,start
50,2024-06-20,pause
50,2024-09-09,resume
51,2024-08-03,start
52,2024-07-27,start
53,2024-10-31,start
54,2024-08-02,start
55,2024-06-02,start
55,2024-07-31,pause
55,2024-10-14,resume
56,2024-07-12,start
56,2024-09-24,cancel
57,2024-11-10,start
58,2024-08-19,start
59,2024-09-01,start
59,2024-12-22,cancel
60,2024-04-15,start
61,2024-10-10,start
61,2024-11-15,cancel
62,2024-09-19,start
63,2024-07-21,start
63,2024-12-25,cancel
64,2024-03-22,start
64,2024-09-15,cancel
65,2024-01-11,start
65,2024-08-30,cancel
66,2024-02-02,start
66,2024-07-17,cancel
67,2024-08-16,start
67,2024-10-18,cancel
68,2024-10-12,start
69,2024-02-12,start
69,2024-09-19,cancel
70,2024-08-18,start
71,2024-03-16,start
72,2024-02-29,start
72,2024-07-30,cancel
73,2024-07-21,start
74,2024-07-01,start
74,2024-07-24,cancel
75,2024-02-25,start
76,2024-01-14,start
77,2024-07-19,start
78,2024-10-16,start
79,2024-03-20,start
79,2024-05-28,cancel
80,2024-03-28,start
80,2024-11-19,cancel
81,2024-03-25,start
81,2024-11-10,cancel
82,2024-01-07,start
83,2024-07-27,start
83,2024-10-19,cancel
84,2024-07-08,start
84,2024-11-05,cancel
85,2024-10-31,start
86,2024-05-11,start
86,2024-08-17,cancel
87,2024-03-10,start
88,2024-01-07,start
88,2024-10-26,cancel
89,2024-09-13,start
89,2024-12-11,cancel
90,2024-06-17,start
90,2024-10-07,pause
91,2024-05-29,start
91,2024-08-12,pause
91,2024-09-12,resume
91,2024-10-12,pause
92,2024-08-07,start
93,2024-03-30,start
93,2024-10-04,cancel
94,2024-06-04,start
94,2024-08-02,pause
94,2024-10-12,resume
94,2024-12-18,pause
95,2024-06-11,start
95,2024-07-28,cancel
96,2024-05-27,start
96,2024-09-16,pause
96,2024-11-21,resume
97,2024-09-04,start
97,2024-12-02,cancel
98,2024-07-10,start
99,2024-01-11,start
100,2024-01-11,start
100,2024-05-24,cancel
101,2024-11-06,start
102,2024-05-25,start
102,2024-11-19,pause
103,2024-03-01,start
103,2024-12-20,cancel
104,2024-08-01,start
105,2024-07-02,start
106,2024-10-17,start
107,2024-03-10,start
108,2024-05-24,start
108,2024-11-01,pause
108,2024-12-12,resume
109,2024-07-29,start
110,2024-04-03,start
110,2024-10-24,pause
111,2024-10-08,start
111,2024-12-05,cancel
112,2024-06-28,start
112,2024-08-22,cancel
113,2024-04-13,start
113,2024-07-08,pause
113,2024-08-10,resume
113,2024-09-13,pause
113,2024-12-02,resume
114,2024-05-18,start
114,2024-07-12,pause
114,2024-08-20,resume
115,2024-01-04,start
115,2024-02-23,cancel
116,2024-05-20,start
116,2024-12-07,pause
117,2024-10-17,start
118,2024-06-30,start
119,2024-05-16,start
119,2024-06-24,pause
119,2024-09-02,resume
120,2024-09-05,start
121,2024-08-01,start
122,2024-10-04,start
122,2024-11-22,cancel
123,2024-08-26,start
124,2024-05-07,start
124,2024-09-13,pause
124,2024-11-04,resume
125,2024-07-24,start
126,2024-02-28,start
127,2024-04-18,start
127,2024-11-14,pause
128,2024-07-25,start
128,2024-10-08,cancel
129,2024-11-13,start
130,2024-01-25,start
130,2024-03-29,cancel
131,2024-08-20,start
132,2024-03-12,start
132,2024-07-19,cancel
133,2024-09-15,start
134,2024-06-25,start
134,2024-09-07,pause
134,2024-10-15,resume
135,2024-09-16,start
135,2024-11-29,cancel
136,2024-10-07,start
137,2024-09-02,start
138,2024-05-27,start
138,2024-09-01,pause
138,2024-10-30,resume
139,2024-01-02,start
139,2024-02-27,cancel
140,2024-04-18,start
140,2024-09-24,cancel
141,2024-09-20,start
142,2024-07-03,start
143,2024-06-09,start
143,2024-07-20,pause
143,2024-09-10,resume
143,2024-10-28,pause
143,2024-12-18,resume
144,2024-01-03,start
145,2024-11-11,start
146,2024-04-07,start
146,2024-05-25,cancel
147,2024-09-20,start
148,2024-10-26,start
149,2024-10-18,start
150,2024-02-08,start
150,2024-11-07,cancel
151,2024-10-24,start
152,2024-05-31,start
152,2024-07-05,cancel
153,2024-06-06,start
153,2024-12-16,pause
154,2024-04-23,start
154,2024-09-24,pause
154,2024-11-30,resume
155,2024-08-10,start
155,2024-12-22,cancel
156,2024-04-23,start
156,2024-09-30,cancel
157,2024-03-18,start
157,2024-07-11,cancel
158,2024-04-25,start
158,2024-06-06,cancel
159,2024-02-21,start
159,2024-05-20,cancel
160,2024-03-14,start
161,2024-05-01,start
162,2024-05-26,start
162,2024-06-28,pause
162,2024-09-25,resume
163,2024-06-08,start
163,2024-09-22,pause
163,2024-10-24,resume
163,2024-11-22,pause
164,2024-04-28,start
164,2024-12-23,pause
165,2024-11-15,start
166,2024-09-12,start
167,2024-11-08,start
168,2024-04-26,start
168,2024-05-26,pause
168,2024-08-17,resume
168,2024-09-26,pause
168,2024-12-12,resume
169,2024-06-27,start
169,2024-10-21,pause
169,2024-11-25,resume
170,2024-09-30,start
171,2024-07-24,start
171,2024-08-18,cancel
172,2024-03-09,start
173,2024-04-30,start
173,2024-06-19,pause
173,2024-09-08,resume
173,2024-11-16,pause
174,2024-08-26,start
175,2024-04-26,start
175,2024-09-27,pause
175,2024-11-18,resume
176,2024-08-22,start
177,2024-06-10,start
178,2024-09-26,start
179,2024-06-09,start
179,2024-08-31,pause
179,2024-11-17,resume
179,2024-12-11,pause
180,2024-10-02,start
181,2024-06-02,start
181,2024-07-17,pause
181,2024-09-09,resume
181,2024-10-10,pause
181,2024-12-23,resume
182,2024-09-09,start
182,2024-12-04,cancel
183,2024-02-04,start
184,2024-01-06,start
184,2024-03-18,cancel
185,2024-01-28,start
186,2024-07-19,start
187,2024-07-06,start
187,2024-09-16,cancel
188,2024-02-10,start
188,2024-03-08,cancel
189,2024-09-16,start
190,2024-09-21,start
191,2024-07-21,start
192,2024-02-17,start
192,2024-04-18,cancel
193,2024-07-09,start
194,2024-11-03,start
195,2024-11-11,start
196,2024-02-28,start
196,2024-07-30,cancel
197,2024-11-24,start
198,2024-03-09,start
199,2024-02-06,start
199,2024-07-04,cancel
200,2024-07-24,start
201,2024-01-05,start
201,2024-03-27,cancel
202,2024-08-01,start
203,2024-06-25,start
203,2024-08-31,cancel
204,2024-08-24,start
204,2024-10-19,cancel
205,2024-11-03,start
206,2024-09-20,start
206,2024-11-23,cancel
207,2024-09-10,start
208,2024-07-02,start
209,2024-08-04,start
209,2024-10-24,cancel
210,2024-10-24,start
211,2024-08-31,start
212,2024-11-14,start
213,2024-09-13,start
214,2024-05-07,start
214,2024-07-12,pause
214,2024-08-29,resume
214,2024-10-06,pause
215,2024-04-20,start
215,2024-06-06,pause
215,2024-08-28,resume
216,2024-08-20,start
217,2024-03-30,start
218,2024-02-11,start
219,2024-02-19,start
219,2024-04-29,cancel
220,2024-07-18,start
221,2024-05-22,start
221,2024-07-05,pause
221,2024-10-01,resume
222,2024-05-18,start
222,2024-09-19,pause
222,2024-11-15,resume
223,2024-09-03,start
224,2024-08-08,start
224,2024-09-10,cancel
225,2024-06-10,start
226,2024-10-19,start
227,2024-10-18,start
228,2024-03-14,start
229,2024-09-08,start
230,2024-07-11,start
231,2024-05-12,start
231,2024-08-15,pause
231,2024-09-22,resume
232,2024-07-15,start
233,2024-05-15,start
233,2024-09-25,pause
233,2024-11-12,resume
234,2024-08-11,start
234,2024-10-16,cancel
235,2024-09-16,start
236,2024-07-13,start
237,2024-06-22,start
237,2024-09-10,pause
237,2024-12-08,resume
238,2024-03-08,start
238,2024-10-30,cancel
239,2024-10-11,start
240,2024-08-01,start
241,2024-07-25,start
242,2024-02-22,start
242,2024-11-03,cancel
243,2024-07-28,start
244,2024-08-11,start
245,2024-06-05,start
245,2024-08-30,pause
245,2024-11-01,resume
246,2024-06-01,start
246,2024-08-12,pause
246,2024-10-12,resume
247,2024-03-19,start
248,2024-04-10,start
248,2024-06-03,pause
248,2024-08-25,resume
248,2024-10-08,pause
248,2024-12-21,resume
249,2024-04-18,start
249,2024-05-21,pause
249,2024-06-28,resume
249,2024-12-21,cancel
250,2024-01-21,start
251,2024-01-26,start
252,2024-09-25,start
253,2024-01-24,start
253,2024-08-09,cancel
254,2024-01-22,start
254,2024-04-17,cancel
255,2024-05-23,start
255,2024-09-17,pause
255,2024-11-16,resume
256,2024-03-27,start
256,2024-07-30,cancel
257,2024-01-26,start
257,2024-05-30,cancel
258,2024-09-01,start
258,2024-11-27,cancel
259,2024-03-18,start
259,2024-05-18,cancel
260,2024-01-27,start
260,2024-10-12,cancel
261,2024-11-13,start
262,2024-01-28,start
262,2024-03-07,cancel
263,2024-10-03,start
264,2024-06-01,start
264,2024-08-29,pause
264,2024-10-21,resume
265,2024-03-21,start
266,2024-07-31,start
267,2024-06-26,start
267,2024-08-11,cancel
268,2024-07-09,start
268,2024-09-07,cancel
269,2024-02-11,start
270,2024-04-08,start
270,2024-11-28,cancel
271,2024-03-04,start
271,2024-04-24,cancel
272,2024-10-18,start
273,2024-02-03,start
274,2024-10-11,start
275,2024-04-25,start
275,2024-08-11,pause
275,2024-09-27,resume
276,2024-04-25,start
276,2024-07-07,pause
276,2024-08-08,resume
276,2024-09-13,pause
276,2024-12-10,resume
277,2024-08-26,start
278,2024-03-20,start
279,2024-01-15,start
279,2024-06-04,cancel
280,2024-05-27,start
280,2024-07-10,pause
280,2024-08-23,resume
280,2024-11-06,pause
281,2024-07-08,start
282,2024-09-25,start
282,2024-11-27,cancel
283,2024-05-26,start
283,2024-07-14,cancel
284,2024-02-12,start
285,2024-04-24,start
285,2024-05-30,pause
285,2024-07-26,resume
285,2024-10-31,pause
285,2024-12-02,resume
286,2024-10-08,start
287,2024-04-12,start
287,2024-08-17,pause
287,2024-10-07,resume
287,2024-11-24,pause
288,2024-10-28,start
289,2024-10-11,start
290,2024-07-26,start
291,2024-08-20,start
292,2024-06-16,start
292,2024-08-20,cancel
293,2024-02-15,start
294,2024-11-24,start
295,2024-05-26,start
295,2024-08-14,pause
295,2024-09-17,resume
296,2024-11-10,start
297,2024-05-15,start
297,2024-06-07,pause
297,2024-08-02,resume
298,2024-06-19,start
298,2024-09-02,pause
298,2024-10-23,resume
299,2024-11-04,start
300,2024-09-04,start
301,2024-01-06,start
302,2024-08-12,start
302,2024-11-09,cancel
303,2024-05-29,start
303,2024-07-15,pause
303,2024-10-03,resume
303,2024-10-23,pause
303,2024-12-02,resume
304,2024-01-29,start
305,2024-07-22,start
306,2024-08-12,start
307,2024-02-20,start
308,2024-02-11,start
309,2024-01-29,start
309,2024-07-30,cancel
310,2024-06-15,start
310,2024-10-05,pause
310,2024-12-20,resume
311,2024-05-10,start
311,2024-06-09,pause
311,2024-07-15,resume
311,2024-09-25,pause
311,2024-11-19,resume
312,2024-03-30,start
313,2024-06-29,start
313,2024-11-14,pause
314,2024-10-01,start
315,2024-10-19,start
316,2024-02-16,start
316,2024-10-13,cancel
317,2024-04-13,start
317,2024-08-06,cancel
318,2024-06-24,start
318,2024-07-27,pause
318,2024-10-22,resume
319,2024-08-30,start
320,2024-10-10,start
320,2024-11-15,cancel
321,2024-02-28,start
321,2024-03-24,cancel
322,2024-01-14,start
322,2024-03-21,cancel
323,2024-08-17,start
324,2024-02-08,start
325,2024-09-02,start
326,2024-06-16,start
326,2024-10-13,pause
326,2024-12-01,resume
327,2024-10-27,start
327,2024-12-07,cancel
328,2024-04-12,start
328,2024-07-28,pause
328,2024-10-17,resume
329,2024-04-28,start
330,2024-06-23,start
330,2024-09-01,pause
330,2024-10-04,resume
330,2024-12-06,cancel
331,2024-02-11,start
332,2024-08-30,start
333,2024-10-26,start
334,2024-09-15,start
335,2024-08-01,start
336,2024-10-27,start
337,2024-10-30,start
338,2024-03-09,start
339,2024-07-31,start
340,2024-03-15,start
341,2024-11-24,start
342,2024-09-25,start
342,2024-10-29,cancel
343,2024-03-26,start
343,2024-06-23,cancel
344,2024-03-04,start
345,2024-08-17,start
346,2024-04-19,start
346,2024-07-15,pause
346,2024-09-08,resume
347,2024-09-29,start
348,2024-04-14,start
348,2024-05-26,pause
348,2024-07-25,resume
349,2024-11-18,start
350,2024-04-06,start
350,2024-05-07,pause
350,2024-06-17,resume
351,2024-03-20,start
351,2024-06-28,cancel
352,2024-08-16,start
353,2024-02-14,start
353,2024-05-03,cancel
354,2024-02-25,start
355,2024-05-10,start
355,2024-08-23,pause
355,2024-09-27,resume
356,2024-01-11,start
356,2024-11-13,cancel
357,2024-01-03,start
357,2024-07-25,cancel
358,2024-05-12,start
358,2024-06-30,pause
358,2024-09-12,resume
358,2024-11-05,pause
359,2024-10-03,start
359,2024-11-28,cancel
360,2024-02-06,start
361,2024-06-17,start
361,2024-08-18,pause
361,2024-10-06,resume
362,2024-05-28,start
362,2024-10-31,pause
362,2024-12-04,resume
363,2024-09-17,start
364,2024-11-11,start
365,2024-08-21,start
366,2024-03-21,start
367,2024-07-07,start
368,2024-06-19,start
368,2024-07-27,pause
368,2024-10-21,resume
369,2024-07-08,start
369,2024-09-17,cancel
370,2024-10-22,start
371,2024-03-27,start
371,2024-05-05,cancel
372,2024-05-22,start
372,2024-10-26,pause
373,2024-04-07,start
373,2024-06-03,pause
373,2024-07-03,resume
373,2024-10-14,pause
373,2024-12-06,resume
374,2024-03-26,start
374,2024-06-15,cancel
375,2024-05-13,start
375,2024-08-27,pause
375,2024-10-01,resume
376,2024-05-04,start
376,2024-08-17,pause
376,2024-09-29,resume
376,2024-11-30,pause
377,2024-10-29,start
378,2024-11-08,start
379,2024-01-04,start
379,2024-05-14,cancel
380,2024-08-11,start
380,2024-11-22,cancel
381,2024-03-31,start
381,2024-05-18,pause
381,2024-08-12,resume
382,2024-03-10,start
383,2024-03-05,start
383,2024-07-23,cancel
384,2024-11-22,start
385,2024-07-30,start
386,2024-03-06,start
386,2024-08-21,cancel
387,2024-07-19,start
388,2024-11-26,start
389,2024-05-04,start
389,2024-09-24,pause
389,2024-10-30,resume
390,2024-07-01,start
391,2024-03-09,start
392,2024-09-18,start
392,2024-12-17,cancel
393,2024-04-26,start
393,2024-06-10,pause
393,2024-07-12,resume
393,2024-08-30,cancel
394,2024-03-01,start
394,2024-05-20,cancel
395,2024-09-14,start
396,2024-08-21,start
397,2024-10-03,start
398,2024-05-07,start
398,2024-06-03,pause
398,2024-08-26,resume
398,2024-12-15,pause
399,2024-02-26,start
399,2024-08-01,cancel
400,2024-11-19,start
401,2024-11-22,start
402,2024-10-29,start
403,2024-03-07,start
404,2024-02-18,start
405,2024-06-20,start
405,2024-10-30,pause
406,2024-01-03,start
406,2024-03-24,cancel
407,2024-08-23,start
407,2024-10-04,cancel
408,2024-06-13,start
408,2024-09-11,pause
408,2024-10-31,resume
409,2024-09-24,start
410,2024-08-26,start
411,2024-05-06,start
411,2024-09-26,pause
411,2024-12-14,resume
412,2024-07-12,start
412,2024-12-21,cancel
413,2024-09-23,start
414,2024-09-13,start
415,2024-05-30,start
416,2024-07-09,start
417,2024-10-14,start
418,2024-05-11,start
418,2024-10-15,cancel
419,2024-04-17,start
420,2024-01-23,start
420,2024-06-09,cancel
421,2024-03-28,start
421,2024-08-03,cancel
422,2024-06-03,start
422,2024-09-22,pause
422,2024-11-19,resume
423,2024-03-06,start
424,2024-06-01,start
424,2024-10-26,pause
424,2024-12-16,resume
425,2024-06-22,start
425,2024-09-15,pause
425,2024-11-10,resume
426,2024-06-08,start
426,2024-07-14,pause
426,2024-10-12,resume
426,2024-11-13,cancel
427,2024-01-28,start
428,2024-06-15,start
428,2024-11-13,pause
429,2024-05-02,start
429,2024-09-23,pause
429,2024-11-06,resume
430,2024-07-08,start
431,2024-01-30,start
432,2024-03-16,start
432,2024-08-17,cancel
433,2024-10-09,start
434,2024-09-02,start
435,2024-06-18,start
435,2024-08-26,pause
435,2024-10-22,resume
435,2024-11-18,pause
436,2024-10-23,start
436,2024-12-15,cancel
437,2024-05-08,start
437,2024-10-14,pause
437,2024-12-01,resume
438,2024-03-20,start
439,2024-04-14,start
440,2024-03-08,start
440,2024-04-24,cancel
441,2024-01-04,start
441,2024-10-20,cancel
442,2024-06-29,start
442,2024-08-07,pause
442,2024-10-18,resume
442,2024-12-05,pause
443,2024-01-12,start
444,2024-06-15,start
444,2024-09-08,cancel
445,2024-04-30,start
445,2024-07-14,cancel
446,2024-05-31,start
446,2024-08-05,pause
446,2024-10-22,resume
447,2024-02-14,start
447,2024-04-02,cancel
448,2024-03-25,start
449,2024-08-05,start
450,2024-01-31,start
450,2024-03-16,cancel
451,2024-08-23,start
452,2024-10-21,start
453,2024-03-01,start
453,2024-06-03,cancel
454,2024-07-08,start
454,2024-11-20,cancel
455,2024-04-29,start
455,2024-07-20,pause
455,2024-09-02,resume
456,2024-02-11,start
456,2024-03-12,cancel
457,2024-04-14,start
457,2024-05-23,pause
457,2024-06-23,resume
457,2024-08-20,pause
457,2024-10-18,resume
457,2024-12-20,pause
458,2024-07-12,start
459,2024-08-29,start
460,2024-03-03,start
460,2024-08-06,cancel
461,2024-11-16,start
462,2024-05-16,start
462,2024-07-13,cancel
463,2024-02-12,start
463,2024-07-14,cancel
464,2024-11-22,start
465,2024-05-22,start
465,2024-06-25,pause
465,2024-09-10,resume
465,2024-11-26,pause
466,2024-04-17,start
466,2024-05-14,pause
466,2024-08-10,resume
467,2024-11-26,start
468,2024-03-06,start
469,2024-08-25,start
470,2024-07-18,start
471,2024-01-10,start
472,2024-10-05,start
473,2024-04-13,start
473,2024-05-29,pause
473,2024-06-30,resume
473,2024-09-09,pause
473,2024-11-18,resume
474,2024-01-27,start
475,2024-02-17,start
475,2024-04-08,cancel
476,2024-04-09,start
476,2024-07-03,pause
476,2024-09-24,resume
477,2024-03-21,start
477,2024-08-26,cancel
478,2024-05-18,start
478,2024-08-05,pause
478,2024-10-29,resume
478,2024-11-30,pause
479,2024-07-31,start
480,2024-07-01,start
481,2024-05-12,start
481,2024-12-10,pause
482,2024-01-06,start
483,2024-11-02,start
484,2024-01-18,start
485,2024-07-19,start
486,2024-10-25,start
487,2024-07-07,start
487,2024-08-30,cancel
488,2024-09-20,start
489,2024-09-21,start
490,2024-09-30,start
491,2024-04-16,start
491,2024-06-03,cancel
492,2024-09-30,start
493,2024-10-04,start
494,2024-08-18,start
495,2024-05-10,start
495,2024-08-31,pause
495,2024-11-14,resume
496,2024-10-21,start
496,2024-12-16,cancel
497,2024-11-19,start
498,2024-03-15,start
499,2024-10-08,start
500,2024-10-10,start
501,2024-03-27,start
501,2024-07-02,cancel
502,2024-08-12,start
502,2024-10-04,cancel
503,2024-08-11,start
504,2024-05-12,start
504,2024-07-20,pause
504,2024-09-29,resume
504,2024-11-22,pause
505,2024-02-28,start
506,2024-01-04,start
507,2024-08-14,start
507,2024-10-15,cancel
508,2024-06-24,start
508,2024-12-21,pause
509,2024-04-23,start
509,2024-07-19,cancel
510,2024-07-12,start
511,2024-01-30,start
511,2024-08-19,cancel
512,2024-07-24,start
513,2024-07-18,start
514,2024-10-04,start
515,2024-05-04,start
516,2024-07-28,start
517,2024-04-11,start
517,2024-08-29,pause
517,2024-11-24,resume
518,2024-03-09,start
519,2024-10-18,start
520,2024-11-10,start
521,2024-08-31,start
521,2024-11-24,cancel
522,2024-08-02,start
522,2024-09-21,cancel
523,2024-05-02,start
524,2024-03-25,start
525,2024-04-16,start
526,2024-06-14,start
527,2024-01-28,start
528,2024-02-14,start
529,2024-10-10,start
530,2024-07-27,start
531,2024-10-14,start
532,2024-01-16,start
532,2024-09-24,cancel
533,2024-11-14,start
534,2024-02-01,start
534,2024-03-29,cancel
535,2024-10-06,start
536,2024-11-11,start
537,2024-11-23,start
538,2024-10-29,start
539,2024-05-11,start
539,2024-07-17,pause
539,2024-10-08,resume
540,2024-02-04,start
540,2024-03-13,cancel
541,2024-07-11,start
542,2024-06-13,start
542,2024-11-23,pause
543,2024-05-31,start
544,2024-06-02,start
544,2024-12-06,pause
545,2024-10-01,start
546,2024-11-08,start
547,2024-07-09,start
548,2024-06-29,start
548,2024-07-23,pause
548,2024-08-27,resume
548,2024-09-20,pause
548,2024-10-29,resume
549,2024-03-25,start
550,2024-10-18,start
551,2024-07-20,start
552,2024-06-09,start
552,2024-08-31,pause
552,2024-10-20,resume
553,2024-10-28,start
554,2024-02-20,start
554,2024-05-01,cancel
555,2024-08-20,start
556,2024-02-29,start
556,2024-07-18,cancel
557,2024-07-04,start
558,2024-05-25,start
558,2024-10-11,cancel
559,2024-02-25,start
559,2024-11-04,cancel
560,2024-06-11,start
560,2024-10-26,pause
560,2024-12-11,resume
561,2024-05-30,start
561,2024-08-04,cancel
562,2024-01-17,start
562,2024-08-23,cancel
563,2024-08-03,start
564,2024-10-30,start
565,2024-07-08,start
566,2024-01-16,start
567,2024-06-24,start
568,2024-11-10,start
569,2024-07-09,start
569,2024-12-03,cancel
570,2024-01-04,start
570,2024-05-26,cancel
571,2024-02-06,start
571,2024-07-08,cancel
572,2024-06-28,start
572,2024-09-12,pause
572,2024-10-29,resume
572,2024-12-10,pause
573,2024-01-09,start
574,2024-02-19,start
574,2024-11-22,cancel
575,2024-06-21,start
576,2024-04-30,start
576,2024-06-09,pause
576,2024-07-17,resume
576,2024-12-10,pause
577,2024-08-24,start
577,2024-11-14,cancel
578,2024-10-11,start
579,2024-06-17,start
579,2024-10-26,pause
579,2024-12-03,resume
580,2024-10-14,start
581,2024-11-11,start
582,2024-08-22,start
583,2024-06-13,start
584,2024-02-07,start
585,2024-05-21,start
586,2024-09-19,start
587,2024-01-05,start
587,2024-05-20,cancel
588,2024-05-19,start
588,2024-10-18,pause
588,2024-12-25,resume
589,2024-03-15,start
589,2024-10-27,cancel
590,2024-08-16,start
591,2024-03-06,start
592,2024-08-26,start
593,2024-09-29,start
594,2024-04-28,start
594,2024-06-16,pause
594,2024-09-03,resume
595,2024-10-09,start
596,2024-03-09,start
597,2024-02-25,start
598,2024-08-31,start
598,2024-12-11,cancel
599,2024-04-30,start
599,2024-07-02,cancel
600,2024-09-15,start
600,2024-11-02,cancel
601,2024-08-13,start
602,2024-09-10,start
603,2024-09-02,start
604,2024-01-02,start
605,2024-09-27,start
606,2024-10-02,start
607,2024-04-27,start
607,2024-07-19,pause
607,2024-09-12,resume
607,2024-10-19,pause
607,2024-12-23,resume
608,2024-03-06,start
608,2024-05-15,cancel
609,2024-06-11,start
609,2024-09-06,pause
609,2024-11-14,resume
610,2024-05-24,start
610,2024-10-28,cancel
611,2024-10-30,start
612,2024-02-09,start
612,2024-08-23,cancel
613,2024-10-27,start
614,2024-02-16,start
614,2024-06-02,cancel
615,2024-01-04,start
615,2024-04-05,cancel
616,2024-01-08,start
617,2024-01-27,start
618,2024-03-14,start
618,2024-05-16,cancel
619,2024-07-23,start
620,2024-03-16,start
621,2024-09-25,start
622,2024-07-07,start
623,2024-01-11,start
623,2024-07-30,cancel
624,2024-03-22,start
625,2024-04-01,start
625,2024-06-06,cancel
626,2024-01-13,start
626,2024-03-25,cancel
627,2024-05-17,start
627,2024-08-11,cancel
628,2024-11-13,start
629,2024-09-29,start
630,2024-02-14,start
631,2024-11-15,start
632,2024-10-31,start
633,2024-10-07,start
633,2024-11-26,cancel
634,2024-07-24,start
635,2024-08-30,start
635,2024-12-05,cancel
636,2024-09-06,start
636,2024-11-01,cancel
637,2024-10-02,start
638,2024-02-01,start
638,2024-04-28,cancel
639,2024-06-30,start
640,2024-06-16,start
641,2024-05-07,start
641,2024-06-24,cancel
642,2024-05-05,start
643,2024-01-31,start
643,2024-04-22,cancel
644,2024-06-17,start
644,2024-09-05,pause
644,2024-10-30,resume
644,2024-11-29,pause
645,2024-05-21,start
645,2024-08-29,pause
645,2024-11-11,resume
645,2024-12-25,pause
646,2024-05-04,start
646,2024-06-24,pause
646,2024-09-06,resume
646,2024-10-20,pause
646,2024-11-28,resume
647,2024-04-11,start
647,2024-08-10,pause
647,2024-09-16,resume
647,2024-12-09,cancel
648,2024-01-05,start
648,2024-09-14,cancel
649,2024-04-18,start
649,2024-07-04,pause
649,2024-08-03,resume
649,2024-09-07,pause
649,2024-10-12,resume
649,2024-11-19,cancel
650,2024-05-22,start
650,2024-08-27,pause
650,2024-10-29,resume
650,2024-12-24,pause
651,2024-05-23,start
651,2024-08-17,pause
651,2024-10-31,resume
652,2024-11-05,start
653,2024-05-01,start
653,2024-06-04,pause
653,2024-07-18,resume
653,2024-09-25,pause
653,2024-11-25,resume
654,2024-05-30,start
654,2024-08-12,cancel
655,2024-05-06,start
656,2024-08-15,start
657,2024-04-15,start
657,2024-07-02,pause
657,2024-08-07,resume
657,2024-09-13,pause
657,2024-10-23,resume
658,2024-10-09,start
659,2024-03-19,start
660,2024-10-24,start
661,2024-04-01,start
661,2024-06-13,pause
661,2024-07-27,resume
661,2024-11-28,pause
662,2024-04-23,start
662,2024-09-26,pause
662,2024-11-27,resume
663,2024-04-24,start
663,2024-07-11,pause
663,2024-09-28,resume
664,2024-01-10,start
665,2024-02-20,start
665,2024-12-09,cancel
666,2024-01-25,start
667,2024-06-27,start
667,2024-09-03,pause
667,2024-11-12,resume
668,2024-07-12,start
669,2024-01-19,start
669,2024-04-02,cancel
670,2024-04-09,start
670,2024-06-18,pause
670,2024-08-26,resume
670,2024-10-09,pause
670,2024-12-18,resume
671,2024-07-09,start
672,2024-03-08,start
672,2024-05-27,cancel
673,2024-10-07,start
674,2024-03-21,start
674,2024-07-12,cancel
675,2024-10-01,start
676,2024-02-14,start
676,2024-07-27,cancel
677,2024-06-16,start
678,2024-05-28,start
678,2024-06-22,pause
678,2024-08-07,resume
678,2024-08-28,cancel
679,2024-01-28,start
679,2024-04-29,cancel
680,2024-08-28,start
681,2024-06-17,start
681,2024-12-20,cancel
682,2024-03-01,start
682,2024-09-08,cancel
683,2024-04-07,start
683,2024-06-16,pause
683,2024-08-24,resume
683,2024-12-07,pause
684,2024-05-24,start
685,2024-02-12,start
685,2024-04-26,cancel
686,2024-05-30,start
686,2024-08-11,pause
686,2024-09-11,resume
686,2024-11-14,pause
687,2024-03-09,start
687,2024-05-04,cancel
688,2024-01-31,start
688,2024-04-04,cancel
689,2024-07-02,start
690,2024-05-29,start
690,2024-12-14,pause
691,2024-01-23,start
691,2024-05-23,cancel
692,2024-09-27,start
693,2024-04-05,start
694,2024-06-01,start
695,2024-11-25,start
696,2024-01-07,start
696,2024-12-07,cancel
697,2024-08-12,start
698,2024-05-24,start
698,2024-09-21,cancel
699,2024-04-29,start
699,2024-10-05,pause
699,2024-11-14,resume
700,2024-01-26,start
700,2024-06-30,cancel
701,2024-08-28,start
702,2024-05-23,start
702,2024-08-17,pause
702,2024-11-13,resume
703,2024-08-22,start
704,2024-08-29,start
705,2024-01-02,start
706,2024-01-27,start
706,2024-10-06,cancel
707,2024-10-26,start
708,2024-05-30,start
708,2024-08-27,pause
708,2024-10-16,resume
709,2024-08-21,start
710,2024-06-03,start
710,2024-07-05,pause
710,2024-08-17,resume
710,2024-10-02,pause
710,2024-12-06,resume
711,2024-02-15,start
711,2024-04-23,cancel
712,2024-11-06,start
713,2024-09-07,start
714,2024-10-04,start
715,2024-10-05,start
716,2024-03-03,start
716,2024-11-08,cancel
717,2024-01-15,start
718,2024-06-20,start
718,2024-08-09,pause
718,2024-10-18,resume
719,2024-04-16,start
720,2024-08-17,start
721,2024-04-18,start
722,2024-09-08,start
723,2024-08-30,start
723,2024-10-14,cancel
724,2024-10-15,start
725,2024-02-17,start
726,2024-08-25,start
727,2024-09-19,start
728,2024-10-20,start
729,2024-09-09,start
730,2024-01-18,start
730,2024-08-31,cancel
731,2024-06-21,start
731,2024-08-24,pause
731,2024-10-25,resume
732,2024-05-14,start
732,2024-08-21,cancel
733,2024-04-02,start
733,2024-05-01,cancel
734,2024-11-09,start
735,2024-01-22,start
736,2024-05-01,start
736,2024-07-22,pause
736,2024-10-10,resume
736,2024-11-04,pause
737,2024-03-13,start
737,2024-12-03,cancel
738,2024-01-22,start
738,2024-02-26,cancel
739,2024-04-27,start
739,2024-09-05,cancel
740,2024-06-03,start
740,2024-11-15,pause
741,2024-03-26,start
742,2024-08-24,start
743,2024-10-24,start
744,2024-06-01,start
745,2024-07-07,start
746,2024-08-29,start
747,2024-10-19,start
748,2024-06-02,start
748,2024-06-24,pause
748,2024-08-29,resume
749,2024-08-25,start
750,2024-02-04,start
751,2024-03-22,start
752,2024-09-19,start
753,2024-07-15,start
754,2024-10-17,start
755,2024-05-10,start
755,2024-08-20,pause
755,2024-10-15,resume
755,2024-12-11,pause
756,2024-11-13,start
757,2024-05-02,start
757,2024-06-21,pause
757,2024-09-17,resume
758,2024-07-01,start
759,2024-09-09,start
760,2024-03-19,start
761,2024-06-19,start
761,2024-07-30,pause
761,2024-09-08,resume
762,2024-06-23,start
762,2024-09-16,pause
762,2024-11-11,resume
763,2024-03-19,start
764,2024-04-25,start
764,2024-06-08,cancel
765,2024-10-23,start
766,2024-09-03,start
767,2024-01-05,start
768,2024-06-09,start
768,2024-08-28,pause
768,2024-11-15,resume
769,2024-09-06,start
769,2024-10-10,cancel
770,2024-11-24,start
771,2024-02-05,start
772,2024-04-14,start
772,2024-05-12,pause
772,2024-08-10,resume
772,2024-10-17,pause
772,2024-11-20,resume
773,2024-07-06,start
774,2024-02-01,start
774,2024-09-27,cancel
775,2024-07-09,start
776,2024-01-02,start
777,2024-09-27,start
778,2024-11-19,start
779,2024-02-01,start
779,2024-05-16,cancel
780,2024-10-18,start
781,2024-10-22,start
782,2024-05-01,start
782,2024-07-13,pause
782,2024-10-06,resume
782,2024-11-02,pause
783,2024-01-13,start
784,2024-02-17,start
785,2024-02-19,start
785,2024-06-25,cancel
786,2024-09-15,start
786,2024-12-05,cancel
787,2024-01-19,start
788,2024-10-15,start
789,2024-04-12,start
789,2024-05-24,pause
789,2024-08-02,resume
789,2024-10-16,pause
789,2024-12-01,resume
790,2024-03-08,start
791,2024-03-14,start
791,2024-07-05,cancel
792,2024-05-31,start
792,2024-08-15,cancel
793,2024-09-12,start
794,2024-02-14,start
794,2024-09-24,cancel
795,2024-05-31,start
795,2024-08-06,pause
795,2024-10-24,resume
796,2024-06-16,start
796,2024-08-16,pause
796,2024-09-20,resume
797,2024-02-07,start
798,2024-03-21,start
799,2024-01-02,start
800,2024-03-23,start
800,2024-09-23,cancel
801,2024-09-17,start
802,2024-02-20,start
803,2024-04-05,start
803,2024-10-20,pause
804,2024-06-09,start
804,2024-10-15,cancel
805,2024-04-10,start
806,2024-04-02,start
806,2024-04-23,pause
806,2024-06-13,resume
806,2024-09-04,pause
806,2024-11-27,resume
807,2024-10-09,start
808,2024-09-10,start
809,2024-02-25,start
810,2024-02-25,start
811,2024-03-27,start
811,2024-11-07,cancel
812,2024-04-11,start
812,2024-05-24,pause
812,2024-08-12,resume
813,2024-06-20,start
813,2024-08-11,cancel
814,2024-05-11,start
814,2024-08-18,pause
814,2024-10-15,resume
814,2024-11-15,pause
815,2024-11-05,start
816,2024-06-01,start
816,2024-07-09,pause
816,2024-08-29,resume
816,2024-12-03,pause
817,2024-04-12,start
817,2024-07-06,pause
817,2024-08-27,resume
818,2024-04-16,start
818,2024-07-02,pause
818,2024-09-08,resume
818,2024-11-25,pause
819,2024-04-07,start
819,2024-05-07,pause
819,2024-07-08,resume
820,2024-10-10,start
821,2024-07-28,start
822,2024-05-11,start
822,2024-06-11,pause
822,2024-08-14,resume
822,2024-12-15,pause
823,2024-10-17,start
824,2024-05-08,start
824,2024-06-21,pause
824,2024-07-27,resume
824,2024-08-23,pause
824,2024-09-27,resume
825,2024-07-25,start
825,2024-11-14,cancel
826,2024-05-30,start
826,2024-08-24,pause
826,2024-10-24,resume
827,2024-08-10,start
828,2024-06-14,start
828,2024-07-14,cancel
829,2024-06-25,start
829,2024-08-21,pause
829,2024-11-19,resume
830,2024-01-20,start
830,2024-03-31,cancel
831,2024-06-09,start
832,2024-02-24,start
832,2024-11-03,cancel
833,2024-10-22,start
834,2024-03-27,start
835,2024-09-29,start
836,2024-01-30,start
837,2024-07-02,start
838,2024-03-30,start
839,2024-04-05,start
839,2024-04-25,pause
839,2024-06-16,resume
839,2024-09-11,pause
839,2024-12-09,resume
840,2024-11-04,start
841,2024-03-30,start
842,2024-08-28,start
843,2024-07-31,start
844,2024-02-04,start
844,2024-08-28,cancel
845,2024-05-01,start
845,2024-06-02,pause
845,2024-08-29,resume
845,2024-09-21,pause
845,2024-11-10,resume
846,2024-04-06,start
846,2024-05-10,pause
846,2024-08-05,resume
846,2024-11-02,pause
846,2024-12-21,resume
847,2024-05-25,start
848,2024-11-02,start
849,2024-03-13,start
850,2024-06-18,start
850,2024-07-11,pause
850,2024-09-29,resume
850,2024-11-01,cancel
851,2024-03-20,start
851,2024-06-23,cancel
852,2024-09-22,start
853,2024-10-08,start
854,2024-07-08,start
855,2024-04-26,start
855,2024-05-26,pause
855,2024-07-16,resume
855,2024-10-12,pause
855,2024-12-18,resume
856,2024-10-03,start
857,2024-03-03,start
857,2024-09-19,cancel
858,2024-06-06,start
858,2024-07-18,pause
858,2024-09-01,resume
859,2024-07-03,start
860,2024-09-09,start
861,2024-09-02,start
862,2024-03-09,start
863,2024-07-17,start
864,2024-06-20,start
864,2024-07-10,pause
864,2024-09-07,resume
865,2024-07-05,start
866,2024-05-24,start
866,2024-08-21,pause
866,2024-11-11,resume
867,2024-01-01,start
867,2024-04-06,cancel
868,2024-08-31,start
869,2024-11-11,start
870,2024-07-11,start
871,2024-07-09,start
872,2024-05-09,start
872,2024-06-18,pause
872,2024-09-13,resume
873,2024-05-08,start
873,2024-06-05,pause
873,2024-07-18,resume
873,2024-11-14,pause
874,2024-11-16,start
875,2024-10-14,start
876,2024-04-09,start
876,2024-08-14,cancel
877,2024-11-11,start
878,2024-02-12,start
879,2024-03-28,start
880,2024-07-30,start
880,2024-11-20,cancel
881,2024-06-09,start
881,2024-07-11,pause
881,2024-09-13,resume
882,2024-03-18,start
883,2024-07-27,start
884,2024-04-09,start
884,2024-05-31,pause
884,2024-07-23,resume
884,2024-09-29,pause
884,2024-11-18,resume
885,2024-02-20,start
886,2024-06-05,start
886,2024-09-27,cancel
887,2024-09-16,start
888,2024-07-19,start
889,2024-09-02,start
889,2024-10-02,cancel
890,2024-05-06,start
890,2024-06-30,pause
890,2024-09-18,resume
891,2024-11-04,start
892,2024-08-08,start
892,2024-09-14,cancel
893,2024-01-31,start
893,2024-07-22,cancel
894,2024-04-25,start
894,2024-08-31,pause
894,2024-10-02,resume
894,2024-10-23,pause
895,2024-07-24,start
896,2024-09-20,start
897,2024-06-24,start
897,2024-09-13,cancel
898,2024-03-24,start
899,2024-11-22,start
900,2024-08-16,start
901,2024-05-29,start
901,2024-08-26,pause
901,2024-10-16,resume
902,2024-03-03,start
903,2024-07-30,start
904,2024-03-13,start
905,2024-03-21,start
906,2024-11-18,start
906,2024-12-10,cancel
907,2024-08-22,start
908,2024-03-31,start
908,2024-06-12,pause
908,2024-07-23,resume
908,2024-09-19,pause
908,2024-10-19,resume
908,2024-12-03,pause
909,2024-04-20,start
909,2024-07-19,pause
909,2024-10-16,resume
909,2024-11-24,cancel
910,2024-06-18,start
910,2024-08-08,cancel
911,2024-02-06,start
911,2024-12-10,cancel
912,2024-01-12,start
912,2024-08-21,cancel
913,2024-11-11,start
914,2024-10-11,start
915,2024-01-09,start
915,2024-05-15,cancel
916,2024-04-08,start
916,2024-05-27,pause
916,2024-07-30,resume
917,2024-03-12,start
918,2024-06-02,start
918,2024-08-01,pause
918,2024-10-23,resume
919,2024-05-05,start
919,2024-07-18,cancel
920,2024-11-14,start
921,2024-08-23,start
921,2024-12-17,cancel
922,2024-08-24,start
922,2024-09-28,cancel
923,2024-01-18,start
923,2024-02-29,cancel
924,2024-10-11,start
925,2024-01-13,start
926,2024-07-24,start
927,2024-03-30,start
928,2024-09-23,start
928,2024-12-21,cancel
929,2024-03-14,start
930,2024-02-24,start
931,2024-11-09,start
932,2024-07-31,start
933,2024-09-29,start
934,2024-07-19,start
935,2024-04-21,start
935,2024-07-10,pause
935,2024-09-01,resume
935,2024-11-14,pause
936,2024-01-01,start
936,2024-12-19,cancel
937,2024-11-15,start
938,2024-11-23,start
939,2024-01-08,start
939,2024-04-19,cancel
940,2024-01-17,start
940,2024-02-26,cancel
941,2024-08-15,start
941,2024-11-27,cancel
942,2024-08-31,start
943,2024-06-05,start
943,2024-10-04,pause
944,2024-06-30,start
944,2024-08-17,cancel
945,2024-09-02,start
946,2024-10-16,start
947,2024-03-18,start
948,2024-10-06,start
949,2024-09-11,start
950,2024-10-18,start
951,2024-05-28,start
951,2024-08-31,pause
951,2024-10-15,resume
952,2024-09-07,start
953,2024-06-12,start
953,2024-07-02,pause
953,2024-08-15,resume
953,2024-12-10,pause
954,2024-10-07,start
954,2024-12-18,cancel
955,2024-08-09,start
955,2024-09-02,cancel
956,2024-08-23,start
957,2024-09-24,start
958,2024-09-07,start
959,2024-07-20,start
960,2024-11-09,start
961,2024-02-07,start
961,2024-04-26,cancel
962,2024-02-15,start
962,2024-05-25,cancel
963,2024-03-20,start
963,2024-05-30,cancel
964,2024-01-12,start
964,2024-05-10,cancel
965,2024-08-19,start
966,2024-02-06,start
966,2024-10-22,cancel
967,2024-08-10,start
968,2024-05-25,start
968,2024-09-18,pause
968,2024-12-05,resume
969,2024-03-21,start
970,2024-06-13,start
971,2024-06-26,start
971,2024-08-11,pause
971,2024-09-15,resume
972,2024-05-06,start
972,2024-06-29,cancel
973,2024-11-11,start
974,2024-02-05,start
974,2024-03-19,cancel
975,2024-07-05,start
975,2024-09-07,cancel
976,2024-11-04,start
977,2024-11-15,start
978,2024-03-02,start
979,2024-11-19,start
980,2024-07-13,start
981,2024-10-02,start
982,2024-05-03,start
982,2024-09-24,pause
982,2024-11-29,resume
983,2024-10-09,start
984,2024-03-28,start
984,2024-06-22,cancel
985,2024-02-25,start
986,2024-02-16,start
986,2024-03-29,cancel
987,2024-10-22,start
988,2024-07-14,start
989,2024-06-03,start
989,2024-08-01,pause
989,2024-09-09,resume
990,2024-08-30,start
990,2024-10-03,cancel
991,2024-08-02,start
992,2024-04-03,start
992,2024-06-15,pause
992,2024-09-09,resume
992,2024-09-30,pause
992,2024-11-16,resume
993,2024-08-31,start
994,2024-07-17,start
994,2024-08-07,cancel
995,2024-06-17,start
995,2024-11-23,pause
996,2024-01-05,start
996,2024-10-04,cancel
997,2024-09-10,start
998,2024-08-10,start
999,2024-09-01,start
999,2024-11-17,cancel
1000,2024-04-13,start
1000,2024-06-25,pause
1000,2024-09-17,resume
1000,2024-10-17,pause
1000,2024-12-11,resume
1001,2024-08-08,start
1001,2024-11-14,cancel
1002,2024-05-04,start
1002,2024-08-01,pause
1002,2024-09-13,resume
1002,2024-10-27,cancel
1003,2024-09-02,start
1004,2024-02-25,start
1004,2024-06-04,cancel
1005,2024-08-31,start
1006,2024-08-15,start
1007,2024-02-15,start
1008,2024-09-09,start
1009,2024-01-19,start
1009,2024-04-14,cancel
1010,2024-05-06,start
1011,2024-01-10,start
1011,2024-04-24,cancel
1012,2024-09-09,start
1013,2024-10-24,start
1013,2024-11-16,cancel
1014,2024-11-16,start
1015,2024-04-27,start
1015,2024-07-18,cancel
1016,2024-06-06,start
1016,2024-12-16,pause
1017,2024-06-14,start
1017,2024-10-25,pause
1018,2024-11-12,start
1019,2024-04-20,start
1019,2024-06-02,pause
1019,2024-08-27,resume
1019,2024-11-18,pause
1019,2024-12-23,resume
1020,2024-11-24,start
1021,2024-10-10,start
1022,2024-05-31,start
1022,2024-11-17,pause
1023,2024-02-08,start
1024,2024-03-26,start
1025,2024-02-21,start
1025,2024-03-28,cancel
1026,2024-11-04,start
1027,2024-02-06,start
1027,2024-08-31,cancel
1028,2024-10-29,start
1029,2024-02-05,start
1030,2024-07-19,start
1031,2024-10-24,start
1032,2024-08-01,start
1033,2024-06-21,start
1034,2024-11-25,start
1035,2024-01-03,start
1036,2024-03-21,start
1036,2024-04-28,cancel
1037,2024-02-16,start
1038,2024-03-03,start
1038,2024-05-24,cancel
1039,2024-07-04,start
1040,2024-04-23,start
1040,2024-07-14,pause
1040,2024-09-24,resume
1041,2024-04-29,start
1042,2024-01-08,start
1043,2024-07-11,start
1044,2024-06-09,start
1044,2024-11-04,cancel
1045,2024-09-26,start
1046,2024-05-01,start
1046,2024-05-28,pause
1046,2024-07-12,resume
1046,2024-08-25,pause
1046,2024-10-05,resume
1047,2024-11-09,start
1048,2024-01-21,start
1048,2024-02-25,cancel
1049,2024-11-17,start
1050,2024-10-22,start
1051,2024-08-08,start
1051,2024-11-30,cancel
1052,2024-09-12,start
1053,2024-10-14,start
1054,2024-06-06,start
1054,2024-07-24,cancel
1055,2024-06-29,start
1056,2024-11-15,start
1057,2024-05-31,start
1058,2024-05-18,start
1058,2024-10-21,pause
1058,2024-11-22,resume
1059,2024-05-23,start
1060,2024-08-12,start
1060,2024-10-15,cancel
1061,2024-07-03,start
1061,2024-10-14,cancel
1062,2024-06-05,start
1062,2024-08-27,cancel
1063,2024-01-24,start
1063,2024-03-23,cancel
1064,2024-10-24,start
1065,2024-09-07,start
1066,2024-11-09,start
1067,2024-10-16,start
1068,2024-04-29,start
1068,2024-06-16,pause
1068,2024-07-21,resume
1069,2024-07-24,start
1070,2024-08-12,start
1070,2024-10-06,cancel
1071,2024-09-22,start
1072,2024-09-16,start
1073,2024-10-02,start
1074,2024-09-29,start
1075,2024-01-19,start
1075,2024-08-13,cancel
1076,2024-11-16,start
1077,2024-07-28,start
1078,2024-03-20,start
1079,2024-07-08,start
1080,2024-01-18,start
1081,2024-02-05,start
1081,2024-06-27,cancel
1082,2024-11-11,start
1083,2024-01-14,start
1084,2024-04-17,start
1084,2024-09-25,pause
1084,2024-10-29,resume
1085,2024-03-04,start
1086,2024-11-22,start
1087,2024-08-23,start
1088,2024-05-29,start
1088,2024-11-10,cancel
1089,2024-10-01,start
1090,2024-03-02,start
1091,2024-08-08,start
1092,2024-02-22,start
1093,2024-10-25,start
1094,2024-09-02,start
1094,2024-10-05,cancel
1095,2024-02-18,start
1096,2024-05-09,start
1096,2024-08-26,pause
1096,2024-10-08,resume
1097,2024-06-28,start
1097,2024-10-04,pause
1098,2024-01-16,start
1099,2024-04-06,start
1099,2024-05-05,pause
1099,2024-06-05,resume
1100,2024-07-23,start
1100,2024-08-22,cancel
1101,2024-06-28,start
1101,2024-07-28,pause
1101,2024-10-03,resume
1102,2024-03-11,start
1103,2024-07-18,start
1103,2024-12-25,cancel
1104,2024-05-14,start
1104,2024-08-28,pause
1104,2024-10-11,resume
1105,2024-10-12,start
1106,2024-03-03,start
1107,2024-02-28,start
1108,2024-06-26,start
1108,2024-10-06,pause
1108,2024-11-08,resume
1109,2024-11-09,start
1110,2024-03-11,start
1110,2024-08-18,cancel
1111,2024-01-30,start
1112,2024-02-20,start
1113,2024-03-24,start
1114,2024-05-18,start
1114,2024-10-07,pause
1114,2024-12-02,resume
1115,2024-03-28,start
1115,2024-07-03,cancel
1116,2024-07-03,start
1116,2024-08-19,cancel
1117,2024-04-13,start
1117,2024-06-04,cancel
1118,2024-07-22,start
1118,2024-09-30,cancel
1119,2024-11-07,start
1120,2024-01-12,start
1121,2024-04-25,start
1121,2024-12-08,pause
1122,2024-09-11,start
1123,2024-08-30,start
1124,2024-07-18,start
1124,2024-10-26,cancel
1125,2024-03-11,start
1125,2024-11-04,cancel
1126,2024-02-27,start
1127,2024-06-09,start
1127,2024-07-14,pause
1127,2024-09-30,resume
1127,2024-12-13,pause
1128,2024-10-28,start
1129,2024-06-14,start
1129,2024-09-29,pause
1129,2024-11-13,resume
1130,2024-11-18,start
1131,2024-09-27,start
1132,2024-06-13,start
1132,2024-08-14,pause
1132,2024-11-11,resume
1132,2024-12-21,cancel
1133,2024-05-29,start
1133,2024-08-04,pause
1133,2024-10-04,resume
1133,2024-11-11,pause
1134,2024-03-24,start
1134,2024-10-17,cancel
1135,2024-11-26,start
1136,2024-06-09,start
1136,2024-07-09,pause
1136,2024-08-29,resume
1136,2024-10-19,pause
1137,2024-11-18,start
1138,2024-07-19,start
1139,2024-09-11,start
1140,2024-02-16,start
1141,2024-06-22,start
1142,2024-03-04,start
1142,2024-05-05,cancel
1143,2024-09-10,start
1144,2024-02-04,start
1144,2024-05-02,cancel
1145,2024-11-13,start
1146,2024-02-04,start
1146,2024-09-08,cancel
1147,2024-01-01,start
1147,2024-03-06,cancel
1148,2024-01-19,start
1149,2024-01-16,start
1150,2024-10-27,start
1150,2024-12-08,cancel
1151,2024-10-11,start
1152,2024-07-31,start
1152,2024-10-24,cancel
1153,2024-01-04,start
1154,2024-02-12,start
1154,2024-07-25,cancel
1155,2024-11-21,start
1156,2024-03-17,start
1157,2024-03-23,start
1158,2024-08-20,start
1159,2024-01-29,start
1160,2024-05-09,start
1160,2024-10-22,pause
1160,2024-12-04,resume
1161,2024-06-25,start
1161,2024-07-31,cancel
1162,2024-05-16,start
1162,2024-08-11,cancel
1163,2024-01-12,start
1163,2024-10-28,cancel
1164,2024-02-06,start
1164,2024-09-25,cancel
1165,2024-02-12,start
1165,2024-06-13,cancel
1166,2024-07-14,start
1167,2024-08-04,start
1168,2024-04-09,start
1168,2024-05-08,pause
1168,2024-06-12,resume
1168,2024-07-02,pause
1168,2024-09-21,resume
1168,2024-11-27,pause
1169,2024-09-20,start
1170,2024-01-10,start
1170,2024-05-20,cancel
1171,2024-05-12,start
1171,2024-06-14,pause
1171,2024-08-11,resume
1171,2024-11-24,pause
1171,2024-12-25,resume
1172,2024-09-26,start
1173,2024-01-22,start
1173,2024-06-10,cancel
1174,2024-07-14,start
1175,2024-04-23,start
1175,2024-07-02,pause
1175,2024-08-07,resume
1175,2024-11-08,pause
1176,2024-07-06,start
1177,2024-10-22,start
1178,2024-03-25,start
1178,2024-05-10,cancel
1179,2024-08-25,start
1180,2024-09-06,start
1181,2024-10-26,start
1182,2024-09-19,start
1183,2024-09-05,start
1184,2024-07-24,start
1185,2024-11-22,start
1186,2024-04-02,start
1186,2024-06-18,pause
1186,2024-08-06,resume
1186,2024-10-25,pause
1186,2024-12-20,resume
1187,2024-09-20,start
1188,2024-05-30,start
1188,2024-11-29,pause
1189,2024-03-30,start
1190,2024-09-27,start
1191,2024-08-13,start
1192,2024-06-08,start
1192,2024-07-12,pause
1192,2024-10-08,resume
1192,2024-11-28,pause
1193,2024-02-19,start
1194,2024-04-18,start
1194,2024-05-29,cancel
1195,2024-07-14,start
1196,2024-09-03,start
1197,2024-07-16,start
1197,2024-08-05,cancel
1198,2024-10-21,start
1199,2024-02-12,start
1200,2024-03-24,start
1200,2024-07-08,cancel
1201,2024-02-05,start
1201,2024-09-23,cancel
1202,2024-05-01,start
1202,2024-09-25,pause
1202,2024-11-16,resume
1203,2024-05-18,start
1204,2024-10-20,start
1205,2024-11-10,start
1206,2024-06-10,start
1206,2024-10-22,pause
1207,2024-02-29,start
1207,2024-07-13,cancel
1208,2024-03-15,start
1208,2024-10-08,cancel
1209,2024-07-23,start
1210,2024-07-23,start
1211,2024-01-19,start
1211,2024-07-09,cancel
1212,2024-02-17,start
1213,2024-07-10,start
1213,2024-10-20,cancel
1214,2024-07-21,start
1215,2024-02-24,start
1216,2024-11-08,start
1217,2024-10-20,start
1217,2024-11-10,cancel
1218,2024-10-25,start
1219,2024-04-25,start
1219,2024-06-27,pause
1219,2024-09-18,resume
1219,2024-10-31,pause
1220,2024-03-12,start
1220,2024-10-01,cancel
1221,2024-05-30,start
1221,2024-08-21,pause
1221,2024-10-05,resume
1221,2024-11-11,pause
1222,2024-03-05,start
1223,2024-03-13,start
1224,2024-11-21,start
1225,2024-08-03,start
1226,2024-04-09,start
1226,2024-09-12,cancel
1227,2024-06-23,start
1227,2024-08-28,pause
1227,2024-10-16,resume
1228,2024-03-19,start
1229,2024-09-07,start
1230,2024-02-02,start
1231,2024-05-21,start
1231,2024-09-05,pause
1231,2024-10-27,resume
1231,2024-12-11,pause
1232,2024-05-26,start
1233,2024-10-06,start
1234,2024-06-09,start
1234,2024-08-15,pause
1234,2024-10-15,resume
1235,2024-10-30,start
1236,2024-01-24,start
1236,2024-11-03,cancel
1237,2024-02-22,start
1237,2024-12-07,cancel
1238,2024-03-24,start
1239,2024-04-16,start
1239,2024-06-04,cancel
1240,2024-11-12,start
1241,2024-10-20,start
1242,2024-07-23,start
1243,2024-02-09,start
1243,2024-09-21,cancel
1244,2024-07-26,start
1245,2024-08-03,start
1246,2024-09-16,start
1246,2024-12-08,cancel
1247,2024-02-29,start
1247,2024-05-30,cancel
1248,2024-01-31,start
1249,2024-02-29,start
1249,2024-05-26,cancel
1250,2024-09-06,start
1250,2024-12-03,cancel
1251,2024-01-08,start
1252,2024-06-03,start
1252,2024-07-14,pause
1252,2024-10-05,resume
1253,2024-07-07,start
1254,2024-06-22,start
1254,2024-08-11,pause
1254,2024-10-31,resume
1255,2024-01-07,start
1255,2024-08-17,cancel
1256,2024-01-25,start
1257,2024-10-11,start
1258,2024-10-17,start
1259,2024-05-10,start
1259,2024-09-05,pause
1259,2024-10-19,resume
1260,2024-09-04,start
1260,2024-12-22,cancel
1261,2024-01-23,start
1261,2024-09-03,cancel
1262,2024-10-12,start
1263,2024-05-23,start
1263,2024-06-24,pause
1263,2024-09-16,resume
1264,2024-03-31,start
1264,2024-10-01,pause
1264,2024-11-25,resume
1265,2024-08-22,start
1265,2024-10-05,cancel
1266,2024-11-26,start
1267,2024-11-23,start
1268,2024-03-24,start
1269,2024-11-11,start
1270,2024-01-21,start
1271,2024-07-21,start
1272,2024-04-04,start
1272,2024-12-07,cancel
1273,2024-03-20,start
1274,2024-05-09,start
1275,2024-09-23,start
1276,2024-01-13,start
1276,2024-06-04,cancel
1277,2024-07-08,start
1278,2024-04-20,start
1278,2024-08-12,cancel
1279,2024-03-29,start
1280,2024-05-31,start
1280,2024-08-07,pause
1280,2024-09-25,resume
1280,2024-10-19,pause
1280,2024-12-10,resume
1281,2024-06-19,start
1281,2024-10-04,cancel
1282,2024-02-25,start
1283,2024-05-17,start
1284,2024-06-16,start
1284,2024-10-27,pause
1285,2024-05-31,start
1286,2024-07-31,start
1286,2024-08-20,cancel
1287,2024-05-03,start
1287,2024-09-26,pause
1287,2024-11-28,resume
1288,2024-02-05,start
1289,2024-11-19,start
1290,2024-09-21,start
1290,2024-10-20,cancel
1291,2024-02-28,start
1292,2024-03-01,start
1293,2024-11-25,start
1294,2024-08-24,start
1295,2024-10-17,start
1296,2024-08-27,start
1297,2024-08-04,start
1298,2024-05-11,start
1298,2024-07-16,pause
1298,2024-08-16,resume
1298,2024-12-09,pause
1299,2024-02-24,start
1300,2024-02-15,start
1301,2024-08-24,start
1302,2024-02-26,start
1302,2024-12-19,cancel
1303,2024-07-12,start
1304,2024-09-22,start
1305,2024-10-30,start
1306,2024-08-09,start
1307,2024-04-10,start
1307,2024-08-17,pause
1307,2024-11-09,resume
1308,2024-05-03,start
1308,2024-06-30,cancel
1309,2024-11-03,start
1310,2024-10-06,start
1311,2024-05-02,start
1311,2024-07-17,pause
1311,2024-08-21,resume
1311,2024-11-14,pause
1312,2024-08-23,start
1313,2024-08-26,start
1313,2024-12-01,cancel
1314,2024-02-23,start
1315,2024-11-04,start
1316,2024-04-18,start
1316,2024-09-27,pause
1316,2024-11-19,resume
1317,2024-09-08,start
1318,2024-03-04,start
1319,2024-01-16,start
1319,2024-02-22,cancel
1320,2024-06-03,start
1321,2024-03-04,start
1321,2024-12-05,cancel
1322,2024-09-06,start
1323,2024-05-15,start
1323,2024-07-26,pause
1323,2024-08-30,resume
1324,2024-07-12,start
1325,2024-08-13,start
1326,2024-05-07,start
1326,2024-07-09,pause
1326,2024-08-24,resume
1326,2024-12-19,cancel
1327,2024-09-16,start
1328,2024-06-12,start
1328,2024-10-08,pause
1328,2024-12-19,resume
1329,2024-05-20,start
1329,2024-07-24,pause
1329,2024-09-14,resume
1329,2024-11-13,pause
1330,2024-02-20,start
1331,2024-11-15,start
1332,2024-10-11,start
1333,2024-01-04,start
1333,2024-11-03,cancel
1334,2024-09-19,start
1335,2024-06-04,start
1335,2024-07-05,pause
1335,2024-09-03,resume
1335,2024-10-19,pause
1336,2024-10-20,start
1337,2024-04-13,start
1337,2024-07-01,cancel
1338,2024-04-30,start
1338,2024-06-13,pause
1338,2024-07-22,resume
1338,2024-12-25,pause
1339,2024-08-15,start
1340,2024-02-01,start
1341,2024-09-25,start
1342,2024-03-24,start
1342,2024-07-08,cancel
1343,2024-08-21,start
1344,2024-04-23,start
1344,2024-07-19,pause
1344,2024-10-04,resume
1344,2024-12-16,pause
1345,2024-04-06,start
1345,2024-05-31,pause
1345,2024-07-24,resume
1345,2024-11-27,pause
1346,2024-04-30,start
1346,2024-05-22,pause
1346,2024-07-09,resume
1347,2024-03-01,start
1347,2024-10-23,cancel
1348,2024-06-12,start
1348,2024-08-21,cancel
1349,2024-11-14,start
1350,2024-03-07,start
1350,2024-04-18,cancel
1351,2024-07-27,start
1352,2024-06-28,start
1352,2024-11-01,pause
1352,2024-12-22,resume
1353,2024-09-28,start
1354,2024-02-22,start
1355,2024-01-12,start
1356,2024-09-13,start
1357,2024-01-12,start
1358,2024-03-09,start
1358,2024-08-30,cancel
1359,2024-02-11,start
1359,2024-09-25,cancel
1360,2024-03-07,start
1360,2024-04-29,cancel
1361,2024-04-20,start
1361,2024-06-16,cancel
1362,2024-05-29,start
1362,2024-08-28,pause
1362,2024-11-21,resume
1363,2024-04-26,start
1364,2024-03-20,start
1365,2024-11-03,start
1366,2024-10-04,start
1367,2024-04-30,start
1367,2024-07-23,pause
1367,2024-08-26,resume
1367,2024-10-20,pause
1367,2024-11-21,resume
1368,2024-11-14,start
1369,2024-01-06,start
1370,2024-11-04,start
1371,2024-04-13,start
1371,2024-06-25,cancel
1372,2024-10-02,start
1372,2024-12-06,cancel
1373,2024-05-03,start
1373,2024-09-24,cancel
1374,2024-11-08,start
1375,2024-10-04,start
1376,2024-01-05,start
1376,2024-03-17,cancel
1377,2024-07-08,start
1377,2024-10-10,cancel
1378,2024-03-26,start
1379,2024-04-22,start
1379,2024-09-10,pause
1379,2024-11-15,resume
1380,2024-02-15,start
1381,2024-08-02,start
1382,2024-10-17,start
1383,2024-04-29,start
1383,2024-06-26,cancel
1384,2024-11-18,start
1385,2024-03-14,start
1385,2024-08-25,cancel
1386,2024-05-09,start
1386,2024-09-04,pause
1386,2024-10-31,resume
1387,2024-10-25,start
1388,2024-02-02,start
1388,2024-06-03,cancel
1389,2024-02-12,start
1389,2024-12-25,cancel
1390,2024-07-19,start
1390,2024-12-19,cancel
1391,2024-05-02,start
1391,2024-12-07,pause
1392,2024-10-23,start
1393,2024-04-22,start
1393,2024-10-04,pause
1393,2024-12-12,resume
1394,2024-11-13,start
1395,2024-01-28,start
1395,2024-07-29,cancel
1396,2024-09-28,start
1397,2024-06-23,start
1397,2024-11-01,pause
1398,2024-03-20,start
1399,2024-08-14,start
1400,2024-03-13,start
1400,2024-09-22,cancel
1401,2024-10-23,start
1402,2024-05-19,start
1402,2024-07-28,pause
1402,2024-09-05,resume
1402,2024-12-19,pause
1403,2024-07-19,start
1403,2024-11-03,cancel
1404,2024-01-15,start
1404,2024-09-04,cancel
1405,2024-08-20,start
1405,2024-12-14,cancel
1406,2024-11-07,start
1407,2024-11-04,start
1408,2024-09-18,start
1409,2024-06-12,start
1409,2024-09-18,pause
1409,2024-11-26,resume
1410,2024-09-03,start
1411,2024-10-22,start
1412,2024-02-12,start
1412,2024-03-08,cancel
1413,2024-05-05,start
1413,2024-09-09,pause
1413,2024-11-28,resume
1414,2024-02-07,start
1414,2024-04-19,cancel
1415,2024-01-08,start
1416,2024-02-20,start
1416,2024-08-10,cancel
1417,2024-01-12,start
1418,2024-07-05,start
1419,2024-02-09,start
1420,2024-01-12,start
1421,2024-11-03,start
1422,2024-03-04,start
1423,2024-04-18,start
1424,2024-04-20,start
1424,2024-06-04,pause
1424,2024-07-11,resume
1424,2024-10-11,pause
1424,2024-12-21,resume
1425,2024-05-03,start
1425,2024-09-23,pause
1425,2024-11-10,resume
1426,2024-09-13,start
1427,2024-07-05,start
1428,2024-11-03,start
1429,2024-05-05,start
1429,2024-10-03,pause
1429,2024-11-05,resume
1430,2024-06-23,start
1430,2024-08-10,pause
1430,2024-09-09,resume
1430,2024-10-17,pause
1430,2024-12-03,resume
1431,2024-08-23,start
1432,2024-04-21,start
1433,2024-11-06,start
1434,2024-08-08,start
1435,2024-03-28,start
1436,2024-08-23,start
1437,2024-07-23,start
1438,2024-08-06,start
1439,2024-04-05,start
1439,2024-06-15,pause
1439,2024-09-05,resume
1440,2024-06-20,start
1440,2024-11-08,pause
1441,2024-07-10,start
1442,2024-02-24,start
1443,2024-02-16,start
1444,2024-06-24,start
1444,2024-12-13,pause
1445,2024-09-26,start
1446,2024-04-13,start
1446,2024-06-07,cancel
1447,2024-03-31,start
1447,2024-05-26,cancel
1448,2024-04-28,start
1448,2024-08-02,pause
1448,2024-09-23,resume
1448,2024-12-15,pause
1449,2024-03-25,start
1449,2024-05-06,cancel
1450,2024-03-31,start
1450,2024-07-16,pause
1450,2024-09-23,resume
1451,2024-10-03,start
1451,2024-11-22,cancel
1452,2024-10-18,start
1453,2024-11-19,start
1454,2024-08-01,start
1454,2024-11-07,cancel
1455,2024-11-03,start
1456,2024-02-24,start
1457,2024-02-10,start
1457,2024-04-20,cancel
1458,2024-07-04,start
1459,2024-06-27,start
1459,2024-08-20,cancel
1460,2024-09-08,start
1460,2024-11-16,cancel
1461,2024-01-31,start
1461,2024-04-12,cancel
1462,2024-05-18,start
1462,2024-06-27,pause
1462,2024-09-09,resume
1462,2024-11-28,pause
1463,2024-08-27,start
1464,2024-04-11,start
1464,2024-05-04,cancel
1465,2024-01-27,start
1466,2024-05-12,start
1466,2024-09-16,pause
1466,2024-11-29,resume
1467,2024-11-09,start
1468,2024-07-13,start
1469,2024-04-05,start
1469,2024-05-27,pause
1469,2024-07-21,resume
1469,2024-10-16,pause
1470,2024-01-23,start
1470,2024-09-10,cancel
1471,2024-11-14,start
1472,2024-04-04,start
1472,2024-05-25,pause
1472,2024-08-04,resume
1472,2024-09-07,pause
1472,2024-11-02,resume
1473,2024-08-04,start
1474,2024-07-04,start
1475,2024-05-09,start
1475,2024-06-08,pause
1475,2024-07-10,resume
1476,2024-09-06,start
1477,2024-06-11,start
1478,2024-03-17,start
1478,2024-12-16,cancel
1479,2024-01-25,start
1479,2024-09-08,cancel
1480,2024-01-07,start
1480,2024-05-08,cancel
1481,2024-02-23,start
1482,2024-07-28,start
1482,2024-10-04,cancel
1483,2024-01-13,start
1484,2024-01-19,start
1484,2024-05-13,cancel
1485,2024-11-05,start
1485,2024-12-02,cancel
1486,2024-01-12,start
1486,2024-09-19,cancel
1487,2024-05-11,start
1487,2024-11-24,pause
1488,2024-08-27,start
1489,2024-01-13,start
1490,2024-04-23,start
1490,2024-06-23,pause
1490,2024-08-30,resume
1491,2024-08-06,start
1491,2024-11-15,cancel
1492,2024-05-17,start
1492,2024-10-28,pause
1492,2024-12-09,resume
1493,2024-07-22,start
1494,2024-09-23,start
1495,2024-02-22,start
1495,2024-06-30,cancel
1496,2024-03-08,start
1497,2024-03-18,start
1497,2024-11-28,cancel
1498,2024-09-27,start
1498,2024-11-02,cancel
1499,2024-10-05,start
1500,2024-05-04,start
1500,2024-10-03,pause
1501,2024-08-29,start
1502,2024-10-24,start
1502,2024-11-19,cancel
1503,2024-03-25,start
1503,2024-11-18,cancel
1504,2024-11-13,start
1505,2024-11-07,start
1506,2024-09-10,start
1507,2024-07-25,start
1508,2024-06-17,start
1508,2024-08-20,pause
1508,2024-10-23,resume
1508,2024-12-01,pause
1509,2024-11-05,start
1510,2024-03-09,start
1510,2024-04-21,cancel
1511,2024-06-29,start
1511,2024-08-07,pause
1511,2024-10-05,resume
1512,2024-04-30,start
1512,2024-06-07,pause
1512,2024-08-11,resume
1512,2024-09-16,pause
1512,2024-10-19,resume
1513,2024-02-01,start
1513,2024-02-23,cancel
1514,2024-06-27,start
1515,2024-11-10,start
1516,2024-07-02,start
1517,2024-10-27,start
1518,2024-08-22,start
1518,2024-11-05,cancel
1519,2024-02-08,start
1519,2024-07-03,cancel
1520,2024-02-28,start
1521,2024-06-04,start
1521,2024-07-12,pause
1521,2024-09-23,resume
1522,2024-02-14,start
1523,2024-04-04,start
1523,2024-05-14,pause
1523,2024-07-27,resume
1523,2024-09-02,pause
1523,2024-10-06,resume
1523,2024-11-26,cancel
1524,2024-05-21,start
1524,2024-07-24,pause
1524,2024-09-06,resume
1525,2024-09-16,start
1526,2024-07-03,start
1527,2024-02-19,start
1527,2024-10-06,cancel
1528,2024-06-07,start
1528,2024-08-28,pause
1528,2024-10-17,resume
1529,2024-04-09,start
1529,2024-08-04,cancel
1530,2024-04-23,start
1530,2024-06-22,pause
1530,2024-08-17,resume
1530,2024-11-05,cancel
1531,2024-02-02,start
1531,2024-09-17,cancel
1532,2024-08-13,start
1533,2024-03-04,start
1534,2024-06-13,start
1534,2024-10-18,pause
1535,2024-08-07,start
1536,2024-08-27,start
1537,2024-10-23,start
1538,2024-05-30,start
1538,2024-10-06,pause
1538,2024-11-10,resume
1539,2024-08-27,start
1540,2024-11-10,start
1541,2024-08-30,start
1541,2024-10-19,cancel
1542,2024-01-05,start
1542,2024-04-15,cancel
1543,2024-04-20,start
1543,2024-09-13,pause
1543,2024-11-25,resume
1544,2024-02-14,start
1545,2024-10-02,start
1546,2024-05-28,start
1546,2024-09-15,pause
1546,2024-10-22,resume
1547,2024-08-24,start
1548,2024-02-07,start
1548,2024-09-21,cancel
1549,2024-08-21,start
1549,2024-12-21,cancel
1550,2024-08-11,start
1550,2024-09-27,cancel
1551,2024-11-06,start
1552,2024-11-21,start
1553,2024-11-24,start
1554,2024-02-23,start
1554,2024-07-16,cancel
1555,2024-01-20,start
1556,2024-08-13,start
1557,2024-05-05,start
1557,2024-06-11,pause
1557,2024-07-27,resume
1557,2024-08-31,pause
1557,2024-10-26,resume
1557,2024-12-09,pause
1558,2024-01-13,start
1558,2024-03-21,cancel
1559,2024-03-09,start
1560,2024-03-07,start
1560,2024-07-08,cancel
1561,2024-06-19,start
1561,2024-09-14,pause
1561,2024-10-26,resume
1561,2024-12-01,pause
1562,2024-05-18,start
1562,2024-10-04,pause
1562,2024-12-04,resume
1563,2024-01-16,start
1564,2024-01-26,start
1565,2024-06-20,start
1565,2024-10-15,pause
1566,2024-09-23,start
1567,2024-10-30,start
1568,2024-11-13,start
1569,2024-04-30,start
1569,2024-06-05,pause
1569,2024-08-13,resume
1570,2024-05-31,start
1570,2024-07-17,pause
1570,2024-09-03,resume
1571,2024-06-01,start
1572,2024-07-23,start
1573,2024-09-03,start
1574,2024-03-10,start
1575,2024-11-18,start
1576,2024-04-04,start
1576,2024-06-20,pause
1576,2024-08-01,resume
1577,2024-10-04,start
1578,2024-07-02,start
1579,2024-04-27,start
1580,2024-03-08,start
1581,2024-05-11,start
1581,2024-06-21,pause
1581,2024-08-13,resume
1582,2024-03-07,start
1583,2024-03-21,start
1583,2024-07-21,cancel
1584,2024-02-20,start
1585,2024-10-27,start
1586,2024-09-13,start
1587,2024-08-27,start
1588,2024-11-04,start
1589,2024-01-06,start
1590,2024-03-22,start
1590,2024-09-30,cancel
1591,2024-04-15,start
1591,2024-07-21,pause
1591,2024-09-06,resume
1591,2024-12-03,pause
1592,2024-07-10,start
1593,2024-02-01,start
1594,2024-05-03,start
1594,2024-09-09,pause
1594,2024-11-28,resume
1595,2024-07-05,start
1595,2024-12-10,cancel
1596,2024-07-09,start
1596,2024-10-03,cancel
1597,2024-04-13,start
1597,2024-07-14,cancel
1598,2024-07-15,start
1599,2024-01-24,start
1600,2024-11-21,start
1601,2024-06-06,start
1602,2024-08-20,start
1603,2024-05-06,start
1603,2024-11-17,pause
1604,2024-06-24,start
1604,2024-08-11,pause
1604,2024-10-03,resume
1605,2024-10-14,start
1606,2024-07-08,start
1607,2024-04-28,start
1607,2024-06-26,pause
1607,2024-09-09,resume
1607,2024-11-28,pause
1608,2024-01-31,start
1608,2024-06-01,cancel
1609,2024-07-01,start
1609,2024-12-16,cancel
1610,2024-05-03,start
1610,2024-06-04,pause
1610,2024-07-29,resume
1610,2024-09-13,pause
1610,2024-10-29,resume
1611,2024-08-29,start
1612,2024-11-08,start
1613,2024-08-26,start
1614,2024-08-15,start
1615,2024-01-03,start
1616,2024-06-19,start
1616,2024-08-10,pause
1616,2024-09-20,resume
1617,2024-07-20,start
1618,2024-06-19,start
1618,2024-09-01,pause
1618,2024-10-09,resume
1619,2024-08-08,start
1619,2024-11-11,cancel
1620,2024-03-10,start
1621,2024-01-18,start
1622,2024-10-22,start
1623,2024-06-24,start
1623,2024-08-12,pause
1623,2024-09-12,resume
1624,2024-01-22,start
1625,2024-01-21,start
1626,2024-06-23,start
1626,2024-11-14,pause
1627,2024-06-10,start
1627,2024-08-03,pause
1627,2024-10-17,resume
1628,2024-05-25,start
1628,2024-11-08,pause
1629,2024-04-16,start
1629,2024-06-20,pause
1629,2024-09-17,resume
1630,2024-08-04,start
1631,2024-04-27,start
1631,2024-06-20,pause
1631,2024-08-09,resume
1631,2024-12-04,pause
1632,2024-05-28,start
1632,2024-08-15,cancel
1633,2024-02-04,start
1634,2024-05-01,start
1634,2024-07-19,pause
1634,2024-10-15,resume
1634,2024-12-22,pause
1635,2024-01-07,start
1636,2024-10-30,start
1637,2024-01-23,start
1637,2024-07-26,cancel
1638,2024-06-29,start
1638,2024-08-14,pause
1638,2024-10-22,resume
1638,2024-12-07,pause
1639,2024-02-02,start
1640,2024-01-15,start
1640,2024-04-02,cancel
1641,2024-01-10,start
1642,2024-06-02,start
1642,2024-07-02,pause
1642,2024-08-09,resume
1643,2024-05-11,start
1643,2024-08-05,pause
1643,2024-10-26,resume
1644,2024-07-16,start
1644,2024-10-08,cancel
1645,2024-09-08,start
1646,2024-04-15,start
1646,2024-11-03,pause
1646,2024-12-07,resume
1647,2024-06-25,start
1647,2024-08-07,pause
1647,2024-11-03,resume
1648,2024-02-16,start
1648,2024-05-05,cancel
1649,2024-02-23,start
1650,2024-02-23,start
1650,2024-09-18,cancel
1651,2024-01-03,start
1652,2024-01-23,start
1652,2024-06-10,cancel
1653,2024-09-25,start
1654,2024-05-05,start
1654,2024-06-07,pause
1654,2024-08-23,resume
1654,2024-12-25,pause
1655,2024-03-19,start
1656,2024-02-27,start
1657,2024-04-05,start
1657,2024-07-29,pause
1657,2024-08-30,resume
1658,2024-05-15,start
1658,2024-10-16,pause
1658,2024-12-03,resume
1659,2024-10-14,start
1660,2024-02-02,start
1661,2024-01-10,start
1661,2024-05-29,cancel
1662,2024-01-23,start
1663,2024-11-25,start
1664,2024-09-09,start
1665,2024-09-22,start
1666,2024-01-10,start
1667,2024-03-07,start
1668,2024-11-06,start
1669,2024-08-20,start
1670,2024-04-03,start
1670,2024-05-09,pause
1670,2024-06-23,resume
1670,2024-11-10,pause
1671,2024-09-20,start
1672,2024-09-13,start
1673,2024-06-30,start
1674,2024-02-05,start
1675,2024-02-19,start
1676,2024-11-01,start
1677,2024-02-13,start
1678,2024-09-28,start
1679,2024-02-27,start
1680,2024-11-10,start
1681,2024-09-27,start
1682,2024-03-18,start
1683,2024-10-14,start
1684,2024-03-10,start
1685,2024-04-19,start
1685,2024-06-29,pause
1685,2024-08-12,resume
1686,2024-09-08,start
1686,2024-10-31,cancel
1687,2024-09-24,start
1688,2024-04-21,start
1688,2024-10-09,pause
1688,2024-11-09,resume
1689,2024-08-19,start
1690,2024-08-26,start
1690,2024-12-11,cancel
1691,2024-08-10,start
1692,2024-06-18,start
1692,2024-09-29,pause
1692,2024-12-24,resume
1693,2024-05-31,start
1693,2024-07-30,pause
1693,2024-08-31,resume
1694,2024-05-20,start
1694,2024-08-29,pause
1694,2024-10-10,resume
1695,2024-02-19,start
1696,2024-11-15,start
1697,2024-10-12,start
1698,2024-06-03,start
1698,2024-07-23,pause
1698,2024-09-21,resume
1698,2024-11-10,pause
1698,2024-12-25,resume
1699,2024-01-05,start
1700,2024-09-23,start
1701,2024-06-14,start
1701,2024-10-19,pause
1702,2024-10-11,start
1703,2024-08-22,start
1704,2024-07-29,start
1705,2024-01-03,start
1706,2024-06-16,start
1706,2024-07-13,pause
1706,2024-09-16,resume
1706,2024-10-28,pause
1706,2024-12-19,resume
1707,2024-09-27,start
1708,2024-11-15,start
1709,2024-02-28,start
1709,2024-03-20,cancel
1710,2024-01-28,start
1711,2024-10-04,start
1712,2024-07-02,start
1712,2024-08-04,cancel
1713,2024-08-13,start
1713,2024-11-28,cancel
1714,2024-06-14,start
1715,2024-05-04,start
1716,2024-09-11,start
1717,2024-09-03,start
1718,2024-10-07,start
1719,2024-08-24,start
1720,2024-05-24,start
1720,2024-08-08,pause
1720,2024-09-28,resume
1721,2024-06-23,start
1722,2024-11-14,start
1723,2024-03-22,start
1724,2024-07-02,start
1724,2024-12-10,cancel
1725,2024-11-17,start
1726,2024-06-24,start
1726,2024-09-10,pause
1726,2024-11-12,resume
1727,2024-10-29,start
1728,2024-08-18,start
1729,2024-09-20,start
1729,2024-10-29,cancel
1730,2024-09-22,start
1731,2024-07-08,start
1732,2024-05-16,start
1732,2024-07-07,pause
1732,2024-09-07,resume
1732,2024-10-31,pause
1732,2024-12-03,resume
1733,2024-04-16,start
1733,2024-05-11,pause
1733,2024-07-25,resume
1733,2024-11-13,pause
1733,2024-12-18,resume
1734,2024-01-15,start
1735,2024-07-21,start
1736,2024-05-10,start
1736,2024-07-10,pause
1736,2024-08-27,resume
1737,2024-04-24,start
1737,2024-07-09,pause
1737,2024-09-23,resume
1737,2024-11-22,pause
1738,2024-01-20,start
1738,2024-03-13,cancel
1739,2024-10-06,start
1740,2024-10-24,start
1740,2024-12-06,cancel
1741,2024-08-09,start
1742,2024-06-29,start
1742,2024-08-25,cancel
1743,2024-04-22,start
1743,2024-06-11,pause
1743,2024-07-16,resume
1743,2024-12-11,cancel
1744,2024-02-22,start
1744,2024-06-25,cancel
1745,2024-11-14,start
1746,2024-07-11,start
1747,2024-08-28,start
1748,2024-02-16,start
1749,2024-01-15,start
1749,2024-02-29,cancel
1750,2024-07-31,start
1750,2024-11-22,cancel
1751,2024-11-06,start
1752,2024-05-04,start
1752,2024-06-04,pause
1752,2024-08-21,resume
1752,2024-09-15,cancel
1753,2024-08-02,start
1754,2024-02-17,start
1754,2024-09-19,cancel
1755,2024-05-11,start
1756,2024-01-27,start
1757,2024-09-14,start
1758,2024-01-02,start
1759,2024-04-13,start
1759,2024-07-06,pause
1759,2024-09-05,resume
1759,2024-11-29,pause
1760,2024-01-07,start
1760,2024-03-16,cancel
1761,2024-06-08,start
1761,2024-09-20,pause
1761,2024-12-10,resume
1762,2024-07-22,start
1762,2024-09-30,cancel
1763,2024-02-11,start
1764,2024-05-26,start
1764,2024-09-23,pause
1764,2024-10-31,resume
1764,2024-11-24,pause
1765,2024-06-01,start
1765,2024-10-19,pause
1765,2024-11-28,resume
1766,2024-06-10,start
1766,2024-08-17,cancel
1767,2024-08-31,start
1767,2024-10-30,cancel
1768,2024-03-05,start
1769,2024-04-20,start
1769,2024-07-14,pause
1769,2024-09-14,resume
1769,2024-11-19,cancel
1770,2024-05-27,start
1770,2024-07-06,pause
1770,2024-08-17,resume
1771,2024-11-17,start
1772,2024-03-07,start
1772,2024-11-18,cancel
1773,2024-06-05,start
1773,2024-11-05,pause
1773,2024-12-10,resume
1774,2024-03-09,start
1774,2024-09-19,cancel
1775,2024-02-03,start
1776,2024-09-15,start
1776,2024-11-27,cancel
1777,2024-03-09,start
1778,2024-10-05,start
1778,2024-12-02,cancel
1779,2024-02-26,start
1780,2024-07-05,start
1781,2024-05-23,start
1781,2024-07-20,cancel
1782,2024-06-24,start
1782,2024-12-12,cancel
1783,2024-04-18,start
1783,2024-05-10,pause
1783,2024-06-25,resume
1783,2024-08-20,pause
1783,2024-11-03,resume
1784,2024-05-14,start
1784,2024-08-25,cancel
1785,2024-06-20,start
1785,2024-07-16,pause
1785,2024-09-11,resume
1786,2024-07-04,start
1786,2024-11-22,cancel
1787,2024-10-07,start
1788,2024-10-19,start
1789,2024-01-09,start
1790,2024-11-07,start
1791,2024-08-01,start
1792,2024-01-03,start
1792,2024-11-16,cancel
1793,2024-06-29,start
1794,2024-11-03,start
1795,2024-07-30,start
1796,2024-03-11,start
1797,2024-07-31,start
1798,2024-06-09,start
1798,2024-07-23,pause
1798,2024-10-21,resume
1799,2024-06-06,start
1799,2024-07-27,pause
1799,2024-09-04,resume
1799,2024-10-27,pause
1799,2024-12-24,resume
1800,2024-04-01,start
1800,2024-06-09,pause
1800,2024-07-18,resume
1800,2024-10-17,pause
1800,2024-12-22,resume
1801,2024-07-30,start
1801,2024-09-20,cancel
1802,2024-05-28,start
1802,2024-09-24,pause
1802,2024-11-24,resume
1803,2024-09-18,start
1804,2024-04-25,start
1804,2024-06-09,pause
1804,2024-07-09,resume
1805,2024-03-07,start
1806,2024-06-17,start
1806,2024-09-15,pause
1806,2024-10-29,resume
1806,2024-12-11,pause
1807,2024-09-03,start
1808,2024-01-13,start
1808,2024-09-22,cancel
1809,2024-08-29,start
1810,2024-07-22,start
1811,2024-04-22,start
1811,2024-05-16,pause
1811,2024-07-14,resume
1812,2024-06-22,start
1812,2024-09-19,pause
1812,2024-11-28,resume
1813,2024-06-03,start
1813,2024-12-09,cancel
1814,2024-05-05,start
1814,2024-09-18,pause
1814,2024-10-28,resume
1814,2024-11-25,pause
1815,2024-09-13,start
1816,2024-02-03,start
1817,2024-03-19,start
1817,2024-12-13,cancel
1818,2024-11-11,start
1818,2024-12-06,cancel
1819,2024-08-09,start
1820,2024-01-01,start
1820,2024-07-16,cancel
1821,2024-05-02,start
1821,2024-10-05,pause
1821,2024-12-23,resume
1822,2024-10-18,start
1822,2024-11-30,cancel
1823,2024-05-02,start
1823,2024-08-24,pause
1823,2024-11-15,resume
1824,2024-10-23,start
1825,2024-07-24,start
1826,2024-11-19,start
1827,2024-08-10,start
1828,2024-04-16,start
1828,2024-06-05,cancel
1829,2024-03-28,start
1830,2024-01-27,start
1831,2024-04-11,start
1831,2024-09-19,pause
1831,2024-11-07,resume
1832,2024-07-30,start
1833,2024-06-28,start
1833,2024-08-18,pause
1833,2024-09-26,resume
1833,2024-11-04,pause
1833,2024-12-07,resume
1834,2024-06-23,start
1834,2024-11-22,pause
1834,2024-12-25,resume
1835,2024-07-24,start
1836,2024-08-19,start
1837,2024-04-12,start
1837,2024-10-28,pause
1838,2024-02-27,start
1838,2024-04-14,cancel
1839,2024-09-06,start
1840,2024-10-03,start
1841,2024-02-10,start
1841,2024-12-08,cancel
1842,2024-08-19,start
1843,2024-06-20,start
1843,2024-11-23,cancel
1844,2024-01-29,start
1845,2024-07-05,start
1846,2024-07-21,start
1847,2024-04-26,start
1847,2024-08-29,pause
1847,2024-11-11,resume
1848,2024-08-23,start
1849,2024-07-07,start
1850,2024-05-30,start
1850,2024-09-04,pause
1850,2024-10-14,resume
1851,2024-11-02,start
1852,2024-07-20,start
1853,2024-07-02,start
1853,2024-09-24,cancel
1854,2024-11-13,start
1855,2024-01-04,start
1855,2024-10-25,cancel
1856,2024-11-13,start
1857,2024-06-16,start
1857,2024-09-02,pause
1857,2024-11-29,resume
1858,2024-08-09,start
1859,2024-09-04,start
1860,2024-05-20,start
1860,2024-12-09,pause
1861,2024-09-23,start
1861,2024-12-03,cancel
1862,2024-07-20,start
1863,2024-10-19,start
1864,2024-01-19,start
1865,2024-05-03,start
1865,2024-10-22,pause
1866,2024-07-18,start
1867,2024-11-11,start
1868,2024-11-20,start
1869,2024-02-15,start
1870,2024-10-19,start
1870,2024-11-08,cancel
1871,2024-10-26,start
1872,2024-08-09,start
1873,2024-06-08,start
1873,2024-12-21,pause
1874,2024-02-15,start
1875,2024-10-27,start
1876,2024-05-29,start
1877,2024-09-03,start
1877,2024-11-11,cancel
1878,2024-03-05,start
1878,2024-10-20,cancel
1879,2024-11-15,start
1880,2024-01-08,start
1881,2024-04-30,start
1881,2024-06-24,pause
1881,2024-09-06,resume
1881,2024-12-04,pause
1882,2024-01-06,start
1883,2024-07-23,start
1884,2024-04-05,start
1884,2024-05-16,pause
1884,2024-06-25,resume
1885,2024-03-02,start
1885,2024-08-18,cancel
1886,2024-01-19,start
1887,2024-07-04,start
1887,2024-11-24,cancel
1888,2024-11-08,start
1889,2024-02-17,start
1889,2024-05-15,cancel
1890,2024-08-06,start
1891,2024-01-20,start
1892,2024-10-26,start
1893,2024-11-26,start
1894,2024-04-28,start
1894,2024-09-29,cancel
1895,2024-01-24,start
1895,2024-02-27,cancel
1896,2024-09-02,start
1897,2024-05-01,start
1897,2024-05-29,pause
1897,2024-07-28,resume
1897,2024-09-04,pause
1897,2024-12-01,resume
1898,2024-09-15,start
1899,2024-05-06,start
1899,2024-07-21,pause
1899,2024-09-06,resume
1900,2024-01-07,start
1900,2024-05-02,cancel
1901,2024-09-17,start
1902,2024-03-13,start
1903,2024-10-21,start
1904,2024-11-01,start
1905,2024-05-06,start
1905,2024-11-27,pause
1906,2024-02-18,start
1907,2024-05-29,start
1907,2024-09-12,cancel
1908,2024-04-23,start
1908,2024-06-19,pause
1908,2024-09-02,resume
1908,2024-10-27,pause
1909,2024-07-10,start
1910,2024-04-26,start
1910,2024-06-29,pause
1910,2024-09-02,resume
1911,2024-10-19,start
1912,2024-10-26,start
1913,2024-06-23,start
1914,2024-08-22,start
1915,2024-04-27,start
1915,2024-05-27,pause
1915,2024-07-08,resume
1915,2024-10-31,pause
1916,2024-08-15,start
1917,2024-11-18,start
1918,2024-08-20,start
1919,2024-09-15,start
1920,2024-10-23,start
1921,2024-08-01,start
1922,2024-06-20,start
1922,2024-09-02,pause
1922,2024-10-10,resume
1922,2024-12-01,pause
1923,2024-08-03,start
1924,2024-05-04,start
1924,2024-10-02,pause
1925,2024-08-30,start
1925,2024-12-24,cancel
1926,2024-01-11,start
1927,2024-07-30,start
1928,2024-11-04,start
1929,2024-05-31,start
1929,2024-11-01,pause
1930,2024-08-09,start
1930,2024-11-07,cancel
1931,2024-09-02,start
1932,2024-02-05,start
1932,2024-03-31,cancel
1933,2024-05-13,start
1933,2024-06-10,pause
1933,2024-08-31,resume
1934,2024-06-11,start
1934,2024-07-24,pause
1934,2024-09-26,resume
1935,2024-06-21,start
1935,2024-08-05,cancel
1936,2024-11-01,start
1937,2024-07-07,start
1937,2024-09-15,cancel
1938,2024-09-25,start
1938,2024-12-03,cancel
1939,2024-07-09,start
1940,2024-11-15,start
1941,2024-08-24,start
1942,2024-10-21,start
1943,2024-06-01,start
1943,2024-11-25,pause
1944,2024-03-02,start
1945,2024-07-30,start
1946,2024-06-01,start
1946,2024-12-12,pause
1947,2024-08-27,start
1948,2024-10-12,start
1949,2024-04-15,start
1949,2024-09-19,pause
1949,2024-11-30,resume
1949,2024-12-23,pause
1950,2024-08-08,start
1950,2024-10-01,cancel
1951,2024-10-29,start
1952,2024-03-08,start
1952,2024-09-06,cancel
1953,2024-08-08,start
1954,2024-07-27,start
1955,2024-05-10,start
1955,2024-10-14,pause
1955,2024-11-18,resume
1956,2024-10-19,start
1957,2024-04-29,start
1957,2024-11-05,cancel
1958,2024-09-06,start
1959,2024-08-14,start
1959,2024-11-07,cancel
1960,2024-11-06,start
1961,2024-04-15,start
1961,2024-10-14,pause
1961,2024-11-18,resume
1962,2024-01-15,start
1962,2024-04-13,cancel
1963,2024-11-22,start
1964,2024-05-28,start
1964,2024-09-22,pause
1964,2024-11-06,resume
1965,2024-03-24,start
1965,2024-05-03,cancel
1966,2024-02-16,start
1966,2024-04-16,cancel
1967,2024-07-23,start
1968,2024-01-10,start
1968,2024-05-12,cancel
1969,2024-11-26,start
1970,2024-05-29,start
1970,2024-11-19,pause
1971,2024-07-28,start
1971,2024-10-08,cancel
1972,2024-06-28,start
1972,2024-11-11,pause
1972,2024-12-23,resume
1973,2024-04-16,start
1973,2024-05-19,pause
1973,2024-08-02,resume
1973,2024-12-19,pause
1974,2024-01-28,start
1975,2024-04-23,start
1975,2024-12-10,pause
1976,2024-04-16,start
1976,2024-11-29,pause
1977,2024-01-29,start
1977,2024-07-25,cancel
1978,2024-06-30,start
1978,2024-11-11,cancel
1979,2024-03-23,start
1980,2024-09-19,start
1981,2024-09-13,start
1982,2024-11-18,start
1983,2024-10-03,start
1984,2024-03-03,start
1984,2024-08-03,cancel
1985,2024-02-10,start
1985,2024-06-21,cancel
1986,2024-10-04,start
1987,2024-06-20,start
1987,2024-08-05,pause
1987,2024-09-05,resume
1988,2024-02-02,start
1988,2024-10-26,cancel
1989,2024-02-06,start
1989,2024-08-26,cancel
1990,2024-07-15,start
1991,2024-06-22,start
1991,2024-12-25,pause
1992,2024-01-03,start
1992,2024-04-29,cancel
1993,2024-04-23,start
1993,2024-07-04,pause
1993,2024-09-24,resume
1993,2024-11-07,pause
1994,2024-04-22,start
1995,2024-05-08,start
1995,2024-06-10,pause
1995,2024-07-28,resume
1995,2024-12-16,pause
1996,2024-04-25,start
1996,2024-07-09,pause
1996,2024-08-20,resume
1997,2024-03-11,start
1998,2024-09-19,start
1999,2024-10-09,start
2000,2024-09-25,start
2000,2024-11-08,cancel
2001,2024-11-08,start
2002,2024-09-29,start
2003,2024-08-22,start
2004,2024-02-23,start
2005,2024-09-11,start
2006,2024-08-15,start
2006,2024-12-15,cancel
2007,2024-08-08,start
2008,2024-07-04,start
2009,2024-09-22,start
2010,2024-08-09,start
2011,2024-05-10,start
2011,2024-08-03,pause
2011,2024-10-01,resume
2012,2024-08-31,start
2013,2024-01-31,start
2013,2024-04-25,cancel
2014,2024-03-23,start
2015,2024-08-10,start
2015,2024-11-27,cancel
2016,2024-09-11,start
2017,2024-05-10,start
2017,2024-10-12,pause
2017,2024-11-14,resume
2018,2024-08-25,start
2019,2024-01-25,start
2019,2024-06-16,cancel
2020,2024-03-18,start
2020,2024-10-01,cancel
2021,2024-08-10,start
2022,2024-09-20,start
2023,2024-02-23,start
2024,2024-11-22,start
2025,2024-02-27,start
2026,2024-07-01,start
2027,2024-02-25,start
2027,2024-11-10,cancel
2028,2024-11-09,start
2029,2024-08-11,start
2030,2024-03-15,start
2030,2024-10-09,cancel
2031,2024-02-03,start
2032,2024-08-22,start
2033,2024-04-25,start
2033,2024-07-14,pause
2033,2024-09-30,resume
2033,2024-12-12,pause
2034,2024-01-19,start
2035,2024-05-01,start
2036,2024-02-29,start
2037,2024-05-10,start
2037,2024-07-29,pause
2037,2024-10-26,resume
2037,2024-12-10,pause
2038,2024-05-21,start
2038,2024-10-02,pause
2038,2024-12-01,resume
2039,2024-07-09,start
2040,2024-03-08,start
2040,2024-12-19,cancel
2041,2024-09-08,start
2042,2024-11-20,start
2043,2024-06-19,start
2043,2024-07-23,pause
2043,2024-09-27,resume
2044,2024-04-06,start
2044,2024-06-02,pause
2044,2024-08-20,resume
2044,2024-12-06,pause
2045,2024-02-28,start
2046,2024-07-23,start
2047,2024-02-24,start
2048,2024-01-03,start
2049,2024-04-05,start
2049,2024-07-23,pause
2049,2024-10-04,resume
2050,2024-09-15,start
2051,2024-05-08,start
2051,2024-08-29,pause
2051,2024-10-25,resume
2052,2024-11-02,start
2053,2024-06-13,start
2053,2024-09-26,pause
2053,2024-12-24,resume
2054,2024-04-21,start
2054,2024-07-27,pause
2054,2024-09-12,resume
2054,2024-12-10,pause
2055,2024-05-29,start
2055,2024-08-22,cancel
2056,2024-08-19,start
2057,2024-02-04,start
2058,2024-04-11,start
2059,2024-08-06,start
2060,2024-07-03,start
2060,2024-10-09,cancel
2061,2024-11-05,start
2062,2024-08-01,start
2063,2024-05-20,start
2063,2024-07-05,pause
2063,2024-08-23,resume
2063,2024-10-10,pause
2063,2024-11-29,resume
2064,2024-04-06,start
2064,2024-06-06,pause
2064,2024-07-21,resume
2064,2024-09-05,pause
2064,2024-11-15,resume
2065,2024-02-29,start
2066,2024-05-26,start
2066,2024-08-11,pause
2066,2024-10-31,resume
2067,2024-01-16,start
2067,2024-03-31,cancel
2068,2024-03-05,start
2068,2024-05-03,cancel
2069,2024-01-24,start
2069,2024-05-19,cancel
2070,2024-07-16,start
2071,2024-06-26,start
2071,2024-11-05,pause
2071,2024-12-23,resume
2072,2024-06-28,start
2072,2024-11-19,pause
2073,2024-11-09,start
2074,2024-05-14,start
2074,2024-06-16,cancel
2075,2024-05-09,start
2075,2024-06-28,pause
2075,2024-08-26,resume
2075,2024-12-13,cancel
2076,2024-07-20,start
2077,2024-10-19,start
2078,2024-09-13,start
2078,2024-11-03,cancel
2079,2024-08-09,start
2080,2024-04-13,start
2080,2024-05-04,pause
2080,2024-07-12,resume
2080,2024-10-08,pause
2080,2024-11-20,resume
2081,2024-03-15,start
2082,2024-07-15,start
2083,2024-07-01,start
2084,2024-11-22,start
2085,2024-04-03,start
2085,2024-07-19,pause
2085,2024-09-09,resume
2085,2024-12-09,pause
2086,2024-03-22,start
2086,2024-11-03,cancel
2087,2024-04-03,start
2087,2024-04-30,cancel
2088,2024-01-30,start
2089,2024-09-22,start
2090,2024-03-23,start
2090,2024-08-02,cancel
2091,2024-10-05,start
2091,2024-12-15,cancel
2092,2024-08-21,start
2093,2024-09-17,start
2094,2024-06-26,start
2095,2024-10-05,start
2096,2024-07-20,start
2096,2024-12-05,cancel
2097,2024-02-04,start
2098,2024-10-25,start
2099,2024-10-13,start
2100,2024-02-29,start
2100,2024-12-11,cancel
2101,2024-08-10,start
2102,2024-11-19,start
2103,2024-01-05,start
2103,2024-11-12,cancel
2104,2024-05-03,start
2104,2024-08-13,pause
2104,2024-10-05,resume
2104,2024-11-21,pause
2105,2024-07-02,start
2106,2024-07-19,start
2106,2024-11-07,cancel
2107,2024-09-06,start
2108,2024-01-09,start
2109,2024-11-19,start
2110,2024-03-23,start
2111,2024-11-14,start
2112,2024-03-21,start
2112,2024-11-09,cancel
2113,2024-09-11,start
2114,2024-08-10,start
2114,2024-10-11,cancel
2115,2024-03-09,start
2116,2024-04-14,start
2116,2024-06-06,pause
2116,2024-08-17,resume
2117,2024-07-02,start
2118,2024-05-13,start
2118,2024-10-12,pause
2118,2024-12-22,resume
2119,2024-08-06,start
2119,2024-11-01,cancel
2120,2024-04-23,start
2120,2024-12-13,pause
2121,2024-11-20,start
2122,2024-10-05,start
2122,2024-12-21,cancel
2123,2024-04-22,start
2123,2024-08-03,cancel
2124,2024-03-18,start
2125,2024-01-11,start
2126,2024-07-30,start
2127,2024-09-30,start
2128,2024-07-10,start
2129,2024-03-25,start
2130,2024-10-09,start
2131,2024-07-13,start
2132,2024-05-05,start
2132,2024-09-11,pause
2132,2024-11-06,resume
2133,2024-04-18,start
2134,2024-02-13,start
2135,2024-09-29,start
2136,2024-03-09,start
2136,2024-05-27,cancel
2137,2024-01-17,start
2138,2024-01-04,start
2139,2024-06-07,start
2139,2024-07-03,pause
2139,2024-09-24,resume
2139,2024-10-23,pause
2140,2024-01-01,start
2141,2024-11-06,start
2142,2024-02-12,start
2143,2024-09-19,start
2144,2024-10-17,start
2145,2024-08-03,start
2146,2024-01-22,start
2147,2024-06-12,start
2147,2024-11-12,pause
2148,2024-01-17,start
2149,2024-06-08,start
2149,2024-10-19,pause
2149,2024-11-24,resume
2149,2024-12-15,pause
2150,2024-04-21,start
2150,2024-07-21,pause
2150,2024-09-06,resume
2151,2024-10-22,start
2152,2024-08-02,start
2153,2024-02-15,start
2154,2024-11-21,start
2155,2024-11-02,start
2156,2024-07-18,start
2157,2024-04-05,start
2157,2024-06-27,pause
2157,2024-09-13,resume
2157,2024-12-02,pause
2158,2024-05-23,start
2158,2024-08-12,pause
2158,2024-10-11,resume
2158,2024-12-18,pause
2159,2024-05-04,start
2159,2024-07-04,pause
2159,2024-09-03,resume
2159,2024-11-24,pause
2160,2024-06-18,start
2160,2024-12-21,pause
2161,2024-09-26,start
2161,2024-12-20,cancel
2162,2024-05-20,start
2162,2024-10-16,pause
2163,2024-11-16,start
2164,2024-10-15,start
2164,2024-12-08,cancel
2165,2024-09-25,start
2165,2024-12-07,cancel
2166,2024-11-01,start
2167,2024-01-27,start
2167,2024-03-13,cancel
2168,2024-08-27,start
2169,2024-03-19,start
2169,2024-05-26,cancel
2170,2024-10-03,start
2171,2024-04-14,start
2171,2024-07-22,pause
2171,2024-08-30,resume
2171,2024-10-30,pause
2171,2024-12-07,resume
2172,2024-03-05,start
2173,2024-08-25,start
2174,2024-11-13,start
2175,2024-03-07,start
2175,2024-04-01,cancel
2176,2024-04-26,start
2176,2024-07-08,pause
2176,2024-09-10,resume
2176,2024-11-28,pause
2177,2024-01-19,start
2177,2024-11-15,cancel
2178,2024-05-26,start
2178,2024-10-05,pause
2178,2024-11-26,resume
2179,2024-01-16,start
2179,2024-06-14,cancel
2180,2024-04-11,start
2180,2024-06-20,cancel
2181,2024-01-11,start
2182,2024-05-12,start
2182,2024-09-08,pause
2182,2024-10-10,resume
2183,2024-06-10,start
2183,2024-10-27,pause
2184,2024-07-16,start
2185,2024-06-24,start
2185,2024-07-20,pause
2185,2024-09-22,resume
2186,2024-08-07,start
2187,2024-09-19,start
2188,2024-05-27,start
2188,2024-07-10,cancel
2189,2024-07-21,start
2190,2024-10-06,start
2191,2024-07-28,start
2192,2024-09-02,start
2193,2024-05-27,start
2193,2024-06-25,pause
2193,2024-09-23,resume
2193,2024-11-14,pause
2194,2024-10-07,start
2195,2024-11-05,start
2196,2024-02-02,start
2196,2024-03-29,cancel
2197,2024-10-17,start
2197,2024-11-29,cancel
2198,2024-10-17,start
2199,2024-09-12,start
2200,2024-05-13,start
2201,2024-02-16,start
2202,2024-02-02,start
2203,2024-04-07,start
2203,2024-07-08,pause
2203,2024-08-16,resume
2203,2024-10-12,pause
2203,2024-11-12,resume
2203,2024-12-21,pause
2204,2024-03-14,start
2205,2024-10-20,start
2206,2024-11-14,start
2207,2024-07-25,start
2208,2024-03-11,start
2209,2024-01-13,start
2210,2024-02-01,start
2211,2024-07-09,start
2212,2024-02-27,start
2213,2024-04-03,start
2213,2024-05-23,pause
2213,2024-06-26,resume
2213,2024-09-04,pause
2213,2024-12-02,resume
2214,2024-01-06,start
2214,2024-02-07,cancel
2215,2024-11-25,start
2216,2024-09-28,start
2217,2024-06-26,start
2217,2024-09-09,pause
2217,2024-10-16,resume
2218,2024-03-04,start
2218,2024-06-27,cancel
2219,2024-02-29,start
2220,2024-07-17,start
2221,2024-04-03,start
2221,2024-05-03,pause
2221,2024-06-21,resume
2221,2024-09-09,pause
2221,2024-11-29,resume
2222,2024-05-26,start
2222,2024-06-22,pause
2222,2024-09-08,resume
2223,2024-10-21,start
2223,2024-11-14,cancel
2224,2024-10-20,start
2225,2024-07-25,start
2226,2024-10-07,start
2227,2024-03-08,start
2228,2024-05-09,start
2228,2024-10-20,cancel
2229,2024-10-17,start
2230,2024-03-02,start
2230,2024-12-25,cancel
2231,2024-09-22,start
2232,2024-08-19,start
2232,2024-09-10,cancel
2233,2024-08-16,start
2234,2024-08-29,start
2235,2024-01-19,start
2235,2024-03-30,cancel
2236,2024-02-16,start
2236,2024-07-17,cancel
2237,2024-04-29,start
2237,2024-05-19,pause
2237,2024-08-11,resume
2238,2024-02-11,start
2238,2024-04-09,cancel
2239,2024-03-03,start
2240,2024-07-08,start
2241,2024-06-16,start
2241,2024-09-14,pause
2241,2024-10-26,resume
2242,2024-06-20,start
2242,2024-09-02,pause
2242,2024-10-09,resume
2242,2024-11-26,pause
2243,2024-10-27,start
2244,2024-01-17,start
2244,2024-08-17,cancel
2245,2024-01-14,start
2245,2024-04-13,cancel
2246,2024-09-23,start
2247,2024-07-03,start
2248,2024-04-22,start
2249,2024-11-04,start
2250,2024-04-24,start
2250,2024-06-29,cancel
2251,2024-01-26,start
2252,2024-08-09,start
2253,2024-07-21,start
2254,2024-09-15,start
2255,2024-06-24,start
2255,2024-10-05,pause
2255,2024-12-03,resume
2256,2024-02-23,start
2256,2024-03-27,cancel
2257,2024-10-02,start
2258,2024-05-10,start
2258,2024-06-08,cancel
2259,2024-01-03,start
2259,2024-03-05,cancel
2260,2024-10-25,start
2261,2024-04-24,start
2261,2024-06-26,pause
2261,2024-09-01,resume
2261,2024-10-10,cancel
2262,2024-07-09,start
2263,2024-10-04,start
2264,2024-08-07,start
2264,2024-10-19,cancel
2265,2024-05-20,start
2266,2024-08-01,start
2267,2024-08-17,start
2268,2024-11-17,start
2269,2024-03-23,start
2270,2024-07-24,start
2270,2024-10-17,cancel
2271,2024-06-10,start
2271,2024-08-13,pause
2271,2024-11-10,resume
2272,2024-05-27,start
2272,2024-08-01,cancel
2273,2024-09-18,start
2274,2024-11-05,start
2275,2024-11-13,start
2276,2024-03-22,start
2277,2024-01-30,start
2278,2024-02-23,start
2279,2024-05-02,start
2279,2024-07-14,cancel
2280,2024-06-14,start
2280,2024-08-22,pause
2280,2024-11-16,resume
2281,2024-07-16,start
2282,2024-03-01,start
2283,2024-10-03,start
2284,2024-03-29,start
2285,2024-11-11,start
2286,2024-08-26,start
2287,2024-11-01,start
2288,2024-02-07,start
2288,2024-07-22,cancel
2289,2024-03-06,start
2289,2024-10-01,cancel
2290,2024-08-10,start
2290,2024-10-24,cancel
2291,2024-08-27,start
2292,2024-10-31,start
2293,2024-03-09,start
2293,2024-06-06,cancel
2294,2024-01-30,start
2294,2024-05-28,cancel
2295,2024-09-03,start
2296,2024-01-09,start
2296,2024-08-30,cancel
2297,2024-11-23,start
2298,2024-02-16,start
2298,2024-03-24,cancel
2299,2024-07-24,start
2300,2024-04-17,start
2300,2024-09-02,pause
2300,2024-10-18,resume
2301,2024-05-19,start
2301,2024-08-05,pause
2301,2024-10-08,resume
2301,2024-12-08,pause
2302,2024-08-16,start
2303,2024-05-11,start
2303,2024-07-13,cancel
2304,2024-09-20,start
2305,2024-04-13,start
2305,2024-07-08,cancel
2306,2024-10-17,start
2307,2024-02-23,start
2308,2024-06-07,start
2308,2024-08-26,pause
2308,2024-11-23,resume
2309,2024-11-10,start
2310,2024-03-27,start
2310,2024-05-25,cancel
2311,2024-03-08,start
2312,2024-02-03,start
2312,2024-12-08,cancel
2313,2024-04-27,start
2313,2024-10-01,pause
2313,2024-12-01,resume
2314,2024-06-02,start
2315,2024-10-07,start
2316,2024-09-08,start
2317,2024-06-14,start
2317,2024-09-21,pause
2317,2024-11-01,resume
2318,2024-05-10,start
2318,2024-11-16,pause
2319,2024-10-01,start
2320,2024-11-05,start
2321,2024-03-28,start
2321,2024-07-31,cancel
2322,2024-01-28,start
2323,2024-06-04,start
2323,2024-08-14,pause
2323,2024-10-11,resume
2324,2024-05-08,start
2324,2024-12-10,pause
2325,2024-03-07,start
2326,2024-07-18,start
2326,2024-10-05,cancel
2327,2024-02-14,start
2328,2024-05-12,start
2328,2024-08-07,pause
2328,2024-09-26,resume
2329,2024-05-22,start
2329,2024-10-25,cancel
2330,2024-04-01,start
2330,2024-08-28,pause
2330,2024-10-14,resume
2331,2024-09-27,start
2332,2024-06-30,start
2333,2024-02-07,start
2334,2024-05-04,start
2334,2024-07-12,pause
2334,2024-08-30,resume
2334,2024-10-13,pause
2334,2024-11-21,resume
2335,2024-06-21,start
2335,2024-08-18,pause
2335,2024-10-30,resume
2336,2024-02-15,start
2336,2024-04-17,cancel
2337,2024-08-19,start
2338,2024-04-13,start
2338,2024-08-15,pause
2338,2024-10-12,resume
2339,2024-07-08,start
2340,2024-07-08,start
2341,2024-04-11,start
2342,2024-04-20,start
2342,2024-07-03,pause
2342,2024-08-06,resume
2342,2024-10-01,pause
2342,2024-12-13,resume
2343,2024-02-12,start
2344,2024-07-30,start
2345,2024-05-26,start
2345,2024-06-22,pause
2345,2024-08-23,resume
2345,2024-11-09,pause
2346,2024-08-16,start
2347,2024-04-26,start
2347,2024-09-20,pause
2347,2024-12-02,resume
2348,2024-04-06,start
2348,2024-05-13,pause
2348,2024-06-23,resume
2348,2024-09-19,cancel
2349,2024-09-20,start
2350,2024-08-23,start
2351,2024-09-28,start
2351,2024-11-14,cancel
2352,2024-10-25,start
2352,2024-12-22,cancel
2353,2024-11-23,start
2354,2024-03-25,start
2355,2024-01-14,start
2356,2024-05-23,start
2356,2024-11-09,cancel
2357,2024-08-24,start
2358,2024-02-12,start
2358,2024-11-06,cancel
2359,2024-09-26,start
2360,2024-01-29,start
2360,2024-07-05,cancel
2361,2024-03-29,start
2361,2024-12-15,cancel
2362,2024-03-29,start
2363,2024-08-24,start
2364,2024-01-27,start
2365,2024-02-17,start
2365,2024-05-22,cancel
2366,2024-08-05,start
2367,2024-08-14,start
2368,2024-11-13,start
2369,2024-02-17,start
2370,2024-02-28,start
2370,2024-08-31,cancel
2371,2024-01-05,start
2372,2024-03-03,start
2372,2024-05-02,cancel
2373,2024-01-15,start
2373,2024-03-27,cancel
2374,2024-03-08,start
2374,2024-08-31,cancel
2375,2024-11-14,start
2376,2024-07-22,start
2377,2024-11-17,start
2378,2024-05-07,start
2378,2024-09-17,pause
2378,2024-11-23,resume
2379,2024-03-25,start
2380,2024-09-26,start
2381,2024-04-13,start
2381,2024-09-17,pause
2381,2024-11-20,resume
2382,2024-04-17,start
2382,2024-11-26,cancel
2383,2024-01-16,start
2384,2024-06-06,start
2384,2024-07-25,cancel
2385,2024-01-03,start
2386,2024-07-24,start
2387,2024-11-20,start
2388,2024-11-24,start
2389,2024-06-22,start
2389,2024-09-07,cancel
2390,2024-08-20,start
2391,2024-02-02,start
2391,2024-06-30,cancel
2392,2024-08-21,start
2393,2024-04-09,start
2393,2024-05-27,pause
2393,2024-08-04,resume
2394,2024-01-30,start
2395,2024-11-02,start
2396,2024-05-21,start
2397,2024-10-17,start
2398,2024-04-21,start
2398,2024-06-06,pause
2398,2024-08-12,resume
2398,2024-10-29,pause
2398,2024-12-19,resume
2399,2024-07-21,start
2399,2024-11-18,cancel
2400,2024-07-16,start
2400,2024-10-06,cancel
2401,2024-09-12,start
2401,2024-12-13,cancel
2402,2024-06-12,start
2402,2024-10-14,pause
2402,2024-12-04,resume
2403,2024-02-23,start
2404,2024-11-18,start
2405,2024-10-25,start
2406,2024-08-10,start
2407,2024-05-17,start
2407,2024-08-10,pause
2407,2024-10-20,resume
2408,2024-03-21,start
2408,2024-07-19,cancel
2409,2024-06-24,start
2409,2024-09-22,cancel
2410,2024-01-09,start
2411,2024-03-05,start
2412,2024-01-09,start
2412,2024-11-05,cancel
2413,2024-03-12,start
2413,2024-10-31,cancel
2414,2024-05-28,start
2414,2024-06-20,pause
2414,2024-09-17,resume
2415,2024-10-20,start
2416,2024-03-21,start
2417,2024-02-20,start
2418,2024-05-24,start
2418,2024-11-24,pause
2419,2024-11-16,start
2420,2024-09-03,start
2421,2024-09-29,start
2422,2024-02-11,start
2423,2024-11-16,start
2424,2024-07-01,start
2425,2024-02-09,start
2425,2024-05-27,cancel
2426,2024-10-16,start
2426,2024-11-26,cancel
2427,2024-05-02,start
2427,2024-06-13,pause
2427,2024-07-13,resume
2427,2024-10-26,cancel
2428,2024-04-17,start
2428,2024-07-12,pause
2428,2024-08-12,resume
2428,2024-12-15,pause
2429,2024-10-28,start
2430,2024-10-10,start
2431,2024-05-26,start
2432,2024-09-22,start
2432,2024-10-30,cancel
2433,2024-06-30,start
2434,2024-11-14,start
2435,2024-10-11,start
2436,2024-08-13,start
2437,2024-10-31,start
2438,2024-08-28,start
2438,2024-11-14,cancel
2439,2024-03-01,start
2439,2024-08-06,cancel
2440,2024-10-07,start
2441,2024-08-28,start
2442,2024-02-02,start
2443,2024-09-19,start
2444,2024-08-23,start
2445,2024-04-19,start
2445,2024-06-11,pause
2445,2024-08-07,resume
2445,2024-09-27,pause
2445,2024-11-09,resume
2445,2024-12-11,pause
2446,2024-01-31,start
2446,2024-03-20,cancel
2447,2024-02-05,start
2447,2024-04-23,cancel
2448,2024-08-09,start
2448,2024-09-29,cancel
2449,2024-07-08,start
2449,2024-11-24,cancel
2450,2024-05-04,start
2450,2024-12-25,pause
2451,2024-10-19,start
2452,2024-05-21,start
2452,2024-07-20,cancel
2453,2024-04-07,start
2453,2024-05-20,pause
2453,2024-06-21,resume
2453,2024-10-24,pause
2454,2024-03-09,start
2454,2024-10-27,cancel
2455,2024-08-02,start
2456,2024-03-25,start
2457,2024-02-10,start
2458,2024-02-10,start
2459,2024-04-23,start
2459,2024-09-25,cancel
2460,2024-11-24,start
2461,2024-03-31,start
2461,2024-06-23,pause
2461,2024-08-17,resume
2461,2024-09-13,pause
2461,2024-11-12,resume
2462,2024-02-16,start
2462,2024-09-27,cancel
2463,2024-10-11,start
2464,2024-06-21,start
2465,2024-07-03,start
2466,2024-03-28,start
2466,2024-05-06,cancel
2467,2024-05-19,start
2467,2024-06-30,cancel
2468,2024-06-22,start
2468,2024-11-09,pause
2469,2024-11-24,start
2470,2024-02-04,start
2471,2024-04-17,start
2471,2024-08-07,pause
2471,2024-10-31,resume
2472,2024-02-10,start
2472,2024-05-10,cancel
2473,2024-10-09,start
2474,2024-08-23,start
2475,2024-09-17,start
2476,2024-07-28,start
2477,2024-05-27,start
2477,2024-08-09,pause
2477,2024-10-25,resume
2478,2024-09-05,start
2479,2024-09-01,start
2480,2024-02-06,start
2481,2024-02-01,start
2481,2024-05-13,cancel
2482,2024-08-30,start
2482,2024-11-28,cancel
2483,2024-11-14,start
2484,2024-03-11,start
2485,2024-01-06,start
2486,2024-04-24,start
2486,2024-10-08,pause
2486,2024-12-22,resume
2487,2024-10-08,start
2488,2024-04-30,start
2488,2024-07-25,pause
2488,2024-09-15,resume
2489,2024-06-08,start
2489,2024-09-08,pause
2489,2024-11-02,resume
2490,2024-01-23,start
2490,2024-04-18,cancel
2491,2024-10-14,start
2492,2024-05-09,start
2492,2024-07-26,pause
2492,2024-10-14,resume
2493,2024-04-25,start
2493,2024-06-28,cancel
2494,2024-04-21,start
2494,2024-10-09,pause
2494,2024-11-10,resume
2495,2024-03-20,start
2496,2024-04-18,start
2496,2024-05-16,pause
2496,2024-07-27,resume
2496,2024-08-30,pause
2496,2024-11-10,resume
2497,2024-11-26,start
2498,2024-01-04,start
2498,2024-04-03,cancel
2499,2024-05-26,start
2499,2024-07-23,pause
2499,2024-10-09,resume
2499,2024-11-28,cancel
2500,2024-03-11,start
2501,2024-02-04,start
2502,2024-02-15,start
2502,2024-09-14,cancel
2503,2024-03-03,start
2503,2024-04-09,cancel
2504,2024-05-03,start
2504,2024-09-29,pause
2504,2024-12-23,resume
2505,2024-02-12,start
2506,2024-11-19,start
2507,2024-08-19,start
2508,2024-05-10,start
2508,2024-12-06,pause
2509,2024-06-22,start
2509,2024-09-05,pause
2509,2024-11-23,resume
2510,2024-11-13,start
2511,2024-10-09,start
2511,2024-12-02,cancel
2512,2024-02-22,start
2512,2024-04-30,cancel
2513,2024-03-12,start
2513,2024-08-14,cancel
2514,2024-10-22,start
2515,2024-07-18,start
2516,2024-01-29,start
2516,2024-04-20,cancel
2517,2024-05-26,start
2517,2024-08-13,cancel
2518,2024-01-26,start
2519,2024-07-12,start
2519,2024-10-15,cancel
2520,2024-07-04,start
2520,2024-08-20,cancel
2521,2024-11-16,start
2522,2024-05-20,start
2523,2024-11-12,start
2524,2024-01-05,start
2524,2024-02-04,cancel
2525,2024-02-09,start
2526,2024-11-13,start
2527,2024-03-30,start
2528,2024-01-02,start
2529,2024-09-23,start
2530,2024-02-14,start
2530,2024-05-21,cancel
2531,2024-11-01,start
2532,2024-06-23,start
2532,2024-09-01,pause
2532,2024-11-03,resume
2533,2024-06-21,start
2534,2024-06-30,start
2535,2024-03-21,start
2536,2024-11-13,start
2537,2024-09-16,start
2538,2024-10-18,start
2539,2024-08-23,start
2540,2024-01-07,start
2541,2024-09-28,start
2542,2024-08-16,start
2543,2024-11-07,start
2544,2024-10-07,start
2545,2024-02-14,start
2546,2024-09-27,start
2547,2024-01-16,start
2548,2024-11-14,start
2549,2024-03-26,start
2550,2024-01-22,start
2550,2024-07-01,cancel
2551,2024-10-01,start
2552,2024-11-24,start
2553,2024-08-21,start
2554,2024-04-24,start
2554,2024-08-17,cancel
2555,2024-06-19,start
2555,2024-10-31,pause
2556,2024-09-03,start
2557,2024-07-01,start
2558,2024-08-26,start
2559,2024-11-23,start
2560,2024-02-20,start
2560,2024-09-15,cancel
2561,2024-03-12,start
2561,2024-10-09,cancel
2562,2024-01-13,start
2563,2024-03-03,start
2564,2024-06-09,start
2564,2024-08-14,pause
2564,2024-09-17,resume
2565,2024-01-12,start
2566,2024-06-21,start
2566,2024-07-20,pause
2566,2024-09-12,resume
2567,2024-08-23,start
2568,2024-08-16,start
2569,2024-10-04,start
2570,2024-05-14,start
2570,2024-08-30,pause
2570,2024-10-25,resume
2571,2024-11-23,start
2572,2024-10-05,start
2573,2024-04-05,start
2573,2024-05-26,pause
2573,2024-07-06,resume
2573,2024-08-02,pause
2573,2024-09-07,resume
2573,2024-10-31,cancel
2574,2024-08-19,start
2575,2024-03-13,start
2575,2024-09-17,cancel
2576,2024-05-31,start
2576,2024-08-04,pause
2576,2024-09-10,resume
2576,2024-10-13,pause
2576,2024-12-07,resume
2577,2024-04-30,start
2578,2024-04-30,start
2578,2024-11-04,pause
2578,2024-12-09,resume
2579,2024-03-19,start
2580,2024-09-11,start
2580,2024-12-09,cancel
2581,2024-10-20,start
2582,2024-05-07,start
2582,2024-07-14,pause
2582,2024-09-19,resume
2583,2024-06-30,start
2583,2024-12-25,cancel
2584,2024-05-13,start
2584,2024-06-27,pause
2584,2024-08-27,resume
2584,2024-11-01,pause
2584,2024-12-18,resume
2585,2024-04-03,start
2585,2024-09-17,pause
2585,2024-11-15,resume
2586,2024-07-08,start
2586,2024-12-20,cancel
2587,2024-08-16,start
2588,2024-01-28,start
2589,2024-05-22,start
2590,2024-02-18,start
2591,2024-04-17,start
2591,2024-05-12,pause
2591,2024-08-03,resume
2591,2024-11-01,pause
2592,2024-02-27,start
2593,2024-03-02,start
2593,2024-08-16,cancel
2594,2024-03-11,start
2594,2024-04-14,cancel
2595,2024-04-27,start
2595,2024-06-14,pause
2595,2024-07-30,resume
2596,2024-04-30,start
2597,2024-01-18,start
2597,2024-02-26,cancel
2598,2024-04-01,start
2598,2024-08-14,pause
2598,2024-10-14,resume
2598,2024-11-09,cancel
2599,2024-11-06,start
2600,2024-02-22,start
2600,2024-06-13,cancel
2601,2024-08-31,start
2602,2024-11-16,start
2603,2024-08-08,start
2604,2024-05-18,start
2604,2024-08-10,pause
2604,2024-10-07,resume
2604,2024-12-23,pause
2605,2024-04-13,start
2605,2024-05-28,pause
2605,2024-08-12,resume
2606,2024-07-29,start
2607,2024-09-06,start
2608,2024-04-16,start
2608,2024-12-14,cancel
2609,2024-10-02,start
2610,2024-01-27,start
2610,2024-05-28,cancel
2611,2024-01-19,start
2612,2024-01-16,start
2613,2024-03-20,start
2614,2024-04-25,start
2614,2024-07-18,cancel
2615,2024-01-12,start
2616,2024-09-14,start
2617,2024-10-28,start
2618,2024-04-13,start
2618,2024-08-26,pause
2618,2024-11-22,resume
2618,2024-12-22,cancel
2619,2024-03-04,start
2619,2024-06-19,cancel
2620,2024-07-16,start
2620,2024-09-17,cancel
2621,2024-07-22,start
2622,2024-09-17,start
2623,2024-03-24,start
2623,2024-07-12,cancel
2624,2024-02-19,start
2625,2024-06-20,start
2625,2024-09-11,pause
2625,2024-11-08,resume
2626,2024-08-09,start
2627,2024-10-10,start
2628,2024-09-21,start
2629,2024-08-14,start
2630,2024-10-30,start
2630,2024-12-25,cancel
2631,2024-05-22,start
2631,2024-07-03,pause
2631,2024-09-06,resume
2632,2024-03-22,start
2633,2024-11-07,start
2634,2024-02-28,start
2634,2024-08-04,cancel
2635,2024-06-15,start
2635,2024-09-10,pause
2635,2024-10-17,resume
2635,2024-12-25,pause
2636,2024-03-09,start
2637,2024-01-11,start
2638,2024-03-16,start
2639,2024-05-11,start
2639,2024-06-22,pause
2639,2024-09-18,resume
2639,2024-12-17,pause
2640,2024-05-01,start
2640,2024-09-05,cancel
2641,2024-08-14,start
2642,2024-05-25,start
2642,2024-11-29,pause
2643,2024-02-05,start
2643,2024-06-16,cancel
2644,2024-06-12,start
2644,2024-07-04,pause
2644,2024-09-28,resume
2644,2024-11-16,pause
2644,2024-12-16,resume
2645,2024-07-01,start
2646,2024-07-31,start
2647,2024-09-19,start
2648,2024-03-05,start
2648,2024-04-11,cancel
2649,2024-03-17,start
2649,2024-10-03,cancel
2650,2024-06-01,start
2650,2024-08-04,pause
2650,2024-10-24,resume
2651,2024-07-08,start
2652,2024-02-24,start
2653,2024-06-20,start
2654,2024-03-14,start
2654,2024-06-16,cancel
2655,2024-10-13,start
2656,2024-07-26,start
2657,2024-10-04,start
2658,2024-08-28,start
2659,2024-08-20,start
2660,2024-06-12,start
2661,2024-08-02,start
2662,2024-02-15,start
2662,2024-07-15,cancel
2663,2024-02-26,start
2663,2024-04-04,cancel
2664,2024-08-13,start
2665,2024-07-17,start
2666,2024-03-25,start
2667,2024-06-27,start
2668,2024-11-12,start
2668,2024-12-08,cancel
2669,2024-08-24,start
2670,2024-10-12,start
2671,2024-09-09,start
2672,2024-04-22,start
2673,2024-10-03,start
2674,2024-06-03,start
2674,2024-10-23,pause
2674,2024-11-24,resume
2675,2024-11-05,start
2676,2024-10-30,start
2677,2024-09-25,start
2678,2024-08-21,start
2679,2024-11-09,start
2680,2024-09-17,start
2681,2024-08-13,start
2682,2024-06-20,start
2682,2024-08-01,pause
2682,2024-09-08,resume
2683,2024-08-03,start
2684,2024-04-01,start
2684,2024-12-11,pause
2685,2024-05-10,start
2685,2024-06-27,pause
2685,2024-08-24,resume
2686,2024-03-10,start
2687,2024-08-08,start
2688,2024-04-01,start
2688,2024-06-08,pause
2688,2024-07-18,resume
2689,2024-09-26,start
2690,2024-04-20,start
2690,2024-05-20,cancel
2691,2024-09-11,start
2692,2024-11-02,start
2693,2024-11-04,start
2694,2024-11-01,start
2695,2024-09-07,start
2696,2024-05-31,start
2696,2024-11-27,pause
2697,2024-03-28,start
2698,2024-02-06,start
2698,2024-12-11,cancel
2699,2024-07-27,start
2700,2024-09-01,start
2700,2024-10-25,cancel
2701,2024-09-09,start
2702,2024-08-16,start
2703,2024-09-14,start
2704,2024-06-20,start
2704,2024-10-23,pause
2705,2024-05-22,start
2705,2024-09-18,cancel
2706,2024-05-14,start
2706,2024-07-26,pause
2706,2024-10-21,resume
2707,2024-06-10,start
2707,2024-12-23,pause
2708,2024-05-22,start
2708,2024-08-10,cancel
2709,2024-07-16,start
2710,2024-07-23,start
2710,2024-08-23,cancel
2711,2024-01-07,start
2711,2024-03-17,cancel
2712,2024-06-20,start
2713,2024-07-08,start
2713,2024-08-12,cancel
2714,2024-11-02,start
2715,2024-09-08,start
2716,2024-08-25,start
2716,2024-12-02,cancel
2717,2024-03-10,start
2718,2024-03-09,start
2718,2024-07-03,cancel
2719,2024-01-21,start
2720,2024-10-14,start
2721,2024-02-26,start
2721,2024-10-13,cancel
2722,2024-11-08,start
2723,2024-02-27,start
2724,2024-11-05,start
2725,2024-02-13,start
2726,2024-01-16,start
2726,2024-06-03,cancel
2727,2024-04-27,start
2727,2024-05-22,pause
2727,2024-07-20,resume
2727,2024-08-28,pause
2727,2024-10-27,resume
2728,2024-04-13,start
2728,2024-05-12,cancel
2729,2024-11-03,start
2730,2024-04-30,start
2730,2024-11-24,pause
2731,2024-03-04,start
2732,2024-05-22,start
2732,2024-12-12,pause
2733,2024-11-26,start
2734,2024-08-21,start
2735,2024-01-20,start
2736,2024-08-16,start
2737,2024-06-01,start
2737,2024-10-03,pause
2737,2024-12-06,resume
2738,2024-04-27,start
2738,2024-06-10,pause
2738,2024-08-19,resume
2739,2024-07-19,start
2740,2024-06-01,start
2740,2024-07-30,pause
2740,2024-10-02,resume
2740,2024-11-17,pause
2740,2024-12-20,resume
2741,2024-07-03,start
2742,2024-11-07,start
2743,2024-09-04,start
2744,2024-02-28,start
2745,2024-05-15,start
2745,2024-11-25,pause
2746,2024-05-15,start
2746,2024-06-28,pause
2746,2024-08-26,resume
2746,2024-11-12,cancel
2747,2024-03-15,start
2748,2024-01-31,start
2749,2024-01-09,start
2750,2024-10-29,start
2751,2024-09-09,start
2752,2024-06-27,start
2753,2024-06-29,start
2754,2024-04-01,start
2754,2024-08-21,pause
2754,2024-10-24,resume
2755,2024-05-12,start
2755,2024-07-27,cancel
2756,2024-10-28,start
2757,2024-08-26,start
2758,2024-08-25,start
2758,2024-11-15,cancel
2759,2024-03-17,start
2760,2024-01-06,start
2761,2024-11-12,start
2762,2024-04-29,start
2762,2024-07-03,pause
2762,2024-09-24,resume
2763,2024-10-23,start
2764,2024-09-25,start
2765,2024-03-10,start
2766,2024-05-12,start
2766,2024-08-07,pause
2766,2024-09-06,resume
2766,2024-11-30,pause
2767,2024-08-06,start
2767,2024-11-05,cancel
2768,2024-10-01,start
2769,2024-07-03,start
2769,2024-08-12,cancel
2770,2024-07-06,start
2770,2024-11-17,cancel
2771,2024-07-16,start
2772,2024-03-27,start
2773,2024-06-26,start
2773,2024-09-13,pause
2773,2024-11-14,resume
2774,2024-03-27,start
2775,2024-05-03,start
2775,2024-07-17,cancel
2776,2024-02-18,start
2777,2024-02-20,start
2777,2024-04-20,cancel
2778,2024-10-03,start
2779,2024-06-10,start
2779,2024-08-05,pause
2779,2024-09-13,resume
2779,2024-11-01,pause
2780,2024-03-23,start
2781,2024-10-08,start
2782,2024-05-12,start
2782,2024-11-18,pause
2783,2024-07-08,start
2784,2024-02-20,start
2785,2024-04-01,start
2785,2024-05-05,pause
2785,2024-06-30,resume
2786,2024-03-27,start
2787,2024-07-07,start
2787,2024-12-13,cancel
2788,2024-07-07,start
2789,2024-04-10,start
2789,2024-05-31,pause
2789,2024-08-27,resume
2789,2024-11-26,pause
2790,2024-06-09,start
2791,2024-11-09,start
2791,2024-12-10,cancel
2792,2024-01-06,start
2792,2024-12-12,cancel
2793,2024-06-08,start
2793,2024-12-16,pause
2794,2024-04-08,start
2794,2024-06-24,pause
2794,2024-08-26,resume
2795,2024-08-04,start
2796,2024-04-23,start
2796,2024-06-05,pause
2796,2024-09-02,resume
2796,2024-11-15,pause
2797,2024-01-01,start
2798,2024-02-24,start
2799,2024-04-14,start
2799,2024-11-04,cancel
2800,2024-11-03,start
2801,2024-01-22,start
2802,2024-03-11,start
2802,2024-08-09,cancel
2803,2024-05-28,start
2804,2024-09-22,start
2805,2024-06-15,start
2805,2024-07-31,cancel
2806,2024-02-14,start
2807,2024-04-09,start
2807,2024-07-08,pause
2807,2024-08-14,resume
2808,2024-09-23,start
2809,2024-05-23,start
2809,2024-12-19,pause
2810,2024-08-20,start
2811,2024-03-05,start
2811,2024-06-21,cancel
2812,2024-06-15,start
2812,2024-09-11,pause
2812,2024-10-30,resume
2813,2024-07-08,start
2814,2024-06-01,start
2815,2024-08-26,start
2816,2024-02-11,start
2817,2024-04-26,start
2817,2024-06-16,pause
2817,2024-08-04,resume
2818,2024-04-12,start
2818,2024-05-13,pause
2818,2024-06-22,resume
2818,2024-12-09,cancel
2819,2024-07-17,start
2820,2024-07-18,start
2821,2024-01-21,start
2822,2024-01-17,start
2823,2024-07-11,start
2824,2024-08-16,start
2825,2024-04-02,start
2825,2024-07-01,pause
2825,2024-08-14,resume
2825,2024-09-20,pause
2825,2024-12-12,resume
2826,2024-03-18,start
2826,2024-08-09,cancel
2827,2024-09-19,start
2828,2024-09-11,start
2829,2024-03-23,start
2830,2024-06-11,start
2830,2024-12-20,pause
2831,2024-06-16,start
2831,2024-09-06,pause
2831,2024-10-19,resume
2831,2024-12-18,cancel
2832,2024-03-20,start
2833,2024-08-25,start
2834,2024-05-03,start
2834,2024-06-30,pause
2834,2024-08-07,resume
2835,2024-06-07,start
2836,2024-06-11,start
2836,2024-08-07,cancel
2837,2024-03-13,start
2838,2024-05-03,start
2838,2024-08-21,pause
2838,2024-10-10,resume
2838,2024-12-24,pause
2839,2024-04-17,start
2839,2024-07-03,pause
2839,2024-09-20,resume
2840,2024-07-01,start
2840,2024-08-03,cancel
2841,2024-08-02,start
2842,2024-11-14,start
2843,2024-06-08,start
2844,2024-11-24,start
2845,2024-03-31,start
2845,2024-07-08,pause
2845,2024-09-07,resume
2846,2024-07-08,start
2847,2024-03-22,start
2848,2024-03-05,start
2848,2024-12-14,cancel
2849,2024-07-18,start
2850,2024-09-23,start
2850,2024-10-16,cancel
2851,2024-05-11,start
2851,2024-08-07,cancel
2852,2024-01-07,start
2853,2024-04-26,start
2853,2024-09-13,pause
2853,2024-11-28,resume
2854,2024-09-25,start
2855,2024-02-10,start
2856,2024-06-23,start
2856,2024-12-09,pause
2857,2024-10-07,start
2858,2024-11-20,start
2859,2024-11-04,start
2860,2024-05-08,start
2860,2024-08-02,pause
2860,2024-09-14,resume
2860,2024-11-24,pause
2861,2024-02-29,start
2862,2024-08-06,start
2863,2024-06-28,start
2863,2024-09-01,pause
2863,2024-10-27,resume
2864,2024-08-02,start
2865,2024-04-12,start
2866,2024-07-29,start
2866,2024-09-14,cancel
2867,2024-01-16,start
2867,2024-12-10,cancel
2868,2024-05-30,start
2868,2024-08-21,pause
2868,2024-11-11,resume
2869,2024-01-27,start
2869,2024-06-13,cancel
2870,2024-07-04,start
2871,2024-05-20,start
2871,2024-06-17,cancel
2872,2024-04-21,start
2873,2024-06-18,start
2873,2024-08-09,pause
2873,2024-10-18,resume
2874,2024-08-11,start
2875,2024-03-08,start
2876,2024-07-03,start
2877,2024-05-11,start
2877,2024-07-27,cancel
2878,2024-11-06,start
2879,2024-08-25,start
2880,2024-05-29,start
2880,2024-08-14,pause
2880,2024-09-28,resume
2881,2024-05-26,start
2881,2024-09-14,pause
2881,2024-11-04,resume
2882,2024-03-15,start
2882,2024-10-03,cancel
2883,2024-03-04,start
2884,2024-07-09,start
2885,2024-01-18,start
2885,2024-11-16,cancel
2886,2024-05-14,start
2886,2024-08-01,pause
2886,2024-10-29,resume
2887,2024-09-13,start
2888,2024-03-18,start
2888,2024-05-07,cancel
2889,2024-09-16,start
2890,2024-01-28,start
2891,2024-03-14,start
2892,2024-05-26,start
2892,2024-06-26,pause
2892,2024-08-21,resume
2892,2024-11-11,pause
2893,2024-08-04,start
2894,2024-06-25,start
2894,2024-12-11,cancel
2895,2024-09-04,start
2896,2024-10-27,start
2897,2024-06-16,start
2897,2024-10-29,pause
2897,2024-12-01,resume
2898,2024-02-07,start
2899,2024-09-30,start
2900,2024-04-22,start
2900,2024-11-09,pause
2901,2024-02-11,start
2902,2024-02-24,start
2902,2024-08-27,cancel
2903,2024-08-13,start
2904,2024-03-23,start
2904,2024-11-23,cancel
2905,2024-01-21,start
2906,2024-01-11,start
2907,2024-05-27,start
2907,2024-07-16,pause
2907,2024-09-19,resume
2907,2024-11-21,pause
2908,2024-05-22,start
2908,2024-08-15,cancel
2909,2024-11-06,start
2910,2024-05-31,start
2911,2024-05-08,start
2911,2024-09-30,pause
2911,2024-11-22,resume
2912,2024-07-12,start
2913,2024-11-07,start
2914,2024-03-20,start
2914,2024-12-13,cancel
2915,2024-11-08,start
2916,2024-11-06,start
2917,2024-08-25,start
2918,2024-09-02,start
2919,2024-07-18,start
2919,2024-10-12,cancel
2920,2024-05-01,start
2920,2024-12-07,pause
2921,2024-05-20,start
2921,2024-09-14,pause
2921,2024-12-03,resume
2922,2024-07-20,start
2922,2024-08-23,cancel
2923,2024-03-28,start
2924,2024-10-05,start
2925,2024-04-07,start
2925,2024-08-19,pause
2925,2024-11-06,resume
2926,2024-04-01,start
2926,2024-05-22,pause
2926,2024-08-10,resume
2927,2024-09-14,start
2928,2024-05-30,start
2928,2024-09-28,pause
2928,2024-12-05,resume
2929,2024-10-31,start
2930,2024-11-06,start
2931,2024-10-28,start
2932,2024-04-04,start
2932,2024-04-25,pause
2932,2024-06-20,resume
2932,2024-11-14,pause
2933,2024-11-18,start
2934,2024-11-17,start
2935,2024-10-14,start
2936,2024-03-17,start
2936,2024-08-24,cancel
2937,2024-03-04,start
2937,2024-06-27,cancel
2938,2024-08-10,start
2938,2024-10-30,cancel
2939,2024-02-25,start
2940,2024-09-12,start
2941,2024-11-17,start
2942,2024-09-22,start
2943,2024-01-01,start
2943,2024-07-23,cancel
2944,2024-08-21,start
2945,2024-11-25,start
2946,2024-02-07,start
2946,2024-05-29,cancel
2947,2024-06-21,start
2947,2024-12-06,pause
2948,2024-11-23,start
2949,2024-11-05,start
2950,2024-03-09,start
2950,2024-05-29,cancel
2951,2024-06-03,start
2951,2024-07-04,pause
2951,2024-09-19,resume
2952,2024-01-23,start
2952,2024-05-08,cancel
2953,2024-01-26,start
2954,2024-04-02,start
2954,2024-06-26,pause
2954,2024-09-16,resume
2955,2024-03-02,start
2955,2024-05-27,cancel
2956,2024-05-12,start
2956,2024-07-06,pause
2956,2024-08-16,resume
2957,2024-03-24,start
2958,2024-05-09,start
2958,2024-08-16,pause
2958,2024-11-06,resume
2959,2024-09-03,start
2959,2024-11-12,cancel
2960,2024-06-28,start
2960,2024-11-27,pause
2961,2024-07-19,start
2962,2024-07-27,start
2963,2024-03-23,start
2964,2024-06-16,start
2964,2024-07-23,pause
2964,2024-10-10,resume
2964,2024-12-23,pause
2965,2024-03-23,start
2966,2024-07-27,start
2967,2024-09-23,start
2967,2024-10-16,cancel
2968,2024-11-23,start
2969,2024-07-29,start
2970,2024-02-14,start
2970,2024-04-07,cancel
2971,2024-04-06,start
2971,2024-06-12,pause
2971,2024-08-16,resume
2971,2024-11-16,pause
2971,2024-12-17,resume
2972,2024-06-27,start
2973,2024-04-16,start
2974,2024-09-28,start
2975,2024-07-26,start
2975,2024-08-21,cancel
2976,2024-09-26,start
2977,2024-08-11,start
2977,2024-11-10,cancel
2978,2024-08-26,start
2979,2024-01-17,start
2980,2024-01-29,start
2980,2024-08-20,cancel
2981,2024-11-17,start
2982,2024-09-17,start
2983,2024-07-13,start
2984,2024-11-18,start
2985,2024-04-09,start
2985,2024-11-01,cancel
2986,2024-11-13,start
2987,2024-01-20,start
2988,2024-04-17,start
2988,2024-09-29,pause
2988,2024-12-22,resume
2989,2024-02-12,start
2990,2024-03-02,start
2990,2024-06-30,cancel
2991,2024-06-21,start
2991,2024-10-20,cancel
2992,2024-07-24,start
2993,2024-02-09,start
2993,2024-12-04,cancel
2994,2024-01-08,start
2994,2024-04-08,cancel
2995,2024-07-05,start
2995,2024-10-21,cancel
2996,2024-02-12,start
2997,2024-02-20,start
2997,2024-04-11,cancel
2998,2024-08-20,start
2999,2024-07-09,start
3000,2024-11-21,start
3001,2024-09-09,start
3001,2024-12-05,cancel
3002,2024-03-23,start
3002,2024-06-16,cancel
3003,2024-06-20,start
3003,2024-07-20,pause
3003,2024-10-12,resume
3004,2024-05-01,start
3005,2024-01-11,start
3005,2024-04-01,cancel
3006,2024-09-20,start
3007,2024-08-07,start
3008,2024-09-02,start
3009,2024-08-04,start
3009,2024-12-03,cancel
3010,2024-09-15,start
3010,2024-11-13,cancel
3011,2024-02-14,start
3011,2024-11-08,cancel
3012,2024-07-10,start
3013,2024-11-06,start
3014,2024-04-12,start
3014,2024-12-20,pause
3015,2024-05-23,start
3015,2024-08-11,pause
3015,2024-11-04,resume
3016,2024-03-27,start
3017,2024-04-23,start
3018,2024-10-26,start
3019,2024-10-26,start
3019,2024-11-17,cancel
3020,2024-08-06,start
3021,2024-02-05,start
3021,2024-09-21,cancel
3022,2024-05-12,start
3022,2024-10-02,pause
3023,2024-10-28,start
3024,2024-05-13,start
3024,2024-07-24,pause
3024,2024-09-17,resume
3024,2024-12-06,pause
3025,2024-10-20,start
3026,2024-11-04,start
3027,2024-08-11,start
3027,2024-09-12,cancel
3028,2024-08-17,start
3029,2024-09-29,start
3030,2024-07-31,start
3030,2024-08-28,cancel
3031,2024-08-20,start
3032,2024-03-21,start
3033,2024-10-24,start
3034,2024-04-03,start
3034,2024-05-23,pause
3034,2024-07-15,resume
3034,2024-09-30,pause
3034,2024-11-13,resume
3035,2024-10-30,start
3036,2024-05-14,start
3036,2024-08-02,cancel
3037,2024-06-12,start
3037,2024-07-10,pause
3037,2024-09-27,resume
3037,2024-12-25,pause
3038,2024-06-13,start
3038,2024-12-24,pause
3039,2024-03-31,start
3039,2024-04-23,cancel
3040,2024-01-15,start
3040,2024-02-06,cancel
3041,2024-08-25,start
3042,2024-08-30,start
3043,2024-09-06,start
3044,2024-11-14,start
3045,2024-08-27,start
3046,2024-01-03,start
3047,2024-01-13,start
3047,2024-06-09,cancel
3048,2024-03-07,start
3048,2024-03-27,cancel
3049,2024-02-17,start
3050,2024-06-17,start
3050,2024-08-03,cancel
3051,2024-04-26,start
3052,2024-07-28,start
3052,2024-09-20,cancel
3053,2024-04-05,start
3053,2024-05-10,pause
3053,2024-07-11,resume
3053,2024-09-16,pause
3053,2024-10-20,resume
3053,2024-12-10,cancel
3054,2024-08-24,start
3055,2024-06-01,start
3055,2024-08-05,pause
3055,2024-10-07,resume
3056,2024-07-20,start
3056,2024-10-07,cancel
3057,2024-06-05,start
3057,2024-08-25,cancel
3058,2024-03-30,start
3059,2024-08-26,start
3060,2024-08-17,start
3061,2024-03-14,start
3062,2024-01-02,start
3062,2024-05-03,cancel
3063,2024-09-29,start
3064,2024-10-08,start
3065,2024-01-25,start
3066,2024-09-27,start
3066,2024-12-24,cancel
3067,2024-08-28,start
3068,2024-10-01,start
3069,2024-07-30,start
3070,2024-11-26,start
3071,2024-03-14,start
3072,2024-02-17,start
3072,2024-04-03,cancel
3073,2024-01-27,start
3074,2024-05-16,start
3074,2024-08-13,cancel
3075,2024-04-29,start
3075,2024-08-17,cancel
3076,2024-11-10,start
3077,2024-08-25,start
3078,2024-05-14,start
3078,2024-09-22,pause
3078,2024-12-17,resume
3079,2024-02-05,start
3080,2024-05-01,start
3080,2024-07-05,cancel
3081,2024-11-21,start
3082,2024-11-05,start
3083,2024-02-04,start
3083,2024-05-03,cancel
3084,2024-05-14,start
3084,2024-08-11,cancel
3085,2024-11-15,start
3085,2024-12-24,cancel
3086,2024-10-14,start
3087,2024-03-28,start
3088,2024-07-18,start
3088,2024-10-03,cancel
3089,2024-03-30,start
3090,2024-11-18,start
3091,2024-06-02,start
3091,2024-09-23,pause
3091,2024-12-03,resume
3092,2024-01-17,start
3093,2024-01-21,start
3093,2024-11-04,cancel
3094,2024-08-18,start
3095,2024-05-09,start
3095,2024-05-29,pause
3095,2024-08-01,resume
3096,2024-07-06,start
3097,2024-03-29,start
3098,2024-01-04,start
3099,2024-09-20,start
3100,2024-07-04,start
3100,2024-11-05,cancel
3101,2024-11-20,start
3102,2024-08-30,start
3102,2024-12-07,cancel
3103,2024-05-30,start
3103,2024-11-05,pause
3104,2024-10-04,start
3105,2024-05-10,start
3105,2024-08-02,pause
3105,2024-10-25,resume
3106,2024-07-24,start
3107,2024-03-29,start
3107,2024-06-23,cancel
3108,2024-01-20,start
3109,2024-06-03,start
3109,2024-08-30,pause
3109,2024-11-04,resume
3110,2024-04-01,start
3110,2024-05-21,cancel
3111,2024-03-03,start
3112,2024-07-24,start
3113,2024-02-14,start
3114,2024-04-21,start
3114,2024-09-08,pause
3114,2024-12-01,resume
3115,2024-04-01,start
3115,2024-05-10,pause
3115,2024-07-31,resume
3115,2024-10-28,pause
3115,2024-12-07,resume
3116,2024-06-03,start
3116,2024-09-24,pause
3116,2024-11-15,resume
3117,2024-08-02,start
3118,2024-09-12,start
3118,2024-12-08,cancel
3119,2024-10-02,start
3120,2024-08-01,start
3121,2024-01-10,start
3122,2024-08-10,start
3123,2024-01-11,start
3123,2024-03-29,cancel
3124,2024-10-21,start
3125,2024-11-22,start
3126,2024-01-15,start
3127,2024-03-14,start
3128,2024-10-20,start
3129,2024-08-21,start
3130,2024-03-11,start
3131,2024-10-07,start
3132,2024-01-06,start
3133,2024-03-23,start
3134,2024-02-08,start
3135,2024-10-19,start
3136,2024-07-05,start
3137,2024-03-19,start
3138,2024-05-07,start
3138,2024-06-07,pause
3138,2024-09-01,resume
3138,2024-11-19,pause
3139,2024-05-28,start
3139,2024-10-30,pause
3139,2024-12-14,resume
3140,2024-11-14,start
3141,2024-03-01,start
3141,2024-04-15,cancel
3142,2024-01-26,start
3143,2024-03-14,start
3144,2024-11-02,start
3145,2024-10-07,start
3146,2024-06-18,start
3146,2024-09-21,pause
3146,2024-12-19,resume
3147,2024-05-22,start
3147,2024-08-07,pause
3147,2024-09-25,resume
3147,2024-12-11,pause
3148,2024-08-11,start
3149,2024-07-27,start
3150,2024-06-07,start
3150,2024-07-16,pause
3150,2024-10-04,resume
3150,2024-12-01,cancel
3151,2024-02-11,start
3151,2024-06-05,cancel
3152,2024-04-11,start
3152,2024-06-06,pause
3152,2024-08-05,resume
3152,2024-10-13,cancel
3153,2024-05-18,start
3153,2024-08-30,pause
3153,2024-11-25,resume
3154,2024-07-08,start
3155,2024-01-20,start
3155,2024-02-12,cancel
3156,2024-01-05,start
3156,2024-03-10,cancel
3157,2024-01-02,start
3158,2024-02-05,start
3158,2024-07-16,cancel
3159,2024-07-25,start
3160,2024-01-12,start
3161,2024-11-06,start
3162,2024-01-20,start
3162,2024-05-08,cancel
3163,2024-08-02,start
3164,2024-04-11,start
3164,2024-07-07,pause
3164,2024-09-06,resume
3164,2024-11-21,pause
3165,2024-08-23,start
3166,2024-11-04,start
3167,2024-01-31,start
3168,2024-09-30,start
3169,2024-09-16,start
3169,2024-10-30,cancel
3170,2024-09-23,start
3171,2024-10-29,start
3172,2024-04-27,start
3172,2024-07-09,pause
3172,2024-08-21,resume
3173,2024-03-28,start
3173,2024-07-07,cancel
3174,2024-06-20,start
3175,2024-09-26,start
3176,2024-09-26,start
3177,2024-05-03,start
3177,2024-07-26,pause
3177,2024-09-02,resume
3177,2024-11-15,pause
3178,2024-01-31,start
3179,2024-02-21,start
3179,2024-07-22,cancel
3180,2024-07-08,start
3181,2024-03-20,start
3181,2024-04-18,cancel
3182,2024-03-15,start
3183,2024-03-19,start
3183,2024-12-24,cancel
3184,2024-10-13,start
3184,2024-11-06,cancel
3185,2024-11-20,start
3186,2024-02-09,start
3186,2024-05-10,cancel
3187,2024-01-25,start
3188,2024-02-29,start
3189,2024-06-04,start
3190,2024-05-21,start
3190,2024-07-22,pause
3190,2024-08-30,resume
3190,2024-10-10,cancel
3191,2024-02-13,start
3192,2024-09-13,start
3193,2024-06-03,start
3193,2024-08-19,pause
3193,2024-09-26,resume
3194,2024-11-22,start
3195,2024-05-26,start
3195,2024-08-02,pause
3195,2024-09-29,resume
3195,2024-10-28,pause
3196,2024-03-12,start
3197,2024-07-05,start
3197,2024-09-01,cancel
3198,2024-04-07,start
3198,2024-05-11,pause
3198,2024-08-06,resume
3198,2024-10-01,pause
3198,2024-11-11,resume
3198,2024-12-20,pause
3199,2024-06-22,start
3199,2024-12-10,pause
3200,2024-10-25,start
3201,2024-03-19,start
3201,2024-12-21,cancel
3202,2024-07-28,start
3202,2024-11-30,cancel
3203,2024-06-10,start
3203,2024-07-11,pause
3203,2024-09-19,resume
3203,2024-12-02,pause
3204,2024-06-27,start
3205,2024-08-01,start
3206,2024-01-04,start
3207,2024-05-24,start
3207,2024-06-16,pause
3207,2024-08-10,resume
3207,2024-09-13,pause
3207,2024-11-28,resume
3208,2024-05-17,start
3208,2024-08-06,cancel
3209,2024-10-13,start
3210,2024-07-26,start
3211,2024-06-30,start
3212,2024-05-25,start
3212,2024-11-08,cancel
3213,2024-11-20,start
3214,2024-03-22,start
3214,2024-12-04,cancel
3215,2024-02-26,start
3216,2024-01-01,start
3216,2024-11-06,cancel
3217,2024-05-27,start
3217,2024-10-30,pause
3218,2024-05-04,start
3218,2024-08-03,pause
3218,2024-09-22,resume
3219,2024-08-31,start
3220,2024-08-15,start
3221,2024-09-19,start
3222,2024-05-24,start
3223,2024-02-06,start
3224,2024-01-28,start
3224,2024-10-02,cancel
3225,2024-06-09,start
3226,2024-01-31,start
3226,2024-06-27,cancel
3227,2024-06-02,start
3227,2024-11-04,pause
3227,2024-12-13,resume
3228,2024-10-27,start
3229,2024-09-16,start
3230,2024-06-03,start
3230,2024-08-24,pause
3230,2024-11-18,resume
3231,2024-02-07,start
3231,2024-11-02,cancel
3232,2024-10-28,start
3233,2024-06-05,start
3233,2024-12-04,pause
3234,2024-06-20,start
3235,2024-01-23,start
3235,2024-03-24,cancel
3236,2024-08-28,start
3236,2024-10-16,cancel
3237,2024-11-09,start
3238,2024-08-13,start
3239,2024-04-18,start
3239,2024-05-27,pause
3239,2024-08-07,resume
3239,2024-10-15,pause
3239,2024-12-09,resume
3240,2024-11-02,start
3241,2024-08-02,start
3242,2024-03-22,start
3242,2024-09-22,cancel
3243,2024-04-02,start
3243,2024-05-20,cancel
3244,2024-07-18,start
3245,2024-08-27,start
3246,2024-06-25,start
3246,2024-09-12,pause
3246,2024-12-10,resume
3247,2024-11-25,start
3248,2024-06-07,start
3248,2024-07-11,pause
3248,2024-08-17,resume
3248,2024-11-13,pause
3249,2024-08-23,start
3249,2024-10-04,cancel
3250,2024-10-09,start
3251,2024-04-12,start
3251,2024-07-02,pause
3251,2024-09-15,resume
3251,2024-12-06,pause
3252,2024-10-29,start
3253,2024-01-05,start
3254,2024-10-10,start
3255,2024-09-12,start
3256,2024-06-14,start
3256,2024-08-15,pause
3256,2024-11-07,resume
3256,2024-12-21,pause
3257,2024-03-09,start
3258,2024-04-17,start
3258,2024-09-30,pause
3258,2024-11-26,resume
3259,2024-11-18,start
3260,2024-06-24,start
3261,2024-11-26,start
3262,2024-03-01,start
3263,2024-03-18,start
3264,2024-06-23,start
3264,2024-08-06,cancel
3265,2024-01-31,start
3266,2024-06-04,start
3267,2024-04-16,start
3267,2024-08-05,pause
3267,2024-09-06,resume
3267,2024-09-28,pause
3267,2024-12-02,resume
3268,2024-07-29,start
3269,2024-06-14,start
3269,2024-09-03,pause
3269,2024-12-01,resume
3270,2024-01-10,start
3270,2024-08-31,cancel
3271,2024-10-07,start
3272,2024-09-17,start
3273,2024-05-19,start
3273,2024-08-09,pause
3273,2024-10-16,resume
3274,2024-07-15,start
3275,2024-02-23,start
3275,2024-10-01,cancel
3276,2024-01-14,start
3276,2024-04-13,cancel
3277,2024-09-02,start
3278,2024-05-13,start
3278,2024-07-06,pause
3278,2024-09-24,resume
3279,2024-04-10,start
3279,2024-05-11,pause
3279,2024-07-24,resume
3280,2024-03-14,start
3281,2024-02-04,start
3281,2024-04-05,cancel
3282,2024-10-23,start
3283,2024-01-12,start
3283,2024-04-06,cancel
3284,2024-06-08,start
3284,2024-09-15,pause
3284,2024-12-10,resume
3285,2024-01-11,start
3286,2024-01-11,start
3286,2024-11-28,cancel
3287,2024-04-22,start
3287,2024-05-17,pause
3287,2024-07-12,resume
3287,2024-10-19,pause
3287,2024-11-28,resume
3288,2024-06-06,start
3288,2024-07-09,cancel
3289,2024-04-02,start
3289,2024-12-08,pause
3290,2024-07-21,start
3290,2024-12-08,cancel
3291,2024-11-19,start
3292,2024-08-12,start
3292,2024-09-26,cancel
3293,2024-06-30,start
3294,2024-08-24,start
3294,2024-12-15,cancel
3295,2024-09-09,start
3296,2024-07-31,start
3297,2024-03-16,start
3297,2024-10-29,cancel
3298,2024-06-12,start
3298,2024-07-26,pause
3298,2024-10-03,resume
3298,2024-12-01,pause
3299,2024-09-26,start
3299,2024-12-11,cancel
3300,2024-10-15,start
3301,2024-09-04,start
3302,2024-03-11,start
3302,2024-05-04,cancel
3303,2024-07-07,start
3304,2024-04-06,start
3304,2024-04-26,cancel
3305,2024-10-23,start
3306,2024-06-16,start
3306,2024-09-20,pause
3306,2024-11-30,resume
3307,2024-01-07,start
3308,2024-02-19,start
3308,2024-05-11,cancel
3309,2024-04-28,start
3309,2024-08-04,pause
3309,2024-10-30,resume
3310,2024-10-13,start
3311,2024-08-22,start
3312,2024-09-05,start
3312,2024-11-19,cancel
3313,2024-10-08,start
3314,2024-02-03,start
3315,2024-11-12,start
3316,2024-10-25,start
3317,2024-09-27,start
3318,2024-05-25,start
3318,2024-07-24,pause
3318,2024-09-23,resume
3319,2024-02-11,start
3319,2024-03-16,cancel
3320,2024-05-08,start
3320,2024-07-02,pause
3320,2024-08-09,resume
3320,2024-11-05,pause
3320,2024-12-15,resume
3321,2024-10-11,start
3322,2024-01-10,start
3322,2024-03-07,cancel
3323,2024-01-02,start
3324,2024-05-11,start
3324,2024-07-05,pause
3324,2024-09-30,resume
3325,2024-09-28,start
3326,2024-04-18,start
3326,2024-10-04,pause
3326,2024-12-13,resume
3327,2024-01-01,start
3327,2024-03-28,cancel
3328,2024-11-15,start
3329,2024-10-16,start
3330,2024-09-25,start
3331,2024-10-26,start
3332,2024-09-17,start
3332,2024-12-10,cancel
3333,2024-09-15,start
3334,2024-06-02,start
3334,2024-08-12,cancel
3335,2024-10-16,start
3336,2024-02-05,start
3336,2024-12-14,cancel
3337,2024-10-20,start
3338,2024-01-29,start
3338,2024-04-24,cancel
3339,2024-10-23,start
3340,2024-07-10,start
3340,2024-08-04,cancel
3341,2024-07-18,start
3342,2024-03-14,start
3343,2024-09-18,start
3344,2024-03-08,start
3345,2024-01-18,start
3346,2024-11-12,start
3347,2024-08-21,start
3348,2024-11-12,start
3349,2024-06-24,start
3350,2024-07-29,start
3351,2024-11-02,start
3352,2024-11-03,start
3353,2024-10-05,start
3353,2024-11-10,cancel
3354,2024-05-19,start
3354,2024-07-29,pause
3354,2024-09-01,resume
3355,2024-03-26,start
3355,2024-05-18,cancel
3356,2024-08-06,start
3356,2024-09-08,cancel
3357,2024-04-28,start
3357,2024-06-24,pause
3357,2024-09-15,resume
3357,2024-12-12,pause
3358,2024-04-04,start
3358,2024-08-20,pause
3358,2024-10-13,resume
3359,2024-05-27,start
3360,2024-05-09,start
3360,2024-06-21,pause
3360,2024-08-20,resume
3361,2024-01-28,start
3361,2024-04-21,cancel
3362,2024-11-17,start
3363,2024-04-25,start
3363,2024-07-09,pause
3363,2024-08-23,resume
3363,2024-09-19,pause
3363,2024-11-22,resume
3364,2024-05-24,start
3364,2024-06-18,pause
3364,2024-08-15,resume
3364,2024-10-14,pause
3365,2024-03-29,start
3366,2024-06-08,start
3366,2024-08-15,pause
3366,2024-10-20,resume
3367,2024-04-16,start
3367,2024-08-20,pause
3367,2024-10-02,resume
3368,2024-02-10,start
3368,2024-10-10,cancel
3369,2024-07-18,start
3369,2024-11-14,cancel
3370,2024-01-17,start
3371,2024-01-06,start
3371,2024-06-22,cancel
3372,2024-02-20,start
3372,2024-07-15,cancel
3373,2024-08-03,start
3374,2024-09-07,start
3375,2024-07-09,start
3376,2024-07-19,start
3377,2024-01-14,start
3377,2024-03-20,cancel
3378,2024-06-26,start
3378,2024-09-13,cancel
3379,2024-10-23,start
3380,2024-08-17,start
3381,2024-07-29,start
3381,2024-11-25,cancel
3382,2024-02-27,start
3382,2024-05-16,cancel
3383,2024-10-04,start
3384,2024-11-01,start
3385,2024-06-22,start
3385,2024-07-13,pause
3385,2024-10-10,resume
3386,2024-10-11,start
3387,2024-01-28,start
3388,2024-04-02,start
3389,2024-10-22,start
3390,2024-11-22,start
3390,2024-12-20,cancel
3391,2024-10-07,start
3392,2024-07-08,start
3393,2024-08-11,start
3394,2024-07-29,start
3395,2024-01-15,start
3396,2024-02-16,start
3397,2024-05-16,start
3397,2024-07-08,pause
3397,2024-09-03,resume
3397,2024-11-14,pause
3398,2024-10-15,start
3399,2024-05-24,start
3399,2024-07-13,pause
3399,2024-09-12,resume
3400,2024-03-03,start
3400,2024-10-22,cancel
3401,2024-06-22,start
3401,2024-12-06,pause
3402,2024-02-01,start
3402,2024-07-25,cancel
3403,2024-08-31,start
3404,2024-06-23,start
3404,2024-07-27,pause
3404,2024-09-22,resume
3404,2024-11-25,pause
3405,2024-03-11,start
3405,2024-10-24,cancel
3406,2024-09-28,start
3407,2024-09-06,start
3408,2024-07-12,start
3409,2024-04-23,start
3409,2024-11-09,cancel
3410,2024-09-30,start
3410,2024-12-08,cancel
3411,2024-01-26,start
3412,2024-02-06,start
3413,2024-02-04,start
3414,2024-06-24,start
3415,2024-06-05,start
3415,2024-10-26,pause
3416,2024-08-13,start
3416,2024-11-06,cancel
3417,2024-07-05,start
3418,2024-04-28,start
3418,2024-07-06,pause
3418,2024-09-16,resume
3419,2024-06-21,start
3419,2024-08-07,pause
3419,2024-09-29,resume
3419,2024-10-23,cancel
3420,2024-09-12,start
3421,2024-05-07,start
3421,2024-09-28,pause
3421,2024-11-12,resume
3422,2024-08-21,start
3423,2024-03-10,start
3423,2024-06-08,cancel
3424,2024-07-09,start
3425,2024-02-12,start
3425,2024-05-04,cancel
3426,2024-07-23,start
3427,2024-06-30,start
3427,2024-12-03,cancel
3428,2024-06-19,start
3428,2024-09-23,pause
3428,2024-11-26,resume
3428,2024-12-20,pause
3429,2024-04-12,start
3429,2024-06-10,pause
3429,2024-08-27,resume
3429,2024-10-08,pause
3429,2024-11-26,resume
3430,2024-11-17,start
3431,2024-08-30,start
3432,2024-09-02,start
3433,2024-03-09,start
3433,2024-09-15,cancel
3434,2024-09-25,start
3435,2024-02-09,start
3436,2024-05-24,start
3436,2024-07-24,pause
3436,2024-09-18,resume
3437,2024-11-22,start
3438,2024-05-21,start
3438,2024-07-25,pause
3438,2024-10-02,resume
3438,2024-11-21,pause
3439,2024-04-10,start
3439,2024-05-03,pause
3439,2024-06-19,resume
3439,2024-10-21,pause
3439,2024-12-17,resume
3440,2024-09-26,start
3441,2024-11-06,start
3442,2024-10-25,start
3443,2024-05-16,start
3443,2024-07-23,pause
3443,2024-10-17,resume
3444,2024-07-27,start
3445,2024-10-13,start
3446,2024-06-18,start
3447,2024-01-07,start
3447,2024-05-19,cancel
3448,2024-07-21,start
3448,2024-11-02,cancel
3449,2024-11-16,start
3449,2024-12-10,cancel
3450,2024-05-13,start
3450,2024-09-04,pause
3450,2024-12-02,resume
3451,2024-05-12,start
3451,2024-07-05,pause
3451,2024-09-12,resume
3451,2024-11-24,pause
3452,2024-03-13,start
3453,2024-01-17,start
3454,2024-11-23,start
3455,2024-02-13,start
3456,2024-01-06,start
3456,2024-02-17,cancel
3457,2024-11-07,start
3458,2024-01-15,start
3459,2024-08-06,start
3460,2024-07-13,start
3461,2024-04-07,start
3461,2024-06-09,pause
3461,2024-08-26,resume
3461,2024-10-12,pause
3462,2024-04-08,start
3462,2024-06-21,pause
3462,2024-08-28,resume
3463,2024-05-16,start
3464,2024-01-05,start
3464,2024-03-06,cancel
3465,2024-05-18,start
3465,2024-08-09,cancel
3466,2024-08-21,start
3467,2024-01-11,start
3467,2024-05-19,cancel
3468,2024-01-30,start
3468,2024-08-30,cancel
3469,2024-08-30,start
3470,2024-05-11,start
3470,2024-07-09,pause
3470,2024-10-03,resume
3470,2024-11-18,pause
3470,2024-12-19,resume
3471,2024-08-23,start
3472,2024-11-09,start
3472,2024-12-24,cancel
3473,2024-05-04,start
3473,2024-10-29,pause
3474,2024-04-10,start
3474,2024-06-20,pause
3474,2024-09-14,resume
3475,2024-10-16,start
3475,2024-11-24,cancel
3476,2024-06-16,start
3476,2024-09-23,pause
3476,2024-11-07,resume
3476,2024-12-22,pause
3477,2024-10-08,start
3478,2024-10-05,start
3479,2024-08-30,start
3480,2024-03-06,start
3481,2024-05-31,start
3482,2024-09-17,start
3483,2024-09-12,start
3484,2024-11-14,start
3485,2024-09-16,start
3486,2024-04-19,start
3486,2024-06-25,pause
3486,2024-08-06,resume
3486,2024-11-18,pause
3487,2024-11-03,start
3488,2024-06-28,start
3488,2024-08-07,pause
3488,2024-10-18,resume
3488,2024-12-16,pause
3489,2024-05-20,start
3490,2024-05-17,start
3490,2024-07-25,pause
3490,2024-09-15,resume
3490,2024-11-15,pause
3490,2024-12-15,resume
3491,2024-10-03,start
3492,2024-06-04,start
3492,2024-11-17,pause
3493,2024-07-17,start
3493,2024-09-19,cancel
3494,2024-05-11,start
3494,2024-07-20,pause
3494,2024-08-24,resume
3495,2024-06-30,start
3496,2024-06-23,start
3496,2024-08-05,pause
3496,2024-09-09,resume
3496,2024-12-08,pause
3497,2024-05-10,start
3497,2024-06-08,pause
3497,2024-07-19,resume
3497,2024-11-17,pause
3497,2024-12-21,resume
3498,2024-01-03,start
3499,2024-04-24,start
3499,2024-06-22,cancel
3500,2024-07-02,start
3501,2024-03-14,start
3502,2024-08-19,start
3502,2024-11-13,cancel
3503,2024-05-15,start
3503,2024-08-31,cancel
3504,2024-03-02,start
3505,2024-04-11,start
3505,2024-09-23,pause
3505,2024-11-25,resume
3506,2024-10-06,start
3507,2024-05-28,start
3507,2024-12-18,cancel
3508,2024-08-26,start
3509,2024-03-16,start
3509,2024-04-13,cancel
3510,2024-01-13,start
3510,2024-02-11,cancel
3511,2024-10-29,start
3512,2024-04-06,start
3512,2024-07-19,pause
3512,2024-08-31,resume
3513,2024-07-02,start
3514,2024-09-06,start
3514,2024-11-24,cancel
3515,2024-09-21,start
3516,2024-04-03,start
3516,2024-04-28,pause
3516,2024-07-24,resume
3516,2024-09-05,pause
3516,2024-10-05,resume
3517,2024-06-15,start
3517,2024-11-21,pause
3518,2024-02-26,start
3518,2024-05-15,cancel
3519,2024-10-08,start
3520,2024-09-13,start
3521,2024-09-01,start
3522,2024-09-02,start
3522,2024-11-12,cancel
3523,2024-02-26,start
3524,2024-03-04,start
3524,2024-10-13,cancel
3525,2024-02-20,start
3525,2024-04-30,cancel
3526,2024-02-25,start
3527,2024-03-31,start
3527,2024-08-02,pause
3527,2024-10-03,resume
3528,2024-07-13,start
3529,2024-08-24,start
3530,2024-02-08,start
3531,2024-08-30,start
3532,2024-02-06,start
3533,2024-01-20,start
3533,2024-05-17,cancel
3534,2024-06-03,start
3534,2024-07-18,pause
3534,2024-09-10,resume
3535,2024-06-10,start
3535,2024-09-03,pause
3535,2024-11-11,resume
3535,2024-12-14,pause
3536,2024-09-28,start
3537,2024-07-29,start
3538,2024-06-05,start
3538,2024-11-15,pause
3539,2024-07-18,start
3540,2024-09-08,start
3541,2024-05-17,start
3541,2024-07-29,pause
3541,2024-09-13,resume
3541,2024-10-27,pause
3542,2024-02-23,start
3543,2024-05-28,start
3544,2024-09-24,start
3545,2024-03-06,start
3545,2024-09-16,cancel
3546,2024-11-09,start
3547,2024-05-01,start
3547,2024-12-11,pause
3548,2024-04-09,start
3548,2024-09-09,pause
3548,2024-11-25,resume
3549,2024-04-08,start
3549,2024-08-29,pause
3549,2024-11-13,resume
3550,2024-06-05,start
3550,2024-08-31,pause
3550,2024-10-06,resume
3550,2024-11-11,pause
3551,2024-01-23,start
3552,2024-07-18,start
3552,2024-11-04,cancel
3553,2024-10-23,start
3554,2024-03-14,start
3555,2024-07-27,start
3555,2024-09-24,cancel
3556,2024-04-07,start
3556,2024-08-05,cancel
3557,2024-05-05,start
3557,2024-07-31,pause
3557,2024-10-21,resume
3558,2024-01-05,start
3559,2024-08-05,start
3560,2024-10-26,start
3561,2024-11-10,start
3562,2024-06-29,start
3562,2024-07-19,pause
3562,2024-08-22,resume
3562,2024-12-08,pause
3563,2024-06-18,start
3564,2024-06-06,start
3564,2024-07-15,pause
3564,2024-08-14,resume
3564,2024-10-01,pause
3564,2024-12-20,resume
3565,2024-07-08,start
3566,2024-07-23,start
3567,2024-11-15,start
3568,2024-05-31,start
3568,2024-11-03,pause
3569,2024-07-29,start
3570,2024-09-14,start
3571,2024-07-13,start
3571,2024-12-15,cancel
3572,2024-07-04,start
3573,2024-03-25,start
3574,2024-04-15,start
3574,2024-05-11,pause
3574,2024-07-30,resume
3575,2024-03-18,start
3576,2024-11-05,start
3577,2024-03-31,start
3577,2024-04-22,cancel
3578,2024-05-31,start
3578,2024-09-22,pause
3578,2024-10-25,resume
3579,2024-11-07,start
3580,2024-04-13,start
3581,2024-10-12,start
3582,2024-02-09,start
3583,2024-03-18,start
3584,2024-10-06,start
3585,2024-06-16,start
3585,2024-09-06,pause
3585,2024-11-01,resume
3585,2024-12-04,pause
3586,2024-05-13,start
3586,2024-09-18,pause
3586,2024-11-26,resume
3587,2024-09-30,start
3588,2024-01-01,start
3588,2024-03-31,cancel
3589,2024-10-01,start
3590,2024-03-31,start
3590,2024-06-13,pause
3590,2024-07-20,resume
3590,2024-11-24,pause
3591,2024-02-27,start
3591,2024-06-23,cancel
3592,2024-01-07,start
3592,2024-04-04,cancel
3593,2024-11-14,start
3594,2024-09-26,start
3594,2024-11-06,cancel
3595,2024-03-03,start
3596,2024-08-30,start
3597,2024-03-28,start
3598,2024-07-16,start
3599,2024-06-08,start
3599,2024-08-10,pause
3599,2024-11-06,resume
3599,2024-12-23,pause
3600,2024-03-19,start
3601,2024-11-11,start
3602,2024-06-30,start
3602,2024-08-03,cancel
3603,2024-07-30,start
3604,2024-04-09,start
3604,2024-06-04,pause
3604,2024-08-25,resume
3604,2024-12-05,pause
3605,2024-01-07,start
3606,2024-08-31,start
3607,2024-02-07,start
3608,2024-05-08,start
3608,2024-10-27,pause
3609,2024-10-30,start
3610,2024-07-18,start
3611,2024-07-15,start
3612,2024-09-24,start
3613,2024-05-06,start
3613,2024-06-18,cancel
3614,2024-05-14,start
3614,2024-12-01,cancel
3615,2024-07-31,start
3616,2024-07-05,start
3617,2024-09-22,start
3618,2024-04-01,start
3618,2024-07-22,pause
3618,2024-09-27,resume
3618,2024-10-31,pause
3618,2024-12-09,resume
3619,2024-01-03,start
3620,2024-03-18,start
3621,2024-09-28,start
3622,2024-10-20,start
3623,2024-09-30,start
3623,2024-12-10,cancel
3624,2024-07-26,start
3624,2024-10-20,cancel
3625,2024-07-08,start
3625,2024-11-23,cancel
3626,2024-11-26,start
3627,2024-08-28,start
3628,2024-03-25,start
3629,2024-01-15,start
3629,2024-04-08,cancel
3630,2024-07-03,start
3631,2024-03-29,start
3631,2024-08-26,cancel
3632,2024-01-19,start
3632,2024-10-01,cancel
3633,2024-08-18,start
3634,2024-08-26,start
3635,2024-02-09,start
3636,2024-01-27,start
3636,2024-10-08,cancel
3637,2024-04-11,start
3637,2024-07-08,pause
3637,2024-09-15,resume
3638,2024-07-19,start
3639,2024-09-04,start
3639,2024-12-11,cancel
3640,2024-08-28,start
3641,2024-11-12,start
3642,2024-08-19,start
3643,2024-03-21,start
3643,2024-05-25,cancel
3644,2024-09-12,start
3644,2024-11-08,cancel
3645,2024-10-07,start
3646,2024-08-01,start
3647,2024-10-09,start
3648,2024-05-31,start
3648,2024-08-11,pause
3648,2024-10-10,resume
3649,2024-02-15,start
3649,2024-09-15,cancel
3650,2024-09-11,start
3651,2024-01-30,start
3652,2024-02-18,start
3652,2024-04-15,cancel
3653,2024-05-21,start
3653,2024-07-16,pause
3653,2024-10-07,resume
3654,2024-06-06,start
3654,2024-08-07,pause
3654,2024-10-25,resume
3655,2024-07-13,start
3655,2024-10-29,cancel
3656,2024-04-21,start
3656,2024-11-12,pause
3657,2024-03-31,start
3657,2024-06-24,cancel
3658,2024-10-18,start
3659,2024-03-25,start
3659,2024-12-15,cancel
3660,2024-01-02,start
3661,2024-01-19,start
3662,2024-02-27,start
3663,2024-08-11,start
3664,2024-05-16,start
3664,2024-08-13,pause
3664,2024-10-02,resume
3665,2024-08-06,start
3666,2024-03-01,start
3667,2024-10-30,start
3668,2024-04-11,start
3668,2024-05-15,cancel
3669,2024-11-07,start
3670,2024-10-01,start
3671,2024-05-01,start
3671,2024-08-03,pause
3671,2024-10-04,resume
3672,2024-11-25,start
3673,2024-05-26,start
3673,2024-10-21,pause
3673,2024-11-30,resume
3674,2024-01-06,start
3675,2024-10-14,start
3676,2024-04-17,start
3676,2024-09-06,pause
3676,2024-11-26,resume
3677,2024-02-18,start
3678,2024-04-10,start
3678,2024-06-12,cancel
3679,2024-01-29,start
3679,2024-04-06,cancel
3680,2024-07-16,start
3680,2024-09-17,cancel
3681,2024-05-28,start
3681,2024-06-22,pause
3681,2024-08-15,resume
3681,2024-09-26,pause
3681,2024-12-18,resume
3682,2024-01-19,start
3683,2024-01-19,start
3684,2024-02-12,start
3684,2024-10-11,cancel
3685,2024-02-27,start
3686,2024-08-11,start
3687,2024-03-26,start
3688,2024-07-20,start
3689,2024-07-16,start
3690,2024-10-02,start
3691,2024-08-31,start
3692,2024-08-17,start
3693,2024-07-09,start
3693,2024-10-06,cancel
3694,2024-11-25,start
3695,2024-10-27,start
3696,2024-05-04,start
3696,2024-08-10,cancel
3697,2024-05-12,start
3697,2024-06-15,pause
3697,2024-08-20,resume
3697,2024-12-15,pause
3698,2024-02-20,start
3699,2024-02-23,start
3700,2024-10-31,start
3701,2024-01-26,start
3702,2024-09-10,start
3702,2024-11-13,cancel
3703,2024-07-15,start
3703,2024-11-26,cancel
3704,2024-01-03,start
3705,2024-03-20,start
3705,2024-11-14,cancel
3706,2024-09-08,start
3707,2024-08-12,start
3708,2024-09-08,start
3708,2024-12-13,cancel
3709,2024-09-02,start
3710,2024-09-10,start
3711,2024-01-09,start
3712,2024-04-10,start
3712,2024-05-04,pause
3712,2024-06-22,resume
3713,2024-02-07,start
3714,2024-03-29,start
3714,2024-04-25,cancel
3715,2024-05-07,start
3715,2024-09-09,pause
3715,2024-11-17,resume
3716,2024-08-16,start
3717,2024-05-17,start
3717,2024-08-13,cancel
3718,2024-05-19,start
3718,2024-07-07,cancel
3719,2024-08-06,start
3720,2024-06-20,start
3720,2024-07-23,pause
3720,2024-10-18,resume
3720,2024-12-16,pause
3721,2024-09-04,start
3721,2024-11-18,cancel
3722,2024-04-04,start
3722,2024-09-03,cancel
3723,2024-05-12,start
3723,2024-08-05,pause
3723,2024-10-31,resume
3724,2024-01-09,start
3725,2024-10-02,start
3726,2024-04-16,start
3726,2024-07-17,pause
3726,2024-08-22,resume
3726,2024-09-21,pause
3726,2024-11-02,resume
3727,2024-07-13,start
3728,2024-03-25,start
3729,2024-08-24,start
3730,2024-09-12,start
3730,2024-12-02,cancel
3731,2024-06-25,start
3731,2024-12-13,pause
3732,2024-08-16,start
3733,2024-09-09,start
3734,2024-06-14,start
3734,2024-09-05,pause
3734,2024-11-10,resume
3735,2024-03-05,start
3736,2024-11-17,start
3737,2024-08-25,start
3738,2024-07-26,start
3739,2024-01-13,start
3739,2024-04-04,cancel
3740,2024-01-31,start
3741,2024-05-26,start
3741,2024-06-17,pause
3741,2024-08-02,resume
3741,2024-10-13,pause
3742,2024-10-01,start
3743,2024-05-02,start
3743,2024-06-18,cancel
3744,2024-03-23,start
3744,2024-05-27,cancel
3745,2024-03-19,start
3745,2024-09-26,cancel
3746,2024-02-28,start
3747,2024-05-27,start
3747,2024-10-04,pause
3747,2024-12-09,resume
3748,2024-07-24,start
3749,2024-08-12,start
3750,2024-10-29,start
3751,2024-02-25,start
3751,2024-09-29,cancel
3752,2024-04-08,start
3752,2024-10-16,pause
3753,2024-05-22,start
3753,2024-06-30,pause
3753,2024-08-19,resume
3753,2024-11-07,pause
3753,2024-12-15,resume
3754,2024-07-23,start
3754,2024-10-23,cancel
3755,2024-06-20,start
3755,2024-08-09,pause
3755,2024-10-30,resume
3755,2024-12-17,pause
3756,2024-08-29,start
3757,2024-04-15,start
3757,2024-12-24,pause
3758,2024-11-08,start
3759,2024-01-19,start
3760,2024-06-24,start
3760,2024-09-08,pause
3760,2024-10-31,resume
3761,2024-08-14,start
3761,2024-11-11,cancel
3762,2024-08-09,start
3763,2024-06-21,start
3763,2024-08-27,cancel
3764,2024-08-21,start
3765,2024-11-19,start
3765,2024-12-11,cancel
3766,2024-07-09,start
3766,2024-09-02,cancel
3767,2024-04-16,start
3767,2024-05-15,pause
3767,2024-06-30,resume
3767,2024-10-21,pause
3768,2024-10-22,start
3769,2024-01-05,start
3770,2024-09-12,start
3770,2024-11-21,cancel
3771,2024-06-08,start
3771,2024-09-25,cancel
3772,2024-08-22,start
3773,2024-05-18,start
3773,2024-06-16,pause
3773,2024-07-28,resume
3773,2024-09-15,pause
3773,2024-11-08,resume
3774,2024-04-18,start
3774,2024-11-22,pause
3775,2024-07-03,start
3776,2024-04-01,start
3776,2024-05-30,pause
3776,2024-07-05,resume
3776,2024-10-15,pause
3776,2024-12-23,resume
3777,2024-07-20,start
3778,2024-03-25,start
3778,2024-11-01,cancel
3779,2024-10-07,start
3780,2024-05-19,start
3780,2024-10-12,pause
3781,2024-03-27,start
3782,2024-04-25,start
3782,2024-07-21,cancel
3783,2024-02-04,start
3783,2024-05-12,cancel
3784,2024-01-19,start
3785,2024-01-06,start
3785,2024-10-05,cancel
3786,2024-04-23,start
3786,2024-07-03,pause
3786,2024-09-06,resume
3787,2024-02-29,start
3788,2024-08-23,start
3789,2024-03-13,start
3790,2024-03-02,start
3790,2024-05-23,cancel
3791,2024-03-09,start
3791,2024-05-13,cancel
3792,2024-10-18,start
3793,2024-10-29,start
3794,2024-02-29,start
3794,2024-07-27,cancel
3795,2024-09-26,start
3795,2024-12-07,cancel
3796,2024-06-29,start
3796,2024-11-11,pause
3796,2024-12-15,resume
3797,2024-10-31,start
3798,2024-06-23,start
3799,2024-01-04,start
3799,2024-03-30,cancel
3800,2024-05-12,start
3801,2024-11-19,start
3802,2024-03-14,start
3803,2024-04-16,start
3804,2024-04-20,start
3804,2024-07-01,pause
3804,2024-08-10,resume
3804,2024-09-14,pause
3804,2024-10-23,resume
3805,2024-08-23,start
3806,2024-04-13,start
3806,2024-06-26,pause
3806,2024-08-30,resume
3806,2024-11-27,pause
3807,2024-07-18,start
3808,2024-10-14,start
3809,2024-03-23,start
3810,2024-02-21,start
3810,2024-12-18,cancel
3811,2024-11-08,start
3812,2024-08-30,start
3813,2024-02-11,start
3814,2024-05-11,start
3814,2024-08-04,pause
3814,2024-10-20,resume
3815,2024-02-02,start
3816,2024-10-06,start
3817,2024-06-05,start
3817,2024-07-31,pause
3817,2024-10-20,resume
3818,2024-04-24,start
3819,2024-08-22,start
3820,2024-02-18,start
3821,2024-10-22,start
3822,2024-11-09,start
3823,2024-06-15,start
3823,2024-07-17,pause
3823,2024-08-24,resume
3823,2024-09-19,pause
3823,2024-11-03,resume
3823,2024-12-24,pause
3824,2024-04-19,start
3824,2024-10-23,pause
3824,2024-12-24,resume
3825,2024-01-20,start
3825,2024-04-26,cancel
3826,2024-01-14,start
3826,2024-06-24,cancel
3827,2024-05-06,start
3827,2024-10-20,pause
3827,2024-11-19,resume
3828,2024-10-06,start
3829,2024-10-06,start
3830,2024-06-10,start
3830,2024-07-31,pause
3830,2024-10-12,resume
3831,2024-04-01,start
3831,2024-05-27,pause
3831,2024-07-13,resume
3832,2024-09-03,start
3833,2024-08-26,start
3834,2024-02-09,start
3834,2024-03-21,cancel
3835,2024-06-24,start
3835,2024-11-21,pause
3836,2024-01-27,start
3836,2024-06-23,cancel
3837,2024-09-14,start
3838,2024-06-22,start
3838,2024-08-09,pause
3838,2024-10-12,resume
3838,2024-12-05,pause
3839,2024-08-12,start
3839,2024-09-16,cancel
3840,2024-08-29,start
3841,2024-11-19,start
3842,2024-11-11,start
3843,2024-06-13,start
3844,2024-09-30,start
3845,2024-10-14,start
3846,2024-04-04,start
3846,2024-05-17,pause
3846,2024-07-17,resume
3846,2024-08-08,pause
3846,2024-10-17,resume
3847,2024-06-13,start
3847,2024-11-25,pause
3848,2024-05-13,start
3848,2024-09-29,cancel
3849,2024-03-20,start
3850,2024-04-27,start
3850,2024-06-21,pause
3850,2024-08-02,resume
3850,2024-12-21,pause
3851,2024-06-10,start
3851,2024-09-19,pause
3851,2024-11-27,resume
3852,2024-04-19,start
3852,2024-07-14,pause
3852,2024-08-20,resume
3852,2024-11-13,pause
3853,2024-07-10,start
3853,2024-12-11,cancel
3854,2024-11-08,start
3855,2024-07-16,start
3856,2024-07-17,start
3857,2024-02-15,start
3858,2024-06-06,start
3858,2024-08-12,pause
3858,2024-09-12,resume
3858,2024-11-16,pause
3859,2024-02-17,start
3860,2024-06-27,start
3860,2024-09-18,pause
3860,2024-11-29,resume
3861,2024-02-25,start
3862,2024-09-15,start
3863,2024-09-24,start
3864,2024-07-08,start
3865,2024-10-09,start
3866,2024-08-24,start
3867,2024-09-30,start
3868,2024-02-19,start
3869,2024-11-18,start
3870,2024-02-15,start
3871,2024-01-15,start
3871,2024-02-12,cancel
3872,2024-05-28,start
3872,2024-06-30,pause
3872,2024-08-02,resume
3872,2024-08-30,pause
3872,2024-10-06,resume
3873,2024-10-26,start
3874,2024-11-01,start
3875,2024-01-28,start
3876,2024-07-23,start
3877,2024-04-04,start
3877,2024-05-20,pause
3877,2024-08-02,resume
3877,2024-10-15,pause
3877,2024-12-25,resume
3878,2024-07-10,start
3879,2024-04-27,start
3879,2024-12-18,pause
3880,2024-04-22,start
3880,2024-07-04,cancel
3881,2024-06-05,start
3881,2024-07-25,pause
3881,2024-09-25,resume
3881,2024-10-28,pause
3882,2024-05-27,start
3882,2024-11-16,cancel
3883,2024-06-04,start
3883,2024-07-27,pause
3883,2024-10-02,resume
3883,2024-11-05,pause
3884,2024-06-06,start
3884,2024-07-10,cancel
3885,2024-03-07,start
3885,2024-05-02,cancel
3886,2024-01-29,start
3886,2024-04-30,cancel
3887,2024-09-03,start
3888,2024-06-07,start
3888,2024-11-07,pause
3889,2024-02-27,start
3889,2024-04-29,cancel
3890,2024-04-18,start
3890,2024-08-22,pause
3890,2024-10-16,resume
3890,2024-11-23,pause
3891,2024-01-18,start
3891,2024-03-03,cancel
3892,2024-01-16,start
3892,2024-04-22,cancel
3893,2024-11-04,start
3894,2024-03-12,start
3895,2024-02-20,start
3896,2024-10-25,start
3897,2024-02-28,start
3898,2024-04-30,start
3898,2024-08-07,pause
3898,2024-09-22,resume
3898,2024-12-16,pause
3899,2024-02-06,start
3899,2024-09-30,cancel
3900,2024-04-26,start
3900,2024-10-04,pause
3900,2024-11-10,resume
3901,2024-08-04,start
3902,2024-09-25,start
3902,2024-11-07,cancel
3903,2024-05-01,start
3903,2024-10-11,cancel
3904,2024-01-28,start
3904,2024-04-06,cancel
3905,2024-04-24,start
3905,2024-08-27,pause
3905,2024-10-22,resume
3906,2024-09-28,start
3907,2024-10-23,start
3908,2024-10-01,start
3909,2024-05-21,start
3909,2024-08-05,pause
3909,2024-10-14,resume
3910,2024-02-20,start
3910,2024-03-29,cancel
3911,2024-08-04,start
3911,2024-10-10,cancel
3912,2024-11-17,start
3913,2024-09-08,start
3914,2024-09-10,start
3914,2024-10-28,cancel
3915,2024-11-10,start
3916,2024-11-23,start
3917,2024-07-17,start
3917,2024-12-05,cancel
3918,2024-10-07,start
3919,2024-07-13,start
3920,2024-09-05,start
3921,2024-05-03,start
3921,2024-06-03,pause
3921,2024-07-07,resume
3921,2024-11-30,pause
3922,2024-03-26,start
3922,2024-07-23,cancel
3923,2024-06-01,start
3923,2024-08-16,pause
3923,2024-10-09,resume
3923,2024-11-03,pause
3924,2024-09-18,start
3925,2024-01-30,start
3926,2024-08-17,start
3927,2024-02-09,start
3927,2024-08-28,cancel
3928,2024-09-15,start
3929,2024-11-24,start
3930,2024-11-11,start
3931,2024-05-27,start
3931,2024-09-09,pause
3931,2024-10-13,resume
3932,2024-04-19,start
3933,2024-06-28,start
3933,2024-09-10,cancel
3934,2024-01-08,start
3934,2024-04-28,cancel
3935,2024-10-14,start
3936,2024-06-19,start
3936,2024-08-12,pause
3936,2024-10-17,resume
3936,2024-12-11,pause
3937,2024-06-03,start
3937,2024-11-17,pause
3938,2024-06-13,start
3938,2024-10-15,pause
3938,2024-11-19,resume
3939,2024-02-23,start
3939,2024-09-13,cancel
3940,2024-03-27,start
3940,2024-08-20,cancel
3941,2024-02-20,start
3942,2024-10-28,start
3943,2024-01-28,start
3943,2024-07-27,cancel
3944,2024-09-13,start
3945,2024-01-03,start
3945,2024-11-17,cancel
3946,2024-08-14,start
3947,2024-04-11,start
3947,2024-07-22,pause
3947,2024-09-02,resume
3947,2024-10-25,pause
3947,2024-12-09,resume
3948,2024-08-18,start
3949,2024-08-09,start
3950,2024-07-03,start
3951,2024-07-11,start
3951,2024-08-16,cancel
3952,2024-11-23,start
3953,2024-09-04,start
3954,2024-02-26,start
3954,2024-05-23,cancel
3955,2024-08-05,start
3955,2024-10-15,cancel
3956,2024-11-16,start
3957,2024-07-20,start
3958,2024-07-25,start
3959,2024-07-03,start
3960,2024-07-12,start
3961,2024-06-08,start
3961,2024-08-09,pause
3961,2024-10-29,resume
3962,2024-03-25,start
3962,2024-09-11,cancel
3963,2024-10-06,start
3964,2024-08-19,start
3964,2024-11-13,cancel
3965,2024-10-29,start
3966,2024-11-19,start
3967,2024-07-10,start
3968,2024-07-11,start
3969,2024-09-27,start
3970,2024-01-17,start
3970,2024-06-05,cancel
3971,2024-10-24,start
3972,2024-06-13,start
3972,2024-11-09,pause
3972,2024-12-13,resume
3973,2024-03-09,start
3973,2024-07-01,cancel
3974,2024-04-30,start
3974,2024-08-18,pause
3974,2024-10-25,resume
3975,2024-01-06,start
3975,2024-04-07,cancel
3976,2024-02-12,start
3976,2024-08-12,cancel
3977,2024-07-24,start
3978,2024-02-06,start
3979,2024-01-18,start
3980,2024-09-04,start
3981,2024-01-18,start
3981,2024-11-30,cancel
3982,2024-11-02,start
3983,2024-07-15,start
3984,2024-02-01,start
3984,2024-03-01,cancel
3985,2024-01-08,start
3986,2024-04-20,start
3987,2024-09-07,start
3988,2024-10-10,start
3989,2024-10-15,start
3989,2024-12-01,cancel
3990,2024-01-29,start
3991,2024-05-17,start
3991,2024-08-27,pause
3991,2024-11-01,resume
3992,2024-09-15,start
3992,2024-12-16,cancel
3993,2024-11-25,start
3994,2024-05-16,start
3995,2024-09-25,start
3996,2024-11-04,start
3997,2024-09-10,start
3998,2024-01-26,start
3999,2024-04-04,start
3999,2024-07-30,pause
3999,2024-09-02,resume
3999,2024-10-19,pause
3999,2024-11-23,resume
4000,2024-04-09,start
4000,2024-10-30,pause
4000,2024-12-01,resume
4001,2024-06-20,start
4001,2024-09-16,pause
4001,2024-11-26,resume
4002,2024-05-31,start
4002,2024-08-22,pause
4002,2024-11-07,resume
4003,2024-09-30,start
4004,2024-01-21,start
4005,2024-03-08,start
4005,2024-08-17,cancel
4006,2024-02-17,start
4006,2024-09-10,cancel
4007,2024-08-06,start
4008,2024-03-20,start
4009,2024-03-12,start
4009,2024-05-11,cancel
4010,2024-05-11,start
4010,2024-09-02,pause
4010,2024-10-23,resume
4011,2024-01-05,start
4011,2024-01-28,cancel
4012,2024-01-30,start
4013,2024-10-23,start
4014,2024-10-30,start
4015,2024-05-18,start
4015,2024-11-15,pause
4016,2024-03-31,start
4017,2024-06-07,start
4017,2024-08-16,pause
4017,2024-11-02,resume
4018,2024-06-15,start
4019,2024-04-26,start
4019,2024-07-15,pause
4019,2024-09-14,resume
4020,2024-01-10,start
4021,2024-06-18,start
4022,2024-03-01,start
4022,2024-03-22,cancel
4023,2024-09-23,start
4024,2024-08-02,start
4025,2024-05-01,start
4025,2024-06-29,pause
4025,2024-09-13,resume
4025,2024-11-19,pause
4026,2024-10-15,start
4027,2024-03-11,start
4028,2024-04-21,start
4028,2024-07-03,pause
4028,2024-10-01,resume
4029,2024-03-26,start
4030,2024-11-08,start
4030,2024-12-15,cancel
4031,2024-06-20,start
4031,2024-12-03,cancel
4032,2024-04-05,start
4032,2024-06-03,pause
4032,2024-07-17,resume
4032,2024-10-11,pause
4032,2024-12-17,resume
4033,2024-08-17,start
4034,2024-02-12,start
4035,2024-06-08,start
4035,2024-08-27,pause
4035,2024-11-10,resume
4036,2024-08-25,start
4036,2024-09-23,cancel
4037,2024-07-07,start
4037,2024-09-22,cancel
4038,2024-06-12,start
4038,2024-10-08,pause
4038,2024-12-01,resume
4039,2024-09-05,start
4040,2024-02-25,start
4040,2024-05-08,cancel
4041,2024-11-10,start
4042,2024-09-17,start
4043,2024-02-29,start
4044,2024-02-17,start
4045,2024-01-13,start
4045,2024-03-10,cancel
4046,2024-06-18,start
4046,2024-11-26,pause
4047,2024-07-04,start
4048,2024-04-21,start
4048,2024-08-27,pause
4048,2024-10-29,resume
4049,2024-03-11,start
4050,2024-09-03,start
4051,2024-04-19,start
4051,2024-06-23,pause
4051,2024-08-10,resume
4052,2024-09-01,start
4053,2024-06-30,start
4053,2024-10-30,cancel
4054,2024-11-12,start
4055,2024-09-10,start
4056,2024-10-14,start
4056,2024-12-01,cancel
4057,2024-10-09,start
4058,2024-11-13,start
4059,2024-08-11,start
4059,2024-10-31,cancel
4060,2024-02-18,start
4061,2024-05-14,start
4061,2024-09-28,pause
4061,2024-11-01,resume
4062,2024-09-23,start
4063,2024-10-05,start
4064,2024-11-16,start
4065,2024-03-19,start
4066,2024-07-25,start
4067,2024-01-09,start
4067,2024-09-14,cancel
4068,2024-05-30,start
4068,2024-08-08,cancel
4069,2024-11-16,start
4070,2024-07-02,start
4071,2024-11-24,start
4072,2024-04-07,start
4072,2024-06-11,cancel
4073,2024-08-08,start
4073,2024-10-12,cancel
4074,2024-07-18,start
4075,2024-02-07,start
4076,2024-11-10,start
4077,2024-09-22,start
4078,2024-05-02,start
4078,2024-06-15,cancel
4079,2024-02-28,start
4079,2024-06-16,cancel
4080,2024-09-23,start
4081,2024-09-28,start
4082,2024-06-05,start
4082,2024-07-19,pause
4082,2024-10-14,resume
4082,2024-12-23,pause
4083,2024-11-18,start
4084,2024-07-04,start
4084,2024-10-27,cancel
4085,2024-04-11,start
4085,2024-05-31,pause
4085,2024-08-03,resume
4085,2024-12-22,pause
4086,2024-05-27,start
4086,2024-07-13,pause
4086,2024-09-11,resume
4087,2024-01-10,start
4088,2024-01-07,start
4089,2024-03-03,start
4090,2024-06-13,start
4090,2024-12-23,pause
4091,2024-11-05,start
4092,2024-02-04,start
4093,2024-10-18,start
4094,2024-09-26,start
4095,2024-11-05,start
4096,2024-03-18,start
4097,2024-05-17,start
4097,2024-09-25,pause
4097,2024-12-14,resume
4098,2024-01-01,start
4099,2024-08-25,start
4100,2024-11-12,start
4101,2024-01-14,start
4102,2024-07-08,start
4102,2024-08-31,cancel
4103,2024-04-20,start
4103,2024-05-12,pause
4103,2024-06-11,resume
4104,2024-11-18,start
4105,2024-03-24,start
4105,2024-12-16,cancel
4106,2024-11-09,start
4107,2024-03-27,start
4107,2024-04-22,cancel
4108,2024-07-27,start
4108,2024-08-22,cancel
4109,2024-07-18,start
4110,2024-05-15,start
4110,2024-07-22,pause
4110,2024-09-07,resume
4111,2024-03-21,start
4112,2024-04-03,start
4112,2024-05-16,cancel
4113,2024-10-24,start
4114,2024-11-06,start
4115,2024-01-11,start
4115,2024-09-17,cancel
4116,2024-11-25,start
4117,2024-06-14,start
4117,2024-07-14,pause
4117,2024-10-07,resume
4117,2024-12-24,pause
4118,2024-03-06,start
4118,2024-10-17,cancel
4119,2024-10-25,start
4120,2024-06-09,start
4120,2024-09-06,cancel
4121,2024-09-24,start
4122,2024-03-10,start
4122,2024-10-17,cancel
4123,2024-04-27,start
4123,2024-07-23,pause
4123,2024-09-29,resume
4123,2024-12-01,pause
4124,2024-08-15,start
4125,2024-01-07,start
4125,2024-03-17,cancel
4126,2024-08-11,start
4126,2024-10-19,cancel
4127,2024-01-21,start
4128,2024-05-11,start
4128,2024-07-29,cancel
4129,2024-07-10,start
4129,2024-12-06,cancel
4130,2024-03-06,start
4130,2024-11-10,cancel
4131,2024-05-11,start
4131,2024-08-05,pause
4131,2024-10-16,resume
4132,2024-01-09,start
4133,2024-03-19,start
4133,2024-04-15,cancel
4134,2024-05-29,start
4134,2024-11-26,pause
4135,2024-08-27,start
4136,2024-06-09,start
4137,2024-06-24,start
4137,2024-08-19,pause
4137,2024-10-13,resume
4137,2024-11-09,pause
4137,2024-12-25,resume
4138,2024-03-23,start
4139,2024-07-14,start
4140,2024-08-17,start
4141,2024-02-27,start
4142,2024-08-25,start
4143,2024-11-08,start
4144,2024-06-11,start
4145,2024-06-05,start
4145,2024-09-13,pause
4145,2024-11-26,resume
4146,2024-03-11,start
4146,2024-10-13,cancel
4147,2024-11-09,start
4148,2024-10-14,start
4149,2024-01-02,start
4149,2024-02-24,cancel
4150,2024-05-23,start
4150,2024-08-18,cancel
4151,2024-10-30,start
4152,2024-04-04,start
4153,2024-02-17,start
4154,2024-08-06,start
4155,2024-05-21,start
4155,2024-06-28,pause
4155,2024-09-18,resume
4155,2024-12-03,pause
4156,2024-07-31,start
4157,2024-01-22,start
4157,2024-06-14,cancel
4158,2024-01-13,start
4159,2024-11-03,start
4160,2024-11-25,start
4161,2024-08-29,start
4162,2024-08-11,start
4163,2024-11-08,start
4164,2024-05-02,start
4164,2024-06-04,pause
4164,2024-07-31,resume
4164,2024-10-17,pause
4164,2024-12-14,resume
4165,2024-06-12,start
4165,2024-07-19,pause
4165,2024-08-21,resume
4165,2024-11-13,cancel
4166,2024-05-07,start
4166,2024-07-21,pause
4166,2024-09-27,resume
4167,2024-11-08,start
4168,2024-09-28,start
4169,2024-07-09,start
4170,2024-11-14,start
4171,2024-09-23,start
4172,2024-02-27,start
4172,2024-11-17,cancel
4173,2024-05-11,start
4173,2024-06-23,cancel
4174,2024-05-08,start
4174,2024-10-31,pause
4174,2024-12-14,resume
4175,2024-05-16,start
4176,2024-09-16,start
4177,2024-11-16,start
4178,2024-04-20,start
4178,2024-09-10,pause
4178,2024-12-04,resume
4179,2024-01-09,start
4179,2024-05-22,cancel
4180,2024-02-14,start
4180,2024-04-13,cancel
4181,2024-07-05,start
4182,2024-05-13,start
4182,2024-07-13,pause
4182,2024-09-16,resume
4182,2024-10-30,pause
4183,2024-01-22,start
4183,2024-11-30,cancel
4184,2024-02-19,start
4185,2024-08-21,start
4186,2024-02-22,start
4187,2024-06-30,start
4188,2024-08-12,start
4189,2024-10-22,start
4190,2024-06-20,start
4191,2024-07-15,start
4192,2024-06-02,start
4193,2024-03-02,start
4194,2024-01-22,start
4195,2024-02-18,start
4195,2024-03-12,cancel
4196,2024-09-05,start
4197,2024-08-10,start
4198,2024-01-18,start
4199,2024-03-19,start
4199,2024-06-02,cancel
4200,2024-04-30,start
4200,2024-05-21,pause
4200,2024-07-19,resume
4200,2024-09-11,pause
4200,2024-11-26,resume
4201,2024-10-18,start
4202,2024-01-10,start
4202,2024-03-31,cancel
4203,2024-08-13,start
4203,2024-10-28,cancel
4204,2024-07-29,start
4205,2024-01-09,start
4205,2024-02-04,cancel
4206,2024-02-17,start
4206,2024-06-01,cancel
4207,2024-06-03,start
4207,2024-09-29,pause
4207,2024-11-02,resume
4208,2024-07-26,start
4208,2024-12-02,cancel
4209,2024-10-17,start
4210,2024-05-26,start
4210,2024-09-27,pause
4210,2024-12-02,resume
4211,2024-02-19,start
4211,2024-03-24,cancel
4212,2024-05-14,start
4212,2024-08-04,pause
4212,2024-10-02,resume
4213,2024-08-24,start
4214,2024-04-14,start
4214,2024-05-25,pause
4214,2024-07-28,resume
4214,2024-11-27,pause
4215,2024-08-21,start
4216,2024-02-10,start
4216,2024-05-15,cancel
4217,2024-02-12,start
4218,2024-04-08,start
4218,2024-07-12,pause
4218,2024-08-23,resume
4218,2024-09-17,pause
4218,2024-11-01,resume
4218,2024-12-02,pause
4219,2024-04-01,start
4219,2024-06-23,pause
4219,2024-08-17,resume
4219,2024-12-07,pause
4220,2024-08-16,start
4221,2024-04-21,start
4221,2024-09-24,pause
4221,2024-11-08,resume
4222,2024-04-04,start
4222,2024-10-18,pause
4223,2024-03-22,start
4223,2024-05-27,cancel
4224,2024-11-06,start
4225,2024-05-08,start
4225,2024-06-06,pause
4225,2024-08-26,resume
4226,2024-05-02,start
4226,2024-07-01,pause
4226,2024-08-07,resume
4226,2024-10-26,pause
4226,2024-11-28,resume
4227,2024-07-12,start
4228,2024-11-09,start
4228,2024-12-19,cancel
4229,2024-06-06,start
4230,2024-03-27,start
4230,2024-10-11,cancel
4231,2024-09-04,start
4232,2024-09-02,start
4233,2024-11-09,start
4234,2024-05-08,start
4234,2024-07-24,pause
4234,2024-10-01,resume
4235,2024-02-28,start
4236,2024-06-19,start
4236,2024-08-13,cancel
4237,2024-09-11,start
4238,2024-01-21,start
4239,2024-11-22,start
4239,2024-12-12,cancel
4240,2024-08-14,start
4241,2024-03-17,start
4242,2024-07-26,start
4243,2024-04-08,start
4243,2024-06-03,pause
4243,2024-08-06,resume
4243,2024-10-31,pause
4244,2024-03-21,start
4244,2024-05-19,cancel
4245,2024-06-02,start
4245,2024-07-30,pause
4245,2024-10-18,resume
4246,2024-11-10,start
4246,2024-12-19,cancel
4247,2024-08-15,start
4248,2024-10-15,start
4249,2024-09-08,start
4250,2024-03-13,start
4250,2024-11-13,cancel
4251,2024-02-28,start
4251,2024-07-31,cancel
4252,2024-11-20,start
4253,2024-11-01,start
4254,2024-05-15,start
4254,2024-06-18,pause
4254,2024-08-21,resume
4254,2024-09-25,pause
4254,2024-10-28,resume
4255,2024-04-02,start
4255,2024-06-17,pause
4255,2024-07-17,resume
4255,2024-10-02,cancel
4256,2024-04-08,start
4256,2024-04-29,cancel
4257,2024-10-07,start
4257,2024-11-07,cancel
4258,2024-01-28,start
4259,2024-11-24,start
4260,2024-11-12,start
4261,2024-09-18,start
4262,2024-01-30,start
4262,2024-07-14,cancel
4263,2024-02-20,start
4264,2024-03-25,start
4265,2024-11-18,start
4266,2024-05-04,start
4266,2024-09-11,pause
4266,2024-10-31,resume
4267,2024-11-15,start
4268,2024-01-16,start
4268,2024-07-05,cancel
4269,2024-02-27,start
4269,2024-08-23,cancel
4270,2024-05-16,start
4270,2024-06-24,pause
4270,2024-08-21,resume
4270,2024-09-28,pause
4270,2024-12-18,resume
4271,2024-09-09,start
4271,2024-10-21,cancel
4272,2024-03-13,start
4272,2024-10-19,cancel
4273,2024-10-21,start
4274,2024-07-23,start
4275,2024-05-25,start
4275,2024-08-04,pause
4275,2024-10-04,resume
4275,2024-12-06,pause
4276,2024-01-11,start
4276,2024-09-07,cancel
4277,2024-02-05,start
4277,2024-03-30,cancel
4278,2024-01-15,start
4278,2024-07-05,cancel
4279,2024-08-08,start
4280,2024-05-28,start
4280,2024-10-03,pause
4280,2024-12-03,resume
4281,2024-10-04,start
4282,2024-06-21,start
4282,2024-12-15,pause
4283,2024-03-15,start
4284,2024-09-14,start
4285,2024-11-01,start
4286,2024-06-30,start
4286,2024-08-12,cancel
4287,2024-06-23,start
4287,2024-10-30,cancel
4288,2024-07-24,start
4289,2024-02-26,start
4289,2024-05-30,cancel
4290,2024-10-21,start
4291,2024-09-21,start
4292,2024-10-10,start
4293,2024-06-30,start
4294,2024-11-24,start
4295,2024-08-29,start
4296,2024-04-02,start
4296,2024-06-06,cancel
4297,2024-11-02,start
4298,2024-09-16,start
4299,2024-11-03,start
4300,2024-07-17,start
4301,2024-07-11,start
4302,2024-09-10,start
4302,2024-10-21,cancel
4303,2024-06-02,start
4303,2024-06-23,pause
4303,2024-08-07,resume
4304,2024-07-20,start
4304,2024-10-06,cancel
4305,2024-10-24,start
4306,2024-06-18,start
4306,2024-09-04,cancel
4307,2024-10-20,start
4308,2024-03-27,start
4309,2024-03-20,start
4309,2024-04-27,cancel
4310,2024-04-16,start
4310,2024-07-30,pause
4310,2024-09-07,resume
4310,2024-12-02,pause
4311,2024-09-01,start
4311,2024-11-14,cancel
4312,2024-07-28,start
4313,2024-06-30,start
4313,2024-12-23,cancel
4314,2024-02-10,start
4314,2024-07-29,cancel
4315,2024-08-24,start
4316,2024-01-28,start
4316,2024-09-01,cancel
4317,2024-05-19,start
4317,2024-08-02,pause
4317,2024-09-13,resume
4317,2024-10-23,pause
4318,2024-03-10,start
4319,2024-07-09,start
4319,2024-08-08,cancel
4320,2024-07-02,start
4320,2024-09-14,cancel
4321,2024-08-07,start
4322,2024-05-25,start
4322,2024-08-25,pause
4322,2024-10-27,resume
4323,2024-01-26,start
4323,2024-02-20,cancel
4324,2024-08-16,start
4325,2024-01-15,start
4325,2024-09-12,cancel
4326,2024-04-16,start
4326,2024-07-08,cancel
4327,2024-07-21,start
4328,2024-04-06,start
4328,2024-05-23,pause
4328,2024-08-06,resume
4328,2024-10-26,pause
4329,2024-06-03,start
4329,2024-09-06,pause
4329,2024-11-16,resume
4330,2024-06-06,start
4330,2024-12-13,pause
4331,2024-01-06,start
4331,2024-09-10,cancel
4332,2024-10-30,start
4333,2024-11-09,start
4334,2024-09-26,start
4335,2024-08-28,start
4336,2024-02-12,start
4337,2024-11-03,start
4338,2024-04-04,start
4338,2024-04-28,pause
4338,2024-06-19,resume
4338,2024-11-13,pause
4339,2024-07-15,start
4339,2024-12-11,cancel
4340,2024-08-01,start
4341,2024-10-21,start
4342,2024-03-31,start
4342,2024-09-13,cancel
4343,2024-01-02,start
4343,2024-04-21,cancel
4344,2024-05-31,start
4344,2024-08-13,pause
4344,2024-10-28,resume
4344,2024-11-24,pause
4345,2024-08-17,start
4346,2024-05-01,start
4346,2024-06-25,cancel
4347,2024-04-03,start
4347,2024-06-10,pause
4347,2024-09-04,resume
4347,2024-10-04,pause
4347,2024-11-13,resume
4348,2024-02-16,start
4349,2024-09-23,start
4350,2024-10-24,start
4351,2024-06-21,start
4351,2024-09-16,pause
4351,2024-11-25,resume
4352,2024-06-14,start
4352,2024-09-05,pause
4352,2024-10-27,resume
4353,2024-09-15,start
4354,2024-05-03,start
4355,2024-02-16,start
4356,2024-11-09,start
4357,2024-04-21,start
4358,2024-01-25,start
4359,2024-08-08,start
4360,2024-11-08,start
4361,2024-06-14,start
4361,2024-08-12,pause
4361,2024-09-21,resume
4362,2024-05-25,start
4362,2024-08-08,pause
4362,2024-09-19,resume
4363,2024-07-02,start
4363,2024-11-25,cancel
4364,2024-05-23,start
4364,2024-11-17,pause
4365,2024-04-24,start
4365,2024-08-29,pause
4365,2024-10-07,resume
4366,2024-08-28,start
4367,2024-10-04,start
4368,2024-02-19,start
4369,2024-08-22,start
4370,2024-01-01,start
4370,2024-03-29,cancel
4371,2024-05-05,start
4371,2024-11-07,pause
4372,2024-09-20,start
4373,2024-04-27,start
4373,2024-09-25,pause
4373,2024-12-13,resume
4374,2024-08-04,start
4374,2024-12-23,cancel
4375,2024-08-26,start
4375,2024-12-11,cancel
4376,2024-08-26,start
4377,2024-11-15,start
4378,2024-02-09,start
4378,2024-12-24,cancel
4379,2024-03-13,start
4379,2024-07-12,cancel
4380,2024-10-12,start
4381,2024-09-18,start
4382,2024-06-27,start
4382,2024-11-01,pause
4383,2024-08-07,start
4384,2024-04-26,start
4384,2024-06-23,cancel
4385,2024-05-26,start
4385,2024-08-27,pause
4385,2024-10-18,resume
4386,2024-02-08,start
4387,2024-03-16,start
4387,2024-05-05,cancel
4388,2024-09-29,start
4389,2024-08-30,start
4390,2024-05-01,start
4391,2024-04-01,start
4391,2024-05-29,pause
4391,2024-07-22,resume
4391,2024-08-15,pause
4391,2024-11-09,resume
4392,2024-09-02,start
4393,2024-09-24,start
4394,2024-05-01,start
4395,2024-08-23,start
4396,2024-02-28,start
4397,2024-06-03,start
4397,2024-08-30,pause
4397,2024-11-04,resume
4397,2024-11-30,pause
4398,2024-07-02,start
4399,2024-09-29,start
4400,2024-05-26,start
4400,2024-11-04,cancel
4401,2024-02-09,start
4401,2024-03-01,cancel
4402,2024-09-01,start
4403,2024-04-18,start
4403,2024-09-24,pause
4403,2024-11-17,resume
4404,2024-04-26,start
4404,2024-09-19,cancel
4405,2024-05-03,start
4405,2024-08-23,pause
4405,2024-10-01,resume
4405,2024-11-03,pause
4405,2024-12-10,resume
4406,2024-07-17,start
4407,2024-02-05,start
4407,2024-08-18,cancel
4408,2024-11-08,start
4409,2024-10-01,start
4410,2024-05-09,start
4410,2024-07-07,pause
4410,2024-08-07,resume
4411,2024-01-23,start
4412,2024-10-28,start
4413,2024-02-13,start
4414,2024-06-01,start
4414,2024-08-01,pause
4414,2024-09-21,resume
4414,2024-10-21,cancel
4415,2024-11-08,start
4416,2024-09-04,start
4417,2024-04-12,start
4417,2024-07-27,pause
4417,2024-10-10,resume
4418,2024-01-22,start
4419,2024-11-15,start
4420,2024-10-14,start
4421,2024-03-25,start
4422,2024-10-16,start
4423,2024-03-10,start
4424,2024-07-25,start
4425,2024-03-22,start
4426,2024-10-29,start
4427,2024-06-11,start
4428,2024-09-19,start
4429,2024-07-19,start
4430,2024-09-03,start
4431,2024-02-04,start
4432,2024-11-13,start
4433,2024-10-08,start
4433,2024-11-01,cancel
4434,2024-05-03,start
4434,2024-10-05,cancel
4435,2024-05-25,start
4435,2024-09-30,pause
4435,2024-12-14,resume
4436,2024-06-22,start
4436,2024-09-11,pause
4436,2024-12-03,resume
4437,2024-03-06,start
4438,2024-01-14,start
4438,2024-08-23,cancel
4439,2024-02-17,start
4440,2024-10-30,start
4441,2024-04-11,start
4441,2024-06-19,pause
4441,2024-08-19,resume
4441,2024-09-17,cancel
4442,2024-04-21,start
4443,2024-04-17,start
4443,2024-05-10,pause
4443,2024-07-16,resume
4443,2024-10-08,pause
4443,2024-11-24,resume
4444,2024-06-02,start
4444,2024-12-09,cancel
4445,2024-03-27,start
4446,2024-02-08,start
4446,2024-07-23,cancel
4447,2024-03-25,start
4448,2024-11-10,start
4449,2024-09-18,start
4450,2024-02-22,start
4451,2024-08-20,start
4452,2024-10-29,start
4453,2024-06-07,start
4454,2024-06-20,start
4454,2024-08-20,pause
4454,2024-09-25,resume
4455,2024-10-13,start
4456,2024-01-24,start
4457,2024-05-11,start
4457,2024-06-18,pause
4457,2024-07-18,resume
4457,2024-09-18,pause
4457,2024-10-23,resume
4458,2024-04-12,start
4458,2024-05-14,pause
4458,2024-06-27,resume
4459,2024-02-23,start
4459,2024-11-30,cancel
4460,2024-01-30,start
4461,2024-05-26,start
4461,2024-07-25,pause
4461,2024-10-02,resume
4462,2024-01-08,start
4463,2024-07-03,start
4464,2024-02-03,start
4464,2024-05-30,cancel
4465,2024-02-19,start
4465,2024-07-16,cancel
4466,2024-05-17,start
4466,2024-08-01,pause
4466,2024-10-22,resume
4466,2024-12-15,cancel
4467,2024-11-14,start
4468,2024-10-22,start
4469,2024-11-08,start
4470,2024-06-06,start
4470,2024-07-15,pause
4470,2024-09-09,resume
4471,2024-02-24,start
4472,2024-05-23,start
4472,2024-07-01,pause
4472,2024-08-07,resume
4472,2024-10-25,pause
4472,2024-12-20,resume
4473,2024-05-21,start
4473,2024-07-25,pause
4473,2024-09-23,resume
4474,2024-07-11,start
4475,2024-01-08,start
4476,2024-07-12,start
4477,2024-05-04,start
4477,2024-10-17,cancel
4478,2024-05-30,start
4478,2024-10-18,pause
4479,2024-10-10,start
4480,2024-02-28,start
4481,2024-11-16,start
4482,2024-03-25,start
4483,2024-06-05,start
4483,2024-08-27,pause
4483,2024-10-29,resume
4484,2024-09-26,start
4485,2024-06-06,start
4485,2024-12-04,pause
4486,2024-05-16,start
4486,2024-07-10,pause
4486,2024-08-09,resume
4486,2024-08-30,pause
4486,2024-10-11,resume
4487,2024-06-30,start
4487,2024-11-09,cancel
4488,2024-01-14,start
4488,2024-08-21,cancel
4489,2024-10-02,start
4490,2024-09-23,start
4491,2024-04-05,start
4491,2024-07-31,pause
4491,2024-10-24,resume
4491,2024-12-21,pause
4492,2024-03-17,start
4493,2024-01-26,start
4494,2024-05-21,start
4494,2024-07-15,pause
4494,2024-10-13,resume
4494,2024-11-06,pause
4494,2024-12-13,resume
4495,2024-06-17,start
4495,2024-10-14,cancel
4496,2024-01-01,start
4496,2024-03-05,cancel
4497,2024-08-05,start
4498,2024-01-04,start
4499,2024-02-27,start
4499,2024-05-03,cancel
4500,2024-03-09,start
4501,2024-04-08,start
4501,2024-07-18,pause
4501,2024-08-27,resume
4501,2024-11-23,pause
4502,2024-05-26,start
4502,2024-09-07,pause
4502,2024-10-16,resume
4502,2024-12-21,pause
4503,2024-03-06,start
4504,2024-09-13,start
4505,2024-04-04,start
4505,2024-05-29,pause
4505,2024-08-24,resume
4506,2024-06-21,start
4506,2024-11-20,pause
4507,2024-11-08,start
4508,2024-01-25,start
4509,2024-07-27,start
4510,2024-03-21,start
4511,2024-02-28,start
4512,2024-03-06,start
4512,2024-05-29,cancel
4513,2024-03-24,start
4513,2024-11-10,cancel
4514,2024-02-04,start
4514,2024-07-03,cancel
4515,2024-02-20,start
4516,2024-07-16,start
4517,2024-02-11,start
4518,2024-09-19,start
4519,2024-01-27,start
4520,2024-07-09,start
4520,2024-12-03,cancel
4521,2024-03-29,start
4521,2024-11-30,cancel
4522,2024-06-12,start
4522,2024-07-12,pause
4522,2024-10-08,resume
4523,2024-05-09,start
4524,2024-09-28,start
4525,2024-09-18,start
4526,2024-06-29,start
4527,2024-03-03,start
4528,2024-10-18,start
4528,2024-11-24,cancel
4529,2024-02-23,start
4530,2024-09-02,start
4531,2024-01-19,start
4531,2024-10-05,cancel
4532,2024-04-29,start
4532,2024-05-24,pause
4532,2024-08-09,resume
4532,2024-10-16,pause
4532,2024-12-14,resume
4533,2024-05-10,start
4533,2024-09-18,pause
4533,2024-11-18,resume
4534,2024-06-21,start
4534,2024-07-26,pause
4534,2024-09-28,resume
4535,2024-04-27,start
4535,2024-09-08,pause
4535,2024-11-01,resume
4535,2024-11-25,pause
4536,2024-04-21,start
4536,2024-05-21,pause
4536,2024-07-21,resume
4536,2024-08-30,pause
4536,2024-11-18,resume
4537,2024-03-15,start
4537,2024-07-31,cancel
4538,2024-03-28,start
4538,2024-12-07,cancel
4539,2024-02-10,start
4540,2024-05-29,start
4540,2024-07-10,pause
4540,2024-08-22,resume
4540,2024-10-18,pause
4540,2024-11-24,resume
4541,2024-05-27,start
4541,2024-06-18,pause
4541,2024-09-05,resume
4541,2024-11-01,pause
4541,2024-12-04,resume
4542,2024-08-07,start
4542,2024-10-14,cancel
4543,2024-09-20,start
4543,2024-11-25,cancel
4544,2024-08-27,start
4545,2024-05-22,start
4545,2024-06-29,pause
4545,2024-08-11,resume
4545,2024-09-19,pause
4545,2024-10-25,resume
4545,2024-12-09,pause
4546,2024-07-24,start
4547,2024-05-30,start
4547,2024-07-07,pause
4547,2024-09-03,resume
4548,2024-08-22,start
4549,2024-10-15,start
4550,2024-04-19,start
4550,2024-05-15,pause
4550,2024-08-03,resume
4550,2024-11-19,cancel
4551,2024-06-08,start
4551,2024-08-13,pause
4551,2024-10-09,resume
4552,2024-11-12,start
4553,2024-06-01,start
4553,2024-09-09,pause
4553,2024-11-26,resume
4554,2024-01-26,start
4554,2024-02-20,cancel
4555,2024-11-15,start
4556,2024-08-06,start
4557,2024-08-31,start
4557,2024-12-19,cancel
4558,2024-05-08,start
4558,2024-07-19,pause
4558,2024-09-24,resume
4558,2024-12-16,pause
4559,2024-09-15,start
4560,2024-03-07,start
4560,2024-09-07,cancel
4561,2024-04-14,start
4561,2024-11-23,pause
4562,2024-01-23,start
4562,2024-11-13,cancel
4563,2024-04-24,start
4563,2024-06-24,pause
4563,2024-08-16,resume
4564,2024-10-26,start
4565,2024-07-08,start
4566,2024-10-22,start
4567,2024-07-17,start
4568,2024-06-06,start
4568,2024-08-18,pause
4568,2024-10-08,resume
4568,2024-11-06,cancel
4569,2024-06-10,start
4569,2024-12-12,pause
4570,2024-03-13,start
4571,2024-09-19,start
4572,2024-08-01,start
4573,2024-03-15,start
4573,2024-05-10,cancel
4574,2024-08-12,start
4574,2024-09-05,cancel
4575,2024-02-06,start
4575,2024-10-21,cancel
4576,2024-02-13,start
4576,2024-04-09,cancel
4577,2024-08-03,start
4577,2024-12-07,cancel
4578,2024-11-20,start
4579,2024-06-25,start
4579,2024-08-21,cancel
4580,2024-03-19,start
4580,2024-10-18,cancel
4581,2024-07-25,start
4581,2024-12-02,cancel
4582,2024-05-11,start
4582,2024-07-22,pause
4582,2024-09-18,resume
4582,2024-10-19,pause
4582,2024-12-07,resume
4583,2024-07-04,start
4584,2024-04-05,start
4584,2024-06-03,pause
4584,2024-08-25,resume
4585,2024-07-29,start
4586,2024-04-19,start
4586,2024-07-01,pause
4586,2024-09-09,resume
4587,2024-08-14,start
4588,2024-03-12,start
4589,2024-03-13,start
4589,2024-08-13,cancel
4590,2024-09-16,start
4590,2024-12-13,cancel
4591,2024-04-16,start
4591,2024-10-09,pause
4591,2024-11-13,resume
4592,2024-08-29,start
4593,2024-07-07,start
4593,2024-12-05,cancel
4594,2024-01-24,start
4595,2024-05-27,start
4595,2024-08-03,pause
4595,2024-09-04,resume
4596,2024-11-17,start
4597,2024-07-30,start
4598,2024-03-18,start
4598,2024-05-01,cancel
4599,2024-08-03,start
4600,2024-04-24,start
4600,2024-07-16,cancel
4601,2024-03-05,start
4601,2024-05-29,cancel
4602,2024-10-28,start
4603,2024-07-09,start
4603,2024-12-20,cancel
4604,2024-06-21,start
4604,2024-10-25,pause
4605,2024-03-09,start
4605,2024-04-13,cancel
4606,2024-09-05,start
4607,2024-06-25,start
4607,2024-09-21,pause
4607,2024-12-05,resume
4608,2024-04-12,start
4608,2024-06-23,pause
4608,2024-08-20,resume
4609,2024-05-17,start
4609,2024-07-27,pause
4609,2024-09-09,resume
4610,2024-05-15,start
4610,2024-12-13,cancel
4611,2024-02-25,start
4612,2024-05-13,start
4612,2024-08-04,pause
4612,2024-10-15,resume
4613,2024-06-13,start
4613,2024-08-28,pause
4613,2024-10-31,resume
4614,2024-06-03,start
4614,2024-07-09,cancel
4615,2024-09-21,start
4616,2024-06-06,start
4616,2024-06-26,pause
4616,2024-08-10,resume
4617,2024-08-05,start
4617,2024-09-16,cancel
4618,2024-05-04,start
4618,2024-05-25,pause
4618,2024-07-01,resume
4618,2024-08-25,cancel
4619,2024-06-12,start
4619,2024-09-13,cancel
4620,2024-05-12,start
4620,2024-08-02,cancel
4621,2024-01-08,start
4622,2024-08-22,start
4622,2024-10-30,cancel
4623,2024-01-02,start
4624,2024-07-07,start
4625,2024-04-07,start
4625,2024-10-23,pause
4625,2024-12-20,resume
4626,2024-09-22,start
4627,2024-09-03,start
4628,2024-03-22,start
4628,2024-07-04,cancel
4629,2024-10-08,start
4630,2024-03-26,start
4631,2024-02-25,start
4632,2024-04-19,start
4633,2024-07-28,start
4633,2024-10-25,cancel
4634,2024-04-18,start
4634,2024-06-05,pause
4634,2024-09-03,resume
4634,2024-10-02,pause
4634,2024-12-25,resume
4635,2024-01-19,start
4635,2024-10-18,cancel
4636,2024-04-07,start
4636,2024-05-21,pause
4636,2024-06-28,resume
4637,2024-08-02,start
4638,2024-09-15,start
4639,2024-04-09,start
4639,2024-05-30,pause
4639,2024-07-13,resume
4639,2024-09-01,pause
4639,2024-11-02,resume
4640,2024-03-18,start
4640,2024-11-22,cancel
4641,2024-02-08,start
4642,2024-01-11,start
4643,2024-07-11,start
4643,2024-11-18,cancel
4644,2024-06-21,start
4644,2024-09-08,pause
4644,2024-10-14,resume
4645,2024-11-03,start
4646,2024-10-10,start
4647,2024-05-12,start
4647,2024-07-31,pause
4647,2024-10-07,resume
4648,2024-10-13,start
4649,2024-02-13,start
4650,2024-05-14,start
4650,2024-07-22,pause
4650,2024-10-13,resume
4650,2024-11-09,pause
4651,2024-07-10,start
4651,2024-10-20,cancel
4652,2024-05-25,start
4652,2024-06-28,pause
4652,2024-09-07,resume
4653,2024-10-03,start
4654,2024-03-23,start
4654,2024-05-19,cancel
4655,2024-11-10,start
4656,2024-09-25,start
4657,2024-07-25,start
4658,2024-11-25,start
4659,2024-02-07,start
4660,2024-11-25,start
4661,2024-06-23,start
4661,2024-10-15,pause
4661,2024-12-18,resume
4662,2024-10-05,start
4663,2024-05-13,start
4663,2024-10-15,pause
4663,2024-11-28,resume
4664,2024-09-10,start
4665,2024-05-23,start
4665,2024-06-29,pause
4665,2024-07-30,resume
4665,2024-10-27,pause
4665,2024-12-03,resume
4666,2024-05-05,start
4666,2024-06-24,pause
4666,2024-09-12,resume
4666,2024-10-18,pause
4666,2024-12-04,resume
4667,2024-01-07,start
4667,2024-12-11,cancel
4668,2024-09-01,start
4669,2024-05-04,start
4669,2024-06-11,pause
4669,2024-08-20,resume
4670,2024-06-23,start
4670,2024-11-25,pause
4671,2024-09-21,start
4672,2024-03-12,start
4673,2024-09-29,start
4674,2024-04-24,start
4674,2024-05-18,pause
4674,2024-07-20,resume
4674,2024-10-17,pause
4674,2024-12-23,resume
4675,2024-04-06,start
4675,2024-12-22,pause
4676,2024-04-19,start
4676,2024-06-11,cancel
4677,2024-10-12,start
4678,2024-11-07,start
4679,2024-11-20,start
4680,2024-07-10,start
4681,2024-02-18,start
4681,2024-09-21,cancel
4682,2024-05-28,start
4682,2024-08-03,pause
4682,2024-10-23,resume
4682,2024-12-22,pause
4683,2024-11-17,start
4684,2024-06-28,start
4684,2024-08-19,pause
4684,2024-09-24,resume
4685,2024-09-04,start
4686,2024-05-15,start
4686,2024-07-18,pause
4686,2024-10-14,resume
4686,2024-11-11,pause
4686,2024-12-24,resume
4687,2024-11-25,start
4688,2024-08-01,start
4688,2024-12-01,cancel
4689,2024-01-27,start
4689,2024-10-05,cancel
4690,2024-02-01,start
4691,2024-08-21,start
4692,2024-11-10,start
4693,2024-11-13,start
4694,2024-10-07,start
4695,2024-06-14,start
4695,2024-10-11,pause
4695,2024-12-08,resume
4696,2024-02-19,start
4697,2024-05-03,start
4697,2024-07-01,pause
4697,2024-07-31,resume
4698,2024-11-16,start
4699,2024-07-08,start
4700,2024-07-06,start
4701,2024-08-20,start
4702,2024-09-30,start
4703,2024-04-11,start
4703,2024-07-20,pause
4703,2024-08-31,resume
4703,2024-11-17,cancel
4704,2024-03-05,start
4705,2024-01-30,start
4705,2024-08-24,cancel
4706,2024-03-13,start
4707,2024-03-01,start
4707,2024-11-17,cancel
4708,2024-01-31,start
4708,2024-07-17,cancel
4709,2024-03-21,start
4710,2024-09-22,start
4711,2024-06-01,start
4711,2024-08-25,pause
4711,2024-11-08,resume
4712,2024-06-02,start
4713,2024-06-06,start
4713,2024-08-07,pause
4713,2024-09-18,resume
4713,2024-11-16,pause
4713,2024-12-19,resume
4714,2024-06-18,start
4714,2024-12-02,cancel
4715,2024-10-24,start
4715,2024-11-23,cancel
4716,2024-04-14,start
4716,2024-08-05,pause
4716,2024-09-23,resume
4717,2024-08-02,start
4718,2024-06-05,start
4718,2024-10-02,cancel
4719,2024-05-29,start
4719,2024-12-08,pause
4720,2024-06-20,start
4720,2024-11-08,cancel
4721,2024-05-18,start
4721,2024-08-03,cancel
4722,2024-05-25,start
4722,2024-07-20,pause
4722,2024-10-04,resume
4722,2024-11-16,pause
4723,2024-05-09,start
4723,2024-12-06,pause
4724,2024-01-24,start
4725,2024-06-07,start
4725,2024-08-06,pause
4725,2024-10-25,resume
4726,2024-02-22,start
4727,2024-08-31,start
4728,2024-05-30,start
4728,2024-11-04,pause
4729,2024-06-17,start
4729,2024-11-11,pause
4730,2024-06-19,start
4730,2024-08-31,pause
4730,2024-10-27,resume
4731,2024-06-10,start
4732,2024-04-10,start
4733,2024-07-04,start
4734,2024-09-12,start
4735,2024-09-11,start
4736,2024-09-21,start
4736,2024-11-09,cancel
4737,2024-08-25,start
4738,2024-01-26,start
4739,2024-10-26,start
4740,2024-02-01,start
4741,2024-11-05,start
4742,2024-03-29,start
4742,2024-11-25,cancel
4743,2024-11-05,start
4744,2024-07-30,start
4745,2024-06-27,start
4745,2024-11-16,pause
4745,2024-12-19,resume
4746,2024-01-19,start
4747,2024-04-21,start
4747,2024-06-20,pause
4747,2024-09-11,resume
4748,2024-09-21,start
4749,2024-08-27,start
4750,2024-01-17,start
4751,2024-05-15,start
4751,2024-08-12,cancel
4752,2024-05-25,start
4752,2024-10-08,pause
4752,2024-11-22,resume
4753,2024-03-25,start
4754,2024-07-17,start
4755,2024-04-01,start
4755,2024-05-21,pause
4755,2024-07-09,resume
4755,2024-08-24,pause
4755,2024-10-05,resume
4755,2024-12-15,pause
4756,2024-01-12,start
4756,2024-05-27,cancel
4757,2024-07-10,start
4758,2024-03-21,start
4759,2024-01-04,start
4760,2024-03-15,start
4760,2024-05-05,cancel
4761,2024-04-07,start
4761,2024-11-24,cancel
4762,2024-07-28,start
4762,2024-11-06,cancel
4763,2024-04-22,start
4764,2024-06-11,start
4764,2024-09-17,pause
4764,2024-11-30,resume
4765,2024-09-19,start
4766,2024-01-05,start
4766,2024-10-31,cancel
4767,2024-10-20,start
4768,2024-10-30,start
4769,2024-02-07,start
4769,2024-05-23,cancel
4770,2024-05-26,start
4770,2024-11-16,pause
4770,2024-12-25,resume
4771,2024-09-17,start
4772,2024-09-15,start
4773,2024-05-31,start
4773,2024-08-17,pause
4773,2024-10-28,resume
4774,2024-09-29,start
4775,2024-08-01,start
4776,2024-07-11,start
4777,2024-04-07,start
4777,2024-10-15,cancel
4778,2024-03-30,start
4778,2024-12-16,cancel
4779,2024-08-14,start
4779,2024-10-08,cancel
4780,2024-01-29,start
4780,2024-10-17,cancel
4781,2024-09-11,start
4782,2024-04-27,start
4782,2024-06-24,pause
4782,2024-08-18,resume
4783,2024-08-10,start
4784,2024-11-23,start
4785,2024-05-20,start
4785,2024-07-15,pause
4785,2024-09-18,resume
4786,2024-05-05,start
4786,2024-09-15,pause
4786,2024-12-07,resume
4787,2024-11-12,start
4788,2024-09-11,start
4789,2024-10-28,start
4790,2024-04-23,start
4790,2024-05-30,pause
4790,2024-08-18,resume
4790,2024-12-10,pause
4791,2024-06-07,start
4791,2024-11-15,pause
4792,2024-06-26,start
4792,2024-09-12,pause
4792,2024-10-18,resume
4793,2024-04-01,start
4793,2024-05-05,pause
4793,2024-07-14,resume
4793,2024-09-16,pause
4793,2024-11-04,resume
4794,2024-03-29,start
4795,2024-07-14,start
4796,2024-05-23,start
4796,2024-06-12,pause
4796,2024-08-05,resume
4797,2024-02-02,start
4797,2024-04-23,cancel
4798,2024-08-29,start
4799,2024-02-27,start
4799,2024-05-20,cancel
4800,2024-10-22,start
4801,2024-01-28,start
4801,2024-11-17,cancel
4802,2024-02-07,start
4803,2024-11-23,start
4804,2024-01-24,start
4804,2024-04-05,cancel
4805,2024-11-23,start
4806,2024-09-15,start
4807,2024-04-22,start
4807,2024-09-25,pause
4807,2024-12-10,resume
4808,2024-08-07,start
4809,2024-07-14,start
4810,2024-07-10,start
4810,2024-09-24,cancel
4811,2024-03-13,start
4812,2024-01-02,start
4812,2024-04-12,cancel
4813,2024-11-19,start
4814,2024-06-05,start
4815,2024-05-24,start
4815,2024-06-15,pause
4815,2024-09-12,resume
4815,2024-10-29,pause
4815,2024-12-11,resume
4816,2024-03-28,start
4817,2024-11-14,start
4818,2024-11-12,start
4819,2024-11-04,start
4820,2024-11-24,start
4821,2024-03-03,start
4821,2024-05-05,cancel
4822,2024-07-11,start
4822,2024-11-04,cancel
4823,2024-09-24,start
4824,2024-02-17,start
4825,2024-07-17,start
4825,2024-10-06,cancel
4826,2024-06-23,start
4826,2024-08-21,pause
4826,2024-10-19,resume
4827,2024-01-11,start
4827,2024-02-13,cancel
4828,2024-06-15,start
4828,2024-07-06,pause
4828,2024-08-30,resume
4828,2024-11-21,pause
4829,2024-01-12,start
4829,2024-08-06,cancel
4830,2024-11-20,start
4831,2024-05-05,start
4831,2024-10-02,pause
4831,2024-11-05,resume
4832,2024-04-12,start
4832,2024-08-18,pause
4832,2024-10-27,resume
4832,2024-12-15,pause
4833,2024-06-26,start
4833,2024-08-12,pause
4833,2024-10-23,resume
4834,2024-03-27,start
4835,2024-09-29,start
4836,2024-02-11,start
4836,2024-10-23,cancel
4837,2024-11-08,start
4838,2024-09-08,start
4839,2024-08-30,start
4840,2024-11-14,start
4841,2024-05-18,start
4842,2024-03-30,start
4843,2024-07-29,start
4844,2024-02-04,start
4844,2024-09-27,cancel
4845,2024-08-03,start
4846,2024-03-06,start
4847,2024-01-03,start
4848,2024-01-28,start
4848,2024-05-15,cancel
4849,2024-11-20,start
4850,2024-07-02,start
4851,2024-04-21,start
4851,2024-09-29,pause
4851,2024-11-07,resume
4851,2024-12-08,pause
4852,2024-08-24,start
4853,2024-11-11,start
4854,2024-06-25,start
4854,2024-08-31,pause
4854,2024-10-06,resume
4855,2024-05-26,start
4855,2024-07-31,pause
4855,2024-09-14,resume
4856,2024-06-10,start
4856,2024-11-12,pause
4857,2024-06-05,start
4857,2024-07-01,pause
4857,2024-09-08,resume
4858,2024-02-18,start
4858,2024-05-02,cancel
4859,2024-01-21,start
4859,2024-05-15,cancel
4860,2024-07-15,start
4861,2024-05-06,start
4861,2024-06-01,pause
4861,2024-08-13,resume
4861,2024-10-05,pause
4861,2024-11-26,resume
4862,2024-01-17,start
4863,2024-03-13,start
4863,2024-10-31,cancel
4864,2024-07-14,start
4864,2024-08-31,cancel
4865,2024-09-03,start
4866,2024-04-03,start
4866,2024-05-10,pause
4866,2024-06-21,resume
4867,2024-01-07,start
4868,2024-11-06,start
4868,2024-11-28,cancel
4869,2024-05-12,start
4869,2024-06-21,pause
4869,2024-09-08,resume
4869,2024-11-11,pause
4870,2024-06-12,start
4870,2024-10-16,cancel
4871,2024-01-20,start
4871,2024-09-04,cancel
4872,2024-09-17,start
4873,2024-01-27,start
4873,2024-07-18,cancel
4874,2024-09-08,start
4875,2024-07-01,start
4876,2024-11-19,start
4877,2024-10-04,start
4878,2024-03-19,start
4879,2024-08-08,start
4879,2024-09-12,cancel
4880,2024-08-17,start
4881,2024-03-21,start
4881,2024-06-16,cancel
4882,2024-03-05,start
4883,2024-02-26,start
4884,2024-08-27,start
4885,2024-06-29,start
4885,2024-09-05,pause
4885,2024-10-25,resume
4885,2024-12-13,pause
4886,2024-10-20,start
4887,2024-10-13,start
4888,2024-01-18,start
4889,2024-03-17,start
4890,2024-07-12,start
4891,2024-01-01,start
4891,2024-10-25,cancel
4892,2024-01-22,start
4892,2024-04-30,cancel
4893,2024-02-13,start
4893,2024-10-16,cancel
4894,2024-01-18,start
4895,2024-01-24,start
4895,2024-11-01,cancel
4896,2024-05-27,start
4896,2024-08-08,pause
4896,2024-10-28,resume
4897,2024-01-28,start
4897,2024-09-09,cancel
4898,2024-06-10,start
4898,2024-07-17,pause
4898,2024-09-17,resume
4898,2024-11-28,pause
4899,2024-03-17,start
4900,2024-04-14,start
4900,2024-10-09,pause
4900,2024-11-20,resume
4901,2024-08-16,start
4902,2024-02-16,start
4903,2024-06-29,start
4903,2024-12-13,pause
4904,2024-04-06,start
4904,2024-06-18,pause
4904,2024-09-04,resume
4904,2024-11-15,pause
4905,2024-01-25,start
4906,2024-07-17,start
4906,2024-11-12,cancel
4907,2024-05-02,start
4907,2024-10-20,pause
4908,2024-08-18,start
4909,2024-05-09,start
4909,2024-07-22,cancel
4910,2024-07-24,start
4911,2024-06-07,start
4911,2024-07-03,cancel
4912,2024-01-27,start
4912,2024-02-17,cancel
4913,2024-04-20,start
4913,2024-07-09,pause
4913,2024-09-08,resume
4913,2024-12-01,pause
4914,2024-05-28,start
4914,2024-07-05,pause
4914,2024-08-11,resume
4914,2024-10-16,pause
4915,2024-10-23,start
4916,2024-06-04,start
4916,2024-07-05,pause
4916,2024-09-12,resume
4917,2024-11-23,start
4918,2024-02-28,start
4918,2024-05-12,cancel
4919,2024-05-07,start
4919,2024-12-10,pause
4920,2024-02-13,start
4920,2024-05-29,cancel
4921,2024-11-20,start
4922,2024-05-05,start
4922,2024-07-19,pause
4922,2024-10-08,resume
4923,2024-03-14,start
4923,2024-04-30,cancel
4924,2024-10-03,start
4925,2024-04-23,start
4926,2024-09-03,start
4927,2024-07-30,start
4928,2024-05-12,start
4928,2024-09-11,cancel
4929,2024-02-20,start
4930,2024-11-25,start
4931,2024-08-23,start
4932,2024-05-28,start
4932,2024-08-26,pause
4932,2024-10-14,resume
4933,2024-08-15,start
4934,2024-09-16,start
4935,2024-01-21,start
4935,2024-08-16,cancel
4936,2024-04-01,start
4936,2024-06-09,pause
4936,2024-07-21,resume
4936,2024-09-26,pause
4936,2024-11-25,resume
4936,2024-12-17,pause
4937,2024-03-02,start
4937,2024-05-22,cancel
4938,2024-10-01,start
4939,2024-01-26,start
4940,2024-10-10,start
4941,2024-05-11,start
4941,2024-08-14,pause
4941,2024-10-25,resume
4942,2024-01-10,start
4942,2024-02-20,cancel
4943,2024-11-24,start
4944,2024-07-13,start
4945,2024-06-18,start
4945,2024-11-01,pause
4946,2024-04-07,start
4946,2024-06-03,pause
4946,2024-07-07,resume
4946,2024-07-30,pause
4946,2024-09-01,resume
4946,2024-10-22,cancel
4947,2024-04-06,start
4947,2024-09-24,pause
4947,2024-10-30,resume
4948,2024-08-01,start
4949,2024-04-25,start
4949,2024-09-22,pause
4949,2024-12-07,resume
4950,2024-04-16,start
4951,2024-08-09,start
4951,2024-09-13,cancel
4952,2024-03-15,start
4953,2024-08-24,start
4954,2024-05-23,start
4954,2024-07-24,pause
4954,2024-08-29,resume
4954,2024-11-30,pause
4955,2024-07-10,start
4956,2024-11-11,start
4957,2024-02-01,start
4957,2024-04-27,cancel
4958,2024-04-29,start
4958,2024-08-17,pause
4958,2024-10-31,resume
4959,2024-10-17,start
4960,2024-01-26,start
4960,2024-08-10,cancel
4961,2024-05-01,start
4961,2024-07-22,pause
4961,2024-10-08,resume
4961,2024-11-13,cancel
4962,2024-03-16,start
4963,2024-09-03,start
4964,2024-06-24,start
4964,2024-10-12,pause
4965,2024-04-08,start
4965,2024-06-23,cancel
4966,2024-02-05,start
4966,2024-10-26,cancel
4967,2024-11-13,start
4968,2024-02-24,start
4969,2024-01-23,start
4969,2024-12-15,cancel
4970,2024-02-21,start
4970,2024-09-25,cancel
4971,2024-07-23,start
4972,2024-01-29,start
4973,2024-04-06,start
4973,2024-09-22,pause
4973,2024-11-06,resume
4974,2024-09-25,start
4975,2024-07-15,start
4976,2024-09-11,start
4977,2024-10-29,start
4978,2024-11-07,start
4979,2024-04-08,start
4979,2024-05-22,pause
4979,2024-08-19,resume
4979,2024-11-30,pause
4980,2024-07-23,start
4981,2024-11-15,start
4982,2024-06-20,start
4982,2024-08-09,pause
4982,2024-10-31,resume
4983,2024-05-02,start
4983,2024-06-13,pause
4983,2024-07-17,resume
4983,2024-09-08,pause
4983,2024-11-02,resume
4984,2024-01-22,start
4985,2024-11-07,start
4986,2024-09-17,start
4987,2024-08-12,start
4987,2024-12-19,cancel
4988,2024-10-02,start
4989,2024-03-08,start
4989,2024-07-28,cancel
4990,2024-06-14,start
4990,2024-08-09,pause
4990,2024-10-14,resume
4991,2024-06-05,start
4991,2024-09-03,pause
4991,2024-10-30,resume
4992,2024-10-22,start
4993,2024-04-03,start
4993,2024-09-15,pause
4993,2024-11-19,resume
4994,2024-08-11,start
4995,2024-11-12,start
4996,2024-08-25,start
4997,2024-05-24,start
4997,2024-08-09,pause
4997,2024-10-07,resume
4998,2024-06-20,start
4998,2024-12-21,pause
4999,2024-11-05,start
5000,2024-09-24,start
5001,2024-11-23,start
5002,2024-02-21,start
5002,2024-03-15,cancel
5003,2024-11-22,start
5004,2024-01-10,start
5004,2024-07-16,cancel
5005,2024-02-02,start
5005,2024-10-23,cancel
5006,2024-10-30,start
5007,2024-11-04,start
5008,2024-11-16,start
5009,2024-08-07,start
5010,2024-09-11,start
5010,2024-12-13,cancel
5011,2024-05-30,start
5012,2024-07-05,start
5013,2024-11-21,start
5014,2024-09-29,start
5015,2024-07-25,start
5016,2024-08-23,start
5017,2024-04-01,start
5017,2024-08-10,pause
5017,2024-09-19,resume
5018,2024-11-16,start
5019,2024-08-14,start
5020,2024-07-14,start
5021,2024-02-08,start
5022,2024-06-17,start
5023,2024-04-20,start
5023,2024-07-01,pause
5023,2024-08-21,resume
5024,2024-01-10,start
5024,2024-05-23,cancel
5025,2024-08-24,start
5026,2024-07-24,start
5027,2024-11-19,start
5028,2024-08-25,start
5029,2024-01-15,start
5029,2024-11-18,cancel
5030,2024-05-19,start
5030,2024-07-28,pause
5030,2024-09-21,resume
5031,2024-07-14,start
5031,2024-09-24,cancel
5032,2024-09-02,start
5033,2024-07-21,start
5034,2024-06-25,start
5034,2024-09-15,pause
5034,2024-12-04,resume
5035,2024-04-14,start
5035,2024-07-10,pause
5035,2024-09-07,resume
5036,2024-10-19,start
5037,2024-07-03,start
5037,2024-07-30,cancel
5038,2024-10-02,start
5039,2024-01-07,start
5040,2024-07-25,start
5041,2024-07-25,start
5042,2024-06-21,start
5042,2024-08-17,pause
5042,2024-09-19,resume
5042,2024-12-04,pause
5043,2024-10-21,start
5044,2024-05-21,start
5044,2024-09-17,pause
5044,2024-10-27,resume
5045,2024-03-29,start
5046,2024-01-04,start
5046,2024-04-07,cancel
5047,2024-05-16,start
5047,2024-11-23,pause
5048,2024-05-11,start
5048,2024-10-02,cancel
5049,2024-05-16,start
5049,2024-08-09,pause
5049,2024-10-17,resume
5050,2024-10-26,start
5051,2024-10-21,start
5051,2024-12-05,cancel
5052,2024-04-22,start
5052,2024-07-12,pause
5052,2024-08-12,resume
5053,2024-05-14,start
5053,2024-12-19,pause
5054,2024-07-15,start
5054,2024-10-12,cancel
5055,2024-04-29,start
5055,2024-07-24,cancel
5056,2024-03-18,start
5057,2024-03-19,start
5057,2024-06-06,cancel
5058,2024-04-26,start
5058,2024-07-02,pause
5058,2024-09-16,resume
5058,2024-11-22,pause
5059,2024-05-15,start
5059,2024-06-18,cancel
5060,2024-07-12,start
5061,2024-07-03,start
5062,2024-11-26,start
5063,2024-11-26,start
5064,2024-01-24,start
5064,2024-03-10,cancel
5065,2024-02-24,start
5066,2024-09-08,start
5067,2024-04-09,start
5067,2024-06-27,pause
5067,2024-07-27,resume
5067,2024-08-30,pause
5067,2024-10-24,resume
5067,2024-12-22,pause
5068,2024-03-06,start
5069,2024-06-17,start
5069,2024-07-08,pause
5069,2024-09-28,resume
5069,2024-11-02,pause
5070,2024-08-01,start
5071,2024-06-09,start
5071,2024-10-22,pause
5071,2024-12-03,resume
5072,2024-06-25,start
5072,2024-09-05,pause
5072,2024-11-01,resume
5073,2024-10-17,start
5074,2024-05-18,start
5074,2024-07-05,pause
5074,2024-09-06,resume
5075,2024-02-28,start
5076,2024-11-16,start
5077,2024-01-13,start
5078,2024-02-29,start
5079,2024-09-03,start
5079,2024-12-17,cancel
5080,2024-07-13,start
5081,2024-07-08,start
5081,2024-10-15,cancel
5082,2024-01-23,start
5083,2024-08-09,start
5083,2024-09-02,cancel
5084,2024-10-25,start
5085,2024-10-22,start
5086,2024-01-28,start
5086,2024-12-02,cancel
5087,2024-02-28,start
5087,2024-06-30,cancel
5088,2024-03-18,start
5088,2024-09-25,cancel
5089,2024-11-23,start
5090,2024-09-21,start
5091,2024-02-07,start
5092,2024-10-17,start
5092,2024-11-24,cancel
5093,2024-01-13,start
5094,2024-05-06,start
5094,2024-06-23,pause
5094,2024-07-30,resume
5094,2024-10-26,cancel
5095,2024-08-14,start
5096,2024-04-19,start
5096,2024-05-23,pause
5096,2024-07-03,resume
5096,2024-11-20,cancel
5097,2024-05-26,start
5097,2024-06-30,pause
5097,2024-09-20,resume
5098,2024-04-06,start
5098,2024-08-25,pause
5098,2024-10-29,resume
5098,2024-12-20,pause
5099,2024-10-06,start
5100,2024-02-08,start
5100,2024-09-19,cancel
5101,2024-03-16,start
5101,2024-11-28,cancel
5102,2024-08-17,start
5103,2024-03-09,start
5104,2024-07-05,start
5105,2024-09-24,start
5106,2024-07-04,start
5106,2024-09-12,cancel
5107,2024-05-15,start
5107,2024-07-08,pause
5107,2024-08-29,resume
5107,2024-12-04,pause
5108,2024-07-12,start
5109,2024-10-19,start
5110,2024-01-25,start
5111,2024-08-21,start
5112,2024-10-15,start
5113,2024-07-27,start
5114,2024-03-02,start
5115,2024-09-13,start
5116,2024-07-18,start
5116,2024-11-12,cancel
5117,2024-05-23,start
5117,2024-06-19,pause
5117,2024-08-26,resume
5117,2024-10-15,pause
5117,2024-12-06,resume
5118,2024-04-09,start
5118,2024-07-17,pause
5118,2024-09-14,resume
5118,2024-10-09,pause
5118,2024-11-22,resume
5119,2024-08-01,start
5120,2024-09-19,start
5121,2024-04-06,start
5121,2024-10-15,pause
5121,2024-11-23,resume
5122,2024-03-28,start
5123,2024-01-24,start
5123,2024-09-12,cancel
5124,2024-10-08,start
5125,2024-09-07,start
5126,2024-04-26,start
5126,2024-07-22,pause
5126,2024-09-15,resume
5126,2024-11-02,pause
5127,2024-01-15,start
5127,2024-04-21,cancel
5128,2024-03-21,start
5128,2024-05-06,cancel
5129,2024-05-22,start
5130,2024-06-15,start
5130,2024-11-08,pause
5131,2024-04-16,start
5131,2024-09-11,pause
5131,2024-12-04,resume
5132,2024-07-20,start
5133,2024-06-13,start
5133,2024-11-05,pause
5134,2024-05-10,start
5134,2024-06-05,pause
5134,2024-07-27,resume
5134,2024-09-18,pause
5134,2024-11-30,resume
5135,2024-09-05,start
5136,2024-07-08,start
5137,2024-05-08,start
5137,2024-12-13,pause
5138,2024-10-10,start
5139,2024-04-22,start
5139,2024-07-14,pause
5139,2024-10-08,resume
5139,2024-12-17,pause
5140,2024-04-07,start
5140,2024-05-01,pause
5140,2024-07-02,resume
5140,2024-12-24,cancel
5141,2024-03-14,start
5142,2024-01-01,start
5142,2024-02-13,cancel
5143,2024-09-18,start
5144,2024-06-02,start
5144,2024-08-16,pause
5144,2024-10-19,resume
5144,2024-12-19,pause
5145,2024-08-08,start
5146,2024-11-17,start
5147,2024-07-18,start
5148,2024-07-13,start
5148,2024-12-10,cancel
5149,2024-02-09,start
5149,2024-06-04,cancel
5150,2024-06-06,start
5150,2024-12-23,pause
5151,2024-10-28,start
5152,2024-08-10,start
5153,2024-01-19,start
5153,2024-06-02,cancel
5154,2024-08-21,start
5155,2024-05-31,start
5155,2024-10-31,pause
5155,2024-12-19,resume
5156,2024-08-06,start
5157,2024-08-02,start
5157,2024-10-24,cancel
5158,2024-09-10,start
5158,2024-10-17,cancel
5159,2024-03-01,start
5160,2024-08-14,start
5160,2024-10-20,cancel
5161,2024-05-03,start
5161,2024-07-11,pause
5161,2024-09-25,resume
5162,2024-09-17,start
5162,2024-11-21,cancel
5163,2024-08-01,start
5164,2024-10-11,start
5165,2024-11-03,start
5166,2024-07-29,start
5167,2024-11-21,start
5168,2024-08-22,start
5169,2024-05-30,start
5169,2024-08-23,pause
5169,2024-10-27,resume
5170,2024-05-09,start
5170,2024-07-08,pause
5170,2024-08-08,resume
5170,2024-12-02,pause
5171,2024-11-26,start
5172,2024-01-08,start
5173,2024-06-17,start
5174,2024-01-23,start
5175,2024-02-20,start
5176,2024-04-28,start
5176,2024-07-26,pause
5176,2024-09-14,resume
5177,2024-11-08,start
5177,2024-12-20,cancel
5178,2024-04-27,start
5178,2024-08-15,pause
5178,2024-11-04,resume
5179,2024-04-17,start
5179,2024-08-04,cancel
5180,2024-07-05,start
5180,2024-10-21,cancel
5181,2024-07-06,start
5182,2024-08-20,start
5183,2024-06-06,start
5183,2024-10-14,cancel
5184,2024-10-18,start
5185,2024-05-15,start
5185,2024-07-01,pause
5185,2024-09-10,resume
5185,2024-11-16,cancel
5186,2024-04-12,start
5186,2024-10-10,pause
5186,2024-11-20,resume
5187,2024-05-10,start
5187,2024-08-07,pause
5187,2024-10-14,resume
5188,2024-01-29,start
5188,2024-09-19,cancel
5189,2024-05-13,start
5189,2024-06-16,pause
5189,2024-08-17,resume
5189,2024-12-09,pause
5190,2024-06-30,start
5191,2024-03-30,start
5192,2024-05-11,start
5192,2024-07-30,pause
5192,2024-10-14,resume
5193,2024-02-15,start
5193,2024-06-22,cancel
5194,2024-04-07,start
5194,2024-11-25,cancel
5195,2024-02-03,start
5195,2024-12-14,cancel
5196,2024-10-16,start
5197,2024-06-21,start
5197,2024-09-01,pause
5197,2024-10-26,resume
5198,2024-06-06,start
5198,2024-08-28,pause
5198,2024-11-18,resume
5199,2024-03-14,start
5199,2024-11-29,cancel
5200,2024-11-12,start
5201,2024-04-17,start
5201,2024-05-13,pause
5201,2024-06-17,resume
5201,2024-08-27,pause
5201,2024-10-12,resume
5202,2024-02-10,start
5202,2024-11-05,cancel
5203,2024-08-04,start
5204,2024-03-23,start
5205,2024-11-11,start
5206,2024-08-21,start
5206,2024-11-12,cancel
5207,2024-04-13,start
5207,2024-07-06,pause
5207,2024-09-14,resume
5208,2024-10-01,start
5208,2024-10-26,cancel
5209,2024-03-06,start
5209,2024-10-30,cancel
5210,2024-10-31,start
5211,2024-03-20,start
5212,2024-03-26,start
5212,2024-09-27,cancel
5213,2024-01-07,start
5214,2024-03-27,start
5214,2024-06-10,cancel
5215,2024-11-14,start
5216,2024-08-19,start
5217,2024-03-18,start
5217,2024-06-08,cancel
5218,2024-04-18,start
5218,2024-09-24,pause
5218,2024-11-17,resume
5218,2024-12-19,pause
5219,2024-05-19,start
5219,2024-07-28,pause
5219,2024-09-04,resume
5219,2024-10-02,pause
5219,2024-12-08,resume
5220,2024-02-27,start
5221,2024-10-15,start
5222,2024-05-02,start
5223,2024-04-08,start
5223,2024-05-12,pause
5223,2024-06-17,resume
5223,2024-08-17,pause
5223,2024-11-06,resume
5224,2024-01-21,start
5224,2024-11-25,cancel
5225,2024-09-21,start
5226,2024-02-11,start
5226,2024-05-03,cancel
5227,2024-05-04,start
5227,2024-06-28,pause
5227,2024-08-13,resume
5227,2024-09-16,pause
5227,2024-11-01,resume
5228,2024-10-23,start
5229,2024-08-21,start
5230,2024-09-14,start
5231,2024-01-15,start
5232,2024-07-18,start
5233,2024-03-23,start
5233,2024-12-19,cancel
5234,2024-05-23,start
5234,2024-08-09,pause
5234,2024-10-23,resume
5235,2024-07-24,start
5236,2024-01-10,start
5237,2024-08-02,start
5238,2024-08-17,start
5238,2024-09-13,cancel
5239,2024-11-13,start
5240,2024-02-12,start
5241,2024-04-10,start
5241,2024-08-19,pause
5241,2024-09-25,resume
5242,2024-01-28,start
5243,2024-08-08,start
5244,2024-11-17,start
5245,2024-11-11,start
5246,2024-10-09,start
5247,2024-11-03,start
5248,2024-10-05,start
5249,2024-11-09,start
5250,2024-11-10,start
5251,2024-06-08,start
5252,2024-11-24,start
5253,2024-09-04,start
5254,2024-04-05,start
5254,2024-06-26,pause
5254,2024-08-06,resume
5254,2024-10-21,pause
5254,2024-12-18,resume
5255,2024-07-31,start
5255,2024-10-06,cancel
5256,2024-07-23,start
5257,2024-05-18,start
5257,2024-07-01,pause
5257,2024-08-03,resume
5258,2024-01-01,start
5258,2024-03-28,cancel
5259,2024-02-10,start
5260,2024-11-17,start
5261,2024-03-16,start
5262,2024-07-13,start
5263,2024-05-25,start
5263,2024-11-03,pause
5264,2024-10-25,start
5265,2024-07-28,start
5266,2024-08-21,start
5267,2024-01-03,start
5267,2024-09-16,cancel
5268,2024-09-16,start
5269,2024-03-20,start
5269,2024-10-10,cancel
5270,2024-07-14,start
5271,2024-07-09,start
5272,2024-06-02,start
5272,2024-11-23,cancel
5273,2024-03-27,start
5273,2024-06-24,cancel
5274,2024-09-12,start
5275,2024-02-01,start
5276,2024-09-01,start
5277,2024-01-08,start
5278,2024-01-08,start
5279,2024-06-09,start
5279,2024-07-01,pause
5279,2024-09-24,resume
5280,2024-02-22,start
5281,2024-09-10,start
5281,2024-11-30,cancel
5282,2024-03-24,start
5283,2024-05-16,start
5283,2024-07-30,pause
5283,2024-10-10,resume
5283,2024-12-22,pause
5284,2024-08-24,start
5285,2024-05-29,start
5285,2024-10-21,pause
5286,2024-02-20,start
5286,2024-04-23,cancel
5287,2024-04-29,start
5287,2024-10-26,pause
5288,2024-05-11,start
5288,2024-07-13,pause
5288,2024-08-12,resume
5288,2024-09-17,pause
5288,2024-11-20,resume
5289,2024-11-09,start
5290,2024-04-02,start
5290,2024-06-02,pause
5290,2024-08-26,resume
5290,2024-10-06,pause
5291,2024-01-20,start
5291,2024-08-27,cancel
5292,2024-08-23,start
5292,2024-10-01,cancel
5293,2024-10-01,start
5294,2024-09-17,start
5295,2024-06-15,start
5295,2024-09-13,pause
5295,2024-11-24,resume
5296,2024-05-01,start
5296,2024-05-27,pause
5296,2024-07-26,resume
5296,2024-09-26,pause
5296,2024-11-12,resume
5297,2024-09-07,start
5298,2024-06-11,start
5298,2024-09-02,pause
5298,2024-11-13,resume
5299,2024-06-06,start
5300,2024-08-09,start
5301,2024-08-06,start
5302,2024-08-11,start
5303,2024-04-12,start
5304,2024-05-15,start
5304,2024-08-04,pause
5304,2024-09-15,resume
5305,2024-11-26,start
5306,2024-04-17,start
5306,2024-05-10,pause
5306,2024-07-03,resume
5306,2024-09-12,cancel
5307,2024-07-19,start
5307,2024-11-06,cancel
5308,2024-09-09,start
5309,2024-03-23,start
5310,2024-09-02,start
5311,2024-01-25,start
5312,2024-08-05,start
5313,2024-04-11,start
5313,2024-07-17,pause
5313,2024-09-13,resume
5313,2024-11-14,pause
5314,2024-09-10,start
5314,2024-11-13,cancel
5315,2024-05-04,start
5315,2024-08-20,pause
5315,2024-10-24,resume
5316,2024-03-04,start
5317,2024-01-03,start
5317,2024-07-20,cancel
5318,2024-10-01,start
5319,2024-03-13,start
5319,2024-05-21,cancel
5320,2024-08-06,start
5320,2024-12-03,cancel
5321,2024-10-08,start
5321,2024-11-03,cancel
5322,2024-07-31,start
5323,2024-05-10,start
5323,2024-09-13,cancel
5324,2024-02-06,start
5324,2024-12-21,cancel
5325,2024-01-06,start
5325,2024-02-22,cancel
5326,2024-08-14,start
5326,2024-10-06,cancel
5327,2024-01-06,start
5327,2024-02-19,cancel
5328,2024-02-06,start
5329,2024-07-05,start
5330,2024-07-17,start
5331,2024-04-12,start
5331,2024-08-11,cancel
5332,2024-07-10,start
5332,2024-09-25,cancel
5333,2024-08-03,start
5333,2024-10-31,cancel
5334,2024-01-13,start
5334,2024-03-05,cancel
5335,2024-02-08,start
5335,2024-11-09,cancel
5336,2024-09-15,start
5336,2024-12-13,cancel
5337,2024-02-13,start
5337,2024-09-21,cancel
5338,2024-01-29,start
5338,2024-05-16,cancel
5339,2024-01-21,start
5339,2024-05-05,cancel
5340,2024-11-15,start
5341,2024-11-06,start
5342,2024-10-10,start
5343,2024-02-28,start
5343,2024-10-23,cancel
5344,2024-09-26,start
5345,2024-06-01,start
5345,2024-06-30,pause
5345,2024-09-11,resume
5346,2024-01-28,start
5347,2024-05-01,start
5347,2024-06-15,pause
5347,2024-08-01,resume
5347,2024-12-01,pause
5348,2024-04-06,start
5348,2024-07-10,pause
5348,2024-08-10,resume
5348,2024-10-13,pause
5348,2024-12-02,resume
5349,2024-08-16,start
5349,2024-10-09,cancel
5350,2024-06-20,start
5351,2024-11-14,start
5352,2024-05-19,start
5352,2024-08-17,pause
5352,2024-10-17,resume
5353,2024-07-30,start
5354,2024-07-31,start
5354,2024-11-25,cancel
5355,2024-05-11,start
5356,2024-08-07,start
5356,2024-09-05,cancel
5357,2024-03-18,start
5357,2024-06-24,cancel
5358,2024-04-06,start
5358,2024-08-02,pause
5358,2024-10-09,resume
5358,2024-11-19,pause
5359,2024-10-16,start
5360,2024-09-28,start
5361,2024-10-23,start
5361,2024-11-28,cancel
5362,2024-09-06,start
5363,2024-01-15,start
5364,2024-08-28,start
5365,2024-04-05,start
5365,2024-07-10,pause
5365,2024-08-22,resume
5365,2024-09-15,pause
5365,2024-12-06,resume
5366,2024-01-13,start
5366,2024-09-07,cancel
5367,2024-06-09,start
5367,2024-08-02,pause
5367,2024-09-18,resume
5367,2024-11-08,pause
5368,2024-01-16,start
5368,2024-10-16,cancel
5369,2024-10-23,start
5370,2024-08-27,start
5371,2024-08-22,start
5372,2024-08-20,start
5372,2024-10-23,cancel
5373,2024-04-15,start
5373,2024-08-19,cancel
5374,2024-03-11,start
5375,2024-09-06,start
5376,2024-07-26,start
5376,2024-11-23,cancel
5377,2024-10-01,start
5378,2024-05-27,start
5378,2024-12-16,cancel
5379,2024-05-12,start
5379,2024-08-22,pause
5379,2024-10-13,resume
5380,2024-08-02,start
5381,2024-07-05,start
5382,2024-10-26,start
5383,2024-09-18,start
5384,2024-01-22,start
5384,2024-03-29,cancel
5385,2024-07-26,start
5385,2024-11-16,cancel
5386,2024-07-08,start
5387,2024-04-06,start
5387,2024-06-01,pause
5387,2024-07-27,resume
5387,2024-10-03,pause
5388,2024-02-19,start
5389,2024-01-15,start
5390,2024-07-24,start
5390,2024-10-18,cancel
5391,2024-02-28,start
5392,2024-03-17,start
5393,2024-09-11,start
5394,2024-07-20,start
5394,2024-12-07,cancel
5395,2024-05-13,start
5395,2024-12-20,pause
5396,2024-01-03,start
5397,2024-02-21,start
5398,2024-08-20,start
5399,2024-09-26,start
5400,2024-07-26,start
5400,2024-11-02,cancel
5401,2024-10-06,start
5402,2024-06-02,start
5402,2024-07-05,pause
5402,2024-08-28,resume
5403,2024-07-30,start
5404,2024-10-17,start
5405,2024-03-29,start
5405,2024-07-26,cancel
5406,2024-01-20,start
5406,2024-07-16,cancel
5407,2024-01-12,start
5408,2024-10-29,start
5408,2024-12-06,cancel
5409,2024-09-13,start
5410,2024-05-29,start
5410,2024-07-19,pause
5410,2024-08-26,resume
5411,2024-02-22,start
5412,2024-08-22,start
5413,2024-08-14,start
5414,2024-02-18,start
5414,2024-05-26,cancel
5415,2024-11-01,start
5416,2024-03-30,start
5417,2024-04-20,start
5417,2024-05-21,pause
5417,2024-07-10,resume
5417,2024-09-22,pause
5417,2024-12-11,resume
5418,2024-10-19,start
5419,2024-05-31,start
5419,2024-12-23,pause
5420,2024-02-17,start
5421,2024-09-16,start
5421,2024-11-30,cancel
5422,2024-05-31,start
5422,2024-10-22,pause
5422,2024-11-22,resume
5423,2024-04-22,start
5423,2024-07-16,pause
5423,2024-09-08,resume
5423,2024-11-10,pause
5424,2024-08-12,start
5424,2024-11-05,cancel
5425,2024-11-25,start
5426,2024-05-29,start
5427,2024-02-20,start
5428,2024-04-19,start
5428,2024-08-27,pause
5428,2024-11-03,resume
5429,2024-03-26,start
5430,2024-09-03,start
5431,2024-11-15,start
5432,2024-07-26,start
5432,2024-10-12,cancel
5433,2024-11-14,start
5434,2024-05-25,start
5434,2024-08-23,pause
5434,2024-11-14,resume
5435,2024-11-10,start
5436,2024-02-03,start
5436,2024-11-13,cancel
5437,2024-06-24,start
5437,2024-09-09,pause
5437,2024-11-22,resume
5438,2024-07-13,start
5439,2024-06-05,start
5439,2024-08-23,cancel
5440,2024-02-20,start
5440,2024-04-13,cancel
5441,2024-01-17,start
5441,2024-02-07,cancel
5442,2024-04-26,start
5442,2024-10-16,pause
5442,2024-12-24,resume
5443,2024-09-29,start
5444,2024-02-02,start
5444,2024-07-10,cancel
5445,2024-08-13,start
5446,2024-01-03,start
5446,2024-10-23,cancel
5447,2024-07-25,start
5448,2024-11-24,start
5449,2024-08-19,start
5450,2024-01-11,start
5450,2024-06-16,cancel
5451,2024-05-11,start
5451,2024-12-21,pause
5452,2024-03-10,start
5453,2024-01-15,start
5454,2024-07-27,start
5454,2024-10-26,cancel
5455,2024-09-15,start
5455,2024-10-25,cancel
5456,2024-07-17,start
5457,2024-07-02,start
5457,2024-08-10,cancel
5458,2024-01-16,start
5459,2024-05-01,start
5459,2024-06-07,pause
5459,2024-08-17,resume
5459,2024-09-08,pause
5459,2024-11-29,resume
5460,2024-05-24,start
5460,2024-08-28,cancel
5461,2024-01-06,start
5461,2024-12-23,cancel
5462,2024-09-02,start
5463,2024-06-14,start
5464,2024-07-10,start
5465,2024-02-03,start
5465,2024-03-14,cancel
5466,2024-09-23,start
5467,2024-10-10,start
5468,2024-06-29,start
5468,2024-09-10,pause
5468,2024-12-06,resume
5469,2024-07-10,start
5470,2024-02-02,start
5471,2024-04-30,start
5472,2024-01-27,start
5473,2024-06-24,start
5473,2024-09-23,pause
5473,2024-12-05,resume
5474,2024-02-18,start
5474,2024-07-06,cancel
5475,2024-03-09,start
5476,2024-10-04,start
5477,2024-02-20,start
5477,2024-10-14,cancel
5478,2024-06-01,start
5479,2024-10-30,start
5479,2024-11-19,cancel
5480,2024-06-20,start
5480,2024-09-04,pause
5480,2024-10-07,resume
5481,2024-01-23,start
5482,2024-11-25,start
5483,2024-03-28,start
5483,2024-11-24,cancel
5484,2024-01-05,start
5484,2024-07-19,cancel
5485,2024-05-11,start
5485,2024-07-02,pause
5485,2024-09-19,resume
5486,2024-04-29,start
5486,2024-09-18,cancel
5487,2024-03-27,start
5487,2024-09-20,cancel
5488,2024-09-22,start
5489,2024-04-11,start
5489,2024-06-11,pause
5489,2024-08-11,resume
5490,2024-10-20,start
5491,2024-01-12,start
5491,2024-09-02,cancel
5492,2024-02-01,start
5492,2024-06-03,cancel
5493,2024-07-26,start
5494,2024-03-21,start
5495,2024-03-01,start
5495,2024-11-06,cancel
5496,2024-08-06,start
5497,2024-09-16,start
5498,2024-05-29,start
5498,2024-07-20,pause
5498,2024-08-31,resume
5499,2024-07-03,start
5499,2024-08-23,cancel
5500,2024-11-02,start
5501,2024-06-28,start
5501,2024-12-24,pause
5502,2024-02-03,start
5503,2024-09-06,start
5504,2024-11-10,start
5505,2024-08-07,start
5505,2024-11-22,cancel
5506,2024-05-10,start
5507,2024-08-25,start
5507,2024-12-04,cancel
5508,2024-05-11,start
5508,2024-07-15,pause
5508,2024-09-17,resume
5509,2024-02-24,start
5510,2024-03-09,start
5510,2024-12-18,cancel
5511,2024-09-18,start
5511,2024-12-14,cancel
5512,2024-08-08,start
5512,2024-09-11,cancel
5513,2024-02-13,start
5514,2024-04-21,start
5514,2024-06-22,cancel
5515,2024-10-14,start
5516,2024-06-06,start
5516,2024-07-05,pause
5516,2024-09-19,resume
5516,2024-11-25,pause
5517,2024-01-22,start
5517,2024-10-29,cancel
5518,2024-03-06,start
5518,2024-07-25,cancel
5519,2024-08-29,start
5519,2024-12-13,cancel
5520,2024-01-29,start
5521,2024-07-05,start
5522,2024-07-27,start
5523,2024-03-26,start
5523,2024-10-26,cancel
5524,2024-05-27,start
5524,2024-07-25,pause
5524,2024-10-07,resume
5524,2024-11-06,pause
5524,2024-12-12,resume
5525,2024-02-04,start
5525,2024-06-27,cancel
5526,2024-03-06,start
5527,2024-11-14,start
5528,2024-08-07,start
5529,2024-02-13,start
5530,2024-09-26,start
5530,2024-11-29,cancel
5531,2024-01-22,start
5531,2024-06-20,cancel
5532,2024-06-26,start
5532,2024-07-25,pause
5532,2024-10-02,resume
5532,2024-12-13,pause
5533,2024-08-01,start
5534,2024-08-24,start
5535,2024-11-16,start
5536,2024-08-11,start
5537,2024-04-02,start
5537,2024-09-26,pause
5537,2024-11-11,resume
5538,2024-06-14,start
5538,2024-07-30,pause
5538,2024-10-16,resume
5539,2024-08-31,start
5539,2024-10-02,cancel
5540,2024-01-08,start
5541,2024-04-04,start
5541,2024-05-28,pause
5541,2024-08-01,resume
5541,2024-10-23,pause
5541,2024-12-17,resume
5542,2024-10-13,start
5543,2024-03-30,start
5543,2024-08-11,cancel
5544,2024-02-06,start
5544,2024-11-20,cancel
5545,2024-08-01,start
5546,2024-06-20,start
5546,2024-07-20,pause
5546,2024-08-25,resume
5546,2024-10-20,pause
5546,2024-12-13,resume
5547,2024-07-18,start
5547,2024-10-01,cancel
5548,2024-10-05,start
5549,2024-01-11,start
5549,2024-12-17,cancel
5550,2024-04-08,start
5550,2024-10-18,pause
5551,2024-09-21,start
5552,2024-10-17,start
5553,2024-03-03,start
5554,2024-11-13,start
5555,2024-05-31,start
5555,2024-09-16,pause
5555,2024-11-17,resume
5556,2024-04-20,start
5556,2024-06-13,pause
5556,2024-07-16,resume
5556,2024-09-02,pause
5556,2024-10-15,resume
5557,2024-08-30,start
5558,2024-02-27,start
5558,2024-10-18,cancel
5559,2024-06-19,start
5559,2024-12-15,pause
5560,2024-11-13,start
5561,2024-10-01,start
5562,2024-09-25,start
5563,2024-10-10,start
5563,2024-12-22,cancel
5564,2024-02-22,start
5565,2024-05-27,start
5565,2024-06-23,cancel
5566,2024-01-10,start
5567,2024-10-22,start
5568,2024-04-22,start
5568,2024-06-27,pause
5568,2024-09-05,resume
5568,2024-12-04,pause
5569,2024-04-11,start
5569,2024-07-26,pause
5569,2024-09-22,resume
5570,2024-03-30,start
5571,2024-06-26,start
5571,2024-08-27,pause
5571,2024-10-06,resume
5572,2024-11-07,start
5573,2024-02-28,start
5574,2024-03-31,start
5574,2024-04-30,pause
5574,2024-06-19,resume
5575,2024-05-12,start
5575,2024-07-30,pause
5575,2024-10-06,resume
5575,2024-12-06,pause
5576,2024-01-14,start
5576,2024-06-05,cancel
5577,2024-01-26,start
5578,2024-10-11,start
5579,2024-08-28,start
5580,2024-05-06,start
5580,2024-07-22,pause
5580,2024-10-01,resume
5580,2024-11-09,pause
5580,2024-12-19,resume
5581,2024-06-25,start
5581,2024-10-26,pause
5582,2024-06-30,start
5582,2024-10-13,cancel
5583,2024-08-28,start
5584,2024-07-10,start
5585,2024-03-31,start
5585,2024-12-11,pause
5586,2024-01-06,start
5586,2024-07-11,cancel
5587,2024-11-05,start
5587,2024-12-24,cancel
5588,2024-08-06,start
5588,2024-10-12,cancel
5589,2024-10-13,start
5590,2024-11-08,start
5591,2024-09-26,start
5592,2024-04-26,start
5592,2024-07-06,pause
5592,2024-09-12,resume
5592,2024-11-30,pause
5593,2024-10-23,start
5594,2024-10-28,start
5595,2024-09-18,start
5596,2024-04-02,start
5596,2024-08-09,pause
5596,2024-09-29,resume
5597,2024-02-02,start
5598,2024-01-01,start
5599,2024-09-17,start
5600,2024-04-04,start
5600,2024-10-30,pause
5600,2024-12-25,resume
5601,2024-07-26,start
5601,2024-12-03,cancel
5602,2024-05-01,start
5602,2024-07-16,pause
5602,2024-08-24,resume
5602,2024-09-14,pause
5602,2024-10-18,resume
5603,2024-07-13,start
5604,2024-01-28,start
5605,2024-01-20,start
5606,2024-02-22,start
5607,2024-04-08,start
5607,2024-08-06,pause
5607,2024-09-11,resume
5607,2024-12-09,pause
5608,2024-08-17,start
5608,2024-11-23,cancel
5609,2024-11-19,start
5610,2024-10-04,start
5610,2024-11-07,cancel
5611,2024-04-18,start
5611,2024-07-12,pause
5611,2024-08-13,resume
5612,2024-04-03,start
5612,2024-07-29,pause
5612,2024-10-19,resume
5613,2024-10-19,start
5614,2024-10-28,start
5615,2024-04-01,start
5615,2024-04-21,pause
5615,2024-05-26,resume
5615,2024-06-24,pause
5615,2024-08-26,resume
5615,2024-11-06,pause
5616,2024-11-12,start
5617,2024-10-24,start
5618,2024-06-04,start
5618,2024-09-19,pause
5618,2024-11-15,resume
5618,2024-12-05,pause
5619,2024-11-20,start
5620,2024-02-19,start
5621,2024-08-16,start
5622,2024-08-16,start
5623,2024-05-02,start
5623,2024-06-23,cancel
5624,2024-02-26,start
5625,2024-10-27,start
5626,2024-08-07,start
5627,2024-05-06,start
5627,2024-07-18,pause
5627,2024-10-12,resume
5627,2024-11-19,pause
5628,2024-05-28,start
5628,2024-10-03,pause
5628,2024-12-09,resume
5629,2024-02-13,start
5630,2024-10-02,start
5631,2024-10-30,start
5632,2024-08-02,start
5633,2024-01-27,start
5634,2024-06-04,start
5635,2024-01-10,start
5635,2024-07-01,cancel
5636,2024-11-06,start
5637,2024-11-16,start
5638,2024-05-21,start
5638,2024-08-09,pause
5638,2024-10-08,resume
5639,2024-04-14,start
5639,2024-07-03,cancel
5640,2024-08-12,start
5640,2024-12-21,cancel
5641,2024-07-17,start
5641,2024-09-26,cancel
5642,2024-05-24,start
5642,2024-07-07,pause
5642,2024-09-20,resume
5642,2024-12-15,pause
5643,2024-11-12,start
5644,2024-06-30,start
5645,2024-09-11,start
5646,2024-02-26,start
5646,2024-08-06,cancel
5647,2024-09-18,start
5648,2024-08-06,start
5649,2024-05-25,start
5649,2024-08-18,pause
5649,2024-11-14,resume
5650,2024-06-28,start
5650,2024-12-09,pause
5651,2024-06-24,start
5651,2024-08-14,pause
5651,2024-10-13,resume
5652,2024-04-23,start
5652,2024-06-16,pause
5652,2024-09-14,resume
5653,2024-07-07,start
5654,2024-11-24,start
5655,2024-11-16,start
5656,2024-01-17,start
5656,2024-11-21,cancel
5657,2024-04-26,start
5658,2024-02-18,start
5658,2024-03-28,cancel
5659,2024-06-22,start
5659,2024-12-12,cancel
5660,2024-09-20,start
5661,2024-02-23,start
5662,2024-09-23,start
5662,2024-10-20,cancel
5663,2024-05-14,start
5663,2024-09-24,pause
5663,2024-12-13,resume
5664,2024-04-04,start
5664,2024-07-23,pause
5664,2024-09-24,resume
5664,2024-11-30,pause
5665,2024-11-23,start
5666,2024-05-21,start
5666,2024-07-17,pause
5666,2024-09-29,resume
5667,2024-01-20,start
5668,2024-10-22,start
5669,2024-03-23,start
5669,2024-04-12,cancel
5670,2024-10-30,start
5671,2024-02-28,start
5672,2024-06-21,start
5672,2024-09-26,pause
5672,2024-11-15,resume
5673,2024-10-29,start
5674,2024-09-06,start
5674,2024-10-29,cancel
5675,2024-02-09,start
5676,2024-01-13,start
5676,2024-07-01,cancel
5677,2024-06-12,start
5677,2024-08-27,pause
5677,2024-10-26,resume
5678,2024-07-07,start
5678,2024-10-18,cancel
5679,2024-08-10,start
5680,2024-06-06,start
5680,2024-07-15,pause
5680,2024-10-10,resume
5680,2024-12-25,pause
5681,2024-11-16,start
5682,2024-05-26,start
5682,2024-08-16,pause
5682,2024-09-21,resume
5683,2024-02-28,start
5684,2024-05-16,start
5684,2024-07-16,pause
5684,2024-09-11,resume
5684,2024-11-06,pause
5684,2024-12-13,resume
5685,2024-03-22,start
5686,2024-11-23,start
5687,2024-10-20,start
5687,2024-12-11,cancel
5688,2024-02-04,start
5688,2024-03-29,cancel
5689,2024-01-15,start
5690,2024-07-07,start
5690,2024-12-01,cancel
5691,2024-05-28,start
5691,2024-10-22,cancel
5692,2024-05-14,start
5692,2024-06-17,pause
5692,2024-07-25,resume
5693,2024-09-06,start
5694,2024-03-31,start
5694,2024-09-11,pause
5694,2024-10-28,resume
5694,2024-11-17,pause
5694,2024-12-18,resume
5695,2024-05-07,start
5695,2024-07-20,pause
5695,2024-10-04,resume
5696,2024-04-14,start
5697,2024-01-31,start
5698,2024-07-19,start
5699,2024-01-15,start
5700,2024-06-17,start
5700,2024-11-11,pause
5700,2024-12-13,resume
5701,2024-04-19,start
5701,2024-06-02,pause
5701,2024-07-21,resume
5701,2024-10-15,cancel
5702,2024-05-08,start
5702,2024-06-22,pause
5702,2024-08-14,resume
5703,2024-01-03,start
5704,2024-11-17,start
5705,2024-06-23,start
5705,2024-09-13,pause
5705,2024-10-26,resume
5705,2024-11-15,pause
5706,2024-02-29,start
5706,2024-11-26,cancel
5707,2024-01-26,start
5708,2024-03-29,start
5708,2024-06-12,cancel
5709,2024-03-05,start
5709,2024-10-24,cancel
5710,2024-06-12,start
5710,2024-09-09,pause
5710,2024-10-28,resume
5711,2024-10-05,start
5712,2024-04-11,start
5712,2024-06-03,pause
5712,2024-07-05,resume
5712,2024-09-26,pause
5712,2024-12-07,resume
5713,2024-07-31,start
5714,2024-05-06,start
5714,2024-06-20,pause
5714,2024-08-07,resume
5714,2024-10-13,pause
5715,2024-08-02,start
5716,2024-09-29,start
5717,2024-06-28,start
5717,2024-12-01,pause
5718,2024-05-11,start
5718,2024-06-27,pause
5718,2024-09-19,resume
5719,2024-02-13,start
5720,2024-04-18,start
5720,2024-07-02,pause
5720,2024-08-12,resume
5720,2024-10-24,pause
5720,2024-11-29,resume
5721,2024-02-29,start
5721,2024-05-24,cancel
5722,2024-03-16,start
5723,2024-01-26,start
5723,2024-05-29,cancel
5724,2024-03-08,start
5724,2024-07-29,cancel
5725,2024-03-14,start
5726,2024-07-20,start
5727,2024-10-20,start
5727,2024-11-11,cancel
5728,2024-01-03,start
5728,2024-12-21,cancel
5729,2024-04-13,start
5729,2024-09-24,cancel
5730,2024-05-12,start
5730,2024-07-20,cancel
5731,2024-06-13,start
5732,2024-03-22,start
5733,2024-01-05,start
5734,2024-05-08,start
5734,2024-05-30,pause
5734,2024-08-04,resume
5734,2024-10-11,pause
5734,2024-11-22,resume
5735,2024-03-02,start
5735,2024-04-27,cancel
5736,2024-11-15,start
5737,2024-01-07,start
5737,2024-05-14,cancel
5738,2024-07-21,start
5739,2024-05-12,start
5740,2024-03-13,start
5741,2024-07-24,start
5741,2024-10-24,cancel
5742,2024-09-11,start
5743,2024-10-20,start
5743,2024-11-17,cancel
5744,2024-09-24,start
5745,2024-04-02,start
5745,2024-05-12,pause
5745,2024-06-24,resume
5745,2024-08-31,pause
5745,2024-11-20,resume
5746,2024-11-01,start
5747,2024-06-17,start
5747,2024-12-07,pause
5748,2024-02-02,start
5748,2024-05-22,cancel
5749,2024-06-22,start
5749,2024-08-24,pause
5749,2024-10-14,resume
5750,2024-05-12,start
5750,2024-08-02,cancel
5751,2024-05-11,start
5751,2024-07-03,pause
5751,2024-08-08,resume
5751,2024-08-31,pause
5751,2024-10-24,resume
5751,2024-11-25,pause
5752,2024-07-15,start
5753,2024-08-01,start
5753,2024-10-30,cancel
5754,2024-06-14,start
5755,2024-04-15,start
5755,2024-05-14,pause
5755,2024-06-25,resume
5755,2024-07-30,pause
5755,2024-10-03,resume
5756,2024-07-06,start
5757,2024-07-07,start
5758,2024-09-13,start
5759,2024-11-26,start
5760,2024-06-13,start
5760,2024-12-03,cancel
5761,2024-02-02,start
5762,2024-08-09,start
5763,2024-07-27,start
5764,2024-07-13,start
5765,2024-11-20,start
5766,2024-09-07,start
5767,2024-03-04,start
5767,2024-08-17,cancel
5768,2024-07-22,start
5769,2024-07-16,start
5770,2024-07-02,start
5770,2024-08-08,cancel
5771,2024-04-04,start
5771,2024-09-28,cancel
5772,2024-08-28,start
5773,2024-05-15,start
5773,2024-10-05,pause
5773,2024-12-12,resume
5774,2024-09-09,start
5775,2024-05-27,start
5776,2024-09-17,start
5777,2024-04-25,start
5777,2024-05-23,pause
5777,2024-07-12,resume
5777,2024-09-14,pause
5777,2024-11-07,resume
5778,2024-10-18,start
5779,2024-07-16,start
5780,2024-09-09,start
5780,2024-11-26,cancel
5781,2024-01-21,start
5782,2024-10-02,start
5782,2024-10-22,cancel
5783,2024-05-10,start
5783,2024-10-14,cancel
5784,2024-06-25,start
5784,2024-09-06,pause
5784,2024-11-19,resume
5785,2024-08-16,start
5785,2024-09-17,cancel
5786,2024-07-31,start
5787,2024-03-28,start
5788,2024-06-05,start
5788,2024-07-16,pause
5788,2024-09-08,resume
5788,2024-11-20,pause
5789,2024-09-07,start
5790,2024-11-03,start
5791,2024-09-26,start
5792,2024-06-03,start
5792,2024-08-04,pause
5792,2024-09-15,resume
5792,2024-11-10,pause
5792,2024-12-18,resume
5793,2024-05-01,start
5793,2024-06-07,pause
5793,2024-07-09,resume
5793,2024-08-02,pause
5793,2024-10-07,resume
5794,2024-05-11,start
5794,2024-12-22,pause
5795,2024-01-10,start
5796,2024-03-15,start
5796,2024-10-09,cancel
5797,2024-05-12,start
5797,2024-06-08,pause
5797,2024-09-05,resume
5798,2024-08-12,start
5799,2024-02-04,start
5800,2024-09-09,start
5801,2024-04-30,start
5801,2024-06-08,pause
5801,2024-08-25,resume
5801,2024-10-14,pause
5802,2024-03-01,start
5802,2024-11-19,cancel
5803,2024-03-14,start
5803,2024-06-19,cancel
5804,2024-06-17,start
5804,2024-08-29,pause
5804,2024-10-01,resume
5805,2024-06-19,start
5805,2024-07-14,cancel
5806,2024-01-10,start
5806,2024-04-24,cancel
5807,2024-11-11,start
5808,2024-01-10,start
5809,2024-01-06,start
5809,2024-05-01,cancel
5810,2024-02-26,start
5811,2024-03-07,start
5812,2024-06-07,start
5812,2024-08-19,pause
5812,2024-10-24,resume
5813,2024-05-26,start
5813,2024-07-28,pause
5813,2024-09-11,resume
5813,2024-12-10,pause
5814,2024-07-30,start
5814,2024-10-20,cancel
5815,2024-09-12,start
5816,2024-04-16,start
5817,2024-01-21,start
5818,2024-11-04,start
5819,2024-06-24,start
5819,2024-07-18,cancel
5820,2024-08-04,start
5820,2024-12-18,cancel
5821,2024-06-08,start
5821,2024-10-16,pause
5822,2024-03-31,start
5823,2024-04-04,start
5823,2024-05-03,pause
5823,2024-06-29,resume
5823,2024-08-25,pause
5823,2024-11-18,resume
5824,2024-05-10,start
5824,2024-07-19,pause
5824,2024-10-06,resume
5824,2024-12-12,cancel
5825,2024-02-24,start
5826,2024-01-08,start
5827,2024-05-19,start
5827,2024-10-28,cancel
5828,2024-06-07,start
5829,2024-07-07,start
5830,2024-04-21,start
5830,2024-07-23,pause
5830,2024-09-24,resume
5830,2024-12-09,pause
5831,2024-07-11,start
5832,2024-04-30,start
5832,2024-12-02,pause
5833,2024-03-07,start
5834,2024-01-05,start
5834,2024-05-13,cancel
5835,2024-10-01,start
5836,2024-03-07,start
5836,2024-06-12,cancel
5837,2024-07-22,start
5838,2024-06-13,start
5838,2024-08-24,pause
5838,2024-11-02,resume
5838,2024-12-14,pause
5839,2024-09-10,start
5840,2024-11-18,start
5841,2024-04-25,start
5841,2024-06-09,pause
5841,2024-07-18,resume
5842,2024-08-03,start
5842,2024-10-03,cancel
5843,2024-03-28,start
5843,2024-07-30,cancel
5844,2024-08-05,start
5845,2024-07-24,start
5846,2024-02-11,start
5846,2024-11-30,cancel
5847,2024-08-02,start
5848,2024-06-07,start
5848,2024-09-05,pause
5848,2024-11-03,resume
5849,2024-09-29,start
5850,2024-08-23,start
5851,2024-07-07,start
5851,2024-12-05,cancel
5852,2024-02-06,start
5852,2024-04-09,cancel
5853,2024-03-31,start
5854,2024-10-25,start
5855,2024-10-06,start
5856,2024-08-23,start
5857,2024-02-06,start
5858,2024-11-09,start
5859,2024-11-12,start
5860,2024-06-30,start
5861,2024-10-02,start
5861,2024-11-04,cancel
5862,2024-02-22,start
5863,2024-05-26,start
5863,2024-08-17,pause
5863,2024-10-08,resume
5863,2024-12-03,pause
5864,2024-05-23,start
5864,2024-08-15,pause
5864,2024-11-10,resume
5864,2024-12-25,pause
5865,2024-01-01,start
5865,2024-04-06,cancel
5866,2024-04-15,start
5866,2024-06-06,pause
5866,2024-08-10,resume
5867,2024-11-19,start
5868,2024-07-11,start
5869,2024-08-30,start
5870,2024-09-24,start
5871,2024-05-16,start
5871,2024-11-09,pause
5871,2024-12-24,resume
5872,2024-11-25,start
5873,2024-04-02,start
5873,2024-05-25,pause
5873,2024-07-30,resume
5873,2024-10-23,cancel
5874,2024-11-18,start
5875,2024-07-06,start
5876,2024-09-08,start
5877,2024-10-01,start
5878,2024-08-03,start
5878,2024-12-14,cancel
5879,2024-02-01,start
5880,2024-07-01,start
5880,2024-10-26,cancel
5881,2024-02-14,start
5881,2024-10-31,cancel
5882,2024-07-09,start
5883,2024-10-09,start
5884,2024-06-07,start
5885,2024-02-20,start
5886,2024-03-02,start
5887,2024-11-09,start
5888,2024-08-06,start
5889,2024-11-03,start
5890,2024-07-11,start
5891,2024-10-28,start
5892,2024-07-26,start
5893,2024-08-03,start
5894,2024-10-31,start
5895,2024-01-06,start
5896,2024-01-27,start
5897,2024-01-08,start
5897,2024-03-09,cancel
5898,2024-04-05,start
5898,2024-06-18,pause
5898,2024-08-23,resume
5898,2024-11-09,pause
5899,2024-08-07,start
5900,2024-03-06,start
5901,2024-11-01,start
5902,2024-07-29,start
5903,2024-11-02,start
5904,2024-01-30,start
5905,2024-04-30,start
5905,2024-09-26,pause
5905,2024-12-19,resume
5906,2024-04-08,start
5906,2024-05-08,pause
5906,2024-06-20,resume
5907,2024-04-08,start
5907,2024-10-17,pause
5907,2024-12-24,resume
5908,2024-09-26,start
5909,2024-09-11,start
5909,2024-10-04,cancel
5910,2024-06-22,start
5910,2024-07-18,cancel
5911,2024-10-14,start
5912,2024-07-09,start
5912,2024-12-03,cancel
5913,2024-08-09,start
5914,2024-02-21,start
5914,2024-04-29,cancel
5915,2024-11-15,start
5916,2024-07-23,start
5917,2024-09-30,start
5918,2024-03-07,start
5918,2024-04-16,cancel
5919,2024-05-16,start
5919,2024-07-13,pause
5919,2024-10-10,resume
5920,2024-04-04,start
5920,2024-05-18,cancel
5921,2024-11-21,start
5922,2024-07-07,start
5923,2024-09-23,start
5923,2024-10-30,cancel
5924,2024-09-28,start
5925,2024-04-29,start
5925,2024-11-27,pause
5926,2024-03-12,start
5927,2024-04-02,start
5927,2024-08-01,pause
5927,2024-10-30,resume
5928,2024-09-24,start
5929,2024-04-23,start
5930,2024-01-17,start
5931,2024-01-01,start
5932,2024-10-29,start
5933,2024-08-19,start
5934,2024-02-02,start
5934,2024-09-03,cancel
5935,2024-04-17,start
5935,2024-10-01,pause
5935,2024-10-31,resume
5936,2024-10-10,start
5937,2024-06-30,start
5938,2024-08-31,start
5939,2024-08-17,start
5940,2024-10-25,start
5941,2024-03-10,start
5942,2024-04-13,start
5942,2024-08-17,pause
5942,2024-11-09,resume
5943,2024-07-21,start
5944,2024-05-06,start
5944,2024-08-26,pause
5944,2024-10-19,resume
5944,2024-12-06,pause
5945,2024-11-22,start
5946,2024-11-26,start
5947,2024-08-22,start
5947,2024-12-13,cancel
5948,2024-03-02,start
5948,2024-08-27,cancel
5949,2024-01-21,start
5949,2024-08-19,cancel
5950,2024-04-21,start
5950,2024-06-29,pause
5950,2024-08-05,resume
5950,2024-09-01,pause
5950,2024-11-04,resume
5951,2024-09-11,start
5952,2024-01-10,start
5953,2024-07-28,start
5953,2024-11-25,cancel
5954,2024-11-11,start
5955,2024-02-08,start
5956,2024-02-18,start
5956,2024-07-16,cancel
5957,2024-07-23,start
5958,2024-07-10,start
5959,2024-02-12,start
5959,2024-12-07,cancel
5960,2024-02-09,start
5960,2024-12-15,cancel
5961,2024-05-13,start
5961,2024-10-24,pause
5962,2024-05-14,start
5962,2024-12-21,pause
5963,2024-04-06,start
5963,2024-05-09,cancel
5964,2024-11-02,start
5965,2024-02-16,start
5965,2024-09-20,cancel
5966,2024-06-11,start
5966,2024-11-13,pause
5966,2024-12-23,resume
5967,2024-06-30,start
5968,2024-09-22,start
5969,2024-07-31,start
5970,2024-03-31,start
5970,2024-07-20,pause
5970,2024-09-01,resume
5971,2024-02-05,start
5972,2024-05-30,start
5973,2024-03-31,start
5973,2024-06-20,pause
5973,2024-09-02,resume
5973,2024-11-01,pause
5973,2024-12-10,resume
5974,2024-10-14,start
5975,2024-08-24,start
5975,2024-09-22,cancel
5976,2024-07-12,start
5976,2024-10-31,cancel
5977,2024-10-04,start
5978,2024-10-27,start
5979,2024-02-28,start
5979,2024-10-06,cancel
5980,2024-03-12,start
5981,2024-07-12,start
5981,2024-09-18,cancel
5982,2024-01-09,start
5982,2024-12-14,cancel
5983,2024-01-16,start
5984,2024-03-21,start
5985,2024-09-02,start
5985,2024-12-03,cancel
5986,2024-06-16,start
5986,2024-08-22,pause
5986,2024-11-05,resume
5987,2024-02-26,start
5988,2024-08-17,start
5989,2024-01-18,start
5990,2024-09-28,start
5991,2024-03-29,start
5992,2024-11-25,start
5993,2024-08-01,start
5994,2024-08-05,start
5994,2024-12-08,cancel
5995,2024-02-12,start
5996,2024-11-09,start
5996,2024-12-10,cancel
5997,2024-09-25,start
5998,2024-09-26,start
5999,2024-10-27,start
6000,2024-02-26,start
6001,2024-04-22,start
6001,2024-09-26,pause
6001,2024-11-11,resume
6002,2024-05-26,start
6002,2024-10-22,pause
6003,2024-11-03,start
6004,2024-04-03,start
6004,2024-06-24,pause
6004,2024-08-13,resume
6005,2024-02-22,start
6006,2024-09-11,start
6007,2024-05-03,start
6007,2024-10-24,pause
6008,2024-10-18,start
6009,2024-08-12,start
6009,2024-09-09,cancel
6010,2024-06-16,start
6010,2024-09-29,pause
6011,2024-05-01,start
6011,2024-06-01,pause
6011,2024-07-05,resume
6011,2024-11-26,pause
6012,2024-01-30,start
6013,2024-06-10,start
6013,2024-08-21,cancel
6014,2024-07-26,start
6015,2024-07-13,start
6016,2024-07-30,start
6017,2024-03-18,start
6018,2024-10-23,start
6019,2024-03-19,start
6019,2024-05-31,cancel
6020,2024-04-14,start
6021,2024-04-14,start
6022,2024-04-01,start
6022,2024-06-16,pause
6022,2024-07-23,resume
6022,2024-08-20,pause
6022,2024-11-12,resume
6023,2024-05-30,start
6023,2024-11-19,pause
6023,2024-12-19,resume
6024,2024-03-06,start
6025,2024-08-23,start
6026,2024-03-15,start
6027,2024-01-28,start
6028,2024-07-31,start
6029,2024-04-13,start
6029,2024-05-05,pause
6029,2024-07-28,resume
6029,2024-11-23,cancel
6030,2024-06-07,start
6030,2024-08-30,pause
6030,2024-11-22,resume
6031,2024-03-08,start
6031,2024-04-18,cancel
6032,2024-02-26,start
6032,2024-08-08,cancel
6033,2024-05-13,start
6033,2024-12-02,pause
6034,2024-08-23,start
6035,2024-05-15,start
6035,2024-08-02,pause
6035,2024-10-06,resume
6035,2024-11-25,pause
6036,2024-01-02,start
6037,2024-10-26,start
6037,2024-12-21,cancel
6038,2024-06-05,start
6038,2024-09-30,pause
6038,2024-11-04,resume
6039,2024-11-12,start
6040,2024-11-12,start
6041,2024-09-13,start
6042,2024-02-13,start
6043,2024-07-22,start
6044,2024-07-07,start
6044,2024-12-13,cancel
6045,2024-06-15,start
6046,2024-02-24,start
6046,2024-08-05,cancel
6047,2024-08-22,start
6048,2024-09-23,start
6049,2024-07-11,start
6049,2024-11-04,cancel
6050,2024-11-08,start
6051,2024-01-10,start
6051,2024-04-05,cancel
6052,2024-01-29,start
6052,2024-06-12,cancel
6053,2024-11-06,start
6054,2024-09-26,start
6055,2024-02-26,start
6056,2024-05-19,start
6056,2024-11-20,cancel
6057,2024-08-11,start
6058,2024-11-13,start
6059,2024-11-23,start
6060,2024-02-03,start
6060,2024-04-20,cancel
6061,2024-01-26,start
6062,2024-01-25,start
6062,2024-10-25,cancel
6063,2024-09-14,start
6064,2024-02-09,start
6065,2024-10-25,start
6066,2024-02-12,start
6067,2024-02-23,start
6067,2024-04-28,cancel
6068,2024-02-02,start
6068,2024-03-23,cancel
6069,2024-07-14,start
6070,2024-01-09,start
6071,2024-11-15,start
6072,2024-04-25,start
6072,2024-06-05,pause
6072,2024-07-31,resume
6072,2024-11-25,pause
6073,2024-02-22,start
6073,2024-04-16,cancel
6074,2024-07-28,start
6075,2024-11-07,start
6075,2024-12-15,cancel
6076,2024-06-18,start
6076,2024-10-09,pause
6076,2024-11-24,resume
6076,2024-12-25,cancel
6077,2024-10-07,start
6078,2024-04-21,start
6078,2024-05-22,pause
6078,2024-08-13,resume
6079,2024-01-08,start
6079,2024-03-03,cancel
6080,2024-05-24,start
6081,2024-11-12,start
6082,2024-08-14,start
6083,2024-01-10,start
6084,2024-07-11,start
6085,2024-01-11,start
6086,2024-05-06,start
6086,2024-10-09,pause
6086,2024-11-22,resume
6087,2024-10-25,start
6088,2024-08-09,start
6089,2024-07-06,start
6090,2024-04-14,start
6090,2024-09-15,pause
6090,2024-11-01,resume
6091,2024-05-02,start
6091,2024-06-05,cancel
6092,2024-09-12,start
6093,2024-11-02,start
6094,2024-05-30,start
6094,2024-06-27,pause
6094,2024-08-30,resume
6095,2024-02-23,start
6095,2024-03-23,cancel
6096,2024-08-02,start
6097,2024-08-26,start
6097,2024-11-21,cancel
6098,2024-07-17,start
6099,2024-05-03,start
6100,2024-01-15,start
6101,2024-03-16,start
6101,2024-10-13,cancel
6102,2024-11-15,start
6103,2024-03-29,start
6104,2024-07-27,start
6105,2024-08-11,start
6106,2024-01-11,start
6106,2024-08-18,cancel
6107,2024-05-21,start
6107,2024-10-13,pause
6107,2024-12-03,resume
6108,2024-04-03,start
6108,2024-11-14,pause
6109,2024-03-14,start
6110,2024-03-11,start
6111,2024-02-12,start
6112,2024-03-02,start
6112,2024-03-23,cancel
6113,2024-07-19,start
6114,2024-09-05,start
6115,2024-03-03,start
6116,2024-01-18,start
6116,2024-03-16,cancel
6117,2024-03-08,start
6118,2024-09-03,start
6119,2024-03-18,start
6120,2024-09-05,start
6121,2024-11-06,start
6122,2024-01-31,start
6123,2024-05-16,start
6123,2024-06-18,pause
6123,2024-07-22,resume
6123,2024-11-04,pause
6124,2024-05-04,start
6124,2024-07-08,pause
6124,2024-10-05,resume
6125,2024-05-01,start
6125,2024-09-08,pause
6125,2024-11-08,resume
6126,2024-11-06,start
6127,2024-05-22,start
6127,2024-08-07,pause
6127,2024-10-13,resume
6128,2024-04-14,start
6128,2024-11-06,pause
6129,2024-02-03,start
6130,2024-05-28,start
6130,2024-07-25,pause
6130,2024-08-27,resume
6131,2024-03-30,start
6131,2024-06-13,cancel
6132,2024-02-01,start
6133,2024-10-26,start
6134,2024-03-15,start
6134,2024-10-28,cancel
6135,2024-01-10,start
6135,2024-12-04,cancel
6136,2024-01-09,start
6137,2024-08-07,start
6138,2024-07-23,start
6139,2024-08-27,start
6140,2024-04-13,start
6140,2024-07-26,pause
6140,2024-09-10,resume
6141,2024-04-23,start
6141,2024-07-16,pause
6141,2024-10-02,resume
6141,2024-11-28,pause
6142,2024-08-12,start
6143,2024-03-05,start
6144,2024-07-23,start
6144,2024-11-27,cancel
6145,2024-06-06,start
6145,2024-10-15,pause
6145,2024-11-25,resume
6146,2024-01-15,start
6146,2024-04-09,cancel
6147,2024-02-23,start
6147,2024-05-03,cancel
6148,2024-08-07,start
6149,2024-05-24,start
6149,2024-08-21,pause
6149,2024-09-24,resume
6149,2024-10-21,pause
6150,2024-09-12,start
6151,2024-09-06,start
6152,2024-03-12,start
6153,2024-10-31,start
6154,2024-07-22,start
6155,2024-04-07,start
6155,2024-11-23,pause
6156,2024-08-26,start
6157,2024-11-25,start
6158,2024-05-31,start
6158,2024-07-26,pause
6158,2024-10-24,resume
6158,2024-12-21,cancel
6159,2024-05-12,start
6159,2024-07-25,pause
6159,2024-09-26,resume
6159,2024-12-03,pause
6160,2024-01-02,start
6160,2024-05-20,cancel
6161,2024-09-26,start
6162,2024-02-12,start
6163,2024-02-02,start
6163,2024-04-29,cancel
6164,2024-03-07,start
6165,2024-11-04,start
6166,2024-04-29,start
6166,2024-05-26,cancel
6167,2024-05-22,start
6167,2024-11-18,pause
6168,2024-07-13,start
6169,2024-04-10,start
6169,2024-05-21,pause
6169,2024-07-04,resume
6169,2024-11-15,pause
6170,2024-09-08,start
6171,2024-03-22,start
6172,2024-11-06,start
6173,2024-08-06,start
6174,2024-02-29,start
6174,2024-09-03,cancel
6175,2024-07-17,start
6176,2024-03-31,start
6176,2024-05-30,cancel
6177,2024-02-17,start
6177,2024-05-17,cancel
6178,2024-09-12,start
6179,2024-07-20,start
6180,2024-04-04,start
6180,2024-06-04,pause
6180,2024-08-09,resume
6180,2024-11-01,cancel
6181,2024-01-23,start
6182,2024-01-04,start
6183,2024-07-01,start
6184,2024-06-11,start
6184,2024-09-09,cancel
6185,2024-06-03,start
6185,2024-08-15,pause
6185,2024-10-03,resume
6185,2024-11-04,pause
6186,2024-05-18,start
6186,2024-07-22,pause
6186,2024-09-03,resume
6186,2024-11-10,pause
6187,2024-07-28,start
6188,2024-07-25,start
6189,2024-06-18,start
6189,2024-12-24,pause
6190,2024-02-26,start
6191,2024-01-17,start
6191,2024-12-04,cancel
6192,2024-06-08,start
6192,2024-08-18,pause
6192,2024-11-09,resume
6193,2024-08-17,start
6194,2024-05-31,start
6194,2024-08-24,pause
6194,2024-10-05,resume
6195,2024-10-21,start
6196,2024-06-02,start
6196,2024-10-24,pause
6197,2024-02-25,start
6198,2024-01-02,start
6199,2024-05-28,start
6199,2024-06-17,pause
6199,2024-08-13,resume
6199,2024-11-13,pause
6199,2024-12-18,resume
6200,2024-09-25,start
6201,2024-07-29,start
6201,2024-09-15,cancel
6202,2024-02-18,start
6202,2024-06-19,cancel
6203,2024-10-19,start
6204,2024-09-04,start
6205,2024-06-20,start
6205,2024-08-25,pause
6205,2024-10-10,resume
6206,2024-08-12,start
6207,2024-04-26,start
6207,2024-08-28,pause
6207,2024-11-10,resume
6208,2024-05-12,start
6208,2024-08-07,pause
6208,2024-10-24,resume
6209,2024-03-16,start
6209,2024-04-12,cancel
6210,2024-10-18,start
6210,2024-11-21,cancel
6211,2024-06-08,start
6212,2024-02-26,start
6212,2024-05-09,cancel
6213,2024-09-24,start
6214,2024-05-23,start
6214,2024-07-03,pause
6214,2024-08-09,resume
6214,2024-11-24,pause
6215,2024-08-15,start
6216,2024-08-01,start
6216,2024-10-18,cancel
6217,2024-03-11,start
6217,2024-06-30,cancel
6218,2024-05-14,start
6218,2024-11-24,pause
6219,2024-03-28,start
6220,2024-02-17,start
6221,2024-07-18,start
6222,2024-10-23,start
6223,2024-10-09,start
6224,2024-02-07,start
6225,2024-07-06,start
6225,2024-08-03,cancel
6226,2024-02-26,start
6227,2024-04-17,start
6227,2024-06-21,cancel
6228,2024-10-18,start
6228,2024-11-09,cancel
6229,2024-03-08,start
6229,2024-05-20,cancel
6230,2024-08-14,start
6231,2024-11-21,start
6232,2024-05-15,start
6232,2024-11-15,pause
6233,2024-06-29,start
6233,2024-07-21,cancel
6234,2024-07-14,start
6235,2024-06-11,start
6235,2024-08-15,pause
6235,2024-10-18,resume
6236,2024-11-20,start
6237,2024-01-25,start
6238,2024-11-06,start
6239,2024-10-08,start
6239,2024-11-07,cancel
6240,2024-11-06,start
6241,2024-11-10,start
6242,2024-03-24,start
6243,2024-09-23,start
6244,2024-04-28,start
6244,2024-08-26,pause
6244,2024-11-19,resume
6245,2024-02-04,start
6246,2024-01-12,start
6247,2024-04-16,start
6247,2024-12-19,pause
6248,2024-01-04,start
6248,2024-01-26,cancel
6249,2024-02-05,start
6250,2024-06-02,start
6250,2024-07-11,pause
6250,2024-09-25,resume
6250,2024-10-31,pause
6251,2024-05-27,start
6251,2024-08-17,pause
6251,2024-09-22,resume
6252,2024-11-08,start
6253,2024-09-27,start
6254,2024-05-28,start
6254,2024-09-08,pause
6254,2024-11-18,resume
6255,2024-02-08,start
6256,2024-03-01,start
6256,2024-11-30,cancel
6257,2024-03-22,start
6258,2024-02-14,start
6259,2024-01-13,start
6260,2024-02-12,start
6261,2024-05-24,start
6261,2024-11-22,pause
6262,2024-01-31,start
6262,2024-04-11,cancel
6263,2024-07-29,start
6263,2024-10-13,cancel
6264,2024-10-09,start
6265,2024-08-20,start
6266,2024-07-07,start
6267,2024-03-02,start
6267,2024-05-07,cancel
6268,2024-08-18,start
6269,2024-02-25,start
6269,2024-03-17,cancel
6270,2024-04-15,start
6270,2024-07-04,cancel
6271,2024-08-31,start
6271,2024-10-26,cancel
6272,2024-04-24,start
6272,2024-06-08,pause
6272,2024-07-08,resume
6272,2024-11-30,pause
6273,2024-10-26,start
6274,2024-05-10,start
6274,2024-07-08,cancel
6275,2024-11-05,start
6276,2024-06-13,start
6277,2024-01-21,start
6278,2024-03-12,start
6279,2024-09-24,start
6280,2024-01-27,start
6280,2024-05-06,cancel
6281,2024-06-03,start
6281,2024-09-14,pause
6281,2024-11-08,resume
6282,2024-11-10,start
6283,2024-01-10,start
6283,2024-03-03,cancel
6284,2024-02-27,start
6285,2024-07-26,start
6286,2024-09-09,start
6287,2024-10-01,start
6288,2024-07-17,start
6289,2024-11-24,start
6290,2024-08-11,start
6291,2024-08-19,start
6292,2024-07-16,start
6293,2024-01-06,start
6293,2024-02-10,cancel
6294,2024-09-22,start
6295,2024-08-21,start
6295,2024-11-14,cancel
6296,2024-09-12,start
6297,2024-10-12,start
6298,2024-10-19,start
6298,2024-12-09,cancel
6299,2024-09-02,start
6300,2024-10-25,start
6301,2024-01-04,start
6302,2024-06-18,start
6302,2024-10-01,pause
6302,2024-11-06,resume
6303,2024-01-15,start
6304,2024-03-22,start
6304,2024-08-26,cancel
6305,2024-10-06,start
6305,2024-10-28,cancel
6306,2024-01-10,start
6306,2024-03-29,cancel
6307,2024-05-11,start
6308,2024-04-06,start
6308,2024-07-17,pause
6308,2024-08-28,resume
6309,2024-10-22,start
6310,2024-01-15,start
6310,2024-05-09,cancel
6311,2024-09-10,start
6312,2024-09-08,start
6312,2024-10-03,cancel
6313,2024-05-13,start
6313,2024-08-01,pause
6313,2024-09-19,resume
6313,2024-12-13,pause
6314,2024-04-13,start
6314,2024-06-04,pause
6314,2024-07-31,resume
6314,2024-08-25,pause
6314,2024-11-16,resume
6315,2024-04-27,start
6315,2024-06-17,pause
6315,2024-08-12,resume
6315,2024-11-18,pause
6316,2024-11-26,start
6317,2024-05-14,start
6317,2024-09-24,pause
6317,2024-11-05,resume
6318,2024-09-16,start
6319,2024-03-08,start
6319,2024-05-18,cancel
6320,2024-09-10,start
6321,2024-02-17,start
6321,2024-04-22,cancel
6322,2024-02-29,start
6323,2024-10-01,start
6324,2024-06-24,start
6324,2024-08-09,pause
6324,2024-09-17,resume
6324,2024-10-14,pause
6324,2024-11-16,resume
6325,2024-02-15,start
6325,2024-07-03,cancel
6326,2024-02-16,start
6326,2024-04-30,cancel
6327,2024-03-11,start
6327,2024-09-22,cancel
6328,2024-05-03,start
6328,2024-05-26,pause
6328,2024-08-21,resume
6328,2024-09-24,pause
6328,2024-12-19,resume
6329,2024-08-20,start
6330,2024-08-31,start
6331,2024-01-28,start
6332,2024-08-20,start
6333,2024-06-23,start
6334,2024-04-19,start
6334,2024-05-26,pause
6334,2024-07-08,resume
6334,2024-10-26,pause
6335,2024-04-05,start
6335,2024-12-17,pause
6336,2024-08-14,start
6337,2024-02-24,start
6338,2024-02-05,start
6339,2024-05-30,start
6339,2024-08-27,pause
6339,2024-11-14,resume
6340,2024-02-27,start
6340,2024-06-21,cancel
6341,2024-01-02,start
6341,2024-03-15,cancel
6342,2024-03-07,start
6343,2024-07-04,start
6344,2024-11-14,start
6345,2024-03-05,start
6345,2024-06-20,cancel
6346,2024-02-05,start
6346,2024-04-08,cancel
6347,2024-07-26,start
6348,2024-03-14,start
6349,2024-11-02,start
6350,2024-05-13,start
6350,2024-07-25,pause
6350,2024-09-17,resume
6351,2024-06-03,start
6351,2024-08-06,pause
6351,2024-11-04,resume
6352,2024-05-10,start
6353,2024-10-23,start
6354,2024-07-08,start
6355,2024-01-20,start
6355,2024-11-21,cancel
6356,2024-02-19,start
6356,2024-09-18,cancel
6357,2024-03-17,start
6358,2024-03-20,start
6358,2024-07-29,cancel
6359,2024-04-05,start
6359,2024-05-24,pause
6359,2024-07-18,resume
6359,2024-10-11,pause
6359,2024-11-27,resume
6360,2024-05-19,start
6360,2024-11-16,pause
6361,2024-01-06,start
6362,2024-03-04,start
6363,2024-05-22,start
6363,2024-06-25,pause
6363,2024-09-12,resume
6364,2024-07-14,start
6365,2024-09-08,start
6366,2024-03-16,start
6366,2024-12-01,cancel
6367,2024-05-24,start
6367,2024-06-22,pause
6367,2024-08-13,resume
6368,2024-09-06,start
6369,2024-08-11,start
6369,2024-08-31,cancel
6370,2024-08-18,start
6371,2024-07-15,start
6372,2024-02-08,start
6372,2024-04-09,cancel
6373,2024-09-14,start
6374,2024-01-04,start
6375,2024-07-15,start
6376,2024-11-11,start
6377,2024-04-08,start
6378,2024-01-19,start
6379,2024-11-05,start
6380,2024-10-03,start
6381,2024-01-20,start
6382,2024-04-01,start
6382,2024-08-26,pause
6382,2024-10-01,resume
6383,2024-07-09,start
6383,2024-10-13,cancel
6384,2024-07-29,start
6385,2024-01-20,start
6385,2024-08-17,cancel
6386,2024-04-16,start
6386,2024-05-29,pause
6386,2024-08-16,resume
6386,2024-11-02,pause
6387,2024-05-10,start
6387,2024-11-23,pause
6388,2024-10-07,start
6389,2024-10-08,start
6390,2024-01-27,start
6391,2024-01-21,start
6391,2024-07-18,cancel
6392,2024-06-14,start
6392,2024-09-25,pause
6392,2024-11-21,resume
6393,2024-09-24,start
6393,2024-10-20,cancel
6394,2024-09-07,start
6395,2024-10-26,start
6396,2024-03-04,start
6396,2024-08-16,cancel
6397,2024-08-20,start
6398,2024-01-23,start
6399,2024-02-02,start
6400,2024-05-29,start
6400,2024-09-06,pause
6400,2024-11-27,resume
6401,2024-11-01,start
6402,2024-04-22,start
6402,2024-12-01,pause
6403,2024-08-23,start
6404,2024-08-27,start
6405,2024-03-08,start
6405,2024-09-28,cancel
6406,2024-10-27,start
6407,2024-07-13,start
6408,2024-09-22,start
6409,2024-06-16,start
6409,2024-10-07,pause
6410,2024-09-26,start
6410,2024-10-27,cancel
6411,2024-08-12,start
6412,2024-11-08,start
6413,2024-04-01,start
6413,2024-11-30,cancel
6414,2024-02-25,start
6415,2024-11-26,start
6416,2024-07-28,start
6417,2024-10-18,start
6418,2024-03-08,start
6418,2024-03-30,cancel
6419,2024-08-19,start
6420,2024-08-06,start
6421,2024-06-21,start
6421,2024-08-09,pause
6421,2024-10-04,resume
6422,2024-01-28,start
6422,2024-06-01,cancel
6423,2024-06-02,start
6423,2024-09-29,cancel
6424,2024-09-21,start
6425,2024-04-08,start
6425,2024-06-14,pause
6425,2024-08-24,resume
6426,2024-11-21,start
6427,2024-09-11,start
6428,2024-10-28,start
6429,2024-05-27,start
6429,2024-08-19,pause
6429,2024-10-18,resume
6430,2024-04-11,start
6430,2024-06-27,pause
6430,2024-07-28,resume
6430,2024-10-12,cancel
6431,2024-03-28,start
6431,2024-08-01,cancel
6432,2024-06-08,start
6432,2024-09-29,pause
6432,2024-12-20,resume
6433,2024-09-23,start
6434,2024-05-12,start
6434,2024-07-11,pause
6434,2024-08-22,resume
6434,2024-12-10,pause
6435,2024-09-26,start
6435,2024-12-09,cancel
6436,2024-05-27,start
6436,2024-10-14,pause
6436,2024-11-24,resume
6437,2024-07-04,start
6438,2024-08-10,start
6439,2024-03-27,start
6440,2024-03-07,start
6440,2024-08-14,cancel
6441,2024-11-14,start
6442,2024-10-15,start
6443,2024-02-11,start
6444,2024-01-21,start
6444,2024-03-26,cancel
6445,2024-07-06,start
6445,2024-08-28,cancel
6446,2024-01-25,start
6446,2024-03-22,cancel
6447,2024-08-30,start
6448,2024-08-03,start
6449,2024-09-01,start
6450,2024-02-19,start
6451,2024-10-22,start
6452,2024-05-28,start
6452,2024-07-30,pause
6452,2024-09-22,resume
6453,2024-08-20,start
6454,2024-07-26,start
6455,2024-01-30,start
6455,2024-04-28,cancel
6456,2024-08-13,start
6457,2024-05-19,start
6458,2024-06-14,start
6459,2024-02-29,start
6460,2024-08-05,start
6460,2024-09-28,cancel
6461,2024-01-13,start
6462,2024-07-07,start
6462,2024-08-10,cancel
6463,2024-05-05,start
6464,2024-07-10,start
6465,2024-02-24,start
6465,2024-09-21,cancel
6466,2024-05-30,start
6466,2024-09-25,cancel
6467,2024-03-12,start
6467,2024-08-16,cancel
6468,2024-01-04,start
6469,2024-10-15,start
6469,2024-12-04,cancel
6470,2024-01-19,start
6471,2024-03-31,start
6471,2024-06-06,pause
6471,2024-07-26,resume
6471,2024-11-26,pause
6472,2024-01-29,start
6473,2024-11-06,start
6474,2024-05-11,start
6474,2024-06-08,pause
6474,2024-08-21,resume
6474,2024-10-25,pause
6475,2024-09-20,start
6476,2024-07-31,start
6477,2024-03-18,start
6478,2024-07-19,start
6478,2024-09-05,cancel
6479,2024-07-24,start
6480,2024-02-17,start
6480,2024-11-14,cancel
6481,2024-10-18,start
6482,2024-07-02,start
6483,2024-01-02,start
6483,2024-07-13,cancel
6484,2024-10-16,start
6485,2024-06-14,start
6485,2024-10-22,pause
6485,2024-12-08,resume
6486,2024-10-05,start
6487,2024-04-20,start
6487,2024-06-11,pause
6487,2024-07-12,resume
6487,2024-08-30,pause
6487,2024-11-26,resume
6488,2024-09-15,start
6488,2024-11-16,cancel
6489,2024-01-24,start
6489,2024-04-19,cancel
6490,2024-08-14,start
6491,2024-04-21,start
6491,2024-05-24,pause
6491,2024-08-20,resume
6492,2024-01-18,start
6493,2024-08-24,start
6493,2024-11-07,cancel
6494,2024-01-22,start
6495,2024-11-03,start
6496,2024-09-03,start
6497,2024-04-25,start
6497,2024-08-26,pause
6497,2024-10-09,resume
6498,2024-09-11,start
6499,2024-01-24,start
6499,2024-05-17,cancel
6500,2024-08-26,start
6501,2024-01-23,start
6501,2024-03-28,cancel
6502,2024-10-11,start
6503,2024-11-16,start
6504,2024-08-01,start
6505,2024-02-17,start
6506,2024-02-26,start
6506,2024-07-21,cancel
6507,2024-08-20,start
6508,2024-07-14,start
6509,2024-05-17,start
6509,2024-07-25,pause
6509,2024-08-26,resume
6509,2024-10-29,pause
6510,2024-07-19,start
6510,2024-10-28,cancel
6511,2024-03-02,start
6511,2024-04-27,cancel
6512,2024-04-29,start
6513,2024-10-24,start
6514,2024-05-12,start
6514,2024-09-23,pause
6514,2024-11-04,resume
6514,2024-12-15,pause
6515,2024-07-28,start
6515,2024-11-20,cancel
6516,2024-11-26,start
6517,2024-02-06,start
6518,2024-09-17,start
6519,2024-10-28,start
6520,2024-07-28,start
6521,2024-07-19,start
6522,2024-10-31,start
6523,2024-03-01,start
6523,2024-04-08,cancel
6524,2024-04-11,start
6524,2024-05-07,cancel
6525,2024-03-09,start
6525,2024-08-25,cancel
6526,2024-09-10,start
6527,2024-01-05,start
6528,2024-08-17,start
6529,2024-11-20,start
6530,2024-02-19,start
6531,2024-10-31,start
6532,2024-02-09,start
6532,2024-06-22,cancel
6533,2024-10-01,start
6534,2024-01-07,start
6534,2024-09-09,cancel
6535,2024-02-05,start
6536,2024-07-26,start
6537,2024-01-08,start
6537,2024-02-29,cancel
6538,2024-06-15,start
6538,2024-07-15,pause
6538,2024-08-16,resume
6539,2024-03-13,start
6540,2024-08-24,start
6541,2024-10-15,start
6542,2024-02-25,start
6543,2024-03-03,start
6543,2024-08-21,cancel
6544,2024-08-12,start
6545,2024-09-14,start
6546,2024-02-16,start
6547,2024-03-10,start
6548,2024-05-08,start
6548,2024-06-28,pause
6548,2024-09-04,resume
6549,2024-02-09,start
6549,2024-09-11,cancel
6550,2024-09-29,start
6551,2024-10-31,start
6552,2024-07-18,start
6553,2024-01-04,start
6554,2024-08-31,start
6555,2024-06-03,start
6555,2024-07-14,pause
6555,2024-09-24,resume
6556,2024-04-17,start
6556,2024-12-17,pause
6557,2024-11-22,start
6558,2024-01-20,start
6558,2024-08-17,cancel
6559,2024-08-04,start
6560,2024-06-10,start
6560,2024-09-12,pause
6560,2024-10-13,resume
6561,2024-06-17,start
6561,2024-10-06,pause
6561,2024-11-22,resume
6561,2024-12-16,pause
6562,2024-08-03,start
6562,2024-12-24,cancel
6563,2024-04-13,start
6564,2024-01-16,start
6565,2024-08-24,start
6565,2024-11-28,cancel
6566,2024-10-04,start
6567,2024-09-27,start
6568,2024-07-10,start
6569,2024-08-19,start
6569,2024-10-28,cancel
6570,2024-06-13,start
6570,2024-07-07,pause
6570,2024-08-23,resume
6570,2024-11-05,pause
6570,2024-12-17,resume
6571,2024-09-10,start
6571,2024-12-02,cancel
6572,2024-01-28,start
6573,2024-04-06,start
6573,2024-04-27,pause
6573,2024-07-10,resume
6573,2024-09-12,pause
6573,2024-11-11,resume
6574,2024-04-01,start
6574,2024-04-28,cancel
6575,2024-02-05,start
6576,2024-01-26,start
6577,2024-05-16,start
6577,2024-07-15,pause
6577,2024-09-11,resume
6577,2024-11-18,pause
6578,2024-07-05,start
6578,2024-09-27,cancel
6579,2024-04-20,start
6579,2024-06-04,pause
6579,2024-08-22,resume
6579,2024-12-13,pause
6580,2024-02-27,start
6580,2024-05-06,cancel
6581,2024-07-31,start
6582,2024-03-03,start
6582,2024-11-18,cancel
6583,2024-09-06,start
6584,2024-04-02,start
6584,2024-10-12,pause
6584,2024-12-04,resume
6585,2024-10-08,start
6586,2024-03-12,start
6586,2024-09-10,cancel
6587,2024-04-18,start
6587,2024-07-07,cancel
6588,2024-07-19,start
6588,2024-10-12,cancel
6589,2024-04-13,start
6589,2024-06-08,pause
6589,2024-08-12,resume
6589,2024-12-16,pause
6590,2024-09-20,start
6591,2024-03-08,start
6592,2024-04-29,start
6592,2024-06-23,cancel
6593,2024-10-21,start
6594,2024-10-23,start
6595,2024-02-28,start
6595,2024-08-08,cancel
6596,2024-03-17,start
6597,2024-09-07,start
6598,2024-05-20,start
6598,2024-10-30,pause
6599,2024-08-27,start
6600,2024-01-21,start
6601,2024-09-04,start
6602,2024-02-05,start
6603,2024-11-09,start
6604,2024-02-16,start
6605,2024-09-30,start
6606,2024-02-13,start
6607,2024-09-13,start
6607,2024-11-19,cancel
6608,2024-09-18,start
6609,2024-04-12,start
6609,2024-09-12,pause
6609,2024-12-03,resume
6610,2024-01-08,start
6611,2024-05-13,start
6611,2024-08-05,pause
6611,2024-09-29,resume
6611,2024-12-03,cancel
6612,2024-02-10,start
6613,2024-03-08,start
6614,2024-09-10,start
6615,2024-11-19,start
6616,2024-07-21,start
6616,2024-12-01,cancel
6617,2024-04-28,start
6617,2024-12-01,pause
6618,2024-02-01,start
6619,2024-11-21,start
6620,2024-01-08,start
6620,2024-02-08,cancel
6621,2024-03-19,start
6621,2024-12-03,cancel
6622,2024-08-21,start
6623,2024-11-21,start
6624,2024-05-21,start
6624,2024-12-12,pause
6625,2024-07-16,start
6626,2024-06-08,start
6626,2024-07-27,pause
6626,2024-10-17,resume
6627,2024-10-16,start
6628,2024-10-27,start
6629,2024-01-11,start
6630,2024-01-02,start
6630,2024-12-14,cancel
6631,2024-02-24,start
6632,2024-03-26,start
6633,2024-09-20,start
6634,2024-10-26,start
6635,2024-07-09,start
6635,2024-09-04,cancel
6636,2024-11-22,start
6637,2024-11-24,start
6638,2024-04-07,start
6638,2024-05-15,pause
6638,2024-07-04,resume
6638,2024-08-01,pause
6638,2024-10-10,resume
6638,2024-12-15,pause
6639,2024-10-28,start
6640,2024-11-25,start
6641,2024-04-24,start
6642,2024-08-22,start
6643,2024-10-05,start
6644,2024-11-11,start
6644,2024-12-06,cancel
6645,2024-02-22,start
6646,2024-11-07,start
6647,2024-11-03,start
6648,2024-10-23,start
6649,2024-09-20,start
6650,2024-05-27,start
6650,2024-08-27,pause
6650,2024-10-31,resume
6651,2024-04-12,start
6651,2024-05-28,pause
6651,2024-08-06,resume
6652,2024-04-25,start
6652,2024-05-28,pause
6652,2024-07-28,resume
6652,2024-10-05,pause
6652,2024-11-13,resume
6653,2024-11-05,start
6654,2024-10-20,start
6655,2024-10-31,start
6656,2024-03-17,start
6657,2024-01-25,start
6657,2024-09-28,cancel
6658,2024-06-05,start
6658,2024-08-15,pause
6658,2024-09-22,resume
6659,2024-02-17,start
6660,2024-07-10,start
6661,2024-07-25,start
6662,2024-10-24,start
6663,2024-07-26,start
6663,2024-11-04,cancel
6664,2024-04-16,start
6664,2024-06-13,pause
6664,2024-08-13,resume
6664,2024-09-02,pause
6664,2024-10-28,resume
6664,2024-11-29,pause
6665,2024-01-07,start
6665,2024-06-22,cancel
6666,2024-09-03,start
6666,2024-10-27,cancel
6667,2024-06-19,start
6667,2024-10-26,pause
6667,2024-11-26,resume
6668,2024-06-03,start
6669,2024-11-11,start
6670,2024-09-30,start
6671,2024-01-27,start
6672,2024-03-02,start
6672,2024-06-12,cancel
6673,2024-01-21,start
6673,2024-06-17,cancel
6674,2024-06-22,start
6674,2024-07-15,pause
6674,2024-10-11,resume
6675,2024-05-14,start
6676,2024-03-18,start
6677,2024-08-23,start
6678,2024-04-23,start
6678,2024-06-07,pause
6678,2024-07-11,resume
6678,2024-09-06,pause
6678,2024-12-05,resume
6679,2024-11-23,start
6680,2024-02-12,start
6681,2024-10-24,start
6682,2024-04-09,start
6682,2024-08-18,pause
6682,2024-11-12,resume
6683,2024-08-24,start
6684,2024-11-11,start
6685,2024-10-22,start
6686,2024-09-14,start
6687,2024-03-06,start
6688,2024-07-28,start
6689,2024-02-05,start
6690,2024-02-25,start
6690,2024-04-19,cancel
6691,2024-07-26,start
6692,2024-02-08,start
6692,2024-11-10,cancel
6693,2024-09-27,start
6694,2024-11-04,start
6694,2024-12-02,cancel
6695,2024-05-22,start
6695,2024-07-20,pause
6695,2024-10-11,resume
6695,2024-12-01,pause
6696,2024-01-02,start
6697,2024-08-17,start
6698,2024-01-31,start
6699,2024-11-03,start
6700,2024-05-11,start
6700,2024-09-19,pause
6700,2024-11-24,resume
6701,2024-03-23,start
6701,2024-07-07,cancel
6702,2024-02-04,start
6703,2024-07-05,start
6704,2024-06-07,start
6704,2024-10-31,cancel
6705,2024-04-19,start
6705,2024-07-05,pause
6705,2024-09-19,resume
6706,2024-09-16,start
6707,2024-05-14,start
6707,2024-06-07,cancel
6708,2024-04-26,start
6708,2024-07-29,pause
6708,2024-09-24,resume
6709,2024-10-17,start
6710,2024-08-22,start
6711,2024-01-18,start
6711,2024-09-29,cancel
6712,2024-06-01,start
6712,2024-08-06,pause
6712,2024-10-02,resume
6713,2024-03-26,start
6714,2024-10-22,start
6715,2024-05-16,start
6715,2024-06-08,pause
6715,2024-08-25,resume
6715,2024-10-06,cancel
6716,2024-05-21,start
6716,2024-10-04,pause
6716,2024-11-14,resume
6717,2024-05-16,start
6717,2024-07-25,pause
6717,2024-10-11,resume
6718,2024-09-27,start
6718,2024-10-29,cancel
6719,2024-01-12,start
6720,2024-07-07,start
6721,2024-10-31,start
6722,2024-02-12,start
6723,2024-03-04,start
6724,2024-08-11,start
6724,2024-11-04,cancel
6725,2024-08-19,start
6726,2024-06-02,start
6726,2024-07-03,pause
6726,2024-09-26,resume
6726,2024-11-23,pause
6727,2024-05-18,start
6727,2024-07-20,pause
6727,2024-10-11,resume
6728,2024-08-12,start
6729,2024-06-27,start
6729,2024-07-23,cancel
6730,2024-04-20,start
6730,2024-09-08,pause
6730,2024-11-17,resume
6731,2024-01-15,start
6731,2024-05-30,cancel
6732,2024-06-30,start
6732,2024-11-08,cancel
6733,2024-10-17,start
6734,2024-10-03,start
6735,2024-06-03,start
6735,2024-07-22,pause
6735,2024-08-23,resume
6735,2024-10-20,pause
6736,2024-03-08,start
6736,2024-08-30,cancel
6737,2024-03-06,start
6738,2024-03-20,start
6739,2024-05-11,start
6739,2024-06-28,pause
6739,2024-09-10,resume
6740,2024-08-19,start
6741,2024-01-15,start
6741,2024-09-09,cancel
6742,2024-08-11,start
6743,2024-08-23,start
6744,2024-09-28,start
6745,2024-01-23,start
6746,2024-06-23,start
6747,2024-07-18,start
6748,2024-08-17,start
6749,2024-01-16,start
6749,2024-08-28,cancel
6750,2024-10-23,start
6750,2024-12-16,cancel
6751,2024-11-22,start
6752,2024-06-13,start
6752,2024-07-06,cancel
6753,2024-06-02,start
6754,2024-10-13,start
6755,2024-09-05,start
6756,2024-09-16,start
6757,2024-03-22,start
6757,2024-06-01,cancel
6758,2024-04-03,start
6758,2024-04-30,pause
6758,2024-05-31,resume
6759,2024-05-17,start
6760,2024-10-23,start
6761,2024-01-23,start
6762,2024-11-05,start
6763,2024-08-11,start
6764,2024-07-09,start
6764,2024-08-24,cancel
6765,2024-11-06,start
6765,2024-12-22,cancel
6766,2024-03-23,start
6766,2024-05-18,cancel
6767,2024-08-06,start
6768,2024-08-11,start
6769,2024-10-08,start
6770,2024-03-15,start
6771,2024-07-27,start
6772,2024-10-30,start
6773,2024-04-01,start
6773,2024-04-23,pause
6773,2024-06-03,resume
6773,2024-08-18,pause
6773,2024-09-21,resume
6774,2024-01-11,start
6774,2024-07-14,cancel
6775,2024-05-18,start
6775,2024-07-04,pause
6775,2024-08-25,resume
6775,2024-11-19,pause
6776,2024-04-02,start
6776,2024-05-03,cancel
6777,2024-06-18,start
6777,2024-07-11,pause
6777,2024-10-01,resume
6778,2024-09-15,start
6779,2024-08-15,start
6780,2024-10-29,start
6781,2024-07-28,start
6782,2024-06-22,start
6783,2024-10-27,start
6784,2024-06-22,start
6785,2024-05-30,start
6785,2024-07-10,pause
6785,2024-08-12,resume
6785,2024-09-02,pause
6785,2024-11-24,resume
6786,2024-04-25,start
6786,2024-06-02,pause
6786,2024-08-11,resume
6786,2024-09-17,pause
6786,2024-12-03,resume
6786,2024-12-25,pause
6787,2024-10-22,start
6788,2024-05-24,start
6788,2024-07-26,pause
6788,2024-10-20,resume
6789,2024-02-16,start
6790,2024-08-10,start
6791,2024-08-17,start
6791,2024-10-19,cancel
6792,2024-03-10,start
6793,2024-03-08,start
6793,2024-09-17,cancel
6794,2024-01-12,start
6794,2024-03-31,cancel
6795,2024-09-15,start
6796,2024-09-13,start
6797,2024-01-08,start
6798,2024-06-14,start
6799,2024-07-19,start
6800,2024-04-17,start
6800,2024-08-08,pause
6800,2024-10-03,resume
6801,2024-02-03,start
6802,2024-11-01,start
6803,2024-01-18,start
6803,2024-02-15,cancel
6804,2024-08-18,start
6805,2024-05-07,start
6805,2024-09-07,pause
6805,2024-11-20,resume
6806,2024-11-21,start
6807,2024-01-18,start
6808,2024-07-10,start
6808,2024-08-19,cancel
6809,2024-03-17,start
6810,2024-06-28,start
6811,2024-08-27,start
6812,2024-04-06,start
6812,2024-09-14,pause
6812,2024-11-01,resume
6812,2024-11-21,pause
6813,2024-11-14,start
6814,2024-11-08,start
6815,2024-05-13,start
6815,2024-09-29,pause
6815,2024-11-03,resume
6816,2024-09-30,start
6817,2024-05-28,start
6818,2024-10-28,start
6819,2024-07-06,start
6819,2024-12-05,cancel
6820,2024-04-25,start
6820,2024-05-22,pause
6820,2024-06-21,resume
6820,2024-08-20,pause
6820,2024-10-01,resume
6820,2024-12-22,pause
6821,2024-11-22,start
6822,2024-02-08,start
6822,2024-08-18,cancel
6823,2024-05-29,start
6824,2024-08-03,start
6825,2024-05-20,start
6825,2024-11-21,pause
6826,2024-04-27,start
6826,2024-07-10,cancel
6827,2024-02-20,start
6827,2024-09-23,cancel
6828,2024-02-03,start
6828,2024-08-02,cancel
6829,2024-01-22,start
6830,2024-04-28,start
6830,2024-07-07,cancel
6831,2024-03-01,start
6831,2024-12-09,cancel
6832,2024-03-31,start
6832,2024-04-22,pause
6832,2024-07-01,resume
6833,2024-01-28,start
6834,2024-06-18,start
6834,2024-08-08,pause
6834,2024-09-13,resume
6834,2024-11-21,cancel
6835,2024-02-05,start
6836,2024-10-02,start
6837,2024-07-21,start
6837,2024-10-17,cancel
6838,2024-06-14,start
6838,2024-09-23,cancel
6839,2024-10-05,start
6840,2024-05-10,start
6841,2024-01-23,start
6842,2024-10-16,start
6843,2024-09-30,start
6844,2024-07-19,start
6845,2024-10-06,start
6846,2024-01-23,start
6846,2024-06-07,cancel
6847,2024-05-08,start
6848,2024-02-21,start
6849,2024-03-14,start
6850,2024-06-19,start
6851,2024-10-10,start
6852,2024-02-05,start
6853,2024-07-06,start
6854,2024-11-20,start
6855,2024-06-10,start
6855,2024-09-25,pause
6855,2024-11-26,resume
6856,2024-03-03,start
6857,2024-10-06,start
6858,2024-04-20,start
6858,2024-06-27,pause
6858,2024-08-08,resume
6858,2024-09-29,pause
6858,2024-11-08,resume
6859,2024-06-05,start
6859,2024-08-19,pause
6859,2024-09-21,resume
6859,2024-11-12,pause
6859,2024-12-18,resume
6860,2024-05-25,start
6860,2024-11-10,pause
6861,2024-06-12,start
6861,2024-08-05,pause
6861,2024-09-19,resume
6861,2024-11-20,cancel
6862,2024-10-04,start
6863,2024-02-01,start
6864,2024-11-15,start
6865,2024-08-31,start
6866,2024-07-26,start
6867,2024-11-02,start
6868,2024-07-01,start
6868,2024-07-25,cancel
6869,2024-08-24,start
6870,2024-04-24,start
6870,2024-05-26,pause
6870,2024-08-17,resume
6870,2024-10-10,cancel
6871,2024-11-06,start
6872,2024-02-07,start
6873,2024-09-08,start
6874,2024-07-20,start
6875,2024-10-03,start
6875,2024-11-24,cancel
6876,2024-07-13,start
6877,2024-06-02,start
6877,2024-10-13,cancel
6878,2024-11-04,start
6879,2024-08-28,start
6879,2024-10-26,cancel
6880,2024-03-20,start
6880,2024-05-28,cancel
6881,2024-04-10,start
6881,2024-08-19,cancel
6882,2024-06-11,start
6882,2024-10-07,pause
6882,2024-11-20,resume
6883,2024-04-07,start
6884,2024-04-17,start
6884,2024-05-21,pause
6884,2024-08-18,resume
6884,2024-11-07,cancel
6885,2024-11-10,start
6886,2024-09-27,start
6887,2024-05-14,start
6887,2024-07-29,pause
6887,2024-10-05,resume
6887,2024-12-12,pause
6888,2024-03-15,start
6888,2024-09-21,cancel
6889,2024-02-02,start
6889,2024-05-30,cancel
6890,2024-06-13,start
6890,2024-08-28,pause
6890,2024-11-04,resume
6891,2024-10-18,start
6892,2024-06-24,start
6892,2024-10-12,cancel
6893,2024-08-12,start
6894,2024-01-03,start
6894,2024-02-27,cancel
6895,2024-05-16,start
6895,2024-06-20,pause
6895,2024-07-25,resume
6895,2024-09-28,pause
6895,2024-11-11,resume
6896,2024-01-10,start
6896,2024-10-07,cancel
6897,2024-08-04,start
6898,2024-10-06,start
6898,2024-12-20,cancel
6899,2024-03-21,start
6900,2024-07-04,start
6901,2024-08-20,start
6902,2024-06-05,start
6902,2024-09-15,pause
6902,2024-11-22,resume
6903,2024-05-16,start
6903,2024-11-28,pause
6904,2024-02-09,start
6905,2024-06-25,start
6905,2024-07-27,pause
6905,2024-10-14,resume
6906,2024-09-09,start
6907,2024-10-28,start
6908,2024-05-12,start
6908,2024-06-04,pause
6908,2024-07-09,resume
6909,2024-09-06,start
6910,2024-04-04,start
6910,2024-08-20,cancel
6911,2024-05-03,start
6911,2024-09-10,pause
6911,2024-10-17,resume
6912,2024-07-05,start
6913,2024-09-08,start
6914,2024-01-22,start
6915,2024-10-07,start
6916,2024-05-06,start
6916,2024-10-01,cancel
6917,2024-04-09,start
6918,2024-04-04,start
6918,2024-06-14,pause
6918,2024-07-16,resume
6919,2024-05-17,start
6919,2024-12-21,pause
6920,2024-05-10,start
6920,2024-07-27,pause
6920,2024-09-05,resume
6920,2024-10-21,cancel
6921,2024-02-28,start
6921,2024-12-18,cancel
6922,2024-03-19,start
6922,2024-07-16,cancel
6923,2024-07-11,start
6923,2024-09-25,cancel
6924,2024-01-07,start
6925,2024-10-27,start
6926,2024-09-16,start
6927,2024-05-13,start
6927,2024-06-22,cancel
6928,2024-05-28,start
6928,2024-09-15,pause
6928,2024-12-12,resume
6929,2024-08-21,start
6930,2024-08-18,start
6930,2024-10-15,cancel
6931,2024-05-01,start
6931,2024-09-26,pause
6931,2024-11-30,resume
6932,2024-07-15,start
6933,2024-11-18,start
6934,2024-05-12,start
6934,2024-06-20,pause
6934,2024-08-11,resume
6934,2024-09-17,cancel
6935,2024-04-15,start
6935,2024-07-02,pause
6935,2024-08-10,resume
6935,2024-12-11,pause
6936,2024-04-24,start
6936,2024-08-07,pause
6936,2024-09-14,resume
6936,2024-10-28,pause
6936,2024-12-21,resume
6937,2024-10-12,start
6938,2024-02-14,start
6938,2024-12-18,cancel
6939,2024-10-13,start
6939,2024-11-13,cancel
6940,2024-02-12,start
6940,2024-04-03,cancel
6941,2024-01-11,start
6942,2024-01-08,start
6943,2024-08-21,start
6944,2024-07-20,start
6945,2024-06-17,start
6945,2024-11-01,pause
6946,2024-02-29,start
6947,2024-07-30,start
6947,2024-12-04,cancel
6948,2024-08-24,start
6949,2024-04-29,start
6950,2024-06-05,start
6950,2024-08-28,cancel
6951,2024-07-24,start
6951,2024-09-22,cancel
6952,2024-03-21,start
6953,2024-08-10,start
6954,2024-05-11,start
6954,2024-07-31,pause
6954,2024-09-19,resume
6954,2024-10-16,pause
6955,2024-06-22,start
6955,2024-08-04,cancel
6956,2024-07-19,start
6957,2024-05-30,start
6957,2024-09-16,pause
6957,2024-11-18,resume
6958,2024-05-09,start
6958,2024-08-11,pause
6958,2024-10-28,resume
6959,2024-08-20,start
6960,2024-05-24,start
6960,2024-12-04,pause
6961,2024-11-21,start
6962,2024-09-08,start
6963,2024-04-14,start
6963,2024-06-15,pause
6963,2024-09-09,resume
6964,2024-07-06,start
6965,2024-04-12,start
6965,2024-08-15,cancel
6966,2024-11-24,start
6967,2024-11-13,start
6968,2024-08-01,start
6968,2024-11-29,cancel
6969,2024-03-02,start
6969,2024-04-28,cancel
6970,2024-04-29,start
6970,2024-05-25,pause
6970,2024-08-10,resume
6970,2024-11-06,pause
6971,2024-06-26,start
6971,2024-08-04,cancel
6972,2024-04-18,start
6972,2024-05-12,pause
6972,2024-07-05,resume
6972,2024-08-26,pause
6972,2024-11-08,resume
6973,2024-08-29,start
6973,2024-11-20,cancel
6974,2024-04-14,start
6974,2024-11-27,pause
6975,2024-07-04,start
6976,2024-05-18,start
6976,2024-07-18,pause
6976,2024-09-27,resume
6977,2024-01-15,start
6978,2024-03-17,start
6979,2024-11-07,start
6980,2024-08-11,start
6980,2024-09-16,cancel
6981,2024-03-23,start
6981,2024-09-29,cancel
6982,2024-03-31,start
6982,2024-06-07,pause
6982,2024-08-01,resume
6983,2024-10-25,start
6984,2024-11-04,start
6985,2024-08-11,start
6985,2024-10-24,cancel
6986,2024-02-19,start
6986,2024-12-15,cancel
6987,2024-11-19,start
6988,2024-05-15,start
6988,2024-09-19,pause
6988,2024-11-08,resume
6989,2024-02-04,start
6989,2024-03-06,cancel
6990,2024-05-26,start
6991,2024-07-31,start
6992,2024-07-22,start
6992,2024-11-04,cancel
6993,2024-08-07,start
6993,2024-12-18,cancel
6994,2024-06-10,start
6994,2024-08-10,cancel
6995,2024-01-10,start
6995,2024-07-13,cancel
6996,2024-01-12,start
6997,2024-02-08,start
6997,2024-08-06,cancel
6998,2024-04-22,start
6998,2024-07-11,pause
6998,2024-09-02,resume
6999,2024-07-01,start
6999,2024-07-25,cancel
7000,2024-01-11,start
7001,2024-11-21,start
7002,2024-11-08,start
7003,2024-10-22,start
7004,2024-03-13,start
7005,2024-10-17,start
7006,2024-01-13,start
7007,2024-01-14,start
7008,2024-09-05,start
7009,2024-02-27,start
7010,2024-06-17,start
7010,2024-08-08,cancel
7011,2024-05-10,start
7011,2024-10-06,pause
7011,2024-11-13,resume
7012,2024-03-06,start
7013,2024-06-06,start
7013,2024-07-18,pause
7013,2024-09-18,resume
7013,2024-10-16,pause
7013,2024-12-19,resume
7014,2024-10-23,start
7015,2024-01-03,start
7015,2024-12-18,cancel
7016,2024-05-31,start
7016,2024-09-23,pause
7016,2024-12-05,resume
7017,2024-03-30,start
7017,2024-11-05,cancel
7018,2024-05-05,start
7018,2024-06-20,cancel
7019,2024-01-07,start
7019,2024-05-09,cancel
7020,2024-05-27,start
7020,2024-08-13,pause
7020,2024-09-25,resume
7021,2024-03-20,start
7022,2024-02-17,start
7022,2024-05-01,cancel
7023,2024-04-07,start
7023,2024-12-15,pause
7024,2024-07-11,start
7025,2024-06-24,start
7025,2024-10-23,pause
7025,2024-12-17,resume
7026,2024-01-02,start
7027,2024-08-25,start
7028,2024-01-06,start
7028,2024-03-12,cancel
7029,2024-03-21,start
7030,2024-01-13,start
7030,2024-06-15,cancel
7031,2024-10-17,start
7032,2024-04-26,start
7032,2024-07-21,pause
7032,2024-08-28,resume
7032,2024-10-29,pause
7032,2024-12-21,resume
7033,2024-02-18,start
7033,2024-11-18,cancel
7034,2024-06-19,start
7035,2024-04-16,start
7035,2024-11-04,pause
7036,2024-10-17,start
7037,2024-03-05,start
7037,2024-09-28,cancel
7038,2024-04-01,start
7039,2024-10-30,start
7040,2024-04-04,start
7040,2024-09-12,pause
7040,2024-11-16,resume
7041,2024-02-13,start
7042,2024-05-24,start
7042,2024-08-14,pause
7042,2024-10-27,resume
7043,2024-03-25,start
7044,2024-08-21,start
7045,2024-11-02,start
7046,2024-04-01,start
7046,2024-05-25,pause
7046,2024-06-24,resume
7046,2024-08-23,pause
7046,2024-10-18,resume
7047,2024-04-22,start
7047,2024-10-07,pause
7047,2024-11-15,resume
7048,2024-10-31,start
7049,2024-03-05,start
7049,2024-08-12,cancel
7050,2024-03-28,start
7051,2024-07-29,start
7052,2024-06-27,start
7052,2024-12-09,pause
7053,2024-01-23,start
7053,2024-04-21,cancel
7054,2024-05-18,start
7054,2024-08-07,pause
7054,2024-10-24,resume
7055,2024-02-21,start
7055,2024-05-04,cancel
7056,2024-02-21,start
7057,2024-03-18,start
7057,2024-10-20,cancel
7058,2024-03-04,start
7059,2024-09-26,start
7060,2024-04-21,start
7060,2024-09-22,cancel
7061,2024-09-15,start
7062,2024-10-09,start
7063,2024-08-16,start
7064,2024-06-11,start
7064,2024-11-15,pause
7065,2024-08-16,start
7066,2024-08-16,start
7067,2024-11-14,start
7068,2024-09-21,start
7068,2024-10-23,cancel
7069,2024-03-28,start
7070,2024-02-23,start
7070,2024-03-20,cancel
7071,2024-10-22,start
7071,2024-11-17,cancel
7072,2024-01-24,start
7072,2024-05-04,cancel
7073,2024-10-07,start
7074,2024-08-07,start
7075,2024-10-28,start
7076,2024-08-31,start
7077,2024-01-05,start
7078,2024-10-29,start
7079,2024-01-18,start
7079,2024-05-19,cancel
7080,2024-11-15,start
7081,2024-05-04,start
7081,2024-09-10,pause
7081,2024-11-30,resume
7082,2024-10-21,start
7083,2024-07-22,start
7084,2024-04-08,start
7084,2024-06-05,pause
7084,2024-08-20,resume
7085,2024-10-23,start
7086,2024-05-25,start
7086,2024-10-03,pause
7086,2024-11-30,resume
7087,2024-06-01,start
7087,2024-07-07,pause
7087,2024-08-23,resume
7088,2024-11-23,start
7089,2024-07-22,start
7089,2024-12-11,cancel
7090,2024-01-15,start
7090,2024-06-24,cancel
7091,2024-06-08,start
7091,2024-08-15,pause
7091,2024-11-11,resume
7092,2024-07-06,start
7093,2024-04-04,start
7093,2024-05-12,pause
7093,2024-08-01,resume
7093,2024-11-10,pause
7093,2024-12-11,resume
7094,2024-04-11,start
7094,2024-06-30,pause
7094,2024-08-30,resume
7095,2024-02-01,start
7095,2024-07-31,cancel
7096,2024-04-08,start
7096,2024-08-12,pause
7096,2024-10-01,resume
7096,2024-11-23,pause
7097,2024-01-12,start
7098,2024-06-11,start
7099,2024-03-25,start
7099,2024-09-04,cancel
7100,2024-02-01,start
7100,2024-09-20,cancel
7101,2024-02-11,start
7101,2024-09-13,cancel
7102,2024-08-20,start
7102,2024-10-11,cancel
7103,2024-06-01,start
7103,2024-06-25,pause
7103,2024-09-22,resume
7103,2024-11-16,pause
7104,2024-05-08,start
7104,2024-07-05,pause
7104,2024-09-02,resume
7104,2024-11-28,pause
7105,2024-07-03,start
7106,2024-09-08,start
7107,2024-09-04,start
7108,2024-04-16,start
7108,2024-05-31,pause
7108,2024-07-25,resume
7108,2024-11-15,pause
7109,2024-09-17,start
7110,2024-04-25,start
7110,2024-05-27,pause
7110,2024-08-06,resume
7110,2024-10-06,pause
7110,2024-11-11,resume
7110,2024-12-24,pause
7111,2024-02-15,start
7112,2024-06-02,start
7112,2024-07-30,pause
7112,2024-10-13,resume
7113,2024-08-31,start
7114,2024-04-09,start
7114,2024-07-19,cancel
7115,2024-01-15,start
7115,2024-08-28,cancel
7116,2024-10-30,start
7117,2024-03-29,start
7117,2024-12-08,cancel
7118,2024-10-19,start
7119,2024-07-05,start
7120,2024-09-11,start
7121,2024-04-29,start
7121,2024-07-14,pause
7121,2024-09-01,resume
7121,2024-09-25,pause
7121,2024-12-03,resume
7122,2024-05-15,start
7122,2024-09-15,pause
7122,2024-11-30,resume
7123,2024-05-13,start
7123,2024-07-17,pause
7123,2024-08-31,resume
7124,2024-11-03,start
7125,2024-05-05,start
7126,2024-11-11,start
7127,2024-03-04,start
7128,2024-07-04,start
7128,2024-10-18,cancel
7129,2024-02-09,start
7130,2024-04-28,start
7130,2024-07-19,pause
7130,2024-10-09,resume
7130,2024-11-18,cancel
7131,2024-05-06,start
7132,2024-01-12,start
7132,2024-10-20,cancel
7133,2024-03-07,start
7134,2024-07-07,start
7135,2024-10-03,start
7136,2024-01-19,start
7136,2024-02-18,cancel
7137,2024-05-09,start
7137,2024-12-01,pause
7138,2024-02-02,start
7139,2024-03-29,start
7140,2024-02-05,start
7140,2024-03-17,cancel
7141,2024-01-18,start
7142,2024-01-27,start
7142,2024-06-08,cancel
7143,2024-09-09,start
7144,2024-06-24,start
7144,2024-07-26,cancel
7145,2024-10-04,start
7146,2024-10-10,start
7147,2024-11-05,start
7148,2024-04-25,start
7148,2024-06-27,pause
7148,2024-08-29,resume
7148,2024-11-17,cancel
7149,2024-02-14,start
7150,2024-05-16,start
7150,2024-07-11,pause
7150,2024-08-25,resume
7151,2024-09-04,start
7152,2024-02-11,start
7153,2024-02-09,start
7153,2024-07-01,cancel
7154,2024-11-25,start
7155,2024-08-20,start
7155,2024-09-17,cancel
7156,2024-03-25,start
7157,2024-01-07,start
7157,2024-05-26,cancel
7158,2024-05-05,start
7159,2024-03-03,start
7160,2024-08-28,start
7161,2024-08-03,start
7162,2024-04-11,start
7162,2024-07-01,pause
7162,2024-08-09,resume
7163,2024-02-23,start
7164,2024-08-04,start
7165,2024-10-27,start
7166,2024-10-19,start
7167,2024-07-27,start
7168,2024-05-14,start
7168,2024-07-19,pause
7168,2024-09-12,resume
7169,2024-05-09,start
7169,2024-07-18,pause
7169,2024-10-02,resume
7170,2024-09-14,start
7171,2024-04-19,start
7171,2024-11-15,cancel
7172,2024-02-03,start
7172,2024-03-30,cancel
7173,2024-04-09,start
7173,2024-06-21,pause
7173,2024-09-18,resume
7174,2024-08-12,start
7174,2024-11-09,cancel
7175,2024-06-26,start
7176,2024-05-09,start
7177,2024-06-27,start
7177,2024-08-09,pause
7177,2024-09-22,resume
7177,2024-12-23,cancel
7178,2024-03-08,start
7179,2024-07-20,start
7180,2024-10-19,start
7181,2024-11-03,start
7182,2024-11-16,start
7183,2024-08-12,start
7183,2024-09-01,cancel
7184,2024-10-22,start
7185,2024-07-30,start
7186,2024-05-06,start
7186,2024-09-20,cancel
7187,2024-10-15,start
7188,2024-07-31,start
7189,2024-08-28,start
7189,2024-12-14,cancel
7190,2024-03-08,start
7191,2024-10-24,start
7192,2024-03-09,start
7193,2024-05-08,start
7193,2024-09-05,pause
7193,2024-10-26,resume
7193,2024-12-13,pause
7194,2024-04-10,start
7195,2024-04-01,start
7195,2024-06-28,pause
7195,2024-08-27,resume
7195,2024-09-18,pause
7195,2024-11-18,resume
7196,2024-03-20,start
7197,2024-05-08,start
7197,2024-07-29,pause
7197,2024-09-11,resume
7198,2024-09-27,start
7199,2024-05-10,start
7199,2024-10-15,pause
7199,2024-12-13,resume
7200,2024-10-18,start
7201,2024-04-25,start
7201,2024-05-21,pause
7201,2024-07-26,resume
7202,2024-04-17,start
7202,2024-05-16,pause
7202,2024-06-22,resume
7202,2024-08-26,cancel
7203,2024-01-11,start
7203,2024-03-22,cancel
7204,2024-01-08,start
7205,2024-08-21,start
7206,2024-01-29,start
7207,2024-09-22,start
7208,2024-01-31,start
7208,2024-05-20,cancel
7209,2024-07-27,start
7210,2024-06-27,start
7211,2024-07-31,start
7212,2024-04-05,start
7212,2024-06-26,pause
7212,2024-07-26,resume
7212,2024-12-03,pause
7213,2024-02-18,start
7214,2024-02-22,start
7215,2024-05-04,start
7215,2024-05-24,pause
7215,2024-08-01,resume
7215,2024-12-13,cancel
7216,2024-03-27,start
7216,2024-10-30,cancel
7217,2024-10-12,start
7218,2024-10-25,start
7219,2024-05-16,start
7219,2024-12-06,cancel
7220,2024-05-04,start
7220,2024-06-17,cancel
7221,2024-07-12,start
7222,2024-08-10,start
7223,2024-01-17,start
7223,2024-04-14,cancel
7224,2024-11-03,start
7225,2024-11-04,start
7226,2024-03-28,start
7227,2024-07-28,start
7228,2024-08-24,start
7228,2024-12-01,cancel
7229,2024-05-15,start
7230,2024-05-30,start
7230,2024-08-22,pause
7230,2024-10-01,resume
7230,2024-10-26,pause
7231,2024-01-10,start
7231,2024-03-18,cancel
7232,2024-04-07,start
7232,2024-06-03,pause
7232,2024-08-03,resume
7233,2024-02-13,start
7233,2024-04-04,cancel
7234,2024-09-05,start
7235,2024-03-31,start
7235,2024-11-10,pause
7236,2024-04-23,start
7236,2024-12-13,cancel
7237,2024-05-09,start
7237,2024-09-05,pause
7237,2024-11-17,resume
7238,2024-11-24,start
7239,2024-07-15,start
7240,2024-03-13,start
7241,2024-08-31,start
7241,2024-11-21,cancel
7242,2024-06-15,start
7242,2024-07-17,pause
7242,2024-10-02,resume
7242,2024-12-08,cancel
7243,2024-09-01,start
7244,2024-01-02,start
7245,2024-03-11,start
7245,2024-09-27,cancel
7246,2024-02-20,start
7246,2024-06-27,cancel
7247,2024-05-27,start
7247,2024-08-13,pause
7247,2024-10-08,resume
7247,2024-12-22,pause
7248,2024-10-03,start
7249,2024-03-31,start
7249,2024-05-09,pause
7249,2024-06-30,resume
7249,2024-08-19,pause
7249,2024-10-30,resume
7250,2024-08-30,start
7251,2024-06-20,start
7252,2024-10-20,start
7253,2024-04-07,start
7253,2024-07-04,pause
7253,2024-08-09,resume
7254,2024-05-13,start
7254,2024-06-03,pause
7254,2024-08-12,resume
7255,2024-01-12,start
7255,2024-03-09,cancel
7256,2024-09-27,start
7257,2024-07-22,start
7258,2024-08-12,start
7259,2024-03-29,start
7260,2024-08-15,start
7260,2024-09-04,cancel
7261,2024-06-20,start
7262,2024-04-22,start
7262,2024-07-21,pause
7262,2024-08-31,resume
7262,2024-10-09,pause
7262,2024-12-10,resume
7263,2024-06-17,start
7263,2024-11-01,pause
7264,2024-09-01,start
7265,2024-09-21,start
7266,2024-10-02,start
7266,2024-12-03,cancel
7267,2024-04-21,start
7267,2024-10-25,pause
7268,2024-01-10,start
7268,2024-05-08,cancel
7269,2024-03-15,start
7269,2024-11-13,cancel
7270,2024-07-31,start
7271,2024-11-07,start
7272,2024-09-01,start
7272,2024-09-22,cancel
7273,2024-08-18,start
7274,2024-01-01,start
7275,2024-07-25,start
7275,2024-09-30,cancel
7276,2024-08-14,start
7277,2024-08-07,start
7278,2024-06-30,start
7278,2024-09-02,cancel
7279,2024-05-24,start
7279,2024-08-04,pause
7279,2024-09-10,resume
7280,2024-11-13,start
7281,2024-01-05,start
7282,2024-04-01,start
7282,2024-05-18,pause
7282,2024-06-30,resume
7282,2024-08-14,pause
7282,2024-10-23,resume
7283,2024-05-10,start
7283,2024-10-05,pause
7283,2024-11-15,resume
7284,2024-02-22,start
7284,2024-08-13,cancel
7285,2024-10-02,start
7285,2024-10-31,cancel
7286,2024-04-12,start
7287,2024-03-02,start
7287,2024-09-09,cancel
7288,2024-02-27,start
7288,2024-04-24,cancel
7289,2024-06-28,start
7289,2024-11-13,cancel
7290,2024-11-05,start
7291,2024-09-04,start
7292,2024-08-18,start
7293,2024-08-06,start
7294,2024-06-17,start
7294,2024-09-03,cancel
7295,2024-09-30,start
7295,2024-11-05,cancel
7296,2024-07-29,start
7297,2024-02-02,start
7298,2024-10-15,start
7299,2024-04-04,start
7299,2024-06-19,pause
7299,2024-08-06,resume
7299,2024-12-21,pause
7300,2024-02-26,start
7300,2024-08-18,cancel
7301,2024-04-28,start
7301,2024-11-12,pause
7301,2024-12-17,resume
7302,2024-06-16,start
7302,2024-10-07,pause
7302,2024-12-03,resume
7303,2024-01-24,start
7304,2024-06-28,start
7304,2024-11-17,pause
7305,2024-07-04,start
7306,2024-10-27,start
7307,2024-11-09,start
7308,2024-06-12,start
7308,2024-08-27,pause
7308,2024-10-08,resume
7309,2024-05-06,start
7309,2024-07-06,pause
7309,2024-08-22,resume
7309,2024-10-20,pause
7309,2024-12-04,resume
7310,2024-01-08,start
7310,2024-04-01,cancel
7311,2024-10-04,start
7312,2024-08-26,start
7313,2024-06-22,start
7313,2024-11-09,pause
7313,2024-12-18,resume
7314,2024-07-22,start
7314,2024-11-21,cancel
7315,2024-10-21,start
7316,2024-05-17,start
7316,2024-07-31,pause
7316,2024-09-27,resume
7317,2024-02-21,start
7317,2024-04-24,cancel
7318,2024-09-07,start
7319,2024-10-22,start
7319,2024-12-20,cancel
7320,2024-03-17,start
7320,2024-11-12,cancel
7321,2024-06-16,start
7321,2024-09-06,pause
7321,2024-10-13,resume
7321,2024-11-21,pause
7322,2024-06-03,start
7322,2024-10-03,pause
7322,2024-11-11,resume
7323,2024-07-13,start
7324,2024-05-01,start
7324,2024-10-02,pause
7324,2024-11-27,resume
7325,2024-05-14,start
7325,2024-07-12,cancel
7326,2024-11-02,start
7327,2024-08-23,start
7328,2024-03-28,start
7329,2024-06-30,start
7329,2024-10-26,cancel
7330,2024-11-06,start
7331,2024-08-21,start
7332,2024-07-03,start
7333,2024-07-31,start
7334,2024-05-11,start
7335,2024-11-04,start
7336,2024-11-07,start
7337,2024-06-20,start
7338,2024-07-11,start
7339,2024-03-04,start
7340,2024-06-26,start
7340,2024-08-26,pause
7340,2024-10-25,resume
7341,2024-09-20,start
7342,2024-06-15,start
7342,2024-09-05,pause
7342,2024-11-03,resume
7342,2024-12-15,pause
7343,2024-04-24,start
7343,2024-07-17,cancel
7344,2024-04-24,start
7344,2024-07-04,pause
7344,2024-09-03,resume
7344,2024-12-10,pause
7345,2024-08-23,start
7346,2024-03-04,start
7347,2024-09-16,start
7348,2024-02-26,start
7348,2024-09-19,cancel
7349,2024-04-07,start
7349,2024-06-19,pause
7349,2024-07-29,resume
7349,2024-11-17,pause
7349,2024-12-21,resume
7350,2024-03-14,start
7350,2024-04-06,cancel
7351,2024-01-08,start
7352,2024-10-21,start
7353,2024-10-20,start
7354,2024-05-28,start
7354,2024-10-13,pause
7355,2024-05-26,start
7355,2024-07-08,pause
7355,2024-09-30,resume
7356,2024-06-27,start
7357,2024-03-30,start
7357,2024-05-17,cancel
7358,2024-07-13,start
7358,2024-11-04,cancel
7359,2024-05-13,start
7359,2024-06-13,pause
7359,2024-07-13,resume
7360,2024-05-07,start
7360,2024-07-09,cancel
7361,2024-06-21,start
7361,2024-09-12,pause
7361,2024-10-20,resume
7362,2024-08-22,start
7363,2024-05-11,start
7363,2024-10-23,pause
7364,2024-05-21,start
7364,2024-06-22,pause
7364,2024-08-10,resume
7364,2024-10-26,pause
7364,2024-12-09,resume
7365,2024-11-18,start
7366,2024-03-11,start
7366,2024-07-27,cancel
7367,2024-06-14,start
7367,2024-09-01,pause
7367,2024-10-26,resume
7367,2024-11-26,pause
7368,2024-11-06,start
7369,2024-07-22,start
7370,2024-02-04,start
7370,2024-12-18,cancel
7371,2024-02-18,start
7372,2024-11-15,start
7373,2024-11-01,start
7374,2024-05-05,start
7374,2024-07-21,pause
7374,2024-09-26,resume
7375,2024-04-09,start
7375,2024-09-13,pause
7375,2024-11-30,resume
7376,2024-08-18,start
7376,2024-10-29,cancel
7377,2024-09-03,start
7378,2024-07-25,start
7379,2024-08-17,start
7380,2024-05-16,start
7380,2024-06-24,pause
7380,2024-08-25,resume
7380,2024-09-22,pause
7380,2024-10-26,resume
7381,2024-09-10,start
7382,2024-09-01,start
7383,2024-05-18,start
7383,2024-06-29,cancel
7384,2024-07-18,start
7385,2024-08-20,start
7385,2024-10-07,cancel
7386,2024-02-04,start
7386,2024-02-28,cancel
7387,2024-05-20,start
7387,2024-08-13,pause
7387,2024-11-10,resume
7388,2024-09-09,start
7389,2024-01-06,start
7390,2024-08-21,start
7391,2024-11-16,start
7392,2024-06-07,start
7392,2024-09-02,pause
7392,2024-11-22,resume
7393,2024-03-27,start
7393,2024-06-18,cancel
7394,2024-04-09,start
7394,2024-05-09,pause
7394,2024-06-13,resume
7394,2024-09-10,pause
7394,2024-10-17,resume
7395,2024-04-11,start
7395,2024-06-17,pause
7395,2024-08-25,resume
7395,2024-11-11,pause
7396,2024-08-23,start
7397,2024-10-21,start
7398,2024-11-16,start
7399,2024-07-15,start
7400,2024-06-12,start
7400,2024-08-29,pause
7400,2024-10-17,resume
7400,2024-11-19,pause
7401,2024-09-18,start
7402,2024-11-03,start
7403,2024-09-18,start
7404,2024-05-18,start
7404,2024-06-07,cancel
7405,2024-02-26,start
7406,2024-08-17,start
7407,2024-03-01,start
7408,2024-11-25,start
7408,2024-12-23,cancel
7409,2024-10-08,start
7410,2024-02-01,start
7411,2024-08-27,start
7412,2024-03-08,start
7412,2024-07-08,cancel
7413,2024-02-17,start
7414,2024-10-28,start
7415,2024-02-27,start
7415,2024-12-05,cancel
7416,2024-07-27,start
7416,2024-08-25,cancel
7417,2024-02-08,start
7418,2024-06-24,start
7419,2024-09-17,start
7420,2024-06-06,start
7420,2024-08-05,pause
7420,2024-10-16,resume
7421,2024-04-23,start
7421,2024-07-07,pause
7421,2024-08-15,resume
7421,2024-12-07,pause
7422,2024-11-25,start
7423,2024-11-22,start
7424,2024-07-28,start
7425,2024-07-08,start
7426,2024-09-14,start
7427,2024-07-13,start
7428,2024-09-05,start
7429,2024-02-23,start
7430,2024-11-03,start
7431,2024-05-09,start
7431,2024-07-15,pause
7431,2024-09-03,resume
7432,2024-09-11,start
7433,2024-09-12,start
7434,2024-03-05,start
7435,2024-10-23,start
7435,2024-11-27,cancel
7436,2024-05-06,start
7436,2024-07-05,pause
7436,2024-10-01,resume
7437,2024-06-23,start
7437,2024-10-02,pause
7437,2024-11-19,resume
7438,2024-03-11,start
7439,2024-08-31,start
7440,2024-07-19,start
7441,2024-08-12,start
7442,2024-05-01,start
7442,2024-08-01,pause
7442,2024-10-15,resume
7443,2024-11-24,start
7444,2024-10-26,start
7445,2024-10-27,start
7446,2024-08-04,start
7447,2024-07-11,start
7447,2024-11-23,cancel
7448,2024-02-18,start
7449,2024-04-12,start
7449,2024-05-03,pause
7449,2024-06-23,resume
7449,2024-08-25,pause
7449,2024-10-26,resume
7450,2024-07-28,start
7451,2024-10-25,start
7452,2024-04-18,start
7452,2024-10-31,pause
7452,2024-12-11,resume
7453,2024-10-14,start
7454,2024-06-05,start
7455,2024-03-11,start
7456,2024-02-22,start
7457,2024-03-06,start
7457,2024-11-02,cancel
7458,2024-09-21,start
7459,2024-03-14,start
7459,2024-08-08,cancel
7460,2024-07-23,start
7461,2024-07-10,start
7462,2024-03-16,start
7463,2024-05-24,start
7463,2024-07-02,pause
7463,2024-09-09,resume
7463,2024-10-31,pause
7464,2024-06-08,start
7464,2024-11-19,pause
7465,2024-06-05,start
7465,2024-09-01,pause
7465,2024-10-29,resume
7465,2024-11-25,pause
7466,2024-04-01,start
7466,2024-06-24,pause
7466,2024-08-21,resume
7466,2024-09-22,pause
7466,2024-11-30,resume
7467,2024-03-26,start
7467,2024-09-21,cancel
7468,2024-11-13,start
7469,2024-09-18,start
7470,2024-09-30,start
7470,2024-12-13,cancel
7471,2024-09-06,start
7472,2024-03-06,start
7473,2024-10-14,start
7474,2024-08-14,start
7474,2024-09-23,cancel
7475,2024-03-23,start
7476,2024-02-18,start
7477,2024-08-20,start
7478,2024-06-10,start
7478,2024-07-12,pause
7478,2024-09-29,resume
7479,2024-10-10,start
7480,2024-11-21,start
7481,2024-02-11,start
7481,2024-12-10,cancel
7482,2024-08-22,start
7483,2024-09-06,start
7484,2024-04-19,start
7484,2024-06-27,pause
7484,2024-07-28,resume
7484,2024-09-07,pause
7484,2024-11-23,resume
7485,2024-01-19,start
7486,2024-05-04,start
7487,2024-03-12,start
7488,2024-05-20,start
7488,2024-08-02,pause
7488,2024-09-03,resume
7488,2024-12-01,cancel
7489,2024-08-30,start
7490,2024-04-26,start
7490,2024-06-17,cancel
7491,2024-02-04,start
7491,2024-11-28,cancel
7492,2024-06-14,start
7492,2024-08-10,pause
7492,2024-10-06,resume
7492,2024-12-09,pause
7493,2024-08-23,start
7494,2024-04-20,start
7494,2024-05-16,pause
7494,2024-07-19,resume
7495,2024-07-22,start
7496,2024-05-26,start
7496,2024-07-06,cancel
7497,2024-07-07,start
7498,2024-01-14,start
7499,2024-11-25,start
7500,2024-09-16,start
7501,2024-03-04,start
7502,2024-03-06,start
7503,2024-02-04,start
7504,2024-07-29,start
7505,2024-07-04,start
7505,2024-08-01,cancel
7506,2024-10-06,start
7507,2024-03-13,start
7508,2024-01-18,start
7508,2024-12-14,cancel
7509,2024-07-17,start
7509,2024-12-10,cancel
7510,2024-06-24,start
7511,2024-08-01,start
7512,2024-01-31,start
7512,2024-11-21,cancel
7513,2024-02-10,start
7513,2024-10-18,cancel
7514,2024-09-25,start
7515,2024-01-09,start
7516,2024-07-22,start
7517,2024-01-04,start
7518,2024-04-27,start
7518,2024-06-10,pause
7518,2024-07-23,resume
7519,2024-03-05,start
7520,2024-11-21,start
7521,2024-01-22,start
7522,2024-06-24,start
7522,2024-09-14,pause
7522,2024-11-26,resume
7523,2024-04-27,start
7523,2024-07-05,cancel
7524,2024-05-30,start
7524,2024-12-13,pause
7525,2024-08-26,start
7526,2024-07-17,start
7526,2024-10-31,cancel
7527,2024-10-23,start
7528,2024-11-11,start
7529,2024-04-30,start
7529,2024-08-02,cancel
7530,2024-04-05,start
7530,2024-08-03,cancel
7531,2024-06-21,start
7531,2024-08-24,pause
7531,2024-10-25,resume
7531,2024-12-15,pause
7532,2024-09-17,start
7533,2024-02-26,start
7534,2024-10-24,start
7535,2024-04-02,start
7535,2024-08-18,pause
7535,2024-11-09,resume
7536,2024-07-07,start
7537,2024-10-07,start
7538,2024-07-26,start
7539,2024-07-29,start
7540,2024-06-11,start
7540,2024-08-02,pause
7540,2024-09-23,resume
7540,2024-11-03,pause
7541,2024-05-13,start
7542,2024-01-17,start
7542,2024-03-22,cancel
7543,2024-01-12,start
7544,2024-06-13,start
7544,2024-10-02,pause
7545,2024-08-03,start
7546,2024-08-13,start
7547,2024-08-05,start
7548,2024-07-24,start
7549,2024-04-13,start
7549,2024-08-04,pause
7549,2024-10-26,resume
7549,2024-11-28,pause
7550,2024-05-08,start
7551,2024-10-20,start
7551,2024-11-16,cancel
7552,2024-01-30,start
7552,2024-07-26,cancel
7553,2024-01-05,start
7553,2024-05-18,cancel
7554,2024-04-16,start
7554,2024-06-30,pause
7554,2024-08-28,resume
7554,2024-11-03,pause
7555,2024-03-06,start
7555,2024-09-13,cancel
7556,2024-06-20,start
7556,2024-07-22,cancel
7557,2024-05-25,start
7557,2024-09-04,pause
7557,2024-10-27,resume
7558,2024-09-14,start
7559,2024-02-22,start
7559,2024-05-10,cancel
7560,2024-07-26,start
7561,2024-05-03,start
7561,2024-07-09,pause
7561,2024-10-01,resume
7562,2024-03-26,start
7562,2024-12-19,cancel
7563,2024-01-21,start
7563,2024-07-13,cancel
7564,2024-06-11,start
7565,2024-03-20,start
7566,2024-10-05,start
7566,2024-12-09,cancel
7567,2024-02-09,start
7567,2024-06-19,cancel
7568,2024-05-09,start
7568,2024-07-29,pause
7568,2024-09-11,resume
7568,2024-12-08,pause
7569,2024-05-12,start
7569,2024-11-13,pause
7570,2024-07-02,start
7571,2024-03-18,start
7571,2024-09-09,cancel
7572,2024-01-22,start
7572,2024-02-27,cancel
7573,2024-06-25,start
7573,2024-07-15,pause
7573,2024-08-20,resume
7574,2024-06-18,start
7574,2024-08-11,pause
7574,2024-10-28,resume
7574,2024-12-11,cancel
7575,2024-05-24,start
7575,2024-07-18,cancel
7576,2024-01-16,start
7577,2024-08-26,start
7578,2024-07-25,start
7579,2024-08-23,start
7580,2024-04-15,start
7580,2024-08-11,pause
7580,2024-11-03,resume
7581,2024-09-21,start
7582,2024-11-11,start
7583,2024-04-14,start
7583,2024-06-08,pause
7583,2024-07-11,resume
7583,2024-09-16,pause
7583,2024-11-23,resume
7584,2024-07-23,start
7584,2024-11-06,cancel
7585,2024-03-01,start
7586,2024-09-05,start
7586,2024-10-21,cancel
7587,2024-09-30,start
7588,2024-11-05,start
7589,2024-05-12,start
7590,2024-05-12,start
7590,2024-08-24,pause
7590,2024-10-14,resume
7590,2024-11-24,pause
7591,2024-06-01,start
7591,2024-06-22,pause
7591,2024-09-18,resume
7591,2024-11-01,pause
7592,2024-06-07,start
7592,2024-08-19,pause
7592,2024-09-28,resume
7593,2024-06-25,start
7593,2024-09-22,pause
7593,2024-11-21,resume
7594,2024-04-14,start
7594,2024-06-05,pause
7594,2024-08-03,resume
7594,2024-09-05,pause
7594,2024-10-25,resume
7594,2024-12-09,cancel
7595,2024-05-09,start
7595,2024-06-11,cancel
7596,2024-05-08,start
7596,2024-06-01,pause
7596,2024-08-24,resume
7597,2024-06-19,start
7597,2024-07-18,pause
7597,2024-09-15,resume
7597,2024-10-22,cancel
7598,2024-05-04,start
7598,2024-07-08,pause
7598,2024-08-31,resume
7599,2024-02-03,start
7600,2024-01-15,start
7601,2024-01-09,start
7601,2024-06-09,cancel
7602,2024-07-19,start
7603,2024-01-28,start
7604,2024-03-15,start
7604,2024-05-30,cancel
7605,2024-11-10,start
7606,2024-10-20,start
7607,2024-10-14,start
7608,2024-03-07,start
7608,2024-05-14,cancel
7609,2024-04-18,start
7609,2024-07-03,cancel
7610,2024-06-14,start
7610,2024-07-22,pause
7610,2024-10-13,resume
7611,2024-03-31,start
7611,2024-04-20,pause
7611,2024-07-16,resume
7611,2024-10-17,cancel
7612,2024-04-20,start
7612,2024-05-14,cancel
7613,2024-10-12,start
7614,2024-08-24,start
7614,2024-11-05,cancel
7615,2024-10-03,start
7615,2024-12-11,cancel
7616,2024-10-21,start
7616,2024-12-09,cancel
7617,2024-03-29,start
7618,2024-10-13,start
7619,2024-01-11,start
7620,2024-05-30,start
7620,2024-09-05,pause
7620,2024-10-14,resume
7620,2024-12-24,pause
7621,2024-04-08,start
7621,2024-07-08,pause
7621,2024-09-13,resume
7622,2024-01-10,start
7622,2024-10-01,cancel
7623,2024-07-31,start
7624,2024-07-02,start
7625,2024-08-02,start
7626,2024-06-07,start
7627,2024-11-24,start
7628,2024-09-27,start
7629,2024-01-14,start
7629,2024-04-12,cancel
7630,2024-10-27,start
7631,2024-03-14,start
7631,2024-06-03,cancel
7632,2024-01-22,start
7632,2024-04-17,cancel
7633,2024-05-07,start
7633,2024-06-04,pause
7633,2024-07-05,resume
7633,2024-12-12,pause
7634,2024-03-31,start
7634,2024-10-30,pause
7635,2024-09-25,start
7635,2024-11-12,cancel
7636,2024-04-28,start
7636,2024-09-10,pause
7636,2024-10-19,resume
7636,2024-11-30,pause
7637,2024-04-16,start
7637,2024-07-27,pause
7637,2024-10-04,resume
7637,2024-11-19,pause
7638,2024-11-14,start
7639,2024-10-20,start
7640,2024-06-22,start
7640,2024-08-31,pause
7640,2024-10-14,resume
7640,2024-11-10,cancel
7641,2024-04-18,start
7641,2024-08-27,pause
7641,2024-10-04,resume
7641,2024-10-24,pause
7641,2024-12-10,resume
7642,2024-03-03,start
7642,2024-05-29,cancel
7643,2024-09-30,start
7644,2024-03-30,start
7645,2024-01-30,start
7645,2024-03-31,cancel
7646,2024-01-29,start
7646,2024-08-25,cancel
7647,2024-05-21,start
7647,2024-09-16,pause
7647,2024-10-22,resume
7648,2024-03-22,start
7648,2024-05-27,cancel
7649,2024-04-03,start
7650,2024-05-30,start
7650,2024-06-25,pause
7650,2024-08-04,resume
7650,2024-12-02,cancel
7651,2024-09-22,start
7652,2024-04-03,start
7652,2024-06-13,pause
7652,2024-09-07,resume
7653,2024-06-13,start
7654,2024-04-16,start
7654,2024-08-29,pause
7654,2024-10-08,resume
7654,2024-12-07,pause
7655,2024-11-13,start
7656,2024-03-03,start
7657,2024-03-03,start
7658,2024-09-15,start
7659,2024-09-25,start
7659,2024-12-10,cancel
7660,2024-01-23,start
7660,2024-04-01,cancel
7661,2024-03-19,start
7662,2024-01-28,start
7663,2024-04-28,start
7663,2024-06-07,pause
7663,2024-08-01,resume
7663,2024-10-08,pause
7663,2024-12-05,resume
7664,2024-01-04,start
7665,2024-05-05,start
7666,2024-08-31,start
7667,2024-03-01,start
7667,2024-09-02,cancel
7668,2024-07-01,start
7669,2024-01-13,start
7669,2024-04-12,cancel
7670,2024-04-03,start
7670,2024-05-06,pause
7670,2024-07-05,resume
7670,2024-11-18,pause
7671,2024-06-05,start
7671,2024-08-25,pause
7671,2024-10-23,resume
7672,2024-04-24,start
7672,2024-09-21,pause
7672,2024-10-31,resume
7672,2024-12-02,pause
7673,2024-01-27,start
7674,2024-02-22,start
7674,2024-05-08,cancel
7675,2024-05-14,start
7676,2024-06-18,start
7676,2024-08-03,pause
7676,2024-10-29,resume
7677,2024-09-30,start
7678,2024-07-14,start
7678,2024-10-02,cancel
7679,2024-10-06,start
7680,2024-03-28,start
7681,2024-01-20,start
7681,2024-03-17,cancel
7682,2024-11-06,start
7683,2024-04-12,start
7683,2024-07-06,pause
7683,2024-09-19,resume
7683,2024-11-29,pause
7684,2024-07-17,start
7685,2024-05-14,start
7685,2024-07-09,pause
7685,2024-09-25,resume
7686,2024-09-11,start
7687,2024-08-22,start
7688,2024-10-27,start
7689,2024-06-19,start
7689,2024-12-07,pause
7690,2024-09-04,start
7691,2024-04-30,start
7691,2024-07-23,pause
7691,2024-10-18,resume
7692,2024-07-16,start
7693,2024-02-29,start
7693,2024-05-27,cancel
7694,2024-04-07,start
7694,2024-04-27,pause
7694,2024-06-14,resume
7695,2024-09-09,start
7696,2024-01-30,start
7696,2024-03-17,cancel
7697,2024-04-14,start
7697,2024-07-15,cancel
7698,2024-02-23,start
7699,2024-04-05,start
7699,2024-05-28,pause
7699,2024-07-23,resume
7699,2024-11-30,pause
7700,2024-11-05,start
7701,2024-04-29,start
7701,2024-06-04,pause
7701,2024-07-15,resume
7701,2024-10-11,pause
7701,2024-11-25,resume
7701,2024-12-18,pause
7702,2024-08-26,start
7703,2024-11-01,start
7704,2024-06-07,start
7704,2024-08-23,pause
7704,2024-10-21,resume
7704,2024-12-20,pause
7705,2024-07-18,start
7706,2024-07-13,start
7707,2024-03-17,start
7707,2024-08-03,cancel
7708,2024-07-21,start
7709,2024-04-27,start
7709,2024-10-05,pause
7710,2024-11-22,start
7711,2024-03-13,start
7711,2024-06-03,cancel
7712,2024-06-11,start
7712,2024-07-15,pause
7712,2024-09-29,resume
7713,2024-05-14,start
7714,2024-09-23,start
7715,2024-01-14,start
7715,2024-12-25,cancel
7716,2024-02-19,start
7717,2024-06-08,start
7717,2024-11-18,pause
7718,2024-04-26,start
7718,2024-07-12,cancel
7719,2024-11-21,start
7720,2024-09-12,start
7720,2024-10-06,cancel
7721,2024-08-22,start
7721,2024-09-14,cancel
7722,2024-05-15,start
7723,2024-03-07,start
7723,2024-05-29,cancel
7724,2024-04-05,start
7724,2024-07-12,pause
7724,2024-08-13,resume
7724,2024-09-09,pause
7724,2024-10-23,resume
7725,2024-11-23,start
7726,2024-01-09,start
7727,2024-03-23,start
7728,2024-06-22,start
7728,2024-09-03,cancel
7729,2024-09-10,start
7730,2024-09-10,start
7730,2024-12-24,cancel
7731,2024-05-23,start
7731,2024-08-20,pause
7731,2024-11-09,resume
7732,2024-10-13,start
7733,2024-09-25,start
7733,2024-10-29,cancel
7734,2024-06-09,start
7734,2024-09-04,pause
7734,2024-10-06,resume
7735,2024-04-07,start
7735,2024-06-28,pause
7735,2024-09-15,resume
7735,2024-11-21,pause
7736,2024-09-26,start
7737,2024-10-20,start
7738,2024-03-24,start
7738,2024-09-22,cancel
7739,2024-08-31,start
7740,2024-04-04,start
7740,2024-06-23,cancel
7741,2024-01-15,start
7741,2024-05-07,cancel
7742,2024-07-21,start
7742,2024-08-30,cancel
7743,2024-03-16,start
7743,2024-09-28,cancel
7744,2024-05-21,start
7744,2024-09-15,pause
7744,2024-12-10,resume
7745,2024-02-01,start
7745,2024-04-08,cancel
7746,2024-03-22,start
7746,2024-11-20,cancel
7747,2024-03-22,start
7747,2024-05-09,cancel
7748,2024-11-05,start
7749,2024-02-25,start
7750,2024-05-21,start
7750,2024-07-26,pause
7750,2024-10-19,resume
7751,2024-06-28,start
7752,2024-02-05,start
7752,2024-06-04,cancel
7753,2024-01-22,start
7754,2024-06-15,start
7755,2024-05-27,start
7755,2024-09-04,pause
7755,2024-11-03,resume
7756,2024-06-22,start
7756,2024-08-02,cancel
7757,2024-03-08,start
7757,2024-11-21,cancel
7758,2024-09-06,start
7759,2024-08-30,start
7760,2024-03-24,start
7761,2024-03-18,start
7762,2024-08-27,start
7763,2024-05-14,start
7763,2024-07-14,pause
7763,2024-08-27,resume
7764,2024-01-28,start
7765,2024-08-21,start
7766,2024-03-05,start
7766,2024-05-07,cancel
7767,2024-04-28,start
7767,2024-06-28,cancel
7768,2024-01-22,start
7768,2024-03-04,cancel
7769,2024-04-30,start
7769,2024-08-06,pause
7769,2024-09-24,resume
7769,2024-12-02,pause
7770,2024-01-16,start
7770,2024-09-12,cancel
7771,2024-09-19,start
7772,2024-06-06,start
7772,2024-11-03,cancel
7773,2024-03-28,start
7774,2024-08-21,start
7775,2024-10-05,start
7776,2024-04-23,start
7776,2024-07-11,pause
7776,2024-08-20,resume
7776,2024-11-13,pause
7777,2024-04-25,start
7777,2024-07-21,pause
7777,2024-09-22,resume
7777,2024-12-15,pause
7778,2024-08-12,start
7778,2024-12-15,cancel
7779,2024-05-06,start
7779,2024-09-06,pause
7779,2024-10-06,resume
7780,2024-08-08,start
7781,2024-05-11,start
7781,2024-09-12,pause
7781,2024-11-27,resume
7782,2024-08-28,start
7783,2024-04-16,start
7783,2024-05-21,pause
7783,2024-08-04,resume
7783,2024-09-21,pause
7783,2024-11-21,resume
7783,2024-12-12,cancel
7784,2024-08-25,start
7784,2024-11-11,cancel
7785,2024-03-18,start
7785,2024-08-19,cancel
7786,2024-10-13,start
7787,2024-06-20,start
7787,2024-09-17,pause
7787,2024-11-24,resume
7788,2024-01-22,start
7788,2024-09-15,cancel
7789,2024-09-28,start
7790,2024-06-26,start
7790,2024-11-09,pause
7791,2024-02-27,start
7792,2024-03-01,start
7793,2024-08-16,start
7794,2024-09-13,start
7795,2024-03-01,start
7795,2024-08-06,cancel
7796,2024-05-15,start
7796,2024-08-09,cancel
7797,2024-10-22,start
7798,2024-10-30,start
7799,2024-11-05,start
7800,2024-10-15,start
7801,2024-06-06,start
7801,2024-08-06,pause
7801,2024-09-11,resume
7802,2024-08-03,start
7802,2024-11-14,cancel
7803,2024-05-21,start
7803,2024-09-06,pause
7803,2024-12-02,resume
7804,2024-03-25,start
7804,2024-07-23,cancel
7805,2024-11-12,start
7806,2024-09-01,start
7807,2024-02-26,start
7807,2024-05-13,cancel
7808,2024-07-31,start
7809,2024-11-09,start
7810,2024-08-11,start
7811,2024-10-08,start
7812,2024-10-27,start
7813,2024-03-01,start
7813,2024-06-10,cancel
7814,2024-07-20,start
7815,2024-03-05,start
7816,2024-03-06,start
7817,2024-02-28,start
7817,2024-10-08,cancel
7818,2024-01-03,start
7819,2024-04-18,start
7819,2024-08-15,pause
7819,2024-10-06,resume
7819,2024-11-17,pause
7820,2024-10-07,start
7821,2024-10-02,start
7822,2024-10-02,start
7823,2024-03-16,start
7823,2024-06-28,cancel
7824,2024-09-28,start
7825,2024-04-10,start
7825,2024-08-17,pause
7825,2024-10-13,resume
7826,2024-07-14,start
7827,2024-05-22,start
7827,2024-06-18,pause
7827,2024-07-19,resume
7828,2024-04-07,start
7828,2024-06-30,pause
7828,2024-07-31,resume
7829,2024-04-02,start
7830,2024-02-27,start
7830,2024-04-20,cancel
7831,2024-04-15,start
7831,2024-06-10,pause
7831,2024-08-13,resume
7832,2024-10-30,start
7833,2024-02-24,start
7834,2024-07-30,start
7835,2024-10-05,start
7836,2024-04-18,start
7836,2024-06-27,pause
7836,2024-07-28,resume
7836,2024-11-12,pause
7837,2024-03-04,start
7838,2024-06-02,start
7839,2024-10-04,start
7840,2024-05-12,start
7840,2024-07-17,pause
7840,2024-10-07,resume
7841,2024-05-13,start
7841,2024-07-26,pause
7841,2024-10-14,resume
7842,2024-03-28,start
7842,2024-05-24,cancel
7843,2024-11-08,start
7844,2024-07-24,start
7845,2024-06-09,start
7845,2024-08-07,pause
7845,2024-09-11,resume
7846,2024-11-18,start
7847,2024-10-25,start
7848,2024-01-23,start
7848,2024-04-18,cancel
7849,2024-09-17,start
7850,2024-06-02,start
7850,2024-11-26,pause
7851,2024-03-20,start
7851,2024-04-27,cancel
7852,2024-01-25,start
7853,2024-03-09,start
7854,2024-04-11,start
7854,2024-08-09,pause
7854,2024-10-17,resume
7855,2024-11-22,start
7856,2024-10-08,start
7857,2024-07-04,start
7857,2024-10-11,cancel
7858,2024-02-22,start
7858,2024-07-17,cancel
7859,2024-04-16,start
7859,2024-09-11,cancel
7860,2024-04-05,start
7860,2024-06-08,pause
7860,2024-09-02,resume
7861,2024-09-24,start
7862,2024-02-14,start
7862,2024-04-02,cancel
7863,2024-11-16,start
7864,2024-11-03,start
7865,2024-11-22,start
7866,2024-08-21,start
7867,2024-06-21,start
7867,2024-08-19,pause
7867,2024-10-15,resume
7867,2024-12-14,pause
7868,2024-10-16,start
7868,2024-12-06,cancel
7869,2024-09-23,start
7870,2024-07-09,start
7871,2024-04-17,start
7871,2024-10-06,pause
7872,2024-01-28,start
7873,2024-07-24,start
7874,2024-01-09,start
7875,2024-09-22,start
7876,2024-02-16,start
7876,2024-10-17,cancel
7877,2024-06-22,start
7877,2024-09-09,cancel
7878,2024-06-04,start
7879,2024-04-16,start
7879,2024-06-05,pause
7879,2024-07-10,resume
7880,2024-03-30,start
7880,2024-05-24,cancel
7881,2024-05-06,start
7881,2024-09-16,pause
7881,2024-11-01,resume
7881,2024-12-01,pause
7882,2024-11-10,start
7883,2024-03-13,start
7884,2024-09-07,start
7885,2024-03-31,start
7885,2024-05-20,pause
7885,2024-06-23,resume
7885,2024-10-22,pause
7885,2024-12-04,resume
7886,2024-04-26,start
7886,2024-08-20,pause
7886,2024-10-21,resume
7887,2024-08-17,start
7888,2024-03-21,start
7888,2024-06-07,cancel
7889,2024-07-15,start
7889,2024-09-01,cancel
7890,2024-03-05,start
7891,2024-05-30,start
7891,2024-07-04,cancel
7892,2024-09-07,start
7893,2024-09-01,start
7894,2024-01-06,start
7895,2024-05-30,start
7895,2024-07-14,pause
7895,2024-09-07,resume
7896,2024-10-04,start
7897,2024-06-16,start
7897,2024-09-03,pause
7897,2024-10-30,resume
7898,2024-05-29,start
7899,2024-11-23,start
7900,2024-03-18,start
7901,2024-11-24,start
7902,2024-03-16,start
7903,2024-07-23,start
7904,2024-06-25,start
7904,2024-08-25,pause
7904,2024-10-29,resume
7905,2024-01-26,start
7906,2024-08-14,start
7907,2024-02-12,start
7907,2024-11-08,cancel
7908,2024-05-06,start
7908,2024-12-14,pause
7909,2024-05-19,start
7909,2024-08-02,pause
7909,2024-09-27,resume
7909,2024-10-27,pause
7910,2024-01-26,start
7911,2024-08-11,start
7912,2024-06-21,start
7912,2024-08-08,pause
7912,2024-10-21,resume
7912,2024-12-06,pause
7913,2024-11-06,start
7914,2024-06-23,start
7914,2024-09-04,pause
7914,2024-10-31,resume
7914,2024-12-21,pause
7915,2024-04-12,start
7915,2024-06-11,pause
7915,2024-09-01,resume
7916,2024-01-29,start
7916,2024-06-18,cancel
7917,2024-08-06,start
7918,2024-01-21,start
7918,2024-12-25,cancel
7919,2024-11-08,start
7920,2024-01-10,start
7920,2024-04-22,cancel
7921,2024-07-03,start
7922,2024-08-17,start
7923,2024-11-25,start
7924,2024-05-27,start
7924,2024-06-28,pause
7924,2024-09-22,resume
7924,2024-11-11,pause
7924,2024-12-14,resume
7925,2024-07-14,start
7926,2024-04-30,start
7926,2024-11-15,pause
7927,2024-05-14,start
7927,2024-07-22,pause
7927,2024-09-16,resume
7928,2024-11-01,start
7929,2024-04-23,start
7929,2024-10-11,pause
7930,2024-11-07,start
7931,2024-04-29,start
7931,2024-11-12,pause
7932,2024-04-01,start
7932,2024-05-09,pause
7932,2024-06-18,resume
7932,2024-09-18,cancel
7933,2024-08-07,start
7934,2024-05-23,start
7934,2024-11-27,pause
7935,2024-09-21,start
7936,2024-10-07,start
7937,2024-03-06,start
7937,2024-04-28,cancel
7938,2024-10-02,start
7939,2024-05-27,start
7939,2024-08-16,pause
7939,2024-10-17,resume
7939,2024-11-15,pause
7940,2024-01-05,start
7940,2024-08-16,cancel
7941,2024-06-12,start
7941,2024-08-26,cancel
7942,2024-06-02,start
7942,2024-10-24,pause
7943,2024-09-06,start
7944,2024-10-16,start
7945,2024-03-31,start
7945,2024-07-09,pause
7945,2024-10-01,resume
7946,2024-05-22,start
7946,2024-06-17,pause
7946,2024-08-16,resume
7947,2024-06-27,start
7948,2024-02-10,start
7948,2024-06-27,cancel
7949,2024-09-27,start
7950,2024-07-06,start
7950,2024-09-06,cancel
7951,2024-08-27,start
7952,2024-02-21,start
7952,2024-07-10,cancel
7953,2024-04-18,start
7953,2024-06-21,pause
7953,2024-08-07,resume
7954,2024-04-03,start
7954,2024-11-08,pause
7954,2024-12-14,resume
7955,2024-09-26,start
7956,2024-08-09,start
7957,2024-05-03,start
7958,2024-02-09,start
7959,2024-01-25,start
7959,2024-07-27,cancel
7960,2024-06-14,start
7960,2024-09-03,pause
7960,2024-10-06,resume
7960,2024-12-25,pause
7961,2024-05-08,start
7961,2024-09-19,pause
7961,2024-12-07,resume
7962,2024-02-23,start
7963,2024-02-25,start
7963,2024-10-12,cancel
7964,2024-08-25,start
7965,2024-08-11,start
7966,2024-11-09,start
7967,2024-11-03,start
7968,2024-09-11,start
7968,2024-11-25,cancel
7969,2024-11-18,start
7970,2024-08-13,start
7970,2024-09-05,cancel
7971,2024-05-10,start
7971,2024-08-20,cancel
7972,2024-01-17,start
7972,2024-08-11,cancel
7973,2024-08-27,start
7973,2024-09-30,cancel
7974,2024-06-03,start
7974,2024-06-23,cancel
7975,2024-04-14,start
7975,2024-07-13,pause
7975,2024-08-21,resume
7975,2024-10-25,pause
7976,2024-09-16,start
7977,2024-03-13,start
7977,2024-04-08,cancel
7978,2024-10-31,start
7979,2024-02-08,start
7980,2024-10-01,start
7980,2024-11-03,cancel
7981,2024-04-10,start
7981,2024-06-03,pause
7981,2024-07-27,resume
7981,2024-11-10,pause
7982,2024-04-11,start
7983,2024-04-11,start
7984,2024-07-06,start
7984,2024-12-20,cancel
7985,2024-10-16,start
7986,2024-09-28,start
7987,2024-10-12,start
7988,2024-07-24,start
7988,2024-08-28,cancel
7989,2024-04-08,start
7989,2024-11-02,cancel
7990,2024-04-22,start
7990,2024-07-13,pause
7990,2024-09-14,resume
7991,2024-03-03,start
7992,2024-09-30,start
7993,2024-08-18,start
7994,2024-02-14,start
7995,2024-09-26,start
7996,2024-04-20,start
7996,2024-09-11,cancel
7997,2024-03-08,start
7998,2024-04-22,start
7998,2024-09-29,pause
7998,2024-12-25,resume
7999,2024-01-17,start
8000,2024-02-15,start
8000,2024-07-19,cancel
