ticket_id,date,location,covers,food,drink,tip,payment
1,2024-01-01,Downtown,5,85,65,17.67,card
2,2024-01-01,Downtown,4,120,24,23.08,card
3,2024-01-01,Downtown,5,70,70,10.8,cash
4,2024-01-01,Downtown,3,90,30,18.96,card
5,2024-01-01,Riverside,3,36,18,16.35,card
6,2024-01-01,Riverside,6,90,60,62.12,card
7,2024-01-01,Riverside,4,108,28,8.8,cash
8,2024-01-01,Airport,6,132,60,12.73,cash
9,2024-01-01,Airport,4,108,44,19.55,card
10,2024-01-01,Airport,2,58,6,7.32,cash
11,2024-01-01,Mall,2,54,24,11.96,card
12,2024-01-01,Mall,5,115,60,14.47,cash
13,2024-01-01,Mall,4,96,44,16.21,cash
14,2024-01-01,Mall,2,46,16,11.08,card
15,2024-01-02,Downtown,2,50,22,10.04,card
16,2024-01-02,Downtown,2,32,18,7.83,card
17,2024-01-02,Downtown,1,15,13,5.4,card
18,2024-01-02,Downtown,6,108,48,20.49,card
19,2024-01-02,Downtown,3,75,42,16.01,card
20,2024-01-02,Downtown,6,156,54,32.82,card
21,2024-01-02,Riverside,3,60,24,28.2,card
22,2024-01-02,Riverside,2,58,8,21.36,card
23,2024-01-02,Riverside,6,168,72,29.7,cash
24,2024-01-02,Airport,6,96,66,19.1,card
25,2024-01-02,Airport,2,28,16,4.79,card
26,2024-01-02,Airport,2,54,12,8.13,cash
27,2024-01-02,Airport,6,156,54,33.88,card
28,2024-01-02,Mall,5,105,60,12.26,cash
29,2024-01-02,Mall,6,138,48,29.49,card
30,2024-01-02,Mall,2,32,28,7.58,card
31,2024-01-02,Mall,1,24,8,6.04,card
32,2024-01-02,Mall,6,84,18,13.86,card
33,2024-01-02,Mall,6,102,48,23.14,card
34,2024-01-03,Downtown,1,21,3,3.35,card
35,2024-01-03,Downtown,5,110,45,9.25,cash
36,2024-01-03,,6,156,54,23.87,card
37,2024-01-03,Downtown,1,28,3,4.22,card
38,2024-01-03,Riverside,3,81,39,39.35,card
39,2024-01-03,Riverside,1,18,8,9.68,card
40,2024-01-03,Riverside,3,42,9,4.05,cash
41,2024-01-03,Riverside,5,95,65,20.58,card
42,2024-01-03,Riverside,6,168,84,14.66,cash
43,2024-01-03,Airport,6,138,66,40.78,card
44,2024-01-03,Airport,1,22,9,-17.76,card
45,2024-01-03,Airport,5,150,25,30.11,card
46,2024-01-03,Mall,3,63,30,10.71,card
47,2024-01-03,Mall,3,39,39,14.61,card
48,2024-01-03,Mall,2,52,10,12.07,card
49,2024-01-04,Downtown,1,21,9,4.23,card
50,2024-01-04,Downtown,2,42,26,8.21,card
51,2024-01-04,Downtown,5,65,45,6.85,cash
52,2024-01-04,Downtown,1,22,5,2.21,cash
53,2024-01-04,,4,80,32,15.55,card
54,2024-01-04,Riverside,6,84,78,22.51,card
55,2024-01-04,Riverside,1,22,5,3.77,card
56,2024-01-04,Riverside,3,87,21,42.63,card
57,2024-01-04,Airport,5,140,25,14.1,cash
58,2024-01-04,,6,114,72,12.07,cash
59,2024-01-04,Airport,5,75,45,16.35,card
60,2024-01-04,Mall,1,18,14,2.87,cash
61,2024-01-04,Mall,3,42,42,9.6,cash
62,2024-01-04,Mall,2,54,18,10.83,card
63,2024-01-04,Mall,3,36,39,7.58,card
64,2024-01-04,Mall,1,19,5,3.35,card
65,2024-01-05,Downtown,2,28,14,5.29,card
66,2024-01-05,Downtown,5,110,20,15.42,cash
67,2024-01-05,Downtown,1,19,11,3.42,cash
68,2024-01-05,Downtown,1,14,4,0.99,cash
69,2024-01-05,Downtown,6,180,72,50.04,card
70,2024-01-05,Downtown,4,68,52,19.1,card
71,2024-01-05,Riverside,5,75,35,13.91,card
72,2024-01-05,Riverside,2,46,20,8.65,card
73,2024-01-05,Riverside,1,20,8,8.06,card
74,2024-01-05,Airport,3,57,12,6.77,cash
75,2024-01-05,Airport,3,78,33,10.67,cash
76,2024-01-05,Airport,3,69,30,12.36,cash
77,2024-01-05,Airport,4,56,56,18.86,card
78,2024-01-05,Airport,3,42,9,8.56,card
79,2024-01-05,Mall,1,27,14,4.45,card
80,2024-01-05,Mall,6,138,54,33.14,card
81,2024-01-05,Mall,5,130,60,26.26,card
82,2024-01-05,Mall,5,80,50,15.98,card
83,2024-01-05,Mall,6,126,72,24.87,card
84,2024-01-05,Mall,2,46,16,11.93,card
85,2024-01-06,Downtown,4,48,32,10.79,card
86,2024-01-06,Downtown,6,96,18,16.4,card
87,2024-01-06,Downtown,2,56,28,8.97,card
88,2024-01-06,Downtown,4,72,44,17.3,card
89,2024-01-06,Riverside,6,96,72,23.05,card
90,2024-01-06,Riverside,2,58,24,29.72,card
91,2024-01-06,Riverside,3,39,33,27.15,card
92,2024-01-06,Riverside,4,92,52,10.93,cash
93,2024-01-06,Riverside,4,72,24,17.37,card
94,2024-01-06,Airport,5,110,25,23.54,card
95,2024-01-06,Airport,6,108,36,14.19,cash
96,2024-01-06,Airport,4,64,36,19.37,card
97,2024-01-06,Airport,5,115,60,31.23,card
98,2024-01-06,Mall,2,28,16,5.84,card
99,2024-01-06,Mall,2,52,8,8.47,card
100,2024-01-06,Mall,5,80,15,6,cash
101,2024-01-06,Mall,4,52,16,5.95,cash
102,2024-01-06,Mall,5,115,70,28.04,card
103,2024-01-07,Downtown,2,40,10,7.7,card
104,2024-01-07,Downtown,1,29,8,7.23,card
105,2024-01-07,Downtown,1,13,6,1.4,cash
106,2024-01-07,Downtown,5,135,15,26.49,card
107,2024-01-07,Downtown,6,132,60,14.46,cash
108,2024-01-07,Downtown,6,174,36,38.31,card
109,2024-01-07,Riverside,2,60,12,30.79,card
110,2024-01-07,Riverside,4,96,56,22.28,card
111,2024-01-07,Riverside,1,13,4,-0.74,card
112,2024-01-07,Riverside,3,90,9,42.27,card
113,2024-01-07,Airport,3,72,27,17.9,card
114,2024-01-07,Airport,6,132,30,25.33,card
115,2024-01-07,Airport,5,150,50,25.52,cash
116,2024-01-07,Mall,1,12,12,2.53,card
117,2024-01-07,Mall,4,112,28,9.09,cash
118,2024-01-07,Mall,1,24,10,2.26,cash
119,2024-01-07,Mall,5,125,35,27.67,card
120,2024-01-07,Mall,3,90,27,15.63,card
121,2024-01-08,Downtown,2,40,6,5.28,card
122,2024-01-08,Downtown,2,42,24,9.68,card
123,2024-01-08,Downtown,2,48,20,9.6,card
124,2024-01-08,Downtown,1,20,5,3.28,card
125,2024-01-08,Riverside,4,120,32,24.41,card
126,2024-01-08,Riverside,3,54,30,12.6,card
127,2024-01-08,Riverside,6,72,84,28.09,card
128,2024-01-08,Airport,4,76,48,22.23,card
129,2024-01-08,Airport,6,174,24,22.85,card
130,2024-01-08,Airport,6,96,84,24.82,card
131,2024-01-08,Airport,3,42,30,12.25,card
132,2024-01-08,Airport,4,112,20,26.36,card
133,2024-01-08,Airport,1,21,8,5.29,card
134,2024-01-08,Mall,2,28,14,6.82,card
135,2024-01-08,Mall,4,96,52,18.1,card
136,2024-01-08,Mall,6,150,72,39.84,card
137,2024-01-09,Downtown,6,162,30,35.43,card
138,2024-01-09,Downtown,6,150,18,15.58,cash
139,2024-01-09,Downtown,4,68,28,18.33,card
140,2024-01-09,Downtown,4,48,36,15.14,card
141,2024-01-09,Downtown,3,54,27,8.77,card
142,2024-01-09,Riverside,5,65,45,35.34,card
143,2024-01-09,Riverside,4,120,20,55.36,card
144,2024-01-09,Riverside,3,57,24,16.16,card
145,2024-01-09,Airport,6,156,48,23.96,card
146,2024-01-09,Airport,2,54,24,15.11,card
147,2024-01-09,Airport,4,64,56,7.67,cash
148,2024-01-09,Mall,1,12,7,2.13,card
149,2024-01-09,,4,120,36,16.93,cash
150,2024-01-09,Mall,6,108,18,13.54,card
151,2024-01-09,Mall,5,90,50,21.71,card
152,2024-01-10,Downtown,2,36,22,8.17,card
153,2024-01-10,Downtown,6,84,18,11.33,cash
154,2024-01-10,Downtown,5,150,30,14.22,cash
155,2024-01-10,Downtown,6,72,18,17.48,card
156,2024-01-10,Downtown,3,42,18,8.25,card
157,2024-01-10,Riverside,4,84,52,50.22,card
158,2024-01-10,Riverside,1,29,11,4.69,card
159,2024-01-10,Riverside,4,56,28,6.94,cash
160,2024-01-10,Airport,4,92,52,27.14,card
161,2024-01-10,Airport,3,57,36,10.07,card
162,2024-01-10,Airport,4,116,40,18.79,cash
163,2024-01-10,Airport,4,68,24,14.71,card
164,2024-01-10,Airport,4,104,24,10.91,cash
165,2024-01-10,Mall,1,28,13,5.84,card
166,2024-01-10,Mall,4,100,52,15.79,card
167,2024-01-10,Mall,4,100,56,20.42,card
168,2024-01-10,Mall,4,92,24,19.97,card
169,2024-01-10,Mall,3,51,15,6.79,card
170,2024-01-10,Mall,4,68,44,21.86,card
171,2024-01-11,Downtown,4,92,12,9.58,cash
172,2024-01-11,Downtown,1,18,4,2.11,cash
173,2024-01-11,Downtown,1,22,13,5.36,card
174,2024-01-11,Downtown,4,60,20,5.09,cash
175,2024-01-11,Riverside,3,42,15,4.07,cash
176,2024-01-11,Riverside,1,26,5,3.32,card
177,2024-01-11,Riverside,6,84,42,45.55,card
178,2024-01-11,Riverside,4,96,20,9.86,cash
179,2024-01-11,Riverside,1,23,6,9.23,card
180,2024-01-11,Airport,5,140,45,22.28,cash
181,2024-01-11,Airport,1,28,14,3.94,cash
182,2024-01-11,Airport,2,32,8,6.02,card
183,2024-01-11,Airport,1,17,9,3.34,card
184,2024-01-11,Mall,5,90,40,14.54,cash
185,2024-01-11,Mall,2,56,22,8.62,card
186,2024-01-11,Mall,1,12,14,4.3,card
187,2024-01-11,Mall,4,88,32,15.13,card
188,2024-01-12,Downtown,2,34,6,2.59,cash
189,2024-01-12,Downtown,3,54,18,3.8,cash
190,2024-01-12,Downtown,2,34,16,7.62,card
191,2024-01-12,Downtown,6,120,72,37.48,card
192,2024-01-12,Riverside,2,24,10,4.36,card
193,2024-01-12,Riverside,1,28,4,3.37,card
194,2024-01-12,Riverside,1,15,10,2.4,cash
195,2024-01-12,Riverside,5,110,45,13.4,cash
196,2024-01-12,Riverside,3,48,12,9.99,card
197,2024-01-12,Riverside,2,56,22,8.75,cash
198,2024-01-12,Airport,2,30,22,4.99,cash
199,2024-01-12,Airport,4,52,32,4.38,cash
200,2024-01-12,Airport,1,30,6,2.14,cash
201,2024-01-12,Airport,3,54,27,10.85,card
202,2024-01-12,Airport,1,28,7,6.92,card
203,2024-01-12,Airport,1,23,8,3.62,cash
204,2024-01-12,Mall,5,95,45,18.84,card
205,2024-01-12,Mall,5,140,20,18.39,card
206,2024-01-12,Mall,4,88,56,24.27,card
207,2024-01-12,Mall,5,85,50,13.54,card
208,2024-01-12,Mall,5,95,25,13.25,card
209,2024-01-12,Mall,1,22,11,2.01,cash
210,2024-01-13,Downtown,5,105,35,9.47,cash
211,2024-01-13,Downtown,2,58,14,13.04,card
212,2024-01-13,Downtown,4,112,28,16.44,cash
213,2024-01-13,Riverside,3,63,30,38.9,card
214,2024-01-13,Riverside,3,36,18,20.73,card
215,2024-01-13,Riverside,6,162,72,68.89,card
216,2024-01-13,Airport,4,80,16,10.29,card
217,2024-01-13,Airport,3,45,42,11.6,card
218,2024-01-13,Airport,5,70,30,5.67,cash
219,2024-01-13,Airport,5,75,40,-3.99,card
220,2024-01-13,Airport,1,25,4,5.58,card
221,2024-01-13,Mall,2,48,10,5.94,cash
222,2024-01-13,Mall,1,18,11,2.27,cash
223,2024-01-13,Mall,4,112,52,18.15,card
224,2024-01-13,Mall,5,65,50,12.03,cash
225,2024-01-13,Mall,3,90,36,14.94,cash
226,2024-01-13,Mall,2,46,10,8.21,card
227,2024-01-14,Downtown,1,19,7,3.14,cash
228,2024-01-14,Downtown,4,60,48,17.74,card
229,2024-01-14,Downtown,5,60,30,10.92,cash
230,2024-01-14,Downtown,5,95,35,22.98,card
231,2024-01-14,Riverside,2,38,24,7.96,cash
232,2024-01-14,Riverside,4,108,40,14.79,cash
233,2024-01-14,Riverside,2,42,6,4.93,cash
234,2024-01-14,Riverside,1,13,5,6.65,card
235,2024-01-14,Riverside,3,84,12,12.29,card
236,2024-01-14,Airport,4,84,56,7.23,cash
237,2024-01-14,Airport,5,70,70,21.67,card
238,2024-01-14,Airport,5,80,35,12.65,card
239,2024-01-14,Airport,6,78,72,17.72,card
240,2024-01-14,Airport,3,36,9,3.98,cash
241,2024-01-14,Airport,4,80,44,9.56,cash
242,2024-01-14,Mall,2,26,8,2.13,cash
243,2024-01-14,Mall,5,65,25,11.55,card
244,2024-01-14,Mall,1,13,6,2.36,cash
245,2024-01-14,Mall,2,40,22,9.26,card
246,2024-01-14,Mall,1,29,14,2.62,cash
247,2024-01-14,Mall,4,96,36,17.29,card
248,2024-01-15,Downtown,1,13,13,4.68,card
249,2024-01-15,Downtown,6,162,72,29.73,card
250,2024-01-15,Downtown,1,25,3,5.08,card
251,2024-01-15,Downtown,2,56,28,12.64,card
252,2024-01-15,Riverside,6,108,78,68.74,card
253,2024-01-15,Riverside,6,114,24,7.81,cash
254,2024-01-15,Riverside,3,72,24,18.68,card
255,2024-01-15,Riverside,3,57,21,12.56,card
256,2024-01-15,Riverside,6,174,78,30.6,cash
257,2024-01-15,Riverside,1,20,11,3.98,cash
258,2024-01-15,Airport,2,48,8,3.32,cash
259,2024-01-15,Airport,6,144,48,20.33,card
260,2024-01-15,Airport,6,150,66,31.51,card
261,2024-01-15,Airport,2,38,14,6.19,card
262,2024-01-15,Mall,6,132,18,21.18,card
263,2024-01-15,Mall,6,132,24,20.94,card
264,2024-01-15,Mall,6,96,84,22.14,cash
265,2024-01-15,Mall,5,85,35,13.19,card
266,2024-01-15,Mall,4,60,28,10.86,card
267,2024-01-16,Downtown,6,132,48,33.91,card
268,2024-01-16,Downtown,2,58,28,14.57,card
269,2024-01-16,,6,174,54,38.75,card
270,2024-01-16,Downtown,4,84,52,23.64,card
271,2024-01-16,Downtown,5,95,15,11.69,cash
272,2024-01-16,Downtown,6,114,60,20.96,cash
273,2024-01-16,Riverside,6,168,72,87.65,card
274,2024-01-16,Riverside,4,96,28,42.09,card
275,2024-01-16,Riverside,2,44,8,16.88,card
276,2024-01-16,Riverside,3,54,42,32.73,card
277,2024-01-16,Riverside,2,52,24,31.97,card
278,2024-01-16,Airport,1,24,12,5.66,card
279,2024-01-16,Airport,4,88,32,9.25,cash
280,2024-01-16,Airport,4,104,44,20.92,card
281,2024-01-16,Mall,5,90,55,22.93,card
282,2024-01-16,Mall,4,108,16,18.1,card
283,2024-01-16,Mall,2,56,28,11.4,card
284,2024-01-16,Mall,2,58,28,5.41,cash
285,2024-01-16,Mall,4,72,12,9.09,card
286,2024-01-17,Downtown,2,38,26,6.31,cash
287,2024-01-17,Downtown,2,60,24,14.01,card
288,2024-01-17,Downtown,6,102,36,23.39,card
289,2024-01-17,Downtown,1,14,3,1.77,cash
290,2024-01-17,Downtown,2,40,8,7.44,card
291,2024-01-17,Riverside,6,138,60,22.2,card
292,2024-01-17,Riverside,4,96,52,55.69,card
293,2024-01-17,Riverside,2,56,10,6.25,cash
294,2024-01-17,Airport,2,30,22,3.95,cash
295,2024-01-17,Airport,3,45,33,13.82,card
296,2024-01-17,Airport,2,44,16,11.61,card
297,2024-01-17,Airport,5,150,55,37,card
298,2024-01-17,Airport,1,30,7,3.08,cash
299,2024-01-17,Mall,4,52,44,11.73,card
300,2024-01-17,Mall,6,138,60,13.5,cash
301,2024-01-17,Mall,6,120,78,15.57,cash
302,2024-01-17,Mall,5,95,55,18.05,card
303,2024-01-17,Mall,2,32,18,6.61,card
304,2024-01-18,Downtown,2,24,24,5.01,card
305,2024-01-18,Downtown,6,114,36,29.95,card
306,2024-01-18,Downtown,6,180,72,26.7,cash
307,2024-01-18,Downtown,3,54,30,12.03,card
308,2024-01-18,Downtown,4,56,40,11.46,card
309,2024-01-18,Riverside,6,108,36,15.45,card
310,2024-01-18,Riverside,6,120,42,68.69,card
311,2024-01-18,Riverside,3,39,12,4.06,cash
312,2024-01-18,Riverside,1,21,14,2.43,cash
313,2024-01-18,Riverside,4,72,36,12.95,cash
314,2024-01-18,Airport,3,69,9,11.8,card
315,2024-01-18,Airport,5,75,65,15.7,card
316,2024-01-18,Airport,2,48,18,7.65,cash
317,2024-01-18,Airport,1,27,3,5.47,card
318,2024-01-18,Mall,6,120,66,21.02,card
319,2024-01-18,Mall,2,38,26,11.74,card
320,2024-01-18,Mall,6,84,18,10.91,cash
321,2024-01-18,Mall,4,76,44,20.5,card
322,2024-01-19,Downtown,4,52,40,17.68,card
323,2024-01-19,Downtown,4,68,16,4.3,cash
324,2024-01-19,Downtown,4,76,40,16.6,card
325,2024-01-19,Downtown,1,22,10,6.26,card
326,2024-01-19,Downtown,6,72,18,15.98,card
327,2024-01-19,Riverside,1,12,11,1.19,cash
328,2024-01-19,Riverside,4,108,24,51.29,card
329,2024-01-19,Riverside,2,34,12,15,card
330,2024-01-19,Airport,3,81,42,12.91,card
331,2024-01-19,Airport,4,108,48,26.28,card
332,2024-01-19,Airport,1,14,4,1.86,cash
333,2024-01-19,Airport,2,48,18,13.11,card
334,2024-01-19,Airport,6,126,18,23.77,card
335,2024-01-19,Mall,1,26,8,6.27,card
336,2024-01-19,Mall,3,63,21,11.21,card
337,2024-01-19,Mall,2,50,18,4.32,cash
338,2024-01-19,Mall,3,39,33,10.33,card
339,2024-01-19,Mall,3,78,24,5.45,cash
340,2024-01-20,Downtown,2,48,24,8.79,card
341,2024-01-20,Downtown,6,108,54,18.71,card
342,2024-01-20,Downtown,5,65,45,12.34,cash
343,2024-01-20,Riverside,1,14,7,2.3,cash
344,2024-01-20,Riverside,1,24,14,11.36,card
345,2024-01-20,Riverside,2,26,18,4.07,cash
346,2024-01-20,Riverside,6,144,48,20.7,cash
347,2024-01-20,Airport,4,120,36,29.05,card
348,2024-01-20,Airport,6,162,42,11.12,cash
349,2024-01-20,Airport,5,115,20,23.32,card
350,2024-01-20,Airport,3,51,12,12.27,card
351,2024-01-20,Airport,4,56,36,9.81,cash
352,2024-01-20,Mall,6,102,36,22.35,card
353,2024-01-20,Mall,2,58,22,-3.36,card
354,2024-01-20,Mall,4,96,36,18.01,card
355,2024-01-20,Mall,5,60,30,13.22,card
356,2024-01-21,Downtown,1,15,9,1.63,cash
357,2024-01-21,Downtown,3,69,30,8.44,cash
358,2024-01-21,Downtown,3,72,9,9.4,cash
359,2024-01-21,Downtown,4,96,24,14.36,card
360,2024-01-21,Downtown,1,23,4,5.02,card
361,2024-01-21,Riverside,3,45,15,5.08,cash
362,2024-01-21,Riverside,3,51,12,19.26,card
363,2024-01-21,Riverside,6,90,24,22.11,card
364,2024-01-21,Riverside,1,16,13,5.32,card
365,2024-01-21,Riverside,3,39,21,11.28,card
366,2024-01-21,Riverside,1,29,3,2.56,cash
367,2024-01-21,Airport,4,60,36,7.68,cash
368,2024-01-21,Airport,5,150,40,21.21,card
369,2024-01-21,Airport,1,27,3,3.32,cash
370,2024-01-21,Airport,5,85,40,22.37,card
371,2024-01-21,Airport,4,80,16,11.23,card
372,2024-01-21,Mall,6,114,36,26.28,card
373,2024-01-21,Mall,6,168,42,28.44,card
374,2024-01-21,Mall,1,29,4,4.24,card
375,2024-01-21,Mall,6,114,66,24.03,card
376,2024-01-21,Mall,2,40,10,8.31,card
377,2024-01-21,Mall,3,54,39,13.14,card
378,2024-01-22,Downtown,2,56,28,7.58,cash
379,2024-01-22,Downtown,2,28,10,4.54,card
380,2024-01-22,Downtown,4,116,20,13.8,card
381,2024-01-22,Downtown,6,72,78,27.29,card
382,2024-01-22,Riverside,5,115,25,11.49,cash
383,2024-01-22,Riverside,6,102,84,27.54,card
384,2024-01-22,Riverside,5,145,65,24.36,cash
385,2024-01-22,Riverside,2,42,16,20.65,card
386,2024-01-22,Airport,6,90,48,9.67,cash
387,2024-01-22,Airport,3,84,36,14.82,cash
388,2024-01-22,Airport,1,19,4,1.58,cash
389,2024-01-22,Mall,2,30,14,5.29,card
390,2024-01-22,Mall,1,15,12,3.18,card
391,2024-01-22,Mall,5,110,35,18.68,card
392,2024-01-23,Downtown,1,19,4,3.5,card
393,2024-01-23,Downtown,6,156,84,46.45,card
394,2024-01-23,Downtown,6,132,30,25.41,card
395,2024-01-23,Downtown,2,28,8,4.3,card
396,2024-01-23,Downtown,1,16,4,3.21,card
397,2024-01-23,Downtown,4,48,28,9.34,cash
398,2024-01-23,Riverside,4,64,36,35.25,card
399,2024-01-23,Riverside,5,70,60,11.06,cash
400,2024-01-23,Riverside,1,22,8,5.27,card
401,2024-01-23,Riverside,5,70,50,15.12,cash
402,2024-01-23,Riverside,3,63,24,5.13,cash
403,2024-01-23,Airport,4,76,56,15.88,card
404,2024-01-23,Airport,5,145,45,31.16,card
405,2024-01-23,Airport,5,90,45,20.76,card
406,2024-01-23,Airport,2,28,20,6.88,card
407,2024-01-23,Mall,5,130,65,12.07,cash
408,2024-01-23,Mall,1,28,8,2.63,cash
409,2024-01-23,Mall,4,72,44,9.47,cash
410,2024-01-23,Mall,4,112,24,19.33,card
411,2024-01-23,Mall,4,92,44,13.96,card
412,2024-01-23,Mall,3,39,15,10.07,card
413,2024-01-24,Downtown,6,168,42,27.27,card
414,2024-01-24,Downtown,2,42,16,7.48,card
415,2024-01-24,Downtown,6,138,48,12.51,cash
416,2024-01-24,Downtown,5,65,25,13.89,card
417,2024-01-24,Downtown,3,69,39,14.46,card
418,2024-01-24,Riverside,1,22,11,2.11,cash
419,2024-01-24,Riverside,3,84,18,13.71,card
420,2024-01-24,Riverside,5,60,45,16.34,card
421,2024-01-24,Riverside,3,63,21,34.46,card
422,2024-01-24,Airport,5,125,60,26.07,card
423,2024-01-24,Airport,4,120,24,26.08,card
424,2024-01-24,Airport,1,21,3,2.79,cash
425,2024-01-24,Airport,3,45,30,14.9,card
426,2024-01-24,Airport,1,25,9,5.06,card
427,2024-01-24,Mall,3,60,12,10.48,card
428,2024-01-24,Mall,2,60,12,7.74,cash
429,2024-01-24,Mall,3,87,36,8.32,cash
430,2024-01-24,Mall,3,36,15,7.65,card
431,2024-01-25,Downtown,4,120,48,28.75,card
432,2024-01-25,Downtown,2,56,28,12.85,card
433,2024-01-25,Downtown,5,105,70,33.65,card
434,2024-01-25,Downtown,6,108,48,30.92,card
435,2024-01-25,Riverside,4,80,52,16.57,cash
436,2024-01-25,Riverside,6,138,72,63.35,card
437,2024-01-25,Riverside,5,150,65,80.04,card
438,2024-01-25,Airport,4,96,12,18.4,card
439,2024-01-25,Airport,6,90,42,25.08,card
440,2024-01-25,Airport,5,60,15,10.5,card
441,2024-01-25,Airport,3,42,30,5.58,cash
442,2024-01-25,Mall,3,75,30,10.13,cash
443,2024-01-25,Mall,3,39,18,4.11,cash
444,2024-01-25,Mall,1,22,4,2.98,card
445,2024-01-25,Mall,6,138,78,21.65,card
446,2024-01-25,Mall,5,80,25,10.4,cash
447,2024-01-25,Mall,4,92,24,11.78,cash
448,2024-01-26,Downtown,4,96,52,17.44,card
449,2024-01-26,Downtown,5,95,40,15.88,cash
450,2024-01-26,Downtown,6,90,84,25.34,card
451,2024-01-26,Downtown,6,108,60,32.98,card
452,2024-01-26,Downtown,5,105,70,17.54,cash
453,2024-01-26,Downtown,1,29,4,4.49,card
454,2024-01-26,Riverside,1,23,6,3.31,cash
455,2024-01-26,Riverside,3,87,39,8.53,cash
456,2024-01-26,Riverside,4,88,40,21.76,card
457,2024-01-26,Riverside,3,51,36,8.19,cash
458,2024-01-26,Airport,4,64,24,7.25,cash
459,2024-01-26,Airport,2,36,16,4.99,cash
460,2024-01-26,Airport,6,90,66,9.2,cash
461,2024-01-26,Airport,1,23,3,4.18,card
462,2024-01-26,Airport,2,60,6,12.25,card
463,2024-01-26,Mall,3,51,21,5.65,cash
464,2024-01-26,Mall,4,48,20,10.83,card
465,2024-01-26,Mall,2,48,12,11.2,card
466,2024-01-27,Downtown,6,102,66,22.38,card
467,2024-01-27,Downtown,2,24,6,5,card
468,2024-01-27,Downtown,2,26,20,2.75,cash
469,2024-01-27,Downtown,6,120,48,21.66,cash
470,2024-01-27,Downtown,1,28,13,4.74,cash
471,2024-01-27,Downtown,3,39,15,4.74,cash
472,2024-01-27,Riverside,1,20,6,9.86,card
473,2024-01-27,Riverside,5,130,20,47.24,card
474,2024-01-27,Riverside,5,115,35,13.34,cash
475,2024-01-27,Riverside,6,102,66,17.7,card
476,2024-01-27,Riverside,2,32,6,11.05,card
477,2024-01-27,Airport,6,114,54,10.52,cash
478,2024-01-27,Airport,5,90,65,16,cash
479,2024-01-27,Airport,3,78,30,17.84,card
480,2024-01-27,Mall,4,116,36,16.18,card
481,2024-01-27,Mall,4,48,12,7.44,card
482,2024-01-27,Mall,1,14,11,2.97,card
483,2024-01-27,Mall,1,15,5,3.11,card
484,2024-01-27,Mall,5,95,15,16.15,card
485,2024-01-28,Downtown,5,85,65,27.67,card
486,2024-01-28,Downtown,5,130,65,33.08,card
487,2024-01-28,Downtown,3,57,27,10.83,card
488,2024-01-28,Downtown,5,80,65,25.25,card
489,2024-01-28,Downtown,5,95,20,14.72,card
490,2024-01-28,Downtown,1,19,14,2.63,cash
491,2024-01-28,Riverside,5,150,65,38,card
492,2024-01-28,Riverside,6,126,84,27.87,card
493,2024-01-28,Riverside,5,115,70,13.02,cash
494,2024-01-28,Airport,3,69,18,16.88,card
495,2024-01-28,Airport,6,138,66,25.1,card
496,2024-01-28,Airport,6,156,66,18.65,cash
497,2024-01-28,Airport,6,126,30,19.28,cash
498,2024-01-28,,4,104,48,22.73,card
499,2024-01-28,,4,56,48,12.04,card
500,2024-01-28,Mall,1,30,12,6.34,card
501,2024-01-28,Mall,1,24,9,4.14,cash
502,2024-01-28,Mall,6,162,72,43.68,card
503,2024-01-29,Downtown,1,28,8,2.78,cash
504,2024-01-29,Downtown,5,125,45,20.75,card
505,2024-01-29,Downtown,6,114,54,10.22,cash
506,2024-01-29,Downtown,2,48,10,6.22,card
507,2024-01-29,Downtown,1,18,3,2.57,card
508,2024-01-29,Riverside,5,85,55,40.85,card
509,2024-01-29,Riverside,6,78,30,32.21,card
510,2024-01-29,Riverside,4,60,12,25.4,card
511,2024-01-29,Airport,1,19,14,5.93,card
512,2024-01-29,Airport,2,54,26,12.5,card
513,2024-01-29,Airport,4,48,24,13.84,card
514,2024-01-29,Mall,3,78,15,9.31,cash
515,2024-01-29,Mall,4,108,56,19,cash
516,2024-01-29,Mall,2,44,20,3.83,cash
517,2024-01-30,Downtown,1,30,8,4.35,cash
518,2024-01-30,Downtown,6,108,54,25.05,card
519,2024-01-30,Downtown,6,132,30,24.67,card
520,2024-01-30,Riverside,6,96,72,-17.69,cash
521,2024-01-30,Riverside,2,34,22,20.25,card
522,2024-01-30,Riverside,3,42,9,6.28,cash
523,2024-01-30,Riverside,5,150,55,68.74,card
524,2024-01-30,Riverside,3,90,42,9.82,cash
525,2024-01-30,Riverside,5,115,20,43.98,card
526,2024-01-30,Airport,3,39,15,4.83,cash
527,2024-01-30,Airport,4,96,40,19.4,card
528,2024-01-30,Airport,5,120,20,27.37,card
529,2024-01-30,Mall,4,48,16,8.12,card
530,2024-01-30,Mall,3,51,27,7.98,cash
531,2024-01-30,Mall,3,78,42,12.8,card
532,2024-01-31,Downtown,5,120,55,21.65,cash
533,2024-01-31,Downtown,3,63,27,12.96,card
534,2024-01-31,Downtown,5,75,30,15.77,card
535,2024-01-31,Downtown,1,18,4,2.93,card
536,2024-01-31,Riverside,1,12,5,2.27,card
537,2024-01-31,Riverside,4,96,40,24.66,card
538,2024-01-31,Riverside,3,48,39,16.57,card
539,2024-01-31,Riverside,1,16,6,4.38,card
540,2024-01-31,Riverside,3,87,15,7.4,cash
541,2024-01-31,Airport,2,52,10,7.48,card
542,2024-01-31,Airport,6,180,84,46.16,card
543,2024-01-31,Airport,5,140,20,11.74,cash
544,2024-01-31,Mall,5,105,15,22.89,card
545,2024-01-31,Mall,2,40,10,6.44,card
546,2024-01-31,Mall,3,60,15,10.52,card
547,2024-02-01,Downtown,2,36,16,5.94,cash
548,2024-02-01,Downtown,3,87,30,14.88,cash
549,2024-02-01,Downtown,5,145,55,17.06,cash
550,2024-02-01,Downtown,5,90,20,10.91,cash
551,2024-02-01,Downtown,5,90,60,8.57,cash
552,2024-02-01,Riverside,2,34,8,18.02,card
553,2024-02-01,Riverside,3,42,27,25.12,card
554,2024-02-01,Riverside,2,60,28,11.14,card
555,2024-02-01,Riverside,4,72,28,11.9,card
556,2024-02-01,Riverside,2,32,10,2.75,cash
557,2024-02-01,Airport,6,84,60,27.99,card
558,2024-02-01,Airport,3,72,21,13.59,card
559,2024-02-01,,2,30,12,7.91,card
560,2024-02-01,Airport,2,54,26,4.2,cash
561,2024-02-01,Airport,4,120,52,27.83,card
562,2024-02-01,Airport,1,16,6,2.75,cash
563,2024-02-01,Mall,5,85,20,15.32,card
564,2024-02-01,Mall,2,28,28,8.24,card
565,2024-02-01,Mall,6,156,18,17.87,cash
566,2024-02-01,Mall,2,30,24,7.09,card
567,2024-02-02,Downtown,1,19,13,5.14,card
568,2024-02-02,Downtown,6,114,24,15.45,cash
569,2024-02-02,Downtown,2,38,20,10.52,card
570,2024-02-02,Downtown,2,38,28,7.29,card
571,2024-02-02,Downtown,6,108,60,17.23,card
572,2024-02-02,Riverside,2,44,24,4.09,cash
573,2024-02-02,Riverside,3,87,42,24.25,card
574,2024-02-02,Riverside,1,20,5,1.43,cash
575,2024-02-02,Riverside,3,69,39,7.77,cash
576,2024-02-02,Riverside,4,104,52,54.09,card
577,2024-02-02,Airport,5,100,45,28.5,card
578,2024-02-02,Airport,5,110,35,19.09,card
579,2024-02-02,Airport,1,22,10,3.52,cash
580,2024-02-02,Airport,3,60,18,9.81,card
581,2024-02-02,Mall,6,138,66,25.68,card
582,2024-02-02,Mall,4,48,16,4.3,cash
583,2024-02-02,Mall,4,96,56,14.99,cash
584,2024-02-02,Mall,1,24,6,5.2,card
585,2024-02-02,Mall,3,78,9,15.84,card
586,2024-02-03,Downtown,6,120,54,13.89,cash
587,2024-02-03,Downtown,6,120,30,15.75,card
588,2024-02-03,Downtown,5,130,35,25,card
589,2024-02-03,Downtown,4,56,32,12.29,card
590,2024-02-03,Downtown,2,24,18,6.57,card
591,2024-02-03,Downtown,1,26,14,7.09,card
592,2024-02-03,Riverside,5,105,55,68.71,card
593,2024-02-03,Riverside,1,23,10,10.44,card
594,2024-02-03,Riverside,6,102,54,20.7,card
595,2024-02-03,Riverside,2,40,24,8.3,cash
596,2024-02-03,Airport,5,115,25,15.55,cash
597,2024-02-03,Airport,6,72,84,17.35,card
598,2024-02-03,Airport,6,180,30,19.56,cash
599,2024-02-03,Airport,5,60,60,19.53,card
600,2024-02-03,Mall,6,90,30,21.93,card
601,2024-02-03,Mall,2,50,18,6.04,cash
602,2024-02-03,Mall,5,135,25,15.96,cash
603,2024-02-03,Mall,1,23,14,5.5,card
604,2024-02-04,Downtown,6,144,42,36.88,card
605,2024-02-04,Downtown,5,100,30,11.65,cash
606,2024-02-04,Downtown,1,14,7,3.62,card
607,2024-02-04,Riverside,6,132,36,17.7,card
608,2024-02-04,Riverside,4,84,12,9.25,cash
609,2024-02-04,Riverside,5,95,55,8.53,cash
610,2024-02-04,Riverside,1,29,11,3.19,cash
611,2024-02-04,Riverside,2,28,16,17.06,card
612,2024-02-04,Airport,1,14,6,2.32,card
613,2024-02-04,Airport,5,130,15,19.56,card
614,2024-02-04,Airport,4,84,28,14.81,card
615,2024-02-04,Mall,2,26,16,6.76,card
616,2024-02-04,Mall,6,78,60,11.95,cash
617,2024-02-04,Mall,3,69,30,11.19,card
618,2024-02-04,Mall,3,75,27,18.18,card
619,2024-02-04,Mall,6,180,72,45.15,card
620,2024-02-04,Mall,2,34,14,5.57,card
621,2024-02-05,Downtown,3,39,21,10.77,card
622,2024-02-05,Downtown,5,150,20,15.93,cash
623,2024-02-05,Downtown,4,80,48,13.18,card
624,2024-02-05,Downtown,2,32,20,5.08,cash
625,2024-02-05,Downtown,4,120,52,17.73,card
626,2024-02-05,Riverside,6,120,66,21.6,card
627,2024-02-05,Riverside,2,50,18,5.24,cash
628,2024-02-05,Riverside,1,19,13,3.59,card
629,2024-02-05,Airport,5,105,35,18.25,card
630,2024-02-05,Airport,2,52,28,4.27,cash
631,2024-02-05,Airport,4,52,36,-1.74,card
632,2024-02-05,Mall,5,120,65,21.39,card
633,2024-02-05,Mall,1,25,3,4.42,card
634,2024-02-05,Mall,1,24,12,6.74,card
635,2024-02-05,Mall,2,42,18,3.31,cash
636,2024-02-06,Downtown,5,100,20,22.81,card
637,2024-02-06,Downtown,1,23,9,1.7,cash
638,2024-02-06,Downtown,1,25,6,2.47,cash
639,2024-02-06,Downtown,1,24,13,5.38,card
640,2024-02-06,Downtown,2,26,14,7.04,card
641,2024-02-06,Downtown,4,108,48,20.48,card
642,2024-02-06,Riverside,1,15,7,8.55,card
643,2024-02-06,Riverside,2,38,22,25.25,card
644,2024-02-06,Riverside,2,40,22,5.89,cash
645,2024-02-06,Riverside,6,174,54,42.91,card
646,2024-02-06,Airport,3,36,27,5.21,cash
647,2024-02-06,Airport,5,120,30,15.52,card
648,2024-02-06,Airport,5,130,65,14.51,cash
649,2024-02-06,Airport,1,22,10,3.27,cash
650,2024-02-06,Airport,6,114,18,18.41,card
651,2024-02-06,Mall,5,65,35,17.28,card
652,2024-02-06,Mall,2,38,16,5.97,card
653,2024-02-06,Mall,1,14,5,3,card
654,2024-02-06,Mall,6,78,72,18.57,card
655,2024-02-07,Downtown,2,58,12,7.98,card
656,2024-02-07,Downtown,2,24,8,-18.49,card
657,2024-02-07,Downtown,3,69,15,12.55,card
658,2024-02-07,Downtown,4,84,24,14.33,card
659,2024-02-07,Riverside,4,48,16,6.2,cash
660,2024-02-07,Riverside,3,54,42,16.59,card
661,2024-02-07,Riverside,6,90,72,25.76,card
662,2024-02-07,Riverside,3,51,42,16.42,card
663,2024-02-07,Airport,3,39,18,3.59,cash
664,2024-02-07,Airport,4,76,32,13.18,cash
665,2024-02-07,Airport,4,48,40,7.62,cash
666,2024-02-07,Mall,2,40,14,5.44,cash
667,2024-02-07,Mall,4,56,40,5.23,cash
668,2024-02-07,Mall,3,90,18,13.67,cash
669,2024-02-07,Mall,2,26,20,3.71,cash
670,2024-02-07,Mall,4,80,28,19.57,card
671,2024-02-08,Downtown,2,28,16,7.29,card
672,2024-02-08,Downtown,5,150,70,27.54,card
673,2024-02-08,Downtown,2,26,18,3.39,cash
674,2024-02-08,Downtown,4,92,20,10.11,cash
675,2024-02-08,Riverside,6,168,18,72.05,card
676,2024-02-08,Riverside,3,72,33,9.37,cash
677,2024-02-08,Riverside,4,64,24,32.63,card
678,2024-02-08,Riverside,3,81,33,14.49,cash
679,2024-02-08,Riverside,4,112,36,16.11,card
680,2024-02-08,Riverside,1,19,7,4.3,card
681,2024-02-08,Airport,5,90,45,8.46,cash
682,2024-02-08,Airport,6,108,36,22.42,card
683,2024-02-08,Airport,4,80,28,19.93,card
684,2024-02-08,Airport,2,30,22,6.23,card
685,2024-02-08,Airport,2,34,18,7.46,card
686,2024-02-08,Airport,3,36,39,11.77,card
687,2024-02-08,Mall,4,120,40,10.67,cash
688,2024-02-08,Mall,2,56,10,8.52,cash
689,2024-02-08,Mall,5,95,65,25.9,card
690,2024-02-08,Mall,3,72,24,10.47,cash
691,2024-02-08,Mall,5,90,60,7.8,cash
692,2024-02-09,Downtown,3,45,39,4.62,cash
693,2024-02-09,Downtown,1,17,11,3.71,card
694,2024-02-09,Downtown,4,88,44,20.05,card
695,2024-02-09,Downtown,1,13,12,2.75,cash
696,2024-02-09,Downtown,2,38,12,7.49,card
697,2024-02-09,Downtown,3,90,42,12.01,cash
698,2024-02-09,Riverside,6,144,84,18.76,cash
699,2024-02-09,Riverside,4,120,24,61.71,card
700,2024-02-09,Riverside,1,18,8,3.27,cash
701,2024-02-09,Airport,1,13,7,1.79,cash
702,2024-02-09,Airport,5,60,30,5.6,cash
703,2024-02-09,Airport,5,60,70,8.29,cash
704,2024-02-09,Airport,3,90,18,13.19,cash
705,2024-02-09,Mall,5,60,60,12.45,card
706,2024-02-09,Mall,2,60,10,10.81,card
707,2024-02-09,Mall,5,65,50,5.99,cash
708,2024-02-09,Mall,3,69,30,17.95,card
709,2024-02-09,Mall,1,22,7,-15.9,card
710,2024-02-10,Downtown,4,56,24,15.46,card
711,2024-02-10,Downtown,5,150,20,25.14,card
712,2024-02-10,Downtown,3,39,21,6.82,cash
713,2024-02-10,Downtown,4,80,52,18.28,card
714,2024-02-10,Riverside,5,150,15,66.81,card
715,2024-02-10,Riverside,2,54,28,32.52,card
716,2024-02-10,Riverside,3,60,27,5.97,cash
717,2024-02-10,Riverside,2,40,26,12.81,card
718,2024-02-10,Riverside,2,50,6,11.08,card
719,2024-02-10,Riverside,5,80,65,61.78,card
720,2024-02-10,Airport,5,115,50,28.54,card
721,2024-02-10,Airport,5,130,15,28.47,card
722,2024-02-10,Airport,2,32,20,6.12,card
723,2024-02-10,Mall,4,96,48,27.37,card
724,2024-02-10,Mall,2,60,26,8.1,cash
725,2024-02-10,Mall,2,58,16,9.98,card
726,2024-02-10,Mall,4,108,24,13.68,cash
727,2024-02-10,Mall,1,13,3,1.78,card
728,2024-02-10,Mall,3,75,21,19.04,card
729,2024-02-11,Downtown,2,32,22,5.65,card
730,2024-02-11,Downtown,6,150,24,12.07,cash
731,2024-02-11,Downtown,1,20,12,1.83,cash
732,2024-02-11,Downtown,4,48,40,10.52,cash
733,2024-02-11,Downtown,2,56,16,8.22,cash
734,2024-02-11,Riverside,2,38,12,2.76,cash
735,2024-02-11,Riverside,6,72,18,16.11,card
736,2024-02-11,Riverside,6,72,18,7.51,cash
737,2024-02-11,Airport,1,27,9,5.87,card
738,2024-02-11,Airport,1,17,6,2.12,cash
739,2024-02-11,Airport,3,42,15,9.19,card
740,2024-02-11,Mall,6,72,78,20.67,card
741,2024-02-11,Mall,2,42,6,4.94,cash
742,2024-02-11,Mall,4,104,36,14.53,card
743,2024-02-11,Mall,6,168,78,31.74,card
744,2024-02-11,Mall,2,38,16,5.07,cash
745,2024-02-12,Downtown,3,84,27,14.1,cash
746,2024-02-12,Downtown,3,81,9,7.32,cash
747,2024-02-12,Downtown,3,54,12,6.72,cash
748,2024-02-12,Downtown,2,58,18,11.83,card
749,2024-02-12,Downtown,6,108,24,24.05,card
750,2024-02-12,Downtown,2,52,8,7.02,cash
751,2024-02-12,Riverside,2,28,8,4.56,cash
752,2024-02-12,Riverside,5,115,50,55.53,card
753,2024-02-12,Riverside,4,72,12,25.75,card
754,2024-02-12,Airport,1,12,9,1.09,cash
755,2024-02-12,Airport,6,126,84,39.22,card
756,2024-02-12,Airport,2,42,8,4.1,cash
757,2024-02-12,Airport,2,54,14,3.45,cash
758,2024-02-12,Mall,3,75,9,10.43,cash
759,2024-02-12,Mall,5,85,15,12.82,card
760,2024-02-12,Mall,3,54,24,11.39,card
761,2024-02-12,Mall,3,63,18,8.74,cash
762,2024-02-12,Mall,4,92,12,16.6,card
763,2024-02-13,Downtown,6,84,72,18.96,card
764,2024-02-13,Downtown,6,84,78,20.49,cash
765,2024-02-13,Downtown,1,24,7,1.93,cash
766,2024-02-13,Downtown,5,140,65,28.73,card
767,2024-02-13,Downtown,3,36,33,8.23,cash
768,2024-02-13,Riverside,6,126,42,50.42,card
769,2024-02-13,Riverside,5,125,35,16.14,cash
770,2024-02-13,Riverside,5,90,15,11.3,card
771,2024-02-13,Riverside,3,60,24,15.54,card
772,2024-02-13,Riverside,3,84,42,15.33,cash
773,2024-02-13,Riverside,4,84,44,39.95,card
774,2024-02-13,Airport,2,40,20,11.23,card
775,2024-02-13,Airport,2,50,22,10.32,card
776,2024-02-13,Airport,4,108,12,9.13,cash
777,2024-02-13,Mall,1,21,9,1.58,cash
778,2024-02-13,Mall,4,48,12,6.1,card
779,2024-02-13,Mall,4,52,20,11.78,card
780,2024-02-13,Mall,1,16,13,5.61,card
781,2024-02-13,Mall,1,16,13,3.15,card
782,2024-02-13,Mall,1,12,4,1.75,card
783,2024-02-14,Downtown,3,87,18,13.66,card
784,2024-02-14,Downtown,5,150,65,14.91,cash
785,2024-02-14,Downtown,6,120,60,9.85,cash
786,2024-02-14,Downtown,2,52,14,12.15,card
787,2024-02-14,Riverside,3,45,15,4.55,cash
788,2024-02-14,Riverside,3,45,33,13.5,card
789,2024-02-14,Riverside,2,36,20,4.82,cash
790,2024-02-14,Riverside,4,68,48,14.2,card
791,2024-02-14,Riverside,4,100,48,11.81,cash
792,2024-02-14,Riverside,4,56,12,8.37,card
793,2024-02-14,Airport,5,90,65,24.32,card
794,2024-02-14,Airport,3,69,12,11.58,card
795,2024-02-14,Airport,2,46,10,7.01,card
796,2024-02-14,Mall,3,69,21,13.1,card
797,2024-02-14,Mall,5,130,15,9.39,cash
798,2024-02-14,Mall,5,95,15,20.46,card
799,2024-02-14,Mall,6,150,42,33.21,card
800,2024-02-14,Mall,1,21,7,-2.03,card
801,2024-02-14,Mall,2,30,24,5.65,card
802,2024-02-15,Downtown,4,112,44,23.52,card
803,2024-02-15,Downtown,5,75,50,23.62,card
804,2024-02-15,Downtown,1,23,9,4.53,card
805,2024-02-15,Riverside,1,21,11,2.24,cash
806,2024-02-15,Riverside,2,24,16,7.34,card
807,2024-02-15,Riverside,6,114,66,33.24,card
808,2024-02-15,Airport,6,120,30,18.22,card
809,2024-02-15,Airport,3,84,12,13.24,card
810,2024-02-15,Airport,3,51,18,11.78,card
811,2024-02-15,Mall,4,104,52,30.93,card
812,2024-02-15,Mall,4,64,20,4.44,cash
813,2024-02-15,Mall,3,51,27,8.99,card
814,2024-02-16,Downtown,6,144,36,18.42,card
815,2024-02-16,Downtown,5,115,55,20.54,cash
816,2024-02-16,Downtown,6,102,66,18.09,cash
817,2024-02-16,Downtown,5,95,60,7.86,cash
818,2024-02-16,Riverside,2,46,10,6.69,cash
819,2024-02-16,Riverside,2,46,16,6.47,card
820,2024-02-16,Riverside,2,48,26,3.9,cash
821,2024-02-16,Airport,1,15,4,2.3,card
822,2024-02-16,Airport,6,156,60,24.58,card
823,2024-02-16,Airport,3,81,30,9.81,cash
824,2024-02-16,Airport,5,150,35,36.23,card
825,2024-02-16,Mall,4,52,52,9.5,cash
826,2024-02-16,Mall,1,30,6,3.74,card
827,2024-02-16,Mall,4,104,40,23.41,card
828,2024-02-16,Mall,3,42,42,7.54,cash
829,2024-02-16,Mall,2,60,14,9.21,card
830,2024-02-17,Downtown,2,56,28,10.49,cash
831,2024-02-17,Downtown,4,88,52,24.76,card
832,2024-02-17,Downtown,6,168,24,23.49,card
833,2024-02-17,Downtown,1,29,13,4.12,cash
834,2024-02-17,Riverside,1,18,7,9.43,card
835,2024-02-17,Riverside,3,69,15,35.77,card
836,2024-02-17,Riverside,2,38,8,3,cash
837,2024-02-17,Riverside,6,126,84,10.68,cash
838,2024-02-17,Riverside,4,76,12,35.2,card
839,2024-02-17,Riverside,1,22,3,2.62,card
840,2024-02-17,Airport,1,28,10,3.7,cash
841,2024-02-17,Airport,2,26,22,8.64,card
842,2024-02-17,Airport,2,54,10,-2.72,cash
843,2024-02-17,Airport,4,88,32,18.75,card
844,2024-02-17,Mall,6,102,78,22.06,cash
845,2024-02-17,Mall,6,168,42,12.19,cash
846,2024-02-17,Mall,6,168,24,35.49,card
847,2024-02-17,Mall,4,112,52,21.21,cash
848,2024-02-17,Mall,5,115,55,32.74,card
849,2024-02-17,Mall,2,60,16,4.77,cash
850,2024-02-18,Downtown,1,28,10,5.07,card
851,2024-02-18,Downtown,5,105,30,19.23,card
852,2024-02-18,Downtown,4,60,32,11.47,cash
853,2024-02-18,Downtown,1,15,8,4.31,card
854,2024-02-18,Downtown,4,72,24,6.81,cash
855,2024-02-18,Riverside,3,84,39,15.79,cash
856,2024-02-18,Riverside,3,51,39,11.93,card
857,2024-02-18,Riverside,5,105,45,9.93,cash
858,2024-02-18,Riverside,5,110,35,26.02,card
859,2024-02-18,Riverside,6,96,72,48.95,card
860,2024-02-18,Airport,4,68,16,6.02,cash
861,2024-02-18,Airport,1,14,6,2.52,card
862,2024-02-18,Airport,4,120,16,15.31,card
863,2024-02-18,Airport,2,34,28,3.81,cash
864,2024-02-18,Airport,3,57,9,6.98,card
865,2024-02-18,Mall,2,52,28,8.63,card
866,2024-02-18,Mall,1,14,12,2.4,cash
867,2024-02-18,Mall,5,125,15,19.26,card
868,2024-02-19,Downtown,2,32,24,7.67,card
869,2024-02-19,Downtown,5,115,60,32.35,card
870,2024-02-19,Downtown,3,78,9,8.96,cash
871,2024-02-19,Downtown,5,115,70,33.81,card
872,2024-02-19,Riverside,3,66,30,14.41,card
873,2024-02-19,Riverside,2,26,24,6.28,cash
874,2024-02-19,Riverside,5,70,45,33.68,card
875,2024-02-19,Airport,1,26,5,5.78,card
876,2024-02-19,Airport,1,29,13,2.56,cash
877,2024-02-19,Airport,4,112,28,25.67,card
878,2024-02-19,Airport,5,115,25,8.21,cash
879,2024-02-19,Airport,4,84,20,11.28,cash
880,2024-02-19,Mall,2,30,10,5.6,card
881,2024-02-19,Mall,4,48,12,7.38,cash
882,2024-02-19,Mall,3,84,18,7.11,cash
883,2024-02-19,Mall,2,30,18,-14.37,cash
884,2024-02-19,Mall,2,26,16,8.35,card
885,2024-02-19,Mall,2,36,18,10.33,card
886,2024-02-20,Downtown,2,34,28,7.92,card
887,2024-02-20,Downtown,1,16,4,2.41,cash
888,2024-02-20,Downtown,6,150,36,28.98,card
889,2024-02-20,Downtown,6,72,60,25.67,card
890,2024-02-20,Riverside,5,145,50,62.24,card
891,2024-02-20,Riverside,2,36,28,8.4,card
892,2024-02-20,Riverside,3,54,39,31.83,card
893,2024-02-20,Riverside,6,150,54,38.95,card
894,2024-02-20,Riverside,1,19,13,4.73,card
895,2024-02-20,Riverside,3,90,42,21.19,card
896,2024-02-20,Airport,2,58,26,9.21,cash
897,2024-02-20,Airport,6,156,36,22.29,card
898,2024-02-20,Airport,4,60,52,14.17,card
899,2024-02-20,Airport,3,57,36,18.2,card
900,2024-02-20,Mall,5,110,15,12.55,cash
901,2024-02-20,Mall,5,125,70,12.56,cash
902,2024-02-20,Mall,2,44,14,6.26,card
903,2024-02-20,Mall,4,72,56,23.43,card
904,2024-02-20,Mall,5,80,30,19.8,card
905,2024-02-20,Mall,1,29,13,8.3,card
906,2024-02-21,Downtown,1,28,6,5.46,card
907,2024-02-21,Downtown,5,105,65,10.23,cash
908,2024-02-21,Downtown,6,168,78,38.15,card
909,2024-02-21,Riverside,2,48,14,10.23,card
910,2024-02-21,Riverside,5,130,65,60.57,card
911,2024-02-21,Riverside,2,46,14,25.8,card
912,2024-02-21,Airport,2,60,24,9.79,cash
913,2024-02-21,Airport,2,32,14,5.61,card
914,2024-02-21,Airport,5,125,45,20.55,cash
915,2024-02-21,Airport,6,108,42,11.25,cash
916,2024-02-21,Airport,1,18,12,5.02,card
917,2024-02-21,Airport,3,42,24,10.98,card
918,2024-02-21,Mall,4,100,40,9.72,cash
919,2024-02-21,Mall,5,115,65,16.11,cash
920,2024-02-21,Mall,1,13,6,1.89,cash
921,2024-02-21,Mall,2,44,12,3.88,cash
922,2024-02-22,Downtown,6,144,36,20.01,card
923,2024-02-22,Downtown,1,21,5,2.98,card
924,2024-02-22,Downtown,4,48,40,12.28,card
925,2024-02-22,Downtown,6,78,54,23.07,card
926,2024-02-22,Riverside,2,32,26,7.16,card
927,2024-02-22,Riverside,2,44,6,19.54,card
928,2024-02-22,Riverside,6,72,42,11.31,cash
929,2024-02-22,Riverside,2,56,20,5.28,cash
930,2024-02-22,Riverside,4,104,24,6.76,cash
931,2024-02-22,Airport,6,126,36,16.25,card
932,2024-02-22,Airport,2,46,18,12.48,card
933,2024-02-22,Airport,2,36,14,3.83,cash
934,2024-02-22,Airport,6,78,72,28.01,card
935,2024-02-22,Mall,4,60,40,16.34,card
936,2024-02-22,Mall,4,72,12,5.61,cash
937,2024-02-22,Mall,4,84,28,15.27,card
938,2024-02-22,Mall,3,87,12,12.58,cash
939,2024-02-22,Mall,1,23,13,4.07,card
940,2024-02-23,Downtown,1,18,11,3.64,cash
941,2024-02-23,Downtown,6,120,72,23.36,card
942,2024-02-23,Downtown,4,80,12,10.26,card
943,2024-02-23,Riverside,1,26,4,3.66,cash
944,2024-02-23,Riverside,5,135,55,13.78,cash
945,2024-02-23,Riverside,4,104,28,46.71,card
946,2024-02-23,Riverside,2,54,20,3.73,cash
947,2024-02-23,Airport,5,100,25,22.83,card
948,2024-02-23,Airport,6,144,48,25.39,card
949,2024-02-23,Airport,4,48,28,5.07,cash
950,2024-02-23,Airport,3,84,39,18.65,card
951,2024-02-23,Airport,5,145,35,28.6,card
952,2024-02-23,Airport,6,96,78,16.51,cash
953,2024-02-23,Mall,3,42,33,7.92,card
954,2024-02-23,Mall,1,24,8,3.4,card
955,2024-02-23,Mall,2,26,22,6.31,card
956,2024-02-23,Mall,3,45,36,8.51,cash
957,2024-02-24,Downtown,4,72,12,15.82,card
958,2024-02-24,Downtown,1,26,10,5.55,card
959,2024-02-24,Downtown,6,72,54,15.76,card
960,2024-02-24,Downtown,5,60,15,6.12,cash
961,2024-02-24,Downtown,6,168,66,35.01,card
962,2024-02-24,Riverside,6,96,84,33.81,card
963,2024-02-24,Riverside,1,12,3,0.89,cash
964,2024-02-24,Riverside,5,65,55,21.41,card
965,2024-02-24,Riverside,4,56,32,29.87,card
966,2024-02-24,Riverside,6,120,54,72.88,card
967,2024-02-24,Riverside,6,90,84,32.8,card
968,2024-02-24,Airport,3,36,27,12.29,card
969,2024-02-24,Airport,2,24,24,5.51,card
970,2024-02-24,Airport,1,21,3,4.13,card
971,2024-02-24,Mall,4,108,28,14.91,card
972,2024-02-24,Mall,5,145,15,15.81,cash
973,2024-02-24,Mall,2,30,14,4.44,card
974,2024-02-24,Mall,5,115,15,22.85,card
975,2024-02-24,Mall,3,48,15,9.2,card
976,2024-02-25,Downtown,1,19,9,3.47,cash
977,2024-02-25,Downtown,2,44,28,12.75,card
978,2024-02-25,Downtown,6,126,42,13.93,cash
979,2024-02-25,Downtown,5,75,15,11.73,card
980,2024-02-25,Riverside,4,76,48,41.31,card
981,2024-02-25,Riverside,6,78,84,68.12,card
982,2024-02-25,Riverside,6,174,60,33.37,card
983,2024-02-25,Airport,6,174,48,32.96,card
984,2024-02-25,Airport,1,25,9,6.72,card
985,2024-02-25,Airport,5,105,25,13.12,card
986,2024-02-25,Airport,5,130,45,32.12,card
987,2024-02-25,,6,102,78,24.04,card
988,2024-02-25,Mall,2,38,22,9.47,card
989,2024-02-25,Mall,5,145,40,14.42,cash
990,2024-02-25,Mall,1,29,8,4.1,card
991,2024-02-25,Mall,4,56,40,9.35,cash
992,2024-02-25,Mall,4,112,20,11.18,cash
993,2024-02-26,Downtown,4,80,24,19.27,card
994,2024-02-26,Downtown,2,28,28,9.58,card
995,2024-02-26,Downtown,2,34,24,7.58,card
996,2024-02-26,Downtown,6,174,54,27.65,card
997,2024-02-26,Downtown,4,120,28,26.54,card
998,2024-02-26,Riverside,6,144,18,19.85,cash
999,2024-02-26,Riverside,3,87,30,17.59,card
1000,2024-02-26,Riverside,3,54,27,15.89,card
1001,2024-02-26,Riverside,3,39,12,3.88,cash
1002,2024-02-26,Riverside,6,162,66,25.92,cash
1003,2024-02-26,Riverside,5,145,20,18.56,cash
1004,2024-02-26,Airport,6,168,30,33.65,card
1005,2024-02-26,Airport,6,96,42,24.09,card
1006,2024-02-26,Airport,5,140,70,18.53,cash
1007,2024-02-26,Airport,4,120,44,21.56,card
1008,2024-02-26,Airport,4,100,36,23.82,card
1009,2024-02-26,Mall,6,138,72,14.78,cash
1010,2024-02-26,Mall,3,84,9,8.81,cash
1011,2024-02-26,Mall,3,87,30,16.33,card
1012,2024-02-26,Mall,3,48,9,7.17,card
1013,2024-02-26,Mall,6,156,66,23.95,cash
1014,2024-02-26,Mall,2,42,22,8.94,card
1015,2024-02-27,Downtown,2,50,14,6.87,cash
1016,2024-02-27,Downtown,5,105,35,20.68,card
1017,2024-02-27,Downtown,3,60,36,10.88,card
1018,2024-02-27,Downtown,6,84,78,27.18,card
1019,2024-02-27,Downtown,6,174,72,43.1,card
1020,2024-02-27,Riverside,5,105,20,49.64,card
1021,2024-02-27,Riverside,6,114,78,80.11,card
1022,2024-02-27,Riverside,1,26,4,3.79,cash
1023,2024-02-27,Riverside,2,48,6,4.89,cash
1024,2024-02-27,Riverside,5,120,25,46.09,card
1025,2024-02-27,Airport,4,84,44,20.51,card
1026,2024-02-27,Airport,3,90,27,15.2,card
1027,2024-02-27,Airport,5,105,30,15.08,card
1028,2024-02-27,Airport,1,22,11,4.99,card
1029,2024-02-27,Airport,6,126,36,31.73,card
1030,2024-02-27,Mall,2,40,28,7.89,cash
1031,2024-02-27,Mall,1,18,6,1.97,cash
1032,2024-02-27,Mall,3,63,18,5.99,cash
1033,2024-02-27,Mall,2,54,16,5.45,cash
1034,2024-02-28,Downtown,1,27,11,5.32,card
1035,2024-02-28,Downtown,3,36,21,8.24,card
1036,2024-02-28,Downtown,3,45,27,12.55,card
1037,2024-02-28,Downtown,1,24,5,2.75,cash
1038,2024-02-28,Downtown,2,38,14,6.1,cash
1039,2024-02-28,Riverside,2,32,12,8.77,card
1040,2024-02-28,Riverside,3,60,21,7.91,cash
1041,2024-02-28,Riverside,3,72,30,8.14,cash
1042,2024-02-28,Airport,1,29,14,6.98,card
1043,2024-02-28,Airport,4,76,56,13.47,cash
1044,2024-02-28,Airport,3,81,36,19.23,card
1045,2024-02-28,Airport,5,60,20,4.18,cash
1046,2024-02-28,Airport,2,48,22,7.32,card
1047,2024-02-28,Airport,5,65,30,6.12,cash
1048,2024-02-28,Mall,4,56,12,6.6,cash
1049,2024-02-28,Mall,3,51,15,6.86,card
1050,2024-02-28,Mall,6,90,72,17.29,card
1051,2024-02-28,Mall,4,64,28,14.91,card
1052,2024-02-28,Mall,5,140,15,30.96,card
1053,2024-02-29,Downtown,4,108,32,11.84,cash
1054,2024-02-29,Downtown,4,56,56,14,card
1055,2024-02-29,Downtown,3,66,21,15.41,card
1056,2024-02-29,Downtown,1,20,9,4.51,card
1057,2024-02-29,Riverside,3,69,36,45.05,card
1058,2024-02-29,Riverside,1,16,4,2.44,cash
1059,2024-02-29,Riverside,5,65,60,13.88,cash
1060,2024-02-29,Riverside,4,84,36,19.31,card
1061,2024-02-29,Riverside,4,80,20,42.15,card
1062,2024-02-29,Riverside,6,162,30,68.39,card
1063,2024-02-29,Airport,6,126,24,13.89,cash
1064,2024-02-29,Airport,3,72,36,9.3,cash
1065,2024-02-29,Airport,6,90,60,11.14,cash
1066,2024-02-29,Airport,6,150,66,20.75,cash
1067,2024-02-29,Airport,6,162,66,25.6,card
1068,2024-02-29,Airport,2,42,22,7.35,card
1069,2024-02-29,Mall,5,120,15,24.18,card
1070,2024-02-29,Mall,2,60,18,11.18,card
1071,2024-02-29,Mall,2,52,14,4.74,cash
1072,2024-02-29,Mall,5,95,15,11.05,cash
1073,2024-03-01,Downtown,5,90,70,17.19,card
1074,2024-03-01,Downtown,2,36,16,5.43,card
1075,2024-03-01,Downtown,6,120,42,31.15,card
1076,2024-03-01,Downtown,5,120,30,15.6,cash
1077,2024-03-01,Downtown,2,30,6,5.9,card
1078,2024-03-01,Downtown,1,21,10,2.1,cash
1079,2024-03-01,Riverside,2,54,6,7.12,cash
1080,2024-03-01,Riverside,5,110,60,27.75,card
1081,2024-03-01,Riverside,2,60,28,9.21,cash
1082,2024-03-01,Riverside,6,168,48,39.46,card
1083,2024-03-01,Riverside,1,29,7,11.83,card
1084,2024-03-01,Airport,1,27,8,6.71,card
1085,2024-03-01,Airport,1,23,7,5.71,card
1086,2024-03-01,Airport,6,162,66,36.95,card
1087,2024-03-01,Airport,1,18,9,3.48,card
1088,2024-03-01,Mall,6,174,54,44.04,card
1089,2024-03-01,Mall,4,120,16,24.25,card
1090,2024-03-01,Mall,1,19,12,3.64,cash
1091,2024-03-01,Mall,1,15,5,1.76,cash
1092,2024-03-01,Mall,5,65,50,17.49,card
1093,2024-03-01,Mall,1,16,12,2.19,cash
1094,2024-03-02,Downtown,5,115,60,29.45,card
1095,2024-03-02,Downtown,1,17,8,4.91,card
1096,2024-03-02,Downtown,2,42,24,13.12,card
1097,2024-03-02,Downtown,3,63,12,7.18,cash
1098,2024-03-02,Downtown,2,54,20,6.54,cash
1099,2024-03-02,Downtown,5,135,65,-10.48,cash
1100,2024-03-02,Riverside,4,104,40,27.07,card
1101,2024-03-02,Riverside,6,72,78,7.57,cash
1102,2024-03-02,Riverside,6,180,66,101.68,card
1103,2024-03-02,Riverside,6,138,24,57.87,card
1104,2024-03-02,Riverside,6,96,36,17.85,card
1105,2024-03-02,Airport,3,42,24,7.97,card
1106,2024-03-02,Airport,4,48,52,14.14,card
1107,2024-03-02,Airport,2,28,10,4.98,card
1108,2024-03-02,Airport,1,14,5,1.8,cash
1109,2024-03-02,Airport,6,96,54,25.34,card
1110,2024-03-02,Mall,5,125,35,20.86,card
1111,2024-03-02,Mall,3,87,18,15.61,card
1112,2024-03-02,Mall,3,60,18,8.28,card
1113,2024-03-03,Downtown,2,50,24,10.93,card
1114,2024-03-03,Downtown,2,26,12,4.48,cash
1115,2024-03-03,Downtown,1,20,7,2.92,card
1116,2024-03-03,Riverside,4,60,32,9.42,card
1117,2024-03-03,Riverside,4,112,24,40.36,card
1118,2024-03-03,Riverside,5,135,40,56.6,card
1119,2024-03-03,Airport,4,96,40,16.89,card
1120,2024-03-03,Airport,3,39,21,11.21,card
1121,2024-03-03,Airport,1,27,14,5.11,cash
1122,2024-03-03,Airport,5,100,20,-17.87,card
1123,2024-03-03,Airport,2,28,8,3.16,cash
1124,2024-03-03,Mall,6,138,78,22.67,cash
1125,2024-03-03,Mall,4,84,16,8.39,cash
1126,2024-03-03,Mall,5,110,15,18.68,card
1127,2024-03-04,Downtown,2,40,26,3.56,cash
1128,2024-03-04,Downtown,4,52,32,14.92,card
1129,2024-03-04,Downtown,2,54,26,9.31,cash
1130,2024-03-04,Downtown,4,88,28,21.81,card
1131,2024-03-04,Downtown,1,22,7,5.16,card
1132,2024-03-04,Downtown,5,130,20,21.18,card
1133,2024-03-04,Riverside,3,45,27,5.41,cash
1134,2024-03-04,Riverside,4,80,24,41.32,card
1135,2024-03-04,Riverside,3,66,9,24.02,card
1136,2024-03-04,Riverside,4,80,44,17.72,card
1137,2024-03-04,Airport,4,116,56,21.59,card
1138,2024-03-04,Airport,6,108,36,20.19,card
1139,2024-03-04,Airport,3,87,42,17.61,card
1140,2024-03-04,Airport,2,44,24,7.42,card
1141,2024-03-04,Airport,6,126,36,20.75,card
1142,2024-03-04,Airport,6,162,24,23.69,card
1143,2024-03-04,Mall,5,65,70,26.49,card
1144,2024-03-04,Mall,6,84,42,13.5,card
1145,2024-03-04,Mall,2,48,14,7.34,card
1146,2024-03-04,Mall,4,72,32,11.7,cash
1147,2024-03-04,Mall,3,51,12,6.12,cash
1148,2024-03-04,Mall,4,104,44,17.78,card
1149,2024-03-05,Downtown,6,168,84,23.9,cash
1150,2024-03-05,Downtown,1,20,10,5.21,card
1151,2024-03-05,Downtown,5,115,55,19.42,card
1152,2024-03-05,Downtown,4,96,20,23.14,card
1153,2024-03-05,Downtown,4,96,44,19.69,card
1154,2024-03-05,Riverside,6,150,72,87.66,card
1155,2024-03-05,Riverside,1,13,5,1.69,cash
1156,2024-03-05,Riverside,5,70,45,12.7,card
1157,2024-03-05,Riverside,2,38,14,6.77,card
1158,2024-03-05,Airport,5,150,50,25.38,card
1159,2024-03-05,Airport,3,78,24,12.93,card
1160,2024-03-05,Airport,1,18,8,3.93,card
1161,2024-03-05,Airport,3,45,15,4.72,cash
1162,2024-03-05,Airport,3,69,24,15.87,card
1163,2024-03-05,Mall,3,75,12,8.94,card
1164,2024-03-05,Mall,1,19,3,4.26,card
1165,2024-03-05,Mall,4,84,56,23.85,card
1166,2024-03-06,Downtown,3,81,33,12.3,card
1167,2024-03-06,Downtown,1,29,12,4.96,card
1168,2024-03-06,Downtown,5,120,35,23.1,card
1169,2024-03-06,Downtown,4,80,20,18.06,card
1170,2024-03-06,Downtown,5,125,40,19.48,cash
1171,2024-03-06,Downtown,6,174,18,14.87,cash
1172,2024-03-06,Riverside,3,84,12,6.23,cash
1173,2024-03-06,Riverside,2,32,28,19.71,card
1174,2024-03-06,Riverside,1,18,7,3.19,card
1175,2024-03-06,Riverside,6,126,54,19.38,cash
1176,2024-03-06,Riverside,6,102,48,61.71,card
1177,2024-03-06,Airport,4,56,28,14.51,card
1178,2024-03-06,Airport,6,168,48,18.37,cash
1179,2024-03-06,Airport,1,18,14,4.48,card
1180,2024-03-06,Airport,2,26,24,6.96,card
1181,2024-03-06,Airport,4,80,48,18.88,card
1182,2024-03-06,Airport,4,52,56,17.94,card
1183,2024-03-06,Mall,2,26,24,7.67,card
1184,2024-03-06,Mall,6,132,60,24.46,cash
1185,2024-03-06,Mall,2,60,26,10.09,cash
1186,2024-03-07,Downtown,1,30,4,3.18,cash
1187,2024-03-07,Downtown,3,90,30,23.45,card
1188,2024-03-07,Downtown,1,12,7,2.41,cash
1189,2024-03-07,Downtown,6,114,60,13.03,cash
1190,2024-03-07,Riverside,5,80,20,37.9,card
1191,2024-03-07,Riverside,6,156,24,35.59,card
1192,2024-03-07,Riverside,1,15,10,3.65,card
1193,2024-03-07,Riverside,5,65,50,8.95,cash
1194,2024-03-07,Riverside,3,90,21,15.76,card
1195,2024-03-07,Riverside,1,29,9,5.38,card
1196,2024-03-07,Airport,1,13,12,1.58,cash
1197,2024-03-07,Airport,4,108,36,7.98,cash
1198,2024-03-07,Airport,6,102,78,20.26,card
1199,2024-03-07,Airport,2,52,16,11.06,card
1200,2024-03-07,Airport,3,42,9,8.96,card
1201,2024-03-07,Airport,1,24,12,6.09,card
1202,2024-03-07,Mall,5,60,40,15.85,card
1203,2024-03-07,Mall,5,150,15,24.88,card
1204,2024-03-07,Mall,2,58,14,4.23,cash
1205,2024-03-07,Mall,2,26,26,6.56,cash
1206,2024-03-08,Downtown,6,162,42,29.85,card
1207,2024-03-08,Downtown,4,116,28,20.42,card
1208,2024-03-08,Downtown,4,56,52,6.36,cash
1209,2024-03-08,Riverside,6,102,36,14.04,cash
1210,2024-03-08,Riverside,5,85,70,26.36,card
1211,2024-03-08,Riverside,4,68,52,10.53,cash
1212,2024-03-08,Riverside,4,84,28,43.82,card
1213,2024-03-08,Riverside,1,12,13,1.96,cash
1214,2024-03-08,Riverside,3,81,39,21.66,card
1215,2024-03-08,Airport,2,26,16,6.25,card
1216,2024-03-08,Airport,4,56,52,11.65,card
1217,2024-03-08,Airport,3,75,39,15.42,card
1218,2024-03-08,Airport,3,48,36,10.91,cash
1219,2024-03-08,Airport,6,120,84,18.69,cash
1220,2024-03-08,Airport,4,72,44,22.74,card
1221,2024-03-08,Mall,2,34,8,4.87,card
1222,2024-03-08,Mall,2,24,16,6,card
1223,2024-03-08,Mall,2,56,26,14.39,card
1224,2024-03-08,Mall,5,125,45,28.87,card
1225,2024-03-08,Mall,2,60,22,10.85,card
1226,2024-03-08,Mall,3,48,18,9.54,card
1227,2024-03-09,Downtown,3,51,33,9.46,card
1228,2024-03-09,Downtown,3,36,12,5.1,cash
1229,2024-03-09,Downtown,5,105,60,19.48,card
1230,2024-03-09,Downtown,5,90,65,12.63,cash
1231,2024-03-09,Riverside,6,96,24,17.36,card
1232,2024-03-09,Riverside,5,75,40,12.71,card
1233,2024-03-09,Riverside,6,108,36,23.36,card
1234,2024-03-09,Riverside,1,26,7,3.33,card
1235,2024-03-09,Airport,4,52,44,16.12,card
1236,2024-03-09,,3,72,24,8.73,cash
1237,2024-03-09,Airport,4,84,12,13.68,card
1238,2024-03-09,Airport,5,100,20,6.84,cash
1239,2024-03-09,Airport,6,180,30,35.49,card
1240,2024-03-09,Mall,3,72,21,13.29,card
1241,2024-03-09,Mall,6,162,84,30.19,card
1242,2024-03-09,Mall,4,76,12,10.93,cash
1243,2024-03-09,Mall,5,110,15,16.64,card
1244,2024-03-10,Downtown,4,84,16,6.53,cash
1245,2024-03-10,Downtown,5,95,65,8.15,cash
1246,2024-03-10,Downtown,1,14,14,3.45,card
1247,2024-03-10,Downtown,2,48,28,10.41,card
1248,2024-03-10,Riverside,3,45,12,5.85,cash
1249,2024-03-10,Riverside,3,54,24,9.6,cash
1250,2024-03-10,Riverside,6,120,48,28.78,card
1251,2024-03-10,Airport,4,112,44,18.5,card
1252,2024-03-10,Airport,4,96,32,15,cash
1253,2024-03-10,Airport,3,66,42,20.15,card
1254,2024-03-10,Airport,6,72,54,16.74,card
1255,2024-03-10,Mall,3,39,18,7.18,cash
1256,2024-03-10,Mall,3,51,36,10.71,card
1257,2024-03-10,Mall,1,23,6,3.51,cash
1258,2024-03-10,Mall,6,90,24,13.43,card
1259,2024-03-11,Downtown,2,38,18,5.25,cash
1260,2024-03-11,Downtown,6,174,18,36.82,card
1261,2024-03-11,Downtown,3,66,39,20.65,card
1262,2024-03-11,Downtown,1,18,11,4.58,card
1263,2024-03-11,Downtown,4,120,40,9.86,cash
1264,2024-03-11,Downtown,4,48,36,4.8,cash
1265,2024-03-11,Riverside,6,84,78,17.15,card
1266,2024-03-11,Riverside,6,156,48,77.09,card
1267,2024-03-11,Riverside,2,58,28,15.39,card
1268,2024-03-11,Riverside,3,78,9,9.51,cash
1269,2024-03-11,Riverside,1,17,5,4.14,card
1270,2024-03-11,Riverside,4,104,20,10.78,cash
1271,2024-03-11,Airport,6,168,30,33.03,card
1272,2024-03-11,Airport,2,54,6,7.21,cash
1273,2024-03-11,Airport,4,84,52,22.44,card
1274,2024-03-11,Airport,3,54,18,7.76,cash
1275,2024-03-11,Airport,2,58,10,9.52,card
1276,2024-03-11,Mall,5,145,50,21.2,card
1277,2024-03-11,Mall,4,72,56,23.42,card
1278,2024-03-11,Mall,5,135,60,21.41,card
1279,2024-03-11,Mall,2,52,16,6.8,cash
1280,2024-03-12,Downtown,6,132,42,28.55,card
1281,2024-03-12,Downtown,4,68,24,16.77,card
1282,2024-03-12,Downtown,5,115,15,13.67,card
1283,2024-03-12,Downtown,6,156,84,34.88,card
1284,2024-03-12,Downtown,4,116,16,20.97,card
1285,2024-03-12,Riverside,4,100,16,39.99,card
1286,2024-03-12,Riverside,5,75,30,44.97,card
1287,2024-03-12,Riverside,4,76,32,31.27,card
1288,2024-03-12,Riverside,1,23,7,2.16,cash
1289,2024-03-12,Riverside,6,132,36,28.06,card
1290,2024-03-12,Riverside,1,12,4,0.88,cash
1291,2024-03-12,Airport,6,72,78,28.08,card
1292,2024-03-12,,1,18,14,3.07,cash
1293,2024-03-12,Airport,3,78,21,13.1,card
1294,2024-03-12,Airport,5,105,55,20.31,cash
1295,2024-03-12,Airport,6,108,66,20.5,cash
1296,2024-03-12,Mall,1,20,3,3.77,card
1297,2024-03-12,,4,120,44,16.09,cash
1298,2024-03-12,Mall,6,102,54,29.34,card
1299,2024-03-12,Mall,2,54,20,3.79,cash
1300,2024-03-12,Mall,5,80,65,21.72,card
1301,2024-03-13,Downtown,6,114,24,16.22,cash
1302,2024-03-13,Downtown,2,44,10,9.57,card
1303,2024-03-13,Downtown,3,81,24,10.78,card
1304,2024-03-13,Downtown,6,180,42,36.48,card
1305,2024-03-13,Riverside,5,135,60,20.78,card
1306,2024-03-13,Riverside,5,60,40,12.56,card
1307,2024-03-13,Riverside,4,80,36,33.5,card
1308,2024-03-13,Riverside,1,23,8,2.81,cash
1309,2024-03-13,Riverside,1,30,11,13.92,card
1310,2024-03-13,Riverside,5,125,25,15.03,cash
1311,2024-03-13,Airport,6,120,48,12.82,cash
1312,2024-03-13,Airport,2,48,12,4.15,cash
1313,2024-03-13,Airport,3,81,39,12.01,card
1314,2024-03-13,Airport,5,65,65,13.01,card
1315,2024-03-13,Mall,4,92,32,9.58,cash
1316,2024-03-13,Mall,3,36,12,7.36,card
1317,2024-03-13,Mall,6,156,54,35.06,card
1318,2024-03-13,Mall,3,78,24,16.25,card
1319,2024-03-13,Mall,1,16,11,2.3,cash
1320,2024-03-14,Downtown,2,58,6,7,card
1321,2024-03-14,Downtown,4,60,40,15.85,card
1322,2024-03-14,Downtown,6,72,66,10.73,cash
1323,2024-03-14,Riverside,5,110,25,55.82,card
1324,2024-03-14,Riverside,2,60,16,3.95,cash
1325,2024-03-14,Riverside,2,58,18,14.3,card
1326,2024-03-14,Airport,6,138,60,34.81,card
1327,2024-03-14,Airport,5,105,35,25.45,card
1328,2024-03-14,Airport,3,81,39,15.42,cash
1329,2024-03-14,Airport,4,92,44,14.65,cash
1330,2024-03-14,Mall,4,48,32,13.64,card
1331,2024-03-14,Mall,4,52,20,10.35,card
1332,2024-03-14,Mall,6,96,18,6.52,cash
1333,2024-03-15,Downtown,4,60,52,8.1,cash
1334,2024-03-15,Downtown,5,70,55,15.45,cash
1335,2024-03-15,Downtown,2,38,22,10.66,card
1336,2024-03-15,Downtown,5,65,35,12.81,card
1337,2024-03-15,Downtown,5,145,70,33.63,card
1338,2024-03-15,Riverside,6,174,72,27.06,card
1339,2024-03-15,Riverside,6,132,36,14.22,cash
1340,2024-03-15,Riverside,3,36,39,5.62,cash
1341,2024-03-15,Riverside,2,60,8,23.43,card
1342,2024-03-15,Airport,5,115,15,14.23,card
1343,2024-03-15,Airport,1,26,4,5.91,card
1344,2024-03-15,Airport,6,126,54,19.9,cash
1345,2024-03-15,Airport,2,36,26,10.86,card
1346,2024-03-15,Mall,6,102,54,10.2,cash
1347,2024-03-15,Mall,3,69,42,17.54,card
1348,2024-03-15,Mall,3,60,24,10.18,card
1349,2024-03-15,Mall,3,69,39,13.76,cash
1350,2024-03-15,Mall,3,48,21,13.79,card
1351,2024-03-16,Downtown,1,18,6,4.66,card
1352,2024-03-16,Downtown,2,36,22,10.24,card
1353,2024-03-16,Downtown,6,90,60,19.91,card
1354,2024-03-16,Downtown,3,72,12,10.81,card
1355,2024-03-16,Riverside,1,27,6,5.26,card
1356,2024-03-16,Riverside,6,84,42,16.47,card
1357,2024-03-16,,5,85,15,29.43,card
1358,2024-03-16,Riverside,1,20,8,3.47,cash
1359,2024-03-16,Riverside,5,100,55,12.65,cash
1360,2024-03-16,Riverside,6,78,30,37.23,card
1361,2024-03-16,Airport,4,76,40,7.9,cash
1362,2024-03-16,Airport,4,104,12,7.92,cash
1363,2024-03-16,Airport,2,56,24,5.62,cash
1364,2024-03-16,Mall,4,100,44,15.7,cash
1365,2024-03-16,Mall,4,112,20,14.79,card
1366,2024-03-16,Mall,5,105,15,23.72,card
1367,2024-03-16,Mall,6,180,78,33.54,card
1368,2024-03-16,Mall,3,90,39,15.99,cash
1369,2024-03-17,Downtown,4,72,24,16.13,card
1370,2024-03-17,Downtown,2,34,20,7.97,card
1371,2024-03-17,Downtown,3,69,42,21.78,card
1372,2024-03-17,Downtown,1,16,14,3.08,card
1373,2024-03-17,Riverside,6,138,36,14.74,cash
1374,2024-03-17,Riverside,2,52,16,20.27,card
1375,2024-03-17,Riverside,2,44,6,5.13,cash
1376,2024-03-17,Riverside,6,180,48,82.98,card
1377,2024-03-17,Riverside,3,42,21,18.73,card
1378,2024-03-17,Airport,6,120,42,22.81,card
1379,2024-03-17,Airport,1,23,3,4.75,card
1380,2024-03-17,Airport,4,76,48,12.06,cash
1381,2024-03-17,Airport,3,54,27,8.44,card
1382,2024-03-17,Airport,5,110,50,24.12,card
1383,2024-03-17,Airport,4,88,52,25.9,card
1384,2024-03-17,Mall,6,144,48,36.53,card
1385,2024-03-17,Mall,2,36,18,2.77,cash
1386,2024-03-17,Mall,4,104,24,18.63,card
1387,2024-03-17,Mall,2,26,28,4.3,cash
1388,2024-03-17,Mall,5,75,25,16.67,card
1389,2024-03-18,Downtown,5,75,20,16.8,card
1390,2024-03-18,Downtown,3,75,21,13.14,card
1391,2024-03-18,Downtown,1,17,9,3.06,cash
1392,2024-03-18,Riverside,4,52,24,4.46,cash
1393,2024-03-18,,4,88,48,52.99,card
1394,2024-03-18,Riverside,2,48,12,-6.9,card
1395,2024-03-18,Riverside,6,162,48,70.64,card
1396,2024-03-18,Riverside,4,84,16,9.67,cash
1397,2024-03-18,Airport,6,138,54,36.25,card
1398,2024-03-18,Airport,2,36,20,5.86,cash
1399,2024-03-18,Airport,3,63,36,18.35,card
1400,2024-03-18,Airport,1,26,8,3.79,card
1401,2024-03-18,Airport,3,51,21,-9.97,cash
1402,2024-03-18,Mall,3,84,33,15.49,card
1403,2024-03-18,Mall,2,26,8,4.07,cash
1404,2024-03-18,Mall,6,126,30,19.18,card
1405,2024-03-19,Downtown,2,40,16,7.25,card
1406,2024-03-19,Downtown,4,104,24,9.8,cash
1407,2024-03-19,Downtown,2,54,6,3.57,cash
1408,2024-03-19,Riverside,4,60,20,10.89,card
1409,2024-03-19,Riverside,5,60,20,9.11,card
1410,2024-03-19,Riverside,1,22,3,1.71,cash
1411,2024-03-19,Airport,1,17,4,3.95,card
1412,2024-03-19,Airport,5,140,20,22.13,card
1413,2024-03-19,Airport,1,30,11,2.67,cash
1414,2024-03-19,Mall,5,65,30,9.03,cash
1415,2024-03-19,Mall,5,95,50,27.57,card
1416,2024-03-19,Mall,1,20,6,2.76,card
1417,2024-03-20,Downtown,4,116,44,18.72,card
1418,2024-03-20,Downtown,2,48,12,10.51,card
1419,2024-03-20,Downtown,1,20,11,4.34,card
1420,2024-03-20,Downtown,4,92,40,15.82,card
1421,2024-03-20,Downtown,5,125,65,28.67,card
1422,2024-03-20,Downtown,5,85,60,26.86,card
1423,2024-03-20,Riverside,4,48,40,8.89,card
1424,2024-03-20,Riverside,1,19,8,4.57,card
1425,2024-03-20,Riverside,5,90,20,9.05,cash
1426,2024-03-20,Riverside,2,58,8,4.55,cash
1427,2024-03-20,Airport,2,30,12,5.78,card
1428,2024-03-20,Airport,3,75,33,18.94,card
1429,2024-03-20,Airport,5,135,50,34.42,card
1430,2024-03-20,Airport,2,24,16,6.09,card
1431,2024-03-20,Airport,6,90,54,23.65,card
1432,2024-03-20,Mall,1,15,8,2.78,card
1433,2024-03-20,Mall,6,126,78,28.22,card
1434,2024-03-20,Mall,2,58,26,5.45,cash
1435,2024-03-20,Mall,3,48,18,8.29,card
1436,2024-03-20,Mall,2,44,20,7.79,cash
1437,2024-03-21,Downtown,5,100,50,29.95,card
1438,2024-03-21,Downtown,4,92,48,17.42,cash
1439,2024-03-21,Downtown,5,145,15,9.92,cash
1440,2024-03-21,Downtown,3,57,30,5.83,cash
1441,2024-03-21,Downtown,6,84,78,23.02,card
1442,2024-03-21,Riverside,4,68,56,7.77,cash
1443,2024-03-21,Riverside,4,116,36,47.39,card
1444,2024-03-21,Riverside,4,112,44,58.5,card
1445,2024-03-21,Riverside,5,85,15,10.98,cash
1446,2024-03-21,Riverside,3,78,18,17.43,card
1447,2024-03-21,Riverside,4,116,32,15.76,cash
1448,2024-03-21,Airport,3,48,33,13.68,card
1449,2024-03-21,Airport,5,125,40,28.58,card
1450,2024-03-21,Airport,1,24,10,5.54,card
1451,2024-03-21,Airport,2,36,22,6.62,card
1452,2024-03-21,Airport,6,114,78,22.57,card
1453,2024-03-21,Airport,4,120,32,16.1,card
1454,2024-03-21,Mall,5,80,55,24.19,card
1455,2024-03-21,,1,13,6,-19.62,card
1456,2024-03-21,Mall,6,90,24,17.34,card
1457,2024-03-21,Mall,2,56,12,7.84,cash
1458,2024-03-21,Mall,4,116,16,19.47,card
1459,2024-03-21,Mall,1,12,5,2.04,card
1460,2024-03-22,Downtown,3,54,24,10.99,card
1461,2024-03-22,Downtown,2,32,22,10.08,card
1462,2024-03-22,Downtown,2,52,8,6.83,card
1463,2024-03-22,Downtown,5,115,65,16.56,cash
1464,2024-03-22,Riverside,3,63,30,11.2,card
1465,2024-03-22,Riverside,1,28,4,3.87,card
1466,2024-03-22,Riverside,6,114,48,32.24,card
1467,2024-03-22,Riverside,5,150,55,13.96,cash
1468,2024-03-22,Riverside,4,112,24,25.61,card
1469,2024-03-22,Riverside,2,44,28,23.98,card
1470,2024-03-22,Airport,4,52,56,20.78,card
1471,2024-03-22,Airport,2,60,14,10.1,card
1472,2024-03-22,Airport,4,96,52,27.62,card
1473,2024-03-22,Airport,4,68,16,10.1,cash
1474,2024-03-22,,2,56,16,7.04,cash
1475,2024-03-22,Mall,4,96,12,14.74,card
1476,2024-03-22,Mall,1,30,10,5.94,card
1477,2024-03-22,Mall,4,84,12,5.57,cash
1478,2024-03-22,Mall,5,65,25,12.86,card
1479,2024-03-23,Downtown,3,66,21,11.07,cash
1480,2024-03-23,Downtown,4,72,12,14.17,card
1481,2024-03-23,Downtown,1,24,13,6.38,card
1482,2024-03-23,Downtown,4,88,28,19.87,card
1483,2024-03-23,Downtown,3,72,33,7.15,cash
1484,2024-03-23,Downtown,4,112,48,24.36,card
1485,2024-03-23,Riverside,6,90,48,20.24,card
1486,2024-03-23,Riverside,2,28,22,5.34,card
1487,2024-03-23,Riverside,4,92,12,31.48,card
1488,2024-03-23,Riverside,3,36,18,5.63,card
1489,2024-03-23,Airport,5,100,35,19.72,card
1490,2024-03-23,Airport,6,96,24,20.34,card
1491,2024-03-23,Airport,4,80,28,11.39,cash
1492,2024-03-23,Mall,3,84,42,20.44,card
1493,2024-03-23,Mall,4,60,24,10.19,card
1494,2024-03-23,Mall,2,52,28,8.97,cash
1495,2024-03-24,Downtown,2,42,12,5.52,card
1496,2024-03-24,Downtown,3,57,42,11.44,card
1497,2024-03-24,Downtown,1,27,8,4.27,card
1498,2024-03-24,Riverside,6,132,48,19.11,card
1499,2024-03-24,Riverside,4,112,16,14.12,cash
1500,2024-03-24,Riverside,1,14,10,4.69,card
1501,2024-03-24,Riverside,1,13,8,2.5,card
1502,2024-03-24,Airport,2,36,14,7.19,card
1503,2024-03-24,Airport,5,105,45,15.82,card
1504,2024-03-24,Airport,1,20,7,2.83,card
1505,2024-03-24,Airport,5,100,50,10.91,cash
1506,2024-03-24,Airport,3,66,33,13.13,card
1507,2024-03-24,Airport,3,36,24,11.39,card
1508,2024-03-24,Mall,2,60,22,8.71,card
1509,2024-03-24,Mall,6,144,60,29.98,card
1510,2024-03-24,Mall,3,90,39,22.7,card
1511,2024-03-24,Mall,3,78,15,18.37,card
1512,2024-03-25,Downtown,5,125,65,30.08,card
1513,2024-03-25,Downtown,6,108,42,28.38,card
1514,2024-03-25,Downtown,6,156,60,39.19,card
1515,2024-03-25,Riverside,1,13,14,4.92,card
1516,2024-03-25,Riverside,5,140,45,29.31,card
1517,2024-03-25,Riverside,6,84,48,55.35,card
1518,2024-03-25,Riverside,5,65,45,10.82,cash
1519,2024-03-25,Riverside,5,90,40,11.64,cash
1520,2024-03-25,Airport,6,78,24,12.58,cash
1521,2024-03-25,Airport,6,84,78,19.33,card
1522,2024-03-25,Airport,2,24,8,2.58,cash
1523,2024-03-25,Airport,4,120,12,15.44,cash
1524,2024-03-25,Airport,4,68,16,15.69,card
1525,2024-03-25,Mall,4,68,44,14.01,cash
1526,2024-03-25,Mall,6,90,60,23.81,card
1527,2024-03-25,Mall,4,96,28,12.84,cash
1528,2024-03-25,Mall,1,15,13,4.45,card
1529,2024-03-25,Mall,3,36,9,3.44,cash
1530,2024-03-26,Downtown,6,126,66,26.24,card
1531,2024-03-26,Downtown,6,126,30,28.31,card
1532,2024-03-26,Downtown,6,132,72,16.83,cash
1533,2024-03-26,Downtown,6,174,24,-7.04,card
1534,2024-03-26,Riverside,6,90,78,31.77,card
1535,2024-03-26,Riverside,5,75,25,18.12,card
1536,2024-03-26,Riverside,4,68,56,11.62,cash
1537,2024-03-26,Airport,1,26,12,7.24,card
1538,2024-03-26,Airport,5,125,70,37.41,card
1539,2024-03-26,Airport,5,150,40,30.7,card
1540,2024-03-26,Airport,2,28,22,5.67,card
1541,2024-03-26,Airport,1,22,4,3.94,card
1542,2024-03-26,Airport,4,72,44,18.34,card
1543,2024-03-26,Mall,4,60,56,22.31,card
1544,2024-03-26,Mall,6,126,30,29.33,card
1545,2024-03-26,Mall,2,30,20,4.24,cash
1546,2024-03-27,Downtown,4,76,28,12.64,card
1547,2024-03-27,Downtown,1,24,6,3.55,cash
1548,2024-03-27,Downtown,5,105,35,20.97,card
1549,2024-03-27,Downtown,2,44,8,3.15,cash
1550,2024-03-27,Riverside,5,80,30,6.04,cash
1551,2024-03-27,Riverside,2,28,16,13.33,card
1552,2024-03-27,Riverside,2,30,16,4.11,cash
1553,2024-03-27,Airport,4,84,32,20.92,card
1554,2024-03-27,Airport,3,54,21,14.63,card
1555,2024-03-27,Airport,5,150,40,14.22,cash
1556,2024-03-27,Mall,3,72,24,15.94,card
1557,2024-03-27,Mall,6,96,84,35.36,card
1558,2024-03-27,Mall,1,26,6,3.42,card
1559,2024-03-27,Mall,6,150,42,21.25,card
1560,2024-03-27,Mall,5,130,45,32.56,card
1561,2024-03-28,Downtown,4,52,12,10.24,card
1562,2024-03-28,Downtown,4,104,36,24.26,card
1563,2024-03-28,Downtown,1,13,6,3.3,card
1564,2024-03-28,Downtown,1,15,5,3.41,card
1565,2024-03-28,Riverside,4,96,20,10.23,cash
1566,2024-03-28,Riverside,4,100,44,10.33,cash
1567,2024-03-28,Riverside,2,26,10,6.88,card
1568,2024-03-28,Airport,6,108,60,16.89,card
1569,2024-03-28,Airport,3,78,21,9.03,cash
1570,2024-03-28,Airport,6,144,30,34.65,card
1571,2024-03-28,Airport,2,32,22,6.74,card
1572,2024-03-28,Airport,6,78,30,14.22,card
1573,2024-03-28,Airport,3,39,9,6.52,card
1574,2024-03-28,Mall,5,75,50,23.91,card
1575,2024-03-28,Mall,6,108,54,15.37,cash
1576,2024-03-28,Mall,4,84,48,18.31,card
1577,2024-03-28,Mall,4,76,40,7.89,cash
1578,2024-03-28,Mall,5,105,30,20.32,card
1579,2024-03-29,Downtown,3,48,9,5.88,cash
1580,2024-03-29,Downtown,5,65,50,18.12,card
1581,2024-03-29,Downtown,3,57,21,-18.42,cash
1582,2024-03-29,Riverside,6,168,42,21.7,cash
1583,2024-03-29,Riverside,5,90,40,13.91,card
1584,2024-03-29,Riverside,5,60,25,16.78,card
1585,2024-03-29,Riverside,5,150,20,33.12,card
1586,2024-03-29,Riverside,3,87,15,30.07,card
1587,2024-03-29,Riverside,2,48,20,7.19,cash
1588,2024-03-29,Airport,1,19,12,5.03,card
1589,2024-03-29,Airport,6,174,24,16.32,cash
1590,2024-03-29,Airport,6,114,42,27.71,card
1591,2024-03-29,Airport,1,15,13,2.06,cash
1592,2024-03-29,Airport,5,145,55,34.89,card
1593,2024-03-29,Mall,3,48,15,8.68,card
1594,2024-03-29,Mall,6,72,24,5.58,cash
1595,2024-03-29,Mall,2,60,18,9.87,card
1596,2024-03-29,Mall,2,42,20,5.83,cash
1597,2024-03-29,Mall,4,72,24,10.59,card
1598,2024-03-30,Downtown,3,78,39,9.06,cash
1599,2024-03-30,Downtown,6,144,24,17.12,cash
1600,2024-03-30,Downtown,3,57,39,8.39,cash
1601,2024-03-30,Riverside,2,28,12,5.11,cash
1602,2024-03-30,Riverside,4,48,52,17.72,card
1603,2024-03-30,Riverside,5,75,30,15.35,card
1604,2024-03-30,Riverside,5,140,55,18.34,cash
1605,2024-03-30,Airport,4,48,12,11.28,card
1606,2024-03-30,Airport,2,24,20,4.68,card
1607,2024-03-30,Airport,1,20,9,2.43,cash
1608,2024-03-30,Airport,6,126,42,21.71,cash
1609,2024-03-30,Mall,1,24,5,2.8,cash
1610,2024-03-30,Mall,4,56,36,16.86,card
1611,2024-03-30,Mall,1,14,5,1.91,card
1612,2024-03-30,Mall,5,65,65,25.29,card
1613,2024-03-30,Mall,3,75,24,17.79,card
1614,2024-03-31,Downtown,4,100,32,15.7,card
1615,2024-03-31,Downtown,3,81,18,7.27,cash
1616,2024-03-31,Downtown,3,45,30,8.46,card
1617,2024-03-31,Downtown,6,138,54,36.61,card
1618,2024-03-31,Riverside,3,60,39,39.8,card
1619,2024-03-31,Riverside,6,102,66,9.07,cash
1620,2024-03-31,,6,108,54,22.93,card
1621,2024-03-31,Riverside,3,57,15,27.95,card
1622,2024-03-31,Riverside,5,120,45,17.4,card
1623,2024-03-31,Airport,5,80,45,8.21,cash
1624,2024-03-31,Airport,5,70,20,14.9,card
1625,2024-03-31,Airport,6,156,30,20.19,cash
1626,2024-03-31,Airport,2,60,12,7.2,cash
1627,2024-03-31,Airport,3,36,36,13.3,card
1628,2024-03-31,Airport,3,48,33,13.98,card
1629,2024-03-31,Mall,6,162,60,13.21,cash
1630,2024-03-31,Mall,4,112,32,25.25,card
1631,2024-03-31,Mall,6,90,36,12.96,card
1632,2024-03-31,Mall,3,81,36,22.45,card
1633,2024-03-31,Mall,3,81,21,10.61,cash
1634,2024-04-01,Downtown,3,66,33,15.72,card
1635,2024-04-01,Downtown,3,39,9,3.55,cash
1636,2024-04-01,Downtown,1,19,12,4.28,card
1637,2024-04-01,Riverside,6,78,18,8.01,cash
1638,2024-04-01,Riverside,3,42,30,9.64,card
1639,2024-04-01,Riverside,4,68,20,14.13,card
1640,2024-04-01,,5,90,45,17.98,card
1641,2024-04-01,Riverside,1,18,11,11.62,card
1642,2024-04-01,Riverside,5,90,40,25.48,card
1643,2024-04-01,Airport,4,84,12,16,card
1644,2024-04-01,Airport,3,63,33,18.31,card
1645,2024-04-01,Airport,4,76,32,12.28,card
1646,2024-04-01,Airport,3,48,27,5.86,cash
1647,2024-04-01,Mall,4,100,52,18.15,card
1648,2024-04-01,Mall,2,56,12,10.39,card
1649,2024-04-01,Mall,6,144,72,32.7,card
1650,2024-04-01,Mall,2,54,6,7.99,card
1651,2024-04-02,Downtown,1,13,12,2.26,cash
1652,2024-04-02,Downtown,2,24,10,6.16,card
1653,2024-04-02,Downtown,6,114,54,8.81,cash
1654,2024-04-02,Downtown,5,135,25,23.67,card
1655,2024-04-02,Downtown,3,54,39,11.19,cash
1656,2024-04-02,Downtown,3,66,18,12.32,card
1657,2024-04-02,Riverside,3,60,33,33.32,card
1658,2024-04-02,Riverside,3,72,33,-7.71,cash
1659,2024-04-02,Riverside,1,25,7,1.98,cash
1660,2024-04-02,Riverside,1,20,9,4.59,card
1661,2024-04-02,Riverside,6,162,18,18.5,cash
1662,2024-04-02,Airport,2,56,10,7.62,card
1663,2024-04-02,Airport,2,56,12,13.28,card
1664,2024-04-02,Airport,3,57,12,10.47,card
1665,2024-04-02,Mall,2,40,6,2.33,cash
1666,2024-04-02,Mall,6,78,54,13.9,card
1667,2024-04-02,Mall,5,135,70,25.22,card
1668,2024-04-02,Mall,6,78,24,18.67,card
1669,2024-04-02,Mall,1,30,11,3.57,cash
1670,2024-04-02,Mall,5,125,35,28.56,card
1671,2024-04-03,Downtown,2,28,16,8.43,card
1672,2024-04-03,Downtown,2,46,22,9.88,card
1673,2024-04-03,Downtown,5,65,20,16.03,card
1674,2024-04-03,Downtown,3,45,21,7.67,card
1675,2024-04-03,Downtown,5,130,70,21.86,card
1676,2024-04-03,Downtown,5,130,55,19.66,card
1677,2024-04-03,Riverside,3,42,12,5.71,cash
1678,2024-04-03,Riverside,6,96,66,14.08,cash
1679,2024-04-03,Riverside,3,42,33,21.73,card
1680,2024-04-03,Riverside,3,48,27,8.59,card
1681,2024-04-03,Riverside,3,84,21,38.47,card
1682,2024-04-03,Riverside,5,110,15,19.3,card
1683,2024-04-03,Airport,6,168,48,30,card
1684,2024-04-03,Airport,5,75,55,15.63,cash
1685,2024-04-03,Airport,6,156,36,21.32,card
1686,2024-04-03,Mall,3,39,27,10.68,card
1687,2024-04-03,Mall,3,81,24,18.96,card
1688,2024-04-03,Mall,2,60,20,7.82,cash
1689,2024-04-04,Downtown,2,40,22,8.58,card
1690,2024-04-04,Downtown,6,132,24,19.6,card
1691,2024-04-04,Downtown,6,144,66,38.73,card
1692,2024-04-04,Downtown,1,18,14,5.31,card
1693,2024-04-04,Downtown,3,66,39,14.02,card
1694,2024-04-04,Riverside,2,50,14,22.7,card
1695,2024-04-04,Riverside,5,120,50,19.73,card
1696,2024-04-04,Riverside,2,58,18,14.28,card
1697,2024-04-04,Riverside,1,27,4,4.94,card
1698,2024-04-04,Riverside,6,84,84,48.62,card
1699,2024-04-04,Airport,2,38,12,7.67,card
1700,2024-04-04,Airport,1,17,8,4.64,card
1701,2024-04-04,Airport,1,27,13,3.84,cash
1702,2024-04-04,Airport,3,51,42,11.2,card
1703,2024-04-04,Airport,1,16,12,5.4,card
1704,2024-04-04,Mall,6,162,84,35.9,card
1705,2024-04-04,Mall,4,116,16,14.59,card
1706,2024-04-04,Mall,5,125,70,13.52,cash
1707,2024-04-04,Mall,3,81,15,12.77,card
1708,2024-04-05,Downtown,4,88,40,14.94,cash
1709,2024-04-05,Downtown,2,30,8,3.78,cash
1710,2024-04-05,Downtown,6,114,30,26.83,card
1711,2024-04-05,Riverside,3,57,42,28.03,card
1712,2024-04-05,Riverside,5,85,70,51.9,card
1713,2024-04-05,Riverside,2,40,8,5.8,card
1714,2024-04-05,Riverside,1,28,13,3.35,cash
1715,2024-04-05,Riverside,3,36,12,7.03,card
1716,2024-04-05,Airport,5,80,55,21.98,card
1717,2024-04-05,Airport,2,30,26,5.86,cash
1718,2024-04-05,Airport,4,84,48,11.64,cash
1719,2024-04-05,Mall,5,80,30,16.96,card
1720,2024-04-05,Mall,6,132,84,17.94,cash
1721,2024-04-05,Mall,2,56,16,14.17,card
1722,2024-04-05,Mall,2,24,24,7.3,card
1723,2024-04-05,Mall,5,145,15,16.6,cash
1724,2024-04-05,Mall,3,45,33,8.48,card
1725,2024-04-06,Downtown,5,140,60,23.59,cash
1726,2024-04-06,Downtown,3,60,18,10.02,cash
1727,2024-04-06,Downtown,1,20,9,2.57,cash
1728,2024-04-06,Downtown,5,115,55,23.41,card
1729,2024-04-06,Downtown,2,52,6,8.81,card
1730,2024-04-06,Downtown,6,90,78,21.59,cash
1731,2024-04-06,Riverside,4,120,56,56.91,card
1732,2024-04-06,Riverside,4,100,56,18.09,card
1733,2024-04-06,Riverside,2,52,20,13.62,card
1734,2024-04-06,Riverside,6,114,18,41.19,card
1735,2024-04-06,Airport,1,15,6,3.32,card
1736,2024-04-06,Airport,5,135,65,24.05,card
1737,2024-04-06,Airport,1,28,10,4.34,card
1738,2024-04-06,Mall,2,44,10,6.01,card
1739,2024-04-06,Mall,6,120,18,7.21,cash
1740,2024-04-06,Mall,4,88,32,15.96,card
1741,2024-04-06,Mall,6,120,60,22.18,card
1742,2024-04-06,Mall,4,100,28,15.47,cash
1743,2024-04-06,Mall,5,100,50,15.38,card
1744,2024-04-07,Downtown,2,28,10,6.54,card
1745,2024-04-07,Downtown,3,72,9,13.64,card
1746,2024-04-07,Downtown,6,120,60,30.34,card
1747,2024-04-07,Downtown,3,81,42,18.18,card
1748,2024-04-07,Downtown,3,57,30,9.9,card
1749,2024-04-07,Downtown,5,90,60,10.37,cash
1750,2024-04-07,Riverside,1,21,14,4.37,cash
1751,2024-04-07,Riverside,3,66,36,16.41,card
1752,2024-04-07,Riverside,1,12,9,2.53,cash
1753,2024-04-07,Riverside,2,54,12,22.35,card
1754,2024-04-07,Airport,5,75,55,14.4,cash
1755,2024-04-07,Airport,1,26,4,4.01,card
1756,2024-04-07,Airport,4,48,28,10.67,card
1757,2024-04-07,Airport,6,126,72,23.43,card
1758,2024-04-07,Airport,4,48,28,11.07,card
1759,2024-04-07,Mall,2,38,16,7.96,card
1760,2024-04-07,Mall,6,72,84,30.16,card
1761,2024-04-07,Mall,1,25,6,2.17,cash
1762,2024-04-08,Downtown,5,145,50,27.45,card
1763,2024-04-08,Downtown,5,110,40,19.14,cash
1764,2024-04-08,Downtown,6,162,78,29.3,cash
1765,2024-04-08,Downtown,3,60,33,14.3,card
1766,2024-04-08,Downtown,1,16,12,3.57,card
1767,2024-04-08,Downtown,4,112,16,13.16,cash
1768,2024-04-08,Riverside,4,116,28,18.11,card
1769,2024-04-08,Riverside,2,44,18,23.67,card
1770,2024-04-08,Riverside,6,180,60,84.16,card
1771,2024-04-08,Riverside,4,52,56,32.5,card
1772,2024-04-08,Riverside,5,80,60,13.83,cash
1773,2024-04-08,Airport,5,95,55,17.09,card
1774,2024-04-08,Airport,2,52,24,13.35,card
1775,2024-04-08,Airport,2,24,14,3.27,cash
1776,2024-04-08,Airport,6,90,30,12.51,cash
1777,2024-04-08,Airport,3,90,12,11.96,cash
1778,2024-04-08,Mall,3,42,9,3.15,cash
1779,2024-04-08,Mall,4,88,40,13.42,cash
1780,2024-04-08,Mall,1,13,13,2.42,cash
1781,2024-04-08,Mall,4,60,56,9.28,cash
1782,2024-04-08,Mall,4,100,24,6.74,cash
1783,2024-04-08,Mall,2,30,16,8.38,card
1784,2024-04-09,Downtown,4,60,12,11.67,card
1785,2024-04-09,Downtown,4,120,24,12.58,cash
1786,2024-04-09,Downtown,5,100,60,22.92,card
1787,2024-04-09,Downtown,1,26,4,3.82,cash
1788,2024-04-09,Riverside,4,76,40,18.68,card
1789,2024-04-09,Riverside,6,114,66,20.08,card
1790,2024-04-09,Riverside,1,22,5,9.16,card
1791,2024-04-09,Airport,3,72,15,9.02,card
1792,2024-04-09,Airport,2,52,10,6.26,cash
1793,2024-04-09,Airport,4,80,28,20.44,card
1794,2024-04-09,Airport,2,30,24,9.78,card
1795,2024-04-09,Mall,5,115,45,21.63,card
1796,2024-04-09,Mall,6,156,78,28.07,card
1797,2024-04-09,Mall,4,116,32,20.32,card
1798,2024-04-10,Downtown,5,75,65,14.18,card
1799,2024-04-10,Downtown,3,90,36,12.99,card
1800,2024-04-10,Downtown,3,54,36,14.96,card
1801,2024-04-10,Riverside,5,65,55,20.45,card
1802,2024-04-10,Riverside,4,104,28,13.33,card
1803,2024-04-10,Riverside,3,39,24,3.37,cash
1804,2024-04-10,Riverside,2,58,26,7.51,cash
1805,2024-04-10,Riverside,6,138,54,23.78,cash
1806,2024-04-10,Riverside,3,51,33,29.78,card
1807,2024-04-10,Airport,1,28,14,6.01,card
1808,2024-04-10,Airport,2,36,22,11.34,card
1809,2024-04-10,Airport,1,28,5,6.36,card
1810,2024-04-10,Airport,5,140,55,36.02,card
1811,2024-04-10,Airport,4,96,16,13.74,card
1812,2024-04-10,Mall,3,69,15,9.83,card
1813,2024-04-10,Mall,6,84,72,20.1,card
1814,2024-04-10,Mall,1,30,9,5.93,card
1815,2024-04-10,Mall,5,75,45,17.96,card
1816,2024-04-10,Mall,6,144,24,27.17,card
1817,2024-04-10,Mall,2,46,24,4.09,cash
1818,2024-04-11,Downtown,1,15,10,4.32,card
1819,2024-04-11,Downtown,1,19,5,3.62,card
1820,2024-04-11,Downtown,2,32,10,6.98,card
1821,2024-04-11,Downtown,3,81,15,8.47,cash
1822,2024-04-11,Downtown,6,102,48,28.96,card
1823,2024-04-11,Riverside,2,32,24,5.32,cash
1824,2024-04-11,Riverside,3,84,42,42.16,card
1825,2024-04-11,Riverside,4,108,16,14.86,cash
1826,2024-04-11,Riverside,1,14,11,2.65,card
1827,2024-04-11,Riverside,6,114,24,50.33,card
1828,2024-04-11,Airport,5,135,40,17.91,card
1829,2024-04-11,Airport,2,26,14,4.84,card
1830,2024-04-11,Airport,3,36,27,7.68,cash
1831,2024-04-11,Mall,2,28,14,7.16,card
1832,2024-04-11,Mall,2,60,8,11.02,card
1833,2024-04-11,Mall,4,104,56,29.34,card
1834,2024-04-12,Downtown,6,162,66,30.05,card
1835,2024-04-12,Downtown,5,95,25,12.96,card
1836,2024-04-12,Downtown,1,16,8,3.63,card
1837,2024-04-12,Downtown,1,19,3,2.63,card
1838,2024-04-12,Downtown,4,56,32,15.56,card
1839,2024-04-12,Riverside,5,110,40,10.6,cash
1840,2024-04-12,Riverside,5,145,25,19.76,cash
1841,2024-04-12,Riverside,1,19,8,3.34,cash
1842,2024-04-12,Airport,1,17,10,3.66,card
1843,2024-04-12,Airport,5,95,35,16.61,card
1844,2024-04-12,Airport,2,26,20,5.96,card
1845,2024-04-12,Mall,6,132,42,29.12,card
1846,2024-04-12,Mall,6,162,66,40.22,card
1847,2024-04-12,Mall,1,26,9,3.93,card
1848,2024-04-13,Downtown,5,140,15,29.6,card
1849,2024-04-13,Downtown,4,116,20,14.31,card
1850,2024-04-13,Downtown,5,70,55,16.55,card
1851,2024-04-13,Downtown,1,20,14,5.94,card
1852,2024-04-13,Downtown,6,138,24,19.12,card
1853,2024-04-13,Downtown,4,108,48,27.69,card
1854,2024-04-13,Riverside,1,25,13,5.11,card
1855,2024-04-13,Riverside,3,72,21,9.64,card
1856,2024-04-13,Riverside,5,60,45,14.63,card
1857,2024-04-13,Riverside,6,138,48,73.31,card
1858,2024-04-13,Riverside,1,17,12,8.8,card
1859,2024-04-13,Riverside,5,130,70,38.88,card
1860,2024-04-13,Airport,1,26,8,3.52,cash
1861,2024-04-13,Airport,4,100,12,15.69,card
1862,2024-04-13,Airport,2,42,12,7.47,card
1863,2024-04-13,Airport,4,88,40,15.8,card
1864,2024-04-13,Airport,4,64,56,20.43,card
1865,2024-04-13,Mall,3,51,39,11.62,cash
1866,2024-04-13,Mall,4,76,16,11.23,card
1867,2024-04-13,Mall,6,120,66,17.37,cash
1868,2024-04-13,Mall,3,87,21,5.61,cash
1869,2024-04-13,Mall,5,130,25,12.29,cash
1870,2024-04-14,Downtown,3,78,27,11.6,card
1871,2024-04-14,Downtown,4,96,56,22.2,card
1872,2024-04-14,Downtown,6,84,42,15.97,cash
1873,2024-04-14,Riverside,3,78,15,30.14,card
1874,2024-04-14,Riverside,4,80,40,6.26,cash
1875,2024-04-14,Riverside,6,156,66,42.67,card
1876,2024-04-14,Riverside,5,80,35,14.43,card
1877,2024-04-14,,6,114,24,49.74,card
1878,2024-04-14,Airport,6,78,84,31.12,card
1879,2024-04-14,Airport,5,90,15,12.42,card
1880,2024-04-14,Airport,4,88,36,17.68,card
1881,2024-04-14,Airport,2,32,14,6.59,card
1882,2024-04-14,Mall,3,75,18,9.1,cash
1883,2024-04-14,Mall,4,116,36,28.01,card
1884,2024-04-14,Mall,4,100,52,18.64,cash
1885,2024-04-14,Mall,3,78,33,14.3,card
1886,2024-04-14,Mall,5,105,25,7.59,cash
1887,2024-04-14,Mall,3,75,30,18.19,card
1888,2024-04-15,Downtown,5,130,65,25.27,cash
1889,2024-04-15,Downtown,1,29,5,3.56,cash
1890,2024-04-15,Downtown,4,92,36,20.89,card
1891,2024-04-15,Downtown,4,104,16,21.69,card
1892,2024-04-15,Downtown,2,36,22,11.45,card
1893,2024-04-15,Downtown,2,48,28,7.61,cash
1894,2024-04-15,Riverside,5,80,35,12.16,cash
1895,2024-04-15,Riverside,4,56,20,8.28,card
1896,2024-04-15,Riverside,5,150,70,17.53,cash
1897,2024-04-15,Riverside,3,69,33,12.42,card
1898,2024-04-15,Airport,6,96,42,20.79,card
1899,2024-04-15,Airport,1,24,11,2.88,cash
1900,2024-04-15,Airport,5,125,55,31.54,card
1901,2024-04-15,Mall,5,105,65,21.14,card
1902,2024-04-15,Mall,3,69,42,12.62,card
1903,2024-04-15,Mall,3,87,30,11.65,cash
1904,2024-04-15,Mall,2,60,26,5.73,cash
1905,2024-04-16,Downtown,6,174,30,32.76,card
1906,2024-04-16,Downtown,4,64,12,5.26,cash
1907,2024-04-16,Downtown,5,140,65,25.35,cash
1908,2024-04-16,Downtown,3,63,33,13.83,card
1909,2024-04-16,Riverside,1,16,13,4.11,card
1910,2024-04-16,Riverside,6,138,78,82.17,card
1911,2024-04-16,Riverside,3,63,30,39.79,card
1912,2024-04-16,Airport,6,150,54,18.81,cash
1913,2024-04-16,Airport,6,102,48,24.71,card
1914,2024-04-16,Airport,3,78,39,17.22,card
1915,2024-04-16,Mall,4,64,32,16.34,card
1916,2024-04-16,Mall,4,48,56,10.6,card
1917,2024-04-16,Mall,5,75,35,12.33,card
1918,2024-04-16,Mall,5,65,55,13.66,card
1919,2024-04-16,Mall,6,162,48,33.51,card
1920,2024-04-16,Mall,3,51,18,7.72,card
1921,2024-04-17,Downtown,6,138,48,23.2,cash
1922,2024-04-17,Downtown,2,38,24,8.17,card
1923,2024-04-17,Downtown,4,52,28,6.29,cash
1924,2024-04-17,Riverside,5,130,55,77.02,card
1925,2024-04-17,Riverside,1,26,6,1.67,cash
1926,2024-04-17,Riverside,3,90,42,12.77,cash
1927,2024-04-17,Airport,6,132,66,17.09,cash
1928,2024-04-17,Airport,5,145,50,36.66,card
1929,2024-04-17,Airport,2,46,20,9.86,card
1930,2024-04-17,Airport,1,14,7,4.13,card
1931,2024-04-17,Airport,3,42,33,13.68,card
1932,2024-04-17,Mall,3,45,24,13.69,card
1933,2024-04-17,Mall,4,120,28,15.59,card
1934,2024-04-17,Mall,5,90,65,26.86,card
1935,2024-04-17,Mall,1,28,12,5.07,card
1936,2024-04-17,Mall,2,24,14,5.36,card
1937,2024-04-18,Downtown,1,20,12,5.92,card
1938,2024-04-18,Downtown,6,174,48,27.51,cash
1939,2024-04-18,Downtown,5,140,40,31.3,card
1940,2024-04-18,Downtown,5,90,20,6.02,cash
1941,2024-04-18,Riverside,4,112,52,31.18,card
1942,2024-04-18,Riverside,6,138,66,20.04,cash
1943,2024-04-18,Riverside,2,34,8,3.77,cash
1944,2024-04-18,Riverside,4,80,12,11.04,card
1945,2024-04-18,Airport,4,68,32,10.82,cash
1946,2024-04-18,Airport,2,26,6,5.98,card
1947,2024-04-18,Airport,2,60,28,6.64,cash
1948,2024-04-18,Airport,6,114,72,37.03,card
1949,2024-04-18,Airport,2,28,26,7.01,cash
1950,2024-04-18,Mall,5,135,45,26.27,card
1951,2024-04-18,Mall,2,32,12,7.19,card
1952,2024-04-18,Mall,2,54,24,12.31,card
1953,2024-04-18,Mall,6,114,78,27.5,card
1954,2024-04-19,Downtown,2,52,16,3.65,cash
1955,2024-04-19,Downtown,4,108,36,25.6,card
1956,2024-04-19,Downtown,6,168,30,21.9,cash
1957,2024-04-19,Downtown,6,180,36,14.23,cash
1958,2024-04-19,Riverside,4,72,56,45.93,card
1959,2024-04-19,Riverside,3,63,24,16.02,card
1960,2024-04-19,Riverside,3,57,24,12.86,card
1961,2024-04-19,Riverside,4,96,44,49.75,card
1962,2024-04-19,Riverside,2,58,28,17,card
1963,2024-04-19,Airport,1,29,11,5.12,cash
1964,2024-04-19,Airport,5,85,65,10.59,cash
1965,2024-04-19,Airport,4,52,28,13.31,card
1966,2024-04-19,Airport,4,104,52,18.36,cash
1967,2024-04-19,Airport,2,26,6,4.8,card
1968,2024-04-19,Airport,2,28,12,2.96,cash
1969,2024-04-19,Mall,3,78,24,6.18,cash
1970,2024-04-19,Mall,3,90,30,16.39,card
1971,2024-04-19,Mall,6,96,60,21.05,card
1972,2024-04-20,Downtown,4,72,44,11.29,cash
1973,2024-04-20,Downtown,1,23,5,-3.45,card
1974,2024-04-20,Downtown,2,60,26,10.11,card
1975,2024-04-20,Downtown,4,96,28,20.05,card
1976,2024-04-20,Downtown,2,38,12,3.47,cash
1977,2024-04-20,Riverside,2,46,8,19.26,card
1978,2024-04-20,Riverside,1,13,3,1.84,cash
1979,2024-04-20,Riverside,6,114,18,11.94,cash
1980,2024-04-20,Riverside,6,174,18,24.31,card
1981,2024-04-20,Riverside,1,30,9,4.27,cash
1982,2024-04-20,Airport,5,80,40,21.65,card
1983,2024-04-20,Airport,4,52,56,21.33,card
1984,2024-04-20,Airport,5,85,60,18.89,card
1985,2024-04-20,Airport,4,112,48,22.02,card
1986,2024-04-20,Airport,2,28,8,3.33,cash
1987,2024-04-20,Airport,2,38,14,5.93,card
1988,2024-04-20,Mall,5,75,60,22.9,card
1989,2024-04-20,Mall,2,38,16,7.01,cash
1990,2024-04-20,Mall,6,138,54,35.1,card
1991,2024-04-20,Mall,5,135,40,20.16,cash
1992,2024-04-20,Mall,2,58,18,5.3,cash
1993,2024-04-20,Mall,1,21,9,4.03,card
1994,2024-04-21,Downtown,2,36,22,5.05,cash
1995,2024-04-21,Downtown,6,162,78,39.57,card
1996,2024-04-21,Downtown,6,72,84,16.81,card
1997,2024-04-21,Downtown,5,105,25,21.74,card
1998,2024-04-21,Riverside,1,13,11,3.81,card
1999,2024-04-21,Riverside,4,96,48,10.94,cash
2000,2024-04-21,Riverside,3,39,27,25.76,card
2001,2024-04-21,Airport,5,130,25,18.4,card
2002,2024-04-21,Airport,1,28,11,5.33,card
2003,2024-04-21,Airport,1,22,8,5.08,card
2004,2024-04-21,Mall,6,132,36,21.08,card
2005,2024-04-21,Mall,4,64,28,6.34,cash
2006,2024-04-21,Mall,4,88,52,19.98,card
2007,2024-04-21,Mall,2,60,28,9.9,card
2008,2024-04-21,Mall,6,108,36,18.94,card
2009,2024-04-21,Mall,5,115,35,21.68,card
2010,2024-04-22,Downtown,5,145,45,20.84,card
2011,2024-04-22,Downtown,1,20,5,4.45,card
2012,2024-04-22,Downtown,3,84,36,19.57,card
2013,2024-04-22,Riverside,5,90,30,20.07,card
2014,2024-04-22,Riverside,1,16,8,1.8,cash
2015,2024-04-22,Riverside,1,26,14,3.12,cash
2016,2024-04-22,Airport,3,69,24,10.68,card
2017,2024-04-22,Airport,1,12,4,1.92,card
2018,2024-04-22,Airport,5,65,40,15.18,card
2019,2024-04-22,Airport,4,96,44,-10.63,cash
2020,2024-04-22,Airport,5,95,45,22.69,card
2021,2024-04-22,Airport,5,80,65,23.27,card
2022,2024-04-22,Mall,6,168,78,14.08,cash
2023,2024-04-22,Mall,5,105,35,19.74,card
2024,2024-04-22,Mall,2,44,16,9.69,card
2025,2024-04-23,Downtown,4,68,40,15.61,card
2026,2024-04-23,Downtown,5,135,40,34.73,card
2027,2024-04-23,Downtown,1,15,7,2.99,card
2028,2024-04-23,Downtown,4,88,32,13.15,card
2029,2024-04-23,Downtown,5,115,70,28.68,card
2030,2024-04-23,Riverside,5,100,45,18.36,card
2031,2024-04-23,Riverside,5,60,35,30.61,card
2032,2024-04-23,Riverside,5,90,45,38.82,card
2033,2024-04-23,Riverside,5,130,65,70.02,card
2034,2024-04-23,Riverside,1,20,10,9.24,card
2035,2024-04-23,Riverside,5,145,65,33.61,card
2036,2024-04-23,Airport,4,48,56,8.92,cash
2037,2024-04-23,Airport,2,48,24,3.66,cash
2038,2024-04-23,Airport,5,75,65,15.12,card
2039,2024-04-23,,3,36,30,11.61,card
2040,2024-04-23,Airport,3,81,9,17.51,card
2041,2024-04-23,Mall,4,52,24,6.84,cash
2042,2024-04-23,Mall,2,30,12,4.71,card
2043,2024-04-23,Mall,4,88,32,13.03,cash
2044,2024-04-23,Mall,4,100,12,8.29,cash
2045,2024-04-24,Downtown,6,84,24,18.21,card
2046,2024-04-24,Downtown,1,16,14,5.95,card
2047,2024-04-24,Downtown,6,114,48,17.19,card
2048,2024-04-24,Downtown,3,42,12,5.4,cash
2049,2024-04-24,Downtown,2,60,28,9.85,cash
2050,2024-04-24,Riverside,6,132,78,31.37,card
2051,2024-04-24,Riverside,4,104,48,19.11,card
2052,2024-04-24,Riverside,1,19,13,2.48,cash
2053,2024-04-24,Airport,4,112,56,20.22,card
2054,2024-04-24,Airport,4,52,44,17.84,card
2055,2024-04-24,Airport,1,27,12,5.26,card
2056,2024-04-24,Airport,3,63,33,11.54,card
2057,2024-04-24,Airport,5,150,25,29.36,card
2058,2024-04-24,Airport,1,16,3,2.08,card
2059,2024-04-24,Mall,4,52,16,10.03,card
2060,2024-04-24,Mall,5,120,55,31.01,card
2061,2024-04-24,Mall,1,23,8,4.16,card
2062,2024-04-24,Mall,1,24,12,-16.33,card
2063,2024-04-25,Downtown,2,26,24,9.82,card
2064,2024-04-25,Downtown,3,69,12,15.08,card
2065,2024-04-25,Downtown,2,48,16,7.51,cash
2066,2024-04-25,Riverside,2,54,12,11.57,card
2067,2024-04-25,Riverside,4,80,44,14.44,card
2068,2024-04-25,Riverside,3,90,9,30.86,card
2069,2024-04-25,Riverside,1,21,6,4.67,card
2070,2024-04-25,Riverside,5,150,70,24.57,cash
2071,2024-04-25,Riverside,6,90,84,18.33,card
2072,2024-04-25,Airport,4,68,44,12.15,card
2073,2024-04-25,Airport,2,40,16,5.53,cash
2074,2024-04-25,Airport,2,30,16,3.28,cash
2075,2024-04-25,Mall,5,110,45,17.96,card
2076,2024-04-25,Mall,2,32,20,9.47,card
2077,2024-04-25,Mall,5,95,70,20.15,card
2078,2024-04-26,Downtown,4,116,40,21.71,card
2079,2024-04-26,Downtown,1,20,4,3.16,card
2080,2024-04-26,Downtown,4,112,56,26.39,card
2081,2024-04-26,Downtown,4,56,40,13.53,card
2082,2024-04-26,Downtown,4,96,16,13.7,cash
2083,2024-04-26,Riverside,4,112,56,30.43,card
2084,2024-04-26,Riverside,6,150,72,23.96,card
2085,2024-04-26,Riverside,6,168,54,23.35,card
2086,2024-04-26,Riverside,2,28,12,4.67,card
2087,2024-04-26,Riverside,1,21,14,11.35,card
2088,2024-04-26,Riverside,1,12,13,2.07,cash
2089,2024-04-26,Airport,4,80,12,15.72,card
2090,2024-04-26,Airport,2,56,12,7.99,card
2091,2024-04-26,Airport,3,57,36,16.7,card
2092,2024-04-26,Mall,6,150,18,30.03,card
2093,2024-04-26,Mall,3,90,18,12.68,card
2094,2024-04-26,Mall,4,72,24,17.69,card
2095,2024-04-26,Mall,5,80,30,7.67,cash
2096,2024-04-27,Downtown,3,60,30,14.53,card
2097,2024-04-27,Downtown,6,174,84,37.41,card
2098,2024-04-27,Downtown,1,13,13,2.6,card
2099,2024-04-27,Downtown,1,30,14,7.02,card
2100,2024-04-27,Downtown,4,52,32,10.64,card
2101,2024-04-27,Downtown,1,25,5,3.79,card
2102,2024-04-27,Riverside,1,15,14,3.1,card
2103,2024-04-27,Riverside,5,145,30,28.54,card
2104,2024-04-27,Riverside,2,46,26,7.5,card
2105,2024-04-27,Riverside,4,88,48,6.89,cash
2106,2024-04-27,Riverside,3,39,39,30.44,card
2107,2024-04-27,Riverside,2,40,16,9.1,card
2108,2024-04-27,Airport,5,80,40,17.89,card
2109,2024-04-27,Airport,3,66,21,6.73,cash
2110,2024-04-27,Airport,6,156,54,12.68,cash
2111,2024-04-27,Mall,1,25,14,6.3,card
2112,2024-04-27,Mall,6,126,72,12.31,cash
2113,2024-04-27,Mall,5,150,20,20.68,cash
2114,2024-04-27,Mall,4,112,24,25.48,card
2115,2024-04-27,Mall,5,85,30,15.27,card
2116,2024-04-27,Mall,5,135,55,33.4,card
2117,2024-04-28,Downtown,2,40,28,7.22,card
2118,2024-04-28,Downtown,3,84,27,14.14,cash
2119,2024-04-28,Downtown,4,80,24,20.43,card
2120,2024-04-28,Riverside,1,29,5,3.54,card
2121,2024-04-28,Riverside,4,92,32,16.14,card
2122,2024-04-28,Riverside,1,28,9,2.13,cash
2123,2024-04-28,Riverside,4,52,48,10.22,card
2124,2024-04-28,Riverside,1,26,5,8.84,card
2125,2024-04-28,Riverside,6,174,36,69.91,card
2126,2024-04-28,Airport,1,19,7,4.88,card
2127,2024-04-28,Airport,2,40,22,7.67,card
2128,2024-04-28,Airport,6,90,30,16.69,card
2129,2024-04-28,Airport,4,92,52,20.2,card
2130,2024-04-28,Airport,4,96,36,11.01,cash
2131,2024-04-28,Mall,4,120,20,16.21,card
2132,2024-04-28,Mall,1,12,10,2.6,card
2133,2024-04-28,Mall,1,17,7,1.59,cash
2134,2024-04-28,Mall,3,48,42,15.35,card
2135,2024-04-29,Downtown,3,36,33,13.6,card
2136,2024-04-29,Downtown,4,120,52,14.49,cash
2137,2024-04-29,Downtown,2,58,20,4.72,cash
2138,2024-04-29,Riverside,3,66,15,11.65,card
2139,2024-04-29,Riverside,4,52,36,7.83,cash
2140,2024-04-29,Riverside,1,20,14,14.08,card
2141,2024-04-29,Riverside,3,87,39,10.72,cash
2142,2024-04-29,Airport,6,102,60,23.82,card
2143,2024-04-29,Airport,2,34,26,9.73,card
2144,2024-04-29,Airport,1,28,14,7.86,card
2145,2024-04-29,Airport,4,88,36,16.36,card
2146,2024-04-29,Airport,2,46,10,3.45,cash
2147,2024-04-29,Mall,6,126,78,40.01,card
2148,2024-04-29,Mall,3,90,9,18.39,card
2149,2024-04-29,Mall,3,72,12,9.84,card
2150,2024-04-30,Downtown,4,72,28,11.37,card
2151,2024-04-30,Downtown,6,72,60,12.06,cash
2152,2024-04-30,Downtown,5,130,65,23.82,card
2153,2024-04-30,Downtown,5,150,60,37.57,card
2154,2024-04-30,Riverside,5,70,45,34.23,card
2155,2024-04-30,Riverside,2,44,12,9.06,card
2156,2024-04-30,Riverside,2,58,10,8.02,cash
2157,2024-04-30,Riverside,4,100,12,38.32,card
2158,2024-04-30,Riverside,2,60,20,30.92,card
2159,2024-04-30,Riverside,5,100,35,56.29,card
2160,2024-04-30,Airport,5,120,45,29.84,card
2161,2024-04-30,Airport,5,130,25,25.41,card
2162,2024-04-30,Airport,6,156,60,42.27,card
2163,2024-04-30,Airport,1,28,13,3.58,cash
2164,2024-04-30,Airport,4,104,20,15.23,cash
2165,2024-04-30,Airport,6,180,66,32.07,card
2166,2024-04-30,Mall,1,17,9,3.51,card
2167,2024-04-30,Mall,6,108,42,8.76,cash
2168,2024-04-30,Mall,6,144,36,21.52,card
2169,2024-05-01,Downtown,1,19,14,5.85,card
2170,2024-05-01,Downtown,4,72,56,24.52,card
2171,2024-05-01,Downtown,4,112,48,24.26,card
2172,2024-05-01,Downtown,5,80,65,23.81,card
2173,2024-05-01,Downtown,2,50,16,5.16,cash
2174,2024-05-01,Downtown,5,90,55,16.32,cash
2175,2024-05-01,Riverside,1,23,10,3.97,cash
2176,2024-05-01,Riverside,4,104,12,7.9,cash
2177,2024-05-01,Riverside,2,30,20,5.8,cash
2178,2024-05-01,Riverside,1,23,14,3.9,card
2179,2024-05-01,Riverside,2,40,26,4.08,cash
2180,2024-05-01,Airport,6,144,48,37.13,card
2181,2024-05-01,Airport,3,87,30,14.45,card
2182,2024-05-01,Airport,2,50,14,9.85,card
2183,2024-05-01,Airport,3,60,12,6.01,cash
2184,2024-05-01,Airport,3,63,18,10.45,cash
2185,2024-05-01,Airport,3,57,33,12.78,card
2186,2024-05-01,Mall,3,72,18,16.74,card
2187,2024-05-01,Mall,4,116,40,25.08,card
2188,2024-05-01,Mall,3,42,39,9.71,cash
2189,2024-05-01,Mall,3,75,15,4.51,cash
2190,2024-05-01,Mall,3,57,9,5.37,cash
2191,2024-05-02,Downtown,3,69,12,15.03,card
2192,2024-05-02,Downtown,6,72,78,17.9,card
2193,2024-05-02,Downtown,1,13,7,2.49,card
2194,2024-05-02,Riverside,6,132,84,15.26,cash
2195,2024-05-02,Riverside,3,45,42,7.71,cash
2196,2024-05-02,Riverside,5,140,25,47.48,card
2197,2024-05-02,Riverside,6,174,54,20.86,cash
2198,2024-05-02,Airport,6,168,30,19.75,cash
2199,2024-05-02,Airport,6,120,84,30.08,card
2200,2024-05-02,Airport,1,12,13,4.51,card
2201,2024-05-02,Airport,3,84,33,8.08,cash
2202,2024-05-02,Mall,1,14,4,2.33,cash
2203,2024-05-02,Mall,2,42,16,9.06,card
2204,2024-05-02,Mall,6,108,42,17.4,card
2205,2024-05-02,Mall,4,72,32,14.16,card
2206,2024-05-02,Mall,5,85,25,5.89,cash
2207,2024-05-03,Downtown,3,48,15,3.2,cash
2208,2024-05-03,Downtown,5,95,15,14.4,card
2209,2024-05-03,Downtown,2,50,6,5.44,cash
2210,2024-05-03,Downtown,2,46,26,10.97,card
2211,2024-05-03,Riverside,4,52,56,39.94,card
2212,2024-05-03,Riverside,5,140,70,69.97,card
2213,2024-05-03,Riverside,5,75,50,46.39,card
2214,2024-05-03,Riverside,3,75,39,11.41,card
2215,2024-05-03,Riverside,3,39,15,2.9,cash
2216,2024-05-03,Airport,6,180,78,39.77,card
2217,2024-05-03,Airport,4,120,36,10.14,cash
2218,2024-05-03,Airport,1,12,13,4.15,card
2219,2024-05-03,Airport,4,64,20,13.97,card
2220,2024-05-03,Mall,2,38,16,6.54,card
2221,2024-05-03,Mall,5,80,30,14.16,card
2222,2024-05-03,Mall,5,100,25,9.95,cash
2223,2024-05-03,Mall,1,22,3,2.34,cash
2224,2024-05-04,Downtown,5,140,45,22.65,cash
2225,2024-05-04,Downtown,6,180,18,39.37,card
2226,2024-05-04,Downtown,3,54,21,11.23,card
2227,2024-05-04,Downtown,5,115,45,24.05,card
2228,2024-05-04,Riverside,5,135,70,12.69,cash
2229,2024-05-04,Riverside,1,22,11,11.66,card
2230,2024-05-04,Riverside,5,90,25,20.98,card
2231,2024-05-04,Airport,6,84,30,12.3,card
2232,2024-05-04,Airport,4,72,56,16.49,card
2233,2024-05-04,Airport,4,116,32,22.11,card
2234,2024-05-04,Airport,5,115,70,30.13,card
2235,2024-05-04,Mall,4,56,40,18.75,card
2236,2024-05-04,Mall,4,96,40,16.53,card
2237,2024-05-04,Mall,6,84,66,16.56,cash
2238,2024-05-04,Mall,4,96,20,10.31,cash
2239,2024-05-05,Downtown,4,76,52,8.71,cash
2240,2024-05-05,Downtown,3,45,24,13.16,card
2241,2024-05-05,Downtown,1,26,9,5.52,card
2242,2024-05-05,Downtown,1,12,12,3.41,card
2243,2024-05-05,Riverside,4,112,56,48.69,card
2244,2024-05-05,Riverside,6,120,78,15.19,cash
2245,2024-05-05,Riverside,6,96,30,15.09,cash
2246,2024-05-05,Riverside,5,145,20,16.78,cash
2247,2024-05-05,Riverside,4,80,24,18.61,card
2248,2024-05-05,Riverside,2,44,28,8.24,card
2249,2024-05-05,Airport,5,120,20,25.19,card
2250,2024-05-05,Airport,6,138,66,31.72,card
2251,2024-05-05,Airport,6,162,66,40.13,card
2252,2024-05-05,Airport,3,63,18,14.93,card
2253,2024-05-05,Mall,1,26,12,5.6,card
2254,2024-05-05,Mall,5,95,20,17.21,card
2255,2024-05-05,Mall,3,69,36,17.56,card
2256,2024-05-06,Downtown,3,54,12,11.14,card
2257,2024-05-06,Downtown,6,126,72,23.33,cash
2258,2024-05-06,Downtown,2,56,28,5.45,cash
2259,2024-05-06,Downtown,1,30,8,4.17,card
2260,2024-05-06,Downtown,4,92,24,17.93,card
2261,2024-05-06,Downtown,2,36,20,7.76,card
2262,2024-05-06,Riverside,2,50,28,4.72,cash
2263,2024-05-06,Riverside,1,16,5,1.91,cash
2264,2024-05-06,Riverside,4,80,28,9.08,cash
2265,2024-05-06,Riverside,4,92,40,17.1,card
2266,2024-05-06,Airport,2,58,22,12.29,card
2267,2024-05-06,Airport,4,108,36,12.48,cash
2268,2024-05-06,Airport,3,42,18,9.91,card
2269,2024-05-06,Mall,4,72,48,14.41,card
2270,2024-05-06,Mall,4,64,20,12.06,card
2271,2024-05-06,Mall,3,81,27,16.36,card
2272,2024-05-07,Downtown,4,108,52,10.92,cash
2273,2024-05-07,Downtown,2,42,8,8.35,card
2274,2024-05-07,,6,144,78,37.8,card
2275,2024-05-07,Downtown,3,42,15,4.94,cash
2276,2024-05-07,Downtown,2,26,8,3.7,cash
2277,2024-05-07,Riverside,5,130,50,21.45,cash
2278,2024-05-07,Riverside,2,26,24,14.7,card
2279,2024-05-07,Riverside,3,66,33,13.22,card
2280,2024-05-07,Riverside,2,36,6,4.87,card
2281,2024-05-07,Airport,2,48,12,6.06,cash
2282,2024-05-07,Airport,3,69,21,12.89,card
2283,2024-05-07,Airport,2,30,8,2.7,cash
2284,2024-05-07,Mall,4,88,20,14.24,card
2285,2024-05-07,,1,23,11,4.33,card
2286,2024-05-07,Mall,4,88,12,16.63,card
2287,2024-05-07,Mall,6,174,54,29.15,card
2288,2024-05-07,Mall,1,16,6,1.72,cash
2289,2024-05-08,Downtown,3,36,30,8.61,card
2290,2024-05-08,Downtown,1,22,13,6.86,card
2291,2024-05-08,Downtown,6,126,24,23.5,card
2292,2024-05-08,Downtown,1,29,3,4.74,card
2293,2024-05-08,Downtown,6,174,42,31.78,card
2294,2024-05-08,Riverside,5,145,70,24.58,card
2295,2024-05-08,Riverside,1,28,8,11.93,card
2296,2024-05-08,Riverside,5,75,50,47.97,card
2297,2024-05-08,Riverside,6,174,18,16.06,cash
2298,2024-05-08,Riverside,5,130,35,28.18,card
2299,2024-05-08,Airport,3,57,24,11.73,card
2300,2024-05-08,Airport,1,13,4,2.03,card
2301,2024-05-08,Airport,6,120,42,18.43,card
2302,2024-05-08,Airport,5,135,20,8.54,cash
2303,2024-05-08,Airport,3,60,24,10,card
2304,2024-05-08,Airport,3,84,18,12.94,card
2305,2024-05-08,Mall,4,64,52,14.06,cash
2306,2024-05-08,Mall,6,174,78,24.65,cash
2307,2024-05-08,Mall,5,115,40,20.94,card
2308,2024-05-09,Downtown,3,42,12,8.37,card
2309,2024-05-09,Downtown,1,14,6,1.75,cash
2310,2024-05-09,Downtown,4,72,36,15.63,card
2311,2024-05-09,Downtown,2,40,14,5.24,cash
2312,2024-05-09,Downtown,2,26,14,4.72,cash
2313,2024-05-09,Riverside,6,102,18,19.47,card
2314,2024-05-09,Riverside,1,30,6,11.28,card
2315,2024-05-09,Riverside,5,70,40,7.25,cash
2316,2024-05-09,Airport,3,42,12,10.68,card
2317,2024-05-09,Airport,4,84,56,14.23,cash
2318,2024-05-09,Airport,4,88,52,13.07,cash
2319,2024-05-09,Mall,3,87,30,14.5,card
2320,2024-05-09,Mall,4,92,16,19.88,card
2321,2024-05-09,Mall,6,108,42,28.31,card
2322,2024-05-09,Mall,4,120,12,8.24,cash
2323,2024-05-10,Downtown,1,19,6,4.07,card
2324,2024-05-10,Downtown,1,23,7,3.84,cash
2325,2024-05-10,Downtown,2,58,8,3.69,cash
2326,2024-05-10,Downtown,4,60,24,10.11,card
2327,2024-05-10,Riverside,5,90,40,10.04,cash
2328,2024-05-10,Riverside,4,104,52,64.72,card
2329,2024-05-10,Riverside,3,72,36,40.35,card
2330,2024-05-10,Riverside,2,46,16,6.27,cash
2331,2024-05-10,Riverside,6,108,48,11.87,cash
2332,2024-05-10,Airport,6,180,84,44.08,card
2333,2024-05-10,Airport,3,63,39,17.7,card
2334,2024-05-10,Airport,2,38,12,8.12,card
2335,2024-05-10,Mall,2,50,10,11.91,card
2336,2024-05-10,Mall,1,29,5,2.82,cash
2337,2024-05-10,Mall,2,60,26,14.23,card
2338,2024-05-10,Mall,6,132,84,29.13,card
2339,2024-05-11,Downtown,4,60,36,18.88,card
2340,2024-05-11,Downtown,1,20,13,6.3,card
2341,2024-05-11,Downtown,4,76,12,9.96,cash
2342,2024-05-11,Downtown,6,180,78,48.26,card
2343,2024-05-11,Downtown,1,16,9,2.99,card
2344,2024-05-11,Downtown,6,144,42,10.74,cash
2345,2024-05-11,Riverside,5,115,15,9.68,cash
2346,2024-05-11,Riverside,4,92,32,44.81,card
2347,2024-05-11,Riverside,5,135,35,17.96,cash
2348,2024-05-11,Riverside,5,95,60,61.46,card
2349,2024-05-11,Riverside,5,135,30,17.07,card
2350,2024-05-11,Airport,6,78,18,18.89,card
2351,2024-05-11,Airport,5,125,50,26.18,card
2352,2024-05-11,Airport,6,126,72,37.15,card
2353,2024-05-11,Airport,2,24,22,5.46,card
2354,2024-05-11,Airport,5,60,70,10.08,cash
2355,2024-05-11,Airport,1,12,10,1.47,cash
2356,2024-05-11,Mall,4,68,16,4.3,cash
2357,2024-05-11,Mall,3,75,36,11.17,cash
2358,2024-05-11,Mall,4,76,52,22.82,card
2359,2024-05-11,Mall,2,26,20,9.03,card
2360,2024-05-11,Mall,2,42,18,10.78,card
2361,2024-05-12,Downtown,2,50,8,9.24,card
2362,2024-05-12,Downtown,4,56,24,4.98,cash
2363,2024-05-12,Downtown,1,16,4,2.37,card
2364,2024-05-12,Riverside,2,58,14,10.45,card
2365,2024-05-12,Riverside,3,39,21,4.67,cash
2366,2024-05-12,Riverside,5,115,20,17.84,card
2367,2024-05-12,Riverside,5,95,60,57.09,card
2368,2024-05-12,Riverside,6,78,18,10.21,cash
2369,2024-05-12,Riverside,3,45,18,20.99,card
2370,2024-05-12,Airport,3,54,33,11.98,card
2371,2024-05-12,Airport,2,60,18,10.84,card
2372,2024-05-12,Airport,4,80,48,17.1,card
2373,2024-05-12,Airport,6,150,30,20.53,card
2374,2024-05-12,Airport,1,29,4,5.47,card
2375,2024-05-12,Airport,3,81,21,13.26,card
2376,2024-05-12,Mall,6,78,30,15.74,card
2377,2024-05-12,Mall,1,27,14,4.54,card
2378,2024-05-12,Mall,5,85,55,18.96,card
2379,2024-05-12,Mall,3,36,9,6.08,card
2380,2024-05-13,Downtown,6,72,42,12.17,cash
2381,2024-05-13,Downtown,5,95,50,18.5,cash
2382,2024-05-13,Downtown,1,27,7,3.79,cash
2383,2024-05-13,Downtown,5,115,20,22.94,card
2384,2024-05-13,Riverside,2,32,18,5.44,card
2385,2024-05-13,Riverside,2,58,12,10.04,card
2386,2024-05-13,Riverside,1,29,6,9.92,card
2387,2024-05-13,Airport,6,114,30,27.1,card
2388,2024-05-13,Airport,3,72,18,17.9,card
2389,2024-05-13,Airport,3,42,15,8.75,card
2390,2024-05-13,Airport,3,87,24,12.28,cash
2391,2024-05-13,Airport,3,72,9,12.75,card
2392,2024-05-13,Airport,4,60,40,19.39,card
2393,2024-05-13,Mall,2,38,12,8.95,card
2394,2024-05-13,Mall,6,78,48,19.75,card
2395,2024-05-13,Mall,4,56,40,12.25,card
2396,2024-05-14,Downtown,3,90,30,7.3,cash
2397,2024-05-14,Downtown,4,60,16,9.69,cash
2398,2024-05-14,Downtown,4,108,12,16.46,card
2399,2024-05-14,Riverside,3,66,21,17.38,card
2400,2024-05-14,Riverside,3,57,30,31.17,card
2401,2024-05-14,Riverside,1,15,3,1.56,cash
2402,2024-05-14,Riverside,4,80,40,7.66,cash
2403,2024-05-14,Riverside,1,13,9,7.64,card
2404,2024-05-14,Riverside,1,14,13,3.41,cash
2405,2024-05-14,Airport,1,21,4,3.7,card
2406,2024-05-14,Airport,6,84,18,11.71,card
2407,2024-05-14,Airport,4,112,24,7.54,cash
2408,2024-05-14,Mall,4,84,36,19.53,card
2409,2024-05-14,Mall,5,90,60,15.87,cash
2410,2024-05-14,Mall,5,120,25,25.61,card
2411,2024-05-14,Mall,4,80,40,15.02,card
2412,2024-05-15,Downtown,2,28,16,5.29,card
2413,2024-05-15,Downtown,3,60,27,5.53,cash
2414,2024-05-15,Downtown,3,39,15,6.08,cash
2415,2024-05-15,Riverside,4,76,16,9.24,cash
2416,2024-05-15,Riverside,1,14,14,3.31,cash
2417,2024-05-15,Riverside,5,80,30,20.62,card
2418,2024-05-15,Riverside,6,90,18,7.8,cash
2419,2024-05-15,Riverside,5,60,60,48.2,card
2420,2024-05-15,Riverside,5,135,35,12.36,cash
2421,2024-05-15,Airport,2,34,8,4.75,cash
2422,2024-05-15,Airport,6,156,42,37.5,card
2423,2024-05-15,Airport,3,51,42,11.46,card
2424,2024-05-15,Airport,4,108,28,17.51,cash
2425,2024-05-15,Airport,5,100,65,27.56,card
2426,2024-05-15,Mall,2,24,22,5.62,cash
2427,2024-05-15,Mall,2,42,22,6.6,cash
2428,2024-05-15,Mall,3,84,36,22.08,card
2429,2024-05-15,Mall,2,52,26,8.92,card
2430,2024-05-15,Mall,1,14,14,2.81,card
2431,2024-05-16,Downtown,1,27,4,1.68,cash
2432,2024-05-16,Downtown,6,156,18,17.79,card
2433,2024-05-16,Downtown,3,84,9,17.83,card
2434,2024-05-16,Riverside,2,44,22,5.09,cash
2435,2024-05-16,Riverside,3,90,21,13.95,cash
2436,2024-05-16,Riverside,4,88,52,17.09,cash
2437,2024-05-16,Riverside,1,24,9,2.88,cash
2438,2024-05-16,Riverside,1,29,12,14.78,card
2439,2024-05-16,Airport,4,108,56,14.9,cash
2440,2024-05-16,Airport,5,135,15,17.8,cash
2441,2024-05-16,Airport,6,132,36,19.37,card
2442,2024-05-16,Airport,2,42,12,10.36,card
2443,2024-05-16,Airport,6,126,42,29.2,card
2444,2024-05-16,Mall,4,120,36,30.43,card
2445,2024-05-16,Mall,4,52,20,13.94,card
2446,2024-05-16,Mall,2,38,26,7.35,cash
2447,2024-05-16,Mall,1,14,9,2.41,cash
2448,2024-05-17,Downtown,5,120,50,9.25,cash
2449,2024-05-17,,3,69,30,8.05,cash
2450,2024-05-17,Downtown,3,45,30,3.83,cash
2451,2024-05-17,Riverside,5,65,65,11.54,cash
2452,2024-05-17,Riverside,2,32,12,14.32,card
2453,2024-05-17,Riverside,6,138,78,12.69,cash
2454,2024-05-17,Riverside,6,78,24,10.29,card
2455,2024-05-17,Airport,5,90,55,27.12,card
2456,2024-05-17,Airport,3,81,30,13.28,cash
2457,2024-05-17,Airport,2,30,8,6.95,card
2458,2024-05-17,Airport,5,120,35,18.57,cash
2459,2024-05-17,Mall,4,96,24,9.85,cash
2460,2024-05-17,Mall,3,69,18,17.22,card
2461,2024-05-17,Mall,6,168,36,38.4,card
2462,2024-05-17,Mall,4,88,56,24.05,card
2463,2024-05-17,Mall,5,75,35,12.02,card
2464,2024-05-18,Downtown,5,70,20,13.76,card
2465,2024-05-18,Downtown,1,17,6,3.26,card
2466,2024-05-18,Downtown,3,87,39,22.26,card
2467,2024-05-18,Downtown,1,13,4,0.88,cash
2468,2024-05-18,Riverside,4,48,44,15.46,card
2469,2024-05-18,Riverside,5,145,35,19.44,card
2470,2024-05-18,Riverside,2,52,12,8.87,card
2471,2024-05-18,Airport,5,125,50,32.43,card
2472,2024-05-18,Airport,2,38,10,5.57,card
2473,2024-05-18,Airport,4,64,12,6.89,cash
2474,2024-05-18,Airport,4,72,16,5.55,cash
2475,2024-05-18,Airport,4,52,20,11.92,card
2476,2024-05-18,Mall,3,72,27,18.69,card
2477,2024-05-18,Mall,2,46,22,13.29,card
2478,2024-05-18,Mall,3,48,27,13.02,card
2479,2024-05-18,Mall,2,26,12,6.41,card
2480,2024-05-18,Mall,6,132,48,23.66,card
2481,2024-05-18,Mall,1,18,11,5.25,card
2482,2024-05-19,Downtown,3,66,33,15.91,card
2483,2024-05-19,Downtown,5,130,65,26.45,card
2484,2024-05-19,Downtown,1,20,3,2.54,cash
2485,2024-05-19,Downtown,3,66,30,12.03,card
2486,2024-05-19,Downtown,4,52,12,11.86,card
2487,2024-05-19,Downtown,6,84,84,14.1,cash
2488,2024-05-19,Riverside,1,28,3,1.82,cash
2489,2024-05-19,Riverside,3,45,15,6.75,cash
2490,2024-05-19,Riverside,5,135,50,78.79,card
2491,2024-05-19,Riverside,4,100,44,16.38,card
2492,2024-05-19,Airport,2,48,10,9.96,card
2493,2024-05-19,Airport,1,12,12,2.7,cash
2494,2024-05-19,Airport,5,90,15,11.42,cash
2495,2024-05-19,Mall,1,23,11,3.66,card
2496,2024-05-19,Mall,2,26,8,6.2,card
2497,2024-05-19,Mall,6,108,66,31.44,card
2498,2024-05-19,Mall,4,120,28,11.04,cash
2499,2024-05-20,Downtown,5,80,45,11.34,cash
2500,2024-05-20,Downtown,1,18,5,4.45,card
2501,2024-05-20,Downtown,5,145,50,31.47,card
2502,2024-05-20,Downtown,5,90,15,13.19,card
2503,2024-05-20,Riverside,4,108,20,22.7,card
2504,2024-05-20,Riverside,1,27,12,3.4,cash
2505,2024-05-20,Riverside,4,52,16,10.07,card
2506,2024-05-20,Riverside,6,156,36,66.09,card
2507,2024-05-20,,5,65,60,12.53,card
2508,2024-05-20,Airport,5,105,40,22.3,card
2509,2024-05-20,Airport,4,100,28,23.03,card
2510,2024-05-20,Airport,5,85,50,22.74,card
2511,2024-05-20,Airport,6,126,24,10.81,cash
2512,2024-05-20,Airport,2,46,24,6.31,cash
2513,2024-05-20,Mall,3,78,39,14.79,cash
2514,2024-05-20,Mall,5,105,45,26.49,card
2515,2024-05-20,Mall,2,58,26,8.59,card
2516,2024-05-20,Mall,2,44,20,7.39,cash
2517,2024-05-20,Mall,2,56,18,5.88,cash
2518,2024-05-20,Mall,5,95,40,25.1,card
2519,2024-05-21,Downtown,5,85,45,15.1,cash
2520,2024-05-21,Downtown,2,48,28,7.72,cash
2521,2024-05-21,Downtown,4,76,48,13.54,cash
2522,2024-05-21,Riverside,2,24,10,2.12,cash
2523,2024-05-21,Riverside,4,80,16,13.8,card
2524,2024-05-21,Riverside,4,80,28,44.56,card
2525,2024-05-21,Riverside,3,57,18,26.85,card
2526,2024-05-21,Airport,4,84,16,11.19,cash
2527,2024-05-21,Airport,6,90,78,11.01,cash
2528,2024-05-21,Airport,5,90,40,16.41,card
2529,2024-05-21,Mall,4,48,48,13.25,card
2530,2024-05-21,Mall,6,96,60,28.22,card
2531,2024-05-21,Mall,5,100,30,23.64,card
2532,2024-05-21,Mall,6,114,42,28.07,card
2533,2024-05-21,Mall,5,125,45,20.93,card
2534,2024-05-22,Downtown,1,27,5,3.37,cash
2535,2024-05-22,Downtown,3,75,18,10.07,cash
2536,2024-05-22,Downtown,1,22,8,4.21,card
2537,2024-05-22,Downtown,6,78,30,5.51,cash
2538,2024-05-22,Downtown,1,19,9,4.18,card
2539,2024-05-22,Downtown,4,96,20,13.96,card
2540,2024-05-22,Riverside,5,60,65,7.98,cash
2541,2024-05-22,Riverside,5,100,15,13.53,card
2542,2024-05-22,Riverside,6,138,36,49.06,card
2543,2024-05-22,Airport,5,100,40,25.06,card
2544,2024-05-22,Airport,5,135,65,36.87,card
2545,2024-05-22,,3,69,27,7.32,cash
2546,2024-05-22,Mall,3,51,18,13.05,card
2547,2024-05-22,Mall,1,18,12,4.35,card
2548,2024-05-22,Mall,3,87,42,13.11,card
2549,2024-05-22,Mall,1,15,11,3.7,card
2550,2024-05-22,Mall,6,180,30,25.25,card
2551,2024-05-22,Mall,1,29,13,7.14,card
2552,2024-05-23,Downtown,3,78,24,17.84,card
2553,2024-05-23,Downtown,3,90,30,15.37,card
2554,2024-05-23,Downtown,3,90,39,21.74,card
2555,2024-05-23,Downtown,6,168,30,23.95,card
2556,2024-05-23,Riverside,4,52,52,18.68,card
2557,2024-05-23,Riverside,2,26,24,7.51,card
2558,2024-05-23,Riverside,4,48,56,18.28,card
2559,2024-05-23,Riverside,2,58,26,34.93,card
2560,2024-05-23,Riverside,2,36,18,18.52,card
2561,2024-05-23,Riverside,3,72,18,12.1,card
2562,2024-05-23,Airport,3,57,18,7.56,cash
2563,2024-05-23,Airport,5,140,70,24.35,card
2564,2024-05-23,Airport,4,68,16,9.62,card
2565,2024-05-23,Airport,6,162,36,29.89,card
2566,2024-05-23,Airport,1,17,6,3.31,card
2567,2024-05-23,Airport,1,13,13,2.02,cash
2568,2024-05-23,Mall,3,36,18,8.33,card
2569,2024-05-23,,2,58,16,7.49,card
2570,2024-05-23,Mall,4,60,16,5.34,cash
2571,2024-05-24,Downtown,2,44,22,8.15,cash
2572,2024-05-24,Downtown,3,87,39,15.25,cash
2573,2024-05-24,Downtown,2,38,14,5.71,cash
2574,2024-05-24,Downtown,3,54,39,11.26,cash
2575,2024-05-24,Downtown,6,120,84,31.58,card
2576,2024-05-24,Riverside,2,56,6,4.88,cash
2577,2024-05-24,Riverside,4,84,28,44.64,card
2578,2024-05-24,Riverside,1,20,5,3.83,card
2579,2024-05-24,Riverside,4,64,36,15.41,card
2580,2024-05-24,Riverside,6,108,78,11.02,cash
2581,2024-05-24,Airport,3,78,18,9.87,cash
2582,2024-05-24,Airport,4,104,56,19.97,card
2583,2024-05-24,Airport,2,34,6,4.74,card
2584,2024-05-24,Airport,1,20,7,-7.54,cash
2585,2024-05-24,Mall,6,144,42,19.97,cash
2586,2024-05-24,Mall,4,88,36,10.48,cash
2587,2024-05-24,Mall,5,110,15,14.78,cash
2588,2024-05-25,Downtown,4,48,16,10.71,card
2589,2024-05-25,Downtown,5,130,25,17.37,cash
2590,2024-05-25,Downtown,6,96,48,28.67,card
2591,2024-05-25,Downtown,5,65,45,13.27,cash
2592,2024-05-25,Downtown,5,135,55,14.64,cash
2593,2024-05-25,Downtown,4,88,52,12.44,cash
2594,2024-05-25,Riverside,1,19,4,2.95,cash
2595,2024-05-25,Riverside,3,39,9,8.1,card
2596,2024-05-25,Riverside,6,108,66,23.75,card
2597,2024-05-25,Riverside,3,57,33,29.97,card
2598,2024-05-25,Riverside,1,21,5,8.73,card
2599,2024-05-25,Riverside,2,24,8,3.08,cash
2600,2024-05-25,Airport,4,108,28,16.29,card
2601,2024-05-25,Airport,6,174,54,27.83,cash
2602,2024-05-25,Airport,3,57,9,6.77,card
2603,2024-05-25,Airport,2,26,6,4.95,card
2604,2024-05-25,Airport,4,96,16,12.58,card
2605,2024-05-25,Mall,1,20,3,3.5,card
2606,2024-05-25,Mall,2,48,28,5.91,cash
2607,2024-05-25,Mall,2,58,14,8.47,card
2608,2024-05-25,Mall,5,105,30,26.71,card
2609,2024-05-25,Mall,4,68,56,23.75,card
2610,2024-05-26,Downtown,3,51,39,10.4,card
2611,2024-05-26,Downtown,6,84,24,12.98,card
2612,2024-05-26,Downtown,1,27,6,4.46,card
2613,2024-05-26,Riverside,4,48,16,18.3,card
2614,2024-05-26,Riverside,3,84,27,18.51,card
2615,2024-05-26,Riverside,4,88,32,15.56,card
2616,2024-05-26,Riverside,3,60,36,29.2,card
2617,2024-05-26,Riverside,6,156,78,29.77,cash
2618,2024-05-26,Riverside,1,15,5,2.49,card
2619,2024-05-26,Airport,6,150,66,21.91,card
2620,2024-05-26,Airport,1,19,5,4.63,card
2621,2024-05-26,Airport,4,96,20,16.66,card
2622,2024-05-26,Mall,5,120,65,32.49,card
2623,2024-05-26,Mall,4,108,32,19.72,card
2624,2024-05-26,Mall,4,60,16,9.37,card
2625,2024-05-27,Downtown,5,75,65,20.05,card
2626,2024-05-27,Downtown,1,13,12,3.73,card
2627,2024-05-27,Downtown,4,92,16,12.09,card
2628,2024-05-27,Downtown,1,24,3,4.87,card
2629,2024-05-27,Riverside,1,24,8,2.75,cash
2630,2024-05-27,Riverside,6,120,18,17.86,cash
2631,2024-05-27,Riverside,1,26,12,12.75,card
2632,2024-05-27,Riverside,2,28,26,8.96,card
2633,2024-05-27,Riverside,2,32,20,20.26,card
2634,2024-05-27,Airport,4,84,20,15.03,card
2635,2024-05-27,Airport,6,78,24,8.33,cash
2636,2024-05-27,Airport,4,60,56,10.92,cash
2637,2024-05-27,Mall,4,76,56,9.01,cash
2638,2024-05-27,Mall,2,36,22,11.57,card
2639,2024-05-27,Mall,5,105,20,8.45,cash
2640,2024-05-27,Mall,5,80,60,25.25,card
2641,2024-05-27,Mall,1,30,12,5,card
2642,2024-05-28,Downtown,6,126,48,24.4,card
2643,2024-05-28,Downtown,3,69,36,10.06,cash
2644,2024-05-28,,5,115,20,24.87,card
2645,2024-05-28,Downtown,4,76,28,15.72,card
2646,2024-05-28,Downtown,2,60,8,11.75,card
2647,2024-05-28,Riverside,3,45,24,21.15,card
2648,2024-05-28,Riverside,5,125,30,18.3,card
2649,2024-05-28,Riverside,6,72,66,7.07,cash
2650,2024-05-28,Riverside,3,39,24,11.45,card
2651,2024-05-28,Airport,5,145,60,14.71,cash
2652,2024-05-28,Airport,2,58,22,13.06,card
2653,2024-05-28,Airport,3,81,27,19.91,card
2654,2024-05-28,Mall,5,125,65,22.61,card
2655,2024-05-28,Mall,5,110,50,26.19,card
2656,2024-05-28,Mall,6,102,36,11.28,cash
2657,2024-05-28,Mall,4,96,40,20.78,card
2658,2024-05-29,Downtown,2,46,26,3.99,cash
2659,2024-05-29,Downtown,5,115,70,28.9,card
2660,2024-05-29,Downtown,1,20,6,2.92,cash
2661,2024-05-29,Riverside,3,45,18,3.83,cash
2662,2024-05-29,Riverside,1,13,5,5.97,card
2663,2024-05-29,Riverside,2,50,24,9.51,cash
2664,2024-05-29,Riverside,6,162,84,80.05,card
2665,2024-05-29,Riverside,6,174,18,35.84,card
2666,2024-05-29,Riverside,1,27,5,2.59,cash
2667,2024-05-29,Airport,4,76,16,16.55,card
2668,2024-05-29,Airport,1,29,4,6.02,card
2669,2024-05-29,Airport,5,125,30,16.96,card
2670,2024-05-29,Airport,5,90,35,23.92,card
2671,2024-05-29,Mall,4,112,40,18.22,card
2672,2024-05-29,Mall,4,100,20,16.79,card
2673,2024-05-29,Mall,4,100,36,25.23,card
2674,2024-05-29,Mall,2,24,22,3.37,cash
2675,2024-05-29,Mall,3,60,39,13.3,card
2676,2024-05-29,Mall,4,88,28,12.03,card
2677,2024-05-30,Downtown,4,104,52,21.57,card
2678,2024-05-30,Downtown,6,120,84,23.38,card
2679,2024-05-30,Downtown,3,69,42,11.45,card
2680,2024-05-30,Downtown,4,72,52,13.67,card
2681,2024-05-30,Downtown,4,108,40,28.41,card
2682,2024-05-30,Downtown,4,92,12,7.92,cash
2683,2024-05-30,Riverside,5,70,65,47.1,card
2684,2024-05-30,Riverside,1,20,12,3.28,cash
2685,2024-05-30,Riverside,6,168,78,99.38,card
2686,2024-05-30,Riverside,2,26,12,4.47,cash
2687,2024-05-30,Airport,1,17,11,4.25,card
2688,2024-05-30,Airport,3,54,12,5.65,cash
2689,2024-05-30,Airport,6,102,30,16.62,card
2690,2024-05-30,Airport,4,84,32,21.92,card
2691,2024-05-30,Airport,1,29,8,4,card
2692,2024-05-30,Mall,6,84,84,17.59,card
2693,2024-05-30,Mall,5,105,40,10.28,cash
2694,2024-05-30,Mall,6,180,30,14.52,cash
2695,2024-05-30,Mall,2,42,12,6.03,cash
2696,2024-05-30,Mall,6,90,54,16.7,card
2697,2024-05-30,Mall,3,54,9,6.73,cash
2698,2024-05-31,,2,24,20,3.97,cash
2699,2024-05-31,Downtown,4,52,12,11.36,card
2700,2024-05-31,Downtown,2,24,20,4.25,cash
2701,2024-05-31,Riverside,4,68,12,4.74,cash
2702,2024-05-31,Riverside,6,180,24,22.1,card
2703,2024-05-31,Riverside,3,60,30,11.09,card
2704,2024-05-31,Riverside,2,48,8,10.68,card
2705,2024-05-31,Riverside,3,75,15,10.95,cash
2706,2024-05-31,Airport,5,150,70,22.84,cash
2707,2024-05-31,Airport,6,168,78,28.09,cash
2708,2024-05-31,Airport,5,110,55,30.81,card
2709,2024-05-31,Airport,1,25,10,4.83,card
2710,2024-05-31,Mall,6,108,24,20.1,card
2711,2024-05-31,Mall,1,17,5,2.41,cash
2712,2024-05-31,Mall,5,135,35,23.1,card
2713,2024-05-31,Mall,5,120,40,25.36,card
2714,2024-05-31,Mall,1,21,7,5.45,card
2715,2024-05-31,Mall,5,100,35,16.92,card
2716,2024-06-01,Downtown,1,20,7,4.64,card
2717,2024-06-01,Downtown,1,25,7,3.51,card
2718,2024-06-01,Downtown,3,54,24,12.03,card
2719,2024-06-01,Downtown,5,150,30,29.12,card
2720,2024-06-01,Downtown,4,68,52,16.75,card
2721,2024-06-01,Riverside,5,100,60,14.71,cash
2722,2024-06-01,Riverside,2,58,12,4.55,cash
2723,2024-06-01,Riverside,3,78,15,7.5,cash
2724,2024-06-01,Riverside,1,18,6,4.1,card
2725,2024-06-01,Riverside,1,12,13,3.21,cash
2726,2024-06-01,Airport,3,75,30,8.52,cash
2727,2024-06-01,Airport,6,72,18,12.57,card
2728,2024-06-01,Airport,3,69,9,9.05,card
2729,2024-06-01,Airport,3,78,39,15.23,card
2730,2024-06-01,Airport,1,27,9,4.54,cash
2731,2024-06-01,Airport,1,30,4,5.62,card
2732,2024-06-01,Mall,1,17,9,5.12,card
2733,2024-06-01,Mall,5,100,25,9.88,cash
2734,2024-06-01,Mall,2,26,6,4.24,card
2735,2024-06-01,Mall,3,60,36,13.78,card
2736,2024-06-01,Mall,2,28,12,5.63,card
2737,2024-06-01,Mall,6,114,72,17.92,cash
2738,2024-06-02,Downtown,3,81,12,10.68,cash
2739,2024-06-02,Downtown,4,80,40,13.18,card
2740,2024-06-02,Downtown,3,72,18,15.23,card
2741,2024-06-02,Downtown,2,30,20,8.86,card
2742,2024-06-02,Riverside,3,69,9,11.57,card
2743,2024-06-02,Riverside,3,84,21,8.86,cash
2744,2024-06-02,Riverside,5,115,70,19.58,card
2745,2024-06-02,Riverside,3,78,36,17.98,card
2746,2024-06-02,Airport,2,38,26,4.57,cash
2747,2024-06-02,Airport,4,116,48,19.72,card
2748,2024-06-02,Airport,1,29,5,6.58,card
2749,2024-06-02,Airport,6,102,60,17.8,card
2750,2024-06-02,Mall,1,15,12,2.64,cash
2751,2024-06-02,Mall,6,120,24,19.57,card
2752,2024-06-02,Mall,2,50,6,6.54,card
2753,2024-06-03,Downtown,3,87,24,12.87,cash
2754,2024-06-03,Downtown,2,36,16,6.06,card
2755,2024-06-03,Downtown,4,116,36,16.26,card
2756,2024-06-03,Downtown,5,130,70,19.48,cash
2757,2024-06-03,Downtown,4,116,56,19.18,card
2758,2024-06-03,Downtown,6,120,72,26.54,card
2759,2024-06-03,Riverside,3,60,36,39.77,card
2760,2024-06-03,Riverside,2,46,8,5.7,cash
2761,2024-06-03,Riverside,5,135,70,33.44,card
2762,2024-06-03,Riverside,5,85,60,53.98,card
2763,2024-06-03,Riverside,5,130,15,18.6,card
2764,2024-06-03,Riverside,6,168,24,21.11,cash
2765,2024-06-03,Airport,3,66,12,8.66,card
2766,2024-06-03,Airport,6,114,18,24.49,card
2767,2024-06-03,Airport,5,125,45,19.22,card
2768,2024-06-03,Airport,3,81,33,11.4,card
2769,2024-06-03,Airport,4,108,56,28.84,card
2770,2024-06-03,Mall,4,112,56,17.37,card
2771,2024-06-03,Mall,2,40,24,9.57,card
2772,2024-06-03,Mall,1,30,3,3.47,cash
2773,2024-06-04,Downtown,3,54,21,8.01,card
2774,2024-06-04,Downtown,1,28,12,5.42,card
2775,2024-06-04,Downtown,5,125,15,16.12,card
2776,2024-06-04,Downtown,3,48,24,12.55,card
2777,2024-06-04,Downtown,6,156,24,13.07,cash
2778,2024-06-04,Downtown,6,102,84,28.45,card
2779,2024-06-04,Riverside,5,140,15,60.08,card
2780,2024-06-04,Riverside,6,96,36,16.74,card
2781,2024-06-04,Riverside,2,46,12,21.09,card
2782,2024-06-04,Airport,6,150,36,19.67,cash
2783,2024-06-04,Airport,4,116,28,16.82,card
2784,2024-06-04,Airport,5,60,20,4.89,cash
2785,2024-06-04,Airport,1,14,11,3.31,card
2786,2024-06-04,Airport,5,95,60,16.49,card
2787,2024-06-04,Airport,1,24,5,2.74,cash
2788,2024-06-04,Mall,1,13,12,3.47,card
2789,2024-06-04,Mall,2,46,6,7.41,card
2790,2024-06-04,Mall,6,144,30,32.36,card
2791,2024-06-05,Downtown,6,168,42,23.03,card
2792,2024-06-05,Downtown,4,108,44,17.93,card
2793,2024-06-05,Downtown,5,135,40,21.09,card
2794,2024-06-05,Downtown,5,125,55,34.34,card
2795,2024-06-05,Downtown,5,120,55,22.57,cash
2796,2024-06-05,,1,23,7,5.9,card
2797,2024-06-05,Riverside,3,39,24,4.83,cash
2798,2024-06-05,Riverside,4,96,40,15.01,cash
2799,2024-06-05,Riverside,3,36,39,9.74,card
2800,2024-06-05,Airport,4,60,56,22.29,card
2801,2024-06-05,Airport,5,130,45,29.95,card
2802,2024-06-05,Airport,6,96,18,19.82,card
2803,2024-06-05,Mall,4,52,56,14.17,card
2804,2024-06-05,Mall,1,23,4,3.47,card
2805,2024-06-05,Mall,6,108,84,23.04,card
2806,2024-06-05,Mall,3,78,21,19.1,card
2807,2024-06-05,Mall,5,70,50,22.21,card
2808,2024-06-06,Downtown,1,20,13,3.8,cash
2809,2024-06-06,Downtown,5,100,55,8.27,cash
2810,2024-06-06,Downtown,3,63,12,9.29,card
2811,2024-06-06,Riverside,4,68,48,14.54,card
2812,2024-06-06,Riverside,2,26,18,7.71,card
2813,2024-06-06,Riverside,2,56,16,14.22,card
2814,2024-06-06,Riverside,3,48,27,14.41,card
2815,2024-06-06,Airport,4,104,36,11.38,cash
2816,2024-06-06,Airport,3,63,15,14.98,card
2817,2024-06-06,Airport,2,32,14,5.34,cash
2818,2024-06-06,Airport,6,150,30,31.54,card
2819,2024-06-06,Airport,3,84,24,9.52,cash
2820,2024-06-06,Mall,3,90,15,10.3,cash
2821,2024-06-06,Mall,6,126,24,28.42,card
2822,2024-06-06,Mall,6,78,78,25.66,card
2823,2024-06-06,Mall,1,12,3,1.59,card
2824,2024-06-06,Mall,1,12,10,2.23,card
2825,2024-06-07,Downtown,1,23,7,2.69,cash
2826,2024-06-07,Downtown,3,54,33,12.13,card
2827,2024-06-07,Downtown,2,60,20,7.22,cash
2828,2024-06-07,Riverside,2,36,26,25.77,card
2829,2024-06-07,Riverside,4,96,40,22.98,card
2830,2024-06-07,Riverside,2,26,16,4.65,card
2831,2024-06-07,Airport,6,138,60,23.11,card
2832,2024-06-07,Airport,4,84,16,13.49,card
2833,2024-06-07,Airport,3,57,21,13.49,card
2834,2024-06-07,Mall,1,19,13,6.38,card
2835,2024-06-07,Mall,3,78,15,6.04,cash
2836,2024-06-07,Mall,4,64,16,8.34,cash
2837,2024-06-07,Mall,1,29,12,3.07,cash
2838,2024-06-08,Downtown,3,54,42,12.05,card
2839,2024-06-08,Downtown,6,84,42,8.65,cash
2840,2024-06-08,Downtown,3,81,9,11.11,card
2841,2024-06-08,Downtown,3,78,9,10.15,cash
2842,2024-06-08,Downtown,5,140,65,39.04,card
2843,2024-06-08,Riverside,1,18,7,8.96,card
2844,2024-06-08,Riverside,5,65,65,17.27,card
2845,2024-06-08,Riverside,1,22,14,10.75,card
2846,2024-06-08,Riverside,4,104,16,35.69,card
2847,2024-06-08,Riverside,3,60,30,16.09,card
2848,2024-06-08,Riverside,4,76,24,9.23,cash
2849,2024-06-08,Airport,4,120,28,15.46,cash
2850,2024-06-08,Airport,2,52,24,13.37,card
2851,2024-06-08,Airport,5,60,25,12.64,card
2852,2024-06-08,Mall,1,27,4,3.93,card
2853,2024-06-08,Mall,3,84,42,7.59,cash
2854,2024-06-08,Mall,5,75,25,5.98,cash
2855,2024-06-08,Mall,6,114,36,18.28,cash
2856,2024-06-08,Mall,5,85,30,6.3,cash
2857,2024-06-08,Mall,5,135,35,15.94,cash
2858,2024-06-09,Downtown,6,180,36,16.69,cash
2859,2024-06-09,Downtown,3,78,33,16.5,card
2860,2024-06-09,Downtown,3,57,36,15.18,card
2861,2024-06-09,Riverside,1,30,8,12.5,card
2862,2024-06-09,Riverside,3,72,12,33.47,card
2863,2024-06-09,Riverside,4,80,44,18.2,card
2864,2024-06-09,Riverside,5,70,35,11.61,cash
2865,2024-06-09,Riverside,4,120,12,37.04,card
2866,2024-06-09,Airport,6,144,72,22.21,cash
2867,2024-06-09,Airport,5,70,65,15.96,cash
2868,2024-06-09,Airport,6,96,54,15.62,card
2869,2024-06-09,Airport,6,138,36,16.01,cash
2870,2024-06-09,Airport,5,90,20,16.59,card
2871,2024-06-09,Airport,5,95,15,11.83,card
2872,2024-06-09,Mall,4,100,56,26.65,card
2873,2024-06-09,Mall,4,100,40,8.82,cash
2874,2024-06-09,Mall,5,130,15,20.29,card
2875,2024-06-10,Downtown,3,39,18,10.67,card
2876,2024-06-10,Downtown,3,63,18,9.17,card
2877,2024-06-10,Downtown,2,46,12,4.36,cash
2878,2024-06-10,Downtown,3,48,30,6.24,cash
2879,2024-06-10,Downtown,6,144,78,13.49,cash
2880,2024-06-10,Riverside,1,16,8,4.36,card
2881,2024-06-10,Riverside,2,44,26,9.25,card
2882,2024-06-10,Riverside,2,28,22,18.63,card
2883,2024-06-10,Riverside,2,28,12,11.41,card
2884,2024-06-10,Airport,4,92,12,15.92,card
2885,2024-06-10,Airport,1,20,9,5.31,card
2886,2024-06-10,Airport,1,27,5,6.09,card
2887,2024-06-10,Airport,2,52,14,8.64,card
2888,2024-06-10,Airport,6,114,24,15.52,card
2889,2024-06-10,Mall,4,108,56,8.83,cash
2890,2024-06-10,Mall,2,50,12,4.68,cash
2891,2024-06-10,Mall,2,52,22,14.3,card
2892,2024-06-10,Mall,2,28,6,4.23,cash
2893,2024-06-10,Mall,2,42,28,5.69,cash
2894,2024-06-10,Mall,5,150,45,25.75,card
2895,2024-06-11,Downtown,6,144,60,31.99,card
2896,2024-06-11,Downtown,4,76,52,19.51,card
2897,2024-06-11,Downtown,1,13,8,3.18,card
2898,2024-06-11,Downtown,4,112,16,21.53,card
2899,2024-06-11,Downtown,1,26,10,4.01,cash
2900,2024-06-11,Riverside,2,24,20,3.03,cash
2901,2024-06-11,Riverside,6,144,54,56.86,card
2902,2024-06-11,Riverside,6,180,54,70.15,card
2903,2024-06-11,Airport,6,78,36,16.18,card
2904,2024-06-11,Airport,4,56,32,11.18,card
2905,2024-06-11,Airport,2,48,18,7.8,cash
2906,2024-06-11,Airport,4,100,28,22.38,card
2907,2024-06-11,Mall,1,22,13,5.88,card
2908,2024-06-11,Mall,5,85,70,18.23,card
2909,2024-06-11,Mall,4,92,32,9.08,cash
2910,2024-06-11,Mall,6,174,42,25.07,card
2911,2024-06-12,Downtown,3,63,24,10.7,cash
2912,2024-06-12,Downtown,1,18,11,2.62,cash
2913,2024-06-12,Downtown,2,58,18,6.95,cash
2914,2024-06-12,Downtown,1,23,12,3.82,cash
2915,2024-06-12,Downtown,5,135,35,11.26,cash
2916,2024-06-12,Downtown,1,18,14,5.9,card
2917,2024-06-12,Riverside,1,16,9,2.4,cash
2918,2024-06-12,Riverside,2,56,14,26.71,card
2919,2024-06-12,Riverside,5,70,60,25.39,card
2920,2024-06-12,Airport,3,75,18,14.4,card
2921,2024-06-12,Airport,5,120,65,34.89,card
2922,2024-06-12,Airport,5,110,70,22.4,card
2923,2024-06-12,Airport,1,26,14,3.45,cash
2924,2024-06-12,Airport,3,81,36,10.27,cash
2925,2024-06-12,Mall,6,108,84,32.27,card
2926,2024-06-12,Mall,1,29,8,3.48,cash
2927,2024-06-12,Mall,5,70,70,17.35,cash
2928,2024-06-12,Mall,5,140,55,20.24,card
2929,2024-06-13,Downtown,1,17,9,3.05,cash
2930,2024-06-13,Downtown,1,29,3,4.51,card
2931,2024-06-13,Downtown,2,32,10,5.73,card
2932,2024-06-13,Downtown,1,23,7,3.1,cash
2933,2024-06-13,Downtown,3,90,42,24.83,card
2934,2024-06-13,Downtown,4,76,28,13.19,cash
2935,2024-06-13,Riverside,4,108,56,28.33,card
2936,2024-06-13,Riverside,5,90,65,50.98,card
2937,2024-06-13,Riverside,2,24,24,3.39,cash
2938,2024-06-13,Airport,4,80,12,11.13,cash
2939,2024-06-13,Airport,4,48,12,11.39,card
2940,2024-06-13,Airport,4,100,48,26.28,card
2941,2024-06-13,Airport,3,75,18,4.99,cash
2942,2024-06-13,Airport,1,20,11,4.31,card
2943,2024-06-13,Mall,3,72,30,8.4,cash
2944,2024-06-13,Mall,3,72,33,12.29,card
2945,2024-06-13,Mall,4,52,28,5.36,cash
2946,2024-06-14,Downtown,4,76,52,17.33,card
2947,2024-06-14,Downtown,6,156,36,26.87,card
2948,2024-06-14,Downtown,3,39,39,12.37,card
2949,2024-06-14,Downtown,3,90,30,12.38,cash
2950,2024-06-14,Downtown,2,46,10,7.32,card
2951,2024-06-14,Riverside,1,18,12,9.29,card
2952,2024-06-14,Riverside,4,48,40,10.54,card
2953,2024-06-14,Riverside,5,90,35,36.43,card
2954,2024-06-14,Riverside,2,40,18,5.31,cash
2955,2024-06-14,Riverside,5,110,65,15.22,cash
2956,2024-06-14,Riverside,3,42,27,20.53,card
2957,2024-06-14,Airport,1,30,12,3.16,cash
2958,2024-06-14,Airport,3,75,18,15.97,card
2959,2024-06-14,Airport,6,114,24,20.6,card
2960,2024-06-14,Mall,5,120,55,27.57,card
2961,2024-06-14,Mall,4,76,20,7.73,cash
2962,2024-06-14,Mall,5,140,55,32.43,card
2963,2024-06-15,,1,16,4,3.87,card
2964,2024-06-15,Downtown,1,30,12,7.17,card
2965,2024-06-15,Downtown,2,34,8,5.12,card
2966,2024-06-15,Riverside,6,96,54,25.92,card
2967,2024-06-15,Riverside,1,12,13,8.44,card
2968,2024-06-15,Riverside,5,135,40,19.83,card
2969,2024-06-15,Airport,2,54,18,12.94,card
2970,2024-06-15,Airport,1,18,6,2.68,cash
2971,2024-06-15,Airport,5,105,70,31.66,card
2972,2024-06-15,Mall,4,64,36,10.58,card
2973,2024-06-15,Mall,1,19,12,4.75,card
2974,2024-06-15,Mall,3,57,36,14.32,card
2975,2024-06-16,Downtown,3,69,15,4.65,cash
2976,2024-06-16,Downtown,2,48,8,8.97,card
2977,2024-06-16,Downtown,1,12,12,1.86,cash
2978,2024-06-16,,5,60,45,20.21,card
2979,2024-06-16,Riverside,6,126,18,57.44,card
2980,2024-06-16,Riverside,3,39,9,7.28,card
2981,2024-06-16,Riverside,2,46,20,13.1,card
2982,2024-06-16,Riverside,4,60,44,17.91,card
2983,2024-06-16,Airport,1,16,5,3.83,card
2984,2024-06-16,Airport,3,72,21,10.82,cash
2985,2024-06-16,Airport,6,72,72,24.29,card
2986,2024-06-16,Airport,1,14,6,2.46,card
2987,2024-06-16,Mall,5,60,25,15.61,card
2988,2024-06-16,Mall,5,65,50,11.1,cash
2989,2024-06-16,Mall,1,20,12,5.34,card
2990,2024-06-16,Mall,2,58,18,10.21,card
2991,2024-06-17,Downtown,3,48,27,8.95,cash
2992,2024-06-17,Downtown,4,52,40,13.3,card
2993,2024-06-17,Downtown,1,13,9,4.22,card
2994,2024-06-17,Downtown,4,52,12,9.6,card
2995,2024-06-17,Downtown,1,12,11,3.31,card
2996,2024-06-17,Riverside,5,135,50,32.75,card
2997,2024-06-17,Riverside,5,135,15,10.03,cash
2998,2024-06-17,Riverside,5,110,40,48.12,card
2999,2024-06-17,Riverside,2,60,26,15.86,card
3000,2024-06-17,Airport,4,84,16,7,cash
3001,2024-06-17,Airport,3,72,18,4.58,cash
3002,2024-06-17,Airport,2,24,18,3.91,cash
3003,2024-06-17,Mall,5,145,15,20.3,card
3004,2024-06-17,Mall,2,44,8,8.52,card
3005,2024-06-17,Mall,3,63,18,8.2,cash
3006,2024-06-17,Mall,2,42,10,7.32,card
3007,2024-06-17,Mall,5,100,30,25,card
3008,2024-06-17,Mall,1,15,14,1.67,cash
3009,2024-06-18,Downtown,2,38,22,7.97,card
3010,2024-06-18,Downtown,3,63,24,11.12,cash
3011,2024-06-18,Downtown,1,27,3,1.71,cash
3012,2024-06-18,Riverside,2,40,8,20.57,card
3013,2024-06-18,Riverside,6,150,24,61.36,card
3014,2024-06-18,Riverside,6,78,48,49.54,card
3015,2024-06-18,Riverside,1,27,10,5.43,card
3016,2024-06-18,Riverside,5,145,25,10.63,cash
3017,2024-06-18,Airport,3,81,27,13.17,card
3018,2024-06-18,Airport,1,24,4,4.22,card
3019,2024-06-18,Airport,5,80,25,11.43,card
3020,2024-06-18,Airport,6,144,60,40.41,card
3021,2024-06-18,Airport,1,22,7,5.23,card
3022,2024-06-18,Mall,2,32,24,5.67,card
3023,2024-06-18,Mall,5,95,55,11.46,cash
3024,2024-06-18,Mall,6,138,66,11.51,cash
3025,2024-06-18,Mall,5,95,50,21.64,card
3026,2024-06-18,Mall,3,75,15,11.89,card
3027,2024-06-19,Downtown,6,78,60,25.75,card
3028,2024-06-19,Downtown,1,14,9,3.64,card
3029,2024-06-19,Downtown,2,38,14,6.88,card
3030,2024-06-19,Downtown,1,16,14,3.66,cash
3031,2024-06-19,Downtown,2,48,24,7.93,card
3032,2024-06-19,Downtown,4,52,48,14.78,card
3033,2024-06-19,Riverside,1,19,9,2.53,cash
3034,2024-06-19,Riverside,2,58,10,6.71,cash
3035,2024-06-19,Riverside,1,29,7,11.87,card
3036,2024-06-19,Riverside,2,52,14,9.48,card
3037,2024-06-19,Airport,2,30,22,7.75,card
3038,2024-06-19,Airport,1,19,8,4.49,card
3039,2024-06-19,Airport,3,87,36,12.33,card
3040,2024-06-19,Airport,6,84,30,14.64,card
3041,2024-06-19,Airport,5,85,40,20.36,card
3042,2024-06-19,Airport,4,96,52,13.06,cash
3043,2024-06-19,Mall,3,75,30,7.83,cash
3044,2024-06-19,Mall,2,56,26,15.84,card
3045,2024-06-19,Mall,4,120,56,20.19,cash
3046,2024-06-19,,2,58,24,4.29,cash
3047,2024-06-19,Mall,3,39,24,12.09,card
3048,2024-06-19,Mall,5,95,55,12.44,cash
3049,2024-06-20,Downtown,2,46,8,6.27,card
3050,2024-06-20,Downtown,5,80,70,12.38,cash
3051,2024-06-20,Downtown,3,84,24,15.03,card
3052,2024-06-20,Downtown,1,22,8,2.04,cash
3053,2024-06-20,Downtown,3,75,36,18.57,card
3054,2024-06-20,Downtown,4,116,32,17.36,cash
3055,2024-06-20,Riverside,5,65,70,13.59,card
3056,2024-06-20,Riverside,1,15,9,7.83,card
3057,2024-06-20,Riverside,2,36,8,5.79,card
3058,2024-06-20,Riverside,4,92,52,19.44,card
3059,2024-06-20,Airport,2,40,8,8.32,card
3060,2024-06-20,Airport,5,130,50,18.99,cash
3061,2024-06-20,Airport,4,56,16,6.72,cash
3062,2024-06-20,Airport,5,120,20,26.82,card
3063,2024-06-20,Airport,2,42,22,10.42,card
3064,2024-06-20,Mall,1,29,3,4.2,card
3065,2024-06-20,Mall,6,114,36,11.1,cash
3066,2024-06-20,Mall,5,90,70,27.36,card
3067,2024-06-20,Mall,1,28,3,4.01,cash
3068,2024-06-20,Mall,3,60,39,18.41,card
3069,2024-06-21,Downtown,1,25,3,2.24,cash
3070,2024-06-21,Downtown,2,46,20,11.42,card
3071,2024-06-21,Downtown,1,15,9,3.68,card
3072,2024-06-21,Riverside,2,48,20,9.97,card
3073,2024-06-21,Riverside,6,108,36,8.98,cash
3074,2024-06-21,Riverside,3,45,18,6.29,cash
3075,2024-06-21,Airport,5,145,65,10.68,cash
3076,2024-06-21,Airport,3,72,18,17.88,card
3077,2024-06-21,Airport,1,28,9,6.49,card
3078,2024-06-21,Airport,6,168,60,24.68,card
3079,2024-06-21,Airport,3,84,21,15.99,card
3080,2024-06-21,Airport,6,84,18,16.4,card
3081,2024-06-21,Mall,1,17,10,5.04,card
3082,2024-06-21,Mall,1,25,14,6.13,card
3083,2024-06-21,Mall,5,110,15,-12.08,card
3084,2024-06-21,Mall,6,120,78,14.5,cash
3085,2024-06-21,Mall,1,20,9,3.19,card
3086,2024-06-21,Mall,6,90,84,9.39,cash
3087,2024-06-22,Downtown,2,44,28,10.6,card
3088,2024-06-22,Downtown,1,22,7,4.01,card
3089,2024-06-22,Downtown,2,36,18,8.17,card
3090,2024-06-22,Downtown,5,110,70,20.05,card
3091,2024-06-22,Riverside,3,57,12,6.82,cash
3092,2024-06-22,Riverside,5,60,15,3.96,cash
3093,2024-06-22,Riverside,1,28,8,4.51,cash
3094,2024-06-22,Airport,6,72,54,9.08,cash
3095,2024-06-22,Airport,3,36,36,11.72,card
3096,2024-06-22,Airport,2,58,16,7.49,card
3097,2024-06-22,Mall,2,36,26,9.37,card
3098,2024-06-22,Mall,5,85,30,14.11,card
3099,2024-06-22,Mall,6,120,30,12.59,cash
3100,2024-06-23,Downtown,4,48,36,6.13,cash
3101,2024-06-23,Downtown,5,115,50,24.76,card
3102,2024-06-23,Downtown,2,40,22,9.82,card
3103,2024-06-23,Downtown,5,135,55,24.64,card
3104,2024-06-23,Downtown,4,68,24,14.19,card
3105,2024-06-23,Downtown,3,57,39,17.45,card
3106,2024-06-23,Riverside,1,29,5,2.83,cash
3107,2024-06-23,Riverside,4,96,28,24.64,card
3108,2024-06-23,Riverside,3,78,39,13.49,card
3109,2024-06-23,Riverside,4,72,28,8.33,cash
3110,2024-06-23,Riverside,1,17,4,1.68,cash
3111,2024-06-23,Airport,1,14,3,2.28,card
3112,2024-06-23,Airport,5,85,35,18.09,card
3113,2024-06-23,Airport,6,72,72,20.86,card
3114,2024-06-23,Airport,3,42,30,13.39,card
3115,2024-06-23,Airport,6,114,24,17.45,card
3116,2024-06-23,Mall,6,180,72,38.3,card
3117,2024-06-23,Mall,2,46,22,4.28,cash
3118,2024-06-23,Mall,3,78,33,21.24,card
3119,2024-06-24,Downtown,3,48,36,13.41,card
3120,2024-06-24,Downtown,5,90,60,17.88,card
3121,2024-06-24,Downtown,5,90,60,15.05,card
3122,2024-06-24,Downtown,3,42,39,5.54,cash
3123,2024-06-24,Downtown,1,29,4,4.27,card
3124,2024-06-24,Downtown,1,17,5,2.22,card
3125,2024-06-24,Riverside,3,87,24,33.92,card
3126,2024-06-24,Riverside,4,104,32,25.73,card
3127,2024-06-24,Riverside,2,40,14,6.22,cash
3128,2024-06-24,Riverside,1,26,10,2.61,cash
3129,2024-06-24,Airport,1,16,9,1.62,cash
3130,2024-06-24,Airport,3,51,33,8.44,card
3131,2024-06-24,Airport,6,138,54,32.54,card
3132,2024-06-24,Airport,5,145,15,19.91,cash
3133,2024-06-24,Airport,6,102,54,29.4,card
3134,2024-06-24,Airport,5,80,40,20.3,card
3135,2024-06-24,Mall,4,92,32,22.01,card
3136,2024-06-24,,5,125,40,27.58,card
3137,2024-06-24,Mall,1,24,8,2.13,cash
3138,2024-06-24,Mall,5,125,55,16.95,cash
3139,2024-06-25,Downtown,2,40,28,5.11,cash
3140,2024-06-25,Downtown,3,39,30,8.19,card
3141,2024-06-25,Downtown,6,156,66,24.11,card
3142,2024-06-25,Downtown,3,60,36,13.65,card
3143,2024-06-25,Downtown,3,78,24,11.95,card
3144,2024-06-25,Riverside,1,19,12,3.29,card
3145,2024-06-25,Riverside,6,162,66,27.42,cash
3146,2024-06-25,Riverside,5,75,45,14.91,cash
3147,2024-06-25,Riverside,2,30,16,19.69,card
3148,2024-06-25,Riverside,2,56,22,9.08,cash
3149,2024-06-25,Riverside,2,58,24,10.17,cash
3150,2024-06-25,Airport,1,25,13,2.67,cash
3151,2024-06-25,Airport,3,39,33,7.43,cash
3152,2024-06-25,Airport,4,112,16,13.94,card
3153,2024-06-25,Airport,5,90,45,6.98,cash
3154,2024-06-25,Airport,1,20,3,2.32,card
3155,2024-06-25,Airport,6,168,60,13.64,cash
3156,2024-06-25,Mall,6,126,30,22.41,card
3157,2024-06-25,Mall,5,125,40,15.84,cash
3158,2024-06-25,Mall,3,66,21,10.17,card
3159,2024-06-25,Mall,5,80,20,10.93,cash
3160,2024-06-25,Mall,6,150,18,32.01,card
3161,2024-06-25,Mall,6,132,78,31.4,card
3162,2024-06-26,Downtown,3,45,42,14.97,card
3163,2024-06-26,Downtown,5,150,70,24.4,card
3164,2024-06-26,Downtown,1,17,6,4.29,card
3165,2024-06-26,Downtown,4,76,44,14.17,cash
3166,2024-06-26,Riverside,2,34,16,16.29,card
3167,2024-06-26,Riverside,6,138,42,19.22,cash
3168,2024-06-26,Riverside,3,36,27,19.72,card
3169,2024-06-26,Airport,4,52,24,11.38,card
3170,2024-06-26,Airport,4,60,48,14.37,card
3171,2024-06-26,Airport,5,135,60,36.36,card
3172,2024-06-26,Airport,2,46,12,5.99,card
3173,2024-06-26,Mall,2,60,18,11.95,card
3174,2024-06-26,Mall,3,48,9,9.55,card
3175,2024-06-26,Mall,2,52,28,7.59,cash
3176,2024-06-26,Mall,1,22,5,3.45,card
3177,2024-06-26,Mall,3,39,36,12.25,card
3178,2024-06-27,Downtown,6,90,36,8.15,cash
3179,2024-06-27,Downtown,1,23,14,6.67,card
3180,2024-06-27,Downtown,3,36,27,10.2,card
3181,2024-06-27,Downtown,4,64,12,14.55,card
3182,2024-06-27,Downtown,5,135,15,28.5,card
3183,2024-06-27,Riverside,3,69,15,11.05,card
3184,2024-06-27,Riverside,3,87,12,40.06,card
3185,2024-06-27,Riverside,2,44,14,4.87,cash
3186,2024-06-27,Airport,2,52,6,-1.79,card
3187,2024-06-27,Airport,3,87,27,15.58,card
3188,2024-06-27,Airport,5,145,40,29.38,card
3189,2024-06-27,Mall,6,84,54,26.66,card
3190,2024-06-27,Mall,5,70,30,19.01,card
3191,2024-06-27,Mall,6,90,48,22.11,card
3192,2024-06-27,Mall,4,52,40,12.14,card
3193,2024-06-27,Mall,1,20,6,2.32,cash
3194,2024-06-28,Downtown,2,40,14,5.22,cash
3195,2024-06-28,Downtown,3,78,9,13.4,card
3196,2024-06-28,Downtown,5,90,65,27.92,card
3197,2024-06-28,Downtown,1,17,13,3.76,card
3198,2024-06-28,Riverside,6,84,36,9.18,cash
3199,2024-06-28,Riverside,1,27,9,5.79,card
3200,2024-06-28,Riverside,3,36,39,14.69,card
3201,2024-06-28,Riverside,2,28,10,11.2,card
3202,2024-06-28,Airport,4,120,28,28.27,card
3203,2024-06-28,Airport,6,120,48,25,card
3204,2024-06-28,Airport,1,30,3,5.15,card
3205,2024-06-28,Airport,1,27,13,5.23,card
3206,2024-06-28,Mall,4,72,32,10.55,card
3207,2024-06-28,Mall,5,85,15,12.92,card
3208,2024-06-28,Mall,1,13,4,2.85,card
3209,2024-06-28,Mall,2,26,14,7.32,card
3210,2024-06-28,Mall,4,92,28,19.09,card
3211,2024-06-29,Downtown,6,174,60,43.66,card
3212,2024-06-29,Downtown,6,102,42,10.43,cash
3213,2024-06-29,Downtown,3,75,42,19.81,card
3214,2024-06-29,Downtown,2,46,12,5.4,cash
3215,2024-06-29,Downtown,6,90,84,18.2,card
3216,2024-06-29,Downtown,6,108,36,17.85,cash
3217,2024-06-29,Riverside,4,120,56,61.98,card
3218,2024-06-29,Riverside,1,27,4,5.53,card
3219,2024-06-29,Riverside,2,58,22,6.96,cash
3220,2024-06-29,Riverside,5,70,50,9.16,cash
3221,2024-06-29,Airport,3,42,12,10.62,card
3222,2024-06-29,Airport,2,54,24,11.72,card
3223,2024-06-29,Airport,6,84,42,21.21,card
3224,2024-06-29,Airport,1,25,12,6.51,card
3225,2024-06-29,Airport,6,120,36,21.93,card
3226,2024-06-29,Airport,1,17,3,2.71,card
3227,2024-06-29,Mall,1,13,14,1.67,cash
3228,2024-06-29,Mall,2,40,28,7.3,cash
3229,2024-06-29,Mall,6,114,84,32.55,card
3230,2024-06-29,Mall,6,132,66,12.94,cash
3231,2024-06-29,Mall,6,138,66,23.65,card
3232,2024-06-30,Downtown,3,36,30,7.91,cash
3233,2024-06-30,Downtown,2,44,6,5.65,card
3234,2024-06-30,Downtown,1,18,10,4.76,card
3235,2024-06-30,Downtown,3,42,39,15.94,card
3236,2024-06-30,Riverside,4,96,16,8.73,cash
3237,2024-06-30,Riverside,2,50,26,11.26,card
3238,2024-06-30,Riverside,4,76,32,18.42,card
3239,2024-06-30,Riverside,3,36,39,22.73,card
3240,2024-06-30,Riverside,5,90,55,22.82,card
3241,2024-06-30,Airport,6,138,66,24.8,cash
3242,2024-06-30,Airport,3,87,36,14.8,cash
3243,2024-06-30,Airport,5,145,20,24.19,card
3244,2024-06-30,Airport,2,44,16,11.07,card
3245,2024-06-30,Airport,6,150,48,25.93,card
3246,2024-06-30,Airport,4,68,36,5.41,cash
3247,2024-06-30,Mall,1,26,6,2.56,cash
3248,2024-06-30,Mall,1,21,12,4.6,card
3249,2024-06-30,Mall,5,65,45,14.03,card
3250,2024-06-30,Mall,2,54,18,9.1,card
3251,2024-06-30,Mall,6,144,78,27.24,card
3252,2024-07-01,Downtown,5,150,25,28.53,card
3253,2024-07-01,Downtown,3,72,21,17.41,card
3254,2024-07-01,Downtown,6,168,36,25.88,card
3255,2024-07-01,Downtown,6,162,78,40.63,card
3256,2024-07-01,Downtown,5,130,30,22.13,card
3257,2024-07-01,Riverside,2,40,28,8.51,card
3258,2024-07-01,Riverside,4,64,56,36.48,card
3259,2024-07-01,Riverside,3,42,33,9.02,card
3260,2024-07-01,Riverside,6,72,30,36.74,card
3261,2024-07-01,Riverside,1,16,5,2.27,card
3262,2024-07-01,Riverside,2,30,18,19.44,card
3263,2024-07-01,Airport,3,84,39,15.82,cash
3264,2024-07-01,Airport,3,60,36,12.98,card
3265,2024-07-01,Airport,3,36,33,7.63,card
3266,2024-07-01,Airport,3,51,9,10.15,card
3267,2024-07-01,Airport,1,24,4,4.42,card
3268,2024-07-01,Airport,5,100,40,19.31,card
3269,2024-07-01,Mall,3,87,21,6.93,cash
3270,2024-07-01,Mall,5,125,15,17.36,cash
3271,2024-07-01,Mall,5,100,50,17.27,card
3272,2024-07-01,Mall,5,65,70,9.41,cash
3273,2024-07-02,Downtown,2,56,12,5.78,cash
3274,2024-07-02,Downtown,1,26,4,5.74,card
3275,2024-07-02,Downtown,4,96,16,21.44,card
3276,2024-07-02,Downtown,5,150,60,33.65,card
3277,2024-07-02,Downtown,4,100,36,15.73,cash
3278,2024-07-02,Downtown,4,72,44,20.12,card
3279,2024-07-02,Riverside,2,58,12,26.12,card
3280,2024-07-02,Riverside,5,75,35,8.89,cash
3281,2024-07-02,Riverside,4,84,16,17.19,card
3282,2024-07-02,Riverside,6,72,54,54.17,card
3283,2024-07-02,Riverside,2,34,8,7.62,card
3284,2024-07-02,Airport,6,138,24,14.99,cash
3285,2024-07-02,Airport,6,108,30,14.47,card
3286,2024-07-02,Airport,3,48,27,12.15,card
3287,2024-07-02,Airport,3,72,27,9.06,cash
3288,2024-07-02,Airport,1,12,14,3.93,card
3289,2024-07-02,Mall,6,156,72,16.12,cash
3290,2024-07-02,Mall,5,95,60,16.64,card
3291,2024-07-02,Mall,3,81,18,17.96,card
3292,2024-07-02,Mall,5,135,65,15.82,cash
3293,2024-07-02,Mall,6,84,48,18.62,card
3294,2024-07-02,Mall,6,90,24,16.55,card
3295,2024-07-03,Downtown,1,20,12,3.16,cash
3296,2024-07-03,Downtown,6,162,54,17.34,cash
3297,2024-07-03,Downtown,4,116,48,12.98,cash
3298,2024-07-03,Downtown,3,48,36,4.66,cash
3299,2024-07-03,Downtown,1,12,12,2.99,card
3300,2024-07-03,Downtown,4,112,56,28.14,card
3301,2024-07-03,Riverside,1,17,11,10.13,card
3302,2024-07-03,Riverside,4,76,16,28.72,card
3303,2024-07-03,Riverside,4,88,12,6.67,cash
3304,2024-07-03,Airport,5,95,15,12.81,cash
3305,2024-07-03,Airport,2,48,20,7.88,cash
3306,2024-07-03,Airport,3,90,24,10.43,cash
3307,2024-07-03,Airport,5,110,20,9.86,cash
3308,2024-07-03,Mall,2,58,24,11.18,card
3309,2024-07-03,Mall,1,27,10,3.86,card
3310,2024-07-03,Mall,5,95,30,12.08,cash
3311,2024-07-03,Mall,2,52,12,3.58,cash
3312,2024-07-04,Downtown,3,54,36,5.63,cash
3313,2024-07-04,Downtown,2,34,18,8.14,card
3314,2024-07-04,Downtown,2,56,20,14.3,card
3315,2024-07-04,Riverside,2,58,8,7.56,cash
3316,2024-07-04,Riverside,6,138,36,20.78,cash
3317,2024-07-04,Riverside,5,80,70,43.55,card
3318,2024-07-04,Riverside,2,34,14,16.64,card
3319,2024-07-04,Riverside,4,72,52,40.47,card
3320,2024-07-04,Airport,3,90,24,17.27,card
3321,2024-07-04,Airport,6,96,84,34.15,card
3322,2024-07-04,Airport,2,46,8,6.7,card
3323,2024-07-04,Airport,6,84,36,7.21,cash
3324,2024-07-04,Airport,2,46,10,6.57,cash
3325,2024-07-04,Mall,3,45,15,10.09,card
3326,2024-07-04,Mall,2,28,6,4.68,card
3327,2024-07-04,Mall,5,145,50,27.44,card
3328,2024-07-04,Mall,1,30,5,3.72,card
3329,2024-07-05,Downtown,2,54,20,13.18,card
3330,2024-07-05,Downtown,4,100,16,13.36,cash
3331,2024-07-05,Downtown,2,40,16,9.25,card
3332,2024-07-05,Downtown,3,69,24,6.26,cash
3333,2024-07-05,Riverside,2,52,20,23.93,card
3334,2024-07-05,Riverside,6,114,54,15.79,cash
3335,2024-07-05,Riverside,4,96,40,58.22,card
3336,2024-07-05,Riverside,3,36,18,6.35,cash
3337,2024-07-05,Riverside,6,114,78,65.78,card
3338,2024-07-05,Airport,4,116,56,23.15,card
3339,2024-07-05,Airport,4,52,48,8.9,cash
3340,2024-07-05,Airport,1,22,11,2.45,cash
3341,2024-07-05,Airport,3,69,30,17.15,card
3342,2024-07-05,Mall,3,60,15,14.83,card
3343,2024-07-05,Mall,2,56,6,4.69,cash
3344,2024-07-05,Mall,5,110,65,18.45,card
3345,2024-07-05,Mall,2,38,6,7.8,card
3346,2024-07-05,Mall,3,78,18,9.84,card
3347,2024-07-06,Downtown,6,96,18,16.13,card
3348,2024-07-06,Downtown,5,105,55,17.4,card
3349,2024-07-06,Downtown,1,26,13,4.32,card
3350,2024-07-06,Downtown,3,54,42,10.25,card
3351,2024-07-06,Riverside,6,96,48,22.96,card
3352,2024-07-06,Riverside,5,95,20,14.05,card
3353,2024-07-06,Riverside,2,58,20,9.36,cash
3354,2024-07-06,Riverside,5,130,25,22.44,card
3355,2024-07-06,Riverside,3,54,36,10.48,card
3356,2024-07-06,Riverside,1,14,3,7.06,card
3357,2024-07-06,Airport,3,87,12,-11.42,card
3358,2024-07-06,Airport,2,54,12,8.88,card
3359,2024-07-06,Airport,4,72,56,15.39,card
3360,2024-07-06,Airport,4,104,24,18.86,card
3361,2024-07-06,Airport,6,84,54,27.58,card
3362,2024-07-06,Mall,2,40,26,11.37,card
3363,2024-07-06,Mall,5,80,30,13.43,card
3364,2024-07-06,Mall,1,20,6,5.07,card
3365,2024-07-07,Downtown,6,168,78,20.08,cash
3366,2024-07-07,Downtown,6,150,18,25.24,card
3367,2024-07-07,Downtown,1,19,14,2.68,cash
3368,2024-07-07,Riverside,2,52,28,32.55,card
3369,2024-07-07,Riverside,3,63,15,31.94,card
3370,2024-07-07,Riverside,6,96,60,61.94,card
3371,2024-07-07,Airport,5,150,30,19.49,card
3372,2024-07-07,Airport,2,36,28,9.33,card
3373,2024-07-07,Airport,2,52,24,4.46,cash
3374,2024-07-07,Mall,4,60,56,23.14,card
3375,2024-07-07,Mall,6,126,66,13.2,cash
3376,2024-07-07,Mall,6,114,72,16.29,cash
3377,2024-07-07,Mall,5,70,60,22.13,card
3378,2024-07-07,Mall,5,90,70,15.75,cash
3379,2024-07-07,Mall,2,30,14,4.7,card
3380,2024-07-08,Downtown,1,12,12,3.49,card
3381,2024-07-08,Downtown,5,110,35,18.21,cash
3382,2024-07-08,Downtown,2,26,24,3.48,cash
3383,2024-07-08,Riverside,5,140,30,18.19,cash
3384,2024-07-08,Riverside,4,100,24,52.87,card
3385,2024-07-08,Riverside,2,28,16,3.43,cash
3386,2024-07-08,Riverside,4,112,16,21.25,card
3387,2024-07-08,Riverside,4,100,52,26.33,card
3388,2024-07-08,Airport,1,24,6,5.88,card
3389,2024-07-08,Airport,5,70,30,12.36,cash
3390,2024-07-08,Airport,6,108,66,29.08,card
3391,2024-07-08,Airport,4,76,20,12.29,card
3392,2024-07-08,Mall,6,156,84,31.95,card
3393,2024-07-08,Mall,4,88,56,17.02,card
3394,2024-07-08,Mall,6,78,60,23.05,card
3395,2024-07-09,Downtown,1,27,3,3.19,cash
3396,2024-07-09,Downtown,1,15,10,1.92,cash
3397,2024-07-09,,5,125,65,33.12,card
3398,2024-07-09,Downtown,5,120,70,24.29,card
3399,2024-07-09,Downtown,3,42,42,7.95,cash
3400,2024-07-09,Riverside,6,108,72,21.01,card
3401,2024-07-09,Riverside,6,90,48,15.31,cash
3402,2024-07-09,Riverside,4,108,40,14.12,cash
3403,2024-07-09,Riverside,6,84,30,47.59,card
3404,2024-07-09,Airport,1,21,14,6.66,card
3405,2024-07-09,Airport,2,36,16,8.91,card
3406,2024-07-09,Airport,3,51,24,8.49,card
3407,2024-07-09,Mall,4,104,16,17.07,card
3408,2024-07-09,Mall,3,84,27,13.2,card
3409,2024-07-09,Mall,1,30,12,7.21,card
3410,2024-07-09,Mall,5,120,15,21.18,card
3411,2024-07-10,Downtown,6,108,60,26.91,card
3412,2024-07-10,Downtown,6,138,72,22.43,card
3413,2024-07-10,Downtown,3,66,15,10.54,card
3414,2024-07-10,Downtown,5,100,15,10.55,cash
3415,2024-07-10,Downtown,6,156,36,30.22,card
3416,2024-07-10,Downtown,5,60,65,14.14,cash
3417,2024-07-10,Riverside,6,174,36,64.08,card
3418,2024-07-10,Riverside,1,14,8,7.08,card
3419,2024-07-10,Riverside,2,58,26,35.73,card
3420,2024-07-10,Riverside,4,88,40,50.66,card
3421,2024-07-10,Riverside,2,32,18,5.16,card
3422,2024-07-10,Airport,5,105,45,11.49,cash
3423,2024-07-10,Airport,6,72,84,16.67,cash
3424,2024-07-10,Airport,2,46,14,4.67,cash
3425,2024-07-10,Airport,3,84,39,13.14,cash
3426,2024-07-10,Airport,6,78,60,17.7,cash
3427,2024-07-10,Mall,5,75,65,13.38,cash
3428,2024-07-10,Mall,4,96,24,20.5,card
3429,2024-07-10,Mall,2,58,18,12.05,card
3430,2024-07-11,Downtown,3,45,18,7.09,card
3431,2024-07-11,Downtown,6,156,72,45.53,card
3432,2024-07-11,Downtown,6,120,72,25.17,card
3433,2024-07-11,Downtown,5,65,25,12.69,card
3434,2024-07-11,Riverside,6,78,48,46.3,card
3435,2024-07-11,Riverside,3,81,15,14.94,card
3436,2024-07-11,Riverside,4,68,12,33.32,card
3437,2024-07-11,Airport,1,28,8,5.84,card
3438,2024-07-11,Airport,2,54,6,8.02,card
3439,2024-07-11,Airport,5,150,25,26.67,card
3440,2024-07-11,Airport,4,88,36,16.75,card
3441,2024-07-11,Airport,2,26,6,3.55,cash
3442,2024-07-11,Airport,5,105,20,16.81,card
3443,2024-07-11,Mall,1,30,8,2.47,cash
3444,2024-07-11,Mall,1,28,14,6.14,card
3445,2024-07-11,Mall,3,69,15,5.81,cash
3446,2024-07-11,Mall,4,80,28,19.9,card
3447,2024-07-11,Mall,5,70,40,14.16,card
3448,2024-07-11,Mall,5,120,60,18.05,cash
3449,2024-07-12,Downtown,6,96,78,23.01,card
3450,2024-07-12,Downtown,6,96,66,31.65,card
3451,2024-07-12,Downtown,2,58,24,12.81,card
3452,2024-07-12,Downtown,2,50,18,12.87,card
3453,2024-07-12,Downtown,4,112,48,18.39,cash
3454,2024-07-12,Downtown,6,168,48,25.29,card
3455,2024-07-12,Riverside,2,32,18,6.14,cash
3456,2024-07-12,Riverside,3,72,36,10.55,cash
3457,2024-07-12,Riverside,5,110,45,45.77,card
3458,2024-07-12,Riverside,1,12,10,2.37,cash
3459,2024-07-12,Riverside,2,36,14,5.15,card
3460,2024-07-12,Riverside,4,88,28,12.06,card
3461,2024-07-12,Airport,3,72,9,11.82,card
3462,2024-07-12,Airport,5,130,50,26.08,card
3463,2024-07-12,Airport,4,88,36,15.8,card
3464,2024-07-12,Airport,6,162,84,47.66,card
3465,2024-07-12,Airport,3,51,27,10.03,cash
3466,2024-07-12,Mall,3,51,15,8.59,card
3467,2024-07-12,Mall,5,145,60,35.68,card
3468,2024-07-12,Mall,6,108,54,28.97,card
3469,2024-07-12,Mall,2,44,16,7,cash
3470,2024-07-13,Downtown,5,80,15,12.92,card
3471,2024-07-13,Downtown,4,56,56,18.21,card
3472,2024-07-13,Downtown,4,108,20,23.37,card
3473,2024-07-13,Downtown,1,13,4,2.1,cash
3474,2024-07-13,Riverside,5,130,55,17.84,cash
3475,2024-07-13,Riverside,3,84,12,29.3,card
3476,2024-07-13,Riverside,4,60,52,13.68,cash
3477,2024-07-13,Riverside,6,114,84,-11.51,card
3478,2024-07-13,Airport,3,69,39,11.07,card
3479,2024-07-13,Airport,5,105,35,19.87,card
3480,2024-07-13,Airport,2,60,26,10.57,cash
3481,2024-07-13,Airport,1,12,12,4.62,card
3482,2024-07-13,Mall,2,42,18,6.45,cash
3483,2024-07-13,Mall,3,63,9,12.85,card
3484,2024-07-13,Mall,5,85,25,12.34,card
3485,2024-07-14,Downtown,1,29,3,3.83,card
3486,2024-07-14,Downtown,1,28,6,3.46,card
3487,2024-07-14,Downtown,1,27,14,7.17,card
3488,2024-07-14,Downtown,2,36,18,8.24,card
3489,2024-07-14,Riverside,1,17,7,8.56,card
3490,2024-07-14,Riverside,5,75,60,8.72,cash
3491,2024-07-14,Riverside,4,52,16,25.67,card
3492,2024-07-14,Riverside,4,116,52,9.94,cash
3493,2024-07-14,Riverside,1,14,4,1.51,cash
3494,2024-07-14,Airport,6,132,54,21.67,card
3495,2024-07-14,Airport,3,60,15,7.22,cash
3496,2024-07-14,Airport,6,132,36,11.59,cash
3497,2024-07-14,Airport,2,28,12,7.59,card
3498,2024-07-14,Mall,5,115,65,19.49,card
3499,2024-07-14,Mall,3,48,42,14.47,card
3500,2024-07-14,Mall,1,24,14,4.16,card
3501,2024-07-15,Downtown,5,85,50,24.49,card
3502,2024-07-15,Downtown,1,12,6,1.99,card
3503,2024-07-15,Downtown,5,110,15,11.87,cash
3504,2024-07-15,Riverside,2,34,12,5.85,card
3505,2024-07-15,Riverside,2,50,8,6.03,cash
3506,2024-07-15,Riverside,2,28,22,5.38,card
3507,2024-07-15,Riverside,3,60,18,4.58,cash
3508,2024-07-15,Riverside,2,30,24,5.4,card
3509,2024-07-15,Airport,5,75,35,6.02,cash
3510,2024-07-15,Airport,3,48,39,14.72,card
3511,2024-07-15,Airport,4,84,20,14.67,card
3512,2024-07-15,Airport,4,88,40,16.96,card
3513,2024-07-15,Mall,5,80,35,16.84,card
3514,2024-07-15,Mall,4,48,36,13.2,card
3515,2024-07-15,Mall,1,20,3,3.28,card
3516,2024-07-15,Mall,3,66,15,12.14,card
3517,2024-07-15,Mall,5,150,45,21.17,card
3518,2024-07-16,Downtown,2,24,26,9.25,card
3519,2024-07-16,Downtown,4,120,20,19.96,card
3520,2024-07-16,Downtown,1,13,6,2.94,card
3521,2024-07-16,Downtown,6,90,60,24.12,card
3522,2024-07-16,Riverside,5,130,15,18.86,card
3523,2024-07-16,Riverside,2,32,6,3.85,card
3524,2024-07-16,Riverside,6,162,54,90.43,card
3525,2024-07-16,Riverside,2,34,10,14.55,card
3526,2024-07-16,Riverside,6,108,30,24.76,card
3527,2024-07-16,Riverside,6,156,66,26.84,cash
3528,2024-07-16,Airport,2,28,28,6.16,cash
3529,2024-07-16,Airport,4,80,24,18.66,card
3530,2024-07-16,Airport,6,180,54,18.43,cash
3531,2024-07-16,Mall,6,138,48,35.53,card
3532,2024-07-16,Mall,5,65,45,21.47,card
3533,2024-07-16,Mall,5,115,55,21.78,cash
3534,2024-07-16,Mall,2,58,14,9.49,card
3535,2024-07-16,Mall,1,25,5,4.4,card
3536,2024-07-16,Mall,5,115,65,24.49,card
3537,2024-07-17,Downtown,1,20,10,2.32,cash
3538,2024-07-17,Downtown,6,84,18,19.91,card
3539,2024-07-17,Downtown,6,156,18,17.66,cash
3540,2024-07-17,Downtown,4,72,56,15.22,card
3541,2024-07-17,Riverside,6,90,78,17.23,cash
3542,2024-07-17,Riverside,3,54,39,13.88,card
3543,2024-07-17,Riverside,2,56,18,6.68,cash
3544,2024-07-17,Airport,4,72,20,15.31,card
3545,2024-07-17,Airport,1,25,14,5.97,card
3546,2024-07-17,Airport,3,63,12,13.39,card
3547,2024-07-17,Airport,6,180,24,20.92,card
3548,2024-07-17,Airport,5,70,55,20.49,card
3549,2024-07-17,Mall,1,18,7,4.62,card
3550,2024-07-17,Mall,4,96,32,8.31,cash
3551,2024-07-17,Mall,6,72,78,27.98,card
3552,2024-07-18,Downtown,1,22,5,3.28,card
3553,2024-07-18,Downtown,4,60,24,8.79,card
3554,2024-07-18,Downtown,2,30,6,2.02,cash
3555,2024-07-18,,6,114,78,12.17,cash
3556,2024-07-18,Downtown,5,90,45,10.74,cash
3557,2024-07-18,Downtown,2,24,16,5.85,card
3558,2024-07-18,Riverside,1,18,6,10.27,card
3559,2024-07-18,Riverside,6,72,42,11.39,cash
3560,2024-07-18,Riverside,1,20,12,1.76,cash
3561,2024-07-18,Riverside,2,52,26,15.28,card
3562,2024-07-18,Riverside,2,28,8,3.98,cash
3563,2024-07-18,Airport,2,44,14,7.89,card
3564,2024-07-18,Airport,6,168,54,24.06,card
3565,2024-07-18,Airport,6,162,42,22.25,cash
3566,2024-07-18,Airport,5,60,55,9.26,cash
3567,2024-07-18,Airport,1,13,7,3.89,card
3568,2024-07-18,Mall,4,72,20,9.68,card
3569,2024-07-18,Mall,4,100,12,20.86,card
3570,2024-07-18,Mall,1,25,12,5.76,card
3571,2024-07-18,Mall,3,36,18,3.93,cash
3572,2024-07-18,Mall,2,48,20,9.47,card
3573,2024-07-19,Downtown,6,162,42,22.62,card
3574,2024-07-19,Downtown,1,15,11,1.96,cash
3575,2024-07-19,Downtown,5,90,55,18.63,card
3576,2024-07-19,Riverside,5,105,35,15.19,cash
3577,2024-07-19,Riverside,2,24,16,3.46,cash
3578,2024-07-19,Riverside,2,60,28,9.45,card
3579,2024-07-19,Riverside,3,48,21,5.69,cash
3580,2024-07-19,Riverside,6,162,72,27,card
3581,2024-07-19,Airport,1,20,9,5.63,card
3582,2024-07-19,Airport,5,130,25,19.69,cash
3583,2024-07-19,Airport,2,32,28,4.24,cash
3584,2024-07-19,Airport,6,126,84,23.7,card
3585,2024-07-19,Airport,5,120,30,24.01,card
3586,2024-07-19,Mall,2,34,24,9.3,card
3587,2024-07-19,Mall,3,63,39,17.87,card
3588,2024-07-19,Mall,3,87,21,13.89,cash
3589,2024-07-19,Mall,5,110,70,23.39,card
3590,2024-07-19,Mall,3,87,30,7.66,cash
3591,2024-07-19,Mall,6,114,84,23.04,cash
3592,2024-07-20,Downtown,6,126,18,11.18,cash
3593,2024-07-20,Downtown,6,78,30,14.67,card
3594,2024-07-20,Downtown,2,32,20,8.2,card
3595,2024-07-20,Downtown,3,45,15,7.72,card
3596,2024-07-20,Riverside,3,48,33,23.49,card
3597,2024-07-20,Riverside,1,13,6,1.84,cash
3598,2024-07-20,Riverside,1,13,6,8.07,card
3599,2024-07-20,Airport,4,84,48,16.93,card
3600,2024-07-20,Airport,3,36,36,6.21,cash
3601,2024-07-20,Airport,5,130,45,17.81,card
3602,2024-07-20,Airport,6,84,30,14.05,card
3603,2024-07-20,Airport,6,96,72,12.26,cash
3604,2024-07-20,Mall,6,96,42,14.37,cash
3605,2024-07-20,Mall,3,84,18,16.94,card
3606,2024-07-20,Mall,2,24,16,5.11,cash
3607,2024-07-20,Mall,6,156,48,25.23,cash
3608,2024-07-20,Mall,4,52,52,12.78,card
3609,2024-07-21,Downtown,5,60,40,16.73,card
3610,2024-07-21,Downtown,3,39,42,8.77,cash
3611,2024-07-21,Downtown,1,13,12,1.49,cash
3612,2024-07-21,Downtown,6,174,60,25.4,card
3613,2024-07-21,Downtown,2,60,28,13.43,card
3614,2024-07-21,Downtown,2,48,24,9.34,card
3615,2024-07-21,Riverside,6,78,42,11.3,cash
3616,2024-07-21,Riverside,5,60,35,18.62,card
3617,2024-07-21,Riverside,5,105,65,69.61,card
3618,2024-07-21,Riverside,1,22,11,10.38,card
3619,2024-07-21,Airport,1,13,12,4.31,card
3620,2024-07-21,Airport,1,30,13,8.19,card
3621,2024-07-21,Airport,2,44,12,7.3,card
3622,2024-07-21,Airport,6,144,60,22.93,cash
3623,2024-07-21,Airport,4,104,36,24.73,card
3624,2024-07-21,Airport,4,88,32,11.42,cash
3625,2024-07-21,Mall,3,84,33,19.67,card
3626,2024-07-21,Mall,4,60,20,15.78,card
3627,2024-07-21,Mall,6,144,18,24.97,card
3628,2024-07-21,Mall,4,52,36,10.55,cash
3629,2024-07-21,Mall,2,44,20,8.59,card
3630,2024-07-21,Mall,4,100,32,21.22,card
3631,2024-07-22,Downtown,2,30,18,6.96,card
3632,2024-07-22,Downtown,5,90,30,20.44,card
3633,2024-07-22,Downtown,3,84,42,19.58,card
3634,2024-07-22,Downtown,3,90,33,16.74,card
3635,2024-07-22,Riverside,4,68,20,7.79,cash
3636,2024-07-22,Riverside,6,150,48,21.75,card
3637,2024-07-22,Riverside,4,112,52,12.18,cash
3638,2024-07-22,Riverside,5,105,25,20.51,card
3639,2024-07-22,Riverside,2,42,26,6.37,cash
3640,2024-07-22,Riverside,4,52,56,44.94,card
3641,2024-07-22,Airport,3,75,18,12.67,card
3642,2024-07-22,Airport,2,46,16,5.71,cash
3643,2024-07-22,Airport,3,63,42,12.68,card
3644,2024-07-22,Airport,5,60,20,9.07,cash
3645,2024-07-22,Airport,6,156,78,39.96,card
3646,2024-07-22,Mall,3,57,15,5.61,cash
3647,2024-07-22,Mall,6,84,72,11.25,cash
3648,2024-07-22,Mall,2,30,10,7.24,card
3649,2024-07-22,Mall,6,162,72,29.09,card
3650,2024-07-23,Downtown,5,125,15,17.37,cash
3651,2024-07-23,Downtown,3,87,27,20.83,card
3652,2024-07-23,Downtown,4,56,16,14.38,card
3653,2024-07-23,Downtown,4,76,52,20.18,card
3654,2024-07-23,Downtown,3,69,30,7.61,cash
3655,2024-07-23,Riverside,3,66,36,18.12,card
3656,2024-07-23,Riverside,2,48,10,7.8,card
3657,2024-07-23,Riverside,2,28,24,5.87,cash
3658,2024-07-23,Airport,5,115,45,27.24,card
3659,2024-07-23,Airport,1,13,4,3.38,card
3660,2024-07-23,Airport,4,88,36,19.54,card
3661,2024-07-23,Airport,4,104,56,17.68,cash
3662,2024-07-23,Mall,5,120,65,24.12,card
3663,2024-07-23,Mall,1,15,14,4.26,card
3664,2024-07-23,Mall,2,36,22,6.78,card
3665,2024-07-23,Mall,1,23,4,3.53,card
3666,2024-07-24,Downtown,6,72,30,6.02,cash
3667,2024-07-24,Downtown,1,13,5,2.24,cash
3668,2024-07-24,Downtown,6,102,54,16.7,card
3669,2024-07-24,Downtown,5,135,25,8.48,cash
3670,2024-07-24,Downtown,6,180,60,33.6,card
3671,2024-07-24,Downtown,4,68,44,12.27,card
3672,2024-07-24,Riverside,6,84,36,45.56,card
3673,2024-07-24,Riverside,2,42,16,5.15,cash
3674,2024-07-24,Riverside,2,30,12,6.92,card
3675,2024-07-24,Riverside,6,144,72,20.19,cash
3676,2024-07-24,Riverside,5,125,60,19.25,cash
3677,2024-07-24,Riverside,2,38,26,19.21,card
3678,2024-07-24,Airport,1,14,11,4.79,card
3679,2024-07-24,Airport,1,18,14,4.23,card
3680,2024-07-24,Airport,5,60,65,7.24,cash
3681,2024-07-24,Airport,4,72,24,8.31,cash
3682,2024-07-24,Airport,3,36,30,10.83,card
3683,2024-07-24,Mall,1,27,4,4.94,card
3684,2024-07-24,Mall,2,26,20,7.51,card
3685,2024-07-24,Mall,3,75,12,5.48,cash
3686,2024-07-24,Mall,5,150,20,23.28,card
3687,2024-07-24,Mall,5,140,50,16.49,cash
3688,2024-07-25,Downtown,2,58,26,12.24,card
3689,2024-07-25,Downtown,1,14,14,3.59,cash
3690,2024-07-25,Downtown,4,120,36,21.45,card
3691,2024-07-25,Downtown,5,90,30,9.51,cash
3692,2024-07-25,Downtown,3,57,12,6.84,cash
3693,2024-07-25,Riverside,5,90,40,54.97,card
3694,2024-07-25,Riverside,3,90,24,14.13,cash
3695,2024-07-25,Riverside,5,115,20,55.09,card
3696,2024-07-25,Riverside,3,72,30,38.86,card
3697,2024-07-25,Riverside,5,120,65,24.22,card
3698,2024-07-25,Airport,6,138,30,11.67,cash
3699,2024-07-25,Airport,1,24,3,2.72,card
3700,2024-07-25,Airport,4,88,40,21.09,card
3701,2024-07-25,Airport,2,36,14,7.49,card
3702,2024-07-25,Airport,5,125,35,11.91,cash
3703,2024-07-25,Airport,2,28,24,6,cash
3704,2024-07-25,Mall,3,45,36,13.36,card
3705,2024-07-25,Mall,6,84,30,16.38,card
3706,2024-07-25,Mall,4,72,28,12.51,card
3707,2024-07-26,Downtown,2,60,12,13.44,card
3708,2024-07-26,Downtown,3,63,21,5.16,cash
3709,2024-07-26,Downtown,6,108,18,11.03,cash
3710,2024-07-26,Downtown,1,15,12,4.09,card
3711,2024-07-26,Downtown,2,28,12,3.29,cash
3712,2024-07-26,Riverside,1,23,3,10.04,card
3713,2024-07-26,Riverside,1,15,7,8.35,card
3714,2024-07-26,Riverside,6,102,36,40.23,card
3715,2024-07-26,Riverside,5,150,15,23.79,card
3716,2024-07-26,Riverside,5,75,20,39.54,card
3717,2024-07-26,Riverside,5,115,40,9.1,cash
3718,2024-07-26,Airport,2,56,26,14.82,card
3719,2024-07-26,Airport,4,92,12,9.72,cash
3720,2024-07-26,Airport,6,138,42,15.15,cash
3721,2024-07-26,Airport,4,100,20,15.33,cash
3722,2024-07-26,Airport,6,174,18,32.53,card
3723,2024-07-26,Airport,2,46,24,3.7,cash
3724,2024-07-26,Mall,6,144,66,27.04,card
3725,2024-07-26,Mall,4,72,48,10.34,cash
3726,2024-07-26,Mall,2,54,12,3.65,cash
3727,2024-07-27,Downtown,1,12,4,1.75,cash
3728,2024-07-27,Downtown,2,58,10,7.95,card
3729,2024-07-27,Downtown,4,112,48,16.59,card
3730,2024-07-27,Riverside,2,30,18,4.29,cash
3731,2024-07-27,Riverside,3,45,15,6.29,card
3732,2024-07-27,Riverside,2,36,18,9.23,card
3733,2024-07-27,Riverside,5,150,55,23.55,card
3734,2024-07-27,Riverside,6,168,66,23.76,card
3735,2024-07-27,Riverside,5,60,35,29.2,card
3736,2024-07-27,Airport,1,16,5,1.21,cash
3737,2024-07-27,Airport,1,25,14,4.11,cash
3738,2024-07-27,Airport,6,156,36,23.31,card
3739,2024-07-27,Airport,6,84,72,22.7,card
3740,2024-07-27,Airport,5,65,15,12.06,card
3741,2024-07-27,Mall,6,138,54,24.04,cash
3742,2024-07-27,Mall,4,52,48,12.25,card
3743,2024-07-27,Mall,5,110,30,18.01,card
3744,2024-07-27,Mall,6,102,36,19.31,card
3745,2024-07-27,Mall,5,150,25,33.08,card
3746,2024-07-28,Downtown,3,69,21,13.11,card
3747,2024-07-28,Downtown,3,45,30,5.85,cash
3748,2024-07-28,Downtown,1,26,14,4.12,card
3749,2024-07-28,Downtown,6,126,42,16.96,cash
3750,2024-07-28,Downtown,4,60,20,9.87,card
3751,2024-07-28,Downtown,2,56,10,7.74,card
3752,2024-07-28,Riverside,3,36,9,15.83,card
3753,2024-07-28,Riverside,4,64,28,37.4,card
3754,2024-07-28,Riverside,4,88,12,37.75,card
3755,2024-07-28,Riverside,1,24,5,5.59,card
3756,2024-07-28,Riverside,1,14,13,3.61,card
3757,2024-07-28,Riverside,6,132,78,89.05,card
3758,2024-07-28,Airport,6,102,72,18.83,cash
3759,2024-07-28,Airport,4,56,20,5.93,cash
3760,2024-07-28,Airport,6,144,84,25.03,card
3761,2024-07-28,Airport,3,75,15,14,card
3762,2024-07-28,Airport,3,57,18,5.96,cash
3763,2024-07-28,Airport,2,24,22,8.01,card
3764,2024-07-28,Mall,3,36,12,5.86,card
3765,2024-07-28,Mall,1,13,4,2.98,card
3766,2024-07-28,Mall,1,18,14,4.29,card
3767,2024-07-28,Mall,4,80,36,14.68,cash
3768,2024-07-28,Mall,4,84,44,10.24,cash
3769,2024-07-29,Downtown,5,150,55,31.25,card
3770,2024-07-29,Downtown,4,92,16,16.48,card
3771,2024-07-29,Downtown,4,68,36,7.04,cash
3772,2024-07-29,Riverside,3,39,39,8.94,card
3773,2024-07-29,Riverside,1,14,9,8.05,card
3774,2024-07-29,Riverside,6,174,18,31.31,card
3775,2024-07-29,Riverside,2,32,26,6.2,cash
3776,2024-07-29,Airport,1,25,13,5.6,card
3777,2024-07-29,Airport,3,69,18,15.71,card
3778,2024-07-29,Airport,3,87,15,14.43,card
3779,2024-07-29,Airport,4,92,56,17.78,card
3780,2024-07-29,Airport,3,84,33,6.13,cash
3781,2024-07-29,Mall,5,145,65,23.53,card
3782,2024-07-29,Mall,2,56,14,11.65,card
3783,2024-07-29,Mall,4,72,48,22.55,card
3784,2024-07-30,,1,24,6,3.65,cash
3785,2024-07-30,Downtown,3,90,36,12.8,cash
3786,2024-07-30,Downtown,2,26,20,6.06,card
3787,2024-07-30,Downtown,5,100,50,21.39,card
3788,2024-07-30,Riverside,1,26,7,3.07,cash
3789,2024-07-30,Riverside,5,140,60,20.75,card
3790,2024-07-30,Riverside,6,72,30,37.89,card
3791,2024-07-30,Riverside,6,102,18,42.44,card
3792,2024-07-30,Riverside,3,75,30,36.17,card
3793,2024-07-30,Airport,6,168,30,31.29,card
3794,2024-07-30,Airport,2,36,10,5.37,card
3795,2024-07-30,Airport,1,29,6,2.84,cash
3796,2024-07-30,Airport,2,48,22,13.87,card
3797,2024-07-30,Airport,6,120,30,8.51,cash
3798,2024-07-30,Mall,1,14,9,2.74,card
3799,2024-07-30,Mall,1,29,9,6.34,card
3800,2024-07-30,Mall,5,115,60,12.11,cash
3801,2024-07-31,Downtown,1,20,14,5.02,card
3802,2024-07-31,Downtown,3,81,24,20.74,card
3803,2024-07-31,Downtown,3,69,30,8.15,cash
3804,2024-07-31,Riverside,5,90,70,28.14,card
3805,2024-07-31,Riverside,4,56,52,6.62,cash
3806,2024-07-31,Riverside,4,100,56,59.84,card
3807,2024-07-31,Riverside,1,27,8,1.78,cash
3808,2024-07-31,Riverside,4,56,20,6.92,cash
3809,2024-07-31,Riverside,2,26,22,4.23,cash
3810,2024-07-31,Airport,1,19,5,3.41,card
3811,2024-07-31,Airport,5,145,70,31.79,card
3812,2024-07-31,Airport,5,135,60,29.08,card
3813,2024-07-31,Mall,5,125,45,24.2,card
3814,2024-07-31,Mall,1,25,14,3.37,cash
3815,2024-07-31,Mall,6,72,36,18.89,card
3816,2024-07-31,Mall,5,120,45,24.67,card
3817,2024-07-31,Mall,5,75,65,14.12,card
3818,2024-08-01,Downtown,2,38,28,9.66,card
3819,2024-08-01,Downtown,6,162,36,9.98,cash
3820,2024-08-01,Downtown,1,13,10,4.53,card
3821,2024-08-01,Downtown,6,174,60,38.18,card
3822,2024-08-01,Downtown,5,100,35,20.04,card
3823,2024-08-01,Riverside,6,114,72,27.6,card
3824,2024-08-01,Riverside,1,30,4,3.21,cash
3825,2024-08-01,Riverside,2,38,12,3.11,cash
3826,2024-08-01,Riverside,2,38,24,6.13,cash
3827,2024-08-01,Riverside,1,26,9,10.47,card
3828,2024-08-01,Airport,1,16,6,2.37,cash
3829,2024-08-01,Airport,4,48,36,8.48,cash
3830,2024-08-01,Airport,1,22,13,6.43,card
3831,2024-08-01,Airport,5,125,55,28.57,card
3832,2024-08-01,Airport,5,115,45,20.31,cash
3833,2024-08-01,Mall,6,120,30,20.43,card
3834,2024-08-01,Mall,1,23,6,4.27,card
3835,2024-08-01,Mall,5,115,50,11.72,cash
3836,2024-08-01,Mall,5,80,25,13.55,cash
3837,2024-08-01,Mall,3,63,21,11.84,card
3838,2024-08-01,Mall,1,16,12,3.3,card
3839,2024-08-02,Downtown,3,36,36,12.59,card
3840,2024-08-02,Downtown,5,140,35,18.12,card
3841,2024-08-02,Downtown,2,50,14,9.74,card
3842,2024-08-02,Downtown,5,120,20,16.26,card
3843,2024-08-02,Downtown,6,90,18,15.92,card
3844,2024-08-02,Riverside,1,30,10,6.31,card
3845,2024-08-02,Riverside,6,168,36,28.89,card
3846,2024-08-02,Riverside,1,26,7,3.72,cash
3847,2024-08-02,Riverside,1,29,5,4.23,card
3848,2024-08-02,Riverside,2,46,18,4.72,cash
3849,2024-08-02,Airport,2,58,22,8.79,card
3850,2024-08-02,Airport,3,51,36,4.78,cash
3851,2024-08-02,Airport,6,168,54,22.7,card
3852,2024-08-02,Airport,3,36,18,4.19,cash
3853,2024-08-02,Airport,2,40,14,3.87,cash
3854,2024-08-02,Airport,2,56,8,7.74,card
3855,2024-08-02,Mall,4,52,40,12.14,card
3856,2024-08-02,Mall,5,100,70,24.22,card
3857,2024-08-02,Mall,2,52,22,10.12,card
3858,2024-08-02,Mall,4,104,28,16.9,cash
3859,2024-08-02,Mall,2,44,22,10.62,card
3860,2024-08-02,Mall,1,25,7,2.55,cash
3861,2024-08-03,Downtown,3,90,27,12.55,card
3862,2024-08-03,Downtown,2,56,16,7.94,card
3863,2024-08-03,Downtown,3,42,39,5.88,cash
3864,2024-08-03,Downtown,2,38,24,3.31,cash
3865,2024-08-03,Downtown,5,140,25,21.08,card
3866,2024-08-03,Riverside,6,90,78,32.51,card
3867,2024-08-03,Riverside,3,84,36,19.98,card
3868,2024-08-03,Riverside,5,115,50,15.86,cash
3869,2024-08-03,Airport,5,135,40,25.14,card
3870,2024-08-03,Airport,4,72,20,12.9,card
3871,2024-08-03,Airport,4,48,40,11.12,card
3872,2024-08-03,Airport,3,84,30,18.26,card
3873,2024-08-03,Airport,4,80,20,11.01,card
3874,2024-08-03,Mall,3,72,33,13.19,card
3875,2024-08-03,Mall,2,34,18,5.84,cash
3876,2024-08-03,Mall,3,39,36,14.14,card
3877,2024-08-03,Mall,4,100,48,18.12,card
3878,2024-08-03,Mall,2,32,8,7.88,card
3879,2024-08-04,Downtown,3,90,12,8.93,cash
3880,2024-08-04,Downtown,4,92,28,15.27,card
3881,2024-08-04,Downtown,5,140,25,19.61,card
3882,2024-08-04,Downtown,3,87,21,14.56,card
3883,2024-08-04,Downtown,6,78,48,22.17,card
3884,2024-08-04,Riverside,5,75,50,46.31,card
3885,2024-08-04,Riverside,5,140,20,10.19,cash
3886,2024-08-04,Riverside,6,144,66,33.2,card
3887,2024-08-04,Riverside,1,14,11,2.64,cash
3888,2024-08-04,Airport,1,20,5,3.52,card
3889,2024-08-04,Airport,1,21,12,6.5,card
3890,2024-08-04,Airport,5,75,20,8.09,cash
3891,2024-08-04,Airport,2,38,6,4.51,cash
3892,2024-08-04,Mall,6,144,60,36.18,card
3893,2024-08-04,Mall,4,88,48,11.68,cash
3894,2024-08-04,Mall,5,90,45,17.84,card
3895,2024-08-04,Mall,2,36,12,4.96,card
3896,2024-08-04,Mall,5,75,65,16.69,cash
3897,2024-08-04,Mall,4,80,56,24.64,card
3898,2024-08-05,Downtown,2,46,16,7.25,card
3899,2024-08-05,Downtown,1,13,9,1.56,cash
3900,2024-08-05,Downtown,2,32,20,4.52,cash
3901,2024-08-05,Downtown,6,144,66,21.09,card
3902,2024-08-05,Riverside,2,36,28,5.58,cash
3903,2024-08-05,Riverside,2,60,6,25.66,card
3904,2024-08-05,Riverside,1,13,12,1.58,cash
3905,2024-08-05,Airport,6,132,84,29.74,card
3906,2024-08-05,Airport,6,102,60,16.39,cash
3907,2024-08-05,Airport,2,60,26,13.4,card
3908,2024-08-05,Airport,2,36,12,3.93,cash
3909,2024-08-05,Airport,5,60,55,14.71,cash
3910,2024-08-05,Mall,5,105,15,16.91,card
3911,2024-08-05,Mall,6,72,54,13.63,card
3912,2024-08-05,Mall,4,120,56,32.66,card
3913,2024-08-05,,3,51,30,10.26,cash
3914,2024-08-05,Mall,1,13,3,2.87,card
3915,2024-08-05,Mall,2,52,26,9.47,cash
3916,2024-08-06,Downtown,5,60,35,18.1,card
3917,2024-08-06,Downtown,1,30,12,4.89,cash
3918,2024-08-06,Downtown,5,60,40,10.81,card
3919,2024-08-06,Riverside,3,51,27,14.68,card
3920,2024-08-06,Riverside,2,42,20,18.46,card
3921,2024-08-06,Riverside,1,16,3,7.34,card
3922,2024-08-06,Riverside,4,84,36,14.24,cash
3923,2024-08-06,Airport,3,84,21,17.97,card
3924,2024-08-06,Airport,3,63,21,11.23,card
3925,2024-08-06,Airport,5,145,30,18.99,card
3926,2024-08-06,Airport,6,90,72,21.1,card
3927,2024-08-06,Mall,6,108,18,22.89,card
3928,2024-08-06,Mall,4,52,56,12.52,cash
3929,2024-08-06,Mall,2,30,24,5.51,cash
3930,2024-08-07,Downtown,3,45,18,5.86,cash
3931,2024-08-07,Downtown,5,65,35,17.51,card
3932,2024-08-07,Downtown,4,76,16,-15.89,cash
3933,2024-08-07,Downtown,4,120,40,21.78,card
3934,2024-08-07,Downtown,5,105,20,18,card
3935,2024-08-07,Downtown,2,24,10,5.78,card
3936,2024-08-07,Riverside,1,27,3,4.13,card
3937,2024-08-07,Riverside,6,78,78,24.3,card
3938,2024-08-07,Riverside,1,17,6,4.32,card
3939,2024-08-07,Riverside,1,26,7,3.81,cash
3940,2024-08-07,Airport,1,24,3,5.39,card
3941,2024-08-07,Airport,5,140,50,34.64,card
3942,2024-08-07,Airport,5,85,35,13.68,card
3943,2024-08-07,Mall,2,34,8,6.4,card
3944,2024-08-07,Mall,5,95,70,30.71,card
3945,2024-08-07,Mall,3,63,9,11.21,card
3946,2024-08-07,Mall,4,52,36,10.62,cash
3947,2024-08-07,Mall,3,57,12,11.19,card
3948,2024-08-08,Downtown,3,39,9,5.07,cash
3949,2024-08-08,Downtown,3,84,42,14.31,cash
3950,2024-08-08,Downtown,4,52,12,11.08,card
3951,2024-08-08,Downtown,2,44,6,2.85,cash
3952,2024-08-08,Riverside,5,60,25,9.87,card
3953,2024-08-08,Riverside,4,60,16,9.86,cash
3954,2024-08-08,Riverside,5,105,55,21.91,card
3955,2024-08-08,Riverside,5,75,60,42.29,card
3956,2024-08-08,Airport,5,140,30,28.71,card
3957,2024-08-08,Airport,5,65,70,10.85,cash
3958,2024-08-08,Airport,4,108,32,27.06,card
3959,2024-08-08,Mall,5,70,20,10.53,cash
3960,2024-08-08,Mall,2,56,28,11.33,card
3961,2024-08-08,Mall,3,36,30,8.46,cash
3962,2024-08-08,Mall,1,24,13,7.08,card
3963,2024-08-09,Downtown,1,27,8,5.36,card
3964,2024-08-09,Downtown,6,150,54,21.62,card
3965,2024-08-09,Downtown,1,24,10,5.56,card
3966,2024-08-09,Downtown,2,30,22,6.86,card
3967,2024-08-09,Riverside,5,105,55,8.49,cash
3968,2024-08-09,Riverside,1,13,6,2.23,card
3969,2024-08-09,Riverside,5,135,60,66.88,card
3970,2024-08-09,Riverside,3,72,27,32.56,card
3971,2024-08-09,Riverside,5,125,15,16.99,card
3972,2024-08-09,Riverside,5,135,70,24.27,cash
3973,2024-08-09,Airport,5,145,65,14.51,cash
3974,2024-08-09,Airport,1,16,13,4.71,card
3975,2024-08-09,Airport,2,36,28,11.87,card
3976,2024-08-09,Airport,1,22,9,3.42,cash
3977,2024-08-09,Mall,5,115,50,21.52,card
3978,2024-08-09,Mall,4,104,24,14.45,card
3979,2024-08-09,Mall,5,140,20,19.84,card
3980,2024-08-09,Mall,1,15,8,2.68,card
3981,2024-08-09,Mall,1,12,10,2.2,cash
3982,2024-08-10,Downtown,6,78,54,7.78,cash
3983,2024-08-10,Downtown,4,116,36,19.52,card
3984,2024-08-10,Downtown,2,52,26,9.96,card
3985,2024-08-10,Downtown,5,140,25,29.42,card
3986,2024-08-10,Downtown,6,180,36,28.37,card
3987,2024-08-10,Downtown,3,78,9,-0.18,cash
3988,2024-08-10,Riverside,2,46,22,7.37,card
3989,2024-08-10,Riverside,6,126,24,29.49,card
3990,2024-08-10,Riverside,4,104,52,29.06,card
3991,2024-08-10,Airport,3,81,30,18.75,card
3992,2024-08-10,Airport,3,90,33,12.83,cash
3993,2024-08-10,Airport,5,120,55,21.27,cash
3994,2024-08-10,Mall,4,104,44,14.53,cash
3995,2024-08-10,Mall,4,92,20,13.08,card
3996,2024-08-10,Mall,4,120,48,29.51,card
3997,2024-08-11,Downtown,1,29,3,3.33,card
3998,2024-08-11,Downtown,2,54,12,8.94,card
3999,2024-08-11,Downtown,5,150,20,17.26,card
4000,2024-08-11,Downtown,5,105,40,24.79,card
4001,2024-08-11,Downtown,1,16,5,3.17,card
4002,2024-08-11,Downtown,2,36,12,8.29,card
4003,2024-08-11,Riverside,6,174,18,36.31,card
4004,2024-08-11,Riverside,5,150,60,23.44,card
4005,2024-08-11,Riverside,6,72,78,15.52,cash
4006,2024-08-11,Riverside,4,76,52,20.88,card
4007,2024-08-11,Riverside,5,70,45,20.5,card
4008,2024-08-11,Airport,3,42,18,7.33,card
4009,2024-08-11,Airport,4,76,16,13.78,card
4010,2024-08-11,Airport,4,84,12,8.64,cash
4011,2024-08-11,Airport,2,32,20,9.95,card
4012,2024-08-11,Mall,3,45,39,13.57,card
4013,2024-08-11,Mall,2,50,6,4.46,cash
4014,2024-08-11,Mall,3,69,12,7.23,cash
4015,2024-08-11,Mall,1,22,4,4.22,card
4016,2024-08-11,Mall,2,32,12,5.67,card
4017,2024-08-12,Downtown,6,90,30,20,card
4018,2024-08-12,Downtown,2,36,24,10.99,card
4019,2024-08-12,Downtown,3,90,12,6.01,cash
4020,2024-08-12,Downtown,2,28,16,7.02,card
4021,2024-08-12,Riverside,4,56,48,16.16,card
4022,2024-08-12,Riverside,6,162,84,14.34,cash
4023,2024-08-12,Riverside,5,130,65,26.17,card
4024,2024-08-12,Airport,6,150,48,23.58,card
4025,2024-08-12,Airport,2,24,14,7.59,card
4026,2024-08-12,Airport,2,36,6,7.12,card
4027,2024-08-12,Airport,3,87,27,14.2,cash
4028,2024-08-12,Airport,5,125,70,38.8,card
4029,2024-08-12,Airport,4,52,40,12.7,card
4030,2024-08-12,Mall,1,20,4,4.62,card
4031,2024-08-12,Mall,2,44,16,6.35,cash
4032,2024-08-12,Mall,3,48,27,4.33,cash
4033,2024-08-12,Mall,3,60,24,10.33,card
4034,2024-08-12,Mall,2,42,6,3.16,cash
4035,2024-08-12,Mall,1,19,4,2.61,card
4036,2024-08-13,Downtown,1,24,13,6.79,card
4037,2024-08-13,Downtown,2,30,20,6.57,card
4038,2024-08-13,Downtown,4,76,52,16.85,card
4039,2024-08-13,Riverside,6,126,18,60.67,card
4040,2024-08-13,Riverside,6,84,72,48.44,card
4041,2024-08-13,Riverside,1,29,13,13.53,card
4042,2024-08-13,Airport,3,90,36,12.82,cash
4043,2024-08-13,Airport,4,60,12,6.32,cash
4044,2024-08-13,Airport,1,20,11,5.31,card
4045,2024-08-13,Airport,3,84,18,11.28,card
4046,2024-08-13,Airport,6,84,72,29.31,card
4047,2024-08-13,Mall,6,96,24,16.8,card
4048,2024-08-13,Mall,1,17,7,3.79,card
4049,2024-08-13,Mall,6,150,48,38.12,card
4050,2024-08-13,Mall,4,116,32,16.92,card
4051,2024-08-13,Mall,5,125,55,-2.9,card
4052,2024-08-13,Mall,6,102,72,22.41,cash
4053,2024-08-14,Downtown,1,24,10,3.62,card
4054,2024-08-14,Downtown,2,58,26,13.17,card
4055,2024-08-14,Downtown,4,116,28,15.45,cash
4056,2024-08-14,Riverside,4,120,28,11.93,cash
4057,2024-08-14,Riverside,2,34,10,17.01,card
4058,2024-08-14,Riverside,6,138,72,16.73,cash
4059,2024-08-14,Riverside,3,57,39,10.63,card
4060,2024-08-14,Riverside,5,95,35,18.76,card
4061,2024-08-14,Riverside,1,30,9,3.7,cash
4062,2024-08-14,Airport,6,84,36,23.08,card
4063,2024-08-14,Airport,2,26,26,6.96,card
4064,2024-08-14,Airport,5,115,65,9.43,cash
4065,2024-08-14,Airport,6,114,78,35.86,card
4066,2024-08-14,Airport,1,22,4,4.96,card
4067,2024-08-14,Airport,6,90,66,-19.33,card
4068,2024-08-14,Mall,2,30,26,3.98,cash
4069,2024-08-14,Mall,3,60,33,17.33,card
4070,2024-08-14,Mall,3,84,42,14.21,card
4071,2024-08-14,Mall,6,90,36,15.63,card
4072,2024-08-15,Downtown,4,116,48,9.93,cash
4073,2024-08-15,Downtown,4,88,44,11.88,cash
4074,2024-08-15,Downtown,4,80,28,13.66,card
4075,2024-08-15,Downtown,1,30,6,5.41,card
4076,2024-08-15,Riverside,3,54,36,8.26,cash
4077,2024-08-15,Riverside,1,17,14,2.7,cash
4078,2024-08-15,Riverside,3,54,21,11.57,card
4079,2024-08-15,Airport,4,108,28,7.22,cash
4080,2024-08-15,Airport,5,135,15,18.04,card
4081,2024-08-15,Airport,6,174,36,32.1,card
4082,2024-08-15,Airport,5,105,15,10.76,cash
4083,2024-08-15,Airport,2,46,12,6.39,cash
4084,2024-08-15,Mall,5,130,35,30.59,card
4085,2024-08-15,Mall,6,102,36,16.97,cash
4086,2024-08-15,Mall,2,42,28,8.94,cash
4087,2024-08-15,Mall,6,150,24,30.31,card
4088,2024-08-16,Downtown,2,44,14,11.52,card
4089,2024-08-16,Downtown,3,42,33,8.44,cash
4090,2024-08-16,Downtown,6,174,72,27.31,card
4091,2024-08-16,Downtown,3,36,36,7.66,cash
4092,2024-08-16,Downtown,4,60,36,16.22,card
4093,2024-08-16,Downtown,4,116,44,26.67,card
4094,2024-08-16,Riverside,6,90,18,10.56,cash
4095,2024-08-16,Riverside,2,36,28,8.87,card
4096,2024-08-16,Riverside,3,42,12,16.92,card
4097,2024-08-16,Riverside,1,12,11,3.24,card
4098,2024-08-16,Riverside,2,26,20,3.57,cash
4099,2024-08-16,Airport,5,150,45,34.81,card
4100,2024-08-16,Airport,5,135,45,32.5,card
4101,2024-08-16,Airport,1,26,8,4.46,card
4102,2024-08-16,Mall,2,50,12,4.76,cash
4103,2024-08-16,Mall,6,78,78,18.44,card
4104,2024-08-16,Mall,2,26,22,9.03,card
4105,2024-08-16,Mall,1,14,12,4.03,card
4106,2024-08-17,Downtown,2,30,14,8.72,card
4107,2024-08-17,Downtown,6,72,36,11.45,cash
4108,2024-08-17,Downtown,6,114,60,21.6,cash
4109,2024-08-17,Downtown,5,125,50,21.76,card
4110,2024-08-17,Downtown,1,16,6,1.21,cash
4111,2024-08-17,Riverside,6,174,48,84.04,card
4112,2024-08-17,Riverside,1,18,13,5.9,card
4113,2024-08-17,Riverside,5,130,35,67.02,card
4114,2024-08-17,Riverside,4,92,56,51.54,card
4115,2024-08-17,Riverside,6,162,66,29.86,card
4116,2024-08-17,Airport,4,116,12,17.48,card
4117,2024-08-17,Airport,6,108,36,16.2,card
4118,2024-08-17,Airport,6,150,54,32.47,card
4119,2024-08-17,Mall,2,58,22,15.57,card
4120,2024-08-17,Mall,6,96,60,17.27,card
4121,2024-08-17,Mall,4,116,36,18.4,cash
4122,2024-08-17,Mall,1,28,9,6.83,card
4123,2024-08-17,Mall,6,84,18,12.83,cash
4124,2024-08-18,Downtown,4,88,24,14.51,card
4125,2024-08-18,Downtown,3,48,27,9.97,card
4126,2024-08-18,Downtown,1,12,7,1.26,cash
4127,2024-08-18,Downtown,4,92,40,16.27,card
4128,2024-08-18,Downtown,1,12,13,3.94,card
4129,2024-08-18,Riverside,6,120,54,20.78,cash
4130,2024-08-18,Riverside,5,75,45,44.07,card
4131,2024-08-18,Riverside,3,42,39,25.21,card
4132,2024-08-18,Riverside,6,150,54,59.56,card
4133,2024-08-18,Airport,6,120,54,20.64,cash
4134,2024-08-18,Airport,6,90,66,20.25,card
4135,2024-08-18,Airport,4,80,52,13.21,cash
4136,2024-08-18,Airport,3,90,36,11.56,cash
4137,2024-08-18,Mall,6,132,72,33.37,card
4138,2024-08-18,Mall,5,100,30,10.65,cash
4139,2024-08-18,Mall,6,162,30,31.54,card
4140,2024-08-19,Downtown,5,60,55,11.6,card
4141,2024-08-19,Downtown,1,13,14,1.84,cash
4142,2024-08-19,Downtown,5,95,40,24.73,card
4143,2024-08-19,Downtown,5,145,40,23.6,cash
4144,2024-08-19,Downtown,5,65,25,7.14,cash
4145,2024-08-19,Riverside,6,120,84,22.04,cash
4146,2024-08-19,Riverside,3,48,42,25.92,card
4147,2024-08-19,Riverside,6,168,30,80.79,card
4148,2024-08-19,Airport,1,17,8,4.48,card
4149,2024-08-19,Airport,3,84,9,11.66,cash
4150,2024-08-19,Airport,6,114,66,27.3,card
4151,2024-08-19,Airport,2,28,26,5.48,card
4152,2024-08-19,Airport,6,162,48,20.75,cash
4153,2024-08-19,Mall,5,115,50,14.5,cash
4154,2024-08-19,Mall,4,72,40,16.19,card
4155,2024-08-19,Mall,2,48,22,3.95,cash
4156,2024-08-19,Mall,3,54,30,14.49,card
4157,2024-08-19,Mall,1,28,12,2.7,cash
4158,2024-08-19,Mall,2,30,6,2.47,cash
4159,2024-08-20,Downtown,5,125,15,-15.78,cash
4160,2024-08-20,Downtown,1,26,6,6.25,card
4161,2024-08-20,Downtown,3,69,33,13.61,card
4162,2024-08-20,Downtown,1,12,3,1.5,cash
4163,2024-08-20,Riverside,1,21,11,3.53,cash
4164,2024-08-20,Riverside,5,60,55,18.53,card
4165,2024-08-20,Riverside,3,81,30,8.35,cash
4166,2024-08-20,Riverside,6,144,18,20.4,card
4167,2024-08-20,Riverside,1,25,9,6.14,card
4168,2024-08-20,,4,80,24,19.55,card
4169,2024-08-20,Airport,2,30,16,6.19,card
4170,2024-08-20,Airport,1,15,13,3.16,card
4171,2024-08-20,Airport,1,15,9,2.77,card
4172,2024-08-20,Mall,2,44,22,8.14,card
4173,2024-08-20,Mall,1,23,10,6.16,card
4174,2024-08-20,Mall,2,50,14,7.77,card
4175,2024-08-20,Mall,3,39,27,10.19,card
4176,2024-08-20,Mall,2,42,16,5.7,cash
4177,2024-08-20,Mall,3,81,30,21.97,card
4178,2024-08-21,Downtown,5,120,20,15.68,card
4179,2024-08-21,Downtown,6,150,18,19.9,card
4180,2024-08-21,Downtown,2,42,14,9.32,card
4181,2024-08-21,Downtown,3,57,33,16.31,card
4182,2024-08-21,Downtown,4,48,16,8.49,card
4183,2024-08-21,Downtown,3,72,12,6.13,cash
4184,2024-08-21,Riverside,4,120,32,52.66,card
4185,2024-08-21,Riverside,4,120,36,17.88,cash
4186,2024-08-21,Riverside,6,120,66,66.13,card
4187,2024-08-21,Riverside,1,29,10,5.83,card
4188,2024-08-21,Airport,3,84,42,21.99,card
4189,2024-08-21,Airport,2,30,18,6.18,card
4190,2024-08-21,Airport,3,87,21,18.31,card
4191,2024-08-21,Airport,4,68,44,9.85,cash
4192,2024-08-21,Airport,2,48,6,10.73,card
4193,2024-08-21,Mall,2,50,26,8.76,card
4194,2024-08-21,Mall,2,26,8,6.56,card
4195,2024-08-21,Mall,2,38,8,8.59,card
4196,2024-08-21,Mall,5,130,55,32.19,card
4197,2024-08-22,Downtown,3,72,42,13.36,cash
4198,2024-08-22,Downtown,5,145,35,29.42,card
4199,2024-08-22,Downtown,4,76,36,6.43,cash
4200,2024-08-22,Downtown,6,138,18,24.86,card
4201,2024-08-22,Downtown,3,75,18,17.83,card
4202,2024-08-22,Downtown,2,60,20,8.4,card
4203,2024-08-22,Riverside,4,56,44,42.68,card
4204,2024-08-22,Riverside,4,64,40,33.49,card
4205,2024-08-22,Riverside,5,75,30,17.18,card
4206,2024-08-22,Riverside,5,60,60,13.02,card
4207,2024-08-22,Airport,5,150,20,22.02,cash
4208,2024-08-22,Airport,1,21,9,2.68,cash
4209,2024-08-22,Airport,4,72,12,10.4,card
4210,2024-08-22,Airport,3,51,33,15.07,card
4211,2024-08-22,Airport,4,68,44,20.67,card
4212,2024-08-22,Airport,2,38,14,8.89,card
4213,2024-08-22,Mall,4,60,48,11.49,card
4214,2024-08-22,Mall,5,65,25,6.26,cash
4215,2024-08-22,Mall,6,84,24,12.93,card
4216,2024-08-22,Mall,5,85,60,15.3,card
4217,2024-08-22,Mall,2,48,24,10.21,card
4218,2024-08-22,Mall,1,27,7,5.25,card
4219,2024-08-23,Downtown,6,84,84,21.42,cash
4220,2024-08-23,Downtown,1,27,9,4.6,cash
4221,2024-08-23,Downtown,3,66,33,11.68,cash
4222,2024-08-23,Downtown,4,108,16,21.07,card
4223,2024-08-23,Downtown,5,105,25,11.05,cash
4224,2024-08-23,Riverside,1,25,6,4.36,card
4225,2024-08-23,Riverside,3,90,15,14.81,card
4226,2024-08-23,Riverside,5,135,45,12.18,cash
4227,2024-08-23,Airport,3,75,27,13.48,card
4228,2024-08-23,Airport,4,64,44,11.99,card
4229,2024-08-23,Airport,6,150,36,36.64,card
4230,2024-08-23,Mall,3,39,12,8.87,card
4231,2024-08-23,Mall,3,39,36,7.7,cash
4232,2024-08-23,Mall,1,25,9,2.84,cash
4233,2024-08-23,Mall,2,58,22,8.93,card
4234,2024-08-23,Mall,4,112,24,18.13,card
4235,2024-08-24,Downtown,5,65,30,10.91,card
4236,2024-08-24,Downtown,6,138,18,27.59,card
4237,2024-08-24,Downtown,1,24,12,2.45,cash
4238,2024-08-24,Downtown,6,96,66,24.67,card
4239,2024-08-24,Riverside,4,68,44,9.31,cash
4240,2024-08-24,Riverside,3,87,12,28.5,card
4241,2024-08-24,Riverside,3,51,12,7.18,cash
4242,2024-08-24,Airport,2,24,26,6.17,cash
4243,2024-08-24,Airport,5,75,25,14.03,card
4244,2024-08-24,Airport,2,42,18,4.08,cash
4245,2024-08-24,Airport,1,18,5,1.2,cash
4246,2024-08-24,Airport,3,84,15,18.74,card
4247,2024-08-24,Mall,3,84,9,9.83,card
4248,2024-08-24,Mall,6,78,84,22.68,card
4249,2024-08-24,Mall,2,32,18,5.39,card
4250,2024-08-24,Mall,1,22,11,4.87,card
4251,2024-08-24,Mall,2,60,6,11.42,card
4252,2024-08-25,Downtown,6,156,36,18.21,cash
4253,2024-08-25,Downtown,2,54,18,14.07,card
4254,2024-08-25,Downtown,1,22,9,4.81,card
4255,2024-08-25,Riverside,1,24,10,4.49,card
4256,2024-08-25,Riverside,5,75,40,10.89,cash
4257,2024-08-25,Riverside,5,105,45,18.5,card
4258,2024-08-25,Riverside,6,174,24,17.13,cash
4259,2024-08-25,Riverside,5,120,40,63.45,card
4260,2024-08-25,Riverside,4,76,20,38.23,card
4261,2024-08-25,Airport,6,120,48,32.9,card
4262,2024-08-25,Airport,2,26,12,6.84,card
4263,2024-08-25,Airport,3,57,42,10.42,card
4264,2024-08-25,Airport,6,126,54,24.18,card
4265,2024-08-25,Mall,2,30,12,4.73,card
4266,2024-08-25,Mall,5,70,60,15.11,card
4267,2024-08-25,Mall,4,48,40,9.09,cash
4268,2024-08-25,Mall,1,12,14,2.2,cash
4269,2024-08-25,Mall,4,88,40,20.21,card
4270,2024-08-26,Downtown,6,84,24,9.08,cash
4271,2024-08-26,Downtown,5,135,15,21.6,card
4272,2024-08-26,Downtown,4,80,48,13.43,cash
4273,2024-08-26,Downtown,1,19,6,4.09,card
4274,2024-08-26,Riverside,2,56,14,7.48,card
4275,2024-08-26,,1,24,12,10.69,card
4276,2024-08-26,Riverside,4,96,12,6.91,cash
4277,2024-08-26,Airport,4,84,56,21.93,card
4278,2024-08-26,Airport,2,24,26,4.83,cash
4279,2024-08-26,,1,20,10,3.98,card
4280,2024-08-26,Mall,6,150,72,44.24,card
4281,2024-08-26,Mall,2,36,14,8.5,card
4282,2024-08-26,Mall,1,14,12,3.76,card
4283,2024-08-26,Mall,1,20,9,1.59,cash
4284,2024-08-26,Mall,5,125,30,21.5,card
4285,2024-08-26,Mall,6,114,36,13.77,cash
4286,2024-08-27,Downtown,2,42,16,7.37,card
4287,2024-08-27,Downtown,1,22,7,4.24,card
4288,2024-08-27,Downtown,3,75,30,14.41,card
4289,2024-08-27,Riverside,3,42,42,31.04,card
4290,2024-08-27,Riverside,6,84,18,29.34,card
4291,2024-08-27,Riverside,4,100,44,61.55,card
4292,2024-08-27,Airport,2,26,28,7.58,card
4293,2024-08-27,Airport,2,34,16,8.61,card
4294,2024-08-27,Airport,2,32,6,4.24,cash
4295,2024-08-27,Airport,4,52,40,15.78,card
4296,2024-08-27,Airport,3,36,9,2.49,cash
4297,2024-08-27,Mall,3,42,42,9.36,card
4298,2024-08-27,Mall,3,48,30,9.94,card
4299,2024-08-27,Mall,2,58,6,7.71,card
4300,2024-08-27,Mall,5,100,25,24.33,card
4301,2024-08-27,Mall,3,90,33,16.77,card
4302,2024-08-28,Downtown,1,20,5,4.57,card
4303,2024-08-28,Downtown,2,32,18,5.74,card
4304,2024-08-28,Downtown,2,26,20,5.17,card
4305,2024-08-28,Downtown,2,42,20,4.99,cash
4306,2024-08-28,Riverside,4,64,28,6.72,cash
4307,2024-08-28,Riverside,1,17,3,1.99,cash
4308,2024-08-28,Riverside,4,108,12,50.36,card
4309,2024-08-28,Airport,3,69,24,14.23,card
4310,2024-08-28,Airport,2,44,28,8.69,card
4311,2024-08-28,Airport,4,56,12,6.99,cash
4312,2024-08-28,Airport,4,120,40,20.76,card
4313,2024-08-28,Airport,2,26,14,5.07,cash
4314,2024-08-28,Mall,4,120,44,12.57,cash
4315,2024-08-28,Mall,2,48,14,10.9,card
4316,2024-08-28,Mall,1,16,8,2.75,cash
4317,2024-08-28,Mall,2,24,12,2.65,cash
4318,2024-08-28,Mall,2,52,22,12.58,card
4319,2024-08-29,Downtown,4,48,48,16.33,card
4320,2024-08-29,Downtown,2,52,26,13.47,card
4321,2024-08-29,Downtown,1,22,14,6.74,card
4322,2024-08-29,,4,96,32,40.77,card
4323,2024-08-29,Riverside,1,25,11,13.69,card
4324,2024-08-29,Riverside,4,96,52,22.38,card
4325,2024-08-29,Riverside,3,60,21,5.46,cash
4326,2024-08-29,Airport,3,78,33,11.03,cash
4327,2024-08-29,Airport,2,58,12,4.2,cash
4328,2024-08-29,Airport,6,84,36,13.43,cash
4329,2024-08-29,Airport,4,56,48,13.23,card
4330,2024-08-29,Mall,2,44,6,4.57,cash
4331,2024-08-29,Mall,2,50,22,8,card
4332,2024-08-29,Mall,1,28,10,6.17,card
4333,2024-08-29,Mall,5,135,55,32.66,card
4334,2024-08-29,Mall,2,32,20,5.23,card
4335,2024-08-29,Mall,5,90,65,16.14,cash
4336,2024-08-30,Downtown,3,60,21,15.08,card
4337,2024-08-30,Downtown,1,25,14,6.86,card
4338,2024-08-30,Downtown,4,64,24,8.85,cash
4339,2024-08-30,Downtown,5,120,65,34.16,card
4340,2024-08-30,Downtown,4,68,28,12.59,card
4341,2024-08-30,Riverside,5,120,30,48.27,card
4342,2024-08-30,Riverside,1,26,4,2.8,cash
4343,2024-08-30,Riverside,1,21,9,10.76,card
4344,2024-08-30,Airport,3,60,27,9.49,card
4345,2024-08-30,Airport,4,80,32,22.03,card
4346,2024-08-30,Airport,5,85,40,23.38,card
4347,2024-08-30,Airport,4,72,32,5.92,cash
4348,2024-08-30,Airport,3,81,21,9.67,cash
4349,2024-08-30,Airport,6,72,36,13.14,card
4350,2024-08-30,Mall,3,69,15,15.52,card
4351,2024-08-30,Mall,1,25,5,5.71,card
4352,2024-08-30,Mall,2,52,14,9.42,card
4353,2024-08-30,Mall,4,72,52,15.58,card
4354,2024-08-30,Mall,5,145,70,15.06,cash
4355,2024-08-31,Downtown,5,130,20,17.88,cash
4356,2024-08-31,Downtown,4,116,12,20.29,card
4357,2024-08-31,Downtown,2,38,6,5.83,card
4358,2024-08-31,Downtown,3,54,9,10.6,card
4359,2024-08-31,Riverside,5,80,15,27.45,card
4360,2024-08-31,Riverside,2,42,24,9.12,card
4361,2024-08-31,Riverside,6,114,24,13.28,cash
4362,2024-08-31,Riverside,2,34,20,3.51,cash
4363,2024-08-31,Riverside,3,63,15,5.78,cash
4364,2024-08-31,Riverside,4,88,48,14.76,cash
4365,2024-08-31,Airport,3,66,27,6.4,cash
4366,2024-08-31,Airport,6,138,18,21.74,card
4367,2024-08-31,Airport,3,45,30,10.55,card
4368,2024-08-31,Mall,4,112,44,26.52,card
4369,2024-08-31,Mall,4,64,32,4.92,cash
4370,2024-08-31,Mall,1,27,8,6.47,card
4371,2024-08-31,Mall,4,92,44,14.02,cash
4372,2024-08-31,Mall,6,150,66,24.09,cash
4373,2024-08-31,Mall,5,95,25,21.77,card
4374,2024-09-01,Downtown,5,60,65,12.33,cash
4375,2024-09-01,Downtown,1,23,11,3.18,cash
4376,2024-09-01,Downtown,1,18,9,4.55,card
4377,2024-09-01,Downtown,3,81,42,13.15,cash
4378,2024-09-01,Downtown,1,27,5,-6.21,cash
4379,2024-09-01,Riverside,2,60,26,16,card
4380,2024-09-01,Riverside,2,42,20,4.68,cash
4381,2024-09-01,Riverside,2,24,18,5.84,card
4382,2024-09-01,Riverside,6,120,54,11.42,cash
4383,2024-09-01,Riverside,6,168,42,25.08,cash
4384,2024-09-01,Airport,5,125,55,21.33,card
4385,2024-09-01,Airport,4,120,36,16.07,cash
4386,2024-09-01,Airport,4,76,48,22.36,card
4387,2024-09-01,Mall,1,24,11,4.96,card
4388,2024-09-01,Mall,6,126,36,17.06,cash
4389,2024-09-01,Mall,2,36,18,6.79,card
4390,2024-09-02,Downtown,3,90,12,13.81,card
4391,2024-09-02,Downtown,1,20,4,1.64,cash
4392,2024-09-02,Downtown,6,168,84,46.07,card
4393,2024-09-02,Downtown,1,26,12,7.14,card
4394,2024-09-02,Riverside,3,75,9,27.6,card
4395,2024-09-02,Riverside,5,135,50,22.61,cash
4396,2024-09-02,Riverside,3,78,12,30.54,card
4397,2024-09-02,Riverside,3,75,24,12.26,card
4398,2024-09-02,Riverside,6,102,84,26.32,card
4399,2024-09-02,Riverside,5,85,45,13.7,card
4400,2024-09-02,Airport,4,112,28,24.31,card
4401,2024-09-02,Airport,4,84,24,13.32,card
4402,2024-09-02,Airport,4,52,52,13.79,card
4403,2024-09-02,Airport,2,26,26,2.87,cash
4404,2024-09-02,Airport,6,96,42,20.28,card
4405,2024-09-02,Airport,4,56,56,17.7,card
4406,2024-09-02,Mall,4,96,40,19.65,card
4407,2024-09-02,Mall,3,45,21,8.25,card
4408,2024-09-02,Mall,5,95,30,12.52,card
4409,2024-09-03,Downtown,3,48,9,10.41,card
4410,2024-09-03,Downtown,6,72,48,22.73,card
4411,2024-09-03,Downtown,1,17,8,2.63,card
4412,2024-09-03,Riverside,1,19,7,9.84,card
4413,2024-09-03,Riverside,3,90,12,20.03,card
4414,2024-09-03,Riverside,6,126,42,13.34,cash
4415,2024-09-03,Riverside,4,56,24,9.92,card
4416,2024-09-03,Riverside,6,156,18,18.94,cash
4417,2024-09-03,Airport,5,125,40,19.78,cash
4418,2024-09-03,Airport,6,180,54,24.11,card
4419,2024-09-03,Airport,5,130,40,24.65,card
4420,2024-09-03,Airport,3,84,21,5.84,cash
4421,2024-09-03,Airport,6,162,78,28.97,card
4422,2024-09-03,Mall,3,69,39,12.6,card
4423,2024-09-03,Mall,2,48,20,12.52,card
4424,2024-09-03,Mall,4,104,32,24.43,card
4425,2024-09-03,Mall,2,34,20,2.85,cash
4426,2024-09-03,Mall,5,75,30,11.79,cash
4427,2024-09-03,Mall,3,42,18,10.13,card
4428,2024-09-04,Downtown,1,27,6,4.32,card
4429,2024-09-04,Downtown,4,76,56,22.08,card
4430,2024-09-04,Downtown,1,14,7,1.77,cash
4431,2024-09-04,Downtown,3,90,42,17.12,card
4432,2024-09-04,Downtown,4,108,48,16.15,cash
4433,2024-09-04,Downtown,5,125,25,10.69,cash
4434,2024-09-04,Riverside,6,144,72,28.63,card
4435,2024-09-04,Riverside,2,58,24,13.65,card
4436,2024-09-04,Riverside,3,39,42,14.42,card
4437,2024-09-04,Airport,4,76,28,18.17,card
4438,2024-09-04,Airport,2,56,26,14.43,card
4439,2024-09-04,Airport,6,108,48,20.12,card
4440,2024-09-04,Airport,6,102,60,21.84,card
4441,2024-09-04,Airport,1,20,12,5.92,card
4442,2024-09-04,Mall,1,27,4,5.36,card
4443,2024-09-04,Mall,6,102,66,22.78,card
4444,2024-09-04,Mall,1,30,3,3.05,cash
4445,2024-09-05,Downtown,6,138,24,18.88,card
4446,2024-09-05,Downtown,4,56,20,3.94,cash
4447,2024-09-05,Downtown,6,126,60,-9.16,card
4448,2024-09-05,Downtown,1,30,14,5.05,cash
4449,2024-09-05,Riverside,5,120,45,32.69,card
4450,2024-09-05,Riverside,2,28,28,4.67,cash
4451,2024-09-05,Riverside,3,90,24,13.62,cash
4452,2024-09-05,Riverside,2,36,16,6.61,cash
4453,2024-09-05,Airport,6,126,24,25.57,card
4454,2024-09-05,Airport,4,100,56,23.46,card
4455,2024-09-05,Airport,2,46,14,7.59,card
4456,2024-09-05,Airport,1,16,11,2.61,cash
4457,2024-09-05,Mall,3,63,36,10.37,card
4458,2024-09-05,Mall,6,96,60,28.04,card
4459,2024-09-05,Mall,1,30,4,4.26,cash
4460,2024-09-05,Mall,5,100,25,21.69,card
4461,2024-09-05,Mall,3,66,9,13.17,card
4462,2024-09-05,Mall,2,34,14,8.43,card
4463,2024-09-06,Downtown,5,60,70,7.02,cash
4464,2024-09-06,Downtown,5,145,15,26.27,card
4465,2024-09-06,Downtown,3,54,9,4.48,cash
4466,2024-09-06,Downtown,4,96,44,11.86,cash
4467,2024-09-06,Downtown,3,42,24,7.55,card
4468,2024-09-06,Downtown,6,96,54,18.46,card
4469,2024-09-06,Riverside,5,125,15,43.73,card
4470,2024-09-06,Riverside,4,112,28,52.43,card
4471,2024-09-06,Riverside,2,54,26,25.79,card
4472,2024-09-06,Riverside,4,72,40,7.51,cash
4473,2024-09-06,Riverside,5,140,50,10.19,cash
4474,2024-09-06,Riverside,4,104,28,11.43,cash
4475,2024-09-06,Airport,5,110,20,21.18,card
4476,2024-09-06,Airport,1,21,4,4.19,card
4477,2024-09-06,Airport,6,72,48,21.25,card
4478,2024-09-06,Airport,3,87,15,7.2,cash
4479,2024-09-06,Airport,3,66,36,15.03,card
4480,2024-09-06,Airport,5,60,70,14.27,card
4481,2024-09-06,Mall,4,72,24,10.73,card
4482,2024-09-06,Mall,5,120,45,26.62,card
4483,2024-09-06,Mall,6,78,60,25.09,card
4484,2024-09-07,Downtown,3,75,42,20.9,card
4485,2024-09-07,Downtown,5,110,50,31.04,card
4486,2024-09-07,Downtown,4,108,12,13.79,card
4487,2024-09-07,Downtown,2,26,10,4.63,cash
4488,2024-09-07,Riverside,1,23,10,13.01,card
4489,2024-09-07,Riverside,4,72,52,15.25,cash
4490,2024-09-07,Riverside,5,85,35,12.83,card
4491,2024-09-07,Riverside,5,75,40,10.54,cash
4492,2024-09-07,Riverside,1,27,3,9.66,card
4493,2024-09-07,Riverside,5,130,30,11.18,cash
4494,2024-09-07,Airport,5,140,30,25.84,card
4495,2024-09-07,Airport,5,150,35,22.24,cash
4496,2024-09-07,Airport,3,36,9,5.62,cash
4497,2024-09-07,Airport,5,150,50,27.2,card
4498,2024-09-07,Mall,1,26,4,3.04,card
4499,2024-09-07,Mall,2,50,16,9.05,card
4500,2024-09-07,Mall,1,22,9,3.13,cash
4501,2024-09-07,Mall,2,48,14,6.03,cash
4502,2024-09-07,Mall,3,72,36,13.75,card
4503,2024-09-08,Downtown,3,72,42,9.16,cash
4504,2024-09-08,Downtown,6,84,36,9.43,cash
4505,2024-09-08,Downtown,3,42,27,3.98,cash
4506,2024-09-08,Downtown,3,60,39,16.41,card
4507,2024-09-08,Downtown,5,100,35,12.74,cash
4508,2024-09-08,Downtown,6,90,30,6.16,cash
4509,2024-09-08,Riverside,3,81,18,9.22,cash
4510,2024-09-08,Riverside,2,48,22,28.43,card
4511,2024-09-08,Riverside,4,116,12,54.76,card
4512,2024-09-08,Riverside,2,34,20,15.37,card
4513,2024-09-08,Riverside,1,29,8,7.29,card
4514,2024-09-08,Riverside,3,66,27,28.91,card
4515,2024-09-08,Airport,4,80,48,6.6,cash
4516,2024-09-08,Airport,3,81,18,14.2,card
4517,2024-09-08,Airport,6,174,54,36.78,card
4518,2024-09-08,Airport,2,38,8,8.28,card
4519,2024-09-08,Mall,2,24,14,2.11,cash
4520,2024-09-08,Mall,2,46,24,9.44,card
4521,2024-09-08,Mall,5,140,55,32.96,card
4522,2024-09-09,Downtown,1,30,11,4.65,card
4523,2024-09-09,Downtown,2,42,6,6.59,card
4524,2024-09-09,Downtown,3,84,15,12.87,card
4525,2024-09-09,Riverside,5,70,35,43.8,card
4526,2024-09-09,Riverside,1,29,13,12.76,card
4527,2024-09-09,Riverside,6,156,42,21.32,card
4528,2024-09-09,Riverside,3,75,18,34.59,card
4529,2024-09-09,Riverside,3,75,12,29.45,card
4530,2024-09-09,Riverside,1,20,12,3.67,card
4531,2024-09-09,Airport,1,16,8,4.54,card
4532,2024-09-09,Airport,6,102,48,16.34,card
4533,2024-09-09,Airport,1,21,12,2.15,cash
4534,2024-09-09,Airport,5,105,25,10.81,cash
4535,2024-09-09,Airport,4,84,28,16.37,card
4536,2024-09-09,Mall,5,95,60,22.64,card
4537,2024-09-09,Mall,5,80,45,9.83,cash
4538,2024-09-09,,4,116,16,8.07,cash
4539,2024-09-09,Mall,3,90,15,12.82,card
4540,2024-09-09,Mall,2,56,28,8.88,cash
4541,2024-09-09,Mall,6,174,78,44.69,card
4542,2024-09-10,Downtown,1,16,10,5,card
4543,2024-09-10,Downtown,4,88,16,13.68,card
4544,2024-09-10,Downtown,2,38,14,10,card
4545,2024-09-10,Downtown,2,34,14,3.92,cash
4546,2024-09-10,Downtown,3,54,30,8.58,card
4547,2024-09-10,Downtown,1,30,3,4.93,card
4548,2024-09-10,Riverside,2,38,10,6.91,card
4549,2024-09-10,Riverside,6,96,48,26.56,card
4550,2024-09-10,Riverside,5,130,30,51.32,card
4551,2024-09-10,Riverside,3,75,39,21.68,card
4552,2024-09-10,Riverside,2,58,24,28.84,card
4553,2024-09-10,Riverside,5,80,40,12.86,card
4554,2024-09-10,Airport,2,50,14,12.76,card
4555,2024-09-10,Airport,5,110,35,24.76,card
4556,2024-09-10,Airport,1,24,8,4.33,card
4557,2024-09-10,Mall,2,46,26,14.01,card
4558,2024-09-10,Mall,3,51,21,7.57,card
4559,2024-09-10,Mall,6,102,66,23.17,card
4560,2024-09-10,Mall,2,46,16,11.86,card
4561,2024-09-10,Mall,3,51,12,12.3,card
4562,2024-09-10,Mall,2,58,18,12.29,card
4563,2024-09-11,Downtown,4,60,12,5.59,cash
4564,2024-09-11,Downtown,3,42,42,9.58,cash
4565,2024-09-11,Downtown,6,90,72,27.56,card
4566,2024-09-11,Downtown,5,135,60,34.83,card
4567,2024-09-11,Downtown,4,100,28,15.67,card
4568,2024-09-11,Downtown,1,14,9,2.39,cash
4569,2024-09-11,Riverside,5,65,65,15.69,cash
4570,2024-09-11,Riverside,2,30,16,4.36,cash
4571,2024-09-11,Riverside,5,70,55,15.32,cash
4572,2024-09-11,Riverside,6,144,30,73.02,card
4573,2024-09-11,Airport,2,48,26,7.09,cash
4574,2024-09-11,Airport,3,66,36,-8.12,card
4575,2024-09-11,Airport,6,138,66,35.74,card
4576,2024-09-11,Mall,2,24,22,8.82,card
4577,2024-09-11,Mall,1,30,14,3.55,cash
4578,2024-09-11,Mall,6,162,84,16.69,cash
4579,2024-09-11,Mall,6,180,60,18.42,cash
4580,2024-09-11,Mall,3,48,18,7.57,card
4581,2024-09-12,Downtown,6,90,54,9.88,cash
4582,2024-09-12,Downtown,2,52,18,12.49,card
4583,2024-09-12,Downtown,1,28,6,4.79,card
4584,2024-09-12,Downtown,5,105,30,26.88,card
4585,2024-09-12,Downtown,3,81,27,13.74,card
4586,2024-09-12,Downtown,2,42,14,8.5,card
4587,2024-09-12,Riverside,4,48,52,39.5,card
4588,2024-09-12,Riverside,2,24,28,20.56,card
4589,2024-09-12,Riverside,5,75,35,14.27,card
4590,2024-09-12,Riverside,5,85,25,32.27,card
4591,2024-09-12,Riverside,2,48,18,24.29,card
4592,2024-09-12,Airport,3,81,27,6.89,cash
4593,2024-09-12,Airport,2,28,12,2.6,cash
4594,2024-09-12,Airport,3,81,12,10.66,card
4595,2024-09-12,Mall,5,95,30,6.41,cash
4596,2024-09-12,Mall,2,28,28,7.49,card
4597,2024-09-12,Mall,6,144,60,26.79,card
4598,2024-09-12,Mall,2,24,22,2.45,cash
4599,2024-09-12,Mall,1,18,13,3.12,cash
4600,2024-09-12,Mall,2,36,12,7.32,card
4601,2024-09-13,Downtown,5,130,20,19.45,card
4602,2024-09-13,Downtown,3,45,36,15.38,card
4603,2024-09-13,Downtown,6,126,60,21.12,card
4604,2024-09-13,Downtown,4,72,52,13.34,card
4605,2024-09-13,Downtown,2,42,14,6.06,card
4606,2024-09-13,Downtown,2,56,14,7.19,card
4607,2024-09-13,Riverside,4,116,44,59.19,card
4608,2024-09-13,Riverside,1,18,8,2.11,cash
4609,2024-09-13,Riverside,5,120,40,18.55,cash
4610,2024-09-13,Airport,1,13,8,4.19,card
4611,2024-09-13,Airport,2,54,18,6.57,cash
4612,2024-09-13,Airport,3,39,18,4.03,cash
4613,2024-09-13,Airport,3,39,39,7.96,cash
4614,2024-09-13,Airport,2,48,14,9.24,card
4615,2024-09-13,Airport,5,145,15,31.6,card
4616,2024-09-13,Mall,4,76,24,7.39,cash
4617,2024-09-13,Mall,4,68,36,11.03,cash
4618,2024-09-13,Mall,5,85,60,18.46,card
4619,2024-09-13,Mall,6,84,72,21.46,card
4620,2024-09-13,Mall,6,180,54,43.58,card
4621,2024-09-14,Downtown,4,64,52,17.86,card
4622,2024-09-14,Downtown,3,66,9,7.57,card
4623,2024-09-14,Downtown,4,80,44,13.91,card
4624,2024-09-14,Downtown,6,78,72,21.73,card
4625,2024-09-14,Riverside,1,30,4,5.69,card
4626,2024-09-14,Riverside,1,12,14,2.69,card
4627,2024-09-14,Riverside,1,29,11,13.68,card
4628,2024-09-14,Riverside,1,16,3,2.59,card
4629,2024-09-14,Riverside,5,135,55,61.92,card
4630,2024-09-14,Airport,1,22,3,3.46,card
4631,2024-09-14,Airport,5,80,60,22.61,card
4632,2024-09-14,Airport,1,30,10,6.26,card
4633,2024-09-14,Airport,6,132,72,24.97,card
4634,2024-09-14,Mall,3,66,33,16.26,card
4635,2024-09-14,Mall,1,12,3,2.57,card
4636,2024-09-14,Mall,3,60,39,14.15,card
4637,2024-09-14,Mall,4,96,24,20.53,card
4638,2024-09-14,Mall,2,42,6,5.79,card
4639,2024-09-14,Mall,1,25,8,5.46,card
4640,2024-09-15,Downtown,5,135,25,20.36,cash
4641,2024-09-15,Downtown,6,102,42,24.99,card
4642,2024-09-15,Downtown,4,100,16,13.08,card
4643,2024-09-15,Downtown,5,95,30,15.67,card
4644,2024-09-15,Downtown,5,135,60,31.83,card
4645,2024-09-15,Downtown,1,18,14,5.81,card
4646,2024-09-15,Riverside,3,78,27,34.78,card
4647,2024-09-15,Riverside,2,34,14,19.99,card
4648,2024-09-15,Riverside,5,65,20,15.81,card
4649,2024-09-15,Riverside,6,84,72,17.64,cash
4650,2024-09-15,Airport,1,12,12,3.57,card
4651,2024-09-15,Airport,3,75,33,13.37,card
4652,2024-09-15,Airport,6,84,48,13.05,cash
4653,2024-09-15,Airport,5,145,70,38.91,card
4654,2024-09-15,Mall,1,13,13,4.33,card
4655,2024-09-15,Mall,1,22,14,6.91,card
4656,2024-09-15,Mall,4,60,24,9.8,card
4657,2024-09-16,Downtown,6,126,84,27.14,card
4658,2024-09-16,Downtown,2,40,22,8.03,cash
4659,2024-09-16,Downtown,1,18,13,1.66,cash
4660,2024-09-16,Downtown,6,162,18,19.86,card
4661,2024-09-16,Downtown,3,42,21,-12.5,card
4662,2024-09-16,Riverside,2,26,10,6.7,card
4663,2024-09-16,Riverside,2,58,12,9.99,card
4664,2024-09-16,Riverside,3,54,15,8.34,card
4665,2024-09-16,Riverside,1,19,11,2.99,cash
4666,2024-09-16,Riverside,3,69,15,11.2,card
4667,2024-09-16,Airport,5,150,60,23.39,card
4668,2024-09-16,Airport,3,57,27,10.66,card
4669,2024-09-16,Airport,2,30,12,5.4,cash
4670,2024-09-16,Airport,5,80,15,12.25,cash
4671,2024-09-16,Airport,4,88,44,20.19,card
4672,2024-09-16,Airport,2,56,8,4.93,cash
4673,2024-09-16,Mall,2,32,10,6.75,card
4674,2024-09-16,Mall,4,96,28,9.03,cash
4675,2024-09-16,Mall,5,105,20,18.46,card
4676,2024-09-16,Mall,2,38,26,8.36,card
4677,2024-09-16,Mall,3,60,30,15.43,card
4678,2024-09-17,Downtown,1,21,4,1.31,cash
4679,2024-09-17,Downtown,6,162,66,23.45,card
4680,2024-09-17,Downtown,2,34,10,4.22,cash
4681,2024-09-17,Riverside,1,26,7,2.57,cash
4682,2024-09-17,Riverside,5,120,30,19.23,cash
4683,2024-09-17,Riverside,2,26,24,6.82,card
4684,2024-09-17,Riverside,4,104,24,11.07,cash
4685,2024-09-17,Riverside,4,52,36,32.32,card
4686,2024-09-17,Riverside,6,102,84,15.84,cash
4687,2024-09-17,Airport,1,17,4,2.39,card
4688,2024-09-17,Airport,4,80,40,22.11,card
4689,2024-09-17,Airport,5,140,50,29.36,card
4690,2024-09-17,Airport,6,126,84,33.24,card
4691,2024-09-17,Airport,2,52,22,5.99,cash
4692,2024-09-17,Airport,2,30,6,2.65,cash
4693,2024-09-17,Mall,3,90,18,7.9,cash
4694,2024-09-17,Mall,4,96,36,14.67,card
4695,2024-09-17,Mall,4,120,28,18.43,card
4696,2024-09-17,Mall,6,114,42,20.31,card
4697,2024-09-17,Mall,6,102,24,8.86,cash
4698,2024-09-17,Mall,3,87,24,18.04,card
4699,2024-09-18,Downtown,5,130,40,25.19,card
4700,2024-09-18,Downtown,1,12,7,1.23,cash
4701,2024-09-18,Downtown,1,16,8,3.41,card
4702,2024-09-18,Downtown,2,46,22,8.85,card
4703,2024-09-18,Downtown,5,105,35,21.79,card
4704,2024-09-18,Downtown,5,110,15,16.76,card
4705,2024-09-18,Riverside,2,32,16,3.8,cash
4706,2024-09-18,Riverside,3,66,9,4.69,cash
4707,2024-09-18,Riverside,4,84,44,6.85,cash
4708,2024-09-18,Riverside,6,96,42,9.32,cash
4709,2024-09-18,Riverside,6,90,78,61.68,card
4710,2024-09-18,Airport,3,69,36,12.37,card
4711,2024-09-18,Airport,2,40,26,10.52,card
4712,2024-09-18,Airport,3,69,39,18.45,card
4713,2024-09-18,Mall,5,105,55,20.74,card
4714,2024-09-18,Mall,4,112,16,14.87,cash
4715,2024-09-18,Mall,4,116,24,16.41,card
4716,2024-09-19,Downtown,6,156,54,18.21,cash
4717,2024-09-19,Downtown,4,64,44,16.07,card
4718,2024-09-19,Downtown,6,108,66,23.3,card
4719,2024-09-19,Riverside,2,52,10,11.63,card
4720,2024-09-19,Riverside,6,96,60,55.23,card
4721,2024-09-19,Riverside,2,26,24,14.03,card
4722,2024-09-19,Riverside,3,75,27,11.34,cash
4723,2024-09-19,Airport,4,120,16,18.26,card
4724,2024-09-19,Airport,3,72,12,9.54,card
4725,2024-09-19,Airport,6,84,36,19.09,card
4726,2024-09-19,,2,56,10,9.45,card
4727,2024-09-19,Airport,2,48,20,11.36,card
4728,2024-09-19,Airport,5,80,70,25.4,card
4729,2024-09-19,Mall,3,72,18,10.28,card
4730,2024-09-19,Mall,2,34,10,5.43,cash
4731,2024-09-19,Mall,2,60,26,10.13,cash
4732,2024-09-20,Downtown,5,150,50,10.87,cash
4733,2024-09-20,Downtown,2,24,24,6.51,card
4734,2024-09-20,Downtown,2,52,26,4.72,cash
4735,2024-09-20,Downtown,2,52,16,12.42,card
4736,2024-09-20,Downtown,6,126,72,34.91,card
4737,2024-09-20,Riverside,2,52,16,21.98,card
4738,2024-09-20,Riverside,1,26,9,3.72,card
4739,2024-09-20,Riverside,1,27,7,11.52,card
4740,2024-09-20,Riverside,5,140,60,59.42,card
4741,2024-09-20,Riverside,2,28,6,4.52,card
4742,2024-09-20,Airport,5,85,35,12.12,card
4743,2024-09-20,Airport,2,50,14,11.67,card
4744,2024-09-20,Airport,1,15,8,3.49,card
4745,2024-09-20,Airport,5,65,65,20.07,card
4746,2024-09-20,Airport,5,80,45,10.75,cash
4747,2024-09-20,Airport,4,112,24,12.91,cash
4748,2024-09-20,Mall,1,30,5,3.58,cash
4749,2024-09-20,Mall,2,28,8,-7.33,card
4750,2024-09-20,Mall,4,92,44,17.27,cash
4751,2024-09-20,Mall,2,44,6,3.56,cash
4752,2024-09-20,Mall,3,51,24,14.84,card
4753,2024-09-20,Mall,1,18,10,1.78,cash
4754,2024-09-21,Downtown,2,50,24,10.63,card
4755,2024-09-21,Downtown,2,32,8,3.32,cash
4756,2024-09-21,Downtown,2,50,14,12.48,card
4757,2024-09-21,Downtown,1,20,7,1.91,cash
4758,2024-09-21,Downtown,5,115,30,12.01,cash
4759,2024-09-21,Riverside,3,75,15,17.07,card
4760,2024-09-21,Riverside,6,108,72,17.11,cash
4761,2024-09-21,Riverside,5,110,50,19.16,cash
4762,2024-09-21,Riverside,6,132,54,36.23,card
4763,2024-09-21,Riverside,1,18,14,1.99,cash
4764,2024-09-21,Airport,1,29,4,4.33,card
4765,2024-09-21,Airport,5,150,65,38.89,card
4766,2024-09-21,Airport,6,90,36,21.56,card
4767,2024-09-21,Airport,1,21,12,3.86,cash
4768,2024-09-21,Airport,3,51,36,10.72,card
4769,2024-09-21,Mall,5,110,60,21.89,card
4770,2024-09-21,Mall,1,26,6,4.92,card
4771,2024-09-21,Mall,1,28,5,3.94,cash
4772,2024-09-21,Mall,2,32,14,3.31,cash
4773,2024-09-21,Mall,2,24,8,6.39,card
4774,2024-09-22,Downtown,3,72,12,16.14,card
4775,2024-09-22,Downtown,2,56,6,6.46,card
4776,2024-09-22,Downtown,5,60,70,14.48,card
4777,2024-09-22,Downtown,6,174,24,33.94,card
4778,2024-09-22,Downtown,3,87,21,11.19,card
4779,2024-09-22,Downtown,5,130,65,21.44,card
4780,2024-09-22,Riverside,2,26,16,7.37,card
4781,2024-09-22,Riverside,5,130,25,64.02,card
4782,2024-09-22,Riverside,1,14,14,3.22,card
4783,2024-09-22,Riverside,2,56,24,13.03,card
4784,2024-09-22,Riverside,3,87,21,42.57,card
4785,2024-09-22,Riverside,4,120,12,25.04,card
4786,2024-09-22,Airport,2,60,16,10.22,card
4787,2024-09-22,Airport,4,108,20,25.28,card
4788,2024-09-22,Airport,5,70,30,11.44,cash
4789,2024-09-22,Airport,2,36,12,7.94,card
4790,2024-09-22,Mall,3,60,9,7.58,card
4791,2024-09-22,Mall,4,60,24,12.26,card
4792,2024-09-22,Mall,2,36,14,5.5,card
4793,2024-09-23,Downtown,2,44,26,7.48,card
4794,2024-09-23,Downtown,5,95,45,17.67,cash
4795,2024-09-23,Downtown,2,42,18,11.22,card
4796,2024-09-23,Riverside,6,168,66,42.41,card
4797,2024-09-23,Riverside,1,20,8,4.8,card
4798,2024-09-23,Riverside,2,40,6,5.42,cash
4799,2024-09-23,Riverside,2,50,18,23.37,card
4800,2024-09-23,Riverside,1,29,12,4.31,card
4801,2024-09-23,Riverside,6,162,54,30.31,card
4802,2024-09-23,Airport,1,30,8,3.34,cash
4803,2024-09-23,Airport,3,57,21,12.78,card
4804,2024-09-23,Airport,1,30,11,4.53,card
4805,2024-09-23,Mall,1,19,10,3.44,card
4806,2024-09-23,Mall,5,120,65,9.34,cash
4807,2024-09-23,Mall,3,84,39,19.44,card
4808,2024-09-24,Downtown,6,138,84,37.2,card
4809,2024-09-24,Downtown,3,63,21,10.77,card
4810,2024-09-24,Downtown,6,90,66,14.06,cash
4811,2024-09-24,Downtown,5,65,70,16.19,card
4812,2024-09-24,Downtown,4,116,48,19.45,card
4813,2024-09-24,Riverside,6,180,36,92.4,card
4814,2024-09-24,Riverside,5,105,55,50.05,card
4815,2024-09-24,Riverside,4,112,32,16.12,cash
4816,2024-09-24,Riverside,3,63,9,21.19,card
4817,2024-09-24,Riverside,4,88,56,12.03,cash
4818,2024-09-24,Riverside,5,85,70,8,cash
4819,2024-09-24,Airport,1,12,13,4.45,card
4820,2024-09-24,Airport,5,140,45,25.25,card
4821,2024-09-24,Airport,5,135,15,13.54,cash
4822,2024-09-24,Airport,6,156,72,24.48,cash
4823,2024-09-24,Airport,1,15,7,3.43,card
4824,2024-09-24,Mall,3,57,12,9.16,card
4825,2024-09-24,Mall,6,120,30,26.11,card
4826,2024-09-24,Mall,1,25,14,5.18,card
4827,2024-09-25,Downtown,5,95,55,26.95,card
4828,2024-09-25,Downtown,2,60,8,8.4,cash
4829,2024-09-25,Downtown,1,13,9,3.74,card
4830,2024-09-25,Downtown,4,108,24,25.11,card
4831,2024-09-25,Riverside,1,17,12,1.87,cash
4832,2024-09-25,Riverside,4,60,24,34.83,card
4833,2024-09-25,Riverside,4,104,20,18.12,card
4834,2024-09-25,Airport,5,125,45,12.26,cash
4835,2024-09-25,Airport,4,112,44,17.04,cash
4836,2024-09-25,Airport,4,52,52,6.65,cash
4837,2024-09-25,Airport,2,58,28,10.25,card
4838,2024-09-25,Airport,3,90,12,10.4,cash
4839,2024-09-25,Airport,2,26,10,2.91,cash
4840,2024-09-25,Mall,6,144,84,27.24,card
4841,2024-09-25,Mall,1,20,7,4.88,card
4842,2024-09-25,Mall,1,20,9,4.3,card
4843,2024-09-25,Mall,3,54,12,4.08,cash
4844,2024-09-25,Mall,2,34,6,4.98,cash
4845,2024-09-26,Downtown,5,75,45,20.38,card
4846,2024-09-26,Downtown,4,104,48,11.13,cash
4847,2024-09-26,Downtown,2,58,22,10.8,card
4848,2024-09-26,Downtown,2,30,22,7.21,card
4849,2024-09-26,Downtown,6,138,72,13.81,cash
4850,2024-09-26,Riverside,2,26,14,11.53,card
4851,2024-09-26,Riverside,5,100,35,26.43,card
4852,2024-09-26,Riverside,3,54,27,25.83,card
4853,2024-09-26,Airport,2,54,24,4.35,cash
4854,2024-09-26,Airport,6,72,78,25.22,card
4855,2024-09-26,Airport,6,78,18,8.12,cash
4856,2024-09-26,Airport,2,44,18,5.82,cash
4857,2024-09-26,Mall,2,26,22,5.34,card
4858,2024-09-26,Mall,2,36,16,5.46,cash
4859,2024-09-26,Mall,2,26,6,3.68,card
4860,2024-09-26,Mall,3,63,33,9.84,card
4861,2024-09-27,Downtown,1,14,7,3.31,card
4862,2024-09-27,Downtown,1,18,8,3.1,card
4863,2024-09-27,Downtown,2,28,26,5.17,cash
4864,2024-09-27,Downtown,1,22,3,3.5,card
4865,2024-09-27,Downtown,1,25,3,3.9,card
4866,2024-09-27,Riverside,1,15,11,8.3,card
4867,2024-09-27,Riverside,4,76,40,11.74,cash
4868,2024-09-27,Riverside,4,80,16,18.58,card
4869,2024-09-27,Airport,1,24,3,4.51,card
4870,2024-09-27,Airport,5,85,35,18.15,card
4871,2024-09-27,Airport,4,108,56,30.64,card
4872,2024-09-27,Airport,6,102,18,13.14,card
4873,2024-09-27,Mall,2,40,12,6.92,card
4874,2024-09-27,Mall,3,39,12,5.9,card
4875,2024-09-27,Mall,2,32,28,4.72,cash
4876,2024-09-27,Mall,4,56,52,16.96,card
4877,2024-09-27,Mall,3,78,15,8.14,cash
4878,2024-09-28,Downtown,2,30,20,5.05,cash
4879,2024-09-28,Downtown,4,120,20,-12.09,card
4880,2024-09-28,Downtown,6,156,48,39.22,card
4881,2024-09-28,Downtown,4,60,24,10.7,card
4882,2024-09-28,Riverside,5,115,25,13.84,cash
4883,2024-09-28,Riverside,2,38,22,4.28,cash
4884,2024-09-28,Riverside,3,51,9,17.45,card
4885,2024-09-28,Riverside,6,168,66,32.78,card
4886,2024-09-28,Riverside,3,51,27,4.42,cash
4887,2024-09-28,Airport,5,90,70,23.67,card
4888,2024-09-28,Airport,1,21,12,4.82,card
4889,2024-09-28,Airport,6,150,66,27.75,card
4890,2024-09-28,Mall,3,42,15,8.12,card
4891,2024-09-28,Mall,3,51,9,11.35,card
4892,2024-09-28,Mall,1,26,4,4.97,card
4893,2024-09-28,Mall,6,90,42,7.31,cash
4894,2024-09-28,Mall,5,140,25,17.12,cash
4895,2024-09-28,Mall,5,95,60,10.52,cash
4896,2024-09-29,Downtown,2,40,28,8.35,card
4897,2024-09-29,Downtown,6,84,78,22.43,card
4898,2024-09-29,Downtown,1,20,12,5.92,card
4899,2024-09-29,Downtown,1,22,11,4.45,card
4900,2024-09-29,Downtown,3,48,21,7.7,card
4901,2024-09-29,Riverside,3,36,15,6.06,card
4902,2024-09-29,Riverside,6,150,66,35.48,card
4903,2024-09-29,Riverside,5,95,70,14.33,cash
4904,2024-09-29,Airport,2,34,24,3.31,cash
4905,2024-09-29,Airport,1,19,4,3.99,card
4906,2024-09-29,Airport,6,162,36,31.8,card
4907,2024-09-29,Airport,6,174,42,41.15,card
4908,2024-09-29,Airport,2,26,26,9.8,card
4909,2024-09-29,Airport,6,96,60,26.74,card
4910,2024-09-29,Mall,1,18,11,5.64,card
4911,2024-09-29,Mall,4,112,40,29.21,card
4912,2024-09-29,Mall,3,54,27,9.29,cash
4913,2024-09-29,Mall,2,42,26,5.02,cash
4914,2024-09-29,Mall,2,30,10,2.27,cash
4915,2024-09-29,Mall,4,80,40,20.27,card
4916,2024-09-30,Downtown,1,13,10,4.03,card
4917,2024-09-30,Downtown,4,104,16,15.43,cash
4918,2024-09-30,Downtown,5,100,20,14.73,cash
4919,2024-09-30,Downtown,3,57,15,12.44,card
4920,2024-09-30,Downtown,4,108,48,27.76,card
4921,2024-09-30,Riverside,6,78,18,27.36,card
4922,2024-09-30,Riverside,4,76,48,17.26,card
4923,2024-09-30,Riverside,3,54,12,25.54,card
4924,2024-09-30,Airport,4,56,20,8.23,card
4925,2024-09-30,Airport,6,168,72,27.14,cash
4926,2024-09-30,Airport,3,42,12,5.6,card
4927,2024-09-30,Mall,6,162,18,15.65,cash
4928,2024-09-30,Mall,3,36,27,7.83,card
4929,2024-09-30,Mall,2,32,10,2.67,cash
4930,2024-10-01,Downtown,6,72,30,12.63,card
4931,2024-10-01,Downtown,6,96,78,34.34,card
4932,2024-10-01,Downtown,2,38,20,5.84,card
4933,2024-10-01,Downtown,4,120,24,15.41,cash
4934,2024-10-01,Downtown,4,64,16,8.56,cash
4935,2024-10-01,Downtown,3,45,27,4.99,cash
4936,2024-10-01,Riverside,2,56,24,9.27,cash
4937,2024-10-01,Riverside,5,90,15,15.63,card
4938,2024-10-01,Riverside,6,96,60,29.83,card
4939,2024-10-01,Airport,5,95,70,10.53,cash
4940,2024-10-01,Airport,2,36,8,7.53,card
4941,2024-10-01,Airport,1,23,8,5.01,card
4942,2024-10-01,Airport,6,156,48,29.38,card
4943,2024-10-01,Airport,4,108,24,26.24,card
4944,2024-10-01,Mall,6,96,36,24.54,card
4945,2024-10-01,Mall,3,57,39,11.77,card
4946,2024-10-01,Mall,4,112,32,27.53,card
4947,2024-10-01,Mall,1,21,11,2.88,cash
4948,2024-10-02,Downtown,5,60,60,14.73,cash
4949,2024-10-02,Downtown,4,92,24,20.07,card
4950,2024-10-02,Downtown,3,69,12,11.22,card
4951,2024-10-02,Downtown,2,54,26,12.08,card
4952,2024-10-02,Riverside,2,32,6,15.82,card
4953,2024-10-02,Riverside,3,72,9,23.8,card
4954,2024-10-02,Riverside,1,18,14,11.55,card
4955,2024-10-02,Riverside,5,105,35,27.61,card
4956,2024-10-02,Riverside,6,168,42,75.26,card
4957,2024-10-02,Airport,4,92,24,21.05,card
4958,2024-10-02,Airport,1,30,7,6.15,card
4959,2024-10-02,Airport,2,26,24,8.01,card
4960,2024-10-02,Airport,2,50,16,6.02,cash
4961,2024-10-02,Airport,1,15,4,1.2,cash
4962,2024-10-02,Mall,4,80,52,10.41,cash
4963,2024-10-02,Mall,2,26,16,4.55,cash
4964,2024-10-02,Mall,4,64,36,19.96,card
4965,2024-10-02,Mall,5,110,45,21.2,card
4966,2024-10-03,Downtown,3,87,9,14.64,card
4967,2024-10-03,Downtown,1,25,8,6.42,card
4968,2024-10-03,Downtown,4,92,16,12.59,cash
4969,2024-10-03,Downtown,3,54,12,10.32,card
4970,2024-10-03,Downtown,1,25,4,5.67,card
4971,2024-10-03,Downtown,4,64,28,10.67,card
4972,2024-10-03,Riverside,6,96,36,13.44,card
4973,2024-10-03,Riverside,3,39,12,5.7,cash
4974,2024-10-03,Riverside,5,65,30,27.44,card
4975,2024-10-03,Riverside,4,68,52,48.5,card
4976,2024-10-03,Riverside,6,168,48,24.49,cash
4977,2024-10-03,Riverside,2,42,14,7.26,card
4978,2024-10-03,Airport,4,112,56,27.62,card
4979,2024-10-03,Airport,3,48,12,7.34,card
4980,2024-10-03,Airport,2,36,28,10.56,card
4981,2024-10-03,Airport,1,22,11,3.87,cash
4982,2024-10-03,Mall,4,112,12,6.88,cash
4983,2024-10-03,Mall,1,13,8,1.13,cash
4984,2024-10-03,Mall,1,24,14,4.2,cash
4985,2024-10-04,Downtown,2,36,16,-10.86,cash
4986,2024-10-04,Downtown,1,22,6,3.63,cash
4987,2024-10-04,Downtown,1,12,5,3.35,card
4988,2024-10-04,Downtown,3,87,9,15.18,card
4989,2024-10-04,Riverside,4,108,52,19.24,cash
4990,2024-10-04,Riverside,1,27,13,5.01,card
4991,2024-10-04,Riverside,4,72,32,10.91,card
4992,2024-10-04,Riverside,6,150,18,19.58,cash
4993,2024-10-04,Airport,6,162,60,28.11,cash
4994,2024-10-04,Airport,4,120,24,23.76,card
4995,2024-10-04,Airport,3,87,27,15.88,card
4996,2024-10-04,Airport,1,27,14,4.34,card
4997,2024-10-04,Airport,1,16,9,2.56,cash
4998,2024-10-04,Airport,5,110,35,19.11,card
4999,2024-10-04,Mall,6,120,54,20.85,card
5000,2024-10-04,Mall,1,23,12,3.01,cash
5001,2024-10-04,Mall,3,51,15,7.3,cash
5002,2024-10-04,Mall,5,100,20,12.39,card
5003,2024-10-04,Mall,4,72,24,18.42,card
5004,2024-10-04,Mall,4,76,24,8.07,cash
5005,2024-10-05,Downtown,3,72,39,5.91,cash
5006,2024-10-05,Downtown,6,150,60,14.52,cash
5007,2024-10-05,Downtown,2,60,16,13.78,card
5008,2024-10-05,Riverside,3,72,24,9.81,cash
5009,2024-10-05,Riverside,3,57,15,20.95,card
5010,2024-10-05,Riverside,2,28,20,4.69,cash
5011,2024-10-05,Airport,2,56,26,10.27,card
5012,2024-10-05,Airport,3,69,30,18.52,card
5013,2024-10-05,Airport,4,76,28,13.82,card
5014,2024-10-05,Airport,6,156,54,40.97,card
5015,2024-10-05,Airport,6,72,54,21.22,card
5016,2024-10-05,Mall,5,95,15,15.63,card
5017,2024-10-05,Mall,1,12,6,2.46,card
5018,2024-10-05,Mall,4,76,40,14.78,cash
5019,2024-10-05,Mall,5,130,30,22.98,card
5020,2024-10-05,Mall,3,81,36,13.58,card
5021,2024-10-05,Mall,5,90,30,13.52,card
5022,2024-10-06,Downtown,4,48,28,13.93,card
5023,2024-10-06,Downtown,4,56,56,12.94,card
5024,2024-10-06,Downtown,5,150,45,19.53,card
5025,2024-10-06,Downtown,5,125,50,17.04,cash
5026,2024-10-06,Downtown,1,17,4,2.27,card
5027,2024-10-06,Riverside,1,28,5,12.15,card
5028,2024-10-06,Riverside,3,87,21,13.67,cash
5029,2024-10-06,Riverside,3,78,15,31.79,card
5030,2024-10-06,Airport,5,150,15,19.03,card
5031,2024-10-06,Airport,3,39,36,8.72,card
5032,2024-10-06,Airport,6,156,42,36.6,card
5033,2024-10-06,Airport,5,100,55,13.38,cash
5034,2024-10-06,Mall,3,75,9,11.81,card
5035,2024-10-06,Mall,2,48,8,10.99,card
5036,2024-10-06,Mall,3,84,36,15.32,card
5037,2024-10-06,Mall,2,24,26,3.08,cash
5038,2024-10-06,Mall,1,30,5,4.25,card
5039,2024-10-07,Downtown,4,84,24,11.53,cash
5040,2024-10-07,Downtown,5,100,15,22.09,card
5041,2024-10-07,Downtown,1,27,13,6.43,card
5042,2024-10-07,Riverside,3,66,39,41.89,card
5043,2024-10-07,Riverside,5,85,65,45.78,card
5044,2024-10-07,Riverside,6,96,60,51.36,card
5045,2024-10-07,Riverside,6,120,18,19.54,card
5046,2024-10-07,Riverside,3,36,18,16.17,card
5047,2024-10-07,Riverside,1,16,4,1.7,cash
5048,2024-10-07,Airport,4,108,12,11,cash
5049,2024-10-07,Airport,3,48,12,8.68,card
5050,2024-10-07,Airport,4,80,32,15.61,card
5051,2024-10-07,Airport,5,100,55,13.41,cash
5052,2024-10-07,Airport,5,105,60,29.38,card
5053,2024-10-07,Mall,2,42,10,5.32,card
5054,2024-10-07,Mall,1,13,10,4.51,card
5055,2024-10-07,Mall,5,110,65,14.38,cash
5056,2024-10-07,Mall,4,104,40,25.1,card
5057,2024-10-08,Downtown,2,36,14,5.9,cash
5058,2024-10-08,Downtown,2,48,22,8.65,card
5059,2024-10-08,Downtown,6,156,36,23.99,card
5060,2024-10-08,Riverside,4,104,52,45.25,card
5061,2024-10-08,Riverside,5,115,20,14.22,cash
5062,2024-10-08,Riverside,4,120,40,63.81,card
5063,2024-10-08,Riverside,2,48,22,24.95,card
5064,2024-10-08,Riverside,2,46,12,17.1,card
5065,2024-10-08,Riverside,1,23,7,3.38,cash
5066,2024-10-08,Airport,1,25,10,4.94,card
5067,2024-10-08,Airport,6,150,84,24.35,card
5068,2024-10-08,Airport,3,84,30,15.71,card
5069,2024-10-08,Airport,2,50,8,9.79,card
5070,2024-10-08,Airport,2,56,22,15.03,card
5071,2024-10-08,Airport,6,96,18,6.54,cash
5072,2024-10-08,Mall,3,78,36,12.18,card
5073,2024-10-08,Mall,4,68,48,10.43,cash
5074,2024-10-08,Mall,2,24,14,6.57,card
5075,2024-10-08,Mall,5,70,45,7.9,cash
5076,2024-10-08,Mall,2,54,6,11.86,card
5077,2024-10-09,Downtown,2,58,16,9.98,card
5078,2024-10-09,Downtown,1,12,6,2.97,card
5079,2024-10-09,Downtown,1,29,4,4.29,card
5080,2024-10-09,Downtown,2,32,20,4.16,cash
5081,2024-10-09,Downtown,6,144,30,29.95,card
5082,2024-10-09,Downtown,3,84,21,13.72,card
5083,2024-10-09,Riverside,3,87,42,39.38,card
5084,2024-10-09,Riverside,1,20,8,1.7,cash
5085,2024-10-09,Riverside,1,21,12,13.63,card
5086,2024-10-09,Riverside,3,48,24,26.5,card
5087,2024-10-09,,1,22,9,3.76,card
5088,2024-10-09,Riverside,1,24,12,13.31,card
5089,2024-10-09,Airport,2,56,24,14.75,card
5090,2024-10-09,Airport,3,78,15,9.56,card
5091,2024-10-09,Airport,5,150,40,21.58,card
5092,2024-10-09,Airport,6,174,36,41.37,card
5093,2024-10-09,Mall,4,92,36,22.37,card
5094,2024-10-09,Mall,1,23,9,4.49,card
5095,2024-10-09,Mall,6,114,84,33.38,card
5096,2024-10-09,Mall,5,115,55,29.91,card
5097,2024-10-09,Mall,4,80,20,15.06,card
5098,2024-10-09,Mall,6,120,24,9.15,cash
5099,2024-10-10,Downtown,5,105,35,14.37,card
5100,2024-10-10,Downtown,5,100,35,26.13,card
5101,2024-10-10,Downtown,5,140,25,8.71,cash
5102,2024-10-10,Downtown,2,28,6,3.92,cash
5103,2024-10-10,Downtown,2,34,6,3.65,cash
5104,2024-10-10,Riverside,4,120,56,71.38,card
5105,2024-10-10,Riverside,3,66,9,9.36,card
5106,2024-10-10,Riverside,6,180,84,89.66,card
5107,2024-10-10,Riverside,1,18,12,1.93,cash
5108,2024-10-10,Riverside,2,46,8,21.27,card
5109,2024-10-10,Airport,1,19,10,5.58,card
5110,2024-10-10,Airport,5,70,70,21.5,card
5111,2024-10-10,Airport,1,13,11,3.01,card
5112,2024-10-10,Airport,1,19,4,3,card
5113,2024-10-10,Airport,5,150,35,18.78,cash
5114,2024-10-10,Mall,5,115,70,34.54,card
5115,2024-10-10,Mall,2,38,22,11.04,card
5116,2024-10-10,Mall,1,22,5,4.71,card
5117,2024-10-10,Mall,2,34,22,8.26,card
5118,2024-10-11,Downtown,5,65,60,16.42,card
5119,2024-10-11,Downtown,2,24,22,5.05,card
5120,2024-10-11,Downtown,3,51,24,13.32,card
5121,2024-10-11,Downtown,2,44,8,7.67,card
5122,2024-10-11,Downtown,3,39,36,11.22,card
5123,2024-10-11,Downtown,4,52,52,7.06,cash
5124,2024-10-11,Riverside,3,72,27,13.43,card
5125,2024-10-11,Riverside,5,75,45,16,card
5126,2024-10-11,Riverside,1,20,11,5.51,card
5127,2024-10-11,Riverside,1,25,12,7.19,card
5128,2024-10-11,Airport,3,39,15,6.51,cash
5129,2024-10-11,Airport,5,60,45,11.87,card
5130,2024-10-11,Airport,3,69,12,8.71,card
5131,2024-10-11,Airport,4,76,40,14.17,card
5132,2024-10-11,Airport,6,96,42,27.18,card
5133,2024-10-11,Mall,4,88,20,14.28,card
5134,2024-10-11,Mall,2,44,12,10.8,card
5135,2024-10-11,Mall,5,65,65,18.16,card
5136,2024-10-11,Mall,2,46,12,5.12,cash
5137,2024-10-11,Mall,4,96,28,16.06,card
5138,2024-10-11,Mall,2,40,24,7.45,card
5139,2024-10-12,Downtown,1,13,11,4.15,card
5140,2024-10-12,Downtown,1,14,4,1.4,cash
5141,2024-10-12,Downtown,2,38,18,10.39,card
5142,2024-10-12,Downtown,5,80,60,26.55,card
5143,2024-10-12,Downtown,4,120,20,13.75,cash
5144,2024-10-12,Riverside,5,60,55,42.77,card
5145,2024-10-12,Riverside,3,36,21,10.67,card
5146,2024-10-12,Riverside,1,13,5,2.34,card
5147,2024-10-12,Riverside,1,29,14,4.06,cash
5148,2024-10-12,Riverside,3,69,36,36.27,card
5149,2024-10-12,Riverside,1,23,13,14.79,card
5150,2024-10-12,Airport,2,40,16,6.63,card
5151,2024-10-12,Airport,3,36,21,4.63,cash
5152,2024-10-12,Airport,2,48,12,5.85,cash
5153,2024-10-12,Airport,1,30,11,3.91,cash
5154,2024-10-12,Airport,4,96,56,17.78,cash
5155,2024-10-12,Airport,3,63,27,10.9,card
5156,2024-10-12,Mall,2,52,22,5.03,cash
5157,2024-10-12,Mall,6,132,78,35.43,card
5158,2024-10-12,Mall,6,96,18,7,cash
5159,2024-10-12,Mall,1,15,11,2.41,cash
5160,2024-10-12,Mall,6,180,72,47.68,card
5161,2024-10-12,Mall,5,150,15,18.45,card
5162,2024-10-13,Downtown,6,174,36,39.71,card
5163,2024-10-13,Downtown,6,156,66,20.83,cash
5164,2024-10-13,Downtown,5,125,65,-15.72,card
5165,2024-10-13,Downtown,2,40,8,4.6,cash
5166,2024-10-13,Downtown,4,96,40,16.25,cash
5167,2024-10-13,Riverside,5,140,50,23.61,card
5168,2024-10-13,Riverside,3,42,18,11.71,card
5169,2024-10-13,Riverside,4,68,56,20.69,card
5170,2024-10-13,Riverside,3,51,42,38.16,card
5171,2024-10-13,Airport,2,48,26,13.66,card
5172,2024-10-13,Airport,5,95,35,10.16,cash
5173,2024-10-13,Airport,2,24,26,7.03,card
5174,2024-10-13,Airport,1,18,13,5.64,card
5175,2024-10-13,Airport,6,180,48,22.78,cash
5176,2024-10-13,Mall,6,174,78,27.53,card
5177,2024-10-13,Mall,1,21,7,2.39,cash
5178,2024-10-13,Mall,6,150,48,33.74,card
5179,2024-10-13,Mall,6,102,48,11.8,cash
5180,2024-10-13,Mall,4,116,48,27.56,card
5181,2024-10-14,Downtown,4,116,28,14.57,card
5182,2024-10-14,Downtown,5,95,20,16.77,card
5183,2024-10-14,Downtown,5,65,50,19.04,card
5184,2024-10-14,Downtown,4,60,36,16.34,card
5185,2024-10-14,Riverside,4,96,52,46.2,card
5186,2024-10-14,Riverside,6,114,48,48.62,card
5187,2024-10-14,Riverside,4,96,36,25.83,card
5188,2024-10-14,Riverside,3,57,18,10.25,card
5189,2024-10-14,Airport,5,80,15,17.3,card
5190,2024-10-14,Airport,1,24,13,4.57,card
5191,2024-10-14,Airport,1,12,4,3.08,card
5192,2024-10-14,Mall,3,75,30,10.26,cash
5193,2024-10-14,Mall,4,64,36,19.27,card
5194,2024-10-14,Mall,3,42,30,6.29,cash
5195,2024-10-15,Downtown,4,96,12,6.36,cash
5196,2024-10-15,Downtown,3,87,15,14.33,card
5197,2024-10-15,Downtown,1,29,14,5.39,card
5198,2024-10-15,Downtown,4,88,56,19.57,card
5199,2024-10-15,Downtown,4,64,52,15.62,card
5200,2024-10-15,Riverside,6,132,60,74.66,card
5201,2024-10-15,Riverside,3,87,33,6.45,cash
5202,2024-10-15,Riverside,6,78,66,61.56,card
5203,2024-10-15,Riverside,5,85,45,40.53,card
5204,2024-10-15,Riverside,1,30,11,5.46,card
5205,2024-10-15,Riverside,5,105,15,46.65,card
5206,2024-10-15,Airport,4,48,12,8.28,card
5207,2024-10-15,Airport,4,92,52,24.25,card
5208,2024-10-15,Airport,1,19,9,1.61,cash
5209,2024-10-15,Mall,1,30,13,6,card
5210,2024-10-15,Mall,1,18,4,2.28,card
5211,2024-10-15,Mall,6,102,48,25.88,card
5212,2024-10-15,Mall,4,116,12,23.98,card
5213,2024-10-16,Downtown,5,80,15,12.18,cash
5214,2024-10-16,Downtown,5,90,35,24.28,card
5215,2024-10-16,Downtown,4,48,56,10.64,card
5216,2024-10-16,Downtown,5,135,25,20.83,card
5217,2024-10-16,Riverside,5,75,55,11.41,cash
5218,2024-10-16,Riverside,1,26,6,5.49,card
5219,2024-10-16,Riverside,2,54,18,7.25,cash
5220,2024-10-16,Riverside,5,95,35,9.2,cash
5221,2024-10-16,Airport,1,26,11,4.01,card
5222,2024-10-16,Airport,1,22,8,3.04,card
5223,2024-10-16,Airport,3,42,21,7.17,cash
5224,2024-10-16,Mall,3,66,18,8.83,cash
5225,2024-10-16,Mall,3,75,36,6.5,cash
5226,2024-10-16,Mall,6,144,60,31.49,card
5227,2024-10-16,Mall,3,87,30,12.58,cash
5228,2024-10-16,Mall,5,105,30,9.57,cash
5229,2024-10-16,Mall,5,130,60,12.33,cash
5230,2024-10-17,Downtown,3,51,39,10.41,card
5231,2024-10-17,Downtown,3,48,36,8.96,card
5232,2024-10-17,Downtown,2,48,26,10.23,card
5233,2024-10-17,Riverside,1,26,13,4.69,card
5234,2024-10-17,Riverside,2,56,22,21.88,card
5235,2024-10-17,Riverside,6,114,48,31.3,card
5236,2024-10-17,Airport,6,144,60,14.8,cash
5237,2024-10-17,Airport,5,100,50,27.08,card
5238,2024-10-17,Airport,2,50,28,9.03,cash
5239,2024-10-17,Airport,5,80,35,10.98,cash
5240,2024-10-17,Airport,1,12,13,3,cash
5241,2024-10-17,Airport,5,70,70,20.14,card
5242,2024-10-17,Mall,1,26,9,6.82,card
5243,2024-10-17,Mall,4,120,20,18.96,card
5244,2024-10-17,Mall,2,60,14,14.61,card
5245,2024-10-17,Mall,6,138,84,-19.86,card
5246,2024-10-17,Mall,4,100,28,14.78,cash
5247,2024-10-17,Mall,1,24,3,4.02,card
5248,2024-10-18,Downtown,1,22,7,3.41,cash
5249,2024-10-18,Downtown,5,145,25,19.98,card
5250,2024-10-18,Downtown,2,58,8,7.62,cash
5251,2024-10-18,Downtown,6,108,54,20.95,card
5252,2024-10-18,Downtown,1,28,4,6.35,card
5253,2024-10-18,Downtown,1,24,12,6.38,card
5254,2024-10-18,Riverside,6,84,60,18.96,card
5255,2024-10-18,Riverside,6,168,18,30.18,card
5256,2024-10-18,Riverside,1,14,3,4.97,card
5257,2024-10-18,Riverside,3,39,27,5.22,cash
5258,2024-10-18,Riverside,5,100,25,17.8,card
5259,2024-10-18,Airport,2,32,24,6.28,card
5260,2024-10-18,Airport,3,78,39,14.97,cash
5261,2024-10-18,Airport,6,156,36,10.21,cash
5262,2024-10-18,Airport,1,23,13,4.41,card
5263,2024-10-18,Airport,2,34,20,7.35,card
5264,2024-10-18,Airport,2,54,12,9.85,card
5265,2024-10-18,Mall,4,108,52,9.58,cash
5266,2024-10-18,Mall,2,32,24,7.64,card
5267,2024-10-18,Mall,2,60,8,4.25,cash
5268,2024-10-18,Mall,6,174,30,38.64,card
5269,2024-10-18,Mall,4,120,20,15.48,cash
5270,2024-10-19,Downtown,1,15,8,2.69,card
5271,2024-10-19,Downtown,5,135,40,18.31,cash
5272,2024-10-19,Downtown,5,85,70,15.65,card
5273,2024-10-19,Downtown,2,28,26,10.72,card
5274,2024-10-19,Riverside,1,23,7,5.52,card
5275,2024-10-19,Riverside,2,54,20,26.64,card
5276,2024-10-19,Riverside,4,56,40,6.81,cash
5277,2024-10-19,Riverside,6,120,24,49.27,card
5278,2024-10-19,Riverside,6,156,24,65.18,card
5279,2024-10-19,Airport,5,100,20,7.7,cash
5280,2024-10-19,Airport,2,58,24,9.53,card
5281,2024-10-19,Airport,6,174,48,38.94,card
5282,2024-10-19,Airport,3,39,9,8.85,card
5283,2024-10-19,Mall,4,72,28,13.85,card
5284,2024-10-19,Mall,3,72,9,9.11,cash
5285,2024-10-19,Mall,4,64,52,14.5,cash
5286,2024-10-19,Mall,5,70,45,20.57,card
5287,2024-10-19,Mall,6,78,42,18.88,card
5288,2024-10-19,Mall,6,132,42,31.88,card
5289,2024-10-20,Downtown,2,54,24,10.39,card
5290,2024-10-20,Downtown,2,46,8,6.18,cash
5291,2024-10-20,Downtown,3,84,42,21.79,card
5292,2024-10-20,Downtown,3,84,27,17.79,card
5293,2024-10-20,Downtown,6,84,60,24.04,card
5294,2024-10-20,Riverside,1,15,11,8.53,card
5295,2024-10-20,Riverside,1,24,3,4.6,card
5296,2024-10-20,Riverside,2,38,26,5.67,cash
5297,2024-10-20,Riverside,6,90,48,10.43,cash
5298,2024-10-20,Airport,6,132,30,25.33,card
5299,2024-10-20,Airport,6,156,72,13.76,cash
5300,2024-10-20,Airport,4,72,20,12.55,card
5301,2024-10-20,Mall,2,54,6,7.37,cash
5302,2024-10-20,Mall,1,13,12,4.99,card
5303,2024-10-20,Mall,2,58,10,6.8,card
5304,2024-10-20,Mall,2,58,16,9.32,card
5305,2024-10-21,Downtown,6,132,30,20.94,card
5306,2024-10-21,Downtown,2,40,20,3.08,cash
5307,2024-10-21,Downtown,1,22,11,3.88,cash
5308,2024-10-21,Downtown,5,60,35,12.1,card
5309,2024-10-21,Riverside,3,51,39,10.8,cash
5310,2024-10-21,Riverside,5,95,65,21.98,card
5311,2024-10-21,Riverside,4,92,32,15.08,cash
5312,2024-10-21,Riverside,5,60,30,26.42,card
5313,2024-10-21,Riverside,2,46,26,11.35,card
5314,2024-10-21,Airport,3,63,36,10.35,card
5315,2024-10-21,Airport,4,116,48,8.46,cash
5316,2024-10-21,Airport,4,68,28,8.61,cash
5317,2024-10-21,Airport,1,26,12,5,card
5318,2024-10-21,Mall,6,162,60,18.8,cash
5319,2024-10-21,Mall,4,92,20,16.3,card
5320,2024-10-21,Mall,4,116,36,22.4,card
5321,2024-10-21,Mall,4,68,20,14.94,card
5322,2024-10-22,Downtown,4,64,24,9.33,card
5323,2024-10-22,Downtown,1,12,8,2.73,card
5324,2024-10-22,Downtown,6,168,36,25.72,card
5325,2024-10-22,Riverside,2,24,16,6.07,card
5326,2024-10-22,Riverside,5,140,70,75.23,card
5327,2024-10-22,Riverside,3,51,21,29.63,card
5328,2024-10-22,Airport,1,24,5,5.57,card
5329,2024-10-22,Airport,6,180,24,32.71,card
5330,2024-10-22,Airport,3,90,18,18.33,card
5331,2024-10-22,Airport,6,90,42,23.77,card
5332,2024-10-22,Airport,5,145,45,35.62,card
5333,2024-10-22,Airport,5,90,25,17.6,card
5334,2024-10-22,Mall,6,144,66,22.33,card
5335,2024-10-22,Mall,2,40,18,7.66,card
5336,2024-10-22,Mall,1,21,11,3.37,cash
5337,2024-10-23,Downtown,4,88,16,10.83,card
5338,2024-10-23,Downtown,1,26,4,1.89,cash
5339,2024-10-23,Downtown,6,126,42,29.03,card
5340,2024-10-23,Riverside,2,52,6,5.29,cash
5341,2024-10-23,Riverside,3,51,18,23.82,card
5342,2024-10-23,Riverside,3,81,39,14.92,cash
5343,2024-10-23,Riverside,3,51,39,13.14,card
5344,2024-10-23,Riverside,3,69,18,7.81,cash
5345,2024-10-23,,4,120,56,27.05,card
5346,2024-10-23,Airport,3,66,12,11.38,card
5347,2024-10-23,Airport,4,96,12,12.4,cash
5348,2024-10-23,Airport,3,57,15,7.3,cash
5349,2024-10-23,Airport,3,84,36,16.74,card
5350,2024-10-23,Airport,4,88,20,6.62,cash
5351,2024-10-23,Mall,6,150,84,36,card
5352,2024-10-23,Mall,3,87,30,21.26,card
5353,2024-10-23,Mall,3,57,33,5.5,cash
5354,2024-10-24,Downtown,6,78,36,11.79,card
5355,2024-10-24,Downtown,2,54,28,6.23,cash
5356,2024-10-24,Downtown,2,46,24,10.18,card
5357,2024-10-24,Riverside,6,150,48,30.48,card
5358,2024-10-24,Riverside,6,126,18,14.27,cash
5359,2024-10-24,Riverside,5,75,55,15.21,card
5360,2024-10-24,Riverside,6,180,84,17.79,cash
5361,2024-10-24,Riverside,5,110,35,43.64,card
5362,2024-10-24,Airport,1,29,14,4.72,cash
5363,2024-10-24,Airport,1,14,4,2.99,card
5364,2024-10-24,Airport,6,156,36,24.32,cash
5365,2024-10-24,Airport,1,13,7,1.7,cash
5366,2024-10-24,Mall,6,108,48,16.5,card
5367,2024-10-24,Mall,3,57,39,7.69,cash
5368,2024-10-24,Mall,1,27,9,4.56,cash
5369,2024-10-25,Downtown,1,16,9,3.03,cash
5370,2024-10-25,Downtown,1,20,8,5.41,card
5371,2024-10-25,Downtown,5,65,55,7.12,cash
5372,2024-10-25,Downtown,3,78,18,11.65,card
5373,2024-10-25,Downtown,4,56,24,13.12,card
5374,2024-10-25,Downtown,1,20,6,3.02,cash
5375,2024-10-25,Riverside,4,84,56,11.11,cash
5376,2024-10-25,Riverside,2,54,26,5.06,cash
5377,2024-10-25,Riverside,5,65,30,10.39,cash
5378,2024-10-25,Riverside,5,120,30,28.75,card
5379,2024-10-25,Riverside,5,85,20,20.74,card
5380,2024-10-25,Riverside,2,32,22,3.39,cash
5381,2024-10-25,Airport,4,104,52,14.38,cash
5382,2024-10-25,Airport,5,150,60,38.89,card
5383,2024-10-25,Airport,6,156,54,37.11,card
5384,2024-10-25,Airport,5,75,15,17.62,card
5385,2024-10-25,Mall,6,120,48,30.53,card
5386,2024-10-25,Mall,4,56,16,9.7,card
5387,2024-10-25,Mall,1,13,9,2.47,cash
5388,2024-10-26,Downtown,4,120,44,16.12,cash
5389,2024-10-26,Downtown,2,48,8,5.64,card
5390,2024-10-26,Downtown,4,56,20,10.5,card
5391,2024-10-26,Downtown,6,78,54,22.49,card
5392,2024-10-26,Downtown,6,90,48,16.41,card
5393,2024-10-26,Riverside,5,120,25,21.04,card
5394,2024-10-26,Riverside,6,96,60,19.94,cash
5395,2024-10-26,Riverside,1,23,3,2.57,cash
5396,2024-10-26,Riverside,2,48,8,15.73,card
5397,2024-10-26,Riverside,1,14,3,7.14,card
5398,2024-10-26,Airport,6,90,78,21.34,cash
5399,2024-10-26,Airport,3,39,21,7.72,cash
5400,2024-10-26,Airport,2,38,20,11.52,card
5401,2024-10-26,Airport,5,100,35,17.08,card
5402,2024-10-26,Airport,3,87,33,15.98,card
5403,2024-10-26,Airport,1,13,8,3.51,card
5404,2024-10-26,Mall,3,78,24,17.63,card
5405,2024-10-26,Mall,2,50,24,14.46,card
5406,2024-10-26,Mall,5,150,60,37.15,card
5407,2024-10-26,Mall,3,78,39,11,cash
5408,2024-10-26,Mall,2,24,18,5.75,card
5409,2024-10-27,Downtown,6,114,42,19.13,card
5410,2024-10-27,Downtown,1,29,8,4.76,card
5411,2024-10-27,Downtown,5,150,40,16.24,cash
5412,2024-10-27,Downtown,1,12,14,3.27,cash
5413,2024-10-27,Riverside,3,69,12,12.37,card
5414,2024-10-27,Riverside,4,104,32,20.54,card
5415,2024-10-27,Riverside,2,44,10,5.52,card
5416,2024-10-27,Airport,6,144,84,21.33,cash
5417,2024-10-27,Airport,5,145,25,24.37,card
5418,2024-10-27,Airport,4,72,44,20.1,card
5419,2024-10-27,Mall,4,100,28,14.8,card
5420,2024-10-27,Mall,5,75,40,21.16,card
5421,2024-10-27,Mall,2,32,10,7.6,card
5422,2024-10-27,Mall,5,75,40,13.16,cash
5423,2024-10-28,Downtown,5,60,50,11.78,card
5424,2024-10-28,Downtown,4,108,20,15.44,card
5425,2024-10-28,Downtown,6,78,60,16.82,cash
5426,2024-10-28,Riverside,4,72,48,46.44,card
5427,2024-10-28,Riverside,3,75,33,12.51,card
5428,2024-10-28,Riverside,3,75,21,7.51,cash
5429,2024-10-28,Riverside,4,64,20,25.03,card
5430,2024-10-28,Airport,4,96,52,25.63,card
5431,2024-10-28,Airport,3,87,30,11.82,cash
5432,2024-10-28,Airport,2,56,16,9.39,card
5433,2024-10-28,Airport,3,45,24,6.7,cash
5434,2024-10-28,Airport,3,54,9,11.94,card
5435,2024-10-28,Mall,4,92,12,8.4,cash
5436,2024-10-28,Mall,3,78,21,10.91,cash
5437,2024-10-28,Mall,6,96,72,16.42,cash
5438,2024-10-28,Mall,3,72,24,6.95,cash
5439,2024-10-28,Mall,1,25,6,5.03,card
5440,2024-10-28,Mall,3,45,42,15.45,card
5441,2024-10-29,Downtown,3,78,9,13.43,card
5442,2024-10-29,Downtown,4,48,36,7.43,cash
5443,2024-10-29,Downtown,4,88,40,17.13,card
5444,2024-10-29,Riverside,4,48,56,6.15,cash
5445,2024-10-29,Riverside,3,84,21,10.58,card
5446,2024-10-29,Riverside,1,15,14,9.66,card
5447,2024-10-29,Riverside,5,135,50,19.51,card
5448,2024-10-29,Riverside,4,96,24,15.72,card
5449,2024-10-29,Airport,3,87,33,22.02,card
5450,2024-10-29,Airport,2,52,8,11.96,card
5451,2024-10-29,Airport,5,145,25,33.81,card
5452,2024-10-29,Airport,1,17,5,2.6,card
5453,2024-10-29,Airport,4,80,32,15.46,card
5454,2024-10-29,Airport,6,162,42,33.91,card
5455,2024-10-29,Mall,1,25,10,4.93,card
5456,2024-10-29,Mall,2,48,22,12.87,card
5457,2024-10-29,Mall,4,80,36,6.25,cash
5458,2024-10-29,Mall,2,38,22,9.42,card
5459,2024-10-29,Mall,3,57,15,13.51,card
5460,2024-10-30,Downtown,2,42,6,5.66,cash
5461,2024-10-30,Downtown,6,168,78,41.88,card
5462,2024-10-30,Downtown,2,40,18,11.52,card
5463,2024-10-30,Riverside,5,130,30,29.74,card
5464,2024-10-30,Riverside,6,138,60,24.45,cash
5465,2024-10-30,Riverside,6,132,18,18.88,cash
5466,2024-10-30,Riverside,4,52,40,27.94,card
5467,2024-10-30,Airport,2,32,6,4.07,card
5468,2024-10-30,Airport,2,42,6,5.15,card
5469,2024-10-30,Airport,2,36,6,5.31,card
5470,2024-10-30,Airport,4,104,56,25.6,card
5471,2024-10-30,Mall,5,90,25,22.55,card
5472,2024-10-30,Mall,6,108,42,27.37,card
5473,2024-10-30,Mall,1,15,3,1.98,cash
5474,2024-10-30,Mall,6,156,24,20.1,cash
5475,2024-10-30,Mall,6,120,72,21.57,card
5476,2024-10-30,Mall,6,162,42,35.19,card
5477,2024-10-31,Downtown,3,48,9,7.39,cash
5478,2024-10-31,Downtown,4,96,28,22.17,card
5479,2024-10-31,Downtown,1,29,6,5.27,card
5480,2024-10-31,Downtown,2,44,22,11.18,card
5481,2024-10-31,Riverside,2,36,8,5.67,cash
5482,2024-10-31,Riverside,5,90,35,10.49,cash
5483,2024-10-31,Riverside,6,144,30,69.57,card
5484,2024-10-31,Riverside,4,80,16,40.07,card
5485,2024-10-31,Airport,4,96,32,22.28,card
5486,2024-10-31,Airport,6,138,84,27.04,card
5487,2024-10-31,Airport,3,42,42,10.65,card
5488,2024-10-31,Airport,2,30,12,6.6,card
5489,2024-10-31,Airport,5,100,60,20.55,cash
5490,2024-10-31,Airport,3,87,36,18.78,card
5491,2024-10-31,Mall,6,90,72,12.1,cash
5492,2024-10-31,Mall,6,102,48,27.64,card
5493,2024-10-31,Mall,5,60,65,13.6,card
5494,2024-11-01,Downtown,3,60,39,10.81,card
5495,2024-11-01,Downtown,3,48,21,7.92,card
5496,2024-11-01,Downtown,3,57,42,12.18,cash
5497,2024-11-01,Riverside,6,156,72,80.68,card
5498,2024-11-01,Riverside,5,60,35,32.47,card
5499,2024-11-01,Riverside,5,105,50,59.89,card
5500,2024-11-01,Riverside,2,58,20,14.4,card
5501,2024-11-01,Riverside,6,180,30,28.47,card
5502,2024-11-01,Airport,4,56,40,11.15,cash
5503,2024-11-01,Airport,1,21,5,2.58,cash
5504,2024-11-01,Airport,6,144,72,30.1,card
5505,2024-11-01,Airport,3,60,39,17.04,card
5506,2024-11-01,Mall,2,34,20,7.87,card
5507,2024-11-01,Mall,5,70,15,16.25,card
5508,2024-11-01,Mall,3,54,39,10.71,card
5509,2024-11-01,Mall,2,24,16,2.18,cash
5510,2024-11-01,Mall,2,36,14,4.34,cash
5511,2024-11-01,Mall,2,52,18,9.97,card
5512,2024-11-02,Downtown,4,100,40,15.36,cash
5513,2024-11-02,Downtown,2,28,14,6.5,card
5514,2024-11-02,Downtown,1,18,12,3.68,card
5515,2024-11-02,Downtown,4,64,40,11.51,cash
5516,2024-11-02,Downtown,6,126,30,21.03,card
5517,2024-11-02,Riverside,2,58,6,7.19,cash
5518,2024-11-02,Riverside,1,14,13,4.9,card
5519,2024-11-02,Riverside,6,168,24,14.34,cash
5520,2024-11-02,Riverside,1,14,5,1.13,cash
5521,2024-11-02,Riverside,5,120,50,14.5,cash
5522,2024-11-02,Riverside,4,56,20,25.84,card
5523,2024-11-02,Airport,6,114,42,25.01,card
5524,2024-11-02,Airport,6,126,84,37.77,card
5525,2024-11-02,Airport,5,100,70,17.38,card
5526,2024-11-02,Airport,1,15,14,5.73,card
5527,2024-11-02,Mall,6,138,18,26.66,card
5528,2024-11-02,Mall,2,44,26,7.48,cash
5529,2024-11-02,Mall,2,24,20,4.41,cash
5530,2024-11-03,Downtown,5,110,55,13.27,cash
5531,2024-11-03,Downtown,3,72,18,-13.74,card
5532,2024-11-03,Downtown,2,28,18,2.33,cash
5533,2024-11-03,Downtown,1,17,6,2.86,card
5534,2024-11-03,Downtown,2,38,10,7.4,card
5535,2024-11-03,Downtown,6,90,18,14.42,card
5536,2024-11-03,Riverside,4,76,28,41.46,card
5537,2024-11-03,Riverside,1,15,4,3.22,card
5538,2024-11-03,Riverside,6,84,72,15.48,cash
5539,2024-11-03,Airport,4,92,56,28.6,card
5540,2024-11-03,Airport,2,26,16,4.25,cash
5541,2024-11-03,Airport,2,58,14,7.85,card
5542,2024-11-03,Airport,2,60,28,10.26,card
5543,2024-11-03,Airport,2,50,16,12.27,card
5544,2024-11-03,Airport,4,88,48,13.89,card
5545,2024-11-03,Mall,4,92,16,8.2,cash
5546,2024-11-03,Mall,2,38,10,5.66,card
5547,2024-11-03,Mall,4,56,40,17.32,card
5548,2024-11-03,Mall,1,19,3,2.52,cash
5549,2024-11-03,Mall,3,36,15,5.5,card
5550,2024-11-04,Downtown,6,162,72,43.44,card
5551,2024-11-04,Downtown,5,140,45,18.08,cash
5552,2024-11-04,Downtown,3,90,9,9.72,cash
5553,2024-11-04,Riverside,1,30,4,3.69,cash
5554,2024-11-04,Riverside,6,180,30,35.37,card
5555,2024-11-04,Riverside,6,72,18,5.6,cash
5556,2024-11-04,Riverside,1,30,13,15.3,card
5557,2024-11-04,Airport,6,78,36,13.97,cash
5558,2024-11-04,Airport,4,88,12,-3.92,cash
5559,2024-11-04,Airport,3,87,15,10.7,card
5560,2024-11-04,Airport,3,66,30,17.93,card
5561,2024-11-04,Airport,4,80,52,18.12,card
5562,2024-11-04,Mall,3,54,24,14.69,card
5563,2024-11-04,Mall,4,52,56,20.13,card
5564,2024-11-04,Mall,3,90,33,18.84,card
5565,2024-11-05,Downtown,2,24,18,5.21,card
5566,2024-11-05,Downtown,5,100,20,21.01,card
5567,2024-11-05,Downtown,4,80,56,14.98,cash
5568,2024-11-05,Riverside,4,60,44,11.69,cash
5569,2024-11-05,Riverside,6,78,78,16.7,cash
5570,2024-11-05,Riverside,5,90,45,40.06,card
5571,2024-11-05,Riverside,1,17,12,11.52,card
5572,2024-11-05,Riverside,1,16,5,2.49,card
5573,2024-11-05,Riverside,4,100,44,60.42,card
5574,2024-11-05,Airport,6,162,72,45.05,card
5575,2024-11-05,Airport,5,150,15,10.19,cash
5576,2024-11-05,Airport,1,27,8,5.5,card
5577,2024-11-05,Mall,5,145,65,23.13,card
5578,2024-11-05,Mall,3,66,9,7.5,cash
5579,2024-11-05,Mall,3,63,9,9.4,card
5580,2024-11-05,Mall,4,72,56,15.36,cash
5581,2024-11-05,Mall,5,95,55,11.87,cash
5582,2024-11-06,Downtown,3,87,12,15.1,card
5583,2024-11-06,Downtown,1,14,10,2.92,card
5584,2024-11-06,Downtown,2,58,26,13.45,card
5585,2024-11-06,Downtown,6,132,60,17.26,cash
5586,2024-11-06,Downtown,2,40,8,6.18,card
5587,2024-11-06,Downtown,1,27,12,7.15,card
5588,2024-11-06,Riverside,3,78,42,18.21,card
5589,2024-11-06,Riverside,5,105,65,20.44,cash
5590,2024-11-06,Riverside,1,28,3,2.43,cash
5591,2024-11-06,Airport,3,39,12,6.47,cash
5592,2024-11-06,Airport,3,42,9,5.1,cash
5593,2024-11-06,Airport,1,24,14,4.55,card
5594,2024-11-06,Airport,3,54,24,6.51,cash
5595,2024-11-06,Airport,6,138,48,24.42,card
5596,2024-11-06,Mall,6,102,30,18.73,card
5597,2024-11-06,Mall,6,102,48,9.2,cash
5598,2024-11-06,Mall,2,42,14,9.55,card
5599,2024-11-06,Mall,3,63,18,4.36,cash
5600,2024-11-06,Mall,6,162,24,19.5,card
5601,2024-11-07,Downtown,2,26,24,5.39,card
5602,2024-11-07,Downtown,1,21,9,5.8,card
5603,2024-11-07,Downtown,3,39,9,6.84,card
5604,2024-11-07,Riverside,1,20,14,3.41,card
5605,2024-11-07,Riverside,3,54,12,24.42,card
5606,2024-11-07,Riverside,2,46,18,24.22,card
5607,2024-11-07,Airport,4,108,20,25.33,card
5608,2024-11-07,Airport,5,130,20,29.39,card
5609,2024-11-07,Airport,2,24,14,5.15,card
5610,2024-11-07,Airport,6,174,66,13.76,cash
5611,2024-11-07,Mall,6,150,36,14.53,cash
5612,2024-11-07,Mall,6,78,42,22.22,card
5613,2024-11-07,Mall,3,57,27,9.89,card
5614,2024-11-07,Mall,2,60,20,9.08,card
5615,2024-11-07,Mall,4,92,20,11.16,cash
5616,2024-11-08,Downtown,2,44,26,7.18,card
5617,2024-11-08,Downtown,2,54,16,12.15,card
5618,2024-11-08,Downtown,1,16,6,4.13,card
5619,2024-11-08,Downtown,5,90,25,22.83,card
5620,2024-11-08,Downtown,1,27,6,4.62,card
5621,2024-11-08,Riverside,3,39,9,16.47,card
5622,2024-11-08,Riverside,6,162,84,45.51,card
5623,2024-11-08,Riverside,5,70,50,12.38,card
5624,2024-11-08,Riverside,3,75,42,13.92,cash
5625,2024-11-08,Riverside,1,27,7,4.23,card
5626,2024-11-08,Riverside,3,75,21,34.82,card
5627,2024-11-08,Airport,3,60,21,10.47,card
5628,2024-11-08,Airport,1,15,10,1.98,cash
5629,2024-11-08,Airport,4,52,48,13.44,card
5630,2024-11-08,Airport,1,12,11,2.37,card
5631,2024-11-08,Airport,6,162,84,36.57,card
5632,2024-11-08,Mall,1,14,12,3.09,card
5633,2024-11-08,Mall,5,60,35,9.73,cash
5634,2024-11-08,Mall,5,75,65,18.37,card
5635,2024-11-09,Downtown,3,78,9,12.04,card
5636,2024-11-09,Downtown,2,30,26,8.55,card
5637,2024-11-09,Downtown,3,39,9,6.38,card
5638,2024-11-09,Downtown,2,38,10,6.99,card
5639,2024-11-09,Downtown,1,23,14,3.72,card
5640,2024-11-09,Downtown,5,60,70,17.99,card
5641,2024-11-09,Riverside,5,145,30,27.83,card
5642,2024-11-09,Riverside,5,80,65,12.56,cash
5643,2024-11-09,Riverside,4,52,28,8.55,card
5644,2024-11-09,Riverside,5,65,15,10.12,card
5645,2024-11-09,Riverside,4,84,32,13,cash
5646,2024-11-09,Airport,2,46,10,9.25,card
5647,2024-11-09,Airport,1,13,7,2.74,card
5648,2024-11-09,Airport,4,92,24,16.01,card
5649,2024-11-09,,1,23,11,4.7,card
5650,2024-11-09,Mall,1,23,12,4.65,card
5651,2024-11-09,Mall,5,80,60,27.48,card
5652,2024-11-09,Mall,5,95,40,9.26,cash
5653,2024-11-10,Downtown,3,48,42,13.92,card
5654,2024-11-10,Downtown,1,23,14,4.47,card
5655,2024-11-10,Downtown,6,156,36,36.79,card
5656,2024-11-10,Downtown,5,80,30,14.66,card
5657,2024-11-10,Downtown,3,66,33,8.16,cash
5658,2024-11-10,Riverside,1,19,8,1.48,cash
5659,2024-11-10,Riverside,3,63,21,30.08,card
5660,2024-11-10,,5,95,35,-10.16,card
5661,2024-11-10,Riverside,6,120,42,10.21,cash
5662,2024-11-10,Riverside,4,52,24,5.09,cash
5663,2024-11-10,Riverside,3,36,18,5.74,cash
5664,2024-11-10,Airport,2,52,18,11.93,card
5665,2024-11-10,Airport,5,145,70,22.73,cash
5666,2024-11-10,Airport,3,60,21,14.09,card
5667,2024-11-10,Airport,4,80,52,15.13,cash
5668,2024-11-10,Airport,4,72,56,9.47,cash
5669,2024-11-10,Airport,3,39,18,5.91,card
5670,2024-11-10,Mall,4,60,48,20.86,card
5671,2024-11-10,Mall,4,64,36,10.99,card
5672,2024-11-10,Mall,5,120,55,22.65,card
5673,2024-11-11,Downtown,5,80,70,25.18,card
5674,2024-11-11,Downtown,1,25,7,1.74,cash
5675,2024-11-11,Downtown,2,42,10,8.4,card
5676,2024-11-11,Downtown,6,162,78,32.39,card
5677,2024-11-11,Riverside,2,48,14,22.71,card
5678,2024-11-11,Riverside,4,88,40,51.55,card
5679,2024-11-11,Riverside,6,132,36,17.17,card
5680,2024-11-11,Riverside,1,14,8,1.79,cash
5681,2024-11-11,Riverside,4,104,24,54.33,card
5682,2024-11-11,Riverside,4,56,32,31.95,card
5683,2024-11-11,Airport,6,114,78,22.79,cash
5684,2024-11-11,Airport,6,120,36,17.14,card
5685,2024-11-11,Airport,2,40,16,7.95,card
5686,2024-11-11,Airport,6,174,54,33.75,card
5687,2024-11-11,Mall,5,140,25,18.42,card
5688,2024-11-11,Mall,1,27,9,5.15,card
5689,2024-11-11,Mall,4,108,48,17.12,card
5690,2024-11-11,Mall,2,56,28,6.04,cash
5691,2024-11-11,Mall,6,132,66,16.91,cash
5692,2024-11-12,Downtown,6,150,30,22.04,cash
5693,2024-11-12,Downtown,1,14,8,2.9,card
5694,2024-11-12,Downtown,6,84,24,18.63,card
5695,2024-11-12,Riverside,6,168,84,79.82,card
5696,2024-11-12,Riverside,1,25,4,3.86,card
5697,2024-11-12,Riverside,5,105,60,53.79,card
5698,2024-11-12,Airport,1,26,4,3.1,card
5699,2024-11-12,Airport,2,46,28,13.87,card
5700,2024-11-12,Airport,5,150,30,26.41,card
5701,2024-11-12,Airport,2,30,6,3.94,card
5702,2024-11-12,Airport,6,138,30,28.94,card
5703,2024-11-12,Airport,3,66,30,11.92,cash
5704,2024-11-12,Mall,5,140,65,31.45,card
5705,2024-11-12,Mall,2,32,14,8.38,card
5706,2024-11-12,Mall,1,27,14,7.4,card
5707,2024-11-12,Mall,2,28,24,3.58,cash
5708,2024-11-12,Mall,1,17,3,2.76,card
5709,2024-11-12,Mall,2,30,26,11.06,card
5710,2024-11-13,Downtown,4,88,32,17.02,card
5711,2024-11-13,Downtown,5,90,55,27.97,card
5712,2024-11-13,Downtown,2,34,18,5.77,cash
5713,2024-11-13,Downtown,4,68,12,7.9,cash
5714,2024-11-13,Downtown,3,69,9,9.3,card
5715,2024-11-13,Riverside,5,60,65,47.65,card
5716,2024-11-13,Riverside,3,60,18,4.48,cash
5717,2024-11-13,Riverside,4,56,32,9.53,card
5718,2024-11-13,Riverside,4,76,28,10.67,cash
5719,2024-11-13,Airport,4,116,16,11.47,cash
5720,2024-11-13,Airport,4,104,48,24.97,card
5721,2024-11-13,Airport,4,112,40,14.9,cash
5722,2024-11-13,Airport,1,13,11,1.58,cash
5723,2024-11-13,Airport,5,120,15,25.01,card
5724,2024-11-13,Mall,2,50,8,3.14,cash
5725,2024-11-13,Mall,4,48,20,9.3,card
5726,2024-11-13,Mall,2,56,8,5.61,cash
5727,2024-11-14,Downtown,1,25,12,2.86,cash
5728,2024-11-14,Downtown,6,102,24,6.62,cash
5729,2024-11-14,Downtown,1,14,12,4.72,card
5730,2024-11-14,Downtown,5,100,70,11.87,cash
5731,2024-11-14,Downtown,1,22,10,5.81,card
5732,2024-11-14,Downtown,2,44,14,10.18,card
5733,2024-11-14,Riverside,5,140,50,65.2,card
5734,2024-11-14,Riverside,4,88,40,18.09,card
5735,2024-11-14,Riverside,2,36,16,20.12,card
5736,2024-11-14,Riverside,4,100,20,37.14,card
5737,2024-11-14,Riverside,3,48,27,10.36,card
5738,2024-11-14,Airport,6,144,78,33.3,card
5739,2024-11-14,Airport,2,40,20,3.62,cash
5740,2024-11-14,Airport,2,40,28,5.48,cash
5741,2024-11-14,Airport,3,66,24,9.73,card
5742,2024-11-14,Airport,5,110,35,15.19,cash
5743,2024-11-14,Mall,4,108,52,20.16,card
5744,2024-11-14,Mall,3,81,30,19.17,card
5745,2024-11-14,Mall,3,51,12,4.15,cash
5746,2024-11-14,Mall,5,70,25,18.63,card
5747,2024-11-15,Downtown,5,70,45,17.41,card
5748,2024-11-15,Downtown,1,17,9,1.4,cash
5749,2024-11-15,Downtown,2,44,16,3.66,cash
5750,2024-11-15,Downtown,4,92,32,20.68,card
5751,2024-11-15,Downtown,5,110,25,14.14,card
5752,2024-11-15,Downtown,6,120,30,20.3,card
5753,2024-11-15,Riverside,1,19,7,10.59,card
5754,2024-11-15,Riverside,4,80,32,17.7,card
5755,2024-11-15,Riverside,3,81,33,11.56,cash
5756,2024-11-15,Riverside,2,56,8,11.25,card
5757,2024-11-15,Airport,4,68,16,7.89,cash
5758,2024-11-15,Airport,3,87,27,14.43,cash
5759,2024-11-15,Airport,2,34,6,4.86,cash
5760,2024-11-15,Airport,5,135,70,40.68,card
5761,2024-11-15,Airport,5,100,50,26.33,card
5762,2024-11-15,Mall,6,174,36,22.12,card
5763,2024-11-15,Mall,4,84,44,16.72,card
5764,2024-11-15,Mall,4,112,12,21.24,card
5765,2024-11-15,Mall,6,120,18,21.61,card
5766,2024-11-15,Mall,6,84,36,21.13,card
5767,2024-11-16,Downtown,1,12,12,2.85,card
5768,2024-11-16,Downtown,1,22,7,4,card
5769,2024-11-16,Downtown,1,28,10,7.1,card
5770,2024-11-16,Downtown,1,17,11,3.36,card
5771,2024-11-16,Downtown,6,132,18,29.82,card
5772,2024-11-16,Downtown,3,45,24,5.55,cash
5773,2024-11-16,Riverside,3,42,24,7.85,card
5774,2024-11-16,Riverside,6,120,30,16.55,cash
5775,2024-11-16,Riverside,3,42,9,3.11,cash
5776,2024-11-16,Riverside,3,36,36,8.43,card
5777,2024-11-16,Airport,1,17,10,5.18,card
5778,2024-11-16,Airport,4,60,40,12.06,card
5779,2024-11-16,Airport,2,34,16,8.38,card
5780,2024-11-16,Airport,3,63,42,11.54,cash
5781,2024-11-16,Mall,5,105,70,25.53,card
5782,2024-11-16,Mall,5,100,15,19,card
5783,2024-11-16,Mall,2,60,8,5.01,cash
5784,2024-11-16,Mall,3,57,27,11.78,card
5785,2024-11-16,Mall,1,14,12,2.44,cash
5786,2024-11-16,Mall,4,116,44,27.85,card
5787,2024-11-17,Downtown,6,102,36,22.09,card
5788,2024-11-17,Downtown,2,26,6,2.85,cash
5789,2024-11-17,Downtown,6,138,78,22.63,cash
5790,2024-11-17,Riverside,3,36,15,18.13,card
5791,2024-11-17,Riverside,2,44,18,26,card
5792,2024-11-17,Riverside,6,72,48,11.41,cash
5793,2024-11-17,Airport,5,140,70,22.87,card
5794,2024-11-17,Airport,5,115,60,30.8,card
5795,2024-11-17,Airport,2,54,18,11.81,card
5796,2024-11-17,Airport,5,110,40,28.74,card
5797,2024-11-17,Airport,3,75,39,10.53,cash
5798,2024-11-17,Mall,6,102,66,11.66,cash
5799,2024-11-17,Mall,2,26,20,5.92,cash
5800,2024-11-17,Mall,4,80,32,17.2,card
5801,2024-11-17,Mall,1,25,9,3.71,cash
5802,2024-11-17,Mall,6,150,78,11.79,cash
5803,2024-11-17,Mall,1,21,10,1.81,cash
5804,2024-11-18,Downtown,6,174,78,41.19,card
5805,2024-11-18,Downtown,6,144,66,22.61,card
5806,2024-11-18,Downtown,1,16,7,1.44,cash
5807,2024-11-18,Riverside,4,116,36,43.26,card
5808,2024-11-18,Riverside,2,32,24,19.27,card
5809,2024-11-18,Riverside,1,13,8,2.43,card
5810,2024-11-18,Airport,5,110,30,18.47,card
5811,2024-11-18,Airport,4,72,20,11.17,card
5812,2024-11-18,Airport,5,95,70,24.03,card
5813,2024-11-18,Airport,2,28,22,3.97,cash
5814,2024-11-18,Mall,3,90,30,16.86,card
5815,2024-11-18,Mall,5,90,20,11.67,cash
5816,2024-11-18,Mall,2,46,26,5.41,cash
5817,2024-11-18,Mall,3,60,27,5.6,cash
5818,2024-11-18,Mall,1,23,4,1.67,cash
5819,2024-11-19,Downtown,4,100,24,8.29,cash
5820,2024-11-19,Downtown,2,56,8,7.42,cash
5821,2024-11-19,Downtown,4,56,20,13.98,card
5822,2024-11-19,Downtown,5,120,35,23.86,card
5823,2024-11-19,Riverside,4,92,32,13.41,cash
5824,2024-11-19,Riverside,2,46,28,10.85,card
5825,2024-11-19,Riverside,4,120,44,26.2,card
5826,2024-11-19,Riverside,5,125,65,29.17,card
5827,2024-11-19,Riverside,5,80,40,12.69,card
5828,2024-11-19,Riverside,4,84,44,25.05,card
5829,2024-11-19,Airport,1,18,12,4.94,card
5830,2024-11-19,Airport,6,126,18,7.38,cash
5831,2024-11-19,Airport,2,46,16,6.7,card
5832,2024-11-19,Airport,3,78,15,7.36,cash
5833,2024-11-19,Mall,6,168,84,-8.58,cash
5834,2024-11-19,Mall,2,28,16,6.35,card
5835,2024-11-19,Mall,2,36,14,4.31,cash
5836,2024-11-19,Mall,5,65,55,8.29,cash
5837,2024-11-19,Mall,5,80,15,9.52,cash
5838,2024-11-20,Downtown,6,78,30,12.01,cash
5839,2024-11-20,Downtown,3,63,27,14.2,card
5840,2024-11-20,Downtown,4,100,28,25.32,card
5841,2024-11-20,Downtown,3,63,9,4.83,cash
5842,2024-11-20,Riverside,6,84,60,21.63,card
5843,2024-11-20,Riverside,2,48,22,4.34,cash
5844,2024-11-20,Riverside,4,92,36,14.23,card
5845,2024-11-20,Riverside,3,48,33,16.19,card
5846,2024-11-20,Riverside,1,29,7,4.84,card
5847,2024-11-20,Riverside,3,69,12,6,cash
5848,2024-11-20,Airport,6,120,18,13.27,cash
5849,2024-11-20,Airport,1,17,7,2.06,cash
5850,2024-11-20,Airport,1,18,10,5.01,card
5851,2024-11-20,Airport,6,156,84,38.05,card
5852,2024-11-20,Airport,5,95,55,29.53,card
5853,2024-11-20,Airport,2,36,24,9.93,card
5854,2024-11-20,Mall,1,16,5,3.94,card
5855,2024-11-20,Mall,2,48,16,10.58,card
5856,2024-11-20,Mall,4,92,20,7,cash
5857,2024-11-20,Mall,2,40,10,6.91,card
5858,2024-11-21,Downtown,5,120,50,26.55,card
5859,2024-11-21,Downtown,2,36,22,7.09,cash
5860,2024-11-21,Downtown,5,125,25,27.88,card
5861,2024-11-21,Downtown,3,48,15,10.92,card
5862,2024-11-21,Riverside,4,92,56,14.95,card
5863,2024-11-21,Riverside,4,80,24,-2.21,cash
5864,2024-11-21,Riverside,4,88,48,41.35,card
5865,2024-11-21,Riverside,5,85,70,14.25,cash
5866,2024-11-21,Riverside,6,180,30,13.71,cash
5867,2024-11-21,Riverside,1,29,7,15.34,card
5868,2024-11-21,Airport,1,23,7,3.29,card
5869,2024-11-21,Airport,4,52,20,12.59,card
5870,2024-11-21,Airport,2,52,18,8.89,cash
5871,2024-11-21,Airport,1,24,6,4.83,card
5872,2024-11-21,Mall,5,75,40,22.4,card
5873,2024-11-21,Mall,3,45,27,7.55,cash
5874,2024-11-21,Mall,4,120,24,18.94,card
5875,2024-11-21,Mall,5,75,70,28.93,card
5876,2024-11-21,Mall,4,100,20,18.6,card
5877,2024-11-22,Downtown,3,39,30,8.77,cash
5878,2024-11-22,Downtown,1,21,11,4.94,card
5879,2024-11-22,Downtown,1,17,7,3.17,card
5880,2024-11-22,,3,60,27,35.26,card
5881,2024-11-22,Riverside,6,156,60,63.2,card
5882,2024-11-22,Riverside,2,50,14,-12.18,card
5883,2024-11-22,Riverside,5,60,15,8.08,cash
5884,2024-11-22,Airport,1,16,10,2.25,cash
5885,2024-11-22,Airport,2,56,6,6.76,card
5886,2024-11-22,Airport,4,80,36,19.28,card
5887,2024-11-22,Airport,6,114,48,17.26,cash
5888,2024-11-22,Mall,1,27,14,4.82,card
5889,2024-11-22,Mall,2,38,28,12.45,card
5890,2024-11-22,Mall,4,84,56,26.78,card
5891,2024-11-23,Downtown,5,60,30,7.32,cash
5892,2024-11-23,Downtown,3,69,9,4.67,cash
5893,2024-11-23,Downtown,2,32,16,8.68,card
5894,2024-11-23,Downtown,4,68,52,10.57,cash
5895,2024-11-23,Downtown,4,96,36,16.07,cash
5896,2024-11-23,Riverside,5,150,45,72.69,card
5897,2024-11-23,Riverside,2,60,6,7.66,cash
5898,2024-11-23,Riverside,2,42,14,7.57,card
5899,2024-11-23,Riverside,6,90,78,12.24,cash
5900,2024-11-23,Riverside,6,138,42,76.59,card
5901,2024-11-23,Airport,1,26,14,6.14,card
5902,2024-11-23,Airport,1,20,5,4.15,card
5903,2024-11-23,Airport,1,25,13,4.41,cash
5904,2024-11-23,Airport,4,56,32,17.02,card
5905,2024-11-23,Mall,6,114,66,10.42,cash
5906,2024-11-23,Mall,1,30,8,2.45,cash
5907,2024-11-23,Mall,3,45,15,3.62,cash
5908,2024-11-23,Mall,1,24,5,2.35,cash
5909,2024-11-24,Downtown,6,180,72,23.34,cash
5910,2024-11-24,Downtown,3,48,30,12.74,card
5911,2024-11-24,Downtown,5,70,50,14.67,card
5912,2024-11-24,Downtown,5,70,40,14.99,card
5913,2024-11-24,Downtown,1,27,14,7.31,card
5914,2024-11-24,Riverside,5,60,20,15.56,card
5915,2024-11-24,Riverside,1,14,14,2.52,cash
5916,2024-11-24,Riverside,3,69,33,36.86,card
5917,2024-11-24,Riverside,2,28,12,16.56,card
5918,2024-11-24,Riverside,4,56,20,11.18,card
5919,2024-11-24,Airport,1,21,9,5.7,card
5920,2024-11-24,Airport,2,54,10,7.42,card
5921,2024-11-24,Airport,1,18,6,1.95,cash
5922,2024-11-24,Airport,3,72,33,11.53,cash
5923,2024-11-24,Airport,5,135,20,17.52,card
5924,2024-11-24,Airport,1,12,11,2.53,card
5925,2024-11-24,Mall,5,125,40,25.84,card
5926,2024-11-24,Mall,4,72,16,16.59,card
5927,2024-11-24,Mall,3,78,9,4.93,cash
5928,2024-11-24,Mall,3,39,24,5.42,cash
5929,2024-11-24,Mall,3,51,18,7.08,cash
5930,2024-11-24,Mall,6,174,72,26.01,card
5931,2024-11-25,Downtown,2,54,24,4.06,cash
5932,2024-11-25,Downtown,4,72,40,18.33,card
5933,2024-11-25,Downtown,3,63,18,4.11,cash
5934,2024-11-25,Downtown,4,108,36,10.47,cash
5935,2024-11-25,Riverside,5,110,55,53.46,card
5936,2024-11-25,Riverside,5,65,60,22.12,card
5937,2024-11-25,Riverside,2,48,10,21.87,card
5938,2024-11-25,Riverside,3,72,27,7.26,cash
5939,2024-11-25,Riverside,4,52,16,8.63,cash
5940,2024-11-25,Airport,5,125,50,17.76,cash
5941,2024-11-25,Airport,4,96,32,14.59,card
5942,2024-11-25,Airport,5,100,30,24.19,card
5943,2024-11-25,Airport,1,20,9,4.86,card
5944,2024-11-25,Airport,5,125,15,21.77,card
5945,2024-11-25,Mall,4,116,56,29.22,card
5946,2024-11-25,Mall,6,102,24,15.47,card
5947,2024-11-25,Mall,4,96,56,11.06,cash
5948,2024-11-25,Mall,5,145,20,18.13,cash
5949,2024-11-25,Mall,5,85,70,16.95,cash
5950,2024-11-25,Mall,3,87,33,22.59,card
5951,2024-11-26,Downtown,6,108,42,24.39,card
5952,2024-11-26,Downtown,2,26,28,8.27,card
5953,2024-11-26,Downtown,4,64,40,18.14,card
5954,2024-11-26,Riverside,6,168,30,17.79,cash
5955,2024-11-26,Riverside,1,23,12,10.69,card
5956,2024-11-26,Riverside,2,54,8,8.59,card
5957,2024-11-26,Riverside,5,135,45,26.36,card
5958,2024-11-26,Airport,3,57,30,16.41,card
5959,2024-11-26,Airport,1,22,3,2.07,cash
5960,2024-11-26,Airport,6,78,36,13.58,card
5961,2024-11-26,Mall,5,60,25,15.94,card
5962,2024-11-26,Mall,4,116,36,23.73,card
5963,2024-11-26,Mall,5,105,25,23.13,card
5964,2024-11-26,Mall,6,102,66,15.31,cash
5965,2024-11-26,Mall,4,88,20,12.75,cash
5966,2024-11-27,Downtown,1,25,12,4.27,cash
5967,2024-11-27,Downtown,2,40,12,6.28,cash
5968,2024-11-27,Downtown,6,180,24,23.66,cash
5969,2024-11-27,Downtown,5,150,55,31.74,card
5970,2024-11-27,Downtown,5,120,45,25.3,card
5971,2024-11-27,Riverside,4,108,24,38.39,card
5972,2024-11-27,Riverside,1,24,4,3.89,card
5973,2024-11-27,Riverside,5,75,30,35.31,card
5974,2024-11-27,Riverside,2,56,24,8.71,cash
5975,2024-11-27,Airport,1,21,7,2.6,cash
5976,2024-11-27,Airport,1,29,4,2.51,cash
5977,2024-11-27,Airport,5,115,20,16.58,cash
5978,2024-11-27,Airport,3,75,9,8.19,cash
5979,2024-11-27,Airport,5,125,45,17.59,cash
5980,2024-11-27,Mall,5,100,35,24.58,card
5981,2024-11-27,Mall,3,60,27,5.48,cash
5982,2024-11-27,Mall,4,72,48,19.52,card
5983,2024-11-27,Mall,3,60,30,7.66,cash
5984,2024-11-27,Mall,6,78,54,14.82,card
5985,2024-11-27,Mall,6,150,30,9.55,cash
5986,2024-11-28,Downtown,5,125,30,26.71,card
5987,2024-11-28,Downtown,5,80,50,24.69,card
5988,2024-11-28,Downtown,4,88,28,22.87,card
5989,2024-11-28,Downtown,6,156,54,10.91,cash
5990,2024-11-28,Riverside,3,54,39,29.03,card
5991,2024-11-28,Riverside,4,68,24,9.14,cash
5992,2024-11-28,Riverside,1,13,11,2.13,cash
5993,2024-11-28,Riverside,2,42,26,7.85,card
5994,2024-11-28,Airport,3,60,30,9.16,card
5995,2024-11-28,Airport,6,156,30,25,card
5996,2024-11-28,Airport,2,34,10,6.18,card
5997,2024-11-28,Mall,6,180,84,46.99,card
5998,2024-11-28,Mall,1,26,8,6.02,card
5999,2024-11-28,Mall,3,84,18,-15.5,card
6000,2024-11-28,Mall,6,78,18,8.38,cash
6001,2024-11-29,Downtown,2,26,26,8.54,card
6002,2024-11-29,Downtown,2,28,28,4.49,cash
6003,2024-11-29,Downtown,4,84,32,11.62,card
6004,2024-11-29,Downtown,4,72,52,12.44,cash
6005,2024-11-29,Downtown,3,60,15,7.59,card
6006,2024-11-29,Riverside,4,88,48,22.15,card
6007,2024-11-29,Riverside,5,140,65,22.24,card
6008,2024-11-29,Riverside,6,78,30,14.64,card
6009,2024-11-29,Riverside,5,140,50,22.76,card
6010,2024-11-29,Riverside,6,120,66,55.19,card
6011,2024-11-29,Riverside,5,150,15,17.89,cash
6012,2024-11-29,Airport,1,29,9,5.88,card
6013,2024-11-29,Airport,1,22,6,4.34,card
6014,2024-11-29,Airport,5,110,70,10.07,cash
6015,2024-11-29,Airport,3,42,30,9.1,cash
6016,2024-11-29,Airport,6,162,60,30.83,card
6017,2024-11-29,Airport,3,60,15,9.6,cash
6018,2024-11-29,Mall,4,76,52,20.74,card
6019,2024-11-29,Mall,3,90,36,7.03,cash
6020,2024-11-29,Mall,3,48,15,11.31,card
6021,2024-11-29,Mall,3,87,18,11.72,card
6022,2024-11-29,Mall,6,156,42,14.26,cash
6023,2024-11-29,Mall,2,24,20,5.46,cash
6024,2024-11-30,Downtown,5,110,50,18.47,card
6025,2024-11-30,Downtown,2,40,26,6.22,cash
6026,2024-11-30,Downtown,6,72,78,17.07,card
6027,2024-11-30,Downtown,4,112,16,22.01,card
6028,2024-11-30,Riverside,5,90,70,10.08,cash
6029,2024-11-30,Riverside,5,125,20,19.62,card
6030,2024-11-30,Riverside,3,57,36,7.19,cash
6031,2024-11-30,Riverside,2,28,10,13.42,card
6032,2024-11-30,Riverside,6,72,72,15.05,cash
6033,2024-11-30,Airport,1,28,9,4.63,card
6034,2024-11-30,Airport,6,102,42,17.89,card
6035,2024-11-30,Airport,1,26,9,4.4,card
6036,2024-11-30,Airport,1,27,10,4.62,cash
6037,2024-11-30,Airport,3,66,18,12.38,card
6038,2024-11-30,Airport,4,76,52,9.34,cash
6039,2024-11-30,Mall,3,42,33,9.38,cash
6040,2024-11-30,Mall,5,145,60,24.46,card
6041,2024-11-30,Mall,3,45,39,16.59,card
6042,2024-11-30,Mall,1,18,12,5.14,card
6043,2024-12-01,Downtown,5,80,35,6.55,cash
6044,2024-12-01,Downtown,5,135,35,27.24,card
6045,2024-12-01,Downtown,6,180,42,34.69,card
6046,2024-12-01,Downtown,1,24,13,5.57,card
6047,2024-12-01,Downtown,1,17,11,2.07,cash
6048,2024-12-01,Downtown,1,19,5,3.07,cash
6049,2024-12-01,Riverside,5,105,70,17.83,cash
6050,2024-12-01,Riverside,3,63,24,8.06,cash
6051,2024-12-01,Riverside,3,54,18,8.57,cash
6052,2024-12-01,Airport,2,36,14,8.1,card
6053,2024-12-01,Airport,6,72,72,18.42,cash
6054,2024-12-01,Airport,2,34,22,9.53,card
6055,2024-12-01,Airport,5,145,45,31.95,card
6056,2024-12-01,Airport,1,27,3,3.22,cash
6057,2024-12-01,Mall,3,63,39,13.06,cash
6058,2024-12-01,Mall,4,120,40,20.17,cash
6059,2024-12-01,Mall,4,68,32,16.42,card
6060,2024-12-01,Mall,6,132,66,24.79,cash
6061,2024-12-02,Downtown,6,144,66,28.86,card
6062,2024-12-02,Downtown,5,60,50,15.34,card
6063,2024-12-02,Downtown,5,125,40,15.91,cash
6064,2024-12-02,Downtown,2,60,10,7.33,card
6065,2024-12-02,Downtown,2,32,8,4.33,cash
6066,2024-12-02,Downtown,3,39,27,10.05,card
6067,2024-12-02,Riverside,1,27,3,10.06,card
6068,2024-12-02,Riverside,1,22,8,11.99,card
6069,2024-12-02,Riverside,3,45,12,2.89,cash
6070,2024-12-02,Riverside,3,69,36,32.67,card
6071,2024-12-02,Airport,1,14,14,5.2,card
6072,2024-12-02,Airport,3,84,9,4.84,cash
6073,2024-12-02,Airport,1,28,6,4.44,card
6074,2024-12-02,Mall,1,14,12,4.18,card
6075,2024-12-02,Mall,5,85,30,20.8,card
6076,2024-12-02,Mall,1,18,4,1.54,cash
6077,2024-12-03,Downtown,6,90,18,18.12,card
6078,2024-12-03,Downtown,2,40,18,10.42,card
6079,2024-12-03,Downtown,2,52,14,10.21,card
6080,2024-12-03,Downtown,5,100,40,25.27,card
6081,2024-12-03,Riverside,5,125,40,18.65,cash
6082,2024-12-03,Riverside,2,26,10,10.98,card
6083,2024-12-03,Riverside,1,29,4,3.8,cash
6084,2024-12-03,Riverside,5,65,20,12.71,card
6085,2024-12-03,Airport,4,84,28,11.7,cash
6086,2024-12-03,Airport,3,45,30,8.94,card
6087,2024-12-03,Airport,3,90,18,8.52,cash
6088,2024-12-03,Airport,2,52,18,5.98,cash
6089,2024-12-03,Mall,6,96,72,32.57,card
6090,2024-12-03,Mall,3,60,24,8.66,card
6091,2024-12-03,Mall,4,88,32,21.3,card
6092,2024-12-03,Mall,4,92,40,13.34,card
6093,2024-12-03,Mall,6,180,24,19.84,cash
6094,2024-12-03,Mall,3,66,27,6.28,cash
6095,2024-12-04,Downtown,6,96,60,24.09,card
6096,2024-12-04,Downtown,1,22,6,4.71,card
6097,2024-12-04,Downtown,6,126,54,12.38,cash
6098,2024-12-04,Downtown,3,75,42,12.25,card
6099,2024-12-04,Riverside,4,88,40,48.63,card
6100,2024-12-04,Riverside,6,126,48,59.67,card
6101,2024-12-04,Riverside,4,112,20,10.08,cash
6102,2024-12-04,Riverside,5,110,30,39.55,card
6103,2024-12-04,Riverside,6,150,18,64.36,card
6104,2024-12-04,Airport,6,168,60,16.34,cash
6105,2024-12-04,Airport,4,60,44,10.1,cash
6106,2024-12-04,Airport,5,125,15,12.67,cash
6107,2024-12-04,Airport,3,72,15,10.83,cash
6108,2024-12-04,Airport,5,65,45,17.87,card
6109,2024-12-04,Airport,6,108,24,-5.21,cash
6110,2024-12-04,Mall,1,25,11,5.62,card
6111,2024-12-04,Mall,4,80,56,13.89,cash
6112,2024-12-04,Mall,3,90,9,7.08,cash
6113,2024-12-04,Mall,3,54,18,11.62,card
6114,2024-12-04,Mall,3,36,12,9.21,card
6115,2024-12-05,Downtown,1,22,7,3.62,card
6116,2024-12-05,Downtown,3,39,9,9.55,card
6117,2024-12-05,Downtown,2,34,10,2.24,cash
6118,2024-12-05,Downtown,4,96,16,14.44,cash
6119,2024-12-05,Downtown,2,54,24,9.73,cash
6120,2024-12-05,Riverside,3,90,30,14.71,cash
6121,2024-12-05,Riverside,2,36,28,3.9,cash
6122,2024-12-05,Riverside,5,135,25,18.31,card
6123,2024-12-05,Riverside,1,22,8,3.04,card
6124,2024-12-05,Airport,4,108,28,16.98,cash
6125,2024-12-05,Airport,2,60,8,7.43,card
6126,2024-12-05,Airport,1,20,11,5.71,card
6127,2024-12-05,Airport,6,180,36,17.37,cash
6128,2024-12-05,Mall,6,126,72,15.49,cash
6129,2024-12-05,Mall,2,40,10,8.41,card
6130,2024-12-05,Mall,1,28,5,2.54,cash
6131,2024-12-05,Mall,5,145,65,33.08,card
6132,2024-12-06,Downtown,1,24,11,4.74,card
6133,2024-12-06,Downtown,4,100,16,8.97,cash
6134,2024-12-06,Downtown,3,39,24,8.09,cash
6135,2024-12-06,Riverside,3,87,24,17.57,card
6136,2024-12-06,Riverside,6,90,72,52.79,card
6137,2024-12-06,Riverside,1,12,13,2.87,card
6138,2024-12-06,Riverside,3,72,24,8.06,cash
6139,2024-12-06,Riverside,6,108,48,19.18,cash
6140,2024-12-06,Airport,1,23,14,6.48,card
6141,2024-12-06,Airport,3,45,24,7.58,card
6142,2024-12-06,Airport,3,48,33,8.78,card
6143,2024-12-06,Airport,3,63,15,15.44,card
6144,2024-12-06,Airport,5,90,70,19.37,cash
6145,2024-12-06,Mall,4,72,24,7.82,cash
6146,2024-12-06,Mall,2,52,26,9.35,cash
6147,2024-12-06,Mall,4,68,56,21.55,card
6148,2024-12-06,Mall,6,132,30,11.73,cash
6149,2024-12-06,Mall,4,76,24,16.65,card
6150,2024-12-07,Downtown,1,16,6,3.78,card
6151,2024-12-07,Downtown,4,56,16,7.73,cash
6152,2024-12-07,Downtown,3,36,12,3.06,cash
6153,2024-12-07,Downtown,4,52,16,-8.53,card
6154,2024-12-07,Downtown,2,38,18,3.2,cash
6155,2024-12-07,Downtown,3,75,30,12.85,cash
6156,2024-12-07,Riverside,3,60,42,41.66,card
6157,2024-12-07,Riverside,3,39,18,18.43,card
6158,2024-12-07,Riverside,4,72,48,38.01,card
6159,2024-12-07,Riverside,2,44,6,8.89,card
6160,2024-12-07,Riverside,2,24,12,4.47,card
6161,2024-12-07,Riverside,5,60,20,28.51,card
6162,2024-12-07,Airport,5,65,40,11.34,card
6163,2024-12-07,Airport,2,54,22,7.24,cash
6164,2024-12-07,Airport,3,45,12,6.05,card
6165,2024-12-07,Mall,6,120,60,11.33,cash
6166,2024-12-07,Mall,4,120,48,19.25,card
6167,2024-12-07,Mall,2,26,14,3.38,cash
6168,2024-12-08,Downtown,5,60,20,11.23,card
6169,2024-12-08,Downtown,6,96,60,24.17,card
6170,2024-12-08,Downtown,4,64,16,15.7,card
6171,2024-12-08,Downtown,5,130,20,28.47,card
6172,2024-12-08,Downtown,1,21,3,3.78,card
6173,2024-12-08,Downtown,5,125,50,10.61,cash
6174,2024-12-08,Riverside,3,72,15,16.86,card
6175,2024-12-08,Riverside,1,26,8,2.36,cash
6176,2024-12-08,Riverside,5,95,60,52.28,card
6177,2024-12-08,Riverside,5,130,65,74.78,card
6178,2024-12-08,Riverside,5,115,60,19.69,card
6179,2024-12-08,Riverside,5,115,70,9.89,cash
6180,2024-12-08,Airport,3,39,30,12.59,card
6181,2024-12-08,Airport,2,52,22,11.32,card
6182,2024-12-08,Airport,4,68,20,4.81,cash
6183,2024-12-08,Airport,1,22,8,5.56,card
6184,2024-12-08,Airport,4,64,16,15.64,card
6185,2024-12-08,Airport,6,150,24,12.02,cash
6186,2024-12-08,Mall,2,38,26,6.82,cash
6187,2024-12-08,Mall,2,36,26,8.81,card
6188,2024-12-08,Mall,6,150,42,31.22,card
6189,2024-12-09,Downtown,3,84,36,14.3,cash
6190,2024-12-09,Downtown,4,120,56,14.16,cash
6191,2024-12-09,Downtown,6,144,78,13.9,cash
6192,2024-12-09,Downtown,2,44,6,6.93,card
6193,2024-12-09,Downtown,3,72,12,5.69,cash
6194,2024-12-09,Downtown,5,80,60,22.49,card
6195,2024-12-09,Riverside,2,26,26,7.26,card
6196,2024-12-09,Riverside,6,132,72,64.97,card
6197,2024-12-09,Riverside,4,120,24,49.02,card
6198,2024-12-09,Riverside,5,130,35,59.71,card
6199,2024-12-09,Riverside,3,78,39,48.59,card
6200,2024-12-09,Riverside,4,56,52,15.74,card
6201,2024-12-09,Airport,4,100,44,11.37,cash
6202,2024-12-09,Airport,6,150,84,35.96,card
6203,2024-12-09,Airport,6,156,54,11.12,cash
6204,2024-12-09,Airport,3,87,9,17.71,card
6205,2024-12-09,Airport,1,16,3,3.02,card
6206,2024-12-09,Airport,6,180,18,24.49,cash
6207,2024-12-09,Mall,1,13,12,3.53,card
6208,2024-12-09,Mall,1,24,11,6.83,card
6209,2024-12-09,Mall,5,65,65,13.61,cash
6210,2024-12-09,Mall,4,60,28,16.22,card
6211,2024-12-09,Mall,2,34,26,6.01,cash
6212,2024-12-09,Mall,6,132,42,33.91,card
6213,2024-12-10,Downtown,1,30,6,7.12,card
6214,2024-12-10,Downtown,1,15,9,3.05,card
6215,2024-12-10,Downtown,6,138,84,29.91,card
6216,2024-12-10,Downtown,3,57,9,12.19,card
6217,2024-12-10,Downtown,6,90,24,13.64,card
6218,2024-12-10,Downtown,4,76,32,17.78,card
6219,2024-12-10,Riverside,4,108,12,41.13,card
6220,2024-12-10,Riverside,5,65,45,16.19,card
6221,2024-12-10,Riverside,2,40,16,8.24,card
6222,2024-12-10,Riverside,5,80,50,23.98,card
6223,2024-12-10,Riverside,2,40,10,21.16,card
6224,2024-12-10,Airport,4,112,16,17.19,card
6225,2024-12-10,Airport,2,42,16,3.27,cash
6226,2024-12-10,Airport,2,46,20,9.65,card
6227,2024-12-10,Mall,6,84,42,22.81,card
6228,2024-12-10,Mall,2,38,20,4.59,cash
6229,2024-12-10,Mall,3,90,36,15.46,card
6230,2024-12-10,Mall,4,112,56,31.53,card
6231,2024-12-11,Downtown,6,138,84,30.85,card
6232,2024-12-11,Downtown,6,120,72,15.58,cash
6233,2024-12-11,Downtown,4,52,12,7.78,cash
6234,2024-12-11,Downtown,5,95,35,16.18,cash
6235,2024-12-11,Riverside,1,29,10,4.1,cash
6236,2024-12-11,Riverside,5,85,65,8.82,cash
6237,2024-12-11,Riverside,4,80,40,21.39,card
6238,2024-12-11,Riverside,1,26,10,2.78,cash
6239,2024-12-11,Riverside,1,14,10,9.58,card
6240,2024-12-11,Airport,6,84,24,17.15,card
6241,2024-12-11,,2,24,26,8,card
6242,2024-12-11,Airport,6,72,36,18.02,card
6243,2024-12-11,Mall,6,162,54,25.64,card
6244,2024-12-11,Mall,4,100,24,16.76,card
6245,2024-12-11,Mall,6,168,84,43.59,card
6246,2024-12-11,Mall,3,72,30,16.37,card
6247,2024-12-11,Mall,2,38,8,7.72,card
6248,2024-12-11,Mall,1,26,13,3.87,cash
6249,2024-12-12,Downtown,4,72,40,19.95,card
6250,2024-12-12,Downtown,5,65,65,25.27,card
6251,2024-12-12,Downtown,6,120,66,36.95,card
6252,2024-12-12,Downtown,6,114,24,17.02,card
6253,2024-12-12,Downtown,4,64,40,11.3,card
6254,2024-12-12,Riverside,2,48,18,20.28,card
6255,2024-12-12,Riverside,1,21,10,10.85,card
6256,2024-12-12,Riverside,1,12,13,4.44,card
6257,2024-12-12,Riverside,4,76,24,13.27,card
6258,2024-12-12,Airport,2,58,14,13.78,card
6259,2024-12-12,Airport,1,21,6,2.19,cash
6260,2024-12-12,Airport,2,50,20,4.41,cash
6261,2024-12-12,Airport,2,48,10,4.41,cash
6262,2024-12-12,Airport,5,140,25,21.9,card
6263,2024-12-12,Airport,5,130,30,23.57,card
6264,2024-12-12,Mall,3,51,30,9.35,cash
6265,2024-12-12,Mall,6,120,24,19.45,card
6266,2024-12-12,Mall,1,17,6,2.22,cash
6267,2024-12-12,Mall,2,28,12,4.33,card
6268,2024-12-13,Downtown,2,30,26,5.6,card
6269,2024-12-13,Downtown,6,132,84,33.1,card
6270,2024-12-13,Downtown,5,80,35,15.3,card
6271,2024-12-13,Downtown,1,26,8,3.88,card
6272,2024-12-13,Downtown,2,34,20,9.35,card
6273,2024-12-13,Downtown,3,69,27,16.62,card
6274,2024-12-13,Riverside,4,116,52,53.87,card
6275,2024-12-13,Riverside,2,44,16,3.54,cash
6276,2024-12-13,Riverside,1,19,5,2.33,cash
6277,2024-12-13,Airport,2,56,26,10.76,card
6278,2024-12-13,Airport,2,26,26,-15.43,card
6279,2024-12-13,Airport,6,120,48,21.26,cash
6280,2024-12-13,Mall,1,28,10,2.29,cash
6281,2024-12-13,Mall,6,144,60,12.32,cash
6282,2024-12-13,Mall,3,42,21,7.8,cash
6283,2024-12-13,Mall,5,75,15,17.52,card
6284,2024-12-13,Mall,2,26,10,3.96,card
6285,2024-12-14,Downtown,3,51,30,9.37,card
6286,2024-12-14,Downtown,6,72,60,23.33,card
6287,2024-12-14,Downtown,2,52,22,12.11,card
6288,2024-12-14,Downtown,6,150,24,20.44,card
6289,2024-12-14,Downtown,2,48,14,3.16,cash
6290,2024-12-14,Riverside,6,156,60,80.28,card
6291,2024-12-14,Riverside,5,60,65,11.1,cash
6292,2024-12-14,Riverside,5,105,20,23.41,card
6293,2024-12-14,Airport,5,100,50,26.67,card
6294,2024-12-14,Airport,2,26,20,5.85,cash
6295,2024-12-14,Airport,3,54,36,9.22,card
6296,2024-12-14,Airport,6,114,84,31.12,card
6297,2024-12-14,Airport,1,27,3,5.71,card
6298,2024-12-14,Mall,2,36,18,5.97,cash
6299,2024-12-14,Mall,4,116,16,23.54,card
6300,2024-12-14,Mall,6,156,84,15.09,cash
6301,2024-12-14,Mall,2,30,16,4.63,card
6302,2024-12-14,Mall,5,95,55,20.58,card
6303,2024-12-14,Mall,4,120,20,24.35,card
6304,2024-12-15,Downtown,6,132,54,12.49,cash
6305,2024-12-15,Downtown,2,58,12,9.58,card
6306,2024-12-15,Downtown,2,38,20,6.96,card
6307,2024-12-15,Downtown,4,92,44,15.8,cash
6308,2024-12-15,Downtown,4,60,44,9.84,cash
6309,2024-12-15,Downtown,5,135,65,32.72,card
6310,2024-12-15,Riverside,2,40,16,3.06,cash
6311,2024-12-15,Riverside,5,130,65,75.1,card
6312,2024-12-15,Riverside,4,104,28,6.84,cash
6313,2024-12-15,Riverside,1,13,3,2.48,card
6314,2024-12-15,Airport,5,135,70,34.46,card
6315,2024-12-15,Airport,2,32,26,5.6,cash
6316,2024-12-15,Airport,3,81,36,14.84,card
6317,2024-12-15,Airport,6,96,48,27.8,card
6318,2024-12-15,Mall,4,112,52,23.82,card
6319,2024-12-15,Mall,4,104,56,17.59,cash
6320,2024-12-15,Mall,2,58,18,14.94,card
6321,2024-12-15,Mall,6,174,48,15.24,cash
6322,2024-12-15,Mall,1,30,3,6.23,card
6323,2024-12-15,Mall,1,22,10,5.24,card
6324,2024-12-16,Downtown,6,120,72,22.63,cash
6325,2024-12-16,Downtown,4,76,36,17.45,card
6326,2024-12-16,Downtown,4,104,12,21.64,card
6327,2024-12-16,Riverside,3,69,39,17.93,card
6328,2024-12-16,Riverside,5,125,15,42.23,card
6329,2024-12-16,Riverside,2,24,22,8.58,card
6330,2024-12-16,Riverside,6,84,78,26.43,card
6331,2024-12-16,Riverside,1,26,5,3.41,cash
6332,2024-12-16,Riverside,2,58,28,14.31,card
6333,2024-12-16,Airport,5,90,40,17.7,card
6334,2024-12-16,Airport,5,85,65,23.59,card
6335,2024-12-16,Airport,2,32,6,2.91,cash
6336,2024-12-16,Mall,1,18,9,3.18,card
6337,2024-12-16,Mall,5,110,45,25.36,card
6338,2024-12-16,Mall,2,60,20,12.25,card
6339,2024-12-16,Mall,1,23,11,2.88,cash
6340,2024-12-16,Mall,1,26,6,3.02,cash
6341,2024-12-16,Mall,4,68,32,8.92,cash
6342,2024-12-17,Downtown,3,78,18,13.73,card
6343,2024-12-17,Downtown,3,90,39,15.09,cash
6344,2024-12-17,,3,81,24,5.43,cash
6345,2024-12-17,Downtown,3,87,9,10.12,cash
6346,2024-12-17,Riverside,5,120,65,26.45,card
6347,2024-12-17,Riverside,4,120,48,32.99,card
6348,2024-12-17,Riverside,6,126,30,26.22,card
6349,2024-12-17,Riverside,4,68,48,47.04,card
6350,2024-12-17,Riverside,4,84,48,15.22,cash
6351,2024-12-17,Airport,3,87,15,18.74,card
6352,2024-12-17,Airport,2,26,26,6.45,card
6353,2024-12-17,,1,28,5,4.29,card
6354,2024-12-17,Airport,5,75,25,17.99,card
6355,2024-12-17,Mall,2,46,28,10.55,card
6356,2024-12-17,Mall,2,58,8,9.67,card
6357,2024-12-17,Mall,5,110,20,21.24,card
6358,2024-12-17,Mall,3,60,27,9.14,cash
6359,2024-12-17,Mall,1,27,13,5.68,card
6360,2024-12-17,Mall,2,44,14,5.28,cash
6361,2024-12-18,Downtown,6,120,30,11.18,cash
6362,2024-12-18,Downtown,3,42,15,5.17,cash
6363,2024-12-18,Downtown,5,75,70,17.54,cash
6364,2024-12-18,Downtown,2,30,26,5.19,cash
6365,2024-12-18,Downtown,2,28,10,5.64,card
6366,2024-12-18,Riverside,4,92,20,12.11,cash
6367,2024-12-18,Riverside,5,130,30,62.81,card
6368,2024-12-18,Riverside,3,57,12,28.63,card
6369,2024-12-18,Riverside,4,60,44,19.5,card
6370,2024-12-18,Airport,2,34,26,9.89,card
6371,2024-12-18,Airport,1,18,14,4.91,card
6372,2024-12-18,Airport,3,39,33,4.64,cash
6373,2024-12-18,Mall,6,102,24,15.75,cash
6374,2024-12-18,Mall,6,150,30,32.29,card
6375,2024-12-18,Mall,1,16,14,4.45,card
6376,2024-12-18,Mall,5,70,40,8.2,cash
6377,2024-12-18,Mall,6,72,30,6.15,cash
6378,2024-12-19,Downtown,6,162,42,25.36,card
6379,2024-12-19,Downtown,1,28,13,3.51,cash
6380,2024-12-19,Downtown,5,60,20,12.05,card
6381,2024-12-19,Downtown,4,72,52,16.92,card
6382,2024-12-19,Downtown,3,90,15,9.15,cash
6383,2024-12-19,Downtown,4,120,24,28.11,card
6384,2024-12-19,Riverside,6,84,48,45.26,card
6385,2024-12-19,Riverside,2,26,16,6.33,card
6386,2024-12-19,Riverside,5,115,60,15.74,cash
6387,2024-12-19,Riverside,5,90,15,9.98,cash
6388,2024-12-19,Riverside,4,68,56,39.81,card
6389,2024-12-19,Riverside,5,120,50,56.67,card
6390,2024-12-19,Airport,6,78,84,11.27,cash
6391,2024-12-19,Airport,6,96,54,25.85,card
6392,2024-12-19,Airport,1,25,10,1.96,cash
6393,2024-12-19,Airport,1,15,14,1.94,cash
6394,2024-12-19,Airport,1,16,6,3.14,card
6395,2024-12-19,Mall,2,60,28,9.02,card
6396,2024-12-19,Mall,3,69,42,7.79,cash
6397,2024-12-19,Mall,5,135,30,-11.06,cash
6398,2024-12-19,Mall,3,57,18,8.28,card
6399,2024-12-19,Mall,4,92,36,20.57,card
6400,2024-12-20,Downtown,2,60,6,8.83,card
6401,2024-12-20,Downtown,2,26,20,5.98,card
6402,2024-12-20,Downtown,4,104,56,23.17,card
6403,2024-12-20,Riverside,2,56,22,30.46,card
6404,2024-12-20,Riverside,4,120,12,21.06,card
6405,2024-12-20,Riverside,4,120,48,29.27,card
6406,2024-12-20,Riverside,5,90,15,41.15,card
6407,2024-12-20,Riverside,4,48,40,9.92,cash
6408,2024-12-20,Airport,5,95,55,18.45,cash
6409,2024-12-20,Airport,6,72,84,13.84,cash
6410,2024-12-20,Airport,5,125,25,27.05,card
6411,2024-12-20,Airport,5,90,35,17.12,card
6412,2024-12-20,Airport,2,44,28,4.64,cash
6413,2024-12-20,Mall,2,32,6,7.31,card
6414,2024-12-20,Mall,5,100,45,16.89,card
6415,2024-12-20,Mall,4,84,12,5.44,cash
6416,2024-12-20,Mall,6,162,84,22.28,cash
6417,2024-12-20,Mall,2,30,22,9.88,card
6418,2024-12-20,Mall,1,17,12,3.53,card
6419,2024-12-21,Downtown,3,78,36,11.94,card
6420,2024-12-21,Downtown,3,63,24,10.49,cash
6421,2024-12-21,Downtown,6,138,18,29.25,card
6422,2024-12-21,Downtown,6,78,66,21.86,card
6423,2024-12-21,Riverside,4,56,48,34.83,card
6424,2024-12-21,Riverside,2,52,16,19.85,card
6425,2024-12-21,Riverside,3,69,30,42.28,card
6426,2024-12-21,Riverside,5,135,70,22.51,card
6427,2024-12-21,Riverside,1,24,3,4.71,card
6428,2024-12-21,Riverside,2,40,26,6.64,cash
6429,2024-12-21,Airport,1,20,6,3.46,card
6430,2024-12-21,Airport,2,24,12,1.82,cash
6431,2024-12-21,Airport,4,108,28,23.91,card
6432,2024-12-21,Mall,6,120,18,20.05,card
6433,2024-12-21,Mall,3,69,27,17.64,card
6434,2024-12-21,Mall,1,13,4,3.08,card
6435,2024-12-22,Downtown,6,96,60,17.05,card
6436,2024-12-22,Downtown,3,81,15,11.8,cash
6437,2024-12-22,Downtown,2,40,28,13.03,card
6438,2024-12-22,Downtown,3,57,9,7.94,card
6439,2024-12-22,Downtown,1,29,3,4.49,card
6440,2024-12-22,Riverside,6,90,78,27.88,card
6441,2024-12-22,Riverside,5,115,55,24.45,card
6442,2024-12-22,Riverside,6,78,42,13.97,cash
6443,2024-12-22,Airport,6,114,60,22.28,cash
6444,2024-12-22,Airport,4,120,56,13.9,cash
6445,2024-12-22,Airport,5,90,40,14.98,cash
6446,2024-12-22,Airport,4,64,12,4.05,cash
6447,2024-12-22,Airport,4,48,12,5.23,cash
6448,2024-12-22,Airport,5,65,40,15.62,card
6449,2024-12-22,Mall,1,25,11,3.26,cash
6450,2024-12-22,Mall,3,54,9,6.25,cash
6451,2024-12-22,Mall,6,114,66,23.15,card
6452,2024-12-23,Downtown,3,45,42,13.88,card
6453,2024-12-23,Downtown,4,92,40,23.72,card
6454,2024-12-23,Downtown,1,29,12,4.31,card
6455,2024-12-23,Riverside,4,112,28,8.72,cash
6456,2024-12-23,Riverside,4,52,28,24.85,card
6457,2024-12-23,Riverside,2,50,24,8.88,card
6458,2024-12-23,Riverside,5,75,20,40.39,card
6459,2024-12-23,Riverside,5,140,60,13.64,cash
6460,2024-12-23,,5,140,55,27.72,card
6461,2024-12-23,Airport,1,17,8,3.11,card
6462,2024-12-23,Airport,2,24,24,8.1,card
6463,2024-12-23,Airport,4,56,12,3.72,cash
6464,2024-12-23,Airport,3,54,30,13.81,card
6465,2024-12-23,Mall,2,58,12,10.47,card
6466,2024-12-23,Mall,6,132,72,19.43,cash
6467,2024-12-23,Mall,5,75,65,9.43,cash
6468,2024-12-23,Mall,5,125,60,17.05,cash
6469,2024-12-23,Mall,3,63,15,12.23,card
6470,2024-12-24,Downtown,2,44,12,6.57,card
6471,2024-12-24,Downtown,1,18,8,2.02,cash
6472,2024-12-24,Downtown,5,65,65,16.11,card
6473,2024-12-24,Downtown,6,156,18,33.8,card
6474,2024-12-24,Downtown,5,130,70,19.39,cash
6475,2024-12-24,Downtown,2,58,24,14.07,card
6476,2024-12-24,Riverside,4,120,24,24.49,card
6477,2024-12-24,Riverside,6,156,18,15.79,cash
6478,2024-12-24,Riverside,4,108,52,13.42,cash
6479,2024-12-24,Riverside,3,60,33,10.65,cash
6480,2024-12-24,Riverside,1,15,8,7.21,card
6481,2024-12-24,Airport,5,95,55,28.89,card
6482,2024-12-24,Airport,1,21,3,2.16,cash
6483,2024-12-24,Airport,2,32,16,7.73,card
6484,2024-12-24,Airport,1,22,8,2.13,cash
6485,2024-12-24,Airport,1,19,6,4.01,card
6486,2024-12-24,Airport,5,135,30,10.82,cash
6487,2024-12-24,Mall,2,32,28,10.55,card
6488,2024-12-24,Mall,3,57,12,13.15,card
6489,2024-12-24,Mall,6,132,60,20.73,card
6490,2024-12-24,Mall,4,52,16,12.51,card
6491,2024-12-24,Mall,4,64,52,20.55,card
6492,2024-12-24,Mall,6,108,60,17.25,card
6493,2024-12-25,Downtown,6,96,24,12.61,card
6494,2024-12-25,Downtown,2,44,24,7.07,cash
6495,2024-12-25,Downtown,1,20,14,3.86,card
6496,2024-12-25,Downtown,4,64,24,13.81,card
6497,2024-12-25,Downtown,6,90,18,11.73,card
6498,2024-12-25,Riverside,4,120,12,54.35,card
6499,2024-12-25,Riverside,4,84,28,11.23,cash
6500,2024-12-25,Riverside,2,44,14,24.79,card
6501,2024-12-25,Airport,3,48,9,9.25,card
6502,2024-12-25,Airport,4,60,52,19.56,card
6503,2024-12-25,Airport,2,42,16,9.05,card
6504,2024-12-25,Airport,6,78,24,11.41,cash
6505,2024-12-25,Airport,5,140,35,9.71,cash
6506,2024-12-25,Mall,2,24,16,4.84,cash
6507,2024-12-25,Mall,3,72,27,12.73,cash
6508,2024-12-25,Mall,6,120,60,31,card
6509,2024-12-25,Mall,3,81,39,23.78,card
6510,2024-12-25,Mall,2,28,10,6.73,card
6511,2024-12-26,Downtown,3,72,9,9.04,cash
6512,2024-12-26,Downtown,5,120,35,16.6,cash
6513,2024-12-26,Downtown,5,150,70,37.62,card
6514,2024-12-26,Downtown,3,63,42,6.81,cash
6515,2024-12-26,Downtown,6,72,42,15.52,card
6516,2024-12-26,Riverside,3,39,30,9.73,card
6517,2024-12-26,Riverside,4,60,56,6.14,cash
6518,2024-12-26,Riverside,3,66,27,5.03,cash
6519,2024-12-26,Airport,6,90,36,11.65,cash
6520,2024-12-26,Airport,6,150,30,30.44,card
6521,2024-12-26,Airport,1,26,13,5.21,card
6522,2024-12-26,Airport,3,48,21,12.42,card
6523,2024-12-26,Airport,6,138,36,-2.35,card
6524,2024-12-26,Mall,2,32,18,8.42,card
6525,2024-12-26,Mall,4,112,52,31.81,card
6526,2024-12-26,Mall,4,64,16,15.08,card
6527,2024-12-26,Mall,2,58,6,9,card
6528,2024-12-27,Downtown,3,39,30,-6.37,card
6529,2024-12-27,Downtown,1,24,11,7,card
6530,2024-12-27,Downtown,4,48,48,17.24,card
6531,2024-12-27,Downtown,4,92,52,8.11,cash
6532,2024-12-27,Downtown,4,52,52,20.61,card
6533,2024-12-27,Downtown,1,14,7,3.13,card
6534,2024-12-27,Riverside,4,68,36,9.68,cash
6535,2024-12-27,Riverside,5,80,25,13.27,cash
6536,2024-12-27,Riverside,3,60,27,10,cash
6537,2024-12-27,Riverside,1,14,6,2.02,card
6538,2024-12-27,Riverside,2,26,24,4.04,cash
6539,2024-12-27,Airport,1,13,7,3.55,card
6540,2024-12-27,Airport,5,70,70,20.05,card
6541,2024-12-27,Airport,3,63,15,10.16,card
6542,2024-12-27,Airport,1,13,9,3.53,card
6543,2024-12-27,Mall,4,116,44,30.94,card
6544,2024-12-27,Mall,2,34,8,6.38,card
6545,2024-12-27,Mall,4,76,44,23.26,card
6546,2024-12-27,Mall,6,96,30,13.46,card
6547,2024-12-27,Mall,1,14,3,1.21,cash
6548,2024-12-28,Downtown,6,180,30,38.29,card
6549,2024-12-28,Downtown,4,72,20,6.5,cash
6550,2024-12-28,Downtown,6,132,78,21.91,card
6551,2024-12-28,Downtown,5,65,70,17.47,cash
6552,2024-12-28,Riverside,6,84,18,11.45,cash
6553,2024-12-28,Riverside,4,56,28,13.24,card
6554,2024-12-28,Riverside,1,14,9,2,cash
6555,2024-12-28,Riverside,2,26,16,3.23,cash
6556,2024-12-28,Riverside,1,22,5,9.5,card
6557,2024-12-28,Riverside,6,180,84,47.04,card
6558,2024-12-28,Airport,5,95,45,27.78,card
6559,2024-12-28,Airport,2,44,8,6.73,card
6560,2024-12-28,Airport,3,51,42,11.88,card
6561,2024-12-28,Mall,4,64,40,11.67,card
6562,2024-12-28,Mall,1,12,7,1.36,cash
6563,2024-12-28,Mall,4,108,24,19.66,card
6564,2024-12-29,Downtown,2,24,8,5.03,card
6565,2024-12-29,Downtown,3,75,36,14.27,card
6566,2024-12-29,Downtown,1,26,11,4.02,card
6567,2024-12-29,Downtown,5,110,30,18.37,card
6568,2024-12-29,Downtown,1,17,7,1.79,cash
6569,2024-12-29,Downtown,2,28,20,-6.18,cash
6570,2024-12-29,Riverside,3,81,27,8.77,cash
6571,2024-12-29,Riverside,1,25,11,3.04,cash
6572,2024-12-29,Riverside,3,54,39,9.27,cash
6573,2024-12-29,Riverside,4,112,20,54.69,card
6574,2024-12-29,Airport,6,90,72,29.24,card
6575,2024-12-29,Airport,5,135,20,22.43,card
6576,2024-12-29,Airport,6,120,54,12.76,cash
6577,2024-12-29,Airport,5,90,45,20.9,card
6578,2024-12-29,Airport,6,126,36,18.68,card
6579,2024-12-29,Airport,5,115,60,31.27,card
6580,2024-12-29,Mall,1,18,13,1.65,cash
6581,2024-12-29,Mall,1,12,12,3.11,cash
6582,2024-12-29,Mall,4,92,56,23.75,card
6583,2024-12-29,Mall,2,56,28,-10.38,card
6584,2024-12-29,Mall,5,125,60,14.72,cash
6585,2024-12-29,Mall,3,66,12,7.97,card
6586,2024-12-30,Downtown,2,56,26,11.86,card
6587,2024-12-30,Downtown,4,76,12,11.43,cash
6588,2024-12-30,Downtown,5,75,45,21.85,card
6589,2024-12-30,Downtown,6,162,66,27.2,card
6590,2024-12-30,Riverside,5,100,35,12.21,cash
6591,2024-12-30,Riverside,4,116,20,11.58,cash
6592,2024-12-30,Riverside,5,110,20,51.44,card
6593,2024-12-30,Riverside,4,48,44,8.59,cash
6594,2024-12-30,Riverside,6,138,60,23.94,cash
6595,2024-12-30,Airport,3,45,9,9.64,card
6596,2024-12-30,Airport,2,42,16,5.24,cash
6597,2024-12-30,Airport,5,90,35,16.93,card
6598,2024-12-30,Airport,1,21,7,3.64,card
6599,2024-12-30,Airport,1,20,11,3.2,cash
6600,2024-12-30,Airport,2,24,12,2.18,cash
6601,2024-12-30,Mall,1,26,14,2.99,cash
6602,2024-12-30,Mall,6,132,36,32.55,card
6603,2024-12-30,Mall,4,56,56,21.1,card
